{"type": "FeatureCollection", "features": [{"type": "Feature", "properties": {"pref_code": "22", "pref_name": "静岡県", "municipality_code": "22101", "municipality_name": "静岡市", "ward_name": "葵区", "display_name": "静岡市 葵区", "geometry_key": "22101"}, "geometry": {"type": "Polygon", "coordinates": [[[138.335637, 35.326496], [138.333256, 35.326518], [138.332292, 35.326276], [138.331758, 35.326458], [138.330932, 35.326966], [138.328039, 35.327672], [138.326687, 35.327475], [138.325843, 35.327612], [138.325615, 35.327426], [138.324461, 35.327208], [138.322967, 35.326502], [138.318955, 35.324125], [138.318369, 35.323999], [138.316862, 35.324044], [138.315149, 35.322966], [138.314899, 35.322869], [138.314499, 35.322954], [138.313595, 35.322748], [138.312329, 35.320674], [138.311279, 35.319588], [138.309669, 35.318999], [138.30898, 35.318494], [138.306388, 35.318014], [138.305148, 35.31799], [138.304231, 35.317372], [138.302702, 35.316589], [138.300606, 35.31652], [138.298811, 35.316286], [138.296452, 35.316508], [138.296051, 35.316399], [138.295436, 35.315818], [138.295151, 35.315052], [138.295216, 35.314389], [138.293916, 35.311774], [138.291518, 35.310059], [138.290222, 35.309679], [138.289852, 35.309469], [138.28785, 35.306745], [138.28661, 35.305805], [138.285435, 35.30438], [138.285267, 35.304275], [138.284174, 35.304347], [138.283106, 35.304719], [138.281689, 35.304868], [138.280243, 35.305692], [138.279545, 35.306321], [138.277599, 35.306733], [138.277091, 35.307173], [138.276407, 35.307419], [138.276256, 35.307677], [138.276265, 35.308177], [138.275279, 35.310361], [138.273996, 35.31137], [138.27292, 35.311971], [138.270233, 35.31426], [138.269166, 35.314486], [138.267125, 35.31451], [138.265609, 35.3147], [138.265101, 35.314938], [138.264645, 35.315402], [138.261847, 35.315099], [138.261334, 35.315196], [138.260572, 35.3156], [138.259802, 35.316298], [138.259242, 35.316306], [138.258708, 35.316536], [138.258062, 35.316443], [138.257679, 35.316613], [138.257197, 35.317747], [138.254803, 35.319817], [138.254519, 35.320419], [138.254463, 35.321057], [138.255006, 35.323236], [138.255023, 35.324184], [138.25433, 35.324935], [138.253326, 35.325492], [138.252259, 35.325738], [138.251789, 35.325548], [138.251596, 35.325613], [138.251536, 35.325944], [138.251923, 35.326876], [138.251807, 35.328164], [138.252035, 35.329261], [138.251109, 35.330759], [138.250196, 35.331312], [138.248922, 35.331461], [138.248737, 35.331602], [138.249292, 35.332672], [138.250127, 35.333709], [138.250592, 35.333903], [138.251746, 35.334004], [138.25256, 35.334291], [138.253485, 35.335223], [138.25454, 35.335759], [138.255048, 35.336659], [138.256898, 35.338493], [138.257139, 35.338974], [138.25699, 35.339794], [138.256549, 35.340931], [138.255609, 35.34143], [138.255259, 35.341819], [138.254734, 35.343603], [138.253921, 35.345421], [138.254137, 35.346315], [138.255141, 35.34847], [138.255813, 35.348799], [138.255617, 35.349251], [138.254564, 35.350529], [138.253873, 35.352743], [138.253465, 35.353193], [138.253231, 35.353724], [138.252894, 35.35396], [138.252857, 35.354857], [138.252418, 35.355285], [138.252564, 35.355842], [138.252465, 35.356279], [138.252281, 35.356558], [138.251794, 35.356868], [138.251036, 35.358217], [138.250989, 35.359507], [138.251461, 35.361245], [138.25118, 35.3619], [138.251296, 35.363262], [138.251145, 35.363787], [138.250878, 35.364084], [138.250023, 35.364433], [138.249122, 35.365557], [138.248073, 35.366402], [138.246917, 35.367112], [138.246714, 35.367132], [138.245992, 35.366476], [138.244606, 35.365765], [138.242728, 35.365851], [138.242181, 35.366114], [138.24141, 35.366727], [138.24093, 35.36746], [138.239649, 35.368057], [138.238505, 35.369425], [138.237798, 35.369681], [138.237579, 35.369917], [138.236147, 35.370189], [138.234349, 35.370172], [138.233736, 35.370413], [138.233257, 35.370769], [138.232626, 35.370887], [138.232034, 35.371164], [138.232214, 35.372188], [138.232928, 35.373032], [138.232665, 35.374343], [138.232854, 35.376656], [138.233371, 35.377281], [138.23356, 35.377726], [138.233775, 35.379171], [138.234292, 35.379925], [138.235534, 35.38074], [138.23606, 35.381416], [138.236336, 35.382644], [138.237007, 35.384526], [138.238156, 35.38509], [138.238542, 35.385938], [138.239309, 35.38662], [138.240283, 35.388273], [138.241068, 35.388636], [138.243051, 35.389239], [138.243954, 35.390076], [138.244722, 35.390557], [138.245774, 35.390938], [138.24604, 35.391245], [138.245947, 35.392004], [138.246092, 35.392764], [138.247439, 35.394804], [138.247557, 35.395206], [138.247302, 35.396136], [138.246451, 35.397276], [138.246634, 35.398732], [138.246407, 35.399286], [138.246499, 35.399892], [138.247005, 35.400179], [138.24789, 35.400441], [138.248447, 35.400851], [138.249234, 35.402379], [138.249636, 35.402545], [138.250951, 35.402699], [138.251325, 35.403466], [138.252055, 35.404341], [138.253013, 35.405016], [138.254104, 35.405526], [138.255374, 35.405713], [138.256242, 35.406418], [138.258116, 35.407425], [138.258171, 35.408356], [138.257718, 35.409749], [138.258199, 35.411559], [138.258215, 35.41244], [138.257897, 35.413876], [138.257599, 35.414553], [138.258194, 35.415969], [138.258259, 35.417009], [138.258124, 35.418507], [138.258479, 35.419383], [138.258633, 35.421114], [138.258907, 35.42156], [138.259263, 35.421831], [138.259021, 35.422468], [138.259468, 35.423931], [138.259077, 35.42507], [138.259565, 35.426341], [138.259053, 35.428462], [138.258934, 35.429776], [138.259442, 35.431084], [138.259256, 35.43208], [138.258262, 35.4343], [138.257899, 35.435689], [138.257399, 35.436556], [138.257277, 35.437752], [138.256019, 35.43914], [138.255397, 35.440312], [138.255231, 35.441211], [138.255551, 35.443679], [138.255476, 35.444389], [138.255127, 35.44467], [138.253805, 35.444889], [138.252587, 35.445487], [138.249704, 35.446312], [138.248304, 35.447185], [138.247941, 35.448602], [138.246664, 35.450262], [138.246569, 35.451316], [138.245948, 35.452316], [138.245789, 35.452811], [138.244338, 35.454124], [138.244215, 35.454362], [138.244344, 35.456223], [138.244003, 35.458609], [138.245009, 35.461145], [138.245565, 35.461892], [138.245633, 35.462938], [138.245771, 35.463197], [138.246512, 35.463541], [138.24797, 35.46374], [138.250152, 35.464742], [138.251634, 35.464896], [138.252608, 35.465352], [138.25329, 35.465785], [138.253626, 35.466152], [138.255204, 35.468908], [138.255486, 35.469926], [138.255207, 35.471076], [138.25547, 35.471886], [138.255507, 35.472782], [138.256118, 35.473835], [138.257879, 35.476018], [138.257964, 35.476469], [138.257861, 35.476912], [138.258221, 35.477921], [138.258587, 35.479701], [138.258302, 35.480823], [138.258652, 35.482055], [138.258421, 35.482903], [138.258546, 35.484942], [138.259285, 35.486846], [138.259066, 35.48744], [138.259069, 35.48784], [138.259419, 35.488721], [138.259879, 35.489361], [138.258909, 35.493224], [138.258902, 35.493952], [138.258949, 35.495146], [138.259184, 35.495363], [138.259156, 35.496752], [138.259525, 35.497874], [138.259359, 35.499905], [138.259647, 35.500364], [138.259607, 35.501137], [138.260067, 35.502334], [138.260416, 35.504153], [138.260411, 35.505021], [138.260137, 35.505535], [138.260176, 35.505734], [138.2603, 35.505947], [138.261581, 35.50672], [138.262169, 35.507256], [138.263415, 35.508691], [138.263541, 35.50929], [138.264076, 35.509869], [138.26455, 35.510149], [138.266894, 35.512971], [138.267797, 35.513566], [138.268809, 35.513966], [138.268996, 35.514234], [138.268893, 35.514623], [138.268149, 35.515573], [138.267283, 35.517055], [138.264679, 35.519954], [138.263949, 35.522067], [138.26316, 35.522994], [138.263139, 35.52347], [138.263537, 35.524525], [138.262987, 35.525172], [138.262964, 35.525371], [138.263661, 35.526093], [138.263846, 35.526453], [138.263799, 35.526704], [138.262807, 35.527031], [138.262271, 35.527397], [138.261547, 35.528385], [138.261057, 35.529419], [138.259799, 35.529707], [138.259074, 35.529589], [138.258604, 35.529651], [138.258115, 35.52995], [138.257347, 35.530849], [138.25818, 35.532461], [138.258161, 35.533273], [138.257582, 35.534671], [138.257862, 35.536515], [138.258289, 35.537068], [138.258495, 35.537739], [138.258515, 35.538581], [138.258847, 35.540049], [138.260074, 35.542896], [138.25992, 35.544671], [138.259967, 35.545663], [138.2602, 35.546129], [138.259806, 35.54831], [138.259782, 35.549395], [138.259376, 35.550597], [138.25965, 35.552519], [138.259557, 35.552898], [138.257921, 35.553659], [138.25669, 35.554626], [138.255237, 35.554597], [138.254181, 35.554881], [138.253326, 35.555325], [138.252209, 35.555532], [138.252046, 35.555694], [138.251784, 35.556607], [138.250833, 35.557627], [138.25034, 35.558452], [138.248986, 35.559057], [138.24812, 35.559789], [138.2463, 35.560887], [138.245667, 35.561506], [138.244982, 35.562832], [138.244447, 35.563462], [138.244357, 35.564116], [138.244664, 35.564823], [138.245091, 35.569191], [138.245712, 35.56999], [138.243744, 35.571157], [138.242045, 35.572704], [138.241847, 35.573022], [138.24187, 35.573675], [138.241438, 35.574289], [138.241465, 35.574817], [138.240917, 35.575151], [138.240473, 35.576156], [138.241117, 35.577672], [138.240999, 35.579244], [138.24113, 35.580389], [138.240799, 35.581066], [138.240594, 35.582555], [138.240111, 35.582998], [138.238789, 35.583476], [138.238694, 35.583767], [138.239338, 35.584881], [138.239299, 35.585865], [138.239494, 35.586716], [138.239821, 35.587013], [138.240314, 35.587882], [138.241291, 35.588672], [138.241952, 35.590194], [138.24284, 35.590735], [138.243577, 35.591524], [138.243392, 35.591969], [138.243602, 35.592794], [138.243336, 35.593279], [138.242804, 35.593823], [138.24343, 35.594385], [138.243526, 35.594703], [138.242857, 35.595304], [138.242438, 35.596319], [138.243086, 35.596789], [138.243309, 35.597365], [138.242627, 35.598272], [138.241705, 35.599043], [138.241571, 35.600335], [138.241177, 35.601344], [138.241061, 35.603372], [138.240473, 35.60417], [138.240786, 35.604791], [138.240757, 35.605004], [138.239626, 35.605424], [138.238323, 35.605442], [138.236453, 35.606077], [138.235729, 35.606088], [138.235137, 35.60738], [138.235112, 35.608427], [138.235533, 35.609416], [138.235626, 35.61018], [138.235986, 35.610907], [138.235745, 35.612039], [138.236214, 35.612379], [138.236253, 35.612729], [138.236022, 35.613862], [138.235726, 35.614429], [138.234209, 35.614805], [138.234075, 35.614926], [138.235532, 35.617021], [138.236432, 35.618587], [138.236689, 35.619501], [138.236452, 35.619881], [138.236764, 35.620364], [138.236882, 35.62111], [138.236204, 35.622222], [138.234161, 35.622738], [138.233505, 35.622764], [138.232136, 35.623501], [138.231289, 35.624748], [138.230352, 35.624803], [138.228916, 35.625109], [138.228959, 35.626188], [138.228794, 35.626545], [138.228275, 35.627024], [138.228323, 35.627211], [138.22928, 35.627809], [138.229194, 35.629787], [138.229644, 35.630562], [138.229671, 35.632379], [138.230517, 35.634775], [138.230477, 35.635337], [138.230677, 35.635677], [138.231306, 35.636105], [138.231989, 35.637137], [138.231816, 35.63776], [138.231798, 35.63873], [138.232314, 35.640031], [138.231546, 35.64109], [138.230798, 35.643466], [138.230409, 35.644183], [138.229058, 35.645542], [138.22899, 35.645809], [138.228366, 35.645957], [138.227025, 35.645609], [138.226073, 35.645797], [138.224488, 35.645432], [138.222208, 35.645365], [138.219582, 35.644365], [138.218669, 35.644549], [138.217906, 35.64326], [138.217381, 35.642772], [138.217155, 35.642052], [138.215787, 35.640212], [138.215071, 35.639338], [138.213935, 35.638384], [138.212889, 35.637077], [138.21054, 35.634591], [138.208066, 35.633172], [138.207552, 35.633057], [138.20545, 35.632972], [138.20337, 35.632116], [138.203604, 35.629729], [138.203336, 35.627344], [138.202917, 35.626366], [138.203063, 35.625341], [138.202906, 35.624487], [138.203068, 35.62342], [138.202961, 35.622081], [138.202801, 35.621615], [138.202934, 35.619371], [138.202706, 35.61864], [138.202376, 35.618309], [138.203202, 35.617273], [138.203389, 35.616497], [138.204111, 35.615784], [138.2043, 35.614541], [138.205092, 35.613255], [138.205177, 35.611918], [138.205742, 35.609059], [138.206072, 35.608179], [138.202492, 35.604042], [138.201923, 35.603815], [138.201797, 35.602793], [138.201021, 35.601653], [138.200841, 35.600431], [138.20036, 35.599474], [138.197956, 35.597512], [138.197564, 35.596868], [138.196077, 35.595613], [138.195362, 35.59468], [138.195251, 35.593744], [138.19462, 35.592547], [138.194754, 35.591097], [138.194328, 35.589913], [138.194611, 35.589104], [138.194551, 35.588446], [138.194175, 35.58796], [138.194114, 35.587633], [138.192852, 35.586085], [138.192093, 35.584522], [138.191357, 35.583629], [138.190371, 35.583177], [138.18982, 35.58206], [138.189008, 35.581351], [138.188937, 35.580446], [138.189784, 35.579706], [138.189982, 35.578815], [138.189489, 35.576781], [138.188061, 35.576164], [138.18637, 35.574944], [138.186411, 35.574587], [138.185781, 35.573756], [138.184397, 35.573092], [138.184127, 35.573137], [138.183426, 35.573542], [138.182416, 35.574568], [138.179147, 35.574899], [138.178515, 35.574836], [138.178203, 35.574955], [138.177725, 35.575397], [138.177079, 35.576305], [138.176279, 35.576844], [138.175378, 35.578785], [138.173778, 35.579637], [138.17284, 35.581602], [138.171277, 35.582085], [138.170854, 35.582418], [138.169484, 35.582407], [138.167268, 35.582904], [138.166552, 35.582483], [138.165588, 35.582115], [138.162518, 35.581462], [138.161517, 35.580981], [138.161164, 35.580605], [138.160862, 35.579997], [138.160739, 35.578225], [138.160161, 35.576223], [138.159099, 35.575083], [138.157587, 35.573871], [138.157146, 35.573027], [138.155969, 35.572487], [138.153441, 35.571889], [138.152952, 35.571485], [138.151809, 35.57096], [138.151794, 35.570304], [138.151482, 35.569416], [138.151405, 35.568546], [138.15091, 35.567158], [138.150928, 35.566206], [138.150182, 35.564888], [138.148551, 35.5628], [138.148332, 35.562342], [138.148437, 35.561959], [138.147757, 35.561346], [138.147652, 35.560608], [138.147208, 35.559794], [138.147258, 35.559369], [138.147024, 35.559242], [138.146939, 35.558946], [138.146619, 35.558615], [138.146732, 35.558405], [138.146457, 35.557999], [138.1462, 35.557094], [138.144593, 35.556142], [138.144162, 35.556166], [138.141392, 35.555076], [138.14177, 35.555039], [138.142824, 35.555235], [138.144139, 35.554676], [138.144799, 35.554843], [138.145889, 35.554519], [138.146899, 35.554575], [138.147451, 35.554469], [138.148175, 35.554277], [138.149318, 35.553501], [138.150449, 35.553333], [138.151072, 35.552855], [138.151491, 35.552735], [138.152194, 35.552874], [138.15332, 35.553454], [138.154212, 35.553481], [138.155791, 35.552089], [138.156025, 35.551751], [138.155933, 35.549222], [138.156176, 35.548445], [138.156516, 35.548124], [138.157058, 35.547982], [138.157549, 35.547506], [138.158912, 35.546634], [138.158774, 35.545593], [138.159434, 35.544959], [138.158352, 35.544098], [138.157214, 35.542234], [138.156244, 35.541731], [138.156046, 35.541226], [138.155214, 35.540287], [138.155066, 35.539653], [138.153861, 35.538745], [138.153222, 35.537741], [138.152487, 35.537347], [138.151621, 35.536272], [138.150592, 35.536049], [138.148966, 35.535056], [138.14794, 35.534753], [138.147942, 35.534199], [138.147543, 35.533238], [138.147586, 35.532546], [138.147288, 35.53118], [138.147395, 35.530509], [138.147032, 35.529677], [138.145844, 35.529125], [138.144332, 35.527834], [138.143024, 35.527375], [138.142682, 35.526919], [138.142138, 35.52552], [138.141281, 35.525049], [138.140906, 35.524437], [138.139502, 35.523588], [138.138292, 35.522154], [138.138282, 35.52153], [138.138514, 35.521001], [138.139108, 35.520474], [138.139765, 35.520461], [138.141287, 35.520675], [138.143294, 35.519805], [138.144293, 35.519636], [138.144995, 35.519032], [138.14573, 35.519058], [138.146183, 35.518898], [138.146338, 35.518506], [138.145974, 35.515992], [138.146281, 35.513779], [138.145915, 35.512512], [138.145435, 35.511621], [138.144479, 35.511236], [138.14384, 35.510468], [138.14384, 35.509243], [138.143274, 35.507597], [138.143456, 35.50682], [138.14334, 35.506329], [138.141695, 35.505106], [138.140806, 35.504189], [138.139846, 35.502719], [138.139499, 35.501236], [138.139969, 35.500427], [138.140139, 35.499807], [138.140327, 35.4997], [138.142096, 35.499626], [138.142905, 35.499742], [138.143531, 35.499964], [138.144406, 35.500664], [138.145218, 35.50053], [138.146202, 35.500653], [138.148159, 35.500208], [138.150458, 35.498457], [138.150773, 35.498399], [138.151402, 35.498025], [138.15191, 35.497426], [138.152676, 35.496949], [138.153578, 35.496084], [138.154223, 35.495889], [138.154991, 35.495308], [138.156689, 35.494851], [138.157717, 35.494346], [138.159581, 35.494246], [138.159931, 35.494418], [138.161063, 35.494429], [138.162271, 35.494632], [138.164622, 35.493872], [138.164652, 35.493572], [138.164185, 35.493027], [138.163961, 35.492512], [138.163362, 35.491991], [138.163113, 35.491494], [138.162263, 35.490918], [138.161623, 35.490282], [138.160822, 35.489837], [138.160639, 35.489088], [138.160246, 35.488518], [138.158442, 35.486914], [138.158321, 35.486382], [138.158482, 35.484921], [138.158373, 35.484147], [138.158764, 35.482864], [138.158277, 35.481929], [138.157961, 35.480262], [138.156881, 35.478491], [138.156348, 35.476651], [138.156567, 35.475821], [138.156392, 35.474977], [138.156482, 35.474662], [138.156132, 35.474269], [138.156422, 35.473159], [138.156974, 35.472698], [138.158691, 35.472276], [138.159713, 35.471806], [138.16008, 35.4715], [138.160156, 35.471104], [138.160402, 35.470835], [138.160093, 35.47039], [138.160348, 35.469864], [138.160315, 35.468981], [138.160112, 35.468661], [138.160252, 35.467916], [138.160192, 35.467442], [138.159779, 35.467243], [138.159014, 35.465879], [138.158822, 35.465186], [138.158899, 35.464633], [138.158322, 35.4643], [138.157527, 35.46296], [138.157221, 35.461866], [138.157267, 35.460836], [138.156912, 35.459981], [138.155695, 35.459482], [138.155471, 35.459149], [138.155201, 35.459053], [138.154648, 35.459118], [138.153771, 35.45891], [138.153024, 35.458975], [138.15142, 35.458709], [138.151184, 35.459169], [138.150189, 35.459847], [138.149301, 35.460115], [138.148328, 35.460232], [138.147535, 35.459715], [138.146931, 35.45965], [138.146031, 35.459348], [138.144386, 35.459248], [138.143965, 35.459397], [138.141018, 35.458995], [138.140752, 35.458845], [138.139659, 35.457382], [138.137945, 35.456476], [138.137285, 35.455737], [138.136414, 35.455324], [138.135269, 35.454435], [138.133576, 35.453954], [138.132447, 35.453795], [138.131573, 35.453341], [138.1308, 35.453472], [138.130398, 35.453845], [138.129322, 35.454323], [138.127576, 35.454386], [138.125423, 35.455209], [138.124411, 35.455367], [138.123813, 35.455745], [138.12353, 35.456398], [138.123051, 35.456624], [138.122498, 35.456585], [138.121927, 35.456393], [138.120471, 35.454609], [138.119784, 35.453394], [138.119806, 35.453069], [138.120353, 35.452135], [138.120466, 35.451508], [138.120357, 35.449752], [138.120104, 35.448637], [138.120019, 35.448344], [138.119463, 35.447956], [138.119319, 35.447189], [138.119342, 35.445979], [138.120949, 35.444228], [138.121039, 35.443578], [138.121607, 35.443054], [138.12235, 35.4416], [138.122616, 35.440481], [138.122961, 35.439943], [138.12283, 35.43896], [138.123075, 35.438748], [138.123224, 35.437928], [138.123594, 35.437254], [138.123647, 35.436239], [138.123961, 35.435661], [138.123777, 35.43522], [138.123274, 35.43481], [138.122332, 35.433417], [138.121213, 35.432772], [138.121007, 35.432406], [138.120419, 35.431889], [138.120207, 35.431445], [138.12018, 35.430895], [138.120352, 35.4301], [138.120741, 35.429628], [138.121057, 35.428939], [138.12152, 35.428557], [138.12249, 35.428495], [138.123016, 35.428106], [138.124242, 35.427829], [138.125, 35.427905], [138.125351, 35.427684], [138.126171, 35.427521], [138.127331, 35.427524], [138.128121, 35.427234], [138.129138, 35.42722], [138.12986, 35.426907], [138.130094, 35.426609], [138.130524, 35.426355], [138.132397, 35.426072], [138.133186, 35.425522], [138.13404, 35.425323], [138.13447, 35.424941], [138.134521, 35.424617], [138.135652, 35.42445], [138.136823, 35.423527], [138.138781, 35.423418], [138.139802, 35.422655], [138.139737, 35.422264], [138.139471, 35.422069], [138.139327, 35.421107], [138.138588, 35.420325], [138.138622, 35.419965], [138.139268, 35.419013], [138.138959, 35.418551], [138.139142, 35.417884], [138.139072, 35.416661], [138.138734, 35.415778], [138.137904, 35.414745], [138.136516, 35.414316], [138.135193, 35.414102], [138.134568, 35.41321], [138.134332, 35.412193], [138.134387, 35.41076], [138.134262, 35.409473], [138.134616, 35.408771], [138.134749, 35.407894], [138.134879, 35.407746], [138.135873, 35.407354], [138.137145, 35.407029], [138.139392, 35.405774], [138.140215, 35.40556], [138.141671, 35.405586], [138.142287, 35.405926], [138.143154, 35.406178], [138.144502, 35.406039], [138.144722, 35.40544], [138.14514, 35.404997], [138.146086, 35.404362], [138.147641, 35.401796], [138.148828, 35.400859], [138.148979, 35.399976], [138.149441, 35.399731], [138.149837, 35.3993], [138.151095, 35.398825], [138.152648, 35.397878], [138.153129, 35.397127], [138.152779, 35.396758], [138.152639, 35.396386], [138.152442, 35.395325], [138.152554, 35.394688], [138.15183, 35.393548], [138.151719, 35.39176], [138.151353, 35.390702], [138.151353, 35.390132], [138.149344, 35.38916], [138.148728, 35.388578], [138.148569, 35.388224], [138.147838, 35.387649], [138.147769, 35.386944], [138.14731, 35.385667], [138.147, 35.385469], [138.145703, 35.383639], [138.145991, 35.383046], [138.145966, 35.382394], [138.145049, 35.381168], [138.144364, 35.379244], [138.144317, 35.378222], [138.14368, 35.377219], [138.143862, 35.376011], [138.142743, 35.374796], [138.14204, 35.374256], [138.141647, 35.373365], [138.141593, 35.371886], [138.141947, 35.370658], [138.141212, 35.369546], [138.140556, 35.369313], [138.140246, 35.368964], [138.139687, 35.368876], [138.139273, 35.368672], [138.138689, 35.368604], [138.138159, 35.368746], [138.137565, 35.36825], [138.136448, 35.367674], [138.13521, 35.366794], [138.134107, 35.366681], [138.132572, 35.366085], [138.129381, 35.365269], [138.128783, 35.365747], [138.128127, 35.365957], [138.1269, 35.366628], [138.126075, 35.36744], [138.123895, 35.368039], [138.122803, 35.367434], [138.121373, 35.366964], [138.120206, 35.366886], [138.118118, 35.366196], [138.116612, 35.365279], [138.115142, 35.364874], [138.114262, 35.364439], [138.113738, 35.363803], [138.112762, 35.363221], [138.11215, 35.362641], [138.111039, 35.361992], [138.10968, 35.360907], [138.108894, 35.360646], [138.107913, 35.360678], [138.107189, 35.360381], [138.106869, 35.359158], [138.105831, 35.358037], [138.105437, 35.357393], [138.104641, 35.357309], [138.10377, 35.356876], [138.101706, 35.354878], [138.100193, 35.354071], [138.099606, 35.354062], [138.098402, 35.354466], [138.096899, 35.354226], [138.096549, 35.353754], [138.096244, 35.352681], [138.094716, 35.352059], [138.094347, 35.351626], [138.093774, 35.349971], [138.094655, 35.349263], [138.095426, 35.349001], [138.09599, 35.348643], [138.096364, 35.348178], [138.096798, 35.347214], [138.096844, 35.346256], [138.09652, 35.345452], [138.096586, 35.344285], [138.095793, 35.342715], [138.096142, 35.340519], [138.09636, 35.340193], [138.096171, 35.339748], [138.095915, 35.339636], [138.095313, 35.339864], [138.092807, 35.339751], [138.091869, 35.339458], [138.090642, 35.338737], [138.089131, 35.338564], [138.087483, 35.338001], [138.087491, 35.337133], [138.087187, 35.336578], [138.087088, 35.335676], [138.086535, 35.334677], [138.086241, 35.333029], [138.086529, 35.331992], [138.086212, 35.331382], [138.086014, 35.330514], [138.084213, 35.327784], [138.083499, 35.326936], [138.083102, 35.325981], [138.082959, 35.324815], [138.083479, 35.324279], [138.0836, 35.323869], [138.084104, 35.323336], [138.084894, 35.322895], [138.08555, 35.321868], [138.086365, 35.321383], [138.086882, 35.320502], [138.088664, 35.318625], [138.089012, 35.31758], [138.089664, 35.31684], [138.090368, 35.316331], [138.090571, 35.315846], [138.091497, 35.315602], [138.092749, 35.314176], [138.094191, 35.313866], [138.095788, 35.312484], [138.096845, 35.311921], [138.097324, 35.311164], [138.097719, 35.310819], [138.097742, 35.310245], [138.098256, 35.309472], [138.098319, 35.309141], [138.098249, 35.307606], [138.098394, 35.306528], [138.098111, 35.304899], [138.098206, 35.304468], [138.098688, 35.304004], [138.099199, 35.303731], [138.100879, 35.303934], [138.102147, 35.303652], [138.103222, 35.303616], [138.104913, 35.303155], [138.106195, 35.302548], [138.109343, 35.302197], [138.110668, 35.301717], [138.112219, 35.301947], [138.113509, 35.301748], [138.113679, 35.301529], [138.113646, 35.300964], [138.114234, 35.300021], [138.115072, 35.298103], [138.116734, 35.297606], [138.117493, 35.29718], [138.117804, 35.296862], [138.117966, 35.296285], [138.118375, 35.295643], [138.119478, 35.295067], [138.120081, 35.29457], [138.120795, 35.294401], [138.122713, 35.294245], [138.123174, 35.294091], [138.123626, 35.293466], [138.126506, 35.293143], [138.126902, 35.292974], [138.128654, 35.291109], [138.129231, 35.290822], [138.129959, 35.288925], [138.131457, 35.287239], [138.133373, 35.286698], [138.134622, 35.28608], [138.135199, 35.285119], [138.136262, 35.284724], [138.136968, 35.284074], [138.137329, 35.283582], [138.137441, 35.283029], [138.137269, 35.282666], [138.136202, 35.282302], [138.136042, 35.282129], [138.136305, 35.278496], [138.135814, 35.276922], [138.1359, 35.275772], [138.136512, 35.275344], [138.136774, 35.274896], [138.136555, 35.274065], [138.136551, 35.273395], [138.137489, 35.271777], [138.137037, 35.270663], [138.137299, 35.269335], [138.13798, 35.2686], [138.138372, 35.267567], [138.138961, 35.266986], [138.140124, 35.26676], [138.140912, 35.266058], [138.141984, 35.265715], [138.142754, 35.26523], [138.143374, 35.26517], [138.144102, 35.264447], [138.144778, 35.264032], [138.14554, 35.263774], [138.145549, 35.263245], [138.14523, 35.262518], [138.145833, 35.2618], [138.146035, 35.260726], [138.145764, 35.259963], [138.145027, 35.258837], [138.144584, 35.257679], [138.144623, 35.257256], [138.144972, 35.256912], [138.145837, 35.25623], [138.148205, 35.256719], [138.152411, 35.257372], [138.153759, 35.257058], [138.155093, 35.256513], [138.157099, 35.256114], [138.157693, 35.256109], [138.158766, 35.256634], [138.160776, 35.256541], [138.161616, 35.256388], [138.177797, 35.25995], [138.178189, 35.259579], [138.178422, 35.25907], [138.178654, 35.257859], [138.178439, 35.25685], [138.178426, 35.255696], [138.17893, 35.255264], [138.180333, 35.254796], [138.180802, 35.254162], [138.182043, 35.252985], [138.183384, 35.252271], [138.183326, 35.250072], [138.183522, 35.249673], [138.183838, 35.249517], [138.186126, 35.249228], [138.18678, 35.248578], [138.18734, 35.248804], [138.1883, 35.248675], [138.19019, 35.249244], [138.191813, 35.249204], [138.192782, 35.248841], [138.193487, 35.249199], [138.194082, 35.249187], [138.194327, 35.249026], [138.194641, 35.248364], [138.19502, 35.247964], [138.196126, 35.247807], [138.19651, 35.247549], [138.196402, 35.246556], [138.197793, 35.246451], [138.19806, 35.246322], [138.197715, 35.245277], [138.198335, 35.244554], [138.199102, 35.242593], [138.199648, 35.242112], [138.199782, 35.241794], [138.200453, 35.241689], [138.201336, 35.240716], [138.201909, 35.240554], [138.202636, 35.239852], [138.202718, 35.239546], [138.202589, 35.239202], [138.201835, 35.238762], [138.200109, 35.237374], [138.200703, 35.236575], [138.200742, 35.236308], [138.2006, 35.236078], [138.199868, 35.235659], [138.198852, 35.235756], [138.198744, 35.23557], [138.198835, 35.235049], [138.198624, 35.234767], [138.196841, 35.23356], [138.196015, 35.232636], [138.196054, 35.232466], [138.19626, 35.232394], [138.197121, 35.232519], [138.197607, 35.232462], [138.198706, 35.233217], [138.199158, 35.233302], [138.19958, 35.233007], [138.199463, 35.232487], [138.199545, 35.23218], [138.200539, 35.232159], [138.201056, 35.231497], [138.202167, 35.230953], [138.202356, 35.230731], [138.202386, 35.230444], [138.202085, 35.230093], [138.201646, 35.230001], [138.200509, 35.230279], [138.201314, 35.229177], [138.201297, 35.228681], [138.201659, 35.228471], [138.201573, 35.227777], [138.20119, 35.227506], [138.200449, 35.227385], [138.199993, 35.226816], [138.199416, 35.226553], [138.198464, 35.226727], [138.197857, 35.22724], [138.197655, 35.227276], [138.197457, 35.227034], [138.197517, 35.226639], [138.197367, 35.225799], [138.196291, 35.224737], [138.195963, 35.224588], [138.195644, 35.224592], [138.194887, 35.225072], [138.194801, 35.224624], [138.194297, 35.224007], [138.194551, 35.223519], [138.194538, 35.223172], [138.193832, 35.222392], [138.19338, 35.222082], [138.192497, 35.221872], [138.192076, 35.221271], [138.191094, 35.220827], [138.19075, 35.220516], [138.190496, 35.219943], [138.189927, 35.219474], [138.187869, 35.218829], [138.186802, 35.217367], [138.186259, 35.21696], [138.185777, 35.216819], [138.184981, 35.217045], [138.184529, 35.216944], [138.184456, 35.216416], [138.184809, 35.215269], [138.184434, 35.214841], [138.184141, 35.2147], [138.184059, 35.214414], [138.184899, 35.213828], [138.18548, 35.212492], [138.185674, 35.212274], [138.186332, 35.212004], [138.186414, 35.211794], [138.186346, 35.211435], [138.185476, 35.210918], [138.185639, 35.210014], [138.186294, 35.209615], [138.186182, 35.209159], [138.185842, 35.208751], [138.185696, 35.208307], [138.18669, 35.207375], [138.187908, 35.207443], [138.188141, 35.207165], [138.187723, 35.205837], [138.187702, 35.204638], [138.187452, 35.204279], [138.186617, 35.20413], [138.18545, 35.205115], [138.184611, 35.205401], [138.184602, 35.204392], [138.184322, 35.203876], [138.183552, 35.203569], [138.182075, 35.203331], [138.181709, 35.202907], [138.182686, 35.201728], [138.18294, 35.201051], [138.182876, 35.200772], [138.182454, 35.200489], [138.181089, 35.20028], [138.180292, 35.200296], [138.179996, 35.20009], [138.180211, 35.199722], [138.181192, 35.198782], [138.181515, 35.198717], [138.182256, 35.199016], [138.182652, 35.199024], [138.182923, 35.198907], [138.183207, 35.198476], [138.183319, 35.197773], [138.183143, 35.197204], [138.182772, 35.197006], [138.181821, 35.196812], [138.182333, 35.196207], [138.182837, 35.196211], [138.182876, 35.196122], [138.183491, 35.192797], [138.183844, 35.192567], [138.184249, 35.192579], [138.185747, 35.193337], [138.186634, 35.194375], [138.187413, 35.195957], [138.187848, 35.196344], [138.188597, 35.196514], [138.189777, 35.196288], [138.190087, 35.195953], [138.190276, 35.195101], [138.189097, 35.192833], [138.189161, 35.192191], [138.189665, 35.191611], [138.190948, 35.19069], [138.192339, 35.190569], [138.192752, 35.190298], [138.192898, 35.189229], [138.192558, 35.188543], [138.192511, 35.187816], [138.192786, 35.187429], [138.19289, 35.186977], [138.193114, 35.186824], [138.193492, 35.186868], [138.194082, 35.1873], [138.194982, 35.188987], [138.195602, 35.189576], [138.196226, 35.189665], [138.197625, 35.189427], [138.198959, 35.188854], [138.199282, 35.188902], [138.199791, 35.189317], [138.200277, 35.190411], [138.200212, 35.190852], [138.199911, 35.191199], [138.199364, 35.191279], [138.197716, 35.190799], [138.197311, 35.190872], [138.196992, 35.191219], [138.196936, 35.191437], [138.19744, 35.192877], [138.19778, 35.193434], [138.198288, 35.193564], [138.198817, 35.193386], [138.200462, 35.192122], [138.201237, 35.192014], [138.20187, 35.1923], [138.202094, 35.193249], [138.201749, 35.193789], [138.199442, 35.195396], [138.198228, 35.195804], [138.198107, 35.196066], [138.198413, 35.196393], [138.199351, 35.19676], [138.20193, 35.197454], [138.204414, 35.197922], [138.205628, 35.198495], [138.205891, 35.200558], [138.205796, 35.201086], [138.205366, 35.201437], [138.203812, 35.201736], [138.203334, 35.202023], [138.203261, 35.202467], [138.203657, 35.203056], [138.204401, 35.203339], [138.205056, 35.203432], [138.205525, 35.203476], [138.206072, 35.203355], [138.207367, 35.202629], [138.208995, 35.201486], [138.209996, 35.200503], [138.210599, 35.200334], [138.210956, 35.200431], [138.211304, 35.20083], [138.211158, 35.203526], [138.214891, 35.203764], [138.216113, 35.203142], [138.217026, 35.202933], [138.21821, 35.2024], [138.220031, 35.200963], [138.222967, 35.200212], [138.223234, 35.199849], [138.223677, 35.199578], [138.224116, 35.198258], [138.224009, 35.197507], [138.224107, 35.196898], [138.224499, 35.196059], [138.224288, 35.194767], [138.224555, 35.194182], [138.224674, 35.193409], [138.226458, 35.192076], [138.227436, 35.190739], [138.228986, 35.189674], [138.229291, 35.188939], [138.230268, 35.188641], [138.231336, 35.187733], [138.231474, 35.187422], [138.231469, 35.186534], [138.232296, 35.185989], [138.232873, 35.185109], [138.233269, 35.183935], [138.233243, 35.183313], [138.233881, 35.182329], [138.233975, 35.181352], [138.234363, 35.180299], [138.235827, 35.178878], [138.236872, 35.178147], [138.237971, 35.177041], [138.238259, 35.176977], [138.238595, 35.177062], [138.238901, 35.177449], [138.239279, 35.177615], [138.239469, 35.177526], [138.239775, 35.177046], [138.239809, 35.17648], [138.239361, 35.175625], [138.239486, 35.174446], [138.238995, 35.173704], [138.238677, 35.172731], [138.238276, 35.172347], [138.238156, 35.171851], [138.238065, 35.170717], [138.238225, 35.169884], [138.237642, 35.168829], [138.235993, 35.167109], [138.235312, 35.166132], [138.233909, 35.163985], [138.233354, 35.16269], [138.232596, 35.161826], [138.231252, 35.15982], [138.230749, 35.159578], [138.228867, 35.159089], [138.227576, 35.158432], [138.225381, 35.158855], [138.22467, 35.159121], [138.224123, 35.159566], [138.222686, 35.159545], [138.221691, 35.159198], [138.221109, 35.159129], [138.220692, 35.158354], [138.220184, 35.157777], [138.219616, 35.157208], [138.219077, 35.156886], [138.218746, 35.156022], [138.218109, 35.15553], [138.217859, 35.154856], [138.217347, 35.154258], [138.216318, 35.153927], [138.215561, 35.152628], [138.215195, 35.152261], [138.214605, 35.15197], [138.214123, 35.151057], [138.213383, 35.150379], [138.212057, 35.149487], [138.21182, 35.148721], [138.211179, 35.148015], [138.210831, 35.146517], [138.209836, 35.144745], [138.209406, 35.144386], [138.208536, 35.144293], [138.206685, 35.144455], [138.205019, 35.144422], [138.20421, 35.144087], [138.203177, 35.143874], [138.201601, 35.144027], [138.201347, 35.143785], [138.200817, 35.143611], [138.19919, 35.144225], [138.198312, 35.1441], [138.197263, 35.143646], [138.196807, 35.143654], [138.196204, 35.143847], [138.195481, 35.143524], [138.194198, 35.142451], [138.193234, 35.142192], [138.192029, 35.141668], [138.19165, 35.140893], [138.19103, 35.140433], [138.190247, 35.14028], [138.189222, 35.140336], [138.188861, 35.140215], [138.188387, 35.13965], [138.187991, 35.139432], [138.187733, 35.138617], [138.187466, 35.13831], [138.184754, 35.137236], [138.183661, 35.136566], [138.184005, 35.134896], [138.184978, 35.133733], [138.184832, 35.132837], [138.184066, 35.131327], [138.184255, 35.130601], [138.183807, 35.129705], [138.184496, 35.128122], [138.184488, 35.12759], [138.185022, 35.126629], [138.184729, 35.124861], [138.185082, 35.124514], [138.185667, 35.124353], [138.186709, 35.123425], [138.187441, 35.12223], [138.187725, 35.121108], [138.188474, 35.119711], [138.18949, 35.118606], [138.190592, 35.117806], [138.190963, 35.116967], [138.191101, 35.115377], [138.191385, 35.114424], [138.191264, 35.113367], [138.19166, 35.112309], [138.192013, 35.11176], [138.192099, 35.11105], [138.19278, 35.110243], [138.193116, 35.109347], [138.193024, 35.108947], [138.192197, 35.108411], [138.190105, 35.10569], [138.190183, 35.105093], [138.189847, 35.104439], [138.189813, 35.103842], [138.189322, 35.102446], [138.189615, 35.100702], [138.189615, 35.099911], [138.189081, 35.097925], [138.189236, 35.097094], [138.188323, 35.094874], [138.188478, 35.093882], [138.188728, 35.093575], [138.190123, 35.09259], [138.191156, 35.091484], [138.191871, 35.09096], [138.192431, 35.09075], [138.193722, 35.090524], [138.194066, 35.090306], [138.194368, 35.089829], [138.195186, 35.089652], [138.196649, 35.088756], [138.197993, 35.088159], [138.199061, 35.087944], [138.199323, 35.087771], [138.199344, 35.086609], [138.199846, 35.085632], [138.19992, 35.082763], [138.200337, 35.082067], [138.200401, 35.08079], [138.201626, 35.079495], [138.202817, 35.079046], [138.203559, 35.078355], [138.204147, 35.077354], [138.204348, 35.076646], [138.204778, 35.076122], [138.204805, 35.075486], [138.205111, 35.074634], [138.205967, 35.073851], [138.208551, 35.0723], [138.209303, 35.071532], [138.209665, 35.070841], [138.209571, 35.070686], [138.207856, 35.070332], [138.206693, 35.069738], [138.205774, 35.069543], [138.204046, 35.067991], [138.203479, 35.067327], [138.203288, 35.066765], [138.203322, 35.066316], [138.2026, 35.065226], [138.202278, 35.063934], [138.201733, 35.063726], [138.200734, 35.061545], [138.20024, 35.061041], [138.200414, 35.05925], [138.200881, 35.058366], [138.200834, 35.057251], [138.200519, 35.056583], [138.200791, 35.056049], [138.200952, 35.054814], [138.201419, 35.053741], [138.200449, 35.053013], [138.200274, 35.051303], [138.200056, 35.05055], [138.199492, 35.050142], [138.199045, 35.04994], [138.196786, 35.047773], [138.195766, 35.046982], [138.195199, 35.046076], [138.195326, 35.04528], [138.19624, 35.044155], [138.196196, 35.040842], [138.197082, 35.039626], [138.196082, 35.038482], [138.195024, 35.037726], [138.194387, 35.037431], [138.191782, 35.036921], [138.191211, 35.036398], [138.191231, 35.035771], [138.192464, 35.035032], [138.193565, 35.034158], [138.193616, 35.033576], [138.193283, 35.032252], [138.193575, 35.030677], [138.192457, 35.029833], [138.192292, 35.029134], [138.191601, 35.028206], [138.191567, 35.02768], [138.191749, 35.026826], [138.191229, 35.025003], [138.191299, 35.023375], [138.189403, 35.022774], [138.188325, 35.022235], [138.188392, 35.020552], [138.188221, 35.019955], [138.18897, 35.018678], [138.188718, 35.016183], [138.188762, 35.015438], [138.189743, 35.015136], [138.190413, 35.01511], [138.190753, 35.014782], [138.191933, 35.01408], [138.193452, 35.01283], [138.193925, 35.012308], [138.194393, 35.011432], [138.1946, 35.011298], [138.196996, 35.010387], [138.19859, 35.010338], [138.200435, 35.009114], [138.201426, 35.00959], [138.202041, 35.009566], [138.203603, 35.00981], [138.207303, 35.009387], [138.208254, 35.009082], [138.208769, 35.008601], [138.208994, 35.00876], [138.20976, 35.010008], [138.210564, 35.010794], [138.211111, 35.011641], [138.212262, 35.01194], [138.212159, 35.012668], [138.21119, 35.013939], [138.212738, 35.014557], [138.213231, 35.01525], [138.214046, 35.015271], [138.215044, 35.015712], [138.215237, 35.015682], [138.215362, 35.01476], [138.216159, 35.014162], [138.216388, 35.013701], [138.216417, 35.012572], [138.216621, 35.011885], [138.216678, 35.010832], [138.21691, 35.010202], [138.216531, 35.009321], [138.216356, 35.008151], [138.215995, 35.007589], [138.216088, 35.006301], [138.21503, 35.003768], [138.21548, 35.003713], [138.216664, 35.003852], [138.218887, 35.004487], [138.219921, 35.005381], [138.221851, 35.004891], [138.222366, 35.004963], [138.223274, 35.005427], [138.224379, 35.006461], [138.225587, 35.006492], [138.226953, 35.007044], [138.227486, 35.007104], [138.227879, 35.006629], [138.228305, 35.005097], [138.22971, 35.004369], [138.230103, 35.004424], [138.230947, 35.004038], [138.231769, 35.003945], [138.233432, 35.003974], [138.234229, 35.004497], [138.234401, 35.003971], [138.234765, 35.003621], [138.237973, 35.003288], [138.238392, 35.002878], [138.238718, 35.002741], [138.240137, 35.002579], [138.240474, 35.001776], [138.240603, 34.999985], [138.242138, 34.998752], [138.243665, 34.997873], [138.244388, 34.997298], [138.245157, 34.996486], [138.247314, 34.993594], [138.24761, 34.993388], [138.24825, 34.993379], [138.249345, 34.993789], [138.249484, 34.993721], [138.249519, 34.993447], [138.249846, 34.993252], [138.251241, 34.992897], [138.251981, 34.992857], [138.253213, 34.992296], [138.253773, 34.991102], [138.254044, 34.990958], [138.255428, 34.991319], [138.256367, 34.991794], [138.257626, 34.992039], [138.258627, 34.992629], [138.259879, 34.992358], [138.260397, 34.992135], [138.260613, 34.991904], [138.260992, 34.990907], [138.260791, 34.990143], [138.260829, 34.989482], [138.262662, 34.988904], [138.263006, 34.988402], [138.263729, 34.98611], [138.263583, 34.985819], [138.262794, 34.985207], [138.263378, 34.984606], [138.264585, 34.98374], [138.264995, 34.98324], [138.265131, 34.982814], [138.264908, 34.981886], [138.265026, 34.981428], [138.266751, 34.980587], [138.267704, 34.979713], [138.267822, 34.978423], [138.266866, 34.976868], [138.266602, 34.975931], [138.267144, 34.975223], [138.267648, 34.973639], [138.26817, 34.973295], [138.269721, 34.973504], [138.270528, 34.973391], [138.271279, 34.973123], [138.271981, 34.973064], [138.272392, 34.972189], [138.27306, 34.971591], [138.273633, 34.971427], [138.274054, 34.970598], [138.274402, 34.970392], [138.274774, 34.970409], [138.275546, 34.970826], [138.276697, 34.971224], [138.27846, 34.97108], [138.278613, 34.970999], [138.278836, 34.970335], [138.280342, 34.969477], [138.281187, 34.968803], [138.281684, 34.967874], [138.282574, 34.967824], [138.283649, 34.967598], [138.283844, 34.967166], [138.283047, 34.965857], [138.282936, 34.964906], [138.283281, 34.963009], [138.284908, 34.961423], [138.285284, 34.959845], [138.285458, 34.959631], [138.28591, 34.959416], [138.286362, 34.958795], [138.286275, 34.95796], [138.285889, 34.957438], [138.285886, 34.955973], [138.286021, 34.955719], [138.287179, 34.954898], [138.287447, 34.954514], [138.287364, 34.953614], [138.287597, 34.952945], [138.287322, 34.952087], [138.286807, 34.951373], [138.290084, 34.950301], [138.290814, 34.950194], [138.292083, 34.949564], [138.294614, 34.951292], [138.29518, 34.951236], [138.296298, 34.951772], [138.2995, 34.952422], [138.30138, 34.953325], [138.303093, 34.953833], [138.30429, 34.953989], [138.304858, 34.953707], [138.306233, 34.953622], [138.306834, 34.953721], [138.307991, 34.954187], [138.309246, 34.954187], [138.30971, 34.954807], [138.31034, 34.957744], [138.312564, 34.960159], [138.315968, 34.959552], [138.316604, 34.960399], [138.318579, 34.960597], [138.319799, 34.961232], [138.321416, 34.961006], [138.322516, 34.961119], [138.324921, 34.961937], [138.325764, 34.961387], [138.328635, 34.960766], [138.330748, 34.960907], [138.332003, 34.960667], [138.332674, 34.961127], [138.334608, 34.961212], [138.336, 34.961639], [138.337498, 34.961605], [138.338558, 34.961844], [138.33966, 34.961827], [138.340695, 34.961964], [138.342713, 34.961537], [138.345189, 34.960768], [138.347019, 34.960392], [138.346978, 34.960666], [138.34758, 34.961657], [138.34812, 34.963399], [138.349514, 34.964271], [138.350865, 34.965552], [138.351364, 34.96615], [138.351323, 34.966355], [138.351614, 34.966867], [138.354416, 34.969789], [138.357474, 34.970507], [138.357723, 34.970456], [138.358991, 34.967551], [138.360136, 34.965637], [138.361988, 34.963587], [138.371134, 34.957054], [138.373625, 34.959633], [138.380206, 34.965882], [138.383799, 34.969602], [138.384916, 34.968747], [138.388719, 34.970792], [138.389021, 34.970532], [138.389399, 34.970817], [138.389141, 34.971127], [138.39047, 34.971884], [138.391266, 34.971859], [138.392745, 34.972764], [138.392625, 34.973037], [138.396413, 34.975331], [138.402219, 34.977823], [138.403413, 34.978133], [138.407065, 34.980154], [138.407479, 34.979869], [138.408853, 34.980712], [138.40852, 34.981196], [138.413214, 34.984345], [138.413698, 34.983923], [138.414044, 34.984072], [138.41725, 34.985946], [138.417989, 34.986777], [138.419498, 34.987521], [138.419715, 34.987905], [138.42047, 34.988352], [138.420831, 34.988748], [138.420968, 34.989145], [138.42139, 34.989455], [138.421435, 34.990174], [138.424244, 34.992034], [138.424168, 34.993485], [138.42456, 34.994291], [138.424666, 34.995035], [138.424515, 34.995642], [138.424214, 34.996039], [138.424138, 34.996634], [138.4245, 34.997254], [138.426024, 34.99837], [138.426024, 34.998667], [138.425631, 34.999127], [138.427336, 35.000726], [138.430295, 35.002493], [138.432811, 35.003158], [138.433051, 35.00548], [138.434959, 35.004586], [138.435283, 35.005085], [138.436581, 35.00623], [138.436953, 35.007015], [138.436953, 35.007737], [138.4359, 35.009766], [138.43467, 35.009617], [138.434364, 35.009839], [138.433445, 35.009542], [138.432365, 35.008922], [138.431789, 35.009113], [138.431123, 35.01009], [138.429861, 35.010446], [138.428594, 35.009942], [138.42872, 35.00938], [138.426703, 35.008788], [138.42654, 35.008773], [138.426505, 35.008936], [138.426883, 35.010238], [138.427765, 35.010727], [138.427909, 35.011052], [138.426739, 35.013819], [138.427369, 35.014618], [138.428918, 35.01561], [138.429296, 35.016602], [138.42926, 35.018082], [138.42953, 35.018629], [138.429153, 35.019547], [138.429296, 35.019812], [138.43016, 35.020523], [138.430678, 35.021766], [138.431596, 35.022772], [138.431938, 35.023646], [138.431884, 35.024726], [138.433109, 35.027212], [138.433091, 35.028322], [138.433631, 35.028884], [138.433919, 35.029447], [138.434688, 35.031148], [138.434508, 35.031681], [138.43512, 35.032554], [138.435229, 35.032968], [138.43521, 35.033235], [138.434779, 35.033738], [138.434653, 35.034197], [138.434616, 35.034862], [138.434743, 35.035262], [138.434653, 35.035662], [138.434544, 35.035884], [138.433374, 35.036757], [138.433085, 35.037674], [138.433031, 35.039154], [138.432563, 35.040072], [138.432563, 35.040338], [138.432743, 35.041462], [138.432924, 35.041729], [138.433824, 35.04275], [138.434886, 35.043357], [138.435283, 35.043712], [138.435084, 35.04463], [138.434076, 35.046479], [138.434256, 35.047219], [138.433734, 35.048743], [138.434094, 35.050312], [138.43332, 35.0512], [138.433229, 35.052547], [138.433355, 35.053627], [138.433121, 35.056867], [138.432851, 35.057178], [138.43168, 35.057534], [138.431483, 35.057741], [138.431339, 35.058777], [138.43096, 35.059457], [138.43087, 35.060035], [138.431086, 35.060671], [138.43177, 35.061159], [138.432599, 35.062387], [138.432689, 35.064459], [138.433139, 35.065037], [138.433284, 35.065466], [138.433175, 35.066191], [138.433391, 35.067182], [138.432995, 35.067877], [138.432509, 35.068292], [138.431969, 35.069121], [138.431483, 35.069521], [138.431465, 35.069891], [138.432256, 35.071533], [138.432743, 35.072066], [138.433608, 35.072583], [138.434004, 35.072968], [138.434166, 35.073382], [138.434201, 35.074227], [138.434724, 35.074759], [138.434814, 35.075129], [138.435156, 35.075514], [138.436231, 35.076342], [138.436178, 35.076905], [138.435439, 35.077911], [138.435043, 35.079362], [138.434485, 35.079465], [138.433909, 35.079421], [138.43308, 35.079746], [138.42946, 35.08204], [138.428398, 35.082809], [138.427663, 35.083608], [138.42615, 35.083875], [138.425735, 35.084112], [138.42388, 35.084497], [138.423449, 35.084659], [138.422693, 35.085207], [138.422241, 35.085325], [138.421845, 35.085666], [138.421665, 35.086376], [138.421285, 35.087116], [138.421088, 35.088255], [138.420799, 35.088743], [138.419755, 35.089779], [138.419233, 35.090889], [138.417665, 35.091777], [138.416169, 35.093627], [138.415935, 35.093701], [138.414873, 35.093508], [138.413359, 35.093479], [138.412855, 35.093287], [138.411991, 35.093197], [138.411274, 35.092872], [138.410049, 35.091896], [138.409041, 35.09083], [138.406249, 35.089498], [138.403431, 35.089483], [138.402945, 35.090948], [138.402566, 35.09123], [138.400694, 35.092043], [138.400405, 35.092443], [138.400423, 35.09413], [138.400118, 35.096083], [138.399919, 35.096587], [138.399109, 35.097667], [138.397619, 35.100227], [138.397709, 35.101825], [138.397331, 35.10255], [138.397349, 35.102802], [138.397889, 35.103527], [138.397925, 35.104148], [138.397601, 35.104992], [138.397925, 35.10551], [138.398159, 35.106427], [138.398645, 35.107197], [138.398808, 35.107967], [138.398771, 35.110172], [138.398916, 35.11177], [138.400123, 35.113501], [138.398735, 35.117452], [138.397276, 35.11837], [138.397043, 35.120722], [138.396736, 35.121359], [138.396809, 35.121581], [138.397061, 35.121699], [138.397998, 35.121803], [138.398394, 35.122187], [138.398484, 35.122483], [138.398034, 35.123372], [138.398051, 35.124037], [138.39951, 35.126952], [138.400266, 35.127471], [138.400033, 35.129202], [138.400266, 35.129868], [138.400176, 35.130386], [138.39987, 35.130815], [138.398951, 35.131333], [138.398538, 35.132798], [138.397979, 35.133005], [138.397385, 35.133745], [138.39634, 35.134426], [138.395999, 35.13524], [138.3958, 35.135402], [138.395973, 35.136202], [138.395469, 35.136808], [138.395379, 35.137119], [138.396135, 35.137667], [138.396225, 35.138998], [138.396729, 35.139591], [138.396694, 35.140982], [138.397108, 35.142994], [138.396568, 35.143572], [138.396658, 35.144267], [138.396549, 35.144873], [138.395726, 35.147334], [138.395701, 35.147741], [138.396456, 35.148479], [138.397173, 35.149827], [138.398045, 35.150727], [138.39815, 35.151252], [138.398059, 35.153167], [138.398201, 35.153659], [138.398801, 35.154355], [138.398828, 35.155768], [138.399023, 35.156057], [138.3991, 35.156538], [138.399114, 35.156988], [138.398828, 35.15778], [138.39897, 35.159001], [138.399114, 35.159247], [138.399544, 35.159461], [138.399791, 35.159322], [138.400338, 35.159343], [138.401615, 35.160157], [138.402188, 35.160713], [138.402763, 35.161794], [138.403035, 35.163282], [138.402658, 35.166343], [138.402424, 35.166788], [138.40254, 35.168168], [138.401683, 35.169484], [138.400732, 35.17201], [138.400887, 35.173019], [138.401367, 35.174315], [138.401292, 35.175465], [138.401731, 35.17624], [138.401653, 35.178112], [138.402049, 35.178782], [138.402092, 35.179242], [138.401537, 35.180978], [138.401124, 35.18166], [138.400934, 35.182931], [138.400538, 35.183613], [138.399613, 35.184723], [138.399664, 35.185232], [138.400189, 35.185796], [138.400508, 35.187145], [138.400215, 35.188686], [138.399001, 35.191213], [138.398618, 35.192456], [138.398907, 35.193323], [138.398984, 35.194514], [138.399363, 35.195701], [138.399187, 35.198114], [138.398494, 35.199438], [138.398697, 35.20027], [138.398521, 35.201416], [138.396846, 35.205053], [138.396631, 35.205824], [138.395856, 35.206445], [138.394892, 35.206518], [138.394388, 35.207289], [138.394211, 35.209581], [138.393712, 35.21101], [138.393557, 35.212386], [138.393066, 35.213411], [138.393411, 35.214759], [138.393376, 35.215163], [138.392838, 35.215897], [138.392016, 35.216527], [138.39159, 35.217762], [138.391508, 35.218731], [138.390875, 35.219102], [138.390729, 35.219377], [138.390737, 35.221867], [138.391689, 35.223433], [138.391797, 35.224825], [138.390944, 35.226887], [138.391004, 35.228215], [138.390892, 35.228832], [138.389975, 35.230374], [138.388998, 35.23278], [138.388589, 35.235827], [138.388201, 35.237312], [138.386974, 35.238894], [138.386639, 35.239786], [138.386531, 35.240391], [138.38663, 35.241937], [138.385872, 35.243196], [138.385618, 35.244645], [138.385661, 35.245081], [138.38604, 35.245622], [138.386152, 35.246244], [138.385881, 35.246627], [138.384692, 35.247438], [138.384072, 35.248157], [138.382509, 35.249553], [138.382009, 35.250584], [138.381643, 35.251999], [138.381201, 35.252748], [138.380343, 35.253259], [138.379584, 35.25339], [138.378214, 35.253937], [138.378114, 35.254551], [138.377905, 35.254914], [138.377201, 35.255406], [138.377126, 35.255812], [138.377314, 35.25639], [138.376059, 35.258324], [138.376155, 35.259011], [138.375497, 35.259281], [138.37433, 35.260253], [138.374222, 35.261237], [138.373864, 35.261605], [138.373555, 35.263323], [138.372934, 35.263877], [138.372226, 35.264975], [138.371513, 35.265176], [138.371048, 35.265587], [138.370669, 35.266479], [138.36995, 35.267303], [138.369136, 35.268538], [138.367501, 35.269668], [138.367031, 35.270188], [138.3671, 35.271339], [138.367763, 35.272836], [138.368564, 35.275863], [138.368818, 35.276344], [138.369266, 35.276679], [138.369339, 35.276941], [138.368895, 35.277958], [138.36812, 35.278337], [138.367819, 35.278701], [138.36747, 35.279851], [138.366704, 35.280512], [138.366876, 35.281122], [138.367556, 35.282042], [138.36756, 35.282285], [138.367276, 35.282801], [138.367164, 35.283806], [138.367694, 35.286458], [138.367483, 35.287011], [138.36694, 35.2876], [138.366721, 35.288399], [138.366764, 35.290321], [138.367349, 35.291971], [138.368314, 35.293214], [138.368968, 35.295164], [138.369592, 35.295894], [138.370066, 35.295971], [138.371073, 35.296431], [138.371319, 35.296742], [138.371538, 35.297533], [138.372337, 35.298183], [138.372478, 35.299411], [138.371641, 35.300491], [138.37161, 35.301064], [138.370934, 35.302263], [138.370594, 35.304765], [138.369135, 35.305609], [138.368213, 35.30644], [138.368028, 35.307889], [138.367507, 35.309677], [138.366246, 35.310335], [138.36523, 35.311679], [138.36467, 35.312026], [138.362849, 35.312155], [138.361127, 35.313342], [138.359465, 35.313378], [138.359134, 35.313523], [138.358815, 35.314141], [138.358552, 35.315113], [138.358682, 35.317136], [138.358492, 35.317571], [138.358036, 35.317571], [138.357941, 35.31785], [138.357743, 35.317878], [138.357007, 35.31693], [138.356163, 35.316458], [138.354997, 35.316441], [138.352801, 35.316732], [138.352624, 35.315735], [138.350394, 35.315238], [138.348763, 35.315557], [138.347807, 35.316021], [138.346373, 35.316336], [138.343372, 35.317995], [138.341345, 35.320029], [138.340036, 35.322039], [138.338021, 35.323383], [138.337444, 35.324129], [138.336769, 35.32469], [138.33642, 35.325288], [138.336394, 35.325849], [138.335701, 35.326329], [138.335637, 35.326496]]]}}, {"type": "Feature", "properties": {"pref_code": "22", "pref_name": "静岡県", "municipality_code": "22102", "municipality_name": "静岡市", "ward_name": "駿河区", "display_name": "静岡市 駿河区", "geometry_key": "22102"}, "geometry": {"type": "MultiPolygon", "coordinates": [[[[138.474453, 34.962052], [138.473885, 34.962873], [138.473416, 34.964627], [138.472745, 34.965127], [138.472615, 34.965898], [138.472356, 34.96635], [138.472486, 34.966828], [138.472146, 34.967373], [138.472081, 34.96849], [138.472786, 34.969092], [138.473004, 34.969885], [138.472874, 34.970589], [138.472168, 34.970854], [138.472164, 34.971808], [138.471908, 34.97242], [138.470796, 34.97294], [138.469316, 34.972875], [138.469009, 34.972596], [138.468373, 34.972909], [138.467748, 34.972994], [138.467539, 34.972866], [138.467335, 34.972233], [138.46681, 34.972223], [138.466898, 34.972569], [138.466615, 34.973202], [138.465401, 34.9736], [138.464986, 34.973447], [138.463894, 34.972697], [138.463808, 34.972362], [138.463218, 34.971836], [138.463143, 34.971369], [138.462603, 34.971097], [138.462218, 34.971063], [138.46163, 34.971724], [138.460586, 34.972407], [138.45897, 34.974272], [138.458171, 34.974591], [138.457318, 34.975147], [138.45637, 34.976305], [138.455371, 34.976369], [138.455349, 34.976816], [138.454916, 34.977755], [138.454884, 34.97945], [138.45475, 34.980016], [138.455061, 34.980827], [138.455083, 34.981948], [138.454543, 34.983334], [138.454665, 34.984437], [138.45442, 34.985075], [138.453666, 34.985522], [138.453699, 34.986151], [138.453869, 34.986379], [138.453393, 34.986734], [138.452519, 34.988011], [138.452381, 34.988731], [138.452004, 34.989077], [138.451883, 34.989424], [138.451671, 34.989624], [138.450873, 34.989716], [138.45044, 34.990545], [138.44984, 34.991092], [138.449625, 34.991639], [138.450048, 34.992341], [138.44886, 34.993499], [138.448516, 34.99411], [138.44836, 34.995952], [138.448073, 34.996343], [138.447441, 34.996598], [138.446454, 34.996644], [138.446066, 34.996963], [138.445329, 34.996535], [138.444753, 34.997054], [138.444996, 34.997264], [138.444264, 34.997793], [138.442334, 34.996271], [138.441705, 34.997009], [138.438789, 34.994876], [138.438966, 34.994538], [138.438379, 34.994164], [138.437546, 34.995222], [138.438056, 34.995687], [138.437624, 34.996097], [138.438268, 34.996562], [138.437613, 34.9972], [138.438026, 34.997474], [138.437261, 34.997884], [138.436895, 34.998249], [138.436751, 34.998668], [138.43634, 34.99865], [138.435043, 34.998267], [138.434749, 34.998668], [138.437834, 35.000701], [138.436618, 35.002142], [138.439244, 35.003892], [138.438589, 35.005004], [138.436581, 35.00623], [138.435283, 35.005085], [138.434959, 35.004586], [138.433051, 35.00548], [138.432811, 35.003158], [138.430295, 35.002493], [138.427336, 35.000726], [138.425631, 34.999127], [138.426024, 34.998667], [138.426024, 34.99837], [138.4245, 34.997254], [138.424138, 34.996634], [138.424214, 34.996039], [138.424515, 34.995642], [138.424666, 34.995035], [138.42456, 34.994291], [138.424168, 34.993485], [138.424244, 34.992034], [138.421435, 34.990174], [138.42139, 34.989455], [138.420968, 34.989145], [138.420831, 34.988748], [138.42047, 34.988352], [138.419715, 34.987905], [138.419498, 34.987521], [138.417989, 34.986777], [138.41725, 34.985946], [138.414044, 34.984072], [138.413698, 34.983923], [138.413214, 34.984345], [138.40852, 34.981196], [138.408853, 34.980712], [138.407479, 34.979869], [138.407065, 34.980154], [138.403413, 34.978133], [138.402219, 34.977823], [138.396413, 34.975331], [138.392625, 34.973037], [138.392745, 34.972764], [138.391266, 34.971859], [138.39047, 34.971884], [138.389141, 34.971127], [138.389399, 34.970817], [138.389021, 34.970532], [138.388719, 34.970792], [138.384916, 34.968747], [138.383799, 34.969602], [138.380206, 34.965882], [138.373625, 34.959633], [138.371134, 34.957054], [138.361988, 34.963587], [138.360136, 34.965637], [138.358991, 34.967551], [138.357723, 34.970456], [138.357474, 34.970507], [138.354416, 34.969789], [138.351614, 34.966867], [138.351323, 34.966355], [138.351364, 34.96615], [138.350865, 34.965552], [138.349514, 34.964271], [138.34812, 34.963399], [138.34758, 34.961657], [138.346978, 34.960666], [138.347019, 34.960392], [138.345189, 34.960768], [138.342713, 34.961537], [138.340695, 34.961964], [138.33966, 34.961827], [138.338558, 34.961844], [138.337498, 34.961605], [138.336, 34.961639], [138.334608, 34.961212], [138.332674, 34.961127], [138.332003, 34.960667], [138.330748, 34.960907], [138.328635, 34.960766], [138.325764, 34.961387], [138.324921, 34.961937], [138.322516, 34.961119], [138.321416, 34.961006], [138.319799, 34.961232], [138.318579, 34.960597], [138.316604, 34.960399], [138.315968, 34.959552], [138.312564, 34.960159], [138.31034, 34.957744], [138.30971, 34.954807], [138.309246, 34.954187], [138.307991, 34.954187], [138.306834, 34.953721], [138.306233, 34.953622], [138.304858, 34.953707], [138.30429, 34.953989], [138.303093, 34.953833], [138.30138, 34.953325], [138.2995, 34.952422], [138.296298, 34.951772], [138.29518, 34.951236], [138.294614, 34.951292], [138.292083, 34.949564], [138.292295, 34.948399], [138.291749, 34.948063], [138.291575, 34.947764], [138.29161, 34.94679], [138.292167, 34.946375], [138.291787, 34.944668], [138.292177, 34.94438], [138.292657, 34.943299], [138.293241, 34.942958], [138.293596, 34.942568], [138.293798, 34.941609], [138.294692, 34.9407], [138.294413, 34.940291], [138.293857, 34.940144], [138.293836, 34.939266], [138.294149, 34.938536], [138.293672, 34.938146], [138.293749, 34.938008], [138.294695, 34.937102], [138.29593, 34.9368], [138.297387, 34.935536], [138.298646, 34.934949], [138.299001, 34.934658], [138.301073, 34.934015], [138.30164, 34.933648], [138.302297, 34.933862], [138.304061, 34.932883], [138.305351, 34.93266], [138.305734, 34.932697], [138.306446, 34.93305], [138.30734, 34.933896], [138.309462, 34.933882], [138.31039, 34.933504], [138.311806, 34.932415], [138.31279, 34.932226], [138.314348, 34.931306], [138.315409, 34.930281], [138.315346, 34.928596], [138.315764, 34.927301], [138.316257, 34.926601], [138.316156, 34.925695], [138.316407, 34.924614], [138.316344, 34.923409], [138.316574, 34.921812], [138.31649, 34.921581], [138.319035, 34.919564], [138.32012, 34.919726], [138.321022, 34.919344], [138.322454, 34.919109], [138.322646, 34.919183], [138.323524, 34.920067], [138.32367, 34.920587], [138.324509, 34.921756], [138.325744, 34.922607], [138.326174, 34.922627], [138.326566, 34.922016], [138.326921, 34.921759], [138.327352, 34.920494], [138.328301, 34.919888], [138.329241, 34.9187], [138.329711, 34.918304], [138.329916, 34.916928], [138.330411, 34.916337], [138.330232, 34.915415], [138.33039, 34.91478], [138.33064, 34.914486], [138.331214, 34.914529], [138.331616, 34.91435], [138.332621, 34.912269], [138.333671, 34.911613], [138.335284, 34.911154], [138.336271, 34.910355], [138.337173, 34.9103], [138.339196, 34.909549], [138.34016, 34.909472], [138.341948, 34.908289], [138.342162, 34.908026], [138.342552, 34.907799], [138.342954, 34.90784], [138.343293, 34.907582], [138.343602, 34.906904], [138.343222, 34.906344], [138.341112, 34.905465], [138.340354, 34.904666], [138.340252, 34.904403], [138.341303, 34.903254], [138.341933, 34.901689], [138.343308, 34.900818], [138.344138, 34.900644], [138.344932, 34.899983], [138.34576, 34.899753], [138.346688, 34.89923], [138.348393, 34.898549], [138.348739, 34.899252], [138.35027, 34.901074], [138.350406, 34.901941], [138.350238, 34.903142], [138.350425, 34.903594], [138.350617, 34.903591], [138.351323, 34.904809], [138.352138, 34.905583], [138.352595, 34.906561], [138.354448, 34.908812], [138.354402, 34.908977], [138.354661, 34.909376], [138.354547, 34.909642], [138.354608, 34.911639], [138.355371, 34.913379], [138.355829, 34.913649], [138.356252, 34.91428], [138.356867, 34.914635], [138.357612, 34.915299], [138.35865, 34.91553], [138.359012, 34.91597], [138.359907, 34.916257], [138.360686, 34.916927], [138.361477, 34.917006], [138.362031, 34.917558], [138.363035, 34.917901], [138.363636, 34.918352], [138.368571, 34.92074], [138.369268, 34.920833], [138.368923, 34.921208], [138.36938, 34.9219], [138.368821, 34.922606], [138.368514, 34.922453], [138.368629, 34.922264], [138.368514, 34.922208], [138.368384, 34.922397], [138.368069, 34.922264], [138.366877, 34.924268], [138.368792, 34.925077], [138.369897, 34.923082], [138.369538, 34.922772], [138.369987, 34.922355], [138.369953, 34.922186], [138.370508, 34.922106], [138.370392, 34.921383], [138.371597, 34.920841], [138.371016, 34.92197], [138.372201, 34.922414], [138.371956, 34.922908], [138.373933, 34.923635], [138.374242, 34.923035], [138.375087, 34.923317], [138.381877, 34.925776], [138.381649, 34.926318], [138.387446, 34.92802], [138.389015, 34.928797], [138.393712, 34.92936], [138.395686, 34.929462], [138.396288, 34.929356], [138.396826, 34.929664], [138.399682, 34.930581], [138.401124, 34.931325], [138.403037, 34.933226], [138.403934, 34.934543], [138.404659, 34.935206], [138.405284, 34.936251], [138.406312, 34.93726], [138.407048, 34.937723], [138.408057, 34.939039], [138.411104, 34.941158], [138.41316, 34.942218], [138.415984, 34.943095], [138.418553, 34.943528], [138.418664, 34.943717], [138.419286, 34.943882], [138.419732, 34.94391], [138.420004, 34.943794], [138.420477, 34.944146], [138.421615, 34.944494], [138.422489, 34.944532], [138.422861, 34.944866], [138.424296, 34.945292], [138.428256, 34.946076], [138.428251, 34.946316], [138.428399, 34.946377], [138.429249, 34.946451], [138.431065, 34.947061], [138.431725, 34.94715], [138.432419, 34.947466], [138.43298, 34.947486], [138.43343, 34.947779], [138.434132, 34.947872], [138.434731, 34.948274], [138.435337, 34.948379], [138.435961, 34.948679], [138.436576, 34.948718], [138.437243, 34.949105], [138.437916, 34.949161], [138.438438, 34.949523], [138.438976, 34.949575], [138.439705, 34.949897], [138.440358, 34.94999], [138.442207, 34.95073], [138.442796, 34.95076], [138.4435, 34.951087], [138.443943, 34.951098], [138.44457, 34.951477], [138.445572, 34.951683], [138.446084, 34.951984], [138.448, 34.952565], [138.449537, 34.953186], [138.455376, 34.954881], [138.463946, 34.957653], [138.471875, 34.96057], [138.474282, 34.961635], [138.474453, 34.962052]]], [[[138.371406, 34.919188], [138.371914, 34.91924], [138.371914, 34.919413], [138.371406, 34.919362], [138.371406, 34.919188]]], [[[138.350492, 34.901209], [138.350584, 34.901124], [138.35079, 34.901281], [138.350492, 34.901209]]]]}}, {"type": "Feature", "properties": {"pref_code": "22", "pref_name": "静岡県", "municipality_code": "22103", "municipality_name": "静岡市", "ward_name": "清水区", "display_name": "静岡市 清水区", "geometry_key": "22103"}, "geometry": {"type": "MultiPolygon", "coordinates": [[[[138.522421, 35.199158], [138.52212, 35.199226], [138.521461, 35.199117], [138.520729, 35.198677], [138.520708, 35.19833], [138.521354, 35.197636], [138.521401, 35.197394], [138.521207, 35.197188], [138.520553, 35.197229], [138.51902, 35.197745], [138.518779, 35.197741], [138.518564, 35.197115], [138.517828, 35.197176], [138.517587, 35.197495], [138.518047, 35.198334], [138.517333, 35.198609], [138.515357, 35.198197], [138.515542, 35.1976], [138.514642, 35.196926], [138.514453, 35.196627], [138.514681, 35.196562], [138.515021, 35.196768], [138.515662, 35.196865], [138.516446, 35.196696], [138.516816, 35.196284], [138.516661, 35.196122], [138.515632, 35.196042], [138.515197, 35.195388], [138.515766, 35.194234], [138.515495, 35.194112], [138.514225, 35.194044], [138.513906, 35.19379], [138.514195, 35.193031], [138.514048, 35.191905], [138.514191, 35.191271], [138.513726, 35.190565], [138.512309, 35.188975], [138.511061, 35.18818], [138.509093, 35.187477], [138.508671, 35.186985], [138.508069, 35.186601], [138.506967, 35.186392], [138.506231, 35.186069], [138.505477, 35.185225], [138.505404, 35.184999], [138.505542, 35.184511], [138.504775, 35.18395], [138.504547, 35.183526], [138.504031, 35.183078], [138.503854, 35.182004], [138.502593, 35.17991], [138.502434, 35.179046], [138.501633, 35.177803], [138.501134, 35.176523], [138.500785, 35.176422], [138.500027, 35.176523], [138.499502, 35.17612], [138.497892, 35.175644], [138.496897, 35.174778], [138.496384, 35.174508], [138.496251, 35.174056], [138.496608, 35.173216], [138.495764, 35.172704], [138.495614, 35.172296], [138.495726, 35.17161], [138.49403, 35.170782], [138.4931, 35.170169], [138.492945, 35.169939], [138.492172, 35.169418], [138.491742, 35.168554], [138.491492, 35.168384], [138.490747, 35.168425], [138.489503, 35.169135], [138.487644, 35.169749], [138.487206, 35.170355], [138.487099, 35.170989], [138.487185, 35.171566], [138.485725, 35.172611], [138.485269, 35.173369], [138.484718, 35.173721], [138.484356, 35.174161], [138.482892, 35.174273], [138.482087, 35.173858], [138.481872, 35.174221], [138.481119, 35.174802], [138.479694, 35.175], [138.47888, 35.175383], [138.47817, 35.176049], [138.478032, 35.176324], [138.477877, 35.176933], [138.478075, 35.177539], [138.477899, 35.178084], [138.477149, 35.17791], [138.472216, 35.17611], [138.471493, 35.17632], [138.470653, 35.176299], [138.470274, 35.176409], [138.468879, 35.177042], [138.468311, 35.17749], [138.467136, 35.177926], [138.466472, 35.178063], [138.465706, 35.177813], [138.465345, 35.177857], [138.464238, 35.178398], [138.463102, 35.178579], [138.462279, 35.178862], [138.46113, 35.179491], [138.459851, 35.179286], [138.458659, 35.178636], [138.457436, 35.178268], [138.456833, 35.178212], [138.455029, 35.178486], [138.45422, 35.178377], [138.453501, 35.178971], [138.452588, 35.178939], [138.451813, 35.179136], [138.451464, 35.17912], [138.450466, 35.178664], [138.449299, 35.178498], [138.448025, 35.178857], [138.446966, 35.178785], [138.444576, 35.179257], [138.44136, 35.179374], [138.440796, 35.179027], [138.440426, 35.177998], [138.438786, 35.177994], [138.437417, 35.178688], [138.436452, 35.178999], [138.433025, 35.179717], [138.431105, 35.18033], [138.430602, 35.180613], [138.429951, 35.181412], [138.429392, 35.181836], [138.428578, 35.182078], [138.428014, 35.182494], [138.427691, 35.182518], [138.42748, 35.182667], [138.426964, 35.183886], [138.426968, 35.185137], [138.426826, 35.185839], [138.426163, 35.186949], [138.425595, 35.187215], [138.425229, 35.187603], [138.425264, 35.187982], [138.424756, 35.189015], [138.424725, 35.18996], [138.424575, 35.190347], [138.423627, 35.191207], [138.422926, 35.192518], [138.422168, 35.193188], [138.421902, 35.193773], [138.421321, 35.194363], [138.421277, 35.19536], [138.420206, 35.196114], [138.419034, 35.197636], [138.418694, 35.198891], [138.418363, 35.199335], [138.41801, 35.19946], [138.416008, 35.199452], [138.415569, 35.199549], [138.415104, 35.199852], [138.414919, 35.200332], [138.414135, 35.200639], [138.413657, 35.201066], [138.412585, 35.201284], [138.412103, 35.201571], [138.411487, 35.201639], [138.409111, 35.202632], [138.408371, 35.202539], [138.407574, 35.20293], [138.406924, 35.202684], [138.406524, 35.202708], [138.405852, 35.202082], [138.404896, 35.201647], [138.403544, 35.201283], [138.402705, 35.200844], [138.401866, 35.20088], [138.399584, 35.200226], [138.398697, 35.20027], [138.398494, 35.199438], [138.399187, 35.198114], [138.399363, 35.195701], [138.398984, 35.194514], [138.398907, 35.193323], [138.398618, 35.192456], [138.399001, 35.191213], [138.400215, 35.188686], [138.400508, 35.187145], [138.400189, 35.185796], [138.399664, 35.185232], [138.399613, 35.184723], [138.400538, 35.183613], [138.400934, 35.182931], [138.401124, 35.18166], [138.401537, 35.180978], [138.402092, 35.179242], [138.402049, 35.178782], [138.401653, 35.178112], [138.401731, 35.17624], [138.401292, 35.175465], [138.401367, 35.174315], [138.400887, 35.173019], [138.400732, 35.17201], [138.401683, 35.169484], [138.40254, 35.168168], [138.402424, 35.166788], [138.402658, 35.166343], [138.403035, 35.163282], [138.402763, 35.161794], [138.402188, 35.160713], [138.401615, 35.160157], [138.400338, 35.159343], [138.399791, 35.159322], [138.399544, 35.159461], [138.399114, 35.159247], [138.39897, 35.159001], [138.398828, 35.15778], [138.399114, 35.156988], [138.3991, 35.156538], [138.399023, 35.156057], [138.398828, 35.155768], [138.398801, 35.154355], [138.398201, 35.153659], [138.398059, 35.153167], [138.39815, 35.151252], [138.398045, 35.150727], [138.397173, 35.149827], [138.396456, 35.148479], [138.395701, 35.147741], [138.395726, 35.147334], [138.396549, 35.144873], [138.396658, 35.144267], [138.396568, 35.143572], [138.397108, 35.142994], [138.396694, 35.140982], [138.396729, 35.139591], [138.396225, 35.138998], [138.396135, 35.137667], [138.395379, 35.137119], [138.395469, 35.136808], [138.395973, 35.136202], [138.3958, 35.135402], [138.395999, 35.13524], [138.39634, 35.134426], [138.397385, 35.133745], [138.397979, 35.133005], [138.398538, 35.132798], [138.398951, 35.131333], [138.39987, 35.130815], [138.400176, 35.130386], [138.400266, 35.129868], [138.400033, 35.129202], [138.400266, 35.127471], [138.39951, 35.126952], [138.398051, 35.124037], [138.398034, 35.123372], [138.398484, 35.122483], [138.398394, 35.122187], [138.397998, 35.121803], [138.397061, 35.121699], [138.396809, 35.121581], [138.396736, 35.121359], [138.397043, 35.120722], [138.397276, 35.11837], [138.398735, 35.117452], [138.400123, 35.113501], [138.398916, 35.11177], [138.398771, 35.110172], [138.398808, 35.107967], [138.398645, 35.107197], [138.398159, 35.106427], [138.397925, 35.10551], [138.397601, 35.104992], [138.397925, 35.104148], [138.397889, 35.103527], [138.397349, 35.102802], [138.397331, 35.10255], [138.397709, 35.101825], [138.397619, 35.100227], [138.399109, 35.097667], [138.399919, 35.096587], [138.400118, 35.096083], [138.400423, 35.09413], [138.400405, 35.092443], [138.400694, 35.092043], [138.402566, 35.09123], [138.402945, 35.090948], [138.403431, 35.089483], [138.406249, 35.089498], [138.409041, 35.09083], [138.410049, 35.091896], [138.411274, 35.092872], [138.411991, 35.093197], [138.412855, 35.093287], [138.413359, 35.093479], [138.414873, 35.093508], [138.415935, 35.093701], [138.416169, 35.093627], [138.417665, 35.091777], [138.419233, 35.090889], [138.419755, 35.089779], [138.420799, 35.088743], [138.421088, 35.088255], [138.421285, 35.087116], [138.421665, 35.086376], [138.421845, 35.085666], [138.422241, 35.085325], [138.422693, 35.085207], [138.423449, 35.084659], [138.42388, 35.084497], [138.425735, 35.084112], [138.42615, 35.083875], [138.427663, 35.083608], [138.428398, 35.082809], [138.42946, 35.08204], [138.43308, 35.079746], [138.433909, 35.079421], [138.434485, 35.079465], [138.435043, 35.079362], [138.435439, 35.077911], [138.436178, 35.076905], [138.436231, 35.076342], [138.435156, 35.075514], [138.434814, 35.075129], [138.434724, 35.074759], [138.434201, 35.074227], [138.434166, 35.073382], [138.434004, 35.072968], [138.433608, 35.072583], [138.432743, 35.072066], [138.432256, 35.071533], [138.431465, 35.069891], [138.431483, 35.069521], [138.431969, 35.069121], [138.432509, 35.068292], [138.432995, 35.067877], [138.433391, 35.067182], [138.433175, 35.066191], [138.433284, 35.065466], [138.433139, 35.065037], [138.432689, 35.064459], [138.432599, 35.062387], [138.43177, 35.061159], [138.431086, 35.060671], [138.43087, 35.060035], [138.43096, 35.059457], [138.431339, 35.058777], [138.431483, 35.057741], [138.43168, 35.057534], [138.432851, 35.057178], [138.433121, 35.056867], [138.433355, 35.053627], [138.433229, 35.052547], [138.43332, 35.0512], [138.434094, 35.050312], [138.433734, 35.048743], [138.434256, 35.047219], [138.434076, 35.046479], [138.435084, 35.04463], [138.435283, 35.043712], [138.434886, 35.043357], [138.433824, 35.04275], [138.432924, 35.041729], [138.432743, 35.041462], [138.432563, 35.040338], [138.432563, 35.040072], [138.433031, 35.039154], [138.433085, 35.037674], [138.433374, 35.036757], [138.434544, 35.035884], [138.434653, 35.035662], [138.434743, 35.035262], [138.434616, 35.034862], [138.434653, 35.034197], [138.434779, 35.033738], [138.43521, 35.033235], [138.435229, 35.032968], [138.43512, 35.032554], [138.434508, 35.031681], [138.434688, 35.031148], [138.433919, 35.029447], [138.433631, 35.028884], [138.433091, 35.028322], [138.433109, 35.027212], [138.431884, 35.024726], [138.431938, 35.023646], [138.431596, 35.022772], [138.430678, 35.021766], [138.43016, 35.020523], [138.429296, 35.019812], [138.429153, 35.019547], [138.42953, 35.018629], [138.42926, 35.018082], [138.429296, 35.016602], [138.428918, 35.01561], [138.427369, 35.014618], [138.426739, 35.013819], [138.427909, 35.011052], [138.427765, 35.010727], [138.426883, 35.010238], [138.426505, 35.008936], [138.42654, 35.008773], [138.426703, 35.008788], [138.42872, 35.00938], [138.428594, 35.009942], [138.429861, 35.010446], [138.431123, 35.01009], [138.431789, 35.009113], [138.432365, 35.008922], [138.433445, 35.009542], [138.434364, 35.009839], [138.43467, 35.009617], [138.4359, 35.009766], [138.436953, 35.007737], [138.436953, 35.007015], [138.436581, 35.00623], [138.438589, 35.005004], [138.439244, 35.003892], [138.436618, 35.002142], [138.437834, 35.000701], [138.434749, 34.998668], [138.435043, 34.998267], [138.43634, 34.99865], [138.436751, 34.998668], [138.436895, 34.998249], [138.437261, 34.997884], [138.438026, 34.997474], [138.437613, 34.9972], [138.438268, 34.996562], [138.437624, 34.996097], [138.438056, 34.995687], [138.437546, 34.995222], [138.438379, 34.994164], [138.438966, 34.994538], [138.438789, 34.994876], [138.441705, 34.997009], [138.442334, 34.996271], [138.444264, 34.997793], [138.444996, 34.997264], [138.444753, 34.997054], [138.445329, 34.996535], [138.446066, 34.996963], [138.446454, 34.996644], [138.447441, 34.996598], [138.448073, 34.996343], [138.44836, 34.995952], [138.448516, 34.99411], [138.44886, 34.993499], [138.450048, 34.992341], [138.449625, 34.991639], [138.44984, 34.991092], [138.45044, 34.990545], [138.450873, 34.989716], [138.451671, 34.989624], [138.451883, 34.989424], [138.452004, 34.989077], [138.452381, 34.988731], [138.452519, 34.988011], [138.453393, 34.986734], [138.453869, 34.986379], [138.453699, 34.986151], [138.453666, 34.985522], [138.45442, 34.985075], [138.454665, 34.984437], [138.454543, 34.983334], [138.455083, 34.981948], [138.455061, 34.980827], [138.45475, 34.980016], [138.454884, 34.97945], [138.454916, 34.977755], [138.455349, 34.976816], [138.455371, 34.976369], [138.45637, 34.976305], [138.457318, 34.975147], [138.458171, 34.974591], [138.45897, 34.974272], [138.460586, 34.972407], [138.46163, 34.971724], [138.462218, 34.971063], [138.462603, 34.971097], [138.463143, 34.971369], [138.463218, 34.971836], [138.463808, 34.972362], [138.463894, 34.972697], [138.464986, 34.973447], [138.465401, 34.9736], [138.466615, 34.973202], [138.466898, 34.972569], [138.46681, 34.972223], [138.467335, 34.972233], [138.467539, 34.972866], [138.467748, 34.972994], [138.468373, 34.972909], [138.469009, 34.972596], [138.469316, 34.972875], [138.470796, 34.97294], [138.471908, 34.97242], [138.472164, 34.971808], [138.472168, 34.970854], [138.472874, 34.970589], [138.473004, 34.969885], [138.472786, 34.969092], [138.472081, 34.96849], [138.472146, 34.967373], [138.472486, 34.966828], [138.472356, 34.96635], [138.472615, 34.965898], [138.472745, 34.965127], [138.473416, 34.964627], [138.473885, 34.962873], [138.474453, 34.962052], [138.474561, 34.962096], [138.47477, 34.961801], [138.476281, 34.9624], [138.481061, 34.96464], [138.481891, 34.965142], [138.482157, 34.965169], [138.485942, 34.966969], [138.486766, 34.96718], [138.487185, 34.967504], [138.486717, 34.967368], [138.486593, 34.967375], [138.486681, 34.967487], [138.487213, 34.967737], [138.487637, 34.967772], [138.48814, 34.96818], [138.488527, 34.968358], [138.488746, 34.968335], [138.491124, 34.969603], [138.491391, 34.969626], [138.492369, 34.970257], [138.492883, 34.970306], [138.495086, 34.971324], [138.496591, 34.972269], [138.497066, 34.972302], [138.499357, 34.973293], [138.501148, 34.973614], [138.501736, 34.974234], [138.502571, 34.974509], [138.503172, 34.975146], [138.506714, 34.977258], [138.50748, 34.977461], [138.507822, 34.977979], [138.508246, 34.978165], [138.508574, 34.979055], [138.513634, 34.982524], [138.519179, 34.986928], [138.521744, 34.98962], [138.522483, 34.990851], [138.522657, 34.991976], [138.526626, 34.994665], [138.526786, 34.995154], [138.526315, 34.995509], [138.526375, 34.996051], [138.527132, 34.997001], [138.527272, 34.997395], [138.52728, 34.997615], [138.526921, 34.997916], [138.526932, 34.998302], [138.52767, 34.999452], [138.528228, 35.000784], [138.528335, 35.002887], [138.529437, 35.005452], [138.531237, 35.007767], [138.531607, 35.008719], [138.532641, 35.009963], [138.532949, 35.010622], [138.533612, 35.01256], [138.533674, 35.013427], [138.533537, 35.014019], [138.532996, 35.014959], [138.532264, 35.015539], [138.528711, 35.016981], [138.523454, 35.0196], [138.521859, 35.020642], [138.521442, 35.020681], [138.520216, 35.020349], [138.519361, 35.020349], [138.516451, 35.020631], [138.515815, 35.020794], [138.515274, 35.020141], [138.515507, 35.01956], [138.51613, 35.019217], [138.517499, 35.017904], [138.517978, 35.017414], [138.518252, 35.016772], [138.518354, 35.015562], [138.518245, 35.014779], [138.518505, 35.014153], [138.518768, 35.013916], [138.518747, 35.01361], [138.518569, 35.013249], [138.5177, 35.013315], [138.517612, 35.012712], [138.518267, 35.012641], [138.518232, 35.01242], [138.517556, 35.012458], [138.517501, 35.011767], [138.517861, 35.011584], [138.51823, 35.011563], [138.51837, 35.011338], [138.5182, 35.011243], [138.519751, 35.008859], [138.519666, 35.007971], [138.517878, 35.008014], [138.517849, 35.007893], [138.517431, 35.007917], [138.517384, 35.007765], [138.517144, 35.007798], [138.517507, 35.010352], [138.517346, 35.010371], [138.517349, 35.010516], [138.517094, 35.010559], [138.516515, 35.011563], [138.515347, 35.012612], [138.514422, 35.01271], [138.512816, 35.015015], [138.512482, 35.015032], [138.512482, 35.014899], [138.512722, 35.014879], [138.514188, 35.012729], [138.512172, 35.012897], [138.511361, 35.012375], [138.510726, 35.01242], [138.510808, 35.011304], [138.510919, 35.011169], [138.510551, 35.011204], [138.510425, 35.012456], [138.507701, 35.012733], [138.5078, 35.013555], [138.505585, 35.013776], [138.505406, 35.012854], [138.503033, 35.012503], [138.504277, 35.015276], [138.512128, 35.014899], [138.512128, 35.015031], [138.50416, 35.015425], [138.502814, 35.012475], [138.502225, 35.012408], [138.502644, 35.011967], [138.502521, 35.011501], [138.502501, 35.009114], [138.502627, 35.009086], [138.502644, 35.006918], [138.50539, 35.006597], [138.505229, 35.005089], [138.506639, 35.004941], [138.50653, 35.003737], [138.506696, 35.003687], [138.506652, 35.003487], [138.506204, 35.003543], [138.506212, 35.00367], [138.504376, 35.003956], [138.504363, 35.004111], [138.503997, 35.004108], [138.503997, 35.003493], [138.503754, 35.003501], [138.50371, 35.00438], [138.501217, 35.004531], [138.50109, 35.002263], [138.502409, 35.001596], [138.502621, 35.001376], [138.502496, 35.001192], [138.501519, 35.001623], [138.501447, 35.001478], [138.505319, 34.999603], [138.506227, 35.000738], [138.507024, 35.000346], [138.50713, 35.000461], [138.507241, 35.000382], [138.50631, 34.99902], [138.509132, 34.997573], [138.509446, 34.997781], [138.509557, 34.997686], [138.509495, 34.997522], [138.50977, 34.997255], [138.510002, 34.997255], [138.510847, 34.99646], [138.511455, 34.99531], [138.511542, 34.99459], [138.511186, 34.991439], [138.511063, 34.991439], [138.511077, 34.990566], [138.510523, 34.990718], [138.509791, 34.98926], [138.510229, 34.989057], [138.508369, 34.986804], [138.508143, 34.986996], [138.507732, 34.986728], [138.507599, 34.986848], [138.507441, 34.986746], [138.507554, 34.986574], [138.507275, 34.986382], [138.507295, 34.986202], [138.506605, 34.985926], [138.505791, 34.985712], [138.50521, 34.985734], [138.505162, 34.985633], [138.504109, 34.985633], [138.503124, 34.985858], [138.502475, 34.986235], [138.502361, 34.986432], [138.500697, 34.987339], [138.499897, 34.98837], [138.49974, 34.988544], [138.499589, 34.988494], [138.498994, 34.989265], [138.499336, 34.9894], [138.497321, 34.992523], [138.496426, 34.992103], [138.49604, 34.992407], [138.496054, 34.992752], [138.497644, 34.992795], [138.499699, 34.989552], [138.499938, 34.989423], [138.500197, 34.989507], [138.503083, 34.991591], [138.503753, 34.991366], [138.504307, 34.992577], [138.503552, 34.993056], [138.502501, 34.991967], [138.502261, 34.992029], [138.497721, 34.99627], [138.497499, 34.996219], [138.497359, 35.001999], [138.497661, 35.002747], [138.497631, 35.010116], [138.497269, 35.010111], [138.497269, 35.009761], [138.496258, 35.009772], [138.495593, 35.008497], [138.494973, 35.008571], [138.494791, 35.008914], [138.495208, 35.009016], [138.49504, 35.009401], [138.495561, 35.010252], [138.494567, 35.010672], [138.493986, 35.010413], [138.493672, 35.010438], [138.493394, 35.011054], [138.493482, 35.01116], [138.493934, 35.011077], [138.493971, 35.011242], [138.492627, 35.012765], [138.494667, 35.012793], [138.496094, 35.011356], [138.496546, 35.011618], [138.495869, 35.012294], [138.495712, 35.01678], [138.49354, 35.017777], [138.492677, 35.019529], [138.492516, 35.019522], [138.492519, 35.019325], [138.490883, 35.019249], [138.490894, 35.02234], [138.492387, 35.022302], [138.49239, 35.022164], [138.492622, 35.022159], [138.492697, 35.021895], [138.494793, 35.021845], [138.494999, 35.019223], [138.496007, 35.01834], [138.499111, 35.026683], [138.496766, 35.031001], [138.496327, 35.030578], [138.493973, 35.031363], [138.492599, 35.028948], [138.491091, 35.029798], [138.491194, 35.029942], [138.492524, 35.02934], [138.494127, 35.032063], [138.495264, 35.033176], [138.495521, 35.033069], [138.496339, 35.033644], [138.496239, 35.033831], [138.497454, 35.034544], [138.498602, 35.03309], [138.499112, 35.031834], [138.500367, 35.029767], [138.502465, 35.03122], [138.500774, 35.034396], [138.499904, 35.035609], [138.501154, 35.036356], [138.502866, 35.036437], [138.50576, 35.03123], [138.508496, 35.03347], [138.506145, 35.041547], [138.506032, 35.041605], [138.5048, 35.041362], [138.504499, 35.042084], [138.505704, 35.042574], [138.505752, 35.042498], [138.508661, 35.043854], [138.508464, 35.044419], [138.508694, 35.044486], [138.508857, 35.044392], [138.509046, 35.043914], [138.509234, 35.043954], [138.509595, 35.042837], [138.508653, 35.042611], [138.511197, 35.03544], [138.511314, 35.035441], [138.512569, 35.036434], [138.510948, 35.043163], [138.51306, 35.043171], [138.51487, 35.038271], [138.515901, 35.038207], [138.51682, 35.038833], [138.517029, 35.03852], [138.520432, 35.040692], [138.520119, 35.041088], [138.520432, 35.042278], [138.519117, 35.043761], [138.521393, 35.045202], [138.51912, 35.04765], [138.522607, 35.049911], [138.528385, 35.052905], [138.530791, 35.054531], [138.531661, 35.054914], [138.533495, 35.055348], [138.534056, 35.055613], [138.534857, 35.056222], [138.534994, 35.057561], [138.535535, 35.058609], [138.53652, 35.05982], [138.537855, 35.061127], [138.538102, 35.061617], [138.539772, 35.063374], [138.540224, 35.064033], [138.540757, 35.065193], [138.541229, 35.067255], [138.542763, 35.070043], [138.543112, 35.071806], [138.543522, 35.072583], [138.545165, 35.074656], [138.54548, 35.074678], [138.545808, 35.075016], [138.546856, 35.077004], [138.547992, 35.080463], [138.548382, 35.080925], [138.548947, 35.081174], [138.547836, 35.081192], [138.547945, 35.081758], [138.548105, 35.081871], [138.549148, 35.086619], [138.550629, 35.090443], [138.552255, 35.093898], [138.555919, 35.099], [138.556278, 35.099119], [138.556681, 35.098983], [138.557249, 35.099342], [138.557707, 35.099353], [138.557699, 35.09945], [138.557209, 35.09945], [138.556675, 35.09913], [138.556222, 35.099237], [138.555887, 35.099184], [138.555089, 35.099458], [138.555486, 35.100152], [138.555608, 35.100161], [138.556548, 35.101456], [138.558014, 35.102216], [138.558249, 35.101946], [138.556066, 35.100088], [138.55637, 35.099743], [138.556654, 35.099757], [138.558795, 35.101649], [138.560184, 35.102498], [138.563132, 35.103983], [138.566783, 35.105463], [138.569865, 35.10712], [138.573421, 35.109836], [138.573923, 35.110069], [138.574052, 35.110227], [138.573747, 35.11017], [138.573823, 35.11036], [138.578191, 35.111611], [138.588096, 35.112365], [138.59218, 35.112956], [138.596956, 35.113981], [138.597429, 35.114347], [138.597922, 35.114511], [138.598847, 35.114477], [138.599629, 35.114792], [138.600273, 35.114764], [138.6013, 35.115102], [138.602397, 35.115108], [138.602849, 35.115232], [138.602715, 35.115332], [138.602806, 35.115382], [138.603377, 35.115198], [138.604761, 35.115254], [138.607331, 35.115069], [138.608098, 35.115069], [138.608205, 35.115157], [138.608481, 35.115001], [138.611024, 35.114899], [138.611682, 35.114612], [138.612908, 35.115102], [138.614155, 35.114905], [138.614731, 35.115007], [138.615087, 35.114793], [138.615512, 35.114945], [138.615971, 35.114798], [138.616554, 35.114917], [138.616931, 35.114804], [138.617354, 35.114909], [138.617814, 35.114787], [138.6201, 35.114977], [138.620446, 35.114922], [138.621885, 35.115251], [138.622261, 35.115226], [138.622727, 35.115418], [138.627044, 35.115621], [138.628031, 35.115553], [138.628216, 35.115581], [138.628441, 35.115989], [138.628738, 35.11608], [138.630181, 35.116102], [138.631338, 35.115966], [138.631528, 35.116062], [138.631847, 35.115966], [138.633614, 35.115989], [138.635397, 35.115839], [138.637254, 35.115331], [138.638042, 35.114886], [138.639332, 35.114979], [138.631806, 35.128695], [138.629931, 35.133675], [138.625639, 35.132976], [138.624332, 35.132614], [138.621885, 35.132384], [138.618327, 35.131732], [138.617232, 35.130907], [138.617198, 35.130193], [138.616725, 35.129474], [138.616564, 35.129354], [138.615784, 35.129497], [138.615409, 35.129026], [138.614402, 35.129499], [138.612772, 35.129597], [138.611866, 35.128918], [138.611239, 35.129012], [138.611154, 35.1292], [138.611399, 35.129428], [138.611373, 35.129725], [138.610662, 35.130124], [138.610247, 35.130874], [138.608975, 35.131014], [138.608768, 35.13112], [138.608677, 35.131357], [138.608065, 35.131682], [138.607548, 35.132151], [138.607309, 35.132186], [138.60626, 35.131899], [138.605665, 35.131959], [138.605323, 35.132192], [138.605212, 35.133197], [138.604902, 35.13364], [138.60503, 35.134357], [138.604078, 35.135334], [138.603338, 35.136412], [138.602917, 35.137557], [138.602937, 35.138334], [138.602639, 35.138387], [138.602275, 35.138643], [138.60205, 35.139094], [138.60221, 35.139729], [138.601877, 35.140034], [138.601288, 35.141138], [138.600987, 35.142494], [138.600645, 35.142937], [138.599789, 35.143525], [138.599257, 35.14367], [138.598617, 35.143311], [138.596664, 35.143437], [138.596169, 35.143183], [138.595793, 35.143137], [138.594807, 35.143439], [138.594101, 35.143434], [138.592736, 35.143696], [138.590739, 35.143495], [138.589482, 35.143665], [138.588299, 35.143649], [138.586454, 35.143332], [138.585913, 35.143473], [138.585526, 35.143866], [138.58422, 35.143344], [138.582793, 35.14349], [138.581436, 35.143414], [138.580745, 35.143601], [138.579705, 35.144105], [138.578645, 35.144925], [138.577581, 35.145454], [138.577407, 35.145644], [138.577362, 35.146629], [138.576372, 35.146755], [138.57538, 35.147929], [138.573503, 35.148683], [138.573113, 35.149031], [138.57214, 35.149413], [138.571041, 35.149083], [138.570534, 35.150355], [138.570434, 35.151082], [138.569778, 35.151354], [138.56878, 35.152268], [138.568239, 35.152327], [138.567074, 35.151857], [138.566416, 35.150759], [138.565838, 35.150389], [138.565207, 35.15107], [138.564206, 35.151017], [138.563855, 35.151159], [138.563687, 35.151389], [138.56358, 35.152139], [138.563617, 35.153133], [138.563122, 35.153482], [138.561947, 35.153905], [138.561516, 35.154301], [138.561333, 35.154695], [138.560079, 35.155704], [138.558657, 35.156636], [138.558331, 35.157567], [138.559152, 35.158022], [138.559142, 35.158412], [138.558889, 35.15893], [138.558404, 35.159315], [138.557789, 35.158638], [138.557571, 35.15796], [138.557109, 35.157397], [138.556463, 35.156089], [138.555798, 35.155354], [138.554913, 35.155177], [138.554263, 35.154764], [138.553692, 35.155132], [138.552819, 35.155096], [138.552327, 35.154801], [138.552027, 35.154016], [138.551642, 35.153875], [138.551129, 35.153977], [138.550526, 35.154345], [138.549469, 35.154309], [138.54794, 35.154649], [138.547602, 35.154548], [138.546429, 35.153663], [138.545993, 35.153492], [138.545426, 35.152691], [138.545195, 35.152557], [138.543925, 35.152337], [138.542947, 35.15251], [138.541388, 35.151799], [138.538582, 35.151682], [138.539191, 35.153374], [138.539185, 35.153724], [138.538759, 35.15464], [138.538324, 35.155024], [138.53817, 35.155788], [138.537623, 35.156163], [138.536746, 35.158388], [138.536564, 35.159852], [138.536129, 35.160816], [138.535247, 35.160857], [138.535237, 35.161544], [138.53512, 35.161593], [138.534256, 35.161594], [138.53303, 35.161412], [138.532657, 35.161762], [138.532009, 35.162057], [138.531469, 35.162866], [138.530414, 35.163019], [138.529931, 35.164194], [138.529095, 35.165032], [138.528362, 35.165326], [138.527301, 35.165494], [138.525702, 35.166075], [138.525779, 35.167136], [138.526062, 35.16785], [138.526056, 35.168429], [138.526358, 35.168812], [138.525768, 35.169692], [138.526, 35.170058], [138.526064, 35.171313], [138.525841, 35.172137], [138.52541, 35.172742], [138.525526, 35.173561], [138.525251, 35.174134], [138.525182, 35.174693], [138.525264, 35.174954], [138.525879, 35.175378], [138.525909, 35.175817], [138.525625, 35.176148], [138.525066, 35.176395], [138.524299, 35.177137], [138.524222, 35.178118], [138.523972, 35.178445], [138.524041, 35.17943], [138.523933, 35.179801], [138.523572, 35.180628], [138.522956, 35.181508], [138.52228, 35.18173], [138.521931, 35.182247], [138.521204, 35.182311], [138.520459, 35.182146], [138.519925, 35.182234], [138.519568, 35.182537], [138.519051, 35.183494], [138.518345, 35.184333], [138.518332, 35.18468], [138.519098, 35.185032], [138.519404, 35.185314], [138.519197, 35.186565], [138.519568, 35.187191], [138.519322, 35.187348], [138.519116, 35.1878], [138.519382, 35.188523], [138.519283, 35.189043], [138.518586, 35.189717], [138.518569, 35.190113], [138.519141, 35.191514], [138.519576, 35.192171], [138.519429, 35.192692], [138.519752, 35.193212], [138.519856, 35.194012], [138.520648, 35.195045], [138.521569, 35.195307], [138.522576, 35.196212], [138.522576, 35.196769], [138.52221, 35.198266], [138.522421, 35.199158]]], [[[138.55634, 35.096475], [138.556471, 35.096387], [138.558762, 35.099039], [138.558563, 35.099121], [138.55634, 35.096475]]], [[[138.519032, 35.028485], [138.519444, 35.027793], [138.519569, 35.027865], [138.519179, 35.028509], [138.522927, 35.038078], [138.523567, 35.038537], [138.523471, 35.038639], [138.522751, 35.038102], [138.519032, 35.028485]]], [[[138.523334, 35.021284], [138.523626, 35.021165], [138.523728, 35.021378], [138.52356, 35.021426], [138.524639, 35.023725], [138.524464, 35.023772], [138.523334, 35.021284]]]]}}, {"type": "Feature", "properties": {"pref_code": "22", "pref_name": "静岡県", "municipality_code": "22138", "municipality_name": "浜松市", "ward_name": "中央区", "display_name": "浜松市 中央区", "geometry_key": "22138"}, "geometry": {"type": "MultiPolygon", "coordinates": [[[[137.82248, 34.77418], [137.821638, 34.774876], [137.815629, 34.776462], [137.813085, 34.777675], [137.811765, 34.777948], [137.811781, 34.778088], [137.811049, 34.778168], [137.811441, 34.779019], [137.811466, 34.779132], [137.811355, 34.779142], [137.811608, 34.780239], [137.81058, 34.77987], [137.810578, 34.780366], [137.810882, 34.78334], [137.811355, 34.785113], [137.809772, 34.785492], [137.806822, 34.786472], [137.80281, 34.786457], [137.801937, 34.784746], [137.802004, 34.783597], [137.801137, 34.782931], [137.800308, 34.781808], [137.800348, 34.780801], [137.800744, 34.7802], [137.800871, 34.779746], [137.800223, 34.778422], [137.798338, 34.777106], [137.79781, 34.776892], [137.796223, 34.775893], [137.795704, 34.775392], [137.795187, 34.775167], [137.794738, 34.775214], [137.794778, 34.775076], [137.793297, 34.774377], [137.792348, 34.77377], [137.791506, 34.773392], [137.791322, 34.773428], [137.791185, 34.773248], [137.787877, 34.773233], [137.78726, 34.774011], [137.785926, 34.775], [137.785522, 34.775778], [137.785722, 34.775918], [137.786071, 34.777244], [137.786047, 34.778712], [137.785815, 34.780022], [137.78532, 34.780108], [137.784575, 34.779805], [137.783868, 34.779948], [137.78286, 34.779058], [137.78174, 34.779192], [137.781641, 34.778882], [137.781426, 34.77893], [137.78101, 34.77811], [137.779374, 34.778525], [137.778915, 34.778536], [137.77889, 34.778459], [137.778414, 34.778513], [137.778351, 34.778176], [137.777421, 34.778226], [137.777271, 34.777874], [137.776883, 34.777668], [137.776285, 34.77789], [137.776159, 34.778653], [137.775756, 34.778722], [137.775349, 34.779385], [137.775198, 34.780259], [137.775168, 34.780542], [137.775724, 34.780762], [137.775812, 34.780936], [137.775571, 34.782762], [137.774413, 34.782346], [137.773449, 34.782212], [137.772184, 34.782366], [137.770652, 34.782174], [137.767981, 34.781693], [137.765688, 34.781102], [137.76585, 34.780566], [137.76636, 34.780198], [137.766847, 34.778892], [137.766535, 34.777716], [137.766279, 34.777774], [137.766241, 34.777592], [137.765899, 34.77742], [137.766097, 34.777127], [137.764968, 34.776959], [137.764283, 34.7763], [137.764144, 34.776327], [137.763942, 34.775704], [137.758964, 34.775796], [137.758991, 34.776656], [137.758373, 34.776673], [137.75814, 34.77703], [137.756198, 34.776223], [137.75582, 34.775942], [137.755044, 34.77658], [137.754745, 34.777072], [137.753419, 34.777756], [137.752514, 34.778052], [137.74935, 34.778708], [137.749615, 34.779033], [137.748449, 34.779546], [137.746931, 34.779642], [137.746282, 34.779482], [137.745979, 34.780091], [137.74546, 34.780122], [137.744807, 34.779964], [137.743329, 34.780522], [137.742604, 34.78092], [137.740578, 34.780721], [137.739464, 34.780373], [137.738282, 34.78031], [137.738895, 34.78084], [137.739283, 34.781925], [137.738943, 34.782669], [137.739159, 34.783112], [137.739723, 34.783587], [137.739894, 34.78448], [137.739661, 34.784869], [137.739325, 34.785044], [137.738752, 34.785036], [137.73831, 34.785165], [137.737259, 34.786851], [137.737588, 34.787551], [137.737644, 34.788445], [137.737349, 34.789252], [137.738115, 34.79001], [137.738786, 34.790244], [137.740012, 34.791098], [137.741238, 34.793657], [137.742929, 34.79393], [137.743136, 34.795885], [137.743058, 34.796116], [137.742091, 34.796174], [137.741601, 34.79669], [137.741871, 34.796944], [137.742812, 34.796908], [137.742871, 34.797343], [137.740313, 34.799116], [137.740593, 34.79975], [137.7408, 34.799674], [137.740957, 34.799324], [137.741331, 34.79927], [137.74217, 34.799737], [137.742427, 34.799424], [137.742448, 34.798969], [137.743502, 34.798838], [137.743636, 34.798351], [137.743865, 34.798416], [137.744286, 34.798916], [137.744018, 34.800269], [137.744588, 34.801163], [137.744582, 34.801822], [137.744921, 34.802684], [137.745086, 34.802675], [137.7452, 34.802191], [137.745995, 34.802636], [137.745841, 34.803676], [137.745042, 34.804076], [137.745042, 34.804589], [137.746281, 34.804857], [137.746705, 34.805149], [137.744146, 34.80511], [137.744098, 34.805216], [137.744075, 34.805112], [137.740657, 34.805202], [137.740663, 34.805317], [137.7383, 34.80533], [137.735679, 34.80551], [137.733209, 34.805484], [137.730865, 34.805608], [137.730858, 34.805903], [137.728211, 34.806003], [137.728216, 34.805832], [137.727153, 34.805927], [137.727474, 34.806032], [137.724573, 34.806141], [137.724566, 34.805978], [137.724264, 34.805988], [137.72429, 34.806151], [137.721029, 34.80627], [137.720824, 34.806082], [137.719013, 34.80554], [137.714292, 34.805304], [137.713308, 34.80484], [137.713336, 34.80474], [137.712047, 34.804363], [137.71193, 34.804508], [137.710647, 34.804222], [137.71043, 34.803449], [137.709552, 34.803113], [137.708153, 34.802861], [137.707518, 34.802601], [137.703408, 34.802452], [137.701624, 34.801366], [137.700979, 34.801238], [137.701084, 34.800854], [137.698139, 34.799995], [137.698232, 34.79989], [137.69746, 34.799606], [137.695005, 34.798072], [137.695089, 34.797977], [137.69324, 34.796344], [137.693328, 34.796241], [137.692001, 34.795292], [137.691678, 34.795663], [137.687627, 34.792934], [137.686866, 34.792133], [137.687075, 34.791905], [137.685686, 34.79094], [137.68491, 34.790222], [137.68659, 34.789473], [137.687342, 34.78894], [137.689526, 34.791071], [137.690841, 34.791723], [137.690779, 34.79314], [137.691956, 34.794066], [137.692272, 34.793732], [137.692987, 34.794159], [137.693816, 34.793023], [137.693658, 34.792776], [137.694705, 34.79255], [137.695044, 34.79216], [137.695068, 34.791214], [137.694852, 34.790974], [137.695185, 34.790281], [137.69541, 34.790142], [137.695328, 34.789297], [137.694588, 34.788942], [137.693711, 34.788822], [137.692807, 34.788529], [137.691503, 34.787752], [137.690885, 34.788055], [137.690293, 34.788187], [137.689496, 34.787122], [137.689094, 34.787047], [137.687971, 34.786501], [137.686784, 34.786206], [137.686675, 34.78598], [137.686235, 34.785708], [137.686171, 34.785346], [137.685601, 34.784493], [137.6859, 34.784341], [137.685933, 34.783583], [137.685405, 34.783748], [137.684964, 34.783619], [137.684681, 34.783814], [137.68419, 34.783614], [137.682722, 34.784338], [137.681963, 34.78549], [137.681142, 34.787484], [137.680203, 34.78826], [137.679108, 34.787801], [137.678573, 34.787707], [137.678378, 34.787933], [137.677466, 34.787404], [137.672424, 34.785976], [137.668591, 34.784498], [137.667576, 34.783214], [137.667038, 34.781933], [137.66647, 34.781268], [137.666562, 34.781158], [137.666098, 34.780875], [137.666358, 34.781234], [137.655946, 34.778931], [137.653985, 34.777999], [137.653492, 34.778037], [137.651598, 34.7778], [137.650449, 34.777932], [137.649127, 34.777551], [137.648273, 34.777889], [137.647218, 34.777945], [137.646507, 34.778438], [137.644504, 34.778143], [137.641785, 34.778762], [137.641029, 34.778764], [137.63952, 34.77909], [137.635071, 34.778518], [137.633905, 34.778622], [137.633469, 34.778858], [137.633192, 34.779298], [137.632025, 34.778707], [137.631576, 34.778606], [137.630407, 34.778934], [137.629877, 34.77926], [137.629578, 34.779314], [137.628009, 34.778973], [137.62691, 34.778327], [137.626207, 34.778126], [137.625938, 34.777885], [137.623123, 34.779789], [137.621134, 34.781337], [137.619485, 34.780439], [137.610678, 34.776659], [137.604472, 34.773203], [137.593985, 34.770574], [137.591012, 34.768662], [137.587633, 34.765567], [137.580458, 34.756002], [137.571029, 34.745068], [137.565907, 34.740494], [137.566357, 34.739905], [137.568057, 34.735991], [137.569563, 34.730679], [137.570291, 34.723299], [137.571993, 34.719914], [137.573063, 34.715517], [137.575917, 34.708067], [137.582813, 34.703781], [137.587527, 34.701403], [137.587564, 34.69884], [137.589484, 34.69721], [137.590674, 34.694843], [137.590619, 34.694675], [137.592956, 34.694255], [137.594956, 34.693721], [137.594853, 34.693483], [137.598579, 34.692161], [137.598722, 34.690714], [137.598094, 34.688897], [137.596969, 34.686642], [137.598539, 34.684302], [137.597772, 34.677967], [137.598728, 34.677906], [137.598683, 34.675055], [137.598829, 34.675055], [137.59882, 34.675785], [137.599234, 34.675968], [137.603078, 34.676233], [137.606823, 34.676159], [137.608781, 34.676318], [137.612541, 34.675999], [137.615207, 34.676023], [137.617303, 34.675768], [137.619006, 34.675846], [137.621306, 34.675581], [137.623074, 34.675675], [137.624116, 34.675463], [137.62905, 34.674956], [137.6304, 34.675083], [137.633244, 34.67482], [137.633992, 34.67463], [137.636156, 34.674701], [137.639118, 34.674245], [137.640272, 34.674262], [137.641177, 34.67408], [137.641923, 34.674087], [137.64504, 34.673582], [137.646209, 34.673767], [137.647136, 34.673689], [137.651208, 34.673031], [137.653697, 34.672987], [137.65762, 34.672207], [137.658684, 34.67215], [137.659708, 34.672251], [137.660643, 34.672165], [137.663436, 34.671686], [137.665445, 34.671642], [137.666688, 34.671291], [137.669271, 34.671012], [137.67033, 34.67078], [137.672383, 34.670726], [137.677016, 34.669788], [137.680337, 34.669462], [137.687151, 34.668422], [137.68837, 34.66805], [137.691986, 34.667367], [137.694476, 34.666741], [137.695477, 34.666643], [137.696352, 34.666813], [137.697578, 34.6667], [137.702812, 34.66568], [137.70889, 34.664935], [137.711749, 34.66414], [137.71504, 34.663996], [137.718558, 34.663197], [137.720168, 34.663131], [137.720935, 34.662966], [137.721518, 34.663073], [137.72323, 34.663042], [137.724149, 34.662715], [137.725094, 34.661994], [137.726879, 34.661895], [137.729836, 34.661136], [137.730484, 34.660706], [137.73079, 34.660168], [137.731509, 34.660351], [137.732372, 34.66034], [137.735206, 34.659924], [137.736004, 34.65954], [137.736562, 34.658912], [137.737666, 34.659203], [137.740732, 34.659077], [137.744169, 34.658604], [137.747578, 34.6578], [137.748496, 34.657724], [137.747986, 34.65638], [137.748576, 34.657679], [137.74866, 34.656728], [137.748213, 34.65563], [137.748751, 34.656823], [137.749758, 34.65662], [137.750417, 34.656307], [137.750786, 34.655844], [137.751327, 34.655989], [137.751804, 34.655842], [137.752069, 34.655506], [137.751928, 34.655216], [137.752192, 34.655171], [137.752239, 34.655362], [137.752492, 34.655541], [137.752981, 34.655559], [137.753415, 34.655305], [137.753479, 34.654998], [137.753345, 34.654928], [137.753675, 34.654862], [137.753865, 34.6551], [137.754353, 34.65518], [137.754717, 34.654964], [137.754796, 34.654714], [137.754668, 34.654646], [137.755039, 34.654541], [137.75517, 34.654523], [137.755377, 34.654742], [137.755661, 34.654754], [137.755993, 34.65452], [137.75597, 34.654304], [137.756417, 34.654222], [137.756622, 34.654452], [137.757061, 34.654463], [137.7574, 34.654295], [137.757422, 34.653976], [137.757801, 34.653899], [137.757988, 34.654129], [137.758353, 34.654149], [137.758742, 34.653943], [137.758753, 34.653645], [137.759195, 34.653484], [137.759385, 34.653656], [137.75975, 34.653642], [137.759992, 34.653427], [137.75995, 34.653247], [137.760123, 34.653191], [137.76033, 34.653416], [137.760703, 34.653437], [137.761009, 34.653225], [137.760938, 34.652922], [137.761184, 34.652856], [137.761292, 34.653087], [137.761657, 34.65316], [137.762057, 34.653042], [137.762268, 34.652752], [137.762814, 34.652819], [137.76305, 34.652603], [137.762966, 34.652337], [137.763084, 34.65231], [137.763412, 34.65261], [137.763883, 34.652582], [137.764171, 34.652324], [137.764432, 34.652333], [137.764843, 34.652153], [137.764969, 34.651882], [137.764822, 34.651787], [137.765612, 34.651573], [137.765855, 34.651648], [137.76678, 34.651289], [137.766672, 34.651104], [137.76679, 34.650653], [137.76666, 34.650333], [137.767115, 34.650214], [137.767191, 34.650432], [137.767394, 34.650539], [137.768016, 34.650579], [137.768506, 34.650252], [137.768602, 34.649714], [137.769056, 34.649598], [137.769542, 34.649803], [137.769994, 34.649804], [137.770365, 34.649608], [137.770582, 34.649224], [137.771572, 34.648966], [137.771794, 34.649002], [137.772188, 34.648752], [137.773651, 34.648386], [137.774049, 34.648412], [137.774368, 34.64817], [137.775512, 34.647921], [137.776146, 34.648048], [137.776749, 34.647697], [137.777489, 34.647558], [137.777745, 34.647869], [137.778146, 34.647769], [137.778928, 34.648075], [137.779599, 34.647892], [137.780342, 34.647915], [137.780505, 34.648205], [137.781282, 34.64835], [137.78489, 34.648287], [137.786595, 34.648123], [137.789036, 34.648265], [137.79006, 34.64789], [137.791505, 34.647713], [137.79637, 34.646475], [137.798635, 34.64634], [137.79802, 34.647357], [137.797011, 34.648314], [137.789982, 34.65023], [137.789772, 34.65326], [137.788013, 34.653213], [137.787897, 34.653305], [137.787206, 34.656301], [137.787205, 34.657282], [137.787431, 34.658578], [137.787385, 34.661855], [137.787498, 34.662428], [137.787947, 34.663377], [137.788265, 34.665152], [137.787306, 34.666413], [137.787568, 34.669984], [137.789668, 34.670651], [137.79016, 34.670939], [137.790218, 34.674006], [137.789784, 34.673999], [137.789729, 34.674154], [137.790086, 34.681444], [137.791626, 34.681696], [137.793333, 34.684669], [137.795318, 34.696478], [137.79493, 34.696713], [137.79493, 34.69688], [137.795333, 34.698375], [137.796395, 34.698421], [137.798513, 34.698178], [137.798571, 34.697733], [137.799012, 34.697269], [137.799531, 34.697224], [137.799823, 34.69752], [137.800415, 34.697604], [137.800594, 34.699314], [137.800324, 34.699387], [137.80031, 34.699644], [137.800627, 34.701272], [137.800217, 34.701402], [137.800241, 34.701781], [137.802916, 34.715649], [137.803367, 34.719133], [137.804749, 34.719011], [137.804973, 34.722112], [137.80417, 34.722382], [137.805748, 34.729784], [137.813106, 34.74756], [137.818899, 34.756435], [137.82248, 34.77418]]], [[[137.5976, 34.672989], [137.597732, 34.672922], [137.598849, 34.674662], [137.598721, 34.674715], [137.5976, 34.672989]]]]}}, {"type": "Feature", "properties": {"pref_code": "22", "pref_name": "静岡県", "municipality_code": "22139", "municipality_name": "浜松市", "ward_name": "浜名区", "display_name": "浜松市 浜名区", "geometry_key": "22139"}, "geometry": {"type": "Polygon", "coordinates": [[[137.704261, 34.969998], [137.703005, 34.970339], [137.70168, 34.970239], [137.700601, 34.970567], [137.699096, 34.970744], [137.697611, 34.971786], [137.697046, 34.971944], [137.696131, 34.971429], [137.694632, 34.970258], [137.694187, 34.969592], [137.694349, 34.96816], [137.694163, 34.967744], [137.692771, 34.966136], [137.692003, 34.965599], [137.691376, 34.964817], [137.690781, 34.964364], [137.690489, 34.963887], [137.690144, 34.963762], [137.689826, 34.963797], [137.69015, 34.96328], [137.690506, 34.96298], [137.690653, 34.96246], [137.690027, 34.960987], [137.690312, 34.960347], [137.690293, 34.959848], [137.689211, 34.959124], [137.689621, 34.958503], [137.68951, 34.956737], [137.687591, 34.956147], [137.687048, 34.955415], [137.686576, 34.955264], [137.686055, 34.954611], [137.684628, 34.95454], [137.684172, 34.954682], [137.68353, 34.955149], [137.682976, 34.955035], [137.682331, 34.953669], [137.680446, 34.951697], [137.680122, 34.949134], [137.679446, 34.948864], [137.678714, 34.948804], [137.677872, 34.94841], [137.677402, 34.947396], [137.67722, 34.946478], [137.676309, 34.946013], [137.675747, 34.945417], [137.675498, 34.945351], [137.674316, 34.946089], [137.673526, 34.946179], [137.672971, 34.946749], [137.671167, 34.948037], [137.670548, 34.948289], [137.669293, 34.948306], [137.668315, 34.948155], [137.667369, 34.947766], [137.665879, 34.947609], [137.664575, 34.946986], [137.664117, 34.946951], [137.663761, 34.94718], [137.663406, 34.94715], [137.662726, 34.946419], [137.661288, 34.945554], [137.661039, 34.945533], [137.65928, 34.944358], [137.658087, 34.942934], [137.657766, 34.94176], [137.656431, 34.93987], [137.65638, 34.939124], [137.656662, 34.938209], [137.655494, 34.93709], [137.655011, 34.9363], [137.653465, 34.935411], [137.652376, 34.934957], [137.650998, 34.933356], [137.651004, 34.932606], [137.651207, 34.931975], [137.651752, 34.931251], [137.652646, 34.930443], [137.652643, 34.928775], [137.653148, 34.927005], [137.65314, 34.926592], [137.652832, 34.925826], [137.652841, 34.925486], [137.652289, 34.925053], [137.652051, 34.924532], [137.651339, 34.923806], [137.650874, 34.922929], [137.650728, 34.921927], [137.649862, 34.92071], [137.648991, 34.919948], [137.646951, 34.918762], [137.64729, 34.917319], [137.64669, 34.916241], [137.647503, 34.914637], [137.647592, 34.914234], [137.647409, 34.913518], [137.647864, 34.912132], [137.647135, 34.911062], [137.647044, 34.910409], [137.6467, 34.90992], [137.646351, 34.909002], [137.646383, 34.908416], [137.646026, 34.908121], [137.645064, 34.907831], [137.643461, 34.908232], [137.64299, 34.908118], [137.642746, 34.907952], [137.642468, 34.907098], [137.641912, 34.906424], [137.641121, 34.905849], [137.640526, 34.904973], [137.640406, 34.901576], [137.640793, 34.899826], [137.640212, 34.899038], [137.640052, 34.898462], [137.64059, 34.898009], [137.641081, 34.897198], [137.642052, 34.896579], [137.641912, 34.895769], [137.641322, 34.894623], [137.641252, 34.893083], [137.640036, 34.892369], [137.638992, 34.890879], [137.638632, 34.890816], [137.638123, 34.890971], [137.637375, 34.890968], [137.636699, 34.890023], [137.635792, 34.889555], [137.635399, 34.888561], [137.634576, 34.887551], [137.633554, 34.885455], [137.632761, 34.885263], [137.631428, 34.885138], [137.630387, 34.884307], [137.629581, 34.88319], [137.627899, 34.882148], [137.626492, 34.881601], [137.625686, 34.88154], [137.625235, 34.881218], [137.624032, 34.881279], [137.623457, 34.880625], [137.62162, 34.879746], [137.620636, 34.879049], [137.619965, 34.878955], [137.618975, 34.87908], [137.618159, 34.878637], [137.616952, 34.878356], [137.61703, 34.877139], [137.616919, 34.876284], [137.616253, 34.875341], [137.614802, 34.875009], [137.614119, 34.875031], [137.613196, 34.874538], [137.612512, 34.874649], [137.611792, 34.874608], [137.611093, 34.875051], [137.609772, 34.875028], [137.609179, 34.875149], [137.607629, 34.874975], [137.606234, 34.874544], [137.605491, 34.874183], [137.604761, 34.874371], [137.603393, 34.874258], [137.602119, 34.873637], [137.599268, 34.873103], [137.597451, 34.872447], [137.595728, 34.870296], [137.595819, 34.869915], [137.596517, 34.869137], [137.596265, 34.867881], [137.596306, 34.86633], [137.595865, 34.865651], [137.596532, 34.864639], [137.596381, 34.863382], [137.595559, 34.861879], [137.595783, 34.861005], [137.595265, 34.859188], [137.594736, 34.858362], [137.594054, 34.857936], [137.593003, 34.856482], [137.591974, 34.855731], [137.591397, 34.854754], [137.590825, 34.854227], [137.590118, 34.853024], [137.589363, 34.852379], [137.587118, 34.850963], [137.587017, 34.85004], [137.587252, 34.849576], [137.586772, 34.850038], [137.586135, 34.850202], [137.584739, 34.850096], [137.583601, 34.850405], [137.582583, 34.850162], [137.58224, 34.850186], [137.581541, 34.850488], [137.580293, 34.850685], [137.579348, 34.850625], [137.578717, 34.85072], [137.576904, 34.851428], [137.575976, 34.851112], [137.575669, 34.850735], [137.574208, 34.850449], [137.572651, 34.850918], [137.572195, 34.850951], [137.571426, 34.850763], [137.56937, 34.851501], [137.568375, 34.851604], [137.566371, 34.851573], [137.565292, 34.852115], [137.564607, 34.852191], [137.564231, 34.85177], [137.563825, 34.851656], [137.563222, 34.851638], [137.562323, 34.851885], [137.561051, 34.851591], [137.558843, 34.851482], [137.557829, 34.850909], [137.557058, 34.851023], [137.556148, 34.851538], [137.555712, 34.851649], [137.551589, 34.851864], [137.550872, 34.851391], [137.550631, 34.85106], [137.550974, 34.85035], [137.550999, 34.849428], [137.550884, 34.849203], [137.550378, 34.848848], [137.549819, 34.848861], [137.549338, 34.848713], [137.54893, 34.848318], [137.547879, 34.847775], [137.546456, 34.846651], [137.544761, 34.845599], [137.543915, 34.844288], [137.543697, 34.843196], [137.542274, 34.842049], [137.540625, 34.842234], [137.538838, 34.841792], [137.537936, 34.841935], [137.537097, 34.842282], [137.536547, 34.843328], [137.534632, 34.844152], [137.533074, 34.844056], [137.531367, 34.84368], [137.529793, 34.843586], [137.529259, 34.842478], [137.528732, 34.841909], [137.527571, 34.841488], [137.525792, 34.841498], [137.525307, 34.841305], [137.524412, 34.841205], [137.523881, 34.84098], [137.523651, 34.840481], [137.520976, 34.838561], [137.520693, 34.838018], [137.520702, 34.837429], [137.520562, 34.837159], [137.519167, 34.83666], [137.519012, 34.83639], [137.518339, 34.835988], [137.517503, 34.835837], [137.515999, 34.835989], [137.515316, 34.835791], [137.514207, 34.835239], [137.512668, 34.83477], [137.512122, 34.835029], [137.511862, 34.835018], [137.509881, 34.834438], [137.509273, 34.834465], [137.507866, 34.834976], [137.507365, 34.834658], [137.504758, 34.833937], [137.50349, 34.833291], [137.502674, 34.833496], [137.502218, 34.832956], [137.502169, 34.832267], [137.50125, 34.831985], [137.499992, 34.831336], [137.500015, 34.831098], [137.50047, 34.830388], [137.500298, 34.830103], [137.500277, 34.829658], [137.499151, 34.828802], [137.498994, 34.828533], [137.498887, 34.827742], [137.498894, 34.826662], [137.499181, 34.826136], [137.500252, 34.825279], [137.500647, 34.824276], [137.501658, 34.823351], [137.501258, 34.822658], [137.500839, 34.822201], [137.499734, 34.821502], [137.497288, 34.820679], [137.495075, 34.81948], [137.494434, 34.818312], [137.493633, 34.815427], [137.493152, 34.814771], [137.491549, 34.81394], [137.489093, 34.813292], [137.487014, 34.811749], [137.486861, 34.811223], [137.48722, 34.810576], [137.487429, 34.809242], [137.487641, 34.808861], [137.488932, 34.807679], [137.489499, 34.806564], [137.490235, 34.805765], [137.491572, 34.804827], [137.492427, 34.804516], [137.493679, 34.803501], [137.494282, 34.802233], [137.494288, 34.801201], [137.493465, 34.799092], [137.49314, 34.797248], [137.491568, 34.795741], [137.491928, 34.794785], [137.492004, 34.79203], [137.492733, 34.791226], [137.493026, 34.790616], [137.493066, 34.789841], [137.492799, 34.788778], [137.492942, 34.786866], [137.493893, 34.78576], [137.495014, 34.785177], [137.495679, 34.784509], [137.496561, 34.783911], [137.496609, 34.782838], [137.497295, 34.782051], [137.498384, 34.78157], [137.499238, 34.780757], [137.500149, 34.780284], [137.500857, 34.780115], [137.50151, 34.779612], [137.502129, 34.779481], [137.502724, 34.778046], [137.503972, 34.776786], [137.505034, 34.776182], [137.506427, 34.775842], [137.507559, 34.774429], [137.50828, 34.773922], [137.509184, 34.772986], [137.510297, 34.772079], [137.511198, 34.771746], [137.51187, 34.771097], [137.512842, 34.771088], [137.513276, 34.771536], [137.513799, 34.771292], [137.516066, 34.77162], [137.516626, 34.771603], [137.516858, 34.771502], [137.5173, 34.770976], [137.5181, 34.770614], [137.520312, 34.770199], [137.521012, 34.769491], [137.52258, 34.769635], [137.522893, 34.769564], [137.523522, 34.769239], [137.523535, 34.769012], [137.523376, 34.768855], [137.523593, 34.768518], [137.524576, 34.768195], [137.52534, 34.767754], [137.526142, 34.768164], [137.526982, 34.768383], [137.52845, 34.769243], [137.529509, 34.769311], [137.529843, 34.769929], [137.530353, 34.770229], [137.530944, 34.770809], [137.531424, 34.770889], [137.531734, 34.771149], [137.532449, 34.771268], [137.533061, 34.771524], [137.533869, 34.772922], [137.534092, 34.773051], [137.535644, 34.772904], [137.536159, 34.773079], [137.536721, 34.773052], [137.538459, 34.773444], [137.539591, 34.773567], [137.542154, 34.773379], [137.544133, 34.771725], [137.545081, 34.7714], [137.547106, 34.770241], [137.547401, 34.769932], [137.547946, 34.769782], [137.548211, 34.769205], [137.546462, 34.767273], [137.544866, 34.765054], [137.545077, 34.761638], [137.546514, 34.75935], [137.548147, 34.752691], [137.550646, 34.749071], [137.554748, 34.746285], [137.565512, 34.741009], [137.565907, 34.740494], [137.571029, 34.745068], [137.580458, 34.756002], [137.587633, 34.765567], [137.591012, 34.768662], [137.593985, 34.770574], [137.604472, 34.773203], [137.610678, 34.776659], [137.619485, 34.780439], [137.621134, 34.781337], [137.623123, 34.779789], [137.625938, 34.777885], [137.626207, 34.778126], [137.62691, 34.778327], [137.628009, 34.778973], [137.629578, 34.779314], [137.629877, 34.77926], [137.630407, 34.778934], [137.631576, 34.778606], [137.632025, 34.778707], [137.633192, 34.779298], [137.633469, 34.778858], [137.633905, 34.778622], [137.635071, 34.778518], [137.63952, 34.77909], [137.641029, 34.778764], [137.641785, 34.778762], [137.644504, 34.778143], [137.646507, 34.778438], [137.647218, 34.777945], [137.648273, 34.777889], [137.649127, 34.777551], [137.650449, 34.777932], [137.651598, 34.7778], [137.653492, 34.778037], [137.653985, 34.777999], [137.655946, 34.778931], [137.666358, 34.781234], [137.666098, 34.780875], [137.666562, 34.781158], [137.66647, 34.781268], [137.667038, 34.781933], [137.667576, 34.783214], [137.668591, 34.784498], [137.672424, 34.785976], [137.677466, 34.787404], [137.678378, 34.787933], [137.678573, 34.787707], [137.679108, 34.787801], [137.680203, 34.78826], [137.681142, 34.787484], [137.681963, 34.78549], [137.682722, 34.784338], [137.68419, 34.783614], [137.684681, 34.783814], [137.684964, 34.783619], [137.685405, 34.783748], [137.685933, 34.783583], [137.6859, 34.784341], [137.685601, 34.784493], [137.686171, 34.785346], [137.686235, 34.785708], [137.686675, 34.78598], [137.686784, 34.786206], [137.687971, 34.786501], [137.689094, 34.787047], [137.689496, 34.787122], [137.690293, 34.788187], [137.690885, 34.788055], [137.691503, 34.787752], [137.692807, 34.788529], [137.693711, 34.788822], [137.694588, 34.788942], [137.695328, 34.789297], [137.69541, 34.790142], [137.695185, 34.790281], [137.694852, 34.790974], [137.695068, 34.791214], [137.695044, 34.79216], [137.694705, 34.79255], [137.693658, 34.792776], [137.693816, 34.793023], [137.692987, 34.794159], [137.692272, 34.793732], [137.691956, 34.794066], [137.690779, 34.79314], [137.690841, 34.791723], [137.689526, 34.791071], [137.687342, 34.78894], [137.68659, 34.789473], [137.68491, 34.790222], [137.685686, 34.79094], [137.687075, 34.791905], [137.686866, 34.792133], [137.687627, 34.792934], [137.691678, 34.795663], [137.692001, 34.795292], [137.693328, 34.796241], [137.69324, 34.796344], [137.695089, 34.797977], [137.695005, 34.798072], [137.69746, 34.799606], [137.698232, 34.79989], [137.698139, 34.799995], [137.701084, 34.800854], [137.700979, 34.801238], [137.701624, 34.801366], [137.703408, 34.802452], [137.707518, 34.802601], [137.708153, 34.802861], [137.709552, 34.803113], [137.71043, 34.803449], [137.710647, 34.804222], [137.71193, 34.804508], [137.712047, 34.804363], [137.713336, 34.80474], [137.713308, 34.80484], [137.714292, 34.805304], [137.719013, 34.80554], [137.720824, 34.806082], [137.721029, 34.80627], [137.72429, 34.806151], [137.724264, 34.805988], [137.724566, 34.805978], [137.724573, 34.806141], [137.727474, 34.806032], [137.727153, 34.805927], [137.728216, 34.805832], [137.728211, 34.806003], [137.730858, 34.805903], [137.730865, 34.805608], [137.733209, 34.805484], [137.735679, 34.80551], [137.7383, 34.80533], [137.740663, 34.805317], [137.740657, 34.805202], [137.744075, 34.805112], [137.744098, 34.805216], [137.744146, 34.80511], [137.746705, 34.805149], [137.746281, 34.804857], [137.745042, 34.804589], [137.745042, 34.804076], [137.745841, 34.803676], [137.745995, 34.802636], [137.7452, 34.802191], [137.745086, 34.802675], [137.744921, 34.802684], [137.744582, 34.801822], [137.744588, 34.801163], [137.744018, 34.800269], [137.744286, 34.798916], [137.743865, 34.798416], [137.743636, 34.798351], [137.743502, 34.798838], [137.742448, 34.798969], [137.742427, 34.799424], [137.74217, 34.799737], [137.741331, 34.79927], [137.740957, 34.799324], [137.7408, 34.799674], [137.740593, 34.79975], [137.740313, 34.799116], [137.742871, 34.797343], [137.742812, 34.796908], [137.741871, 34.796944], [137.741601, 34.79669], [137.742091, 34.796174], [137.743058, 34.796116], [137.743136, 34.795885], [137.742929, 34.79393], [137.741238, 34.793657], [137.740012, 34.791098], [137.738786, 34.790244], [137.738115, 34.79001], [137.737349, 34.789252], [137.737644, 34.788445], [137.737588, 34.787551], [137.737259, 34.786851], [137.73831, 34.785165], [137.738752, 34.785036], [137.739325, 34.785044], [137.739661, 34.784869], [137.739894, 34.78448], [137.739723, 34.783587], [137.739159, 34.783112], [137.738943, 34.782669], [137.739283, 34.781925], [137.738895, 34.78084], [137.738282, 34.78031], [137.739464, 34.780373], [137.740578, 34.780721], [137.742604, 34.78092], [137.743329, 34.780522], [137.744807, 34.779964], [137.74546, 34.780122], [137.745979, 34.780091], [137.746282, 34.779482], [137.746931, 34.779642], [137.748449, 34.779546], [137.749615, 34.779033], [137.74935, 34.778708], [137.752514, 34.778052], [137.753419, 34.777756], [137.754745, 34.777072], [137.755044, 34.77658], [137.75582, 34.775942], [137.756198, 34.776223], [137.75814, 34.77703], [137.758373, 34.776673], [137.758991, 34.776656], [137.758964, 34.775796], [137.763942, 34.775704], [137.764144, 34.776327], [137.764283, 34.7763], [137.764968, 34.776959], [137.766097, 34.777127], [137.765899, 34.77742], [137.766241, 34.777592], [137.766279, 34.777774], [137.766535, 34.777716], [137.766847, 34.778892], [137.76636, 34.780198], [137.76585, 34.780566], [137.765688, 34.781102], [137.767981, 34.781693], [137.770652, 34.782174], [137.772184, 34.782366], [137.773449, 34.782212], [137.774413, 34.782346], [137.775571, 34.782762], [137.775812, 34.780936], [137.775724, 34.780762], [137.775168, 34.780542], [137.775198, 34.780259], [137.775349, 34.779385], [137.775756, 34.778722], [137.776159, 34.778653], [137.776285, 34.77789], [137.776883, 34.777668], [137.777271, 34.777874], [137.777421, 34.778226], [137.778351, 34.778176], [137.778414, 34.778513], [137.77889, 34.778459], [137.778915, 34.778536], [137.779374, 34.778525], [137.78101, 34.77811], [137.781426, 34.77893], [137.781641, 34.778882], [137.78174, 34.779192], [137.78286, 34.779058], [137.783868, 34.779948], [137.784575, 34.779805], [137.78532, 34.780108], [137.785815, 34.780022], [137.786047, 34.778712], [137.786071, 34.777244], [137.785722, 34.775918], [137.785522, 34.775778], [137.785926, 34.775], [137.78726, 34.774011], [137.787877, 34.773233], [137.791185, 34.773248], [137.791322, 34.773428], [137.791506, 34.773392], [137.792348, 34.77377], [137.793297, 34.774377], [137.794778, 34.775076], [137.794738, 34.775214], [137.795187, 34.775167], [137.795704, 34.775392], [137.796223, 34.775893], [137.79781, 34.776892], [137.798338, 34.777106], [137.800223, 34.778422], [137.800871, 34.779746], [137.800744, 34.7802], [137.800348, 34.780801], [137.800308, 34.781808], [137.801137, 34.782931], [137.802004, 34.783597], [137.801937, 34.784746], [137.80281, 34.786457], [137.806822, 34.786472], [137.809772, 34.785492], [137.811355, 34.785113], [137.810882, 34.78334], [137.810578, 34.780366], [137.81058, 34.77987], [137.811608, 34.780239], [137.811355, 34.779142], [137.811466, 34.779132], [137.811441, 34.779019], [137.811049, 34.778168], [137.811781, 34.778088], [137.811765, 34.777948], [137.813085, 34.777675], [137.815629, 34.776462], [137.821638, 34.774876], [137.82248, 34.77418], [137.822654, 34.774941], [137.826074, 34.781056], [137.82695, 34.782896], [137.827804, 34.786066], [137.828029, 34.788405], [137.829922, 34.789866], [137.82819, 34.789721], [137.824795, 34.793869], [137.823974, 34.795334], [137.823717, 34.796277], [137.823148, 34.801838], [137.823173, 34.80305], [137.823428, 34.804952], [137.824508, 34.809175], [137.826982, 34.821275], [137.827108, 34.82257], [137.827119, 34.828307], [137.826909, 34.832631], [137.826038, 34.841244], [137.824351, 34.854849], [137.824319, 34.855019], [137.823508, 34.855467], [137.822588, 34.855573], [137.822578, 34.856261], [137.822708, 34.856586], [137.822202, 34.855891], [137.815371, 34.856435], [137.813385, 34.856275], [137.812341, 34.855946], [137.811523, 34.856006], [137.810783, 34.855623], [137.810004, 34.855673], [137.810756, 34.847038], [137.809742, 34.844832], [137.80955, 34.844695], [137.809741, 34.844503], [137.810524, 34.844573], [137.810928, 34.843265], [137.810797, 34.843164], [137.810867, 34.842961], [137.810628, 34.842907], [137.80845, 34.840169], [137.806225, 34.840784], [137.805688, 34.84103], [137.808203, 34.844785], [137.807611, 34.845055], [137.806797, 34.845081], [137.806436, 34.845259], [137.806548, 34.845889], [137.80651, 34.847144], [137.806164, 34.847206], [137.806411, 34.847567], [137.805646, 34.847811], [137.805512, 34.848775], [137.805758, 34.848806], [137.80568, 34.848945], [137.805126, 34.849134], [137.805209, 34.849394], [137.806008, 34.850241], [137.806507, 34.851192], [137.80566, 34.850734], [137.80494, 34.850889], [137.803829, 34.851917], [137.801638, 34.852474], [137.801966, 34.853454], [137.801789, 34.853604], [137.802026, 34.85385], [137.801965, 34.854198], [137.801822, 34.854292], [137.802823, 34.855765], [137.799235, 34.855092], [137.798492, 34.854711], [137.796398, 34.854758], [137.796043, 34.85492], [137.795293, 34.854686], [137.792272, 34.856971], [137.790858, 34.855515], [137.790543, 34.855034], [137.788089, 34.852767], [137.784888, 34.850698], [137.780645, 34.848266], [137.780244, 34.848649], [137.780376, 34.849016], [137.78065, 34.849219], [137.780634, 34.849574], [137.780437, 34.849803], [137.777372, 34.851162], [137.776264, 34.852412], [137.775506, 34.852759], [137.774805, 34.85279], [137.773977, 34.853088], [137.773569, 34.85355], [137.77245, 34.854087], [137.772096, 34.854904], [137.771351, 34.855927], [137.771304, 34.856218], [137.770567, 34.856158], [137.770083, 34.856332], [137.769252, 34.856957], [137.769009, 34.857398], [137.768419, 34.857642], [137.768454, 34.858069], [137.766962, 34.858308], [137.766741, 34.858584], [137.767039, 34.858857], [137.766855, 34.859217], [137.767489, 34.859737], [137.767824, 34.859607], [137.768441, 34.860659], [137.768327, 34.860936], [137.76792, 34.861004], [137.768102, 34.861754], [137.768373, 34.86217], [137.768494, 34.863927], [137.767594, 34.864355], [137.767867, 34.864693], [137.768169, 34.865804], [137.76925, 34.866019], [137.769434, 34.866804], [137.769812, 34.867144], [137.76925, 34.868245], [137.76918, 34.869246], [137.768335, 34.870282], [137.767321, 34.870965], [137.766506, 34.872014], [137.765859, 34.872544], [137.765639, 34.87289], [137.765064, 34.873248], [137.764862, 34.874142], [137.764338, 34.874883], [137.764467, 34.875434], [137.764333, 34.875628], [137.763525, 34.875741], [137.763374, 34.875534], [137.761814, 34.874732], [137.761482, 34.874969], [137.760047, 34.874668], [137.759558, 34.874398], [137.758602, 34.873443], [137.757519, 34.873461], [137.757152, 34.874269], [137.757094, 34.874813], [137.756611, 34.87562], [137.756331, 34.875684], [137.756454, 34.875882], [137.756098, 34.87603], [137.756105, 34.877034], [137.755534, 34.877456], [137.754545, 34.877765], [137.752534, 34.877721], [137.751692, 34.878041], [137.750786, 34.877995], [137.750535, 34.878129], [137.750064, 34.879069], [137.749372, 34.879674], [137.749568, 34.880047], [137.749499, 34.880688], [137.749785, 34.881361], [137.749856, 34.881994], [137.749797, 34.882747], [137.749602, 34.883066], [137.7496, 34.883367], [137.749198, 34.883696], [137.749295, 34.884336], [137.749006, 34.884698], [137.749012, 34.885045], [137.748786, 34.885442], [137.749004, 34.886209], [137.748722, 34.886869], [137.748085, 34.887419], [137.747886, 34.887449], [137.747324, 34.888144], [137.746815, 34.889679], [137.746957, 34.890042], [137.746182, 34.891148], [137.746247, 34.89212], [137.746604, 34.892521], [137.746598, 34.892721], [137.74611, 34.89381], [137.745251, 34.894918], [137.745935, 34.895996], [137.746058, 34.897142], [137.745766, 34.897893], [137.74568, 34.898974], [137.744966, 34.900052], [137.744678, 34.900285], [137.743877, 34.900515], [137.741823, 34.900385], [137.7408, 34.899955], [137.739604, 34.899642], [137.73901, 34.899121], [137.738611, 34.898977], [137.738126, 34.898998], [137.736208, 34.899597], [137.735664, 34.899876], [137.734942, 34.900718], [137.733886, 34.902445], [137.733211, 34.90288], [137.732539, 34.902992], [137.731073, 34.902985], [137.730177, 34.903134], [137.72902, 34.904013], [137.728437, 34.904053], [137.726097, 34.905024], [137.724987, 34.905186], [137.724534, 34.905492], [137.724361, 34.906067], [137.723225, 34.906703], [137.722225, 34.906761], [137.721122, 34.907063], [137.719607, 34.907051], [137.717124, 34.907741], [137.7166, 34.90826], [137.716364, 34.908739], [137.71615, 34.909835], [137.716304, 34.911251], [137.716037, 34.91236], [137.716127, 34.913325], [137.716326, 34.913809], [137.716374, 34.915096], [137.716875, 34.915767], [137.71655, 34.916626], [137.716613, 34.916876], [137.717419, 34.91788], [137.717079, 34.918209], [137.71688, 34.918685], [137.716643, 34.919994], [137.715695, 34.921274], [137.715237, 34.922491], [137.714508, 34.923796], [137.714518, 34.924006], [137.715, 34.924675], [137.714919, 34.92537], [137.714627, 34.925882], [137.714967, 34.926882], [137.71408, 34.927198], [137.712704, 34.927969], [137.711817, 34.928027], [137.710525, 34.928507], [137.708978, 34.929315], [137.708332, 34.929817], [137.707637, 34.931308], [137.706737, 34.931889], [137.706125, 34.931964], [137.703325, 34.930998], [137.703, 34.931106], [137.702863, 34.931331], [137.702486, 34.93203], [137.702334, 34.932662], [137.701911, 34.93315], [137.702175, 34.934214], [137.701997, 34.935276], [137.701852, 34.93566], [137.701504, 34.935813], [137.701397, 34.936003], [137.70173, 34.93678], [137.70082, 34.937993], [137.700848, 34.939034], [137.701523, 34.940797], [137.70197, 34.941117], [137.7035, 34.941655], [137.704025, 34.942847], [137.705152, 34.943729], [137.705611, 34.945123], [137.70561, 34.945811], [137.70478, 34.947468], [137.704745, 34.948362], [137.70424, 34.949278], [137.704402, 34.950234], [137.704827, 34.950431], [137.704965, 34.950745], [137.705228, 34.952487], [137.705445, 34.953076], [137.705034, 34.95419], [137.705073, 34.954735], [137.705371, 34.955232], [137.705975, 34.955593], [137.708195, 34.956542], [137.708897, 34.957125], [137.709037, 34.95747], [137.708274, 34.958187], [137.707597, 34.958337], [137.707388, 34.958614], [137.707262, 34.95992], [137.70681, 34.960442], [137.706937, 34.962716], [137.706383, 34.963616], [137.7062, 34.964797], [137.704017, 34.967429], [137.703949, 34.968004], [137.704321, 34.969284], [137.704261, 34.969998]]]}}, {"type": "Feature", "properties": {"pref_code": "22", "pref_name": "静岡県", "municipality_code": "22140", "municipality_name": "浜松市", "ward_name": "天竜区", "display_name": "浜松市 天竜区", "geometry_key": "22140"}, "geometry": {"type": "Polygon", "coordinates": [[[138.0226, 35.127175], [138.021493, 35.127161], [138.017951, 35.127735], [138.015694, 35.127312], [138.014759, 35.127482], [138.014065, 35.127772], [138.011306, 35.127806], [138.011055, 35.128514], [138.011037, 35.1295], [138.009016, 35.132059], [138.008401, 35.132474], [138.007619, 35.134233], [138.007508, 35.134814], [138.006552, 35.135475], [138.006883, 35.136909], [138.006877, 35.13754], [138.007225, 35.138047], [138.007424, 35.138838], [138.006889, 35.139522], [138.006462, 35.140414], [138.00633, 35.141442], [138.006369, 35.142929], [138.002951, 35.143688], [138.001717, 35.143799], [138.000612, 35.144763], [137.999322, 35.146173], [137.999639, 35.147193], [138.000163, 35.147968], [138.000636, 35.149469], [138.000653, 35.150351], [138.001686, 35.152157], [138.001715, 35.152897], [138.001469, 35.153382], [138.000423, 35.153853], [138.000023, 35.154264], [137.999293, 35.154614], [137.998412, 35.155702], [137.998503, 35.155975], [137.999074, 35.156609], [137.99915, 35.157445], [137.999925, 35.158476], [137.999852, 35.15971], [138.000138, 35.160493], [137.999059, 35.162464], [137.999065, 35.163498], [137.999961, 35.165143], [138.000494, 35.165691], [138.000564, 35.166362], [138.000749, 35.166583], [138.002724, 35.167594], [138.00436, 35.168029], [138.004792, 35.168422], [138.004989, 35.169394], [138.0055, 35.170276], [138.005329, 35.171507], [138.005044, 35.172295], [138.005047, 35.172904], [138.005432, 35.173673], [138.005926, 35.174249], [138.006079, 35.17532], [138.006478, 35.17593], [138.006955, 35.176367], [138.007246, 35.177288], [138.008003, 35.178091], [138.008744, 35.178274], [138.009536, 35.178056], [138.010142, 35.178382], [138.01054, 35.17913], [138.010719, 35.180228], [138.01267, 35.181439], [138.012846, 35.181876], [138.012937, 35.182814], [138.013428, 35.18375], [138.014742, 35.185132], [138.015465, 35.186378], [138.016498, 35.187242], [138.016485, 35.187548], [138.015837, 35.188296], [138.015648, 35.188785], [138.015639, 35.189191], [138.015949, 35.18972], [138.016926, 35.190052], [138.017262, 35.19088], [138.018326, 35.191471], [138.019282, 35.192283], [138.020558, 35.192727], [138.020831, 35.193457], [138.021359, 35.193959], [138.022822, 35.194155], [138.023982, 35.194766], [138.025104, 35.194749], [138.028588, 35.196271], [138.027741, 35.197551], [138.02785, 35.198849], [138.027471, 35.199491], [138.027584, 35.200382], [138.027321, 35.201057], [138.027473, 35.201618], [138.027778, 35.202006], [138.029242, 35.202814], [138.030262, 35.204406], [138.031894, 35.205925], [138.032403, 35.20705], [138.034724, 35.209409], [138.035435, 35.21045], [138.036364, 35.21095], [138.036071, 35.211574], [138.035746, 35.21176], [138.035044, 35.212634], [138.034869, 35.213554], [138.035019, 35.214149], [138.034838, 35.214552], [138.034901, 35.214973], [138.034266, 35.2161], [138.0344, 35.216566], [138.034276, 35.216919], [138.0344, 35.217694], [138.034268, 35.218536], [138.033451, 35.219976], [138.033004, 35.220354], [138.032908, 35.220714], [138.033247, 35.221889], [138.033688, 35.222422], [138.034621, 35.224033], [138.034884, 35.225232], [138.035552, 35.226285], [138.036423, 35.22724], [138.03636, 35.227678], [138.036066, 35.228248], [138.035824, 35.228351], [138.03524, 35.228009], [138.034843, 35.227985], [138.033781, 35.228261], [138.032888, 35.229169], [138.031934, 35.229566], [138.031362, 35.230499], [138.030474, 35.231067], [138.026805, 35.231874], [138.026784, 35.232569], [138.026537, 35.232866], [138.025761, 35.233386], [138.025324, 35.233528], [138.0249, 35.233936], [138.024341, 35.234178], [138.02389, 35.234662], [138.022255, 35.235315], [138.021392, 35.236066], [138.020817, 35.236261], [138.02011, 35.236712], [138.019498, 35.236878], [138.018444, 35.236878], [138.018186, 35.236975], [138.017811, 35.238013], [138.017427, 35.23843], [138.017049, 35.239262], [138.016115, 35.239521], [138.015471, 35.240292], [138.015038, 35.24042], [138.014565, 35.240812], [138.01358, 35.240958], [138.012912, 35.241206], [138.012326, 35.241741], [138.012284, 35.242843], [138.012485, 35.243856], [138.013027, 35.244791], [138.013156, 35.245531], [138.01418, 35.246752], [138.014038, 35.247486], [138.014174, 35.248392], [138.0147, 35.249245], [138.014408, 35.250483], [138.015023, 35.251199], [138.015336, 35.251961], [138.015836, 35.252397], [138.015473, 35.253189], [138.015133, 35.255134], [138.014553, 35.255945], [138.014202, 35.256931], [138.013356, 35.258011], [138.013288, 35.258543], [138.013096, 35.258861], [138.011553, 35.25904], [138.010227, 35.259638], [138.007916, 35.259647], [138.006248, 35.259306], [138.005506, 35.259037], [138.004861, 35.258637], [138.004536, 35.258645], [138.004279, 35.258838], [138.003318, 35.258609], [138.001687, 35.259371], [138.001315, 35.260243], [138.000723, 35.260785], [138.000461, 35.261374], [138.000601, 35.262165], [138.001232, 35.262991], [138.00144, 35.263486], [138.00134, 35.264455], [138.002771, 35.264847], [138.004045, 35.265746], [138.004528, 35.266678], [138.005002, 35.266906], [138.005775, 35.266977], [138.006405, 35.267653], [138.007556, 35.268236], [138.007799, 35.268518], [138.007884, 35.269018], [138.008132, 35.269443], [138.010371, 35.27138], [138.010723, 35.27197], [138.011161, 35.272392], [138.013553, 35.273202], [138.014112, 35.273459], [138.014332, 35.273691], [138.014254, 35.274053], [138.013571, 35.274861], [138.013405, 35.275901], [138.012778, 35.276768], [138.012453, 35.277535], [138.01258, 35.277832], [138.013167, 35.278381], [138.013112, 35.279149], [138.013499, 35.279659], [138.013426, 35.280639], [138.013647, 35.281289], [138.013279, 35.282038], [138.013331, 35.2828], [138.012806, 35.28356], [138.01276, 35.283952], [138.012847, 35.284278], [138.012737, 35.284605], [138.013091, 35.285116], [138.013266, 35.28575], [138.012985, 35.286444], [138.012365, 35.287308], [138.012562, 35.287804], [138.012253, 35.288257], [138.012235, 35.288678], [138.012416, 35.289161], [138.013385, 35.290114], [138.013574, 35.290951], [138.014044, 35.291437], [138.014421, 35.292218], [138.014795, 35.2925], [138.015761, 35.292913], [138.016336, 35.293459], [138.017611, 35.294293], [138.018102, 35.29422], [138.018195, 35.294363], [138.018921, 35.29819], [138.018477, 35.299458], [138.018726, 35.300113], [138.018775, 35.301072], [138.018525, 35.301138], [138.018, 35.301577], [138.016621, 35.301985], [138.01558, 35.30301], [138.01394, 35.303245], [138.012942, 35.303262], [138.011907, 35.303707], [138.008947, 35.303671], [138.005677, 35.304395], [138.00469, 35.303921], [138.002916, 35.303488], [138.001237, 35.302808], [138.0, 35.302802], [137.999003, 35.303248], [137.998447, 35.303308], [137.99651, 35.30205], [137.994615, 35.302158], [137.992093, 35.301704], [137.991422, 35.300586], [137.991033, 35.300188], [137.988391, 35.298742], [137.987628, 35.297937], [137.984506, 35.295766], [137.984128, 35.295338], [137.983243, 35.293288], [137.982358, 35.292393], [137.977914, 35.292645], [137.975804, 35.293343], [137.974367, 35.293386], [137.973659, 35.293241], [137.973415, 35.293048], [137.973313, 35.291807], [137.972603, 35.290301], [137.972234, 35.289885], [137.971008, 35.289281], [137.970489, 35.288797], [137.969307, 35.287033], [137.968912, 35.28611], [137.967943, 35.285189], [137.967341, 35.284204], [137.967214, 35.283869], [137.967356, 35.283186], [137.966983, 35.282848], [137.966557, 35.282677], [137.966326, 35.282775], [137.965995, 35.283845], [137.963923, 35.284612], [137.962274, 35.284048], [137.960319, 35.282939], [137.959083, 35.28268], [137.957854, 35.282622], [137.953482, 35.283156], [137.95189, 35.283082], [137.949858, 35.281273], [137.948283, 35.280549], [137.948081, 35.280372], [137.947921, 35.279836], [137.947333, 35.279596], [137.946971, 35.277855], [137.94555, 35.276855], [137.944021, 35.276205], [137.942545, 35.275851], [137.9412, 35.276305], [137.940707, 35.27633], [137.939023, 35.275756], [137.937248, 35.275783], [137.936308, 35.275674], [137.933198, 35.275957], [137.931708, 35.275927], [137.929253, 35.27547], [137.929148, 35.273877], [137.928257, 35.270307], [137.927474, 35.269225], [137.927266, 35.269114], [137.926548, 35.269104], [137.926244, 35.268905], [137.926233, 35.267247], [137.925971, 35.265123], [137.925633, 35.263499], [137.925034, 35.262559], [137.925091, 35.261888], [137.924902, 35.260509], [137.924763, 35.260306], [137.923697, 35.259935], [137.922358, 35.259121], [137.92033, 35.257061], [137.919762, 35.255788], [137.919218, 35.255314], [137.918778, 35.254567], [137.918408, 35.254254], [137.917784, 35.254067], [137.916085, 35.254122], [137.915148, 35.254029], [137.913855, 35.253738], [137.912814, 35.253357], [137.912206, 35.253364], [137.911427, 35.25358], [137.910495, 35.254174], [137.908667, 35.25429], [137.906853, 35.254244], [137.905233, 35.254947], [137.903748, 35.25514], [137.903004, 35.255613], [137.902205, 35.255813], [137.901026, 35.255924], [137.89987, 35.256477], [137.89844, 35.256531], [137.897836, 35.256774], [137.896533, 35.257747], [137.89551, 35.258006], [137.895149, 35.257608], [137.894761, 35.256129], [137.894496, 35.255604], [137.894, 35.254994], [137.893871, 35.254508], [137.893545, 35.25423], [137.892029, 35.254291], [137.8911, 35.254165], [137.889441, 35.252581], [137.88827, 35.251976], [137.887753, 35.25118], [137.886831, 35.251164], [137.886029, 35.250914], [137.884927, 35.25047], [137.88402, 35.249944], [137.882465, 35.248096], [137.882743, 35.247062], [137.883429, 35.246497], [137.883606, 35.245073], [137.884099, 35.243957], [137.88392, 35.243746], [137.882743, 35.243358], [137.882311, 35.243029], [137.881967, 35.242341], [137.88192, 35.241587], [137.882731, 35.240513], [137.882655, 35.239731], [137.88312, 35.239355], [137.88375, 35.238112], [137.884458, 35.237575], [137.884523, 35.236688], [137.884892, 35.23625], [137.884413, 35.235783], [137.884131, 35.235282], [137.883552, 35.233439], [137.882916, 35.232972], [137.882674, 35.232626], [137.882065, 35.230659], [137.881251, 35.230138], [137.880711, 35.229569], [137.880557, 35.228948], [137.880576, 35.227962], [137.880277, 35.22733], [137.880356, 35.22635], [137.880258, 35.226171], [137.878969, 35.224472], [137.877423, 35.22365], [137.87663, 35.222554], [137.876642, 35.221896], [137.875455, 35.220844], [137.872546, 35.21888], [137.871709, 35.218807], [137.870186, 35.219366], [137.86717, 35.221275], [137.866396, 35.221435], [137.865419, 35.221342], [137.86523, 35.221545], [137.865112, 35.222477], [137.864948, 35.222675], [137.864128, 35.222701], [137.863526, 35.222446], [137.863146, 35.222528], [137.86282, 35.222847], [137.862549, 35.222935], [137.861298, 35.223068], [137.860746, 35.222768], [137.8601, 35.222891], [137.859194, 35.223317], [137.858877, 35.22322], [137.858632, 35.222737], [137.858167, 35.222354], [137.857408, 35.222533], [137.85664, 35.222977], [137.856276, 35.22297], [137.855401, 35.222654], [137.85413, 35.221857], [137.853642, 35.221686], [137.853189, 35.221684], [137.852543, 35.221862], [137.851864, 35.221831], [137.851196, 35.221713], [137.850461, 35.221268], [137.849584, 35.221114], [137.848909, 35.22149], [137.847924, 35.221567], [137.847418, 35.221891], [137.847011, 35.221677], [137.84662, 35.221012], [137.84493, 35.221007], [137.844772, 35.220864], [137.844678, 35.220404], [137.845026, 35.219656], [137.845046, 35.219024], [137.844763, 35.218903], [137.844083, 35.21908], [137.84371, 35.218882], [137.843388, 35.218428], [137.843644, 35.217817], [137.843432, 35.217501], [137.842792, 35.217218], [137.84246, 35.217321], [137.84191, 35.217286], [137.841259, 35.216322], [137.840278, 35.216713], [137.839451, 35.216643], [137.839023, 35.215907], [137.838824, 35.21583], [137.838546, 35.215856], [137.838088, 35.216604], [137.837841, 35.216668], [137.836823, 35.215721], [137.837733, 35.214617], [137.838286, 35.213455], [137.838116, 35.212467], [137.837229, 35.211751], [137.835512, 35.211201], [137.834224, 35.211074], [137.831306, 35.211156], [137.828632, 35.211581], [137.828099, 35.211478], [137.827709, 35.211238], [137.827531, 35.210754], [137.827524, 35.210018], [137.827652, 35.208906], [137.827862, 35.208376], [137.828431, 35.207833], [137.830086, 35.207197], [137.830522, 35.206856], [137.83103, 35.206107], [137.831063, 35.2053], [137.830416, 35.204635], [137.828914, 35.204331], [137.82686, 35.204467], [137.824759, 35.204799], [137.823955, 35.204778], [137.823034, 35.20453], [137.821973, 35.203732], [137.82131, 35.20214], [137.821072, 35.201071], [137.820943, 35.199138], [137.820345, 35.197305], [137.820023, 35.197018], [137.818976, 35.195488], [137.817504, 35.193994], [137.816968, 35.193005], [137.816792, 35.191928], [137.816698, 35.188658], [137.816376, 35.187995], [137.815747, 35.18734], [137.814276, 35.186439], [137.813814, 35.18628], [137.813084, 35.186279], [137.8116, 35.186549], [137.809999, 35.18755], [137.809433, 35.18778], [137.808236, 35.187909], [137.8074, 35.187825], [137.805976, 35.18681], [137.803846, 35.184511], [137.803327, 35.183764], [137.8032, 35.183118], [137.803796, 35.181917], [137.803908, 35.180864], [137.804451, 35.179864], [137.804984, 35.179244], [137.806503, 35.178283], [137.807852, 35.176953], [137.810264, 35.174944], [137.811142, 35.174563], [137.813076, 35.173994], [137.814187, 35.174239], [137.815176, 35.17492], [137.815634, 35.175091], [137.816886, 35.175152], [137.81753, 35.174986], [137.818144, 35.17468], [137.819518, 35.173586], [137.821344, 35.171981], [137.824503, 35.168897], [137.825472, 35.1682], [137.825843, 35.167664], [137.826036, 35.167021], [137.825832, 35.166139], [137.825345, 35.165399], [137.823299, 35.163258], [137.821843, 35.161249], [137.821264, 35.159798], [137.821291, 35.15844], [137.821836, 35.15745], [137.822831, 35.156799], [137.823971, 35.156299], [137.827295, 35.155482], [137.827711, 35.155247], [137.828105, 35.154846], [137.828865, 35.15354], [137.829111, 35.152193], [137.828891, 35.151858], [137.826612, 35.150325], [137.82243, 35.148157], [137.821861, 35.148008], [137.82053, 35.14822], [137.818587, 35.149264], [137.817654, 35.150185], [137.816112, 35.152685], [137.815754, 35.152811], [137.815353, 35.152783], [137.814651, 35.152383], [137.81357, 35.151012], [137.812804, 35.149153], [137.812378, 35.147471], [137.812188, 35.144608], [137.812454, 35.143649], [137.813227, 35.142644], [137.814886, 35.140958], [137.814942, 35.140576], [137.813138, 35.139318], [137.811255, 35.138301], [137.810163, 35.137421], [137.80777, 35.133099], [137.806766, 35.131905], [137.805862, 35.131124], [137.804427, 35.130614], [137.803215, 35.130462], [137.801987, 35.13054], [137.800988, 35.13086], [137.800098, 35.131577], [137.799711, 35.132154], [137.799116, 35.134679], [137.798816, 35.135348], [137.797296, 35.136385], [137.796637, 35.136463], [137.795401, 35.136249], [137.793789, 35.135671], [137.793137, 35.135218], [137.792664, 35.134389], [137.792317, 35.133149], [137.791964, 35.129984], [137.792078, 35.128778], [137.792731, 35.12805], [137.793895, 35.127556], [137.795112, 35.127299], [137.79688, 35.127197], [137.797664, 35.126951], [137.798639, 35.12619], [137.798976, 35.125442], [137.799215, 35.123593], [137.798143, 35.120242], [137.798233, 35.118776], [137.799148, 35.114894], [137.801197, 35.107627], [137.801321, 35.106502], [137.801093, 35.105833], [137.80067, 35.105495], [137.797228, 35.104226], [137.795296, 35.103157], [137.795033, 35.102903], [137.794725, 35.102105], [137.793945, 35.098405], [137.793004, 35.09618], [137.792968, 35.095552], [137.792644, 35.095366], [137.791627, 35.095182], [137.790644, 35.095189], [137.788211, 35.095914], [137.786117, 35.095607], [137.785675, 35.095766], [137.785294, 35.096155], [137.784018, 35.096522], [137.781755, 35.096638], [137.77996, 35.097591], [137.779712, 35.097965], [137.779487, 35.098981], [137.779067, 35.099166], [137.778756, 35.099498], [137.778268, 35.099623], [137.778105, 35.098586], [137.777673, 35.098027], [137.776861, 35.097547], [137.777136, 35.096721], [137.776426, 35.095742], [137.776171, 35.094373], [137.775952, 35.093867], [137.775206, 35.093094], [137.774534, 35.092658], [137.774486, 35.090956], [137.774254, 35.090723], [137.773361, 35.090495], [137.773558, 35.089867], [137.77442, 35.089067], [137.774622, 35.088369], [137.774591, 35.087972], [137.774843, 35.087294], [137.774713, 35.086881], [137.773944, 35.086598], [137.773922, 35.086374], [137.774306, 35.0858], [137.774061, 35.085296], [137.774194, 35.084989], [137.774058, 35.084128], [137.774961, 35.081771], [137.775623, 35.078526], [137.775672, 35.077909], [137.775532, 35.077615], [137.774738, 35.077166], [137.773931, 35.077273], [137.773501, 35.077136], [137.772631, 35.07637], [137.772829, 35.075636], [137.772778, 35.075268], [137.772182, 35.074778], [137.771854, 35.074094], [137.771692, 35.073965], [137.770665, 35.073744], [137.770116, 35.073349], [137.76963, 35.07265], [137.76817, 35.072294], [137.767815, 35.072317], [137.767279, 35.07265], [137.766582, 35.072589], [137.76562, 35.072705], [137.763901, 35.072254], [137.763318, 35.071545], [137.763676, 35.070889], [137.763641, 35.070473], [137.762469, 35.070301], [137.762116, 35.069813], [137.761923, 35.068978], [137.761597, 35.068563], [137.760349, 35.068322], [137.75902, 35.068251], [137.758291, 35.068438], [137.756799, 35.067553], [137.756498, 35.067151], [137.756671, 35.065588], [137.756381, 35.06498], [137.756033, 35.064982], [137.75527, 35.065424], [137.75487, 35.065449], [137.753406, 35.065019], [137.75303, 35.064828], [137.752696, 35.064422], [137.751436, 35.064094], [137.750521, 35.062604], [137.748692, 35.061623], [137.746809, 35.060245], [137.745436, 35.059774], [137.744424, 35.058573], [137.74348, 35.057909], [137.742741, 35.057833], [137.741081, 35.057111], [137.740276, 35.056512], [137.740251, 35.05587], [137.739594, 35.054987], [137.738938, 35.054541], [137.738309, 35.054289], [137.737755, 35.053353], [137.736409, 35.05238], [137.735791, 35.051321], [137.735589, 35.050059], [137.735293, 35.049176], [137.735314, 35.048085], [137.732826, 35.046523], [137.731584, 35.045401], [137.730648, 35.043353], [137.730197, 35.042674], [137.730065, 35.04211], [137.729228, 35.041568], [137.728752, 35.040337], [137.727917, 35.040063], [137.726519, 35.040049], [137.724502, 35.039527], [137.723299, 35.039084], [137.723004, 35.038745], [137.722969, 35.037483], [137.722726, 35.03696], [137.722162, 35.036342], [137.721855, 35.036282], [137.721279, 35.036388], [137.720452, 35.035935], [137.719646, 35.036121], [137.719146, 35.036012], [137.718382, 35.036273], [137.718287, 35.03613], [137.718703, 35.035105], [137.718588, 35.034771], [137.718224, 35.034803], [137.717469, 35.035143], [137.717138, 35.035045], [137.717064, 35.034654], [137.717281, 35.033824], [137.716827, 35.033367], [137.717574, 35.032236], [137.717393, 35.030874], [137.71671, 35.029242], [137.71652, 35.027469], [137.715772, 35.026819], [137.714816, 35.025588], [137.712793, 35.025303], [137.710751, 35.022456], [137.7107, 35.022189], [137.710981, 35.021051], [137.710908, 35.020832], [137.710429, 35.020336], [137.709548, 35.019719], [137.70903, 35.019038], [137.708634, 35.01883], [137.707932, 35.018715], [137.706891, 35.017734], [137.706619, 35.017327], [137.706559, 35.016761], [137.705882, 35.015908], [137.705799, 35.015297], [137.704919, 35.014756], [137.705325, 35.013785], [137.704707, 35.013191], [137.704384, 35.012464], [137.704424, 35.011713], [137.704247, 35.010739], [137.70279, 35.009638], [137.702602, 35.009352], [137.703048, 35.008321], [137.703078, 35.007896], [137.703002, 35.007478], [137.702572, 35.006985], [137.702443, 35.005291], [137.70163, 35.004779], [137.701484, 35.004037], [137.701029, 35.003488], [137.701289, 35.002635], [137.701339, 35.001469], [137.702119, 35.000477], [137.701672, 34.999384], [137.701905, 34.998583], [137.702276, 34.998264], [137.703256, 34.997826], [137.703629, 34.997162], [137.704625, 34.996113], [137.707631, 34.996267], [137.707411, 34.995881], [137.707416, 34.995417], [137.708132, 34.994457], [137.707887, 34.993899], [137.707142, 34.993192], [137.706352, 34.992112], [137.705752, 34.991599], [137.705185, 34.991522], [137.704879, 34.990843], [137.70447, 34.990609], [137.704096, 34.990188], [137.703741, 34.989403], [137.70307, 34.988464], [137.703041, 34.988062], [137.701988, 34.987254], [137.701687, 34.986153], [137.700786, 34.985617], [137.700069, 34.985037], [137.699867, 34.984712], [137.699893, 34.984164], [137.700543, 34.983664], [137.700791, 34.982876], [137.70146, 34.981658], [137.701768, 34.980464], [137.702408, 34.979924], [137.702832, 34.978868], [137.704363, 34.976451], [137.706571, 34.97416], [137.707173, 34.972618], [137.707214, 34.972159], [137.706796, 34.971569], [137.705288, 34.971119], [137.704848, 34.970506], [137.704261, 34.969998], [137.704321, 34.969284], [137.703949, 34.968004], [137.704017, 34.967429], [137.7062, 34.964797], [137.706383, 34.963616], [137.706937, 34.962716], [137.70681, 34.960442], [137.707262, 34.95992], [137.707388, 34.958614], [137.707597, 34.958337], [137.708274, 34.958187], [137.709037, 34.95747], [137.708897, 34.957125], [137.708195, 34.956542], [137.705975, 34.955593], [137.705371, 34.955232], [137.705073, 34.954735], [137.705034, 34.95419], [137.705445, 34.953076], [137.705228, 34.952487], [137.704965, 34.950745], [137.704827, 34.950431], [137.704402, 34.950234], [137.70424, 34.949278], [137.704745, 34.948362], [137.70478, 34.947468], [137.70561, 34.945811], [137.705611, 34.945123], [137.705152, 34.943729], [137.704025, 34.942847], [137.7035, 34.941655], [137.70197, 34.941117], [137.701523, 34.940797], [137.700848, 34.939034], [137.70082, 34.937993], [137.70173, 34.93678], [137.701397, 34.936003], [137.701504, 34.935813], [137.701852, 34.93566], [137.701997, 34.935276], [137.702175, 34.934214], [137.701911, 34.93315], [137.702334, 34.932662], [137.702486, 34.93203], [137.702863, 34.931331], [137.703, 34.931106], [137.703325, 34.930998], [137.706125, 34.931964], [137.706737, 34.931889], [137.707637, 34.931308], [137.708332, 34.929817], [137.708978, 34.929315], [137.710525, 34.928507], [137.711817, 34.928027], [137.712704, 34.927969], [137.71408, 34.927198], [137.714967, 34.926882], [137.714627, 34.925882], [137.714919, 34.92537], [137.715, 34.924675], [137.714518, 34.924006], [137.714508, 34.923796], [137.715237, 34.922491], [137.715695, 34.921274], [137.716643, 34.919994], [137.71688, 34.918685], [137.717079, 34.918209], [137.717419, 34.91788], [137.716613, 34.916876], [137.71655, 34.916626], [137.716875, 34.915767], [137.716374, 34.915096], [137.716326, 34.913809], [137.716127, 34.913325], [137.716037, 34.91236], [137.716304, 34.911251], [137.71615, 34.909835], [137.716364, 34.908739], [137.7166, 34.90826], [137.717124, 34.907741], [137.719607, 34.907051], [137.721122, 34.907063], [137.722225, 34.906761], [137.723225, 34.906703], [137.724361, 34.906067], [137.724534, 34.905492], [137.724987, 34.905186], [137.726097, 34.905024], [137.728437, 34.904053], [137.72902, 34.904013], [137.730177, 34.903134], [137.731073, 34.902985], [137.732539, 34.902992], [137.733211, 34.90288], [137.733886, 34.902445], [137.734942, 34.900718], [137.735664, 34.899876], [137.736208, 34.899597], [137.738126, 34.898998], [137.738611, 34.898977], [137.73901, 34.899121], [137.739604, 34.899642], [137.7408, 34.899955], [137.741823, 34.900385], [137.743877, 34.900515], [137.744678, 34.900285], [137.744966, 34.900052], [137.74568, 34.898974], [137.745766, 34.897893], [137.746058, 34.897142], [137.745935, 34.895996], [137.745251, 34.894918], [137.74611, 34.89381], [137.746598, 34.892721], [137.746604, 34.892521], [137.746247, 34.89212], [137.746182, 34.891148], [137.746957, 34.890042], [137.746815, 34.889679], [137.747324, 34.888144], [137.747886, 34.887449], [137.748085, 34.887419], [137.748722, 34.886869], [137.749004, 34.886209], [137.748786, 34.885442], [137.749012, 34.885045], [137.749006, 34.884698], [137.749295, 34.884336], [137.749198, 34.883696], [137.7496, 34.883367], [137.749602, 34.883066], [137.749797, 34.882747], [137.749856, 34.881994], [137.749785, 34.881361], [137.749499, 34.880688], [137.749568, 34.880047], [137.749372, 34.879674], [137.750064, 34.879069], [137.750535, 34.878129], [137.750786, 34.877995], [137.751692, 34.878041], [137.752534, 34.877721], [137.754545, 34.877765], [137.755534, 34.877456], [137.756105, 34.877034], [137.756098, 34.87603], [137.756454, 34.875882], [137.756331, 34.875684], [137.756611, 34.87562], [137.757094, 34.874813], [137.757152, 34.874269], [137.757519, 34.873461], [137.758602, 34.873443], [137.759558, 34.874398], [137.760047, 34.874668], [137.761482, 34.874969], [137.761814, 34.874732], [137.763374, 34.875534], [137.763525, 34.875741], [137.764333, 34.875628], [137.764467, 34.875434], [137.764338, 34.874883], [137.764862, 34.874142], [137.765064, 34.873248], [137.765639, 34.87289], [137.765859, 34.872544], [137.766506, 34.872014], [137.767321, 34.870965], [137.768335, 34.870282], [137.76918, 34.869246], [137.76925, 34.868245], [137.769812, 34.867144], [137.769434, 34.866804], [137.76925, 34.866019], [137.768169, 34.865804], [137.767867, 34.864693], [137.767594, 34.864355], [137.768494, 34.863927], [137.768373, 34.86217], [137.768102, 34.861754], [137.76792, 34.861004], [137.768327, 34.860936], [137.768441, 34.860659], [137.767824, 34.859607], [137.767489, 34.859737], [137.766855, 34.859217], [137.767039, 34.858857], [137.766741, 34.858584], [137.766962, 34.858308], [137.768454, 34.858069], [137.768419, 34.857642], [137.769009, 34.857398], [137.769252, 34.856957], [137.770083, 34.856332], [137.770567, 34.856158], [137.771304, 34.856218], [137.771351, 34.855927], [137.772096, 34.854904], [137.77245, 34.854087], [137.773569, 34.85355], [137.773977, 34.853088], [137.774805, 34.85279], [137.775506, 34.852759], [137.776264, 34.852412], [137.777372, 34.851162], [137.780437, 34.849803], [137.780634, 34.849574], [137.78065, 34.849219], [137.780376, 34.849016], [137.780244, 34.848649], [137.780645, 34.848266], [137.784888, 34.850698], [137.788089, 34.852767], [137.790543, 34.855034], [137.790858, 34.855515], [137.792272, 34.856971], [137.795293, 34.854686], [137.796043, 34.85492], [137.796398, 34.854758], [137.798492, 34.854711], [137.799235, 34.855092], [137.802823, 34.855765], [137.801822, 34.854292], [137.801965, 34.854198], [137.802026, 34.85385], [137.801789, 34.853604], [137.801966, 34.853454], [137.801638, 34.852474], [137.803829, 34.851917], [137.80494, 34.850889], [137.80566, 34.850734], [137.806507, 34.851192], [137.806008, 34.850241], [137.805209, 34.849394], [137.805126, 34.849134], [137.80568, 34.848945], [137.805758, 34.848806], [137.805512, 34.848775], [137.805646, 34.847811], [137.806411, 34.847567], [137.806164, 34.847206], [137.80651, 34.847144], [137.806548, 34.845889], [137.806436, 34.845259], [137.806797, 34.845081], [137.807611, 34.845055], [137.808203, 34.844785], [137.805688, 34.84103], [137.806225, 34.840784], [137.80845, 34.840169], [137.810628, 34.842907], [137.810867, 34.842961], [137.810797, 34.843164], [137.810928, 34.843265], [137.810524, 34.844573], [137.809741, 34.844503], [137.80955, 34.844695], [137.809742, 34.844832], [137.810756, 34.847038], [137.810004, 34.855673], [137.810783, 34.855623], [137.811523, 34.856006], [137.812341, 34.855946], [137.813385, 34.856275], [137.815371, 34.856435], [137.822202, 34.855891], [137.822708, 34.856586], [137.823011, 34.856615], [137.823371, 34.856422], [137.824294, 34.856212], [137.825649, 34.856561], [137.827371, 34.858212], [137.827979, 34.858534], [137.82875, 34.859348], [137.829825, 34.859605], [137.830592, 34.860162], [137.831994, 34.860593], [137.834109, 34.860965], [137.835312, 34.861576], [137.836102, 34.861839], [137.836478, 34.861851], [137.836738, 34.861592], [137.836947, 34.861591], [137.837488, 34.862036], [137.838677, 34.862022], [137.839069, 34.862796], [137.839587, 34.863126], [137.839975, 34.863884], [137.840476, 34.864178], [137.841062, 34.864919], [137.841948, 34.864896], [137.842707, 34.865416], [137.843042, 34.86614], [137.84305, 34.866664], [137.843624, 34.867092], [137.844053, 34.868146], [137.845454, 34.868491], [137.845881, 34.868738], [137.846125, 34.869056], [137.847931, 34.869149], [137.849152, 34.868571], [137.850242, 34.868662], [137.850298, 34.868311], [137.851034, 34.867961], [137.852498, 34.867502], [137.85331, 34.86754], [137.853618, 34.867823], [137.853715, 34.868271], [137.854291, 34.868552], [137.854858, 34.869094], [137.855691, 34.870348], [137.855297, 34.871084], [137.854492, 34.871892], [137.854566, 34.872519], [137.853898, 34.873071], [137.853908, 34.873352], [137.854108, 34.873589], [137.854919, 34.873986], [137.854822, 34.874545], [137.855452, 34.875187], [137.85615, 34.875184], [137.856664, 34.875463], [137.856904, 34.875411], [137.85839, 34.875621], [137.858962, 34.876529], [137.860384, 34.876493], [137.861612, 34.878303], [137.862154, 34.878524], [137.862485, 34.878551], [137.862757, 34.878359], [137.863349, 34.87824], [137.863941, 34.878445], [137.865714, 34.87855], [137.866498, 34.878352], [137.867092, 34.878028], [137.867429, 34.878158], [137.867973, 34.878125], [137.868799, 34.878453], [137.869938, 34.878505], [137.870399, 34.878633], [137.871144, 34.8793], [137.871518, 34.879378], [137.871962, 34.879298], [137.872356, 34.879047], [137.872957, 34.879048], [137.873331, 34.879219], [137.873705, 34.879733], [137.87453, 34.879783], [137.875219, 34.880187], [137.875874, 34.880181], [137.87657, 34.879764], [137.876946, 34.879759], [137.87745, 34.879315], [137.879079, 34.879338], [137.879936, 34.880029], [137.880564, 34.880041], [137.881191, 34.880259], [137.882259, 34.880399], [137.882673, 34.880581], [137.883296, 34.881198], [137.884345, 34.881405], [137.884573, 34.881386], [137.88526, 34.880881], [137.885963, 34.880811], [137.887486, 34.881068], [137.888009, 34.880771], [137.888863, 34.880533], [137.88956, 34.880597], [137.890269, 34.881102], [137.890634, 34.880841], [137.892105, 34.881156], [137.892898, 34.881729], [137.89308, 34.88232], [137.893927, 34.882479], [137.894244, 34.88265], [137.894767, 34.882669], [137.895741, 34.882113], [137.896421, 34.882036], [137.897622, 34.882434], [137.898202, 34.883972], [137.899007, 34.884572], [137.901091, 34.885731], [137.901617, 34.886471], [137.901912, 34.886655], [137.901899, 34.887013], [137.902111, 34.887214], [137.902959, 34.887342], [137.903586, 34.887676], [137.904449, 34.88906], [137.904839, 34.889315], [137.904879, 34.889915], [137.906334, 34.890982], [137.907031, 34.890884], [137.907834, 34.891034], [137.908302, 34.890769], [137.909186, 34.891061], [137.910549, 34.890826], [137.911939, 34.89123], [137.912162, 34.891152], [137.913464, 34.891526], [137.914188, 34.891581], [137.914826, 34.891431], [137.915804, 34.891461], [137.916995, 34.891021], [137.91749, 34.891231], [137.918304, 34.891993], [137.918963, 34.892342], [137.919566, 34.892949], [137.920131, 34.893248], [137.919923, 34.894184], [137.920159, 34.894849], [137.920079, 34.895684], [137.920361, 34.896089], [137.921206, 34.896617], [137.921077, 34.897364], [137.920584, 34.897819], [137.919962, 34.898059], [137.919716, 34.899403], [137.919261, 34.899906], [137.919344, 34.90048], [137.919206, 34.901497], [137.915018, 34.902772], [137.914722, 34.902961], [137.914335, 34.903524], [137.913894, 34.903818], [137.912619, 34.904088], [137.911119, 34.905165], [137.909279, 34.905587], [137.907455, 34.906907], [137.907423, 34.907179], [137.907819, 34.907428], [137.907785, 34.907976], [137.908088, 34.908433], [137.907528, 34.908719], [137.907037, 34.908803], [137.906876, 34.909114], [137.907465, 34.909981], [137.907524, 34.910497], [137.908009, 34.910638], [137.908138, 34.910839], [137.907778, 34.911121], [137.907624, 34.911748], [137.906957, 34.911423], [137.906827, 34.911521], [137.906581, 34.91278], [137.906089, 34.912948], [137.904997, 34.913626], [137.904954, 34.914126], [137.904563, 34.914716], [137.904581, 34.915186], [137.904279, 34.915699], [137.904163, 34.916334], [137.903328, 34.917481], [137.903289, 34.918089], [137.902949, 34.918818], [137.902904, 34.919197], [137.903184, 34.919665], [137.903103, 34.919956], [137.903506, 34.920358], [137.903768, 34.921104], [137.904349, 34.921418], [137.905737, 34.921254], [137.90707, 34.922771], [137.907298, 34.923896], [137.90799, 34.924869], [137.908414, 34.925198], [137.908271, 34.926423], [137.907954, 34.927094], [137.907577, 34.928869], [137.908189, 34.929089], [137.90919, 34.929071], [137.910027, 34.929421], [137.911468, 34.929178], [137.912464, 34.929494], [137.912983, 34.929272], [137.913325, 34.928659], [137.91405, 34.928182], [137.914369, 34.927736], [137.914929, 34.927431], [137.91556, 34.926755], [137.91587, 34.926782], [137.916803, 34.927256], [137.917652, 34.927336], [137.919956, 34.929683], [137.920781, 34.930241], [137.922109, 34.931444], [137.922944, 34.932786], [137.924029, 34.933229], [137.924325, 34.933488], [137.924503, 34.933942], [137.925472, 34.934335], [137.926179, 34.934849], [137.927092, 34.936045], [137.92748, 34.937653], [137.927631, 34.937782], [137.928264, 34.937868], [137.928058, 34.938449], [137.928229, 34.939273], [137.928584, 34.93995], [137.928929, 34.940223], [137.930142, 34.94061], [137.930491, 34.94142], [137.932999, 34.942584], [137.933719, 34.942385], [137.934491, 34.942338], [137.935032, 34.943111], [137.935881, 34.943566], [137.935797, 34.945253], [137.936535, 34.945926], [137.937531, 34.946343], [137.938313, 34.947461], [137.940409, 34.947378], [137.941042, 34.947213], [137.941868, 34.946781], [137.942752, 34.946097], [137.943657, 34.946691], [137.945066, 34.94807], [137.947109, 34.949294], [137.947739, 34.949498], [137.949447, 34.9492], [137.951569, 34.948132], [137.953531, 34.947563], [137.955231, 34.946787], [137.956937, 34.947199], [137.958231, 34.947303], [137.959359, 34.947667], [137.960658, 34.947624], [137.962521, 34.947991], [137.962742, 34.94827], [137.962875, 34.949263], [137.963302, 34.949869], [137.9636, 34.951372], [137.964139, 34.952413], [137.96412, 34.953563], [137.964724, 34.955069], [137.965827, 34.95538], [137.967319, 34.955343], [137.968249, 34.955466], [137.968547, 34.955764], [137.970394, 34.956568], [137.9705, 34.956716], [137.970444, 34.957328], [137.97063, 34.95774], [137.970391, 34.958399], [137.97081, 34.958881], [137.971566, 34.958947], [137.972692, 34.958229], [137.973415, 34.958346], [137.973861, 34.958256], [137.974221, 34.958001], [137.974739, 34.95732], [137.975417, 34.957827], [137.975764, 34.957909], [137.976468, 34.957854], [137.977258, 34.957552], [137.979007, 34.957706], [137.980492, 34.957674], [137.9811, 34.95819], [137.981356, 34.959051], [137.981743, 34.959698], [137.982979, 34.960998], [137.984576, 34.961613], [137.985403, 34.961754], [137.986883, 34.961453], [137.987674, 34.961956], [137.987566, 34.962056], [137.986685, 34.96197], [137.985953, 34.962046], [137.985319, 34.96226], [137.984671, 34.962833], [137.984059, 34.9631], [137.981979, 34.963402], [137.982466, 34.964484], [137.981981, 34.964349], [137.981051, 34.964762], [137.979698, 34.965597], [137.979926, 34.966188], [137.980534, 34.966339], [137.98135, 34.967074], [137.983499, 34.965919], [137.984155, 34.96617], [137.984511, 34.966514], [137.985726, 34.966561], [137.986174, 34.966399], [137.986534, 34.965916], [137.986971, 34.965631], [137.987961, 34.965602], [137.9888, 34.965386], [137.989704, 34.965331], [137.989935, 34.965826], [137.989703, 34.966369], [137.989718, 34.966909], [137.99029, 34.967666], [137.991661, 34.968103], [137.992504, 34.968146], [137.993625, 34.968752], [137.994281, 34.968384], [137.994979, 34.968178], [137.995692, 34.968172], [137.996194, 34.968317], [137.996796, 34.968267], [137.997293, 34.967828], [137.998116, 34.967466], [137.998647, 34.967081], [137.999256, 34.966154], [137.999751, 34.96582], [138.000656, 34.964855], [138.001482, 34.964435], [138.001873, 34.964412], [138.002376, 34.96457], [138.00288, 34.965083], [138.003068, 34.965816], [138.003811, 34.966338], [138.003822, 34.967084], [138.004502, 34.967291], [138.004682, 34.967529], [138.004554, 34.967838], [138.003852, 34.96818], [138.004179, 34.968857], [138.003781, 34.969293], [138.003792, 34.969831], [138.003476, 34.97042], [138.003278, 34.972562], [138.003435, 34.972788], [138.004096, 34.973193], [138.005889, 34.973639], [138.006648, 34.973686], [138.007538, 34.974279], [138.008509, 34.974436], [138.009383, 34.974857], [138.0095, 34.975407], [138.009963, 34.975617], [138.010454, 34.976076], [138.011282, 34.977281], [138.011297, 34.97848], [138.011594, 34.978891], [138.01173, 34.979422], [138.011506, 34.980712], [138.01155, 34.981215], [138.012067, 34.981309], [138.013505, 34.982301], [138.01371, 34.98263], [138.013765, 34.983189], [138.014234, 34.983521], [138.014528, 34.983934], [138.015693, 34.984628], [138.016338, 34.985238], [138.017449, 34.985964], [138.018111, 34.986232], [138.019309, 34.987177], [138.019574, 34.987817], [138.020219, 34.987783], [138.021004, 34.988016], [138.021579, 34.987892], [138.022752, 34.988106], [138.023014, 34.988222], [138.023421, 34.98872], [138.023638, 34.98926], [138.024305, 34.989773], [138.024305, 34.99006], [138.02666, 34.990956], [138.02839, 34.990978], [138.028806, 34.991149], [138.029426, 34.992215], [138.030012, 34.992638], [138.030176, 34.992895], [138.030531, 34.993725], [138.030579, 34.994259], [138.03112, 34.995317], [138.031629, 34.995679], [138.031982, 34.996176], [138.032656, 34.996774], [138.034037, 34.997468], [138.035096, 34.998408], [138.035778, 34.9988], [138.035826, 34.998942], [138.034818, 35.000369], [138.034832, 35.001391], [138.034652, 35.002008], [138.033986, 35.002639], [138.033552, 35.003521], [138.03339, 35.004463], [138.033674, 35.004796], [138.034413, 35.005122], [138.034045, 35.006351], [138.033131, 35.007881], [138.032907, 35.008806], [138.032017, 35.009813], [138.0305, 35.010359], [138.02999, 35.011298], [138.028124, 35.011516], [138.0276, 35.011862], [138.027025, 35.011907], [138.026783, 35.012468], [138.026004, 35.012998], [138.026156, 35.014136], [138.025948, 35.01504], [138.026246, 35.016051], [138.025724, 35.017376], [138.025266, 35.017723], [138.024671, 35.017959], [138.02409, 35.01811], [138.022376, 35.018124], [138.021015, 35.018628], [138.019601, 35.019892], [138.018694, 35.021352], [138.01803, 35.021896], [138.017427, 35.021583], [138.01715, 35.020751], [138.016579, 35.020674], [138.016046, 35.020396], [138.015811, 35.020442], [138.015166, 35.021185], [138.01372, 35.022207], [138.013391, 35.022742], [138.013585, 35.0233], [138.014281, 35.023935], [138.015608, 35.024527], [138.016844, 35.024695], [138.017724, 35.02561], [138.018638, 35.02592], [138.019095, 35.02586], [138.019448, 35.025359], [138.020602, 35.024357], [138.022115, 35.024644], [138.022621, 35.024593], [138.02401, 35.025231], [138.026596, 35.027068], [138.027876, 35.027234], [138.029044, 35.027585], [138.030231, 35.02832], [138.030906, 35.028954], [138.032018, 35.030436], [138.032474, 35.031268], [138.033974, 35.031892], [138.035628, 35.033076], [138.037892, 35.034102], [138.039402, 35.035129], [138.039861, 35.035259], [138.041594, 35.035337], [138.043258, 35.035869], [138.044815, 35.036896], [138.045548, 35.037608], [138.047097, 35.038695], [138.047344, 35.039009], [138.047377, 35.040728], [138.048372, 35.042326], [138.048503, 35.04366], [138.048276, 35.045311], [138.04746, 35.046631], [138.047042, 35.04785], [138.047099, 35.048341], [138.04734, 35.048752], [138.047294, 35.048978], [138.0467, 35.049846], [138.044402, 35.051651], [138.043772, 35.051868], [138.043439, 35.052359], [138.043259, 35.053329], [138.043295, 35.054152], [138.043406, 35.054583], [138.043941, 35.055373], [138.043946, 35.056819], [138.042925, 35.058757], [138.042521, 35.060176], [138.041315, 35.060962], [138.040708, 35.06162], [138.04003, 35.063619], [138.040027, 35.064981], [138.039895, 35.06552], [138.039578, 35.065949], [138.038663, 35.066562], [138.03837, 35.06729], [138.039179, 35.06856], [138.040013, 35.069484], [138.041357, 35.07], [138.042279, 35.071032], [138.043115, 35.071351], [138.043822, 35.071946], [138.045171, 35.07264], [138.045413, 35.073998], [138.045654, 35.074433], [138.045877, 35.075995], [138.045896, 35.077261], [138.045836, 35.077598], [138.045033, 35.078236], [138.044479, 35.079579], [138.044783, 35.080972], [138.044224, 35.081584], [138.044028, 35.084332], [138.044159, 35.084796], [138.044731, 35.085611], [138.044503, 35.08703], [138.044538, 35.087695], [138.044816, 35.088106], [138.046902, 35.089127], [138.047212, 35.089468], [138.047652, 35.090687], [138.047689, 35.091491], [138.047975, 35.092188], [138.048092, 35.09312], [138.048904, 35.093955], [138.049555, 35.095609], [138.050111, 35.096399], [138.049662, 35.097546], [138.049791, 35.098154], [138.050437, 35.098605], [138.052825, 35.100926], [138.05412, 35.101745], [138.054989, 35.102766], [138.055351, 35.103453], [138.056038, 35.104141], [138.057056, 35.104732], [138.058339, 35.10498], [138.058699, 35.105172], [138.05831, 35.105806], [138.056373, 35.106364], [138.055896, 35.106705], [138.05523, 35.107808], [138.054352, 35.10873], [138.054197, 35.109434], [138.053564, 35.110449], [138.053234, 35.110598], [138.051961, 35.110641], [138.051534, 35.110961], [138.050391, 35.111384], [138.049114, 35.11161], [138.048328, 35.112411], [138.047848, 35.113122], [138.047251, 35.113333], [138.046569, 35.113809], [138.046025, 35.113915], [138.045328, 35.114298], [138.044746, 35.114923], [138.04345, 35.115888], [138.04284, 35.116578], [138.042571, 35.117337], [138.042109, 35.117904], [138.041812, 35.118132], [138.040517, 35.118529], [138.039575, 35.119199], [138.038004, 35.121049], [138.037808, 35.122098], [138.036841, 35.123049], [138.036021, 35.125004], [138.035395, 35.125836], [138.034588, 35.126051], [138.033564, 35.126518], [138.030817, 35.126878], [138.030281, 35.127358], [138.029468, 35.128528], [138.028597, 35.129206], [138.028012, 35.129381], [138.027289, 35.129044], [138.026389, 35.128252], [138.025069, 35.12791], [138.023404, 35.1273], [138.022685, 35.127175], [138.0226, 35.127175]]]}}, {"type": "Feature", "properties": {"pref_code": "22", "pref_name": "静岡県", "municipality_code": "22203", "municipality_name": "沼津市", "ward_name": "", "display_name": "沼津市", "geometry_key": "22203"}, "geometry": {"type": "MultiPolygon", "coordinates": [[[[138.811656, 35.219243], [138.81114, 35.218369], [138.810606, 35.217763], [138.810159, 35.216628], [138.809829, 35.216408], [138.809529, 35.215687], [138.808747, 35.214667], [138.807465, 35.213614], [138.806128, 35.213008], [138.806441, 35.211966], [138.806373, 35.211519], [138.806109, 35.211249], [138.805228, 35.210761], [138.804994, 35.210361], [138.804417, 35.210099], [138.803735, 35.209997], [138.802995, 35.209627], [138.801903, 35.209672], [138.801389, 35.209446], [138.800443, 35.208676], [138.799784, 35.207199], [138.798704, 35.206268], [138.797703, 35.206203], [138.796852, 35.205732], [138.796544, 35.205266], [138.795881, 35.205216], [138.794609, 35.204668], [138.793957, 35.204156], [138.793595, 35.20405], [138.792777, 35.202911], [138.791838, 35.202283], [138.791438, 35.201583], [138.790129, 35.200669], [138.789251, 35.200259], [138.788536, 35.199663], [138.78765, 35.199255], [138.787451, 35.198939], [138.787449, 35.198277], [138.786749, 35.198271], [138.786022, 35.197749], [138.785622, 35.196308], [138.784642, 35.196265], [138.784124, 35.196102], [138.783286, 35.195104], [138.78206, 35.195517], [138.781625, 35.195464], [138.781212, 35.195607], [138.781038, 35.195536], [138.780422, 35.194923], [138.779344, 35.194456], [138.778987, 35.194047], [138.778701, 35.193942], [138.777323, 35.192878], [138.777115, 35.192533], [138.776596, 35.192319], [138.775988, 35.191636], [138.775571, 35.190901], [138.77478, 35.190697], [138.773389, 35.189479], [138.772917, 35.18932], [138.77233, 35.18933], [138.772024, 35.189137], [138.771309, 35.18853], [138.770591, 35.187629], [138.770502, 35.187212], [138.770787, 35.18608], [138.770038, 35.185107], [138.76983, 35.184071], [138.769383, 35.183322], [138.769323, 35.182622], [138.768728, 35.182056], [138.768732, 35.181918], [138.769459, 35.181656], [138.769719, 35.180859], [138.769608, 35.180313], [138.770085, 35.179847], [138.769936, 35.179188], [138.769549, 35.178598], [138.769413, 35.177142], [138.769064, 35.176293], [138.76869, 35.176014], [138.768516, 35.175655], [138.767954, 35.173705], [138.766661, 35.171638], [138.766006, 35.170968], [138.765452, 35.169945], [138.765168, 35.168678], [138.763474, 35.167651], [138.763023, 35.167135], [138.762882, 35.166679], [138.765357, 35.166029], [138.765956, 35.166156], [138.766936, 35.165896], [138.767467, 35.165876], [138.767935, 35.166043], [138.768577, 35.166644], [138.768651, 35.167186], [138.768787, 35.16726], [138.770381, 35.167068], [138.773786, 35.166057], [138.774224, 35.166077], [138.776886, 35.16726], [138.778281, 35.168173], [138.778454, 35.167869], [138.778315, 35.166463], [138.777914, 35.165097], [138.778247, 35.164865], [138.778266, 35.164635], [138.778119, 35.164478], [138.777239, 35.164557], [138.777092, 35.163717], [138.777222, 35.163045], [138.777011, 35.162971], [138.776263, 35.163067], [138.775744, 35.162422], [138.775774, 35.161834], [138.775283, 35.159766], [138.774346, 35.158931], [138.774346, 35.157762], [138.773727, 35.157737], [138.773356, 35.157239], [138.773077, 35.15558], [138.772287, 35.154107], [138.771287, 35.151257], [138.770773, 35.150336], [138.770563, 35.149592], [138.771752, 35.148927], [138.772515, 35.148829], [138.772114, 35.148314], [138.771409, 35.14793], [138.77018, 35.144805], [138.770276, 35.144648], [138.771101, 35.14422], [138.770647, 35.1427], [138.770489, 35.142588], [138.769754, 35.142619], [138.769607, 35.142489], [138.769117, 35.142706], [138.767247, 35.140246], [138.765609, 35.138348], [138.763961, 35.13878], [138.763328, 35.139058], [138.762593, 35.139953], [138.762129, 35.140313], [138.761543, 35.140517], [138.760226, 35.140392], [138.756801, 35.140394], [138.756333, 35.140294], [138.755886, 35.139368], [138.75507, 35.136344], [138.754322, 35.136301], [138.753807, 35.134584], [138.753368, 35.134505], [138.752514, 35.131486], [138.775884, 35.126146], [138.778899, 35.125392], [138.783505, 35.124017], [138.783704, 35.124001], [138.784031, 35.124228], [138.798561, 35.119427], [138.810842, 35.114949], [138.818435, 35.111711], [138.821382, 35.110162], [138.823198, 35.10943], [138.827783, 35.107064], [138.834986, 35.102767], [138.839063, 35.100063], [138.842603, 35.097238], [138.844827, 35.095078], [138.850086, 35.088125], [138.850351, 35.087406], [138.851046, 35.086617], [138.849017, 35.084117], [138.850402, 35.081966], [138.850942, 35.080366], [138.850732, 35.080192], [138.850816, 35.080119], [138.851048, 35.080326], [138.850977, 35.080662], [138.850431, 35.0821], [138.850522, 35.082136], [138.850002, 35.083111], [138.851404, 35.084759], [138.851694, 35.084812], [138.852689, 35.083172], [138.852879, 35.08324], [138.853929, 35.081387], [138.855864, 35.081609], [138.856167, 35.08365], [138.857209, 35.083921], [138.857039, 35.081467], [138.854221, 35.081121], [138.851962, 35.079851], [138.852299, 35.079386], [138.851627, 35.078898], [138.851702, 35.078831], [138.852602, 35.079474], [138.855156, 35.080726], [138.855296, 35.080572], [138.855703, 35.080926], [138.856462, 35.081046], [138.856093, 35.080057], [138.855234, 35.07883], [138.859843, 35.074264], [138.860233, 35.073746], [138.862136, 35.07285], [138.863166, 35.07158], [138.863046, 35.072104], [138.863234, 35.071998], [138.866086, 35.073205], [138.866362, 35.073349], [138.866449, 35.073797], [138.867017, 35.073847], [138.868496, 35.073431], [138.871864, 35.071045], [138.87461, 35.067899], [138.876068, 35.065674], [138.877061, 35.063409], [138.87739, 35.062165], [138.877067, 35.062098], [138.877716, 35.059669], [138.877821, 35.05969], [138.877393, 35.061236], [138.878246, 35.061427], [138.878956, 35.059075], [138.879312, 35.059168], [138.880158, 35.05855], [138.879975, 35.058363], [138.88109, 35.057304], [138.881666, 35.05637], [138.88079, 35.055985], [138.881152, 35.055382], [138.882367, 35.055896], [138.882914, 35.054896], [138.883102, 35.054925], [138.884032, 35.052548], [138.884011, 35.052129], [138.884617, 35.050429], [138.885115, 35.050153], [138.88524, 35.049834], [138.885858, 35.04935], [138.885824, 35.048195], [138.88616, 35.04708], [138.886071, 35.046184], [138.887112, 35.04618], [138.887168, 35.046683], [138.890059, 35.046636], [138.891638, 35.047975], [138.891644, 35.048807], [138.891351, 35.048807], [138.891304, 35.049105], [138.890602, 35.050302], [138.890629, 35.050612], [138.891147, 35.050967], [138.891356, 35.050908], [138.891576, 35.051264], [138.891937, 35.051506], [138.893274, 35.051544], [138.893782, 35.051412], [138.893939, 35.050258], [138.894874, 35.050459], [138.894785, 35.050671], [138.894482, 35.050832], [138.894571, 35.050921], [138.894393, 35.051057], [138.894518, 35.051176], [138.894696, 35.051057], [138.895084, 35.051244], [138.895748, 35.051206], [138.895811, 35.051316], [138.895586, 35.051512], [138.896757, 35.051231], [138.896437, 35.050194], [138.896725, 35.050131], [138.896788, 35.050279], [138.896997, 35.050275], [138.897055, 35.050148], [138.896735, 35.049463], [138.896876, 35.049421], [138.897232, 35.050155], [138.898283, 35.050518], [138.898806, 35.050884], [138.899566, 35.050792], [138.899779, 35.05013], [138.89951, 35.049993], [138.899509, 35.049743], [138.899641, 35.049694], [138.900174, 35.049751], [138.900231, 35.050171], [138.900505, 35.05018], [138.900792, 35.050511], [138.901425, 35.050603], [138.901425, 35.050518], [138.903213, 35.050082], [138.902671, 35.049481], [138.902425, 35.04949], [138.902287, 35.048665], [138.902611, 35.048432], [138.903077, 35.048372], [138.903641, 35.047831], [138.903536, 35.047689], [138.903625, 35.04752], [138.903906, 35.047497], [138.904412, 35.0477], [138.90574, 35.046794], [138.905086, 35.046212], [138.903795, 35.045395], [138.901238, 35.045115], [138.901217, 35.044877], [138.900214, 35.043022], [138.900277, 35.042924], [138.900099, 35.042814], [138.899989, 35.042877], [138.899607, 35.042559], [138.898665, 35.043221], [138.898796, 35.043348], [138.89866, 35.043404], [138.898473, 35.043989], [138.897934, 35.043466], [138.899043, 35.041852], [138.898729, 35.041597], [138.898834, 35.039104], [138.899169, 35.039044], [138.898964, 35.038262], [138.897647, 35.037482], [138.896982, 35.036479], [138.896752, 35.036467], [138.895226, 35.034764], [138.89465, 35.034751], [138.894436, 35.034421], [138.894933, 35.034229], [138.894364, 35.033476], [138.893857, 35.033225], [138.893632, 35.033238], [138.893475, 35.03348], [138.892983, 35.033366], [138.892956, 35.032784], [138.893481, 35.032264], [138.893083, 35.031899], [138.892774, 35.03209], [138.892199, 35.032115], [138.892099, 35.032017], [138.892471, 35.031211], [138.893157, 35.030733], [138.893351, 35.030776], [138.893659, 35.030581], [138.893743, 35.030389], [138.893061, 35.029605], [138.89325, 35.029355], [138.893256, 35.02905], [138.893041, 35.028897], [138.893089, 35.028224], [138.892733, 35.028161], [138.893455, 35.027574], [138.893329, 35.027468], [138.894756, 35.026109], [138.894914, 35.026301], [138.895855, 35.026554], [138.896696, 35.026453], [138.896984, 35.025943], [138.896921, 35.025718], [138.897914, 35.025287], [138.898234, 35.024914], [138.898494, 35.025024], [138.898651, 35.023813], [138.898489, 35.023409], [138.897845, 35.023588], [138.897172, 35.022315], [138.896895, 35.02161], [138.897256, 35.021543], [138.897387, 35.020966], [138.896936, 35.020358], [138.896187, 35.020604], [138.895551, 35.020056], [138.895974, 35.019657], [138.895713, 35.019322], [138.895446, 35.019445], [138.895321, 35.019309], [138.895705, 35.019009], [138.895359, 35.018954], [138.894988, 35.019082], [138.894666, 35.018974], [138.894609, 35.019241], [138.893862, 35.018471], [138.894192, 35.018279], [138.891251, 35.01699], [138.890516, 35.017119], [138.890016, 35.017429], [138.889687, 35.017322], [138.889316, 35.017418], [138.889439, 35.018187], [138.889309, 35.017994], [138.889049, 35.017986], [138.888796, 35.018155], [138.888597, 35.018386], [138.888501, 35.018994], [138.887967, 35.018656], [138.887584, 35.018599], [138.887358, 35.018267], [138.887379, 35.018087], [138.887183, 35.01807], [138.887018, 35.018336], [138.886694, 35.018446], [138.886107, 35.018255], [138.885057, 35.01893], [138.885276, 35.019439], [138.885674, 35.019444], [138.88592, 35.019805], [138.885776, 35.02016], [138.885309, 35.020294], [138.885184, 35.020608], [138.885508, 35.021255], [138.885906, 35.021769], [138.886032, 35.021731], [138.886575, 35.023063], [138.886423, 35.023122], [138.886502, 35.023401], [138.886344, 35.023456], [138.886324, 35.023915], [138.88544, 35.024642], [138.885267, 35.0246], [138.883829, 35.025482], [138.883327, 35.025393], [138.883076, 35.025206], [138.882552, 35.024255], [138.882104, 35.023823], [138.881572, 35.02301], [138.881493, 35.022148], [138.881723, 35.021548], [138.880258, 35.020584], [138.878935, 35.019459], [138.878504, 35.019705], [138.878614, 35.019895], [138.878279, 35.020384], [138.877636, 35.02076], [138.877344, 35.021862], [138.87737, 35.022628], [138.877114, 35.023146], [138.876915, 35.024158], [138.876994, 35.024986], [138.876402, 35.025279], [138.876287, 35.025011], [138.876089, 35.024964], [138.87489, 35.024735], [138.873756, 35.024752], [138.873516, 35.024654], [138.872992, 35.024221], [138.87176, 35.022713], [138.871149, 35.021409], [138.870708, 35.02114], [138.869744, 35.021129], [138.869742, 35.021409], [138.869564, 35.021405], [138.869566, 35.02177], [138.869357, 35.021886], [138.868847, 35.021887], [138.867747, 35.021708], [138.867614, 35.021407], [138.867036, 35.021336], [138.866531, 35.020962], [138.866162, 35.021245], [138.864671, 35.021129], [138.864746, 35.020639], [138.864409, 35.020555], [138.863194, 35.020849], [138.863188, 35.021059], [138.862881, 35.021009], [138.861231, 35.020084], [138.860854, 35.020272], [138.860744, 35.01976], [138.86033, 35.019836], [138.860333, 35.020328], [138.859888, 35.020353], [138.8597, 35.02008], [138.859327, 35.020007], [138.857701, 35.020201], [138.85759, 35.020499], [138.855745, 35.019952], [138.854538, 35.018925], [138.854061, 35.018879], [138.853827, 35.018706], [138.853481, 35.017647], [138.853509, 35.017266], [138.852841, 35.016855], [138.852467, 35.016296], [138.851273, 35.016145], [138.850795, 35.01655], [138.850576, 35.016544], [138.849823, 35.016969], [138.849511, 35.017006], [138.849001, 35.016874], [138.848165, 35.016084], [138.847956, 35.016104], [138.847685, 35.015894], [138.847593, 35.014833], [138.847321, 35.014278], [138.846351, 35.014263], [138.845562, 35.013893], [138.84435, 35.01422], [138.844655, 35.014823], [138.84442, 35.014891], [138.844332, 35.015116], [138.84411, 35.015106], [138.843694, 35.015811], [138.843549, 35.016098], [138.843944, 35.016322], [138.843493, 35.016907], [138.843351, 35.016909], [138.843126, 35.017804], [138.842799, 35.018164], [138.841827, 35.018422], [138.840414, 35.017447], [138.839616, 35.017308], [138.838672, 35.017575], [138.838599, 35.017775], [138.837545, 35.017969], [138.837462, 35.017792], [138.837345, 35.017823], [138.83754, 35.018249], [138.836682, 35.018969], [138.836343, 35.0189], [138.836248, 35.019175], [138.835888, 35.019309], [138.835197, 35.019048], [138.834969, 35.018711], [138.834363, 35.018697], [138.834199, 35.01881], [138.834147, 35.019355], [138.833936, 35.019641], [138.832967, 35.019753], [138.832483, 35.019876], [138.832416, 35.019995], [138.831874, 35.020051], [138.831448, 35.019958], [138.830841, 35.020191], [138.829751, 35.021305], [138.829535, 35.021857], [138.829751, 35.021949], [138.829248, 35.022807], [138.829356, 35.023084], [138.829244, 35.023314], [138.828678, 35.023576], [138.828179, 35.023359], [138.828139, 35.023051], [138.82659, 35.022213], [138.826167, 35.022299], [138.825789, 35.022682], [138.825005, 35.023127], [138.823526, 35.023155], [138.823058, 35.023354], [138.822652, 35.023617], [138.822756, 35.023736], [138.822592, 35.024172], [138.822194, 35.024284], [138.821708, 35.0241], [138.821185, 35.023431], [138.820822, 35.023217], [138.820321, 35.023192], [138.819449, 35.02341], [138.819074, 35.023256], [138.818166, 35.023236], [138.816181, 35.022496], [138.815832, 35.022531], [138.815806, 35.022704], [138.815418, 35.023062], [138.815102, 35.023049], [138.814849, 35.02278], [138.814375, 35.022871], [138.813824, 35.02282], [138.813519, 35.022631], [138.813091, 35.021981], [138.812988, 35.021379], [138.812453, 35.020678], [138.812356, 35.02041], [138.812433, 35.019946], [138.811663, 35.019382], [138.811655, 35.019049], [138.811399, 35.018904], [138.810819, 35.018981], [138.810716, 35.019254], [138.810132, 35.019387], [138.810003, 35.019265], [138.809862, 35.019354], [138.809989, 35.019631], [138.809075, 35.020193], [138.808171, 35.020253], [138.808151, 35.020442], [138.807576, 35.020435], [138.807582, 35.020249], [138.806402, 35.020311], [138.804931, 35.020747], [138.804891, 35.020967], [138.804713, 35.021088], [138.804374, 35.021004], [138.804315, 35.020882], [138.801904, 35.021399], [138.799813, 35.021081], [138.799293, 35.021566], [138.79944, 35.021956], [138.799364, 35.022313], [138.799101, 35.022475], [138.798157, 35.022597], [138.798089, 35.023023], [138.798261, 35.023247], [138.798143, 35.023595], [138.797672, 35.023904], [138.797327, 35.023978], [138.796016, 35.023839], [138.795302, 35.023532], [138.79457, 35.023566], [138.794308, 35.023625], [138.794173, 35.023797], [138.794181, 35.024085], [138.793984, 35.024313], [138.79205, 35.024247], [138.791056, 35.024865], [138.790545, 35.024979], [138.790006, 35.024823], [138.788972, 35.023722], [138.788551, 35.023584], [138.788187, 35.023838], [138.787519, 35.02347], [138.78669, 35.024304], [138.786129, 35.025097], [138.785875, 35.025684], [138.78581, 35.026257], [138.78656, 35.027129], [138.786871, 35.027947], [138.787199, 35.028366], [138.787539, 35.028568], [138.788278, 35.028686], [138.789031, 35.029024], [138.789367, 35.02939], [138.789462, 35.030004], [138.789168, 35.030348], [138.788388, 35.030584], [138.787909, 35.030556], [138.78719, 35.030218], [138.786409, 35.02943], [138.786047, 35.028765], [138.785834, 35.027824], [138.785519, 35.027306], [138.784794, 35.0265], [138.783568, 35.025791], [138.783226, 35.024681], [138.782946, 35.022321], [138.782898, 35.020298], [138.781193, 35.018716], [138.780043, 35.018], [138.779769, 35.017611], [138.779597, 35.017645], [138.779004, 35.01685], [138.779236, 35.015257], [138.779106, 35.014795], [138.778414, 35.013601], [138.778148, 35.013416], [138.778147, 35.011972], [138.777771, 35.0103], [138.77798, 35.009428], [138.779099, 35.006892], [138.779407, 35.00407], [138.779901, 35.002706], [138.779902, 35.001321], [138.779396, 35.000645], [138.777672, 34.999653], [138.776386, 34.998718], [138.7748, 34.99709], [138.77309, 34.993192], [138.772858, 34.992116], [138.772858, 34.991283], [138.771921, 34.988827], [138.771825, 34.987007], [138.771401, 34.986354], [138.770382, 34.985594], [138.769637, 34.984681], [138.769076, 34.983504], [138.768829, 34.982535], [138.768816, 34.981797], [138.769212, 34.981161], [138.770061, 34.980496], [138.770963, 34.980428], [138.77149, 34.980265], [138.772235, 34.979132], [138.772748, 34.978766], [138.77333, 34.978924], [138.773592, 34.978774], [138.774399, 34.979133], [138.774444, 34.97929], [138.774595, 34.979245], [138.774848, 34.979375], [138.774997, 34.979155], [138.775558, 34.979259], [138.775603, 34.97883], [138.775806, 34.97862], [138.775962, 34.978087], [138.775331, 34.977246], [138.775831, 34.975822], [138.775461, 34.975252], [138.775846, 34.974736], [138.776748, 34.974027], [138.777285, 34.972085], [138.776866, 34.971082], [138.777187, 34.970988], [138.776846, 34.970481], [138.776588, 34.970539], [138.775187, 34.969602], [138.774578, 34.969533], [138.773781, 34.969796], [138.773289, 34.970328], [138.773054, 34.970394], [138.772644, 34.970337], [138.771923, 34.969991], [138.771234, 34.969877], [138.771077, 34.96998], [138.771145, 34.970133], [138.770713, 34.970486], [138.770786, 34.970672], [138.770534, 34.971104], [138.770146, 34.971301], [138.767515, 34.97124], [138.766851, 34.972054], [138.766499, 34.972226], [138.766272, 34.972282], [138.765322, 34.971982], [138.764857, 34.972315], [138.764398, 34.972359], [138.764193, 34.973624], [138.764706, 34.974649], [138.765389, 34.975271], [138.766142, 34.975628], [138.76606, 34.975764], [138.766573, 34.976108], [138.767427, 34.976291], [138.767747, 34.976544], [138.767672, 34.977206], [138.76725, 34.977713], [138.766874, 34.977651], [138.765602, 34.976969], [138.764213, 34.97666], [138.7637, 34.97631], [138.763297, 34.975697], [138.763105, 34.974576], [138.762469, 34.973302], [138.762175, 34.972035], [138.762046, 34.969106], [138.762442, 34.967382], [138.762435, 34.965523], [138.763147, 34.962605], [138.764207, 34.961113], [138.765102, 34.959378], [138.765451, 34.958279], [138.765376, 34.95593], [138.765834, 34.952269], [138.767229, 34.949734], [138.767688, 34.949142], [138.771771, 34.946321], [138.774199, 34.944197], [138.774985, 34.942777], [138.775641, 34.941217], [138.775894, 34.940158], [138.775862, 34.939179], [138.780857, 34.939151], [138.783792, 34.93898], [138.784772, 34.939208], [138.787437, 34.939487], [138.789989, 34.940032], [138.790161, 34.940868], [138.790451, 34.941233], [138.791033, 34.941605], [138.791748, 34.941882], [138.793549, 34.942085], [138.794064, 34.942615], [138.796704, 34.94359], [138.797115, 34.943868], [138.799631, 34.946103], [138.79994, 34.946738], [138.799999, 34.947585], [138.800855, 34.947608], [138.801623, 34.947014], [138.802115, 34.946912], [138.803682, 34.947106], [138.80404, 34.947685], [138.805233, 34.94766], [138.805711, 34.947341], [138.80621, 34.946469], [138.806547, 34.946131], [138.808072, 34.946311], [138.810079, 34.945841], [138.810332, 34.945738], [138.81069, 34.945277], [138.811852, 34.945156], [138.813678, 34.945994], [138.813858, 34.946254], [138.813824, 34.946836], [138.814165, 34.947375], [138.8147, 34.947946], [138.815124, 34.94801], [138.816067, 34.948756], [138.816588, 34.948329], [138.818789, 34.947792], [138.819472, 34.948396], [138.821355, 34.948423], [138.822374, 34.949176], [138.822849, 34.948818], [138.824909, 34.947893], [138.825802, 34.947797], [138.826969, 34.948048], [138.827701, 34.947676], [138.82861, 34.947631], [138.828906, 34.947071], [138.828756, 34.945993], [138.828855, 34.945799], [138.83078, 34.946055], [138.831222, 34.945683], [138.831787, 34.945477], [138.832719, 34.945733], [138.832987, 34.945681], [138.836811, 34.94427], [138.837513, 34.943433], [138.838404, 34.94422], [138.838962, 34.945128], [138.838762, 34.94545], [138.838086, 34.945808], [138.837334, 34.947577], [138.836922, 34.949663], [138.837622, 34.950186], [138.838018, 34.951187], [138.839064, 34.95288], [138.83935, 34.953958], [138.839256, 34.954611], [138.837518, 34.957444], [138.83711, 34.959313], [138.836792, 34.959814], [138.836866, 34.960217], [138.837298, 34.96077], [138.837439, 34.961602], [138.838706, 34.963367], [138.838589, 34.964309], [138.837756, 34.965189], [138.837718, 34.965418], [138.837992, 34.966217], [138.837897, 34.966455], [138.837462, 34.967258], [138.836736, 34.968093], [138.836875, 34.969009], [138.837321, 34.969495], [138.836742, 34.969829], [138.836272, 34.970544], [138.836557, 34.971861], [138.837051, 34.972669], [138.837025, 34.97344], [138.83756, 34.973521], [138.839037, 34.974076], [138.840901, 34.97429], [138.842146, 34.974571], [138.843559, 34.975481], [138.84622, 34.9755], [138.84668, 34.975648], [138.847317, 34.9754], [138.847711, 34.975446], [138.848403, 34.975812], [138.849179, 34.977476], [138.850322, 34.978953], [138.851499, 34.979884], [138.852186, 34.980231], [138.852407, 34.980541], [138.852969, 34.980708], [138.853338, 34.98111], [138.854125, 34.981398], [138.85509, 34.982669], [138.85535, 34.982813], [138.857443, 34.983521], [138.858796, 34.983404], [138.859469, 34.983544], [138.861172, 34.983585], [138.861923, 34.983714], [138.865031, 34.985731], [138.865564, 34.985823], [138.867298, 34.986532], [138.868254, 34.986702], [138.868791, 34.986961], [138.87196, 34.987843], [138.872654, 34.988149], [138.87336, 34.988108], [138.874346, 34.988338], [138.874908, 34.988734], [138.875476, 34.988767], [138.875941, 34.988945], [138.87674, 34.989543], [138.87719, 34.99058], [138.878771, 34.992102], [138.880149, 34.992674], [138.881906, 34.993172], [138.883088, 34.994306], [138.883545, 34.995269], [138.883481, 34.99631], [138.883769, 34.997006], [138.884394, 34.997792], [138.885161, 34.998106], [138.885592, 34.998946], [138.88591, 34.999169], [138.886957, 34.999404], [138.887298, 34.999587], [138.887613, 35.000419], [138.889211, 35.000629], [138.889465, 35.000766], [138.889932, 35.001535], [138.890105, 35.002104], [138.890173, 35.003124], [138.890044, 35.00379], [138.890931, 35.003701], [138.891966, 35.003412], [138.892602, 35.002916], [138.893237, 35.002737], [138.893872, 35.003072], [138.894246, 35.003691], [138.894705, 35.003696], [138.895178, 35.003301], [138.895493, 35.002493], [138.895794, 35.002355], [138.896863, 35.003071], [138.897062, 35.003526], [138.898649, 35.005168], [138.899334, 35.006237], [138.899975, 35.006355], [138.900611, 35.006045], [138.901206, 35.005985], [138.901504, 35.005764], [138.902474, 35.005817], [138.903733, 35.006165], [138.904883, 35.006764], [138.906313, 35.007179], [138.907789, 35.0079], [138.906131, 35.009401], [138.905836, 35.010595], [138.904801, 35.011476], [138.904684, 35.011894], [138.903921, 35.012127], [138.903293, 35.012539], [138.902682, 35.013552], [138.902738, 35.013822], [138.903495, 35.015436], [138.904794, 35.016201], [138.905022, 35.017029], [138.905579, 35.017371], [138.907399, 35.017885], [138.907676, 35.018434], [138.908175, 35.018908], [138.908666, 35.019704], [138.910512, 35.020851], [138.911025, 35.022312], [138.911791, 35.02374], [138.911486, 35.024307], [138.911892, 35.024804], [138.911897, 35.025552], [138.910349, 35.026737], [138.909886, 35.027672], [138.909375, 35.027386], [138.908081, 35.027071], [138.907706, 35.027123], [138.906865, 35.028194], [138.905368, 35.029367], [138.904864, 35.029628], [138.904631, 35.030037], [138.90401, 35.030489], [138.903583, 35.031087], [138.902929, 35.031529], [138.902794, 35.031944], [138.903081, 35.032756], [138.903446, 35.033179], [138.904447, 35.034027], [138.904997, 35.034051], [138.905207, 35.034174], [138.90555, 35.03449], [138.905912, 35.035398], [138.906262, 35.03553], [138.907501, 35.035572], [138.908893, 35.035925], [138.909929, 35.035775], [138.911341, 35.036626], [138.911727, 35.037311], [138.911385, 35.038599], [138.91152, 35.039503], [138.911095, 35.040717], [138.911402, 35.041101], [138.911056, 35.041837], [138.910927, 35.042741], [138.910553, 35.043462], [138.909837, 35.044146], [138.909762, 35.044525], [138.910096, 35.045326], [138.909557, 35.046019], [138.909583, 35.046554], [138.909518, 35.04667], [138.908839, 35.046786], [138.90869, 35.046954], [138.908549, 35.047212], [138.90858, 35.047803], [138.908122, 35.048537], [138.907934, 35.049155], [138.908019, 35.050055], [138.908472, 35.050611], [138.908277, 35.051511], [138.908769, 35.052089], [138.908859, 35.053238], [138.909195, 35.053742], [138.909273, 35.05432], [138.908642, 35.054893], [138.908487, 35.055184], [138.908069, 35.055454], [138.908076, 35.055771], [138.908417, 35.056477], [138.908376, 35.056749], [138.90683, 35.058197], [138.906232, 35.059387], [138.907475, 35.059799], [138.90813, 35.059688], [138.909351, 35.059821], [138.910414, 35.060441], [138.910687, 35.061064], [138.911404, 35.061706], [138.912498, 35.061996], [138.913084, 35.062437], [138.912944, 35.063031], [138.913022, 35.063414], [138.913771, 35.065114], [138.913978, 35.065334], [138.915481, 35.065991], [138.9151, 35.066924], [138.915129, 35.067236], [138.916098, 35.068679], [138.916336, 35.069473], [138.91689, 35.069673], [138.917836, 35.069676], [138.918291, 35.07023], [138.919159, 35.070793], [138.921295, 35.071028], [138.921227, 35.070808], [138.921981, 35.070525], [138.922134, 35.071133], [138.924115, 35.073822], [138.92434, 35.074501], [138.924172, 35.075081], [138.923776, 35.075415], [138.923268, 35.075538], [138.919747, 35.075465], [138.918221, 35.075697], [138.916359, 35.076251], [138.915578, 35.076607], [138.914387, 35.077237], [138.913676, 35.077854], [138.91311, 35.078874], [138.916021, 35.079864], [138.918105, 35.0803], [138.918732, 35.080545], [138.919079, 35.08088], [138.919221, 35.081472], [138.918458, 35.082186], [138.917118, 35.08281], [138.915641, 35.083344], [138.915155, 35.083384], [138.914567, 35.083277], [138.913579, 35.082812], [138.912373, 35.082106], [138.911196, 35.081074], [138.910407, 35.080896], [138.908778, 35.081858], [138.908118, 35.082372], [138.907357, 35.083244], [138.907017, 35.083067], [138.906914, 35.082846], [138.907066, 35.082104], [138.906996, 35.081747], [138.905788, 35.081576], [138.905079, 35.081284], [138.90429, 35.080591], [138.903539, 35.080203], [138.902181, 35.079972], [138.901783, 35.079062], [138.900464, 35.077886], [138.900011, 35.077729], [138.899001, 35.076994], [138.897837, 35.077424], [138.897306, 35.077435], [138.896208, 35.077249], [138.894874, 35.077208], [138.894113, 35.076779], [138.893626, 35.076922], [138.892774, 35.076934], [138.89201, 35.076777], [138.890742, 35.077018], [138.890304, 35.077422], [138.890179, 35.077778], [138.889381, 35.078423], [138.888465, 35.078535], [138.888747, 35.078925], [138.888055, 35.080396], [138.887891, 35.081462], [138.888108, 35.081946], [138.888079, 35.082206], [138.887564, 35.083539], [138.888236, 35.085839], [138.888289, 35.086453], [138.888971, 35.087777], [138.888582, 35.088174], [138.887261, 35.08851], [138.886313, 35.089836], [138.886255, 35.090346], [138.886414, 35.090904], [138.886136, 35.091183], [138.886328, 35.091508], [138.885825, 35.091734], [138.885582, 35.092037], [138.885304, 35.093121], [138.885425, 35.093834], [138.885146, 35.094451], [138.885239, 35.09529], [138.885102, 35.095601], [138.884296, 35.096293], [138.88393, 35.097196], [138.884331, 35.099284], [138.884197, 35.10019], [138.88475, 35.100073], [138.885652, 35.10008], [138.886756, 35.10045], [138.887855, 35.101313], [138.888669, 35.102594], [138.888777, 35.104267], [138.888667, 35.105307], [138.887074, 35.108209], [138.887089, 35.108536], [138.88729, 35.108896], [138.887931, 35.109285], [138.890165, 35.110087], [138.890427, 35.111376], [138.890301, 35.112583], [138.89017, 35.112775], [138.88965, 35.113123], [138.889413, 35.11291], [138.889277, 35.112305], [138.888385, 35.112859], [138.887003, 35.113741], [138.886716, 35.114093], [138.886272, 35.115259], [138.886226, 35.118532], [138.886503, 35.120157], [138.887149, 35.122366], [138.887285, 35.123692], [138.887184, 35.124122], [138.887708, 35.124965], [138.888238, 35.125104], [138.88845, 35.125337], [138.887411, 35.126303], [138.887108, 35.126974], [138.887179, 35.127223], [138.887572, 35.127514], [138.889932, 35.128226], [138.891269, 35.128872], [138.89265, 35.129261], [138.892882, 35.129478], [138.892942, 35.12992], [138.891873, 35.132076], [138.891994, 35.1335], [138.891596, 35.1342], [138.891344, 35.135006], [138.890633, 35.134969], [138.890169, 35.136229], [138.889746, 35.136528], [138.889201, 35.13643], [138.889201, 35.136249], [138.88966, 35.13571], [138.889574, 35.135427], [138.889367, 35.135292], [138.888414, 35.135972], [138.887991, 35.135935], [138.888036, 35.135775], [138.887839, 35.135599], [138.887612, 35.135693], [138.887047, 35.135603], [138.885333, 35.136589], [138.88497, 35.137706], [138.884925, 35.138431], [138.882963, 35.140779], [138.882817, 35.141278], [138.882136, 35.142031], [138.881738, 35.142289], [138.881233, 35.142322], [138.880255, 35.142637], [138.879544, 35.142989], [138.879024, 35.143639], [138.878521, 35.143803], [138.874764, 35.142387], [138.874607, 35.14305], [138.873982, 35.143352], [138.87372, 35.143745], [138.873104, 35.144073], [138.872323, 35.145116], [138.871562, 35.145575], [138.870767, 35.146488], [138.87022, 35.14681], [138.868537, 35.148824], [138.868249, 35.150131], [138.867483, 35.150779], [138.865764, 35.151835], [138.865356, 35.152213], [138.8646, 35.153913], [138.863324, 35.1556], [138.862616, 35.156182], [138.862806, 35.15728], [138.862577, 35.158633], [138.862741, 35.159904], [138.862321, 35.160658], [138.86142, 35.161478], [138.860447, 35.163037], [138.860596, 35.164041], [138.860233, 35.165477], [138.860162, 35.166378], [138.860192, 35.166541], [138.860637, 35.166701], [138.859907, 35.167106], [138.859496, 35.167649], [138.858188, 35.167887], [138.857535, 35.169549], [138.856542, 35.169869], [138.85504, 35.171322], [138.854033, 35.171979], [138.853837, 35.172923], [138.853434, 35.173326], [138.852703, 35.173547], [138.852134, 35.173919], [138.851256, 35.175141], [138.850233, 35.175331], [138.848487, 35.176097], [138.84788, 35.176802], [138.847331, 35.177165], [138.846949, 35.177736], [138.846121, 35.178563], [138.844802, 35.17884], [138.844231, 35.179117], [138.843632, 35.179187], [138.843317, 35.179436], [138.843088, 35.180021], [138.842306, 35.180481], [138.841944, 35.181133], [138.840597, 35.18186], [138.840522, 35.182537], [138.839797, 35.18294], [138.83887, 35.18396], [138.83876, 35.184489], [138.838928, 35.185337], [138.838352, 35.185912], [138.837884, 35.187712], [138.837497, 35.188406], [138.837353, 35.189299], [138.836802, 35.189722], [138.836681, 35.190167], [138.835184, 35.192146], [138.83537, 35.193085], [138.834069, 35.194682], [138.833945, 35.195034], [138.833988, 35.195761], [138.833629, 35.196451], [138.832891, 35.197182], [138.832725, 35.197973], [138.832949, 35.198812], [138.832108, 35.199241], [138.831884, 35.199477], [138.831389, 35.200564], [138.831532, 35.201342], [138.831429, 35.201483], [138.830179, 35.201993], [138.828734, 35.203105], [138.8271, 35.203252], [138.82672, 35.203387], [138.825766, 35.203962], [138.824856, 35.204784], [138.824115, 35.205231], [138.823071, 35.206808], [138.823076, 35.207386], [138.823371, 35.208139], [138.823295, 35.208484], [138.823036, 35.208812], [138.821599, 35.209592], [138.820615, 35.209842], [138.819633, 35.210286], [138.818456, 35.210906], [138.817683, 35.211481], [138.817097, 35.212387], [138.816873, 35.213569], [138.814415, 35.216115], [138.813788, 35.218268], [138.812069, 35.218971], [138.811656, 35.219243]]], [[[138.864766, 35.072122], [138.86485, 35.07203], [138.864939, 35.07212], [138.864766, 35.072122]]], [[[138.877296, 35.059079], [138.877415, 35.058982], [138.877634, 35.059367], [138.877296, 35.059079]]], [[[138.877341, 35.058635], [138.87754, 35.058469], [138.877794, 35.05859], [138.878043, 35.058946], [138.878013, 35.059225], [138.877734, 35.059229], [138.877341, 35.058635]]], [[[138.885804, 35.033499], [138.885899, 35.032997], [138.886735, 35.031865], [138.887201, 35.031505], [138.887591, 35.031392], [138.887967, 35.031015], [138.889309, 35.030716], [138.890494, 35.030958], [138.890274, 35.032246], [138.890409, 35.033408], [138.889867, 35.033902], [138.8887, 35.034162], [138.888137, 35.034788], [138.887148, 35.035357], [138.887111, 35.035693], [138.887315, 35.03568], [138.887033, 35.035878], [138.886454, 35.036034], [138.886297, 35.035955], [138.886372, 35.035729], [138.886064, 35.034924], [138.886009, 35.034124], [138.885804, 35.033499]]], [[[138.890543, 35.034061], [138.890747, 35.033907], [138.8909, 35.034039], [138.890692, 35.034192], [138.890543, 35.034061]]], [[[138.866069, 35.022492], [138.866208, 35.022269], [138.866526, 35.022491], [138.866249, 35.022663], [138.866069, 35.022492]]], [[[138.862811, 35.021549], [138.862903, 35.021436], [138.863111, 35.021445], [138.863326, 35.021587], [138.863036, 35.021642], [138.862811, 35.021549]]], [[[138.880601, 35.021416], [138.880655, 35.021281], [138.880792, 35.021281], [138.880909, 35.021427], [138.880861, 35.021641], [138.880601, 35.021416]]], [[[138.843248, 35.018407], [138.84334, 35.018188], [138.84337, 35.01839], [138.843248, 35.018407]]], [[[138.777715, 35.013569], [138.777757, 35.013505], [138.777808, 35.013561], [138.777715, 35.013569]]], [[[138.77747, 35.013143], [138.777525, 35.013104], [138.777582, 35.013207], [138.77747, 35.013143]]], [[[138.777193, 35.013104], [138.777242, 35.013067], [138.777303, 35.013182], [138.777193, 35.013104]]]]}}, {"type": "Feature", "properties": {"pref_code": "22", "pref_name": "静岡県", "municipality_code": "22205", "municipality_name": "熱海市", "ward_name": "", "display_name": "熱海市", "geometry_key": "22205"}, "geometry": {"type": "MultiPolygon", "coordinates": [[[[139.11185, 35.141273], [139.110924, 35.141654], [139.108075, 35.141863], [139.107557, 35.141796], [139.106432, 35.141347], [139.102698, 35.140852], [139.100974, 35.140344], [139.093252, 35.140717], [139.089843, 35.140195], [139.088321, 35.140699], [139.086803, 35.140956], [139.08544, 35.141077], [139.08436, 35.141033], [139.083106, 35.141255], [139.081241, 35.142333], [139.079543, 35.142644], [139.077977, 35.143368], [139.077363, 35.143791], [139.076707, 35.144676], [139.075823, 35.144951], [139.074092, 35.145099], [139.073376, 35.144942], [139.072825, 35.145184], [139.071604, 35.144712], [139.070582, 35.145037], [139.070046, 35.144826], [139.068812, 35.144598], [139.067602, 35.144737], [139.066131, 35.144126], [139.065806, 35.14412], [139.065292, 35.144389], [139.063885, 35.1448], [139.062637, 35.145008], [139.062395, 35.145119], [139.062323, 35.145444], [139.061964, 35.145726], [139.060409, 35.146044], [139.059944, 35.146891], [139.059312, 35.147214], [139.058462, 35.14718], [139.0583, 35.146802], [139.058039, 35.146704], [139.056374, 35.147164], [139.054533, 35.147308], [139.053913, 35.147308], [139.053361, 35.147037], [139.052617, 35.146931], [139.051637, 35.147062], [139.051414, 35.147164], [139.050851, 35.147825], [139.050061, 35.148954], [139.049153, 35.149412], [139.048227, 35.149703], [139.045189, 35.149742], [139.042701, 35.150073], [139.042209, 35.150046], [139.041484, 35.150318], [139.041219, 35.150536], [139.040346, 35.150705], [139.039615, 35.150668], [139.037952, 35.150126], [139.037044, 35.149987], [139.034727, 35.149895], [139.031467, 35.14996], [139.030427, 35.149753], [139.030559, 35.148877], [139.030276, 35.14771], [139.030485, 35.146701], [139.030656, 35.146551], [139.031575, 35.146387], [139.033928, 35.144883], [139.032967, 35.142615], [139.033484, 35.141947], [139.033277, 35.14099], [139.033401, 35.140469], [139.034069, 35.139993], [139.034091, 35.139581], [139.03463, 35.139028], [139.034698, 35.138213], [139.034923, 35.137994], [139.036008, 35.137671], [139.037012, 35.137802], [139.038546, 35.137045], [139.038655, 35.136852], [139.038236, 35.136053], [139.038594, 35.135245], [139.038728, 35.135128], [139.040094, 35.134803], [139.040993, 35.133319], [139.041691, 35.13271], [139.042261, 35.131942], [139.04231, 35.130629], [139.042134, 35.129929], [139.041186, 35.128271], [139.041117, 35.127899], [139.041674, 35.126968], [139.043326, 35.125604], [139.044043, 35.124535], [139.044778, 35.123719], [139.043819, 35.122681], [139.041916, 35.121859], [139.041335, 35.121319], [139.04074, 35.120987], [139.040633, 35.120212], [139.040267, 35.119586], [139.039402, 35.118656], [139.039061, 35.118715], [139.038172, 35.119194], [139.036293, 35.118747], [139.035931, 35.118514], [139.035477, 35.117652], [139.03425, 35.117213], [139.03483, 35.116272], [139.035445, 35.115703], [139.036135, 35.114246], [139.036198, 35.113673], [139.036076, 35.113165], [139.036213, 35.112823], [139.035477, 35.111743], [139.035201, 35.110859], [139.035362, 35.110277], [139.036391, 35.109376], [139.036474, 35.109174], [139.036106, 35.107304], [139.03614, 35.106071], [139.035825, 35.105508], [139.036127, 35.105096], [139.036944, 35.103236], [139.036293, 35.102613], [139.035387, 35.102104], [139.034943, 35.100999], [139.034146, 35.100175], [139.034253, 35.099648], [139.034931, 35.098706], [139.035109, 35.097518], [139.033746, 35.096092], [139.032881, 35.094324], [139.032239, 35.093612], [139.032183, 35.09305], [139.032549, 35.092645], [139.032468, 35.092224], [139.032059, 35.090831], [139.031203, 35.089367], [139.031149, 35.088727], [139.031327, 35.08763], [139.031769, 35.086813], [139.032208, 35.086508], [139.032746, 35.085873], [139.034201, 35.0851], [139.033671, 35.084677], [139.03323, 35.083985], [139.031464, 35.083509], [139.030903, 35.083121], [139.030569, 35.083048], [139.030299, 35.083019], [139.029836, 35.083204], [139.0294, 35.083156], [139.028593, 35.082589], [139.028579, 35.082377], [139.027851, 35.081625], [139.028313, 35.081019], [139.028729, 35.079516], [139.028856, 35.078363], [139.028563, 35.077357], [139.028675, 35.076929], [139.02936, 35.075738], [139.030612, 35.074857], [139.031085, 35.074201], [139.031081, 35.073573], [139.030457, 35.07197], [139.030257, 35.07057], [139.030507, 35.069601], [139.031377, 35.068447], [139.03149, 35.06748], [139.031902, 35.067171], [139.033161, 35.066824], [139.034465, 35.066871], [139.035048, 35.064977], [139.036312, 35.064448], [139.036534, 35.063968], [139.037681, 35.06319], [139.038124, 35.062518], [139.039056, 35.061574], [139.040203, 35.060875], [139.040203, 35.059791], [139.040046, 35.059478], [139.038074, 35.058291], [139.037758, 35.058147], [139.037094, 35.05808], [139.035949, 35.058119], [139.035302, 35.057922], [139.035017, 35.058028], [139.034143, 35.057931], [139.033349, 35.057556], [139.033434, 35.056647], [139.032984, 35.055978], [139.03283, 35.055441], [139.033184, 35.054891], [139.03308, 35.054228], [139.03241, 35.053484], [139.032264, 35.053134], [139.032456, 35.052747], [139.033057, 35.052247], [139.033611, 35.051369], [139.033788, 35.051022], [139.033788, 35.050485], [139.034262, 35.049532], [139.034285, 35.049038], [139.033176, 35.047347], [139.03375, 35.046157], [139.033762, 35.045586], [139.033951, 35.04537], [139.034566, 35.045107], [139.035918, 35.043667], [139.036484, 35.04333], [139.036815, 35.042608], [139.037774, 35.041814], [139.036931, 35.041199], [139.036919, 35.040674], [139.037046, 35.040274], [139.037912, 35.039649], [139.038557, 35.03865], [139.038485, 35.038513], [139.037593, 35.038227], [139.037289, 35.037943], [139.036665, 35.037849], [139.036623, 35.036759], [139.037092, 35.035666], [139.038062, 35.034629], [139.038683, 35.034819], [139.039457, 35.034303], [139.043569, 35.032394], [139.044578, 35.032432], [139.045283, 35.031935], [139.046804, 35.031751], [139.047405, 35.031454], [139.048009, 35.031492], [139.048271, 35.031145], [139.048252, 35.030705], [139.048391, 35.030467], [139.049037, 35.030677], [139.050104, 35.030289], [139.050735, 35.030417], [139.051259, 35.030371], [139.051914, 35.030739], [139.052199, 35.030758], [139.052457, 35.030592], [139.052599, 35.030242], [139.052776, 35.030136], [139.053181, 35.030296], [139.053674, 35.029874], [139.054559, 35.030371], [139.054828, 35.030222], [139.055029, 35.029743], [139.055691, 35.029934], [139.05618, 35.029868], [139.058059, 35.029099], [139.05809, 35.028612], [139.057805, 35.028096], [139.058152, 35.02769], [139.058572, 35.027537], [139.059184, 35.027544], [139.059711, 35.027294], [139.060986, 35.027237], [139.061695, 35.027025], [139.062784, 35.026931], [139.064171, 35.027303], [139.065938, 35.027462], [139.067798, 35.0256], [139.06847, 35.025412], [139.069642, 35.025419], [139.070547, 35.024963], [139.07114, 35.024856], [139.071649, 35.025009], [139.072184, 35.025481], [139.072816, 35.025747], [139.073947, 35.026684], [139.074845, 35.026875], [139.075353, 35.026684], [139.075592, 35.026716], [139.07635, 35.027547], [139.077101, 35.027872], [139.078249, 35.029025], [139.078021, 35.029709], [139.078487, 35.030784], [139.079581, 35.03139], [139.080967, 35.030721], [139.082842, 35.030159], [139.083335, 35.030124], [139.083693, 35.030349], [139.084206, 35.030465], [139.08394, 35.031452], [139.083974, 35.031956], [139.084201, 35.032415], [139.08476, 35.032815], [139.085006, 35.033549], [139.086, 35.034381], [139.087232, 35.035071], [139.087875, 35.035274], [139.088179, 35.035602], [139.088664, 35.035759], [139.089554, 35.036324], [139.089946, 35.036846], [139.090693, 35.03653], [139.091159, 35.035802], [139.091733, 35.035484], [139.091949, 35.034931], [139.093181, 35.033234], [139.094933, 35.032772], [139.097367, 35.031672], [139.098543, 35.031432], [139.098509, 35.031904], [139.098639, 35.031969], [139.098405, 35.032472], [139.098117, 35.032674], [139.098131, 35.033108], [139.098761, 35.034686], [139.099171, 35.036179], [139.099322, 35.039018], [139.099643, 35.041327], [139.099958, 35.042758], [139.100331, 35.043605], [139.100305, 35.044829], [139.100481, 35.044915], [139.100246, 35.045012], [139.099561, 35.046088], [139.097809, 35.047043], [139.097089, 35.047687], [139.096042, 35.048192], [139.09411, 35.049624], [139.09352, 35.049739], [139.091071, 35.049546], [139.090681, 35.049411], [139.090167, 35.048763], [139.089083, 35.048435], [139.089158, 35.048124], [139.089264, 35.048121], [139.089202, 35.047479], [139.089408, 35.046655], [139.089072, 35.046671], [139.089057, 35.046488], [139.089339, 35.046476], [139.088866, 35.046042], [139.088589, 35.046199], [139.086299, 35.045247], [139.086136, 35.044778], [139.082799, 35.045476], [139.082616, 35.045541], [139.082668, 35.04582], [139.082286, 35.045889], [139.082202, 35.045715], [139.079994, 35.047227], [139.079918, 35.048062], [139.079389, 35.048025], [139.078316, 35.047519], [139.077596, 35.04738], [139.077534, 35.047478], [139.077361, 35.047442], [139.07737, 35.047317], [139.076497, 35.047086], [139.074103, 35.046783], [139.071873, 35.04927], [139.071381, 35.050191], [139.071568, 35.05025], [139.071065, 35.051106], [139.070942, 35.051084], [139.070935, 35.051286], [139.070011, 35.052159], [139.069785, 35.052565], [139.069032, 35.054869], [139.068689, 35.056615], [139.069387, 35.057379], [139.069851, 35.057103], [139.071334, 35.058131], [139.071767, 35.058237], [139.071056, 35.059008], [139.072533, 35.059694], [139.072693, 35.059556], [139.073057, 35.059841], [139.072925, 35.059997], [139.073435, 35.060511], [139.073864, 35.060323], [139.073964, 35.060483], [139.074281, 35.060369], [139.074563, 35.060734], [139.074646, 35.061144], [139.074213, 35.062006], [139.074254, 35.062588], [139.074796, 35.063978], [139.075337, 35.064519], [139.075871, 35.065899], [139.076508, 35.066947], [139.076528, 35.067262], [139.076987, 35.067409], [139.077728, 35.067198], [139.077806, 35.067401], [139.077504, 35.067517], [139.077528, 35.067741], [139.078739, 35.068799], [139.079103, 35.068806], [139.079112, 35.068658], [139.079371, 35.068655], [139.079358, 35.068882], [139.079537, 35.068953], [139.079667, 35.06932], [139.079444, 35.069268], [139.07934, 35.069442], [139.07936, 35.069562], [139.079591, 35.06965], [139.079479, 35.070164], [139.078468, 35.070181], [139.078411, 35.070271], [139.077932, 35.07169], [139.078206, 35.072828], [139.076693, 35.073864], [139.075912, 35.07471], [139.075652, 35.075188], [139.075062, 35.077266], [139.074762, 35.077481], [139.074221, 35.078664], [139.07455, 35.080607], [139.075077, 35.081627], [139.075851, 35.081988], [139.076371, 35.082591], [139.076987, 35.082799], [139.077553, 35.082609], [139.077974, 35.082748], [139.078321, 35.083172], [139.077973, 35.083407], [139.078439, 35.083869], [139.078788, 35.083819], [139.079206, 35.083565], [139.079303, 35.083857], [139.079629, 35.083702], [139.079987, 35.083868], [139.079945, 35.084162], [139.080373, 35.084712], [139.080178, 35.084889], [139.081727, 35.085326], [139.081719, 35.085537], [139.081273, 35.085751], [139.081349, 35.085886], [139.08175, 35.085705], [139.08204, 35.085852], [139.081717, 35.086202], [139.081855, 35.086433], [139.081465, 35.086568], [139.081251, 35.086953], [139.081404, 35.087146], [139.080994, 35.087325], [139.080899, 35.087676], [139.08038, 35.092432], [139.078119, 35.091833], [139.078041, 35.092069], [139.077345, 35.092108], [139.077344, 35.091359], [139.077872, 35.090309], [139.077797, 35.090266], [139.078458, 35.089632], [139.078314, 35.088928], [139.077968, 35.089227], [139.077826, 35.089106], [139.075587, 35.090674], [139.074724, 35.091858], [139.074896, 35.092101], [139.074694, 35.092105], [139.074678, 35.093328], [139.074918, 35.093316], [139.074704, 35.09342], [139.074733, 35.093575], [139.07531, 35.093587], [139.075864, 35.094941], [139.076562, 35.096141], [139.076853, 35.096041], [139.077021, 35.095749], [139.077159, 35.095781], [139.077321, 35.096394], [139.077217, 35.096446], [139.076891, 35.096251], [139.076536, 35.096376], [139.076488, 35.097018], [139.076797, 35.097728], [139.07705, 35.098122], [139.078572, 35.099519], [139.078224, 35.099634], [139.078438, 35.099808], [139.080413, 35.099949], [139.081927, 35.100604], [139.086871, 35.107094], [139.087125, 35.107759], [139.086986, 35.109137], [139.086602, 35.110191], [139.086651, 35.111035], [139.087962, 35.112695], [139.088517, 35.113012], [139.089203, 35.113885], [139.089662, 35.114167], [139.091238, 35.114758], [139.093464, 35.115931], [139.095341, 35.116306], [139.095397, 35.116213], [139.095646, 35.116238], [139.096694, 35.116978], [139.096867, 35.116946], [139.097165, 35.117114], [139.097379, 35.117581], [139.097928, 35.117981], [139.098678, 35.11882], [139.099957, 35.121496], [139.102458, 35.124302], [139.104311, 35.125582], [139.104932, 35.127169], [139.105337, 35.127845], [139.106276, 35.128555], [139.108442, 35.129619], [139.109242, 35.130292], [139.109365, 35.13082], [139.109011, 35.13229], [139.109175, 35.132853], [139.109998, 35.134222], [139.110052, 35.134605], [139.109888, 35.136965], [139.109998, 35.138982], [139.110203, 35.139444], [139.110397, 35.139564], [139.110609, 35.139519], [139.111351, 35.141176], [139.11185, 35.141273]]], [[[139.096493, 35.116628], [139.096555, 35.116476], [139.096799, 35.116438], [139.096976, 35.116792], [139.096674, 35.116876], [139.096493, 35.116628]]], [[[139.097053, 35.116525], [139.097211, 35.116381], [139.097308, 35.116617], [139.097053, 35.116525]]], [[[139.088536, 35.109207], [139.088599, 35.109159], [139.088689, 35.10934], [139.088536, 35.109207]]], [[[139.088006, 35.108126], [139.088072, 35.108082], [139.088136, 35.108154], [139.088006, 35.108126]]], [[[139.087831, 35.107943], [139.087932, 35.107985], [139.087856, 35.107998], [139.087831, 35.107943]]], [[[139.087309, 35.107959], [139.087411, 35.107866], [139.087401, 35.107965], [139.087309, 35.107959]]], [[[139.087607, 35.10786], [139.087722, 35.107841], [139.087657, 35.107907], [139.087607, 35.10786]]], [[[139.087307, 35.107697], [139.087363, 35.107659], [139.08741, 35.107708], [139.087307, 35.107697]]], [[[139.087501, 35.107716], [139.087535, 35.107656], [139.087594, 35.107685], [139.087501, 35.107716]]], [[[139.087218, 35.107541], [139.087288, 35.107506], [139.087337, 35.107543], [139.087218, 35.107541]]], [[[139.088747, 35.106094], [139.088985, 35.106071], [139.088837, 35.106189], [139.088747, 35.106094]]], [[[139.088422, 35.106034], [139.08853, 35.105934], [139.088593, 35.106014], [139.088422, 35.106034]]], [[[139.082151, 35.085941], [139.082498, 35.085899], [139.082168, 35.086022], [139.082151, 35.085941]]], [[[139.08264, 35.085798], [139.082754, 35.085728], [139.082787, 35.085928], [139.08265, 35.085928], [139.08264, 35.085798]]], [[[139.076131, 35.081994], [139.076252, 35.081964], [139.0764, 35.082051], [139.076131, 35.081994]]], [[[139.076604, 35.081997], [139.076902, 35.081839], [139.076861, 35.081978], [139.076604, 35.081997]]], [[[139.075915, 35.081864], [139.076008, 35.08183], [139.075958, 35.081896], [139.075915, 35.081864]]], [[[139.076096, 35.081648], [139.076224, 35.081605], [139.076117, 35.081681], [139.076096, 35.081648]]], [[[139.075669, 35.076831], [139.075788, 35.076841], [139.075764, 35.07694], [139.075669, 35.076831]]], [[[139.075757, 35.076364], [139.075841, 35.076325], [139.075856, 35.076475], [139.075757, 35.076364]]], [[[139.076069, 35.076103], [139.07616, 35.076054], [139.076143, 35.076111], [139.076069, 35.076103]]], [[[139.076259, 35.075656], [139.076334, 35.075615], [139.076371, 35.075672], [139.076259, 35.075656]]], [[[139.07618, 35.075497], [139.076287, 35.075449], [139.076256, 35.075552], [139.07618, 35.075497]]], [[[139.076293, 35.075312], [139.076538, 35.075222], [139.076515, 35.075367], [139.076293, 35.075312]]], [[[139.076043, 35.075285], [139.076152, 35.075245], [139.076166, 35.075364], [139.076043, 35.075285]]], [[[139.075891, 35.075201], [139.076001, 35.075086], [139.07611, 35.075136], [139.075891, 35.075201]]], [[[139.07874, 35.073549], [139.078863, 35.073385], [139.079035, 35.0734], [139.07893, 35.073599], [139.07874, 35.073549]]], [[[139.078407, 35.073097], [139.07897, 35.072978], [139.078493, 35.073177], [139.078407, 35.073097]]], [[[139.079726, 35.069756], [139.079823, 35.069657], [139.079942, 35.06978], [139.079726, 35.069756]]], [[[139.079597, 35.0684], [139.080304, 35.068364], [139.080655, 35.068519], [139.079798, 35.06853], [139.079597, 35.0684]]], [[[139.081117, 35.067685], [139.081626, 35.067583], [139.081401, 35.067777], [139.081117, 35.067685]]], [[[139.078189, 35.067233], [139.07832, 35.06722], [139.078279, 35.067279], [139.078189, 35.067233]]], [[[139.077901, 35.067176], [139.078039, 35.067182], [139.077967, 35.067228], [139.077901, 35.067176]]], [[[139.078115, 35.067089], [139.078158, 35.067045], [139.078236, 35.067087], [139.078115, 35.067089]]], [[[139.074599, 35.060185], [139.074748, 35.060136], [139.074703, 35.060214], [139.074599, 35.060185]]], [[[139.074361, 35.060042], [139.074489, 35.060013], [139.074465, 35.060187], [139.074361, 35.060042]]], [[[139.074608, 35.059752], [139.074754, 35.059781], [139.074739, 35.059832], [139.074608, 35.059752]]], [[[139.070558, 35.05513], [139.070963, 35.055105], [139.070797, 35.055299], [139.070616, 35.055274], [139.070558, 35.05513]]], [[[139.099399, 35.046299], [139.099558, 35.04622], [139.099591, 35.046333], [139.099399, 35.046299]]], [[[139.100166, 35.045854], [139.100255, 35.04572], [139.100435, 35.045708], [139.100166, 35.045854]]], [[[139.100774, 35.045681], [139.100839, 35.045531], [139.100969, 35.045665], [139.100774, 35.045681]]], [[[139.100654, 35.045276], [139.100705, 35.045294], [139.100706, 35.045324], [139.100654, 35.045276]]], [[[139.10052, 35.043644], [139.100594, 35.043612], [139.100606, 35.043725], [139.10052, 35.043644]]], [[[139.164004, 35.043027], [139.164223, 35.042339], [139.164716, 35.041832], [139.164996, 35.041756], [139.165582, 35.041851], [139.165972, 35.041512], [139.166104, 35.041618], [139.166603, 35.041344], [139.16693, 35.040891], [139.167154, 35.040374], [139.166898, 35.040288], [139.166891, 35.040098], [139.167138, 35.04006], [139.167165, 35.039142], [139.166891, 35.038309], [139.166922, 35.037576], [139.167289, 35.037156], [139.167376, 35.036853], [139.167843, 35.036564], [139.170477, 35.036444], [139.172353, 35.036672], [139.175582, 35.03846], [139.175982, 35.038863], [139.176232, 35.038937], [139.176507, 35.039413], [139.176468, 35.039765], [139.174577, 35.040773], [139.174042, 35.04171], [139.17373, 35.041828], [139.173302, 35.042355], [139.172849, 35.042593], [139.171877, 35.042794], [139.171286, 35.042663], [139.170421, 35.042721], [139.169566, 35.042594], [139.169523, 35.042496], [139.168249, 35.042561], [139.168202, 35.04267], [139.167924, 35.042601], [139.167158, 35.042707], [139.166316, 35.043095], [139.1652, 35.043383], [139.16417, 35.043229], [139.164004, 35.043027]]], [[[139.163953, 35.043163], [139.16402, 35.043147], [139.164, 35.043198], [139.163953, 35.043163]]], [[[139.163771, 35.043119], [139.163832, 35.043074], [139.163867, 35.04313], [139.163771, 35.043119]]], [[[139.172049, 35.042958], [139.172107, 35.04298], [139.172078, 35.043022], [139.172049, 35.042958]]], [[[139.163854, 35.042944], [139.163888, 35.042931], [139.163915, 35.042984], [139.163854, 35.042944]]], [[[139.171901, 35.042886], [139.171957, 35.042873], [139.171962, 35.042931], [139.171901, 35.042886]]], [[[139.172206, 35.042911], [139.172256, 35.042841], [139.172258, 35.042913], [139.172206, 35.042911]]], [[[139.172795, 35.042794], [139.172835, 35.042759], [139.17288, 35.042805], [139.172795, 35.042794]]], [[[139.173038, 35.042716], [139.173096, 35.04269], [139.173088, 35.042761], [139.173038, 35.042716]]], [[[139.173354, 35.042713], [139.17343, 35.042708], [139.173402, 35.042751], [139.173354, 35.042713]]], [[[139.17325, 35.042522], [139.173311, 35.042493], [139.173338, 35.042565], [139.17325, 35.042522]]], [[[139.173572, 35.042237], [139.173632, 35.042202], [139.173659, 35.042251], [139.173572, 35.042237]]], [[[139.174011, 35.04189], [139.174066, 35.041867], [139.174074, 35.041938], [139.174011, 35.04189]]], [[[139.174281, 35.041683], [139.174336, 35.04166], [139.174344, 35.041731], [139.174281, 35.041683]]], [[[139.174706, 35.041549], [139.174762, 35.041526], [139.174769, 35.041597], [139.174706, 35.041549]]], [[[139.174485, 35.041544], [139.17454, 35.041521], [139.174547, 35.041592], [139.174485, 35.041544]]], [[[139.174729, 35.041356], [139.174785, 35.041333], [139.174792, 35.041404], [139.174729, 35.041356]]], [[[139.176204, 35.040227], [139.176265, 35.040225], [139.176257, 35.040279], [139.176204, 35.040227]]], [[[139.176029, 35.040109], [139.176096, 35.040077], [139.176087, 35.040136], [139.176029, 35.040109]]], [[[139.176278, 35.039953], [139.176317, 35.039922], [139.176348, 35.039973], [139.176278, 35.039953]]], [[[139.176463, 35.039919], [139.176531, 35.039893], [139.176533, 35.039944], [139.176463, 35.039919]]], [[[139.176459, 35.039193], [139.176525, 35.039198], [139.176549, 35.039271], [139.176459, 35.039193]]], [[[139.099579, 35.039103], [139.099671, 35.039031], [139.099656, 35.039137], [139.099579, 35.039103]]], [[[139.176405, 35.038893], [139.176443, 35.038847], [139.176449, 35.038926], [139.176405, 35.038893]]], [[[139.176114, 35.038815], [139.176193, 35.038792], [139.176169, 35.038844], [139.176114, 35.038815]]], [[[139.174174, 35.037603], [139.174217, 35.03757], [139.174259, 35.03764], [139.174174, 35.037603]]], [[[139.173938, 35.037484], [139.173979, 35.037458], [139.174029, 35.037515], [139.173938, 35.037484]]], [[[139.174119, 35.037451], [139.174194, 35.037424], [139.174192, 35.037494], [139.174119, 35.037451]]], [[[139.173864, 35.03734], [139.173917, 35.037317], [139.173947, 35.037378], [139.173864, 35.03734]]], [[[139.172666, 35.036519], [139.172752, 35.03649], [139.17277, 35.036569], [139.172666, 35.036519]]], [[[139.171126, 35.036412], [139.171253, 35.036411], [139.171212, 35.036463], [139.171126, 35.036412]]], [[[139.169702, 35.036305], [139.169844, 35.036282], [139.16988, 35.036352], [139.169702, 35.036305]]]]}}, {"type": "Feature", "properties": {"pref_code": "22", "pref_name": "静岡県", "municipality_code": "22206", "municipality_name": "三島市", "ward_name": "", "display_name": "三島市", "geometry_key": "22206"}, "geometry": {"type": "Polygon", "coordinates": [[[139.013829, 35.182368], [139.011539, 35.18239], [139.010675, 35.18264], [139.009011, 35.183439], [139.006476, 35.185863], [139.004863, 35.186602], [139.002855, 35.187892], [139.001594, 35.189805], [139.000647, 35.189477], [139.000022, 35.189563], [138.99943, 35.189431], [138.998499, 35.188845], [138.997715, 35.188733], [138.99732, 35.188387], [138.996614, 35.188065], [138.995434, 35.186982], [138.994215, 35.186262], [138.991768, 35.185478], [138.990197, 35.184147], [138.988973, 35.184092], [138.988329, 35.183905], [138.987268, 35.182789], [138.986014, 35.182198], [138.985117, 35.181281], [138.984184, 35.180954], [138.983328, 35.180821], [138.981794, 35.181105], [138.980969, 35.180898], [138.980249, 35.181107], [138.979047, 35.180757], [138.978214, 35.180685], [138.977499, 35.180222], [138.977027, 35.180074], [138.976027, 35.180356], [138.97551, 35.180116], [138.974737, 35.18013], [138.974026, 35.179822], [138.973351, 35.179725], [138.972214, 35.18005], [138.971289, 35.179938], [138.970576, 35.180006], [138.97002, 35.180259], [138.96923, 35.180232], [138.968479, 35.180778], [138.967912, 35.180392], [138.967184, 35.180263], [138.96546, 35.179512], [138.963805, 35.179808], [138.962786, 35.179682], [138.961127, 35.178701], [138.961041, 35.178386], [138.961206, 35.177921], [138.961143, 35.177676], [138.960776, 35.177418], [138.959961, 35.177207], [138.959577, 35.176611], [138.959131, 35.176493], [138.958308, 35.176658], [138.958022, 35.176563], [138.956906, 35.17553], [138.956589, 35.175052], [138.955442, 35.174264], [138.955062, 35.174055], [138.954399, 35.173922], [138.952802, 35.173852], [138.951235, 35.172304], [138.950665, 35.172008], [138.949792, 35.171758], [138.949157, 35.171251], [138.948101, 35.171356], [138.947369, 35.171046], [138.946103, 35.170972], [138.945218, 35.171814], [138.943916, 35.171475], [138.942111, 35.171843], [138.941064, 35.171653], [138.939418, 35.17162], [138.937727, 35.172071], [138.936988, 35.172469], [138.935889, 35.172734], [138.93524, 35.173017], [138.934458, 35.173091], [138.93384, 35.173063], [138.932617, 35.172777], [138.931601, 35.172122], [138.931062, 35.172039], [138.929913, 35.171451], [138.929677, 35.171225], [138.929574, 35.170797], [138.929235, 35.170654], [138.92873, 35.170646], [138.928134, 35.171079], [138.927671, 35.171182], [138.926898, 35.17095], [138.926514, 35.170555], [138.925761, 35.171019], [138.924981, 35.171275], [138.924606, 35.171331], [138.924113, 35.171143], [138.923211, 35.171155], [138.922925, 35.170832], [138.922813, 35.17045], [138.922108, 35.169949], [138.921926, 35.169566], [138.920822, 35.169194], [138.920787, 35.169051], [138.920983, 35.168903], [138.920892, 35.168707], [138.920676, 35.168363], [138.920116, 35.167933], [138.920293, 35.167716], [138.920121, 35.166391], [138.919965, 35.16626], [138.919526, 35.16619], [138.918599, 35.166371], [138.91822, 35.165806], [138.917257, 35.165192], [138.916874, 35.164672], [138.916546, 35.164566], [138.916264, 35.164296], [138.916244, 35.163657], [138.916546, 35.162888], [138.916461, 35.162082], [138.915608, 35.160994], [138.914867, 35.160576], [138.914146, 35.15993], [138.913021, 35.159521], [138.911972, 35.15851], [138.911271, 35.157442], [138.910848, 35.157049], [138.909305, 35.157356], [138.909194, 35.157127], [138.90938, 35.156743], [138.90933, 35.156518], [138.908311, 35.156162], [138.90819, 35.156027], [138.908215, 35.155008], [138.907792, 35.154807], [138.907388, 35.154775], [138.907106, 35.154464], [138.907398, 35.153969], [138.907363, 35.153768], [138.906939, 35.153457], [138.906904, 35.153183], [138.907368, 35.152545], [138.905971, 35.151886], [138.905784, 35.151689], [138.905434, 35.148615], [138.905659, 35.148277], [138.906289, 35.148036], [138.906975, 35.147581], [138.907711, 35.146059], [138.907686, 35.145634], [138.907272, 35.14493], [138.907192, 35.144443], [138.908714, 35.142929], [138.908901, 35.142508], [138.908558, 35.141718], [138.908523, 35.141281], [138.90823, 35.140831], [138.908644, 35.140266], [138.908664, 35.13921], [138.909602, 35.137823], [138.909506, 35.136677], [138.909889, 35.1359], [138.909864, 35.135258], [138.910817, 35.133707], [138.911422, 35.132144], [138.911518, 35.129853], [138.911185, 35.129484], [138.909708, 35.1284], [138.909617, 35.127528], [138.909456, 35.12734], [138.908356, 35.127176], [138.908054, 35.126923], [138.907559, 35.126923], [138.907197, 35.126689], [138.906395, 35.124705], [138.906107, 35.123109], [138.905553, 35.122422], [138.905069, 35.122111], [138.904958, 35.121787], [138.904973, 35.121485], [138.905422, 35.12108], [138.905104, 35.12036], [138.905227, 35.119938], [138.905506, 35.119415], [138.906375, 35.119442], [138.906542, 35.119289], [138.905983, 35.118475], [138.905129, 35.118048], [138.904907, 35.117483], [138.905069, 35.117102], [138.904424, 35.116345], [138.904635, 35.115912], [138.905069, 35.116107], [138.905356, 35.116047], [138.905377, 35.114885], [138.905104, 35.11423], [138.905306, 35.113784], [138.905387, 35.113072], [138.905845, 35.112879], [138.906632, 35.112783], [138.907197, 35.112008], [138.907091, 35.109827], [138.907535, 35.109017], [138.907807, 35.109004], [138.90875, 35.109621], [138.909027, 35.109618], [138.909093, 35.109021], [138.90867, 35.108309], [138.908765, 35.107836], [138.909673, 35.107331], [138.909744, 35.106721], [138.909412, 35.10635], [138.909387, 35.106147], [138.909789, 35.105899], [138.910344, 35.105993], [138.910853, 35.106255], [138.911024, 35.106132], [138.910959, 35.105792], [138.910041, 35.104999], [138.909986, 35.104765], [138.910379, 35.104131], [138.910879, 35.104066], [138.911459, 35.104246], [138.911625, 35.104381], [138.911721, 35.104827], [138.911902, 35.104917], [138.912376, 35.104733], [138.912238, 35.103969], [138.912429, 35.103355], [138.912409, 35.102895], [138.912144, 35.102466], [138.91221, 35.101676], [138.912477, 35.101459], [138.913309, 35.101701], [138.913487, 35.101007], [138.914033, 35.100735], [138.913497, 35.100387], [138.913027, 35.10035], [138.913027, 35.100203], [138.914013, 35.099417], [138.914341, 35.099357], [138.914519, 35.099044], [138.914234, 35.098721], [138.91342, 35.098425], [138.913183, 35.098039], [138.913732, 35.097664], [138.913913, 35.097384], [138.91405, 35.097028], [138.913763, 35.096532], [138.914217, 35.096307], [138.914613, 35.096299], [138.914784, 35.096025], [138.914241, 35.095536], [138.914301, 35.095406], [138.914797, 35.095182], [138.914469, 35.094884], [138.913728, 35.094605], [138.913657, 35.094302], [138.914782, 35.092887], [138.915175, 35.092927], [138.915594, 35.093132], [138.915114, 35.092514], [138.914096, 35.092674], [138.913682, 35.092621], [138.913173, 35.092367], [138.913405, 35.091721], [138.913219, 35.09134], [138.91278, 35.091041], [138.912492, 35.091491], [138.912236, 35.091455], [138.912109, 35.091172], [138.912382, 35.090628], [138.912367, 35.090337], [138.912129, 35.0901], [138.911479, 35.089822], [138.911282, 35.089425], [138.911302, 35.089118], [138.910924, 35.088726], [138.909951, 35.088304], [138.909563, 35.086994], [138.909099, 35.086753], [138.908413, 35.086831], [138.907919, 35.086624], [138.907794, 35.086299], [138.908045, 35.08584], [138.907607, 35.085794], [138.907517, 35.086586], [138.907742, 35.086769], [138.907677, 35.087158], [138.90724, 35.087353], [138.906906, 35.087273], [138.906679, 35.08699], [138.907104, 35.086237], [138.906097, 35.085766], [138.907357, 35.083244], [138.908118, 35.082372], [138.908778, 35.081858], [138.910407, 35.080896], [138.911196, 35.081074], [138.912373, 35.082106], [138.913579, 35.082812], [138.914567, 35.083277], [138.915155, 35.083384], [138.915641, 35.083344], [138.917118, 35.08281], [138.918458, 35.082186], [138.919221, 35.081472], [138.919079, 35.08088], [138.918732, 35.080545], [138.918105, 35.0803], [138.916021, 35.079864], [138.91311, 35.078874], [138.913676, 35.077854], [138.914387, 35.077237], [138.915578, 35.076607], [138.916359, 35.076251], [138.918221, 35.075697], [138.919747, 35.075465], [138.923268, 35.075538], [138.923775, 35.076621], [138.922857, 35.077532], [138.922368, 35.078446], [138.922334, 35.078742], [138.92254, 35.078853], [138.922765, 35.078811], [138.923219, 35.078488], [138.923677, 35.077972], [138.924118, 35.0777], [138.924389, 35.077175], [138.924654, 35.077112], [138.925379, 35.077427], [138.92493, 35.077914], [138.924826, 35.078227], [138.924969, 35.079218], [138.924647, 35.079716], [138.924801, 35.07998], [138.925361, 35.080078], [138.925914, 35.079966], [138.927113, 35.078891], [138.927402, 35.079266], [138.927569, 35.079813], [138.927226, 35.080253], [138.927011, 35.081007], [138.927136, 35.081316], [138.927422, 35.081455], [138.927776, 35.081455], [138.928572, 35.080601], [138.9288, 35.080455], [138.928972, 35.080509], [138.929463, 35.081054], [138.930285, 35.081228], [138.930656, 35.081565], [138.9307, 35.081846], [138.929292, 35.081234], [138.929151, 35.081873], [138.929569, 35.082648], [138.930754, 35.083496], [138.930895, 35.084043], [138.931932, 35.083832], [138.932992, 35.083967], [138.93294, 35.084125], [138.932264, 35.083962], [138.931914, 35.084768], [138.933147, 35.085197], [138.933265, 35.084975], [138.934346, 35.085361], [138.934865, 35.084826], [138.934618, 35.084644], [138.934743, 35.084526], [138.935616, 35.085299], [138.936016, 35.08621], [138.93611, 35.08678], [138.935991, 35.086942], [138.935603, 35.087207], [138.935311, 35.087179], [138.935346, 35.086827], [138.934101, 35.086786], [138.933965, 35.087886], [138.935104, 35.088349], [138.935193, 35.087878], [138.935699, 35.088149], [138.9347, 35.090514], [138.933999, 35.090921], [138.933888, 35.091115], [138.934871, 35.091186], [138.935391, 35.091442], [138.936425, 35.091295], [138.9382, 35.091316], [138.939975, 35.090816], [138.942476, 35.090334], [138.944085, 35.090698], [138.945416, 35.089834], [138.946364, 35.091114], [138.947097, 35.091873], [138.946551, 35.092285], [138.948114, 35.093529], [138.947696, 35.095145], [138.948189, 35.095236], [138.947958, 35.095919], [138.948499, 35.096479], [138.948986, 35.096565], [138.949702, 35.097114], [138.94998, 35.099225], [138.950721, 35.101365], [138.950166, 35.103599], [138.950514, 35.104417], [138.951422, 35.105158], [138.95297, 35.105706], [138.953051, 35.106132], [138.952929, 35.106697], [138.953903, 35.108526], [138.953756, 35.109655], [138.954699, 35.110441], [138.95482, 35.110969], [138.955274, 35.111538], [138.956232, 35.112278], [138.956399, 35.112888], [138.957806, 35.113617], [138.958527, 35.114546], [138.958698, 35.114586], [138.959515, 35.1143], [138.959944, 35.114361], [138.960725, 35.115466], [138.961174, 35.115851], [138.961895, 35.117578], [138.961814, 35.118212], [138.962132, 35.118527], [138.962515, 35.118707], [138.963272, 35.118752], [138.963604, 35.118912], [138.964194, 35.119427], [138.965591, 35.121142], [138.965995, 35.121437], [138.966822, 35.121752], [138.967649, 35.122664], [138.968012, 35.122681], [138.968526, 35.123491], [138.969908, 35.125029], [138.971743, 35.127567], [138.972964, 35.128614], [138.97317, 35.129572], [138.97317, 35.13073], [138.974037, 35.132154], [138.974335, 35.132911], [138.976392, 35.134388], [138.976639, 35.134854], [138.978692, 35.137183], [138.981379, 35.137232], [138.981374, 35.137404], [138.980794, 35.137895], [138.981793, 35.138157], [138.981889, 35.138329], [138.981712, 35.13866], [138.981838, 35.139033], [138.982393, 35.139581], [138.983422, 35.140182], [138.984128, 35.140808], [138.987239, 35.142245], [138.987617, 35.142187], [138.987652, 35.142073], [138.988928, 35.142764], [138.9897, 35.142691], [138.990295, 35.143067], [138.990582, 35.144103], [138.990552, 35.144806], [138.990048, 35.146382], [138.990966, 35.147654], [138.991323, 35.149136], [138.991222, 35.149557], [138.991046, 35.149741], [138.990637, 35.149864], [138.990673, 35.150756], [138.990915, 35.150952], [138.992176, 35.151099], [138.993744, 35.15265], [138.997258, 35.151718], [138.997901, 35.153554], [138.998963, 35.155753], [138.99962, 35.156622], [139.001276, 35.157548], [139.00184, 35.158595], [139.001859, 35.159139], [139.002017, 35.159456], [139.002798, 35.15988], [139.003255, 35.160332], [139.003517, 35.160849], [139.003309, 35.161041], [139.00276, 35.160965], [139.002402, 35.16116], [139.001165, 35.161342], [139.000329, 35.160751], [138.999625, 35.161258], [139.000317, 35.161615], [139.000873, 35.162116], [139.001914, 35.163417], [139.002042, 35.163925], [139.001987, 35.165374], [139.002351, 35.166133], [139.002907, 35.166713], [139.002926, 35.167731], [139.003308, 35.168793], [139.003637, 35.169211], [139.004491, 35.169817], [139.005258, 35.170568], [139.005836, 35.17135], [139.007324, 35.172446], [139.007913, 35.173698], [139.008515, 35.174166], [139.008853, 35.174796], [139.008979, 35.175392], [139.009224, 35.175706], [139.009639, 35.175681], [139.009831, 35.176161], [139.010661, 35.176959], [139.011134, 35.177327], [139.012381, 35.177966], [139.01285, 35.178397], [139.013046, 35.178651], [139.013277, 35.180649], [139.0137, 35.181187], [139.013829, 35.182368]]]}}, {"type": "Feature", "properties": {"pref_code": "22", "pref_name": "静岡県", "municipality_code": "22207", "municipality_name": "富士宮市", "ward_name": "", "display_name": "富士宮市", "geometry_key": "22207"}, "geometry": {"type": "Polygon", "coordinates": [[[138.581888, 35.445728], [138.581455, 35.445376], [138.580857, 35.444456], [138.580284, 35.443943], [138.579271, 35.443388], [138.578061, 35.442926], [138.577741, 35.441572], [138.577421, 35.440893], [138.574989, 35.440766], [138.57437, 35.440485], [138.573483, 35.440424], [138.572231, 35.439905], [138.57048, 35.439482], [138.567818, 35.437678], [138.566141, 35.435905], [138.565072, 35.435516], [138.563321, 35.434553], [138.561112, 35.434252], [138.558919, 35.434169], [138.557438, 35.431495], [138.557244, 35.430769], [138.556332, 35.428865], [138.556339, 35.428586], [138.556763, 35.428146], [138.556751, 35.427963], [138.555607, 35.426129], [138.555132, 35.425763], [138.554486, 35.425511], [138.553994, 35.424181], [138.553034, 35.423086], [138.552237, 35.422998], [138.551777, 35.422472], [138.550038, 35.421702], [138.549318, 35.421245], [138.549204, 35.420882], [138.548326, 35.420205], [138.547951, 35.419451], [138.547155, 35.419261], [138.546767, 35.418976], [138.54614, 35.417429], [138.545746, 35.416785], [138.545425, 35.416518], [138.542291, 35.415259], [138.541119, 35.41507], [138.539409, 35.414433], [138.538295, 35.414177], [138.537092, 35.413159], [138.536595, 35.412081], [138.536406, 35.411918], [138.533159, 35.410545], [138.53181, 35.409388], [138.531721, 35.408725], [138.532206, 35.407252], [138.531415, 35.405812], [138.531418, 35.405055], [138.531841, 35.403692], [138.531247, 35.402122], [138.53178, 35.40124], [138.533295, 35.399459], [138.533258, 35.398787], [138.532464, 35.397412], [138.53244, 35.396757], [138.532681, 35.396284], [138.533749, 35.395295], [138.534028, 35.394841], [138.534157, 35.394133], [138.534598, 35.393296], [138.535847, 35.38988], [138.535309, 35.389024], [138.535359, 35.387892], [138.534591, 35.386226], [138.533977, 35.385841], [138.533459, 35.385067], [138.53307, 35.384839], [138.532319, 35.384703], [138.531749, 35.384309], [138.531431, 35.38342], [138.530816, 35.382478], [138.529998, 35.381548], [138.529786, 35.380802], [138.52904, 35.380122], [138.528171, 35.379047], [138.529269, 35.378216], [138.530502, 35.376512], [138.530712, 35.376023], [138.530462, 35.375023], [138.530525, 35.373704], [138.530122, 35.371441], [138.530182, 35.370102], [138.530584, 35.368114], [138.529923, 35.36456], [138.530076, 35.363566], [138.530601, 35.362072], [138.530494, 35.361272], [138.530664, 35.36068], [138.529868, 35.359625], [138.529816, 35.359272], [138.530287, 35.358327], [138.530186, 35.356188], [138.53078, 35.355392], [138.530829, 35.354243], [138.531021, 35.353532], [138.530722, 35.351688], [138.530017, 35.350476], [138.52955, 35.350042], [138.529449, 35.349687], [138.530226, 35.347327], [138.530308, 35.346262], [138.530628, 35.345579], [138.532675, 35.343989], [138.533119, 35.343193], [138.533404, 35.34209], [138.534504, 35.341396], [138.534896, 35.340892], [138.535035, 35.34009], [138.534761, 35.338596], [138.534898, 35.33743], [138.534798, 35.336587], [138.535007, 35.33522], [138.534922, 35.333652], [138.535026, 35.332659], [138.534991, 35.332227], [138.534742, 35.332001], [138.534797, 35.331271], [138.535086, 35.330565], [138.533639, 35.330527], [138.533261, 35.330326], [138.531874, 35.328591], [138.53153, 35.328324], [138.529997, 35.327468], [138.527389, 35.326467], [138.526898, 35.326161], [138.526433, 35.324417], [138.525667, 35.323093], [138.525624, 35.322374], [138.5254, 35.321866], [138.524281, 35.32101], [138.522688, 35.320437], [138.522128, 35.320122], [138.520621, 35.319008], [138.519605, 35.318782], [138.518262, 35.31737], [138.517952, 35.317224], [138.516665, 35.317216], [138.515731, 35.315892], [138.514857, 35.315299], [138.513914, 35.315271], [138.513346, 35.314552], [138.512334, 35.313971], [138.512093, 35.313555], [138.512597, 35.311444], [138.512597, 35.309773], [138.513139, 35.308805], [138.513475, 35.307279], [138.513415, 35.305963], [138.513587, 35.305415], [138.513587, 35.304729], [138.512778, 35.3038], [138.512752, 35.3033], [138.513708, 35.302444], [138.514956, 35.300927], [138.515413, 35.300104], [138.516567, 35.298852], [138.516713, 35.298166], [138.516506, 35.296802], [138.516102, 35.296084], [138.516438, 35.295099], [138.516472, 35.29426], [138.517497, 35.292758], [138.518108, 35.290983], [138.518909, 35.289893], [138.519365, 35.289021], [138.519804, 35.288472], [138.520209, 35.288222], [138.520467, 35.287205], [138.520373, 35.286026], [138.521208, 35.284412], [138.521724, 35.283815], [138.52064, 35.281402], [138.520752, 35.279892], [138.521363, 35.278536], [138.52107, 35.278012], [138.520786, 35.276001], [138.519856, 35.274783], [138.520184, 35.27425], [138.520356, 35.273209], [138.520149, 35.271901], [138.520321, 35.270884], [138.519848, 35.270311], [138.518599, 35.269302], [138.518384, 35.268705], [138.5181, 35.268495], [138.516602, 35.267566], [138.515422, 35.267308], [138.515715, 35.266073], [138.515457, 35.265581], [138.514794, 35.264886], [138.514759, 35.263797], [138.514243, 35.262231], [138.515991, 35.261254], [138.515887, 35.260011], [138.516679, 35.258679], [138.518169, 35.257687], [138.519047, 35.256524], [138.519633, 35.255992], [138.520709, 35.255354], [138.520657, 35.254748], [138.521467, 35.253594], [138.521389, 35.253264], [138.520871, 35.252611], [138.520527, 35.251726], [138.520565, 35.250742], [138.520785, 35.250484], [138.522137, 35.249801], [138.522563, 35.249422], [138.523083, 35.248606], [138.524031, 35.242004], [138.52537, 35.238917], [138.525628, 35.237722], [138.526054, 35.236709], [138.526902, 35.232572], [138.529516, 35.231079], [138.52986, 35.230667], [138.530342, 35.229598], [138.530088, 35.228867], [138.5306, 35.228201], [138.532275, 35.223391], [138.531052, 35.221833], [138.530217, 35.220218], [138.529158, 35.218684], [138.52738, 35.216804], [138.527707, 35.21644], [138.528766, 35.214454], [138.531216, 35.211113], [138.532245, 35.208308], [138.532473, 35.207824], [138.532942, 35.20744], [138.532194, 35.206326], [138.531914, 35.205377], [138.532181, 35.204147], [138.532383, 35.203787], [138.532844, 35.203497], [138.53268, 35.202133], [138.533192, 35.200862], [138.533136, 35.200688], [138.532207, 35.19959], [138.530855, 35.199005], [138.528483, 35.197539], [138.528009, 35.198028], [138.527596, 35.198246], [138.526584, 35.198339], [138.525943, 35.197979], [138.525457, 35.197939], [138.525043, 35.198133], [138.524544, 35.198823], [138.524247, 35.198976], [138.523269, 35.198895], [138.522421, 35.199158], [138.52221, 35.198266], [138.522576, 35.196769], [138.522576, 35.196212], [138.521569, 35.195307], [138.520648, 35.195045], [138.519856, 35.194012], [138.519752, 35.193212], [138.519429, 35.192692], [138.519576, 35.192171], [138.519141, 35.191514], [138.518569, 35.190113], [138.518586, 35.189717], [138.519283, 35.189043], [138.519382, 35.188523], [138.519116, 35.1878], [138.519322, 35.187348], [138.519568, 35.187191], [138.519197, 35.186565], [138.519404, 35.185314], [138.519098, 35.185032], [138.518332, 35.18468], [138.518345, 35.184333], [138.519051, 35.183494], [138.519568, 35.182537], [138.519925, 35.182234], [138.520459, 35.182146], [138.521204, 35.182311], [138.521931, 35.182247], [138.52228, 35.18173], [138.522956, 35.181508], [138.523572, 35.180628], [138.523933, 35.179801], [138.524041, 35.17943], [138.523972, 35.178445], [138.524222, 35.178118], [138.524299, 35.177137], [138.525066, 35.176395], [138.525625, 35.176148], [138.525909, 35.175817], [138.525879, 35.175378], [138.525264, 35.174954], [138.525182, 35.174693], [138.525251, 35.174134], [138.525526, 35.173561], [138.52541, 35.172742], [138.525841, 35.172137], [138.526064, 35.171313], [138.526, 35.170058], [138.525768, 35.169692], [138.526358, 35.168812], [138.526056, 35.168429], [138.526062, 35.16785], [138.525779, 35.167136], [138.525702, 35.166075], [138.527301, 35.165494], [138.528362, 35.165326], [138.529095, 35.165032], [138.529931, 35.164194], [138.530414, 35.163019], [138.531469, 35.162866], [138.532009, 35.162057], [138.532657, 35.161762], [138.53303, 35.161412], [138.534256, 35.161594], [138.53512, 35.161593], [138.535237, 35.161544], [138.535247, 35.160857], [138.536129, 35.160816], [138.536564, 35.159852], [138.536746, 35.158388], [138.537623, 35.156163], [138.53817, 35.155788], [138.538324, 35.155024], [138.538759, 35.15464], [138.539185, 35.153724], [138.539191, 35.153374], [138.538582, 35.151682], [138.541388, 35.151799], [138.542947, 35.15251], [138.543925, 35.152337], [138.545195, 35.152557], [138.545426, 35.152691], [138.545993, 35.153492], [138.546429, 35.153663], [138.547602, 35.154548], [138.54794, 35.154649], [138.549469, 35.154309], [138.550526, 35.154345], [138.551129, 35.153977], [138.551642, 35.153875], [138.552027, 35.154016], [138.552327, 35.154801], [138.552819, 35.155096], [138.553692, 35.155132], [138.554263, 35.154764], [138.554913, 35.155177], [138.555798, 35.155354], [138.556463, 35.156089], [138.557109, 35.157397], [138.557571, 35.15796], [138.557789, 35.158638], [138.558404, 35.159315], [138.558407, 35.159706], [138.557761, 35.160517], [138.557931, 35.160752], [138.558342, 35.160939], [138.559358, 35.162723], [138.559346, 35.163802], [138.559652, 35.165025], [138.559441, 35.166397], [138.559812, 35.167657], [138.559515, 35.168971], [138.559679, 35.169641], [138.559265, 35.170337], [138.55948, 35.171104], [138.559153, 35.171383], [138.559209, 35.171738], [138.558886, 35.172347], [138.558787, 35.173182], [138.558985, 35.173591], [138.559011, 35.174139], [138.559519, 35.174922], [138.559545, 35.175677], [138.560659, 35.176331], [138.560982, 35.177304], [138.560543, 35.177958], [138.560603, 35.178426], [138.560324, 35.17883], [138.560362, 35.179871], [138.560018, 35.180287], [138.559971, 35.180856], [138.559669, 35.181179], [138.560194, 35.181946], [138.560276, 35.182361], [138.560173, 35.182495], [138.55948, 35.182624], [138.559303, 35.183161], [138.55898, 35.183286], [138.559032, 35.183758], [138.558825, 35.184125], [138.558408, 35.184391], [138.558377, 35.184662], [138.558868, 35.185045], [138.559492, 35.185284], [138.560276, 35.185159], [138.560681, 35.185244], [138.561245, 35.185942], [138.562743, 35.185954], [138.563152, 35.186119], [138.563432, 35.18643], [138.56363, 35.187124], [138.5627, 35.188593], [138.563346, 35.189655], [138.563643, 35.190535], [138.563733, 35.190942], [138.563531, 35.19112], [138.563596, 35.19133], [138.564155, 35.191411], [138.564499, 35.191326], [138.565429, 35.190721], [138.565989, 35.190531], [138.566756, 35.190583], [138.569851, 35.191831], [138.571181, 35.193049], [138.573196, 35.194014], [138.576339, 35.195875], [138.576916, 35.195976], [138.579594, 35.195592], [138.580722, 35.195528], [138.583085, 35.195624], [138.588307, 35.195274], [138.588816, 35.194987], [138.591373, 35.192549], [138.592721, 35.190225], [138.593986, 35.189421], [138.594972, 35.189462], [138.597112, 35.190209], [138.599686, 35.191863], [138.601094, 35.192509], [138.601507, 35.192606], [138.602334, 35.192501], [138.60456, 35.191092], [138.606118, 35.189712], [138.60716, 35.187307], [138.608293, 35.184179], [138.609149, 35.182992], [138.610062, 35.182286], [138.614242, 35.180082], [138.615405, 35.179332], [138.616675, 35.180752], [138.616365, 35.181604], [138.616528, 35.181927], [138.617217, 35.182036], [138.617432, 35.181814], [138.61906, 35.182088], [138.619486, 35.182698], [138.621428, 35.183327], [138.621436, 35.183715], [138.621777, 35.184099], [138.621548, 35.184337], [138.621273, 35.185236], [138.62163, 35.185995], [138.622053, 35.18624], [138.623365, 35.186477], [138.623902, 35.186896], [138.624817, 35.187001], [138.625415, 35.187307], [138.625792, 35.187632], [138.626258, 35.188543], [138.628084, 35.190553], [138.63096, 35.192192], [138.632204, 35.193295], [138.63284, 35.193005], [138.633089, 35.192646], [138.634244, 35.190139], [138.634333, 35.189514], [138.636848, 35.188077], [138.637321, 35.187492], [138.637579, 35.186808], [138.638395, 35.186074], [138.638799, 35.185363], [138.638901, 35.184102], [138.641339, 35.183904], [138.642046, 35.184497], [138.643113, 35.18463], [138.643259, 35.184467], [138.643198, 35.183772], [138.643317, 35.183651], [138.644027, 35.184367], [138.644636, 35.184395], [138.644833, 35.185079], [138.644731, 35.185358], [138.642474, 35.187831], [138.642314, 35.188212], [138.642328, 35.188651], [138.641651, 35.189271], [138.641049, 35.19014], [138.640856, 35.190747], [138.640808, 35.191599], [138.639931, 35.192785], [138.639785, 35.193541], [138.640733, 35.194625], [138.640757, 35.195088], [138.639237, 35.195402], [138.636436, 35.195733], [138.635396, 35.196108], [138.634916, 35.196571], [138.634746, 35.1969], [138.634583, 35.198535], [138.634056, 35.199688], [138.633549, 35.20334], [138.633243, 35.203919], [138.632247, 35.204677], [138.631588, 35.205491], [138.63118, 35.206313], [138.631194, 35.20655], [138.631996, 35.206197], [138.632927, 35.206332], [138.633556, 35.205571], [138.633658, 35.205618], [138.634253, 35.20615], [138.634025, 35.206492], [138.633967, 35.206897], [138.634508, 35.206979], [138.635375, 35.207662], [138.635456, 35.207926], [138.636643, 35.209176], [138.636632, 35.209432], [138.636972, 35.20965], [138.637153, 35.210072], [138.637986, 35.210908], [138.639383, 35.210216], [138.638801, 35.209181], [138.639927, 35.208586], [138.640505, 35.208462], [138.641263, 35.209794], [138.641501, 35.211004], [138.642099, 35.21136], [138.642044, 35.21192], [138.642204, 35.211992], [138.642945, 35.211779], [138.644254, 35.213357], [138.645277, 35.214372], [138.645492, 35.214869], [138.646182, 35.215426], [138.646185, 35.215894], [138.645706, 35.216074], [138.645611, 35.216358], [138.645791, 35.216857], [138.646192, 35.217199], [138.646722, 35.216915], [138.647371, 35.216231], [138.648238, 35.217064], [138.648707, 35.217061], [138.648745, 35.215914], [138.64902, 35.215715], [138.649323, 35.215848], [138.649377, 35.216226], [138.649346, 35.216614], [138.64902, 35.216901], [138.649098, 35.217083], [138.649472, 35.217216], [138.650958, 35.216984], [138.650903, 35.216824], [138.651016, 35.216744], [138.650852, 35.216521], [138.650577, 35.216424], [138.650332, 35.215757], [138.650475, 35.215605], [138.651032, 35.215539], [138.65107, 35.216091], [138.651961, 35.217045], [138.652389, 35.217172], [138.653528, 35.216816], [138.653511, 35.216617], [138.653211, 35.216532], [138.653082, 35.216297], [138.653014, 35.215988], [138.653225, 35.215696], [138.652956, 35.215255], [138.653484, 35.215023], [138.653429, 35.214659], [138.653793, 35.214375], [138.653062, 35.213934], [138.65294, 35.213495], [138.653025, 35.21272], [138.652692, 35.211606], [138.652304, 35.210685], [138.651437, 35.209303], [138.651519, 35.209226], [138.652559, 35.208936], [138.653474, 35.209176], [138.654887, 35.210658], [138.655737, 35.210086], [138.656108, 35.210001], [138.656907, 35.210834], [138.657997, 35.211101], [138.658977, 35.211752], [138.659548, 35.211844], [138.659837, 35.211617], [138.659749, 35.210398], [138.660588, 35.209996], [138.661261, 35.209502], [138.661438, 35.209491], [138.661625, 35.20972], [138.662002, 35.209861], [138.662641, 35.209869], [138.663481, 35.210114], [138.664277, 35.210043], [138.664644, 35.211579], [138.665017, 35.212048], [138.665306, 35.213893], [138.665963, 35.214762], [138.666316, 35.217172], [138.665333, 35.220752], [138.665367, 35.221904], [138.665704, 35.222426], [138.665928, 35.223736], [138.665415, 35.224872], [138.665381, 35.227101], [138.664575, 35.228066], [138.664374, 35.230219], [138.663569, 35.230793], [138.663477, 35.231604], [138.66246, 35.232724], [138.662386, 35.234086], [138.661876, 35.235123], [138.661376, 35.235686], [138.660329, 35.236047], [138.659961, 35.236452], [138.659907, 35.237244], [138.659383, 35.23817], [138.659645, 35.239613], [138.659108, 35.240357], [138.65903, 35.241085], [138.660576, 35.241879], [138.6611, 35.242417], [138.661671, 35.242751], [138.661868, 35.242949], [138.661933, 35.243432], [138.662664, 35.244064], [138.663313, 35.243987], [138.66401, 35.244353], [138.665043, 35.245749], [138.665835, 35.246499], [138.666828, 35.246794], [138.66846, 35.247566], [138.66917, 35.247748], [138.670139, 35.247751], [138.670873, 35.248382], [138.671315, 35.248548], [138.672773, 35.250037], [138.672801, 35.250484], [138.673432, 35.251185], [138.673517, 35.251924], [138.673327, 35.252619], [138.673494, 35.252903], [138.674439, 35.253966], [138.675371, 35.255287], [138.675839, 35.25559], [138.676173, 35.255999], [138.676938, 35.256294], [138.677843, 35.257308], [138.678581, 35.25771], [138.680474, 35.258243], [138.681054, 35.259292], [138.682931, 35.260003], [138.683235, 35.260687], [138.683889, 35.2613], [138.685406, 35.261774], [138.686508, 35.262273], [138.687377, 35.262462], [138.689317, 35.263754], [138.690114, 35.263972], [138.690974, 35.264493], [138.691636, 35.264564], [138.693395, 35.266554], [138.69534, 35.267538], [138.697442, 35.268909], [138.698164, 35.269251], [138.698921, 35.269969], [138.699992, 35.270338], [138.702394, 35.270183], [138.703109, 35.270357], [138.703338, 35.270677], [138.703308, 35.271356], [138.703933, 35.27292], [138.703877, 35.273852], [138.704114, 35.274492], [138.704444, 35.274889], [138.705752, 35.275748], [138.708581, 35.276718], [138.710793, 35.277962], [138.710956, 35.278121], [138.710971, 35.278561], [138.711109, 35.278593], [138.711633, 35.278392], [138.711956, 35.27807], [138.712644, 35.27802], [138.712944, 35.277199], [138.713786, 35.276607], [138.714281, 35.276531], [138.714136, 35.276072], [138.71447, 35.275781], [138.7151, 35.275542], [138.716406, 35.275285], [138.716954, 35.275333], [138.717727, 35.275221], [138.717727, 35.275945], [138.717303, 35.277321], [138.718822, 35.279727], [138.719051, 35.282159], [138.719299, 35.282938], [138.719066, 35.283331], [138.718152, 35.283334], [138.717152, 35.283928], [138.716654, 35.284058], [138.715925, 35.284059], [138.715722, 35.284296], [138.717175, 35.285959], [138.717684, 35.287027], [138.718426, 35.288155], [138.72068, 35.290947], [138.720885, 35.291089], [138.721506, 35.290449], [138.72303, 35.289896], [138.723856, 35.289227], [138.724112, 35.289199], [138.72691, 35.29332], [138.728507, 35.295352], [138.726869, 35.295467], [138.725979, 35.296675], [138.725813, 35.297246], [138.72611, 35.299127], [138.726748, 35.300168], [138.727067, 35.300967], [138.72824, 35.30192], [138.729314, 35.302562], [138.729626, 35.303028], [138.729894, 35.30431], [138.729607, 35.306733], [138.729962, 35.308211], [138.730346, 35.309006], [138.731245, 35.310112], [138.732301, 35.31268], [138.733608, 35.31423], [138.734606, 35.315862], [138.73477, 35.31639], [138.73527, 35.317209], [138.735158, 35.318069], [138.735518, 35.319028], [138.73685, 35.320688], [138.738504, 35.32195], [138.739075, 35.32269], [138.740028, 35.323579], [138.740929, 35.325601], [138.741397, 35.32615], [138.741764, 35.326906], [138.742235, 35.328364], [138.742203, 35.329044], [138.741832, 35.330162], [138.741082, 35.334437], [138.740436, 35.337163], [138.740054, 35.338137], [138.738563, 35.340681], [138.737252, 35.344674], [138.736222, 35.350305], [138.735743, 35.352233], [138.734096, 35.353305], [138.732533, 35.357656], [138.731998, 35.358761], [138.732144, 35.359117], [138.731687, 35.360136], [138.730208, 35.364491], [138.727037, 35.363939], [138.725926, 35.364401], [138.7252, 35.365103], [138.724805, 35.365245], [138.722336, 35.365369], [138.720891, 35.365707], [138.719654, 35.365443], [138.718978, 35.365553], [138.71745, 35.364824], [138.715799, 35.364549], [138.713034, 35.363586], [138.711075, 35.363544], [138.709073, 35.363301], [138.70679, 35.363326], [138.705303, 35.363006], [138.70374, 35.363028], [138.700444, 35.362674], [138.699466, 35.360422], [138.699021, 35.359843], [138.698653, 35.359653], [138.697281, 35.359511], [138.695923, 35.359169], [138.694198, 35.358989], [138.689469, 35.359119], [138.68903, 35.359036], [138.687622, 35.358186], [138.687031, 35.357991], [138.684274, 35.358186], [138.683087, 35.358079], [138.681927, 35.357773], [138.680536, 35.357678], [138.671183, 35.39283], [138.663824, 35.3981], [138.663386, 35.398282], [138.649428, 35.398318], [138.641013, 35.398209], [138.638955, 35.398283], [138.626918, 35.396094], [138.623415, 35.395556], [138.622529, 35.395442], [138.618036, 35.395428], [138.61394, 35.393701], [138.609136, 35.393176], [138.60155, 35.418188], [138.597718, 35.431802], [138.597344, 35.432704], [138.595453, 35.433539], [138.594592, 35.43413], [138.593852, 35.434837], [138.592934, 35.435103], [138.592749, 35.435335], [138.592662, 35.435915], [138.59242, 35.436101], [138.591347, 35.436236], [138.590741, 35.436136], [138.589934, 35.436444], [138.58885, 35.436649], [138.588363, 35.436911], [138.586809, 35.438289], [138.586367, 35.43891], [138.586137, 35.439769], [138.585342, 35.440405], [138.585282, 35.441789], [138.583959, 35.442627], [138.582776, 35.443759], [138.582083, 35.445555], [138.581888, 35.445728]]]}}, {"type": "Feature", "properties": {"pref_code": "22", "pref_name": "静岡県", "municipality_code": "22208", "municipality_name": "伊東市", "ward_name": "", "display_name": "伊東市", "geometry_key": "22208"}, "geometry": {"type": "MultiPolygon", "coordinates": [[[[139.098543, 35.031432], [139.097367, 35.031672], [139.094933, 35.032772], [139.093181, 35.033234], [139.091949, 35.034931], [139.091733, 35.035484], [139.091159, 35.035802], [139.090693, 35.03653], [139.089946, 35.036846], [139.089554, 35.036324], [139.088664, 35.035759], [139.088179, 35.035602], [139.087875, 35.035274], [139.087232, 35.035071], [139.086, 35.034381], [139.085006, 35.033549], [139.08476, 35.032815], [139.084201, 35.032415], [139.083974, 35.031956], [139.08394, 35.031452], [139.084206, 35.030465], [139.083693, 35.030349], [139.083335, 35.030124], [139.082842, 35.030159], [139.080967, 35.030721], [139.079581, 35.03139], [139.078487, 35.030784], [139.078021, 35.029709], [139.078249, 35.029025], [139.077101, 35.027872], [139.07635, 35.027547], [139.075592, 35.026716], [139.075353, 35.026684], [139.074845, 35.026875], [139.073947, 35.026684], [139.072816, 35.025747], [139.072184, 35.025481], [139.071649, 35.025009], [139.07114, 35.024856], [139.070547, 35.024963], [139.069642, 35.025419], [139.06847, 35.025412], [139.067798, 35.0256], [139.065938, 35.027462], [139.064171, 35.027303], [139.062784, 35.026931], [139.061695, 35.027025], [139.060986, 35.027237], [139.059711, 35.027294], [139.059184, 35.027544], [139.058572, 35.027537], [139.058152, 35.02769], [139.057805, 35.028096], [139.05809, 35.028612], [139.058059, 35.029099], [139.05618, 35.029868], [139.055691, 35.029934], [139.055029, 35.029743], [139.054828, 35.030222], [139.054559, 35.030371], [139.053674, 35.029874], [139.053181, 35.030296], [139.052776, 35.030136], [139.052599, 35.030242], [139.052457, 35.030592], [139.052199, 35.030758], [139.051914, 35.030739], [139.051259, 35.030371], [139.050593, 35.029198], [139.049854, 35.028518], [139.048593, 35.028013], [139.047896, 35.0281], [139.04726, 35.027841], [139.045491, 35.025883], [139.044474, 35.025169], [139.043615, 35.023809], [139.043093, 35.023418], [139.041368, 35.021308], [139.041444, 35.021023], [139.041921, 35.020909], [139.042509, 35.020959], [139.043292, 35.020413], [139.044148, 35.020341], [139.044351, 35.020031], [139.04456, 35.019052], [139.045934, 35.01912], [139.045811, 35.018799], [139.045945, 35.018213], [139.045587, 35.01714], [139.046911, 35.01455], [139.047261, 35.014257], [139.047828, 35.014157], [139.047219, 35.013288], [139.047059, 35.012718], [139.047179, 35.012288], [139.047026, 35.012035], [139.04643, 35.011971], [139.046467, 35.011787], [139.045876, 35.010714], [139.04566, 35.009863], [139.044114, 35.009289], [139.043296, 35.008787], [139.04308, 35.008514], [139.042963, 35.008148], [139.043111, 35.00773], [139.043413, 35.007317], [139.043901, 35.007027], [139.043701, 35.006709], [139.042822, 35.006094], [139.041613, 35.00589], [139.041331, 35.005507], [139.040647, 35.005151], [139.039922, 35.005042], [139.038623, 35.005059], [139.039493, 35.003447], [139.040309, 35.002593], [139.040496, 35.001987], [139.040124, 35.001221], [139.040164, 35.000439], [139.038522, 34.999485], [139.038249, 34.999277], [139.038096, 34.998954], [139.038774, 34.998469], [139.038841, 34.997978], [139.039233, 34.997611], [139.039153, 34.996732], [139.038807, 34.995983], [139.039399, 34.995606], [139.039386, 34.994867], [139.039193, 34.994387], [139.037564, 34.992554], [139.037611, 34.991977], [139.038003, 34.990802], [139.038183, 34.990624], [139.039898, 34.989928], [139.040589, 34.989891], [139.04159, 34.990112], [139.041995, 34.989718], [139.04272, 34.989459], [139.043531, 34.988553], [139.044335, 34.987944], [139.047074, 34.986553], [139.048317, 34.98568], [139.0495, 34.98561], [139.049852, 34.985168], [139.050171, 34.98437], [139.050457, 34.984116], [139.051361, 34.983847], [139.05168, 34.983216], [139.052864, 34.981706], [139.054053, 34.98313], [139.056766, 34.984683], [139.05759, 34.984445], [139.058906, 34.984801], [139.059517, 34.984537], [139.059876, 34.984505], [139.061193, 34.984753], [139.061831, 34.984419], [139.062436, 34.984332], [139.063586, 34.984839], [139.063898, 34.984866], [139.06433, 34.984667], [139.064822, 34.984629], [139.065454, 34.985082], [139.066019, 34.984909], [139.066929, 34.985319], [139.067554, 34.985292], [139.068132, 34.985125], [139.068398, 34.984947], [139.068831, 34.983707], [139.06786, 34.981814], [139.068246, 34.98065], [139.068744, 34.979927], [139.068186, 34.979092], [139.068525, 34.97817], [139.068299, 34.97783], [139.068006, 34.977631], [139.067162, 34.977383], [139.066564, 34.976989], [139.065939, 34.976283], [139.065879, 34.976153], [139.066298, 34.975555], [139.066391, 34.975026], [139.066012, 34.974563], [139.065314, 34.974218], [139.064696, 34.974088], [139.064025, 34.973425], [139.063646, 34.973269], [139.063181, 34.973252], [139.062456, 34.973533], [139.061658, 34.973263], [139.061379, 34.97301], [139.06104, 34.972336], [139.060488, 34.972087], [139.060196, 34.971672], [139.05898, 34.971769], [139.057477, 34.970508], [139.05662, 34.970459], [139.056241, 34.970012], [139.056294, 34.96951], [139.056168, 34.969322], [139.05551, 34.96889], [139.054964, 34.968782], [139.054087, 34.968842], [139.052857, 34.968416], [139.053755, 34.967542], [139.054406, 34.966529], [139.05436, 34.966281], [139.053795, 34.965871], [139.053968, 34.964771], [139.053123, 34.963434], [139.053482, 34.963078], [139.053462, 34.962205], [139.053848, 34.962043], [139.054938, 34.962167], [139.055856, 34.961752], [139.056593, 34.961832], [139.056892, 34.961671], [139.057052, 34.96111], [139.056494, 34.960183], [139.056461, 34.959832], [139.0567, 34.959552], [139.057006, 34.959444], [139.056747, 34.958619], [139.05676, 34.958129], [139.057504, 34.957821], [139.057318, 34.957697], [139.05668, 34.956355], [139.055437, 34.955805], [139.055178, 34.955519], [139.055138, 34.954921], [139.055357, 34.953891], [139.055085, 34.952915], [139.054134, 34.952327], [139.05331, 34.951481], [139.052792, 34.951281], [139.051754, 34.95058], [139.051023, 34.949804], [139.050126, 34.94947], [139.050026, 34.948833], [139.050372, 34.948429], [139.050206, 34.94782], [139.049514, 34.947372], [139.048132, 34.945825], [139.047461, 34.945566], [139.045985, 34.943991], [139.046231, 34.94301], [139.045646, 34.942234], [139.044915, 34.939947], [139.044117, 34.939376], [139.044357, 34.938578], [139.044556, 34.938406], [139.044709, 34.937667], [139.044988, 34.937295], [139.045035, 34.936249], [139.045374, 34.935446], [139.045021, 34.933909], [139.045454, 34.933386], [139.044895, 34.932647], [139.044716, 34.932151], [139.043792, 34.931364], [139.043326, 34.930054], [139.0434, 34.929342], [139.044051, 34.928679], [139.044271, 34.928069], [139.044915, 34.927471], [139.045062, 34.926571], [139.045547, 34.926517], [139.045607, 34.926021], [139.045919, 34.925859], [139.046577, 34.925794], [139.04806, 34.924883], [139.047767, 34.923966], [139.047316, 34.923406], [139.047242, 34.92244], [139.047448, 34.921791], [139.047488, 34.920976], [139.047994, 34.92024], [139.047938, 34.919782], [139.048153, 34.919242], [139.04894, 34.918659], [139.049345, 34.918193], [139.050012, 34.91735], [139.050099, 34.917029], [139.05055, 34.916637], [139.051166, 34.915764], [139.052781, 34.915115], [139.053581, 34.914644], [139.053811, 34.914267], [139.054036, 34.913391], [139.055255, 34.912682], [139.055476, 34.912353], [139.055637, 34.911472], [139.056571, 34.91051], [139.057827, 34.909644], [139.058038, 34.909245], [139.057863, 34.909054], [139.056313, 34.908267], [139.055242, 34.908334], [139.054455, 34.908599], [139.054336, 34.908539], [139.053844, 34.907912], [139.054207, 34.907125], [139.053793, 34.906786], [139.05308, 34.906547], [139.053232, 34.905886], [139.052983, 34.905241], [139.052404, 34.904756], [139.051884, 34.904599], [139.051599, 34.904032], [139.051521, 34.903431], [139.051268, 34.903087], [139.050592, 34.902632], [139.049594, 34.902241], [139.047566, 34.89986], [139.046825, 34.899547], [139.046696, 34.899088], [139.046517, 34.898924], [139.045685, 34.898397], [139.045091, 34.898468], [139.044631, 34.89836], [139.044052, 34.897915], [139.043684, 34.896915], [139.042976, 34.896176], [139.042231, 34.894489], [139.04028, 34.892637], [139.039507, 34.891506], [139.039489, 34.89085], [139.039057, 34.890409], [139.03902, 34.889656], [139.038109, 34.889062], [139.037668, 34.888386], [139.035709, 34.886905], [139.035479, 34.886166], [139.035451, 34.885528], [139.034729, 34.884237], [139.034577, 34.883509], [139.035797, 34.883077], [139.036398, 34.882248], [139.03713, 34.881903], [139.038173, 34.880852], [139.039408, 34.880006], [139.040487, 34.87982], [139.040925, 34.879472], [139.041236, 34.878712], [139.0418, 34.878573], [139.041971, 34.878318], [139.041669, 34.876851], [139.042564, 34.876264], [139.043623, 34.874891], [139.044948, 34.87437], [139.046718, 34.874377], [139.048227, 34.873414], [139.048497, 34.872831], [139.048885, 34.872665], [139.051727, 34.872459], [139.051903, 34.872359], [139.052242, 34.871613], [139.052499, 34.871387], [139.053644, 34.871221], [139.0538, 34.87087], [139.054376, 34.870777], [139.055312, 34.870302], [139.055574, 34.869467], [139.056085, 34.868932], [139.055729, 34.867931], [139.055766, 34.866727], [139.055897, 34.866551], [139.057349, 34.866614], [139.057566, 34.866494], [139.057729, 34.865977], [139.057884, 34.865867], [139.059888, 34.865957], [139.060256, 34.865884], [139.061867, 34.865078], [139.062231, 34.864633], [139.062325, 34.863724], [139.061785, 34.86266], [139.062288, 34.861389], [139.062864, 34.860792], [139.063887, 34.860696], [139.064733, 34.860477], [139.066074, 34.859684], [139.066728, 34.859146], [139.067697, 34.858009], [139.067812, 34.856715], [139.068139, 34.855714], [139.068662, 34.855186], [139.069554, 34.854715], [139.069987, 34.854241], [139.070858, 34.85367], [139.071872, 34.853471], [139.072996, 34.852864], [139.073463, 34.85237], [139.073626, 34.85166], [139.073941, 34.851601], [139.074162, 34.851756], [139.075683, 34.85172], [139.07675, 34.852058], [139.078267, 34.852194], [139.078974, 34.852526], [139.079759, 34.852439], [139.081198, 34.852655], [139.082592, 34.852694], [139.082734, 34.853465], [139.083191, 34.853962], [139.083672, 34.854098], [139.084512, 34.853945], [139.08531, 34.853951], [139.085942, 34.854132], [139.0858, 34.854613], [139.085352, 34.85497], [139.085899, 34.855757], [139.086053, 34.857004], [139.086316, 34.857218], [139.086999, 34.858311], [139.088147, 34.85839], [139.088095, 34.858296], [139.088291, 34.858114], [139.088562, 34.858017], [139.089312, 34.857909], [139.089514, 34.857935], [139.089554, 34.858058], [139.089787, 34.858018], [139.090292, 34.857669], [139.090046, 34.857528], [139.09045, 34.857382], [139.091145, 34.856852], [139.091407, 34.856418], [139.092058, 34.856114], [139.094057, 34.855884], [139.094694, 34.856164], [139.094796, 34.856476], [139.09509, 34.856644], [139.095536, 34.857308], [139.096923, 34.857262], [139.097116, 34.857291], [139.097335, 34.857527], [139.098048, 34.857594], [139.098386, 34.858083], [139.098681, 34.859557], [139.099373, 34.860583], [139.099219, 34.861291], [139.098655, 34.861861], [139.098465, 34.862971], [139.098724, 34.863307], [139.100254, 34.863623], [139.100764, 34.863504], [139.101024, 34.863651], [139.101169, 34.863994], [139.101045, 34.865219], [139.101328, 34.865359], [139.101309, 34.865749], [139.101728, 34.865846], [139.10147, 34.86618], [139.101652, 34.86642], [139.101951, 34.866424], [139.101974, 34.866628], [139.101825, 34.866762], [139.102036, 34.86696], [139.101956, 34.867228], [139.102276, 34.867465], [139.102648, 34.867441], [139.102919, 34.867283], [139.103067, 34.867581], [139.103081, 34.868126], [139.10286, 34.868676], [139.102127, 34.869304], [139.102496, 34.869642], [139.102647, 34.869704], [139.102756, 34.86958], [139.103987, 34.870235], [139.104134, 34.870114], [139.104463, 34.8702], [139.104656, 34.870021], [139.105015, 34.870293], [139.106245, 34.870077], [139.106434, 34.869838], [139.106731, 34.869786], [139.106876, 34.870081], [139.106857, 34.870461], [139.107324, 34.870657], [139.10766, 34.87043], [139.10798, 34.8704], [139.10798, 34.870043], [139.108376, 34.869844], [139.108537, 34.869967], [139.108355, 34.870152], [139.108654, 34.870163], [139.108594, 34.870657], [139.109424, 34.871051], [139.109744, 34.87095], [139.110094, 34.871001], [139.110444, 34.871375], [139.110535, 34.871011], [139.110831, 34.870998], [139.110787, 34.870768], [139.110992, 34.870442], [139.11135, 34.870739], [139.111484, 34.871065], [139.111925, 34.871346], [139.112071, 34.87095], [139.112236, 34.870893], [139.112339, 34.871165], [139.11263, 34.871069], [139.112827, 34.871203], [139.113087, 34.871117], [139.113111, 34.870653], [139.113268, 34.870538], [139.113391, 34.870666], [139.113363, 34.870989], [139.113666, 34.870919], [139.113725, 34.871372], [139.114143, 34.871376], [139.114194, 34.871178], [139.114588, 34.871085], [139.114804, 34.871219], [139.114958, 34.871114], [139.115289, 34.871152], [139.115486, 34.870948], [139.115624, 34.871156], [139.115998, 34.871133], [139.116084, 34.871264], [139.116557, 34.871172], [139.117167, 34.871676], [139.118007, 34.87175], [139.118196, 34.872079], [139.118542, 34.872271], [139.118448, 34.872872], [139.11868, 34.87314], [139.119298, 34.872994], [139.119298, 34.873588], [139.119578, 34.873668], [139.119665, 34.873885], [139.119874, 34.873744], [139.119917, 34.873933], [139.120086, 34.873991], [139.120287, 34.873837], [139.120437, 34.873876], [139.120531, 34.874342], [139.120941, 34.87401], [139.121232, 34.874176], [139.121402, 34.874559], [139.121571, 34.874403], [139.121764, 34.874438], [139.121756, 34.874642], [139.122353, 34.874958], [139.122389, 34.875113], [139.123093, 34.874924], [139.123099, 34.875135], [139.122898, 34.875388], [139.123018, 34.875461], [139.123428, 34.874939], [139.12394, 34.874686], [139.124039, 34.875019], [139.123608, 34.875536], [139.123751, 34.875604], [139.123973, 34.875461], [139.124219, 34.875546], [139.123988, 34.875954], [139.124102, 34.876064], [139.124227, 34.876051], [139.124261, 34.875779], [139.124449, 34.875651], [139.124665, 34.87576], [139.124584, 34.875879], [139.124916, 34.875728], [139.125264, 34.875772], [139.125102, 34.876204], [139.125665, 34.875823], [139.12597, 34.875777], [139.125973, 34.876061], [139.125357, 34.876382], [139.125464, 34.876472], [139.126021, 34.876309], [139.126171, 34.876139], [139.126429, 34.876164], [139.126195, 34.876715], [139.126, 34.876791], [139.126057, 34.876936], [139.126426, 34.876961], [139.126783, 34.877151], [139.127206, 34.877134], [139.12723, 34.876886], [139.127601, 34.876691], [139.127854, 34.876917], [139.127812, 34.877274], [139.128418, 34.877302], [139.129047, 34.877685], [139.129504, 34.8776], [139.129666, 34.877801], [139.130147, 34.877621], [139.130342, 34.87785], [139.130237, 34.878078], [139.130627, 34.878631], [139.130978, 34.878568], [139.130987, 34.878797], [139.131186, 34.878656], [139.131373, 34.878731], [139.131339, 34.879078], [139.131156, 34.879196], [139.131207, 34.879368], [139.13132, 34.879514], [139.131885, 34.879574], [139.13208, 34.879812], [139.131882, 34.880158], [139.132045, 34.880466], [139.131865, 34.880979], [139.132397, 34.881263], [139.132244, 34.881421], [139.13261, 34.881736], [139.132527, 34.881844], [139.13207, 34.881774], [139.131897, 34.881893], [139.131967, 34.882032], [139.132541, 34.882309], [139.132638, 34.882918], [139.132495, 34.882972], [139.131816, 34.882599], [139.131709, 34.882696], [139.132082, 34.882952], [139.132111, 34.883164], [139.131935, 34.883304], [139.132414, 34.883963], [139.133063, 34.884191], [139.133209, 34.884456], [139.133805, 34.884696], [139.133906, 34.885309], [139.133782, 34.885552], [139.134155, 34.886209], [139.134311, 34.886142], [139.135083, 34.886341], [139.134934, 34.886524], [139.134506, 34.886556], [139.13454, 34.886663], [139.134963, 34.886791], [139.134986, 34.886918], [139.134758, 34.887068], [139.135344, 34.887019], [139.135692, 34.887251], [139.135617, 34.887436], [139.135051, 34.88757], [139.135085, 34.887919], [139.135674, 34.888114], [139.135612, 34.888294], [139.135732, 34.888404], [139.136105, 34.888584], [139.136194, 34.888751], [139.136589, 34.888839], [139.136828, 34.889407], [139.137764, 34.890015], [139.138063, 34.890003], [139.138625, 34.889645], [139.138761, 34.889427], [139.138946, 34.889432], [139.138885, 34.890339], [139.138568, 34.890756], [139.139126, 34.890658], [139.139427, 34.8908], [139.139469, 34.891052], [139.13995, 34.890822], [139.140763, 34.890883], [139.140725, 34.891045], [139.140328, 34.891196], [139.140296, 34.891315], [139.139995, 34.891252], [139.139794, 34.891342], [139.139879, 34.891525], [139.139694, 34.891866], [139.140248, 34.891852], [139.14071, 34.892027], [139.140465, 34.892267], [139.14006, 34.892412], [139.140194, 34.892566], [139.139931, 34.892936], [139.140408, 34.893226], [139.140095, 34.893276], [139.140061, 34.893509], [139.139736, 34.89342], [139.139639, 34.893504], [139.140108, 34.893807], [139.140086, 34.893932], [139.139725, 34.893929], [139.139918, 34.894014], [139.139958, 34.894209], [139.139528, 34.894232], [139.139753, 34.894305], [139.139735, 34.894426], [139.139304, 34.894478], [139.139201, 34.894398], [139.138971, 34.89479], [139.138745, 34.894889], [139.138062, 34.894781], [139.136732, 34.894882], [139.136272, 34.895436], [139.135856, 34.895634], [139.135207, 34.895301], [139.135119, 34.895334], [139.135318, 34.895501], [139.135275, 34.895634], [139.134472, 34.895316], [139.133901, 34.895494], [139.132585, 34.895508], [139.132317, 34.8964], [139.132392, 34.896783], [139.132557, 34.896941], [139.132563, 34.897336], [139.131924, 34.898021], [139.131799, 34.898444], [139.131996, 34.898921], [139.132938, 34.899942], [139.133429, 34.900818], [139.133968, 34.902409], [139.134028, 34.902944], [139.134317, 34.903485], [139.135289, 34.904247], [139.136119, 34.903955], [139.136152, 34.904136], [139.135849, 34.904626], [139.135949, 34.904711], [139.136195, 34.904689], [139.136839, 34.904292], [139.137019, 34.904305], [139.137076, 34.904553], [139.136797, 34.904965], [139.13655, 34.905092], [139.136691, 34.905369], [139.137104, 34.90518], [139.13719, 34.905271], [139.137066, 34.905524], [139.137254, 34.905612], [139.137799, 34.905475], [139.138152, 34.905526], [139.137983, 34.905954], [139.137559, 34.906079], [139.137912, 34.906597], [139.138831, 34.906393], [139.138937, 34.906468], [139.138274, 34.90686], [139.138128, 34.90709], [139.138802, 34.906914], [139.139109, 34.90707], [139.138465, 34.907397], [139.138638, 34.907548], [139.138489, 34.907822], [139.138929, 34.907902], [139.139049, 34.908027], [139.138527, 34.908565], [139.138545, 34.908696], [139.13944, 34.908631], [139.139585, 34.908844], [139.139319, 34.90905], [139.138796, 34.909168], [139.138845, 34.909306], [139.139938, 34.909294], [139.140439, 34.909473], [139.140356, 34.909604], [139.139972, 34.909694], [139.139433, 34.909626], [139.13939, 34.909809], [139.140065, 34.909912], [139.140251, 34.910086], [139.139888, 34.910281], [139.139975, 34.910454], [139.139839, 34.910665], [139.140161, 34.910544], [139.14055, 34.91064], [139.14056, 34.910778], [139.140018, 34.911009], [139.140182, 34.911635], [139.14064, 34.911482], [139.140866, 34.911615], [139.140485, 34.911803], [139.140386, 34.912044], [139.140074, 34.912155], [139.139727, 34.912954], [139.139839, 34.914345], [139.140062, 34.914904], [139.140064, 34.915286], [139.139879, 34.915555], [139.139972, 34.915843], [139.139594, 34.917052], [139.140311, 34.918585], [139.140149, 34.920329], [139.140249, 34.921004], [139.140994, 34.922087], [139.142402, 34.92355], [139.143961, 34.926332], [139.144344, 34.926339], [139.144823, 34.926525], [139.144487, 34.927224], [139.144666, 34.927387], [139.145089, 34.927297], [139.144919, 34.92755], [139.145172, 34.927584], [139.145178, 34.927759], [139.145342, 34.92786], [139.145835, 34.927674], [139.145507, 34.928086], [139.146163, 34.929894], [139.146594, 34.93017], [139.146991, 34.929962], [139.147442, 34.929922], [139.147859, 34.930114], [139.148078, 34.930367], [139.148003, 34.930936], [139.146177, 34.931765], [139.145752, 34.932457], [139.145664, 34.933032], [139.145896, 34.933877], [139.146662, 34.934908], [139.147189, 34.934773], [139.14725, 34.934886], [139.146997, 34.935032], [139.147934, 34.935894], [139.148775, 34.935877], [139.148474, 34.936007], [139.148721, 34.936108], [139.148344, 34.936244], [139.147879, 34.936215], [139.147517, 34.936621], [139.146477, 34.936897], [139.145321, 34.937838], [139.143837, 34.939336], [139.143707, 34.940283], [139.14329, 34.940717], [139.14331, 34.941072], [139.143604, 34.941567], [139.144371, 34.941815], [139.144459, 34.942074], [139.144322, 34.942182], [139.144746, 34.942407], [139.145458, 34.942266], [139.146121, 34.942362], [139.146101, 34.942441], [139.145759, 34.942435], [139.146114, 34.942576], [139.145485, 34.942554], [139.145355, 34.942756], [139.145376, 34.943399], [139.145684, 34.943832], [139.145564, 34.944134], [139.146344, 34.944131], [139.14569, 34.944367], [139.145694, 34.944632], [139.145885, 34.944821], [139.146377, 34.944914], [139.14687, 34.945269], [139.146719, 34.945646], [139.146767, 34.945948], [139.146545, 34.945762], [139.146258, 34.946286], [139.146121, 34.947196], [139.145766, 34.947849], [139.145776, 34.948159], [139.146097, 34.94892], [139.146097, 34.949345], [139.147201, 34.949709], [139.146593, 34.949976], [139.146555, 34.950151], [139.145779, 34.950689], [139.145632, 34.950914], [139.146295, 34.951483], [139.145987, 34.951923], [139.14571, 34.951838], [139.145474, 34.951917], [139.144958, 34.9523], [139.144944, 34.952571], [139.145054, 34.953033], [139.145532, 34.953512], [139.145717, 34.953371], [139.146032, 34.953348], [139.14608, 34.953483], [139.14647, 34.953393], [139.146962, 34.953596], [139.146251, 34.953979], [139.146319, 34.954154], [139.146462, 34.953996], [139.146818, 34.954086], [139.146825, 34.954402], [139.146387, 34.954571], [139.14638, 34.954728], [139.146688, 34.954768], [139.146757, 34.955157], [139.146613, 34.955219], [139.146107, 34.955072], [139.145922, 34.955224], [139.145498, 34.955213], [139.145443, 34.955636], [139.145074, 34.955923], [139.144602, 34.956013], [139.143658, 34.955951], [139.142564, 34.955455], [139.142153, 34.955134], [139.141901, 34.954509], [139.141907, 34.953996], [139.141476, 34.953624], [139.140156, 34.953461], [139.138912, 34.952841], [139.136791, 34.953348], [139.136606, 34.952999], [139.136148, 34.952649], [139.135731, 34.952469], [139.135121, 34.95243], [139.13555, 34.952238], [139.135334, 34.952019], [139.135197, 34.952081], [139.134808, 34.951399], [139.133871, 34.9519], [139.133447, 34.951844], [139.132879, 34.952041], [139.132859, 34.952174], [139.132414, 34.952334], [139.132365, 34.952484], [139.132766, 34.952661], [139.132263, 34.953173], [139.132058, 34.953692], [139.132106, 34.954171], [139.132612, 34.953934], [139.132797, 34.954148], [139.132502, 34.954317], [139.132154, 34.954328], [139.131497, 34.954035], [139.131039, 34.95403], [139.129979, 34.954864], [139.129555, 34.955477], [139.128946, 34.957866], [139.128426, 34.958818], [139.128405, 34.9599], [139.128569, 34.960216], [139.129041, 34.96061], [139.129664, 34.960886], [139.130088, 34.960717], [139.130389, 34.960757], [139.130498, 34.960942], [139.130231, 34.961162], [139.130238, 34.961399], [139.130956, 34.962103], [139.130956, 34.962272], [139.130751, 34.962436], [139.130033, 34.962706], [139.129876, 34.962948], [139.129294, 34.9631], [139.128726, 34.963765], [139.128282, 34.96381], [139.127817, 34.964571], [139.127892, 34.964914], [139.128589, 34.9655], [139.128193, 34.965591], [139.127611, 34.966199], [139.127331, 34.966965], [139.127351, 34.967213], [139.127543, 34.967365], [139.127331, 34.967551], [139.127522, 34.968103], [139.128802, 34.968114], [139.128842, 34.968362], [139.128514, 34.968909], [139.128077, 34.969111], [139.12757, 34.969072], [139.126202, 34.969472], [139.124068, 34.971077], [139.123972, 34.971399], [139.122926, 34.971556], [139.12216, 34.971996], [139.121483, 34.972137], [139.119171, 34.973106], [139.117837, 34.973252], [139.114383, 34.973083], [139.11346, 34.973207], [139.113063, 34.973128], [139.112386, 34.973274], [139.111079, 34.973094], [139.109923, 34.972655], [139.108945, 34.97341], [139.107817, 34.973646], [139.107776, 34.973466], [139.108856, 34.973212], [139.109686, 34.972595], [139.109021, 34.972035], [139.109219, 34.971826], [139.109137, 34.971747], [139.107112, 34.972784], [139.107354, 34.973106], [139.107235, 34.973156], [139.107126, 34.973184], [139.106852, 34.972886], [139.106428, 34.973082], [139.104534, 34.973511], [139.104021, 34.973809], [139.103938, 34.973736], [139.104342, 34.973443], [139.105573, 34.973173], [139.105546, 34.972902], [139.106531, 34.972654], [139.108966, 34.971573], [139.108808, 34.971437], [139.108282, 34.971562], [139.106661, 34.970305], [139.106668, 34.970136], [139.105689, 34.969753], [139.104834, 34.970187], [139.10494, 34.970448], [139.104335, 34.970761], [139.104388, 34.970869], [139.102153, 34.972102], [139.102639, 34.972756], [139.101048, 34.972901], [139.100217, 34.973353], [139.099794, 34.972823], [139.098815, 34.973285], [139.099212, 34.973725], [139.099171, 34.973815], [139.098487, 34.973753], [139.097721, 34.974198], [139.096859, 34.975156], [139.095683, 34.97604], [139.095245, 34.976851], [139.094711, 34.977161], [139.094503, 34.977656], [139.094322, 34.977677], [139.094171, 34.977871], [139.093843, 34.977837], [139.093717, 34.977973], [139.093603, 34.978215], [139.094294, 34.978462], [139.093947, 34.979386], [139.093815, 34.980327], [139.094321, 34.98195], [139.094499, 34.983195], [139.095655, 34.983291], [139.095696, 34.98386], [139.095614, 34.984406], [139.094944, 34.984367], [139.094512, 34.987696], [139.093869, 34.989741], [139.09298, 34.99111], [139.091763, 34.990992], [139.089897, 34.992957], [139.0887, 34.993609], [139.087495, 34.99409], [139.086989, 34.994772], [139.086667, 34.99489], [139.086394, 34.995454], [139.085019, 34.996947], [139.084567, 34.997702], [139.084526, 34.997966], [139.084923, 34.998682], [139.084766, 34.999121], [139.08322, 35.000282], [139.082932, 35.000964], [139.083343, 35.002958], [139.083557, 35.003307], [139.083932, 35.004755], [139.083837, 35.005059], [139.084925, 35.006518], [139.086226, 35.007893], [139.086685, 35.007887], [139.087835, 35.008529], [139.088732, 35.008761], [139.089389, 35.008749], [139.089629, 35.008524], [139.09054, 35.008315], [139.091152, 35.008386], [139.091318, 35.008592], [139.092587, 35.008043], [139.092554, 35.007658], [139.093662, 35.007651], [139.094066, 35.007752], [139.095147, 35.007454], [139.095483, 35.0072], [139.096086, 35.007088], [139.098289, 35.00752], [139.098742, 35.007899], [139.09918, 35.008062], [139.099981, 35.008868], [139.100187, 35.009668], [139.099906, 35.010676], [139.099557, 35.011189], [139.098338, 35.012355], [139.097571, 35.01396], [139.097646, 35.015583], [139.097461, 35.01698], [139.097817, 35.018039], [139.097694, 35.019109], [139.098014, 35.020398], [139.097742, 35.021042], [139.097769, 35.021515], [139.098009, 35.022968], [139.098939, 35.02534], [139.099186, 35.02632], [139.099124, 35.027677], [139.098953, 35.028156], [139.098946, 35.02957], [139.098543, 35.031432]]], [[[139.098138, 35.020515], [139.098232, 35.020391], [139.098351, 35.020419], [139.098138, 35.020515]]], [[[139.098674, 35.017988], [139.098756, 35.017953], [139.098901, 35.01804], [139.098674, 35.017988]]], [[[139.098491, 35.017688], [139.098546, 35.01761], [139.098658, 35.017665], [139.098491, 35.017688]]], [[[139.098101, 35.015929], [139.098187, 35.015877], [139.098239, 35.015958], [139.098101, 35.015929]]], [[[139.129779, 34.975844], [139.130374, 34.975607], [139.131229, 34.975523], [139.131229, 34.975348], [139.131995, 34.975281], [139.132248, 34.97501], [139.132905, 34.975692], [139.132645, 34.975821], [139.132419, 34.975731], [139.132207, 34.975906], [139.132043, 34.975872], [139.131899, 34.976069], [139.131366, 34.976114], [139.130087, 34.97603], [139.129779, 34.975844]]], [[[139.132426, 34.975923], [139.132474, 34.975889], [139.132549, 34.975985], [139.132426, 34.975923]]], [[[139.133835, 34.975472], [139.133911, 34.975506], [139.133862, 34.975528], [139.133835, 34.975472]]], [[[139.133267, 34.975269], [139.133377, 34.97519], [139.133459, 34.975399], [139.133267, 34.975269]]], [[[139.132577, 34.975038], [139.133213, 34.97501], [139.133247, 34.975112], [139.133117, 34.97532], [139.132659, 34.975213], [139.132577, 34.975038]]], [[[139.133685, 34.975241], [139.13376, 34.975224], [139.133712, 34.975281], [139.133685, 34.975241]]], [[[139.132919, 34.974875], [139.133295, 34.974852], [139.133322, 34.97492], [139.132919, 34.974875]]], [[[139.137097, 34.973723], [139.137246, 34.973608], [139.137537, 34.973674], [139.137482, 34.973788], [139.137243, 34.973817], [139.137097, 34.973723]]], [[[139.125387, 34.970343], [139.125591, 34.970367], [139.125497, 34.970438], [139.125387, 34.970343]]], [[[139.127769, 34.967726], [139.127892, 34.967754], [139.127817, 34.967793], [139.127769, 34.967726]]], [[[139.128083, 34.967709], [139.128124, 34.967697], [139.128145, 34.967731], [139.128083, 34.967709]]], [[[139.127762, 34.966238], [139.127817, 34.96621], [139.127906, 34.966283], [139.127762, 34.966238]]], [[[139.128732, 34.966244], [139.128794, 34.966248], [139.128794, 34.96629], [139.128732, 34.966244]]], [[[139.128181, 34.96606], [139.12831, 34.966132], [139.128187, 34.966108], [139.128181, 34.96606]]], [[[139.129451, 34.965816], [139.129556, 34.965757], [139.12967, 34.965788], [139.129451, 34.965816]]], [[[139.128727, 34.96525], [139.128904, 34.965365], [139.128733, 34.965365], [139.128727, 34.96525]]], [[[139.129391, 34.965089], [139.129448, 34.965064], [139.129506, 34.965121], [139.129391, 34.965089]]], [[[139.130484, 34.962824], [139.130621, 34.962734], [139.130683, 34.962802], [139.130484, 34.962824]]], [[[139.131189, 34.961996], [139.131251, 34.961821], [139.131339, 34.962041], [139.131209, 34.962081], [139.131189, 34.961996]]], [[[139.130977, 34.961956], [139.131018, 34.961985], [139.130997, 34.961996], [139.130977, 34.961956]]], [[[139.146846, 34.955037], [139.146967, 34.955124], [139.146912, 34.955148], [139.146846, 34.955037]]], [[[139.146946, 34.95475], [139.147089, 34.954752], [139.147044, 34.95478], [139.146946, 34.95475]]], [[[139.146806, 34.953403], [139.146827, 34.953279], [139.146943, 34.953411], [139.146806, 34.953403]]], [[[139.145829, 34.953237], [139.145921, 34.953157], [139.145933, 34.953222], [139.145829, 34.953237]]], [[[139.145593, 34.953107], [139.145709, 34.953179], [139.145639, 34.953182], [139.145593, 34.953107]]], [[[139.14634, 34.948965], [139.146408, 34.948942], [139.146408, 34.949004], [139.14634, 34.948965]]], [[[139.146082, 34.948348], [139.146144, 34.948367], [139.146121, 34.948387], [139.146082, 34.948348]]], [[[139.146093, 34.948174], [139.146159, 34.948202], [139.146128, 34.948226], [139.146093, 34.948174]]], [[[139.146281, 34.947841], [139.146349, 34.947785], [139.146347, 34.947837], [139.146281, 34.947841]]], [[[139.146371, 34.947612], [139.146433, 34.947565], [139.146407, 34.947633], [139.146371, 34.947612]]], [[[139.146841, 34.947272], [139.146894, 34.947257], [139.146907, 34.947298], [139.146841, 34.947272]]], [[[139.146636, 34.947205], [139.146709, 34.94719], [139.146686, 34.947237], [139.146636, 34.947205]]], [[[139.146398, 34.947181], [139.146462, 34.947149], [139.146484, 34.94721], [139.146398, 34.947181]]], [[[139.146325, 34.942589], [139.146514, 34.942654], [139.146374, 34.942661], [139.146325, 34.942589]]], [[[139.147169, 34.929731], [139.147825, 34.929776], [139.148153, 34.930086], [139.148071, 34.930147], [139.147804, 34.929933], [139.147169, 34.929731]]], [[[139.139556, 34.890754], [139.139721, 34.89052], [139.140224, 34.89038], [139.140247, 34.8905], [139.14004, 34.890662], [139.139627, 34.890819], [139.139556, 34.890754]]], [[[139.136683, 34.888965], [139.136784, 34.888851], [139.136892, 34.888898], [139.136835, 34.889062], [139.136683, 34.888965]]], [[[139.135739, 34.88701], [139.135914, 34.886888], [139.135984, 34.886977], [139.135862, 34.887097], [139.135739, 34.88701]]], [[[139.134725, 34.885452], [139.13478, 34.885357], [139.13497, 34.885459], [139.134725, 34.885452]]], [[[139.132504, 34.881425], [139.132672, 34.881337], [139.132839, 34.881465], [139.132504, 34.881425]]], [[[139.132181, 34.879726], [139.132371, 34.879731], [139.132271, 34.879828], [139.132181, 34.879726]]], [[[139.12685, 34.876783], [139.12694, 34.876727], [139.127058, 34.876824], [139.12685, 34.876783]]], [[[139.122619, 34.874454], [139.122645, 34.874309], [139.122826, 34.874315], [139.122843, 34.874563], [139.122619, 34.874454]]], [[[139.105755, 34.869906], [139.105944, 34.869759], [139.106027, 34.869857], [139.105936, 34.869961], [139.105755, 34.869906]]], [[[139.105294, 34.869899], [139.105362, 34.869727], [139.105513, 34.869789], [139.105294, 34.869899]]], [[[139.105007, 34.869807], [139.10512, 34.869679], [139.105218, 34.869764], [139.105037, 34.869887], [139.105007, 34.869807]]], [[[139.104421, 34.869562], [139.104648, 34.869534], [139.104625, 34.869715], [139.104481, 34.869783], [139.104421, 34.869562]]], [[[139.106945, 34.869256], [139.10707, 34.869008], [139.107164, 34.869222], [139.106945, 34.869256]]], [[[139.086575, 34.855924], [139.086756, 34.855563], [139.086999, 34.85553], [139.086781, 34.856056], [139.086575, 34.855924]]], [[[139.085809, 34.855429], [139.085949, 34.855272], [139.085986, 34.855459], [139.085809, 34.855429]]]]}}, {"type": "Feature", "properties": {"pref_code": "22", "pref_name": "静岡県", "municipality_code": "22209", "municipality_name": "島田市", "ward_name": "", "display_name": "島田市", "geometry_key": "22209"}, "geometry": {"type": "Polygon", "coordinates": [[[138.199492, 35.050142], [138.198048, 35.051428], [138.197906, 35.052004], [138.197186, 35.053249], [138.196652, 35.053638], [138.196607, 35.0547], [138.195598, 35.054939], [138.195544, 35.055117], [138.194756, 35.055324], [138.194324, 35.055773], [138.19405, 35.056493], [138.192619, 35.057463], [138.192085, 35.05757], [138.189919, 35.059264], [138.189189, 35.059522], [138.18864, 35.060389], [138.188405, 35.0611], [138.187749, 35.06155], [138.186602, 35.061927], [138.186048, 35.063203], [138.185201, 35.063724], [138.184804, 35.064158], [138.183245, 35.064285], [138.18253, 35.064019], [138.180467, 35.062532], [138.17936, 35.061947], [138.178674, 35.061418], [138.178213, 35.060842], [138.176459, 35.061764], [138.175876, 35.062599], [138.175244, 35.062941], [138.17494, 35.063394], [138.174077, 35.06343], [138.173328, 35.063331], [138.172936, 35.062902], [138.172402, 35.062639], [138.171495, 35.061069], [138.171961, 35.059876], [138.17177, 35.059315], [138.172357, 35.058997], [138.17298, 35.057852], [138.172872, 35.057546], [138.172475, 35.05728], [138.171721, 35.057427], [138.171598, 35.057356], [138.171549, 35.056735], [138.171961, 35.056437], [138.171799, 35.055861], [138.171971, 35.055602], [138.172367, 35.055399], [138.173328, 35.05563], [138.173582, 35.054871], [138.173519, 35.05435], [138.173102, 35.054016], [138.172951, 35.05363], [138.172583, 35.053396], [138.172186, 35.05363], [138.171696, 35.054199], [138.17125, 35.054274], [138.170966, 35.054036], [138.170789, 35.053265], [138.170609, 35.053074], [138.168643, 35.052676], [138.167531, 35.053344], [138.166581, 35.054258], [138.165463, 35.055021], [138.164919, 35.055216], [138.165243, 35.053209], [138.164552, 35.052465], [138.163675, 35.051908], [138.16367, 35.051292], [138.163479, 35.050847], [138.163469, 35.049766], [138.163288, 35.049559], [138.162474, 35.049221], [138.16222, 35.048541], [138.161661, 35.048251], [138.161641, 35.047742], [138.16145, 35.04746], [138.161504, 35.047114], [138.161225, 35.04635], [138.161068, 35.046267], [138.160471, 35.047193], [138.159598, 35.047217], [138.15926, 35.047408], [138.159118, 35.047647], [138.159108, 35.048442], [138.158466, 35.049766], [138.158525, 35.050401], [138.159726, 35.052719], [138.159672, 35.053507], [138.159182, 35.054214], [138.159324, 35.054974], [138.159858, 35.055769], [138.160113, 35.056528], [138.160877, 35.057518], [138.160872, 35.057868], [138.160554, 35.058253], [138.160529, 35.05877], [138.160039, 35.059251], [138.159427, 35.059395], [138.157966, 35.060531], [138.156085, 35.06104], [138.155732, 35.061314], [138.154771, 35.061656], [138.154311, 35.062006], [138.153537, 35.062213], [138.152899, 35.062546], [138.149823, 35.061219], [138.149561, 35.06088], [138.149465, 35.059733], [138.147564, 35.058112], [138.146957, 35.057846], [138.146396, 35.056997], [138.146499, 35.056349], [138.145915, 35.055754], [138.146031, 35.055345], [138.146754, 35.054232], [138.146847, 35.053363], [138.147063, 35.052884], [138.147016, 35.052237], [138.147149, 35.051793], [138.147016, 35.050512], [138.146154, 35.048641], [138.144332, 35.047295], [138.143659, 35.046045], [138.142693, 35.045889], [138.141482, 35.045001], [138.141409, 35.044751], [138.141774, 35.044199], [138.141721, 35.044091], [138.141269, 35.043784], [138.140005, 35.042362], [138.139713, 35.041757], [138.139732, 35.041034], [138.139424, 35.040682], [138.139158, 35.039974], [138.138418, 35.039163], [138.138385, 35.038872], [138.138685, 35.037851], [138.139144, 35.037257], [138.139288, 35.0362], [138.138699, 35.035834], [138.138348, 35.035413], [138.137919, 35.034792], [138.137612, 35.033984], [138.136028, 35.033246], [138.135658, 35.032132], [138.135207, 35.031372], [138.134814, 35.031306], [138.134215, 35.031418], [138.133701, 35.031331], [138.132136, 35.030016], [138.131007, 35.029842], [138.130301, 35.029448], [138.129257, 35.029214], [138.129046, 35.028742], [138.127696, 35.027689], [138.126567, 35.026302], [138.126641, 35.025839], [138.127089, 35.025473], [138.127936, 35.023993], [138.128684, 35.02194], [138.128669, 35.02136], [138.127825, 35.020549], [138.12693, 35.019991], [138.126575, 35.019481], [138.125313, 35.019009], [138.123097, 35.017058], [138.12194, 35.016486], [138.12183, 35.016306], [138.121863, 35.015666], [138.12248, 35.014554], [138.122641, 35.013116], [138.122832, 35.012781], [138.122732, 35.011494], [138.122546, 35.011112], [138.12191, 35.010556], [138.121416, 35.009199], [138.120913, 35.008344], [138.120917, 35.006081], [138.120709, 35.004764], [138.12022, 35.004073], [138.119887, 35.003136], [138.119214, 35.002276], [138.119479, 35.00148], [138.119706, 35.001229], [138.119469, 35.000964], [138.119369, 35.00042], [138.119014, 35.000207], [138.117504, 34.999753], [138.117207, 34.999412], [138.115819, 34.998536], [138.115045, 34.998887], [138.114548, 34.999509], [138.111171, 34.999554], [138.109123, 34.997231], [138.10819, 34.996463], [138.106903, 34.996527], [138.106125, 34.996823], [138.105097, 34.99655], [138.10458, 34.994954], [138.103635, 34.994019], [138.103486, 34.992382], [138.10313, 34.99168], [138.103036, 34.991178], [138.102821, 34.990846], [138.101429, 34.989723], [138.101468, 34.989012], [138.1013, 34.988346], [138.101464, 34.98725], [138.101175, 34.985952], [138.101214, 34.984481], [138.101042, 34.983799], [138.10157, 34.981294], [138.101797, 34.980812], [138.101812, 34.980198], [138.102141, 34.979467], [138.102833, 34.97866], [138.103357, 34.977406], [138.1036, 34.977184], [138.103052, 34.976495], [138.10263, 34.977561], [138.101743, 34.978321], [138.100648, 34.978935], [138.100143, 34.979393], [138.099331, 34.98112], [138.099096, 34.981365], [138.098908, 34.981332], [138.097825, 34.980769], [138.097402, 34.980418], [138.096192, 34.978896], [138.094771, 34.977578], [138.093113, 34.97697], [138.091387, 34.975882], [138.091089, 34.975276], [138.089579, 34.973345], [138.089282, 34.972298], [138.088891, 34.97233], [138.087346, 34.972846], [138.086043, 34.972813], [138.084793, 34.972556], [138.082387, 34.972514], [138.082211, 34.972733], [138.082414, 34.973521], [138.084899, 34.974357], [138.085646, 34.974702], [138.086123, 34.975123], [138.086596, 34.975745], [138.087019, 34.976844], [138.08714, 34.977617], [138.086987, 34.978226], [138.08671, 34.978628], [138.086139, 34.979101], [138.083422, 34.980622], [138.082484, 34.980726], [138.079355, 34.980503], [138.077568, 34.980732], [138.075922, 34.981459], [138.073339, 34.983185], [138.073257, 34.983526], [138.075904, 34.98762], [138.076287, 34.988934], [138.076256, 34.989864], [138.075677, 34.99117], [138.072382, 34.995149], [138.071488, 34.996787], [138.068832, 34.996533], [138.066782, 34.997209], [138.064935, 34.998894], [138.062763, 35.000347], [138.060788, 34.999541], [138.058935, 34.999561], [138.057507, 35.000502], [138.056357, 35.000734], [138.055784, 35.001027], [138.055389, 35.001092], [138.053597, 35.000902], [138.051685, 34.999944], [138.050202, 34.99949], [138.048941, 34.998764], [138.048194, 34.998809], [138.047904, 34.999035], [138.047443, 34.999144], [138.045641, 34.99899], [138.045313, 34.999074], [138.044726, 34.999495], [138.042681, 34.999328], [138.041806, 34.999075], [138.040848, 34.999049], [138.039886, 34.998724], [138.038263, 34.998792], [138.03754, 34.998663], [138.037204, 34.998483], [138.03614, 34.998982], [138.035834, 34.998877], [138.035096, 34.998408], [138.034037, 34.997468], [138.032656, 34.996774], [138.031982, 34.996176], [138.031629, 34.995679], [138.03112, 34.995317], [138.030579, 34.994259], [138.030531, 34.993725], [138.030176, 34.992895], [138.030012, 34.992638], [138.029426, 34.992215], [138.028806, 34.991149], [138.02839, 34.990977], [138.02666, 34.990956], [138.024305, 34.99006], [138.024305, 34.989773], [138.023638, 34.98926], [138.023421, 34.98872], [138.023014, 34.988222], [138.022752, 34.988106], [138.021579, 34.987892], [138.021004, 34.988016], [138.020219, 34.987783], [138.019574, 34.987817], [138.019309, 34.987177], [138.018111, 34.986232], [138.017449, 34.985964], [138.016338, 34.985238], [138.015693, 34.984628], [138.014527, 34.983934], [138.014234, 34.983521], [138.013765, 34.983189], [138.01371, 34.98263], [138.013505, 34.982301], [138.012067, 34.981309], [138.01155, 34.981215], [138.01149, 34.981111], [138.01173, 34.979422], [138.011594, 34.978891], [138.011297, 34.97848], [138.011282, 34.977281], [138.010733, 34.976384], [138.009963, 34.975617], [138.009822, 34.975479], [138.009996, 34.97488], [138.009974, 34.973859], [138.010245, 34.973526], [138.010784, 34.973435], [138.012119, 34.972539], [138.012451, 34.971178], [138.014068, 34.969527], [138.013676, 34.968524], [138.012733, 34.967407], [138.012305, 34.965813], [138.012191, 34.964846], [138.012386, 34.963299], [138.01225, 34.962601], [138.012444, 34.962122], [138.012928, 34.961733], [138.013221, 34.961175], [138.014548, 34.960407], [138.014453, 34.959466], [138.014582, 34.956955], [138.015295, 34.955739], [138.01575, 34.955425], [138.015409, 34.954489], [138.014951, 34.953889], [138.014514, 34.953554], [138.014129, 34.952944], [138.013672, 34.952638], [138.013591, 34.952342], [138.014386, 34.950347], [138.014914, 34.950009], [138.015453, 34.949415], [138.016335, 34.947906], [138.015727, 34.947122], [138.015697, 34.946742], [138.015965, 34.945831], [138.015142, 34.942981], [138.012597, 34.94203], [138.012557, 34.941278], [138.012062, 34.940443], [138.012872, 34.940008], [138.01325, 34.939631], [138.014372, 34.939429], [138.015286, 34.938944], [138.015652, 34.938853], [138.016777, 34.938883], [138.01776, 34.9386], [138.018979, 34.937216], [138.020027, 34.936682], [138.020503, 34.935745], [138.020923, 34.935307], [138.021866, 34.935338], [138.022105, 34.935216], [138.023283, 34.935673], [138.023888, 34.935673], [138.025033, 34.936631], [138.025517, 34.936924], [138.025657, 34.936872], [138.025935, 34.936459], [138.027079, 34.935695], [138.027801, 34.935467], [138.027955, 34.935297], [138.028025, 34.934905], [138.027775, 34.933732], [138.028094, 34.932338], [138.028783, 34.932371], [138.029551, 34.932036], [138.029841, 34.931815], [138.03002, 34.931296], [138.031077, 34.931367], [138.031615, 34.931151], [138.032348, 34.931179], [138.034457, 34.931797], [138.035216, 34.931915], [138.036419, 34.931773], [138.03671, 34.931613], [138.037176, 34.931221], [138.037447, 34.930371], [138.038185, 34.930064], [138.038428, 34.929577], [138.038371, 34.929106], [138.037916, 34.928301], [138.037887, 34.927834], [138.038803, 34.927592], [138.040466, 34.926855], [138.042262, 34.925806], [138.043043, 34.925175], [138.043531, 34.924142], [138.044141, 34.923476], [138.044175, 34.92313], [138.043864, 34.922192], [138.041923, 34.920079], [138.041534, 34.919477], [138.041778, 34.91913], [138.041762, 34.918569], [138.041897, 34.918254], [138.043047, 34.916996], [138.044998, 34.915953], [138.045669, 34.915468], [138.045881, 34.914296], [138.046299, 34.913485], [138.046852, 34.912944], [138.046805, 34.912369], [138.046933, 34.912068], [138.049223, 34.911507], [138.049534, 34.911333], [138.049751, 34.910703], [138.050278, 34.910216], [138.050732, 34.909261], [138.051341, 34.908541], [138.05178, 34.908252], [138.052129, 34.90815], [138.052982, 34.908199], [138.054054, 34.908068], [138.056652, 34.907419], [138.057692, 34.906863], [138.057872, 34.906436], [138.057196, 34.905585], [138.056639, 34.904512], [138.055671, 34.900059], [138.055948, 34.899301], [138.05596, 34.89873], [138.056586, 34.897329], [138.056062, 34.895935], [138.056474, 34.894789], [138.054873, 34.894106], [138.054402, 34.89374], [138.053657, 34.892665], [138.053262, 34.892301], [138.052692, 34.891132], [138.053079, 34.890059], [138.052183, 34.888719], [138.051892, 34.887329], [138.050036, 34.885963], [138.048679, 34.885431], [138.04839, 34.884965], [138.047813, 34.884437], [138.047709, 34.883132], [138.047498, 34.882906], [138.045685, 34.882041], [138.045434, 34.881336], [138.045391, 34.881041], [138.045649, 34.880553], [138.045781, 34.8795], [138.045741, 34.877857], [138.046259, 34.876892], [138.046104, 34.875992], [138.045677, 34.875618], [138.045502, 34.875228], [138.045279, 34.874088], [138.045331, 34.873359], [138.04575, 34.872682], [138.045698, 34.870184], [138.045861, 34.869306], [138.04553, 34.868364], [138.046721, 34.867764], [138.047457, 34.866949], [138.047676, 34.86546], [138.047022, 34.864275], [138.047086, 34.86355], [138.047266, 34.863008], [138.048074, 34.862451], [138.048277, 34.862176], [138.048253, 34.862021], [138.047794, 34.861661], [138.047254, 34.860675], [138.047158, 34.860268], [138.047302, 34.859798], [138.047596, 34.859431], [138.048042, 34.859188], [138.049837, 34.859195], [138.051659, 34.858125], [138.0532, 34.858433], [138.054958, 34.858624], [138.056676, 34.858397], [138.057588, 34.858118], [138.058743, 34.857944], [138.059416, 34.858164], [138.061211, 34.857288], [138.062578, 34.857386], [138.066176, 34.857941], [138.066989, 34.857646], [138.067968, 34.857698], [138.070136, 34.857229], [138.070104, 34.856654], [138.068691, 34.854121], [138.068485, 34.853506], [138.06981, 34.850825], [138.069853, 34.848569], [138.070862, 34.847507], [138.071175, 34.846699], [138.070595, 34.844888], [138.070431, 34.843591], [138.072042, 34.843828], [138.072951, 34.844189], [138.073402, 34.844159], [138.073723, 34.843894], [138.074301, 34.843696], [138.074895, 34.842971], [138.075462, 34.842606], [138.076016, 34.842587], [138.077646, 34.84282], [138.078527, 34.842712], [138.079496, 34.842827], [138.080435, 34.841872], [138.081447, 34.841984], [138.082276, 34.841869], [138.082898, 34.841458], [138.083917, 34.841311], [138.08533, 34.8405], [138.085709, 34.840408], [138.087975, 34.841144], [138.087758, 34.841744], [138.087411, 34.842187], [138.087774, 34.842519], [138.088303, 34.842079], [138.089926, 34.841268], [138.091774, 34.84008], [138.093191, 34.839611], [138.09376, 34.839109], [138.094146, 34.838502], [138.094001, 34.838173], [138.094067, 34.83793], [138.094607, 34.837364], [138.095103, 34.836144], [138.095384, 34.835942], [138.095552, 34.83557], [138.096511, 34.835389], [138.096351, 34.83499], [138.096684, 34.834607], [138.096895, 34.833901], [138.097469, 34.833527], [138.097792, 34.832872], [138.098962, 34.831694], [138.098867, 34.831216], [138.098254, 34.830789], [138.09845, 34.829924], [138.098285, 34.829397], [138.096974, 34.828236], [138.097033, 34.827907], [138.097541, 34.827211], [138.097566, 34.826142], [138.0965, 34.825798], [138.096392, 34.825662], [138.096761, 34.824882], [138.097351, 34.824705], [138.0975, 34.824418], [138.097265, 34.823547], [138.097796, 34.822803], [138.097804, 34.822652], [138.097453, 34.822256], [138.097647, 34.821912], [138.097618, 34.820666], [138.098484, 34.819627], [138.099141, 34.819244], [138.099684, 34.81911], [138.101462, 34.819081], [138.101954, 34.818987], [138.102158, 34.818815], [138.10157, 34.818494], [138.101804, 34.817633], [138.102407, 34.817167], [138.102302, 34.81681], [138.101884, 34.816336], [138.10129, 34.815256], [138.101517, 34.814684], [138.101573, 34.813866], [138.101847, 34.813399], [138.101211, 34.81261], [138.100235, 34.812319], [138.099982, 34.812093], [138.100784, 34.811062], [138.100732, 34.810384], [138.101312, 34.810869], [138.102407, 34.811303], [138.103402, 34.81119], [138.104426, 34.810835], [138.105462, 34.812235], [138.105719, 34.813565], [138.106755, 34.813005], [138.107697, 34.812766], [138.1085, 34.812276], [138.109871, 34.811057], [138.110441, 34.810181], [138.11093, 34.809066], [138.111161, 34.808881], [138.112174, 34.808562], [138.113682, 34.806935], [138.114135, 34.806614], [138.114343, 34.806083], [138.115156, 34.805118], [138.115275, 34.804792], [138.115234, 34.803973], [138.11555, 34.803366], [138.115474, 34.803052], [138.116418, 34.802034], [138.116585, 34.801592], [138.116617, 34.800866], [138.116172, 34.799278], [138.116994, 34.798959], [138.117906, 34.798102], [138.11835, 34.797567], [138.11845, 34.797079], [138.118929, 34.796582], [138.120364, 34.796162], [138.120829, 34.795646], [138.121466, 34.794094], [138.122662, 34.792905], [138.123394, 34.793157], [138.123921, 34.793978], [138.124557, 34.794118], [138.124531, 34.794833], [138.124635, 34.794961], [138.126766, 34.797174], [138.12791, 34.798106], [138.128702, 34.798559], [138.129034, 34.799333], [138.130013, 34.80059], [138.130174, 34.801549], [138.129807, 34.804354], [138.128919, 34.80736], [138.129764, 34.8074], [138.130644, 34.806702], [138.132461, 34.806696], [138.133616, 34.80682], [138.133926, 34.805765], [138.134503, 34.804645], [138.136794, 34.796588], [138.137314, 34.795704], [138.138083, 34.795124], [138.138549, 34.794519], [138.138706, 34.793525], [138.139967, 34.793539], [138.141297, 34.793212], [138.142124, 34.792808], [138.144695, 34.793777], [138.144957, 34.793358], [138.145932, 34.792799], [138.146329, 34.791811], [138.146691, 34.79179], [138.146862, 34.791328], [138.146799, 34.790956], [138.147101, 34.790889], [138.147392, 34.791189], [138.148036, 34.79093], [138.147993, 34.791377], [138.148247, 34.791391], [138.148079, 34.791663], [138.147622, 34.791941], [138.147627, 34.79211], [138.147745, 34.792221], [138.148233, 34.792248], [138.148121, 34.792799], [138.14892, 34.793849], [138.149342, 34.794665], [138.149473, 34.794774], [138.150102, 34.794626], [138.150527, 34.794683], [138.152033, 34.795923], [138.1524, 34.796427], [138.15248, 34.796866], [138.153196, 34.797405], [138.154008, 34.79677], [138.154256, 34.797061], [138.154096, 34.797544], [138.154516, 34.798425], [138.155741, 34.798062], [138.156217, 34.797667], [138.15636, 34.797752], [138.156343, 34.798786], [138.156862, 34.799207], [138.156904, 34.799928], [138.158672, 34.801591], [138.161675, 34.800776], [138.163729, 34.800918], [138.164241, 34.800739], [138.165915, 34.800654], [138.166881, 34.800796], [138.169073, 34.800388], [138.169757, 34.799983], [138.171761, 34.799919], [138.172196, 34.799719], [138.17238, 34.798945], [138.174716, 34.798375], [138.176184, 34.798222], [138.177392, 34.796986], [138.177911, 34.796842], [138.179546, 34.796702], [138.179585, 34.796972], [138.180785, 34.798143], [138.181715, 34.798441], [138.183435, 34.798508], [138.185651, 34.798162], [138.186591, 34.797779], [138.186916, 34.797591], [138.18703, 34.797229], [138.18757, 34.796801], [138.187947, 34.797147], [138.188269, 34.797262], [138.189503, 34.796948], [138.190116, 34.797241], [138.190475, 34.797248], [138.191363, 34.796637], [138.191919, 34.796527], [138.192633, 34.79666], [138.193005, 34.796565], [138.19441, 34.795958], [138.195096, 34.795492], [138.196176, 34.79521], [138.196704, 34.794685], [138.198031, 34.793785], [138.20091, 34.793343], [138.202276, 34.792951], [138.204383, 34.792782], [138.205942, 34.791899], [138.208098, 34.791107], [138.208496, 34.790692], [138.20927, 34.790403], [138.210504, 34.789549], [138.211621, 34.788955], [138.213922, 34.788076], [138.217211, 34.787604], [138.219801, 34.78677], [138.222272, 34.786532], [138.223621, 34.786631], [138.224666, 34.786382], [138.22575, 34.785893], [138.226569, 34.785693], [138.231503, 34.786041], [138.232127, 34.787171], [138.231243, 34.788158], [138.231054, 34.788557], [138.230266, 34.790426], [138.230451, 34.790721], [138.229902, 34.79099], [138.231496, 34.792251], [138.231696, 34.792123], [138.232152, 34.792323], [138.232779, 34.792152], [138.235852, 34.791823], [138.236166, 34.791696], [138.236251, 34.791534], [138.23664, 34.79158], [138.23685, 34.791406], [138.237749, 34.791823], [138.239217, 34.792265], [138.239613, 34.791976], [138.240019, 34.792332], [138.239032, 34.793116], [138.239421, 34.793509], [138.238329, 34.794452], [138.23788, 34.79532], [138.238105, 34.795514], [138.236797, 34.796564], [138.237161, 34.796867], [138.236105, 34.797813], [138.235816, 34.798397], [138.235446, 34.798423], [138.235324, 34.799025], [138.235563, 34.799361], [138.234993, 34.800023], [138.235331, 34.800329], [138.234401, 34.800601], [138.234151, 34.800879], [138.233692, 34.801675], [138.233741, 34.802334], [138.235025, 34.802574], [138.236544, 34.801495], [138.237509, 34.801819], [138.238315, 34.801828], [138.238967, 34.801385], [138.239599, 34.801154], [138.240961, 34.800847], [138.242992, 34.800654], [138.244261, 34.800046], [138.244504, 34.800217], [138.245374, 34.800026], [138.24693, 34.800642], [138.249654, 34.80208], [138.250785, 34.802744], [138.25079, 34.802929], [138.246872, 34.807366], [138.244121, 34.810057], [138.241477, 34.812342], [138.236778, 34.815806], [138.234098, 34.817502], [138.224277, 34.823017], [138.221822, 34.8239], [138.21842, 34.824722], [138.218397, 34.82487], [138.22, 34.828252], [138.222656, 34.828947], [138.223418, 34.829274], [138.228511, 34.829748], [138.228384, 34.831532], [138.229369, 34.831833], [138.229415, 34.832273], [138.230365, 34.83259], [138.230502, 34.832816], [138.231577, 34.836414], [138.232596, 34.836737], [138.232282, 34.837215], [138.232254, 34.838652], [138.232828, 34.838656], [138.232894, 34.839023], [138.233479, 34.839102], [138.233552, 34.839212], [138.233248, 34.839964], [138.233045, 34.840023], [138.232905, 34.840238], [138.232776, 34.840169], [138.232452, 34.840557], [138.231071, 34.839886], [138.230684, 34.840226], [138.230023, 34.84016], [138.229009, 34.839991], [138.227585, 34.839318], [138.226629, 34.839232], [138.225682, 34.839339], [138.224834, 34.83922], [138.223868, 34.839427], [138.223337, 34.839729], [138.221252, 34.840234], [138.220243, 34.840077], [138.218495, 34.839177], [138.217694, 34.839306], [138.216782, 34.839236], [138.216588, 34.83931], [138.215502, 34.838981], [138.213262, 34.837179], [138.212529, 34.837614], [138.212601, 34.838335], [138.212336, 34.838926], [138.211756, 34.838971], [138.211983, 34.839471], [138.213639, 34.840183], [138.214044, 34.840877], [138.21544, 34.84157], [138.21543, 34.841766], [138.216685, 34.842236], [138.216599, 34.842862], [138.220967, 34.844233], [138.221102, 34.844906], [138.220266, 34.845672], [138.219362, 34.846005], [138.21865, 34.846434], [138.2181, 34.846559], [138.217577, 34.847061], [138.216869, 34.847144], [138.216198, 34.847414], [138.21475, 34.848501], [138.213784, 34.848854], [138.212196, 34.850232], [138.211004, 34.850456], [138.210328, 34.85037], [138.208953, 34.851334], [138.209203, 34.851776], [138.209201, 34.85243], [138.209103, 34.853114], [138.208638, 34.854227], [138.209068, 34.85483], [138.209025, 34.855692], [138.209225, 34.856416], [138.209614, 34.856859], [138.20972, 34.85767], [138.210438, 34.858671], [138.210439, 34.859103], [138.210705, 34.859612], [138.210565, 34.860326], [138.210372, 34.860697], [138.209339, 34.861363], [138.208784, 34.861977], [138.208151, 34.861927], [138.206828, 34.861577], [138.20656, 34.861649], [138.206071, 34.862365], [138.206003, 34.863375], [138.205322, 34.86372], [138.204975, 34.864542], [138.204506, 34.864734], [138.202971, 34.864746], [138.20175, 34.865298], [138.201079, 34.866089], [138.201204, 34.867291], [138.200954, 34.867867], [138.200543, 34.868301], [138.19966, 34.868521], [138.199298, 34.868807], [138.19896, 34.869903], [138.198844, 34.872521], [138.198942, 34.872695], [138.199573, 34.873036], [138.199742, 34.873557], [138.199066, 34.874599], [138.198969, 34.875197], [138.199088, 34.875911], [138.199582, 34.876686], [138.199375, 34.87772], [138.199529, 34.879584], [138.199215, 34.880269], [138.198906, 34.880696], [138.198487, 34.88086], [138.198134, 34.881236], [138.197144, 34.883014], [138.196497, 34.882916], [138.195498, 34.882458], [138.194519, 34.883131], [138.193761, 34.883911], [138.192138, 34.884678], [138.191014, 34.88541], [138.190676, 34.885841], [138.190507, 34.886765], [138.190106, 34.887519], [138.190043, 34.888371], [138.189744, 34.889095], [138.189454, 34.889338], [138.18839, 34.889767], [138.187161, 34.890959], [138.186292, 34.890117], [138.185785, 34.889843], [138.184545, 34.890814], [138.18246, 34.891989], [138.180567, 34.894029], [138.180261, 34.894724], [138.179809, 34.895204], [138.179312, 34.896058], [138.177878, 34.896673], [138.175643, 34.896034], [138.174605, 34.8954], [138.174219, 34.895392], [138.172872, 34.896116], [138.171265, 34.897193], [138.170213, 34.897487], [138.170073, 34.897741], [138.170058, 34.898517], [138.168673, 34.898767], [138.167244, 34.899241], [138.16581, 34.899335], [138.165549, 34.900549], [138.16497, 34.901195], [138.164116, 34.901603], [138.162822, 34.901751], [138.163111, 34.902425], [138.163029, 34.903365], [138.163922, 34.905448], [138.164019, 34.906067], [138.164921, 34.906756], [138.164825, 34.907089], [138.16511, 34.907641], [138.166669, 34.908809], [138.166524, 34.909263], [138.167162, 34.909877], [138.166408, 34.910531], [138.166109, 34.911021], [138.166056, 34.912881], [138.165834, 34.913633], [138.164675, 34.914154], [138.164154, 34.915364], [138.164226, 34.916198], [138.164043, 34.916323], [138.162503, 34.916691], [138.160272, 34.916593], [138.157714, 34.916966], [138.155677, 34.918798], [138.152483, 34.922023], [138.15243, 34.922744], [138.152649, 34.924242], [138.152537, 34.924592], [138.152775, 34.92521], [138.152446, 34.92588], [138.152074, 34.927562], [138.151672, 34.928008], [138.151694, 34.928459], [138.153008, 34.929715], [138.153446, 34.93033], [138.154544, 34.930901], [138.154922, 34.931226], [138.155743, 34.932158], [138.156206, 34.933041], [138.157347, 34.933787], [138.157831, 34.935013], [138.157481, 34.936088], [138.157962, 34.936839], [138.157976, 34.937999], [138.158147, 34.938286], [138.158757, 34.938679], [138.158999, 34.939051], [138.159287, 34.939876], [138.159263, 34.940552], [138.160181, 34.941336], [138.160256, 34.941541], [138.160081, 34.942051], [138.159459, 34.942495], [138.159213, 34.942854], [138.159036, 34.944112], [138.158482, 34.945045], [138.158576, 34.946011], [138.157414, 34.947628], [138.157904, 34.948451], [138.157454, 34.949404], [138.157542, 34.949681], [138.158233, 34.950465], [138.160001, 34.951727], [138.160949, 34.951907], [138.161556, 34.952425], [138.16179, 34.952702], [138.161784, 34.953467], [138.16213, 34.95395], [138.162264, 34.955249], [138.162186, 34.955851], [138.162601, 34.956777], [138.161619, 34.957968], [138.160337, 34.958678], [138.160251, 34.958899], [138.160165, 34.960872], [138.160529, 34.961636], [138.160417, 34.96253], [138.160642, 34.963207], [138.160524, 34.964027], [138.160792, 34.96449], [138.161249, 34.964909], [138.162718, 34.965929], [138.163243, 34.966018], [138.163672, 34.966237], [138.164266, 34.966716], [138.164547, 34.967144], [138.16455, 34.968096], [138.164279, 34.969289], [138.164785, 34.970004], [138.164806, 34.970631], [138.165026, 34.97095], [138.164983, 34.972392], [138.165165, 34.973467], [138.167224, 34.974042], [138.168689, 34.974979], [138.169967, 34.975173], [138.171256, 34.97559], [138.172046, 34.97539], [138.172798, 34.975407], [138.173802, 34.97571], [138.174094, 34.975871], [138.175402, 34.977257], [138.176277, 34.978521], [138.180815, 34.979919], [138.181824, 34.980431], [138.181722, 34.981736], [138.181929, 34.98336], [138.181682, 34.984081], [138.181404, 34.984448], [138.181508, 34.985772], [138.181216, 34.987221], [138.181382, 34.987883], [138.181131, 34.988864], [138.181168, 34.989652], [138.181874, 34.990678], [138.182124, 34.991768], [138.182389, 34.992257], [138.183916, 34.993976], [138.184823, 34.996419], [138.187425, 34.997246], [138.187489, 34.997901], [138.188355, 34.999003], [138.188579, 34.999725], [138.189504, 35.000476], [138.18942, 35.001269], [138.189697, 35.00225], [138.18879, 35.005497], [138.188171, 35.005958], [138.188, 35.006345], [138.186505, 35.007114], [138.186041, 35.007509], [138.185631, 35.00884], [138.184761, 35.009617], [138.185039, 35.010438], [138.184905, 35.011146], [138.184038, 35.012488], [138.184979, 35.013652], [138.186786, 35.014446], [138.188288, 35.014874], [138.188762, 35.015438], [138.188718, 35.016183], [138.18897, 35.018678], [138.188221, 35.019955], [138.188392, 35.020552], [138.188325, 35.022235], [138.189403, 35.022774], [138.191299, 35.023375], [138.191229, 35.025003], [138.191749, 35.026826], [138.191567, 35.02768], [138.191601, 35.028206], [138.192292, 35.029134], [138.192457, 35.029833], [138.193575, 35.030677], [138.193283, 35.032252], [138.193616, 35.033576], [138.193565, 35.034158], [138.192464, 35.035032], [138.191231, 35.035771], [138.191211, 35.036398], [138.191782, 35.036921], [138.194387, 35.037431], [138.195024, 35.037726], [138.196082, 35.038482], [138.197082, 35.039626], [138.196196, 35.040842], [138.19624, 35.044155], [138.195326, 35.04528], [138.195199, 35.046076], [138.195766, 35.046982], [138.196786, 35.047773], [138.199045, 35.04994], [138.199492, 35.050142]]]}}, {"type": "Feature", "properties": {"pref_code": "22", "pref_name": "静岡県", "municipality_code": "22210", "municipality_name": "富士市", "ward_name": "", "display_name": "富士市", "geometry_key": "22210"}, "geometry": {"type": "Polygon", "coordinates": [[[138.749471, 35.331], [138.749067, 35.33206], [138.747472, 35.333709], [138.746871, 35.334538], [138.746296, 35.335652], [138.74462, 35.337072], [138.744133, 35.337158], [138.743021, 35.33826], [138.741626, 35.339771], [138.740586, 35.341592], [138.739009, 35.343312], [138.738606, 35.344433], [138.737322, 35.352021], [138.735655, 35.35374], [138.732144, 35.359117], [138.731998, 35.358761], [138.732533, 35.357656], [138.734096, 35.353305], [138.735743, 35.352233], [138.736222, 35.350305], [138.737252, 35.344674], [138.738563, 35.340681], [138.740054, 35.338137], [138.740436, 35.337163], [138.741082, 35.334437], [138.741832, 35.330162], [138.742203, 35.329044], [138.742235, 35.328364], [138.741764, 35.326906], [138.741397, 35.32615], [138.740929, 35.325601], [138.740028, 35.323579], [138.739075, 35.32269], [138.738504, 35.32195], [138.73685, 35.320688], [138.735518, 35.319028], [138.735158, 35.318069], [138.73527, 35.317209], [138.73477, 35.31639], [138.734606, 35.315862], [138.733608, 35.31423], [138.732301, 35.31268], [138.731245, 35.310112], [138.730346, 35.309006], [138.729962, 35.308211], [138.729607, 35.306733], [138.729894, 35.30431], [138.729626, 35.303028], [138.729314, 35.302562], [138.72824, 35.30192], [138.727067, 35.300967], [138.726748, 35.300168], [138.72611, 35.299127], [138.725813, 35.297246], [138.725979, 35.296675], [138.726869, 35.295467], [138.728507, 35.295352], [138.72691, 35.29332], [138.724112, 35.289199], [138.723856, 35.289227], [138.72303, 35.289896], [138.721506, 35.290449], [138.720885, 35.291089], [138.72068, 35.290947], [138.718426, 35.288155], [138.717684, 35.287027], [138.717175, 35.285959], [138.715722, 35.284296], [138.715925, 35.284059], [138.716654, 35.284058], [138.717152, 35.283928], [138.718152, 35.283334], [138.719066, 35.283331], [138.719299, 35.282938], [138.719051, 35.282159], [138.718822, 35.279727], [138.717303, 35.277321], [138.717727, 35.275945], [138.717727, 35.275221], [138.716954, 35.275333], [138.716406, 35.275285], [138.7151, 35.275542], [138.71447, 35.275781], [138.714136, 35.276072], [138.714281, 35.276531], [138.713786, 35.276607], [138.712944, 35.277199], [138.712644, 35.27802], [138.711956, 35.27807], [138.711633, 35.278392], [138.711109, 35.278593], [138.710971, 35.278561], [138.710956, 35.278121], [138.710793, 35.277962], [138.708581, 35.276718], [138.705752, 35.275748], [138.704444, 35.274889], [138.704114, 35.274492], [138.703877, 35.273852], [138.703933, 35.27292], [138.703308, 35.271356], [138.703338, 35.270677], [138.703109, 35.270357], [138.702394, 35.270183], [138.699992, 35.270338], [138.698921, 35.269969], [138.698164, 35.269251], [138.697442, 35.268909], [138.69534, 35.267538], [138.693395, 35.266554], [138.691636, 35.264564], [138.690974, 35.264493], [138.690114, 35.263972], [138.689317, 35.263754], [138.687377, 35.262462], [138.686508, 35.262273], [138.685406, 35.261774], [138.683889, 35.2613], [138.683235, 35.260687], [138.682931, 35.260003], [138.681054, 35.259292], [138.680474, 35.258243], [138.678581, 35.25771], [138.677843, 35.257308], [138.676938, 35.256294], [138.676173, 35.255999], [138.675839, 35.25559], [138.675371, 35.255287], [138.674439, 35.253966], [138.673494, 35.252903], [138.673327, 35.252619], [138.673517, 35.251924], [138.673432, 35.251185], [138.672801, 35.250484], [138.672773, 35.250037], [138.671315, 35.248548], [138.670873, 35.248382], [138.670139, 35.247751], [138.66917, 35.247748], [138.66846, 35.247566], [138.666828, 35.246794], [138.665835, 35.246499], [138.665043, 35.245749], [138.66401, 35.244353], [138.663313, 35.243987], [138.662664, 35.244064], [138.661933, 35.243432], [138.661868, 35.242949], [138.661671, 35.242751], [138.6611, 35.242417], [138.660576, 35.241879], [138.65903, 35.241085], [138.659108, 35.240357], [138.659645, 35.239613], [138.659383, 35.23817], [138.659907, 35.237244], [138.659961, 35.236452], [138.660329, 35.236047], [138.661376, 35.235686], [138.661876, 35.235123], [138.662386, 35.234086], [138.66246, 35.232724], [138.663477, 35.231604], [138.663569, 35.230793], [138.664374, 35.230219], [138.664575, 35.228066], [138.665381, 35.227101], [138.665415, 35.224872], [138.665928, 35.223736], [138.665704, 35.222426], [138.665367, 35.221904], [138.665333, 35.220752], [138.666316, 35.217172], [138.665963, 35.214762], [138.665306, 35.213893], [138.665017, 35.212048], [138.664644, 35.211579], [138.664277, 35.210043], [138.663481, 35.210114], [138.662641, 35.209869], [138.662002, 35.209861], [138.661625, 35.20972], [138.661438, 35.209491], [138.661261, 35.209502], [138.660588, 35.209996], [138.659749, 35.210398], [138.659837, 35.211617], [138.659548, 35.211844], [138.658977, 35.211752], [138.657997, 35.211101], [138.656907, 35.210834], [138.656108, 35.210001], [138.655737, 35.210086], [138.654887, 35.210658], [138.653474, 35.209176], [138.652559, 35.208936], [138.651519, 35.209226], [138.651437, 35.209303], [138.652304, 35.210685], [138.652692, 35.211606], [138.653025, 35.21272], [138.65294, 35.213495], [138.653062, 35.213934], [138.653793, 35.214375], [138.653429, 35.214659], [138.653484, 35.215023], [138.652956, 35.215255], [138.653225, 35.215696], [138.653014, 35.215988], [138.653082, 35.216297], [138.653211, 35.216532], [138.653511, 35.216617], [138.653528, 35.216816], [138.652389, 35.217172], [138.651961, 35.217045], [138.65107, 35.216091], [138.651032, 35.215539], [138.650475, 35.215605], [138.650332, 35.215757], [138.650577, 35.216424], [138.650852, 35.216521], [138.651016, 35.216744], [138.650903, 35.216824], [138.650958, 35.216984], [138.649472, 35.217216], [138.649098, 35.217083], [138.64902, 35.216901], [138.649346, 35.216614], [138.649377, 35.216226], [138.649323, 35.215848], [138.64902, 35.215715], [138.648745, 35.215914], [138.648707, 35.217061], [138.648238, 35.217064], [138.647371, 35.216231], [138.646722, 35.216915], [138.646192, 35.217199], [138.645791, 35.216857], [138.645611, 35.216358], [138.645706, 35.216074], [138.646185, 35.215894], [138.646182, 35.215426], [138.645492, 35.214869], [138.645277, 35.214372], [138.644254, 35.213357], [138.642945, 35.211779], [138.642204, 35.211992], [138.642044, 35.21192], [138.642099, 35.21136], [138.641501, 35.211004], [138.641263, 35.209794], [138.640505, 35.208462], [138.639927, 35.208586], [138.638801, 35.209181], [138.639383, 35.210216], [138.637986, 35.210908], [138.637153, 35.210072], [138.636972, 35.20965], [138.636632, 35.209432], [138.636643, 35.209176], [138.635456, 35.207926], [138.635375, 35.207662], [138.634508, 35.206979], [138.633967, 35.206897], [138.634025, 35.206492], [138.634253, 35.20615], [138.633658, 35.205618], [138.633556, 35.205571], [138.632927, 35.206332], [138.631996, 35.206197], [138.631194, 35.20655], [138.63118, 35.206313], [138.631588, 35.205491], [138.632247, 35.204677], [138.633243, 35.203919], [138.633549, 35.20334], [138.634056, 35.199688], [138.634583, 35.198535], [138.634746, 35.1969], [138.634916, 35.196571], [138.635396, 35.196108], [138.636436, 35.195733], [138.639237, 35.195402], [138.640757, 35.195088], [138.640733, 35.194625], [138.639785, 35.193541], [138.639931, 35.192785], [138.640808, 35.191599], [138.640856, 35.190747], [138.641049, 35.19014], [138.641651, 35.189271], [138.642328, 35.188651], [138.642314, 35.188212], [138.642474, 35.187831], [138.644731, 35.185358], [138.644833, 35.185079], [138.644636, 35.184395], [138.644027, 35.184367], [138.643317, 35.183651], [138.643198, 35.183772], [138.643259, 35.184467], [138.643113, 35.18463], [138.642046, 35.184497], [138.641339, 35.183904], [138.638901, 35.184102], [138.638799, 35.185363], [138.638395, 35.186074], [138.637579, 35.186808], [138.637321, 35.187492], [138.636848, 35.188077], [138.634333, 35.189514], [138.634244, 35.190139], [138.633089, 35.192646], [138.63284, 35.193005], [138.632204, 35.193295], [138.63096, 35.192192], [138.628084, 35.190553], [138.626258, 35.188543], [138.625792, 35.187632], [138.625415, 35.187307], [138.624817, 35.187001], [138.623902, 35.186896], [138.623365, 35.186477], [138.622053, 35.18624], [138.62163, 35.185995], [138.621273, 35.185236], [138.621548, 35.184337], [138.621777, 35.184099], [138.621436, 35.183715], [138.621428, 35.183327], [138.619486, 35.182698], [138.61906, 35.182088], [138.617432, 35.181814], [138.617217, 35.182036], [138.616528, 35.181927], [138.616365, 35.181604], [138.616675, 35.180752], [138.615405, 35.179332], [138.614242, 35.180082], [138.610062, 35.182286], [138.609149, 35.182992], [138.608293, 35.184179], [138.60716, 35.187307], [138.606118, 35.189712], [138.60456, 35.191092], [138.602334, 35.192501], [138.601507, 35.192606], [138.601094, 35.192509], [138.599686, 35.191863], [138.597112, 35.190209], [138.594972, 35.189462], [138.593986, 35.189421], [138.592721, 35.190225], [138.591373, 35.192549], [138.588816, 35.194987], [138.588307, 35.195274], [138.583085, 35.195624], [138.580722, 35.195528], [138.579594, 35.195592], [138.576916, 35.195976], [138.576339, 35.195875], [138.573196, 35.194014], [138.571181, 35.193049], [138.569851, 35.191831], [138.566756, 35.190583], [138.565989, 35.190531], [138.565429, 35.190721], [138.564499, 35.191326], [138.564155, 35.191411], [138.563596, 35.19133], [138.563531, 35.19112], [138.563733, 35.190942], [138.563643, 35.190535], [138.563346, 35.189655], [138.5627, 35.188593], [138.56363, 35.187124], [138.563432, 35.18643], [138.563152, 35.186119], [138.562743, 35.185954], [138.561245, 35.185942], [138.560681, 35.185244], [138.560276, 35.185159], [138.559492, 35.185284], [138.558868, 35.185045], [138.558377, 35.184662], [138.558408, 35.184391], [138.558825, 35.184125], [138.559032, 35.183758], [138.55898, 35.183286], [138.559303, 35.183161], [138.55948, 35.182624], [138.560173, 35.182495], [138.560276, 35.182361], [138.560194, 35.181946], [138.559669, 35.181179], [138.559971, 35.180856], [138.560018, 35.180287], [138.560362, 35.179871], [138.560324, 35.17883], [138.560603, 35.178426], [138.560543, 35.177958], [138.560982, 35.177304], [138.560659, 35.176331], [138.559545, 35.175677], [138.559519, 35.174922], [138.559011, 35.174139], [138.558985, 35.173591], [138.558787, 35.173182], [138.558886, 35.172347], [138.559209, 35.171738], [138.559153, 35.171383], [138.55948, 35.171104], [138.559265, 35.170337], [138.559679, 35.169641], [138.559515, 35.168971], [138.559812, 35.167657], [138.559441, 35.166397], [138.559652, 35.165025], [138.559346, 35.163802], [138.559358, 35.162723], [138.558342, 35.160939], [138.557931, 35.160752], [138.557761, 35.160517], [138.558407, 35.159706], [138.558404, 35.159315], [138.558889, 35.15893], [138.559142, 35.158412], [138.559152, 35.158022], [138.558331, 35.157567], [138.558657, 35.156636], [138.560079, 35.155704], [138.561333, 35.154695], [138.561516, 35.154301], [138.561947, 35.153905], [138.563122, 35.153482], [138.563617, 35.153133], [138.56358, 35.152139], [138.563687, 35.151389], [138.563855, 35.151159], [138.564206, 35.151017], [138.565207, 35.15107], [138.565838, 35.150389], [138.566416, 35.150759], [138.567074, 35.151857], [138.568239, 35.152327], [138.56878, 35.152268], [138.569778, 35.151354], [138.570434, 35.151082], [138.570534, 35.150355], [138.571041, 35.149083], [138.57214, 35.149413], [138.573113, 35.149031], [138.573503, 35.148683], [138.57538, 35.147929], [138.576372, 35.146755], [138.577362, 35.146629], [138.577407, 35.145644], [138.577581, 35.145454], [138.578645, 35.144925], [138.579705, 35.144105], [138.580745, 35.143601], [138.581436, 35.143414], [138.582793, 35.14349], [138.58422, 35.143344], [138.585526, 35.143866], [138.585913, 35.143473], [138.586454, 35.143332], [138.588299, 35.143649], [138.589482, 35.143665], [138.590739, 35.143495], [138.592736, 35.143696], [138.594101, 35.143434], [138.594807, 35.143439], [138.595793, 35.143137], [138.596169, 35.143183], [138.596664, 35.143437], [138.598617, 35.143311], [138.599257, 35.14367], [138.599789, 35.143525], [138.600645, 35.142937], [138.600987, 35.142494], [138.601288, 35.141138], [138.601877, 35.140034], [138.60221, 35.139729], [138.60205, 35.139094], [138.602275, 35.138643], [138.602639, 35.138387], [138.602937, 35.138334], [138.602917, 35.137557], [138.603338, 35.136412], [138.604078, 35.135334], [138.60503, 35.134357], [138.604902, 35.13364], [138.605212, 35.133197], [138.605323, 35.132192], [138.605665, 35.131959], [138.60626, 35.131899], [138.607309, 35.132186], [138.607548, 35.132151], [138.608065, 35.131682], [138.608677, 35.131357], [138.608768, 35.13112], [138.608975, 35.131014], [138.610247, 35.130874], [138.610662, 35.130124], [138.611373, 35.129725], [138.611399, 35.129428], [138.611154, 35.1292], [138.611239, 35.129012], [138.611866, 35.128918], [138.612772, 35.129597], [138.614402, 35.129499], [138.615409, 35.129026], [138.615784, 35.129497], [138.616564, 35.129354], [138.616725, 35.129474], [138.617198, 35.130193], [138.617232, 35.130907], [138.618327, 35.131732], [138.621885, 35.132384], [138.624332, 35.132614], [138.625639, 35.132976], [138.629931, 35.133675], [138.631806, 35.128695], [138.639332, 35.114979], [138.640217, 35.114687], [138.640634, 35.114735], [138.641369, 35.115196], [138.642141, 35.115891], [138.643016, 35.116301], [138.644444, 35.117477], [138.647487, 35.118966], [138.649835, 35.119878], [138.653894, 35.120861], [138.655629, 35.121449], [138.655354, 35.121756], [138.655821, 35.121523], [138.658618, 35.122888], [138.659963, 35.123709], [138.661274, 35.124276], [138.663747, 35.124843], [138.667085, 35.125235], [138.668089, 35.125573], [138.668272, 35.125806], [138.668298, 35.126118], [138.668537, 35.126236], [138.673064, 35.127389], [138.673565, 35.127861], [138.674034, 35.128007], [138.674527, 35.128339], [138.674694, 35.128679], [138.675634, 35.129066], [138.675976, 35.129555], [138.677405, 35.130399], [138.677775, 35.130504], [138.678426, 35.131052], [138.679407, 35.131437], [138.68016, 35.131934], [138.680765, 35.132029], [138.681737, 35.132383], [138.683783, 35.13259], [138.684956, 35.132914], [138.685733, 35.132992], [138.686716, 35.133402], [138.692255, 35.134167], [138.693775, 35.134263], [138.694364, 35.134536], [138.695047, 35.134442], [138.697556, 35.134554], [138.697743, 35.134426], [138.697953, 35.134624], [138.697132, 35.135222], [138.696629, 35.135797], [138.696692, 35.135883], [138.695927, 35.135992], [138.693751, 35.138431], [138.693865, 35.138495], [138.693504, 35.138734], [138.693271, 35.13851], [138.691793, 35.139328], [138.684943, 35.144092], [138.685538, 35.144928], [138.687034, 35.144236], [138.689145, 35.14361], [138.693785, 35.144291], [138.694171, 35.144816], [138.695631, 35.144592], [138.695051, 35.14134], [138.695563, 35.14126], [138.69684, 35.141915], [138.697148, 35.143396], [138.700608, 35.142886], [138.70054, 35.142355], [138.697697, 35.14145], [138.696014, 35.140524], [138.695563, 35.139964], [138.695773, 35.139699], [138.69565, 35.139619], [138.697814, 35.137307], [138.697796, 35.136656], [138.697956, 35.136626], [138.697988, 35.136844], [138.69892, 35.136787], [138.698918, 35.136491], [138.699078, 35.136658], [138.699942, 35.136546], [138.699837, 35.135315], [138.699948, 35.135325], [138.700017, 35.136213], [138.700885, 35.136151], [138.700823, 35.135708], [138.700964, 35.135717], [138.70099, 35.136156], [138.703374, 35.136089], [138.708617, 35.136274], [138.709014, 35.136641], [138.7107, 35.136635], [138.713804, 35.136415], [138.717922, 35.135785], [138.718573, 35.135762], [138.718621, 35.135875], [138.718971, 35.135903], [138.719149, 35.1357], [138.72093, 35.135773], [138.724042, 35.135419], [138.726097, 35.135036], [138.727989, 35.134878], [138.731963, 35.134095], [138.733101, 35.134157], [138.734944, 35.133932], [138.736692, 35.133926], [138.737932, 35.133701], [138.737966, 35.133961], [138.738185, 35.133983], [138.744558, 35.132952], [138.752514, 35.131486], [138.753368, 35.134505], [138.753807, 35.134584], [138.754322, 35.136301], [138.75507, 35.136344], [138.755886, 35.139368], [138.756333, 35.140294], [138.756801, 35.140394], [138.760226, 35.140392], [138.761543, 35.140517], [138.762129, 35.140313], [138.762593, 35.139953], [138.763328, 35.139058], [138.763961, 35.13878], [138.765609, 35.138348], [138.767247, 35.140246], [138.769117, 35.142706], [138.769607, 35.142489], [138.769754, 35.142619], [138.770489, 35.142588], [138.770647, 35.1427], [138.771101, 35.14422], [138.770276, 35.144648], [138.77018, 35.144805], [138.771409, 35.14793], [138.772114, 35.148314], [138.772515, 35.148829], [138.771752, 35.148927], [138.770563, 35.149592], [138.770773, 35.150336], [138.771287, 35.151257], [138.772287, 35.154107], [138.773077, 35.15558], [138.773356, 35.157239], [138.773727, 35.157737], [138.774346, 35.157762], [138.774346, 35.158931], [138.775283, 35.159766], [138.775774, 35.161834], [138.775744, 35.162422], [138.776263, 35.163067], [138.777011, 35.162971], [138.777222, 35.163045], [138.777092, 35.163717], [138.777239, 35.164557], [138.778119, 35.164478], [138.778266, 35.164635], [138.778247, 35.164865], [138.777914, 35.165097], [138.778315, 35.166463], [138.778454, 35.167869], [138.778281, 35.168173], [138.776886, 35.16726], [138.774224, 35.166077], [138.773786, 35.166057], [138.770381, 35.167068], [138.768787, 35.16726], [138.768651, 35.167186], [138.768577, 35.166644], [138.767935, 35.166043], [138.767467, 35.165876], [138.766936, 35.165896], [138.765956, 35.166156], [138.765357, 35.166029], [138.762882, 35.166679], [138.763023, 35.167135], [138.763474, 35.167651], [138.765168, 35.168678], [138.765452, 35.169945], [138.766006, 35.170968], [138.766661, 35.171638], [138.767954, 35.173705], [138.768516, 35.175655], [138.76869, 35.176014], [138.769064, 35.176293], [138.769413, 35.177142], [138.769549, 35.178598], [138.769936, 35.179188], [138.770085, 35.179847], [138.769608, 35.180313], [138.769719, 35.180859], [138.769459, 35.181656], [138.768732, 35.181918], [138.768728, 35.182056], [138.769323, 35.182622], [138.769383, 35.183322], [138.76983, 35.184071], [138.770038, 35.185107], [138.770787, 35.18608], [138.770502, 35.187212], [138.770591, 35.187629], [138.771309, 35.18853], [138.772024, 35.189137], [138.77233, 35.18933], [138.772917, 35.18932], [138.773389, 35.189479], [138.77478, 35.190697], [138.775571, 35.190901], [138.775988, 35.191636], [138.776596, 35.192319], [138.777115, 35.192533], [138.777323, 35.192878], [138.778701, 35.193942], [138.778987, 35.194047], [138.779344, 35.194456], [138.780422, 35.194923], [138.781038, 35.195536], [138.781212, 35.195607], [138.781625, 35.195464], [138.78206, 35.195517], [138.783286, 35.195104], [138.784124, 35.196102], [138.784642, 35.196265], [138.785622, 35.196308], [138.786022, 35.197749], [138.786749, 35.198271], [138.787449, 35.198277], [138.787451, 35.198939], [138.78765, 35.199255], [138.788536, 35.199663], [138.789251, 35.200259], [138.790129, 35.200669], [138.791438, 35.201583], [138.791838, 35.202283], [138.792777, 35.202911], [138.793595, 35.20405], [138.793957, 35.204156], [138.794609, 35.204668], [138.795881, 35.205216], [138.796544, 35.205266], [138.796852, 35.205732], [138.797703, 35.206203], [138.798704, 35.206268], [138.799784, 35.207199], [138.800443, 35.208676], [138.801389, 35.209446], [138.801903, 35.209672], [138.802995, 35.209627], [138.803735, 35.209997], [138.804417, 35.210099], [138.804994, 35.210361], [138.805228, 35.210761], [138.806109, 35.211249], [138.806373, 35.211519], [138.806441, 35.211966], [138.806128, 35.213008], [138.807465, 35.213614], [138.808747, 35.214667], [138.809529, 35.215687], [138.809829, 35.216408], [138.810159, 35.216628], [138.810606, 35.217763], [138.81114, 35.218369], [138.811656, 35.219243], [138.812039, 35.220272], [138.81184, 35.221141], [138.81144, 35.222079], [138.811332, 35.222732], [138.810971, 35.223282], [138.809819, 35.223873], [138.808667, 35.224111], [138.807679, 35.224907], [138.807084, 35.225176], [138.806281, 35.225234], [138.805816, 35.225423], [138.804631, 35.226046], [138.804069, 35.226595], [138.803216, 35.227131], [138.802792, 35.227283], [138.802117, 35.227116], [138.801723, 35.22747], [138.801189, 35.227557], [138.799914, 35.228204], [138.799726, 35.228211], [138.798705, 35.227467], [138.798433, 35.227697], [138.797953, 35.227666], [138.797045, 35.227831], [138.796448, 35.227092], [138.796045, 35.227288], [138.795675, 35.227765], [138.795039, 35.229439], [138.79529, 35.230318], [138.795009, 35.2311], [138.795018, 35.23212], [138.795275, 35.232694], [138.795319, 35.233564], [138.795839, 35.234261], [138.795586, 35.235642], [138.794552, 35.237536], [138.793952, 35.238231], [138.792814, 35.238233], [138.792077, 35.238591], [138.791799, 35.239047], [138.791701, 35.240049], [138.791522, 35.240522], [138.790703, 35.241398], [138.789951, 35.242829], [138.789252, 35.245034], [138.789314, 35.246227], [138.789132, 35.246901], [138.788959, 35.249127], [138.789386, 35.250182], [138.789094, 35.250812], [138.788476, 35.251498], [138.78741, 35.251788], [138.787237, 35.252403], [138.786807, 35.252883], [138.785523, 35.253084], [138.78439, 35.253486], [138.783254, 35.25366], [138.78263, 35.254001], [138.778512, 35.260841], [138.776261, 35.264847], [138.775899, 35.265237], [138.77449, 35.268075], [138.758648, 35.296537], [138.758749, 35.307708], [138.749471, 35.331]]]}}, {"type": "Feature", "properties": {"pref_code": "22", "pref_name": "静岡県", "municipality_code": "22211", "municipality_name": "磐田市", "ward_name": "", "display_name": "磐田市", "geometry_key": "22211"}, "geometry": {"type": "MultiPolygon", "coordinates": [[[[137.909186, 34.891061], [137.908302, 34.890769], [137.907834, 34.891034], [137.907031, 34.890884], [137.906483, 34.891026], [137.90615, 34.890899], [137.904879, 34.889915], [137.904839, 34.889315], [137.904449, 34.88906], [137.903586, 34.887676], [137.902959, 34.887342], [137.902111, 34.887214], [137.901899, 34.887013], [137.901912, 34.886655], [137.901617, 34.886471], [137.901091, 34.885731], [137.899007, 34.884572], [137.898202, 34.883973], [137.897622, 34.882434], [137.896421, 34.882036], [137.895741, 34.882113], [137.894767, 34.882669], [137.894244, 34.88265], [137.893927, 34.882479], [137.89308, 34.88232], [137.892898, 34.881729], [137.892105, 34.881156], [137.890634, 34.880841], [137.890269, 34.881102], [137.88956, 34.880597], [137.888863, 34.880533], [137.888009, 34.880771], [137.887486, 34.881068], [137.885963, 34.880811], [137.88526, 34.880881], [137.884573, 34.881386], [137.884345, 34.881405], [137.883296, 34.881198], [137.882673, 34.880581], [137.882259, 34.880399], [137.881191, 34.880259], [137.880564, 34.880041], [137.879936, 34.880029], [137.879079, 34.879338], [137.87745, 34.879315], [137.876946, 34.879759], [137.87657, 34.879764], [137.875874, 34.880181], [137.875219, 34.880187], [137.87453, 34.879783], [137.873705, 34.879733], [137.873331, 34.879219], [137.872957, 34.879048], [137.872356, 34.879047], [137.871962, 34.879298], [137.871518, 34.879378], [137.871144, 34.8793], [137.870399, 34.878633], [137.869938, 34.878505], [137.868649, 34.878426], [137.867973, 34.878125], [137.867491, 34.878165], [137.867092, 34.878028], [137.866498, 34.878352], [137.865714, 34.87855], [137.863941, 34.878445], [137.863349, 34.87824], [137.862401, 34.878555], [137.861643, 34.878325], [137.860431, 34.876521], [137.859042, 34.876553], [137.858721, 34.876292], [137.858331, 34.875595], [137.856664, 34.875463], [137.856262, 34.875206], [137.855452, 34.875187], [137.854822, 34.874545], [137.854886, 34.873944], [137.854108, 34.873589], [137.853924, 34.873392], [137.853913, 34.873026], [137.854594, 34.872465], [137.854492, 34.871892], [137.855297, 34.871084], [137.855691, 34.870348], [137.854858, 34.869094], [137.854291, 34.868552], [137.853715, 34.868271], [137.853618, 34.867823], [137.85331, 34.86754], [137.852498, 34.867502], [137.851034, 34.867961], [137.850297, 34.868311], [137.850243, 34.868662], [137.849152, 34.868571], [137.847931, 34.869149], [137.846125, 34.869056], [137.845881, 34.868738], [137.845454, 34.868491], [137.844053, 34.868146], [137.843624, 34.867092], [137.84305, 34.866664], [137.843042, 34.86614], [137.842707, 34.865416], [137.841948, 34.864896], [137.841062, 34.864919], [137.840476, 34.864177], [137.839975, 34.863884], [137.839587, 34.863126], [137.839069, 34.862796], [137.838677, 34.862022], [137.837488, 34.862036], [137.836947, 34.861591], [137.836738, 34.861592], [137.836478, 34.861851], [137.836102, 34.861839], [137.83395, 34.860916], [137.831994, 34.860593], [137.830592, 34.860162], [137.829825, 34.859605], [137.82875, 34.859348], [137.827979, 34.858534], [137.827371, 34.858212], [137.825649, 34.856561], [137.824294, 34.856212], [137.823371, 34.856422], [137.823011, 34.856615], [137.822708, 34.856586], [137.822616, 34.856414], [137.822588, 34.855573], [137.823508, 34.855467], [137.824319, 34.855019], [137.824351, 34.854849], [137.826038, 34.841244], [137.826892, 34.832836], [137.827119, 34.828307], [137.827107, 34.82257], [137.826982, 34.821275], [137.824508, 34.809175], [137.823428, 34.804952], [137.823173, 34.80305], [137.823148, 34.801838], [137.823717, 34.796277], [137.823974, 34.795334], [137.824795, 34.793869], [137.82819, 34.789721], [137.829922, 34.789866], [137.828029, 34.788405], [137.827847, 34.786359], [137.827554, 34.784898], [137.826654, 34.782153], [137.822654, 34.774941], [137.818899, 34.756435], [137.813106, 34.74756], [137.805865, 34.730188], [137.80417, 34.722382], [137.804973, 34.722113], [137.804749, 34.719011], [137.803367, 34.719133], [137.802916, 34.715649], [137.800241, 34.701781], [137.800217, 34.701402], [137.800627, 34.701272], [137.80031, 34.699644], [137.800324, 34.699387], [137.800594, 34.699314], [137.800415, 34.697604], [137.799823, 34.69752], [137.799531, 34.697224], [137.799012, 34.697269], [137.798571, 34.697733], [137.798513, 34.698178], [137.796395, 34.698421], [137.795333, 34.698375], [137.79493, 34.69688], [137.79493, 34.696713], [137.795318, 34.696478], [137.793333, 34.684669], [137.791626, 34.681696], [137.790086, 34.681444], [137.789729, 34.674154], [137.789784, 34.673999], [137.790218, 34.674006], [137.79016, 34.670939], [137.789668, 34.670651], [137.787568, 34.669984], [137.787306, 34.666413], [137.788265, 34.665152], [137.787947, 34.663377], [137.787498, 34.662428], [137.787385, 34.661855], [137.787431, 34.658578], [137.787205, 34.657283], [137.787206, 34.656301], [137.787924, 34.653255], [137.789773, 34.65326], [137.789982, 34.65023], [137.797011, 34.648314], [137.79802, 34.647357], [137.798799, 34.64607], [137.79907, 34.644805], [137.801158, 34.644863], [137.802806, 34.645499], [137.806033, 34.646321], [137.807279, 34.646552], [137.809588, 34.646682], [137.809833, 34.646868], [137.810875, 34.647155], [137.811304, 34.647437], [137.813871, 34.647775], [137.81445, 34.648293], [137.815104, 34.64858], [137.818188, 34.649588], [137.818842, 34.649707], [137.8197, 34.650135], [137.820456, 34.650315], [137.820728, 34.650523], [137.8213, 34.650568], [137.824603, 34.65134], [137.827817, 34.652359], [137.829349, 34.652692], [137.831392, 34.653328], [137.832679, 34.653537], [137.834436, 34.654218], [137.835641, 34.654297], [137.838044, 34.655001], [137.839011, 34.655108], [137.840046, 34.655474], [137.841177, 34.655587], [137.841762, 34.65584], [137.84356, 34.656088], [137.851323, 34.657975], [137.853243, 34.658318], [137.854659, 34.658358], [137.855837, 34.658538], [137.862844, 34.65989], [137.86646, 34.660341], [137.867618, 34.660718], [137.869102, 34.660977], [137.875309, 34.661693], [137.876093, 34.661812], [137.876591, 34.662031], [137.881818, 34.662645], [137.883931, 34.663061], [137.887094, 34.663371], [137.888791, 34.663698], [137.890713, 34.663799], [137.894836, 34.6643], [137.897119, 34.664824], [137.89806, 34.665545], [137.902465, 34.66655], [137.903581, 34.666592], [137.903792, 34.66533], [137.904528, 34.665348], [137.904627, 34.664534], [137.904774, 34.664534], [137.904767, 34.664667], [137.906083, 34.664549], [137.906104, 34.664697], [137.904828, 34.664841], [137.904664, 34.666831], [137.906545, 34.666959], [137.906661, 34.665967], [137.907412, 34.66603], [137.907397, 34.666998], [137.908052, 34.667015], [137.908075, 34.666589], [137.90857, 34.666547], [137.909401, 34.666064], [137.910348, 34.665928], [137.910955, 34.665406], [137.910952, 34.666187], [137.911882, 34.666622], [137.910369, 34.670406], [137.909768, 34.67234], [137.90931, 34.673244], [137.908928, 34.673279], [137.908712, 34.673603], [137.908573, 34.674974], [137.908176, 34.676346], [137.906717, 34.677056], [137.907144, 34.677745], [137.907165, 34.678081], [137.907699, 34.679125], [137.907561, 34.679826], [137.907991, 34.67993], [137.907837, 34.6805], [137.908024, 34.680581], [137.9079, 34.681349], [137.908156, 34.681404], [137.907987, 34.682035], [137.908217, 34.682087], [137.908028, 34.682722], [137.912096, 34.683393], [137.91234, 34.683441], [137.912379, 34.683577], [137.912407, 34.685709], [137.912278, 34.686435], [137.911644, 34.687888], [137.911601, 34.688926], [137.911405, 34.689559], [137.910711, 34.690542], [137.910672, 34.690861], [137.910431, 34.691104], [137.905708, 34.690329], [137.905559, 34.690933], [137.904217, 34.690585], [137.903929, 34.691379], [137.901048, 34.690633], [137.900691, 34.691581], [137.900476, 34.691546], [137.900263, 34.691977], [137.899727, 34.69352], [137.898396, 34.693327], [137.898467, 34.693716], [137.898214, 34.69382], [137.89755, 34.694646], [137.897052, 34.694731], [137.896221, 34.694561], [137.89432, 34.693818], [137.894345, 34.694747], [137.894563, 34.6957], [137.895124, 34.69679], [137.896257, 34.698133], [137.897869, 34.697361], [137.898778, 34.698463], [137.898607, 34.698571], [137.898949, 34.699051], [137.898174, 34.699565], [137.899516, 34.700769], [137.900182, 34.701539], [137.899789, 34.701845], [137.898737, 34.702284], [137.898035, 34.702261], [137.89765, 34.702432], [137.897744, 34.703163], [137.897406, 34.70394], [137.897441, 34.70445], [137.897188, 34.705233], [137.897169, 34.705734], [137.897345, 34.706116], [137.897893, 34.706739], [137.898929, 34.707412], [137.899717, 34.707591], [137.900004, 34.707929], [137.900891, 34.707949], [137.900971, 34.708596], [137.900875, 34.709233], [137.903714, 34.710111], [137.903356, 34.710632], [137.902355, 34.71137], [137.902212, 34.711758], [137.902251, 34.712417], [137.902827, 34.712737], [137.903159, 34.714355], [137.903173, 34.714936], [137.902961, 34.715684], [137.903275, 34.717228], [137.903239, 34.718484], [137.901191, 34.722518], [137.900127, 34.724121], [137.898719, 34.727141], [137.898932, 34.727447], [137.900612, 34.728184], [137.898694, 34.732311], [137.9011, 34.733095], [137.900199, 34.734993], [137.902057, 34.735611], [137.901254, 34.737529], [137.89801, 34.744212], [137.897666, 34.745348], [137.897458, 34.74728], [137.896838, 34.747077], [137.896332, 34.748043], [137.895743, 34.748753], [137.893999, 34.747504], [137.893233, 34.747332], [137.892998, 34.746358], [137.89305, 34.746017], [137.892589, 34.745238], [137.892226, 34.74521], [137.891499, 34.745506], [137.890589, 34.745531], [137.889178, 34.747606], [137.887829, 34.749129], [137.886917, 34.749867], [137.886452, 34.750553], [137.886197, 34.751624], [137.886113, 34.753986], [137.88654, 34.754985], [137.887309, 34.75621], [137.887538, 34.75731], [137.887389, 34.757484], [137.885779, 34.758016], [137.885648, 34.758277], [137.885681, 34.758366], [137.886119, 34.758357], [137.886146, 34.758266], [137.887243, 34.758202], [137.887454, 34.758344], [137.887886, 34.759168], [137.887902, 34.760309], [137.889294, 34.760427], [137.88936, 34.760861], [137.889263, 34.761552], [137.888236, 34.763302], [137.887083, 34.763294], [137.886615, 34.764289], [137.88651, 34.764337], [137.886028, 34.76409], [137.885899, 34.764565], [137.885943, 34.764759], [137.886301, 34.765051], [137.886205, 34.765958], [137.887933, 34.766229], [137.88806, 34.766416], [137.888181, 34.766739], [137.88744, 34.766901], [137.887271, 34.767767], [137.888792, 34.76792], [137.888669, 34.768761], [137.888245, 34.770051], [137.886258, 34.772814], [137.886255, 34.773292], [137.886577, 34.774416], [137.88387, 34.774625], [137.883395, 34.775259], [137.883044, 34.775379], [137.882991, 34.775635], [137.881892, 34.775801], [137.88188, 34.775965], [137.881264, 34.776515], [137.880514, 34.776903], [137.879252, 34.778305], [137.876773, 34.77837], [137.875822, 34.778267], [137.875729, 34.778732], [137.875464, 34.778795], [137.87529, 34.779025], [137.87267, 34.778092], [137.871631, 34.778696], [137.871548, 34.779067], [137.871239, 34.779347], [137.870791, 34.779422], [137.869532, 34.779017], [137.869628, 34.778656], [137.869974, 34.778306], [137.869713, 34.77799], [137.868127, 34.777857], [137.86697, 34.778054], [137.866328, 34.778303], [137.865129, 34.778429], [137.864976, 34.778844], [137.864753, 34.779049], [137.864617, 34.779125], [137.864186, 34.779047], [137.863718, 34.780063], [137.862291, 34.781076], [137.862357, 34.781857], [137.861392, 34.782938], [137.86001, 34.787089], [137.860084, 34.787387], [137.860751, 34.787852], [137.859662, 34.788676], [137.859573, 34.788852], [137.859743, 34.789385], [137.859577, 34.789731], [137.858931, 34.789871], [137.858029, 34.789627], [137.856777, 34.789482], [137.856354, 34.789252], [137.856031, 34.789258], [137.855965, 34.78936], [137.855838, 34.789736], [137.856402, 34.790287], [137.856741, 34.790448], [137.856349, 34.794014], [137.855714, 34.798065], [137.855897, 34.800581], [137.855578, 34.801446], [137.854404, 34.801045], [137.853572, 34.800897], [137.853216, 34.801947], [137.852304, 34.803437], [137.851799, 34.805357], [137.851575, 34.805759], [137.851249, 34.805955], [137.851668, 34.807707], [137.852854, 34.809827], [137.854306, 34.810679], [137.854516, 34.811072], [137.855188, 34.811428], [137.855506, 34.811782], [137.8566, 34.811624], [137.856701, 34.811937], [137.856487, 34.812545], [137.856624, 34.812727], [137.857951, 34.813214], [137.858571, 34.813771], [137.860436, 34.814268], [137.860944, 34.814157], [137.861828, 34.814373], [137.862749, 34.816038], [137.86734, 34.816786], [137.867481, 34.816408], [137.867846, 34.81646], [137.867753, 34.816836], [137.868916, 34.817113], [137.869125, 34.816956], [137.868748, 34.816535], [137.869205, 34.816161], [137.869569, 34.81678], [137.869413, 34.817296], [137.869703, 34.818124], [137.869777, 34.818935], [137.870519, 34.819305], [137.870961, 34.819811], [137.871044, 34.820169], [137.871894, 34.821541], [137.872553, 34.822359], [137.871893, 34.822824], [137.871634, 34.825282], [137.871963, 34.825887], [137.872986, 34.826675], [137.873626, 34.826944], [137.873734, 34.828791], [137.873059, 34.829496], [137.872693, 34.830594], [137.872745, 34.830774], [137.873924, 34.83161], [137.875876, 34.831781], [137.876356, 34.832856], [137.876041, 34.833264], [137.875325, 34.833705], [137.875236, 34.834001], [137.874826, 34.834309], [137.874842, 34.834912], [137.874699, 34.83521], [137.874213, 34.83566], [137.873622, 34.836556], [137.872798, 34.837134], [137.872852, 34.837451], [137.873464, 34.838076], [137.873951, 34.838006], [137.875149, 34.83816], [137.875923, 34.838839], [137.876352, 34.838539], [137.87689, 34.838748], [137.87774, 34.838357], [137.878689, 34.838442], [137.879547, 34.838737], [137.880178, 34.838623], [137.88059, 34.838672], [137.88145, 34.839337], [137.881348, 34.839825], [137.882109, 34.841038], [137.882266, 34.841703], [137.882754, 34.842702], [137.883597, 34.843476], [137.88467, 34.843709], [137.884138, 34.844536], [137.884128, 34.844827], [137.88384, 34.845196], [137.882959, 34.847381], [137.881392, 34.848928], [137.880511, 34.849492], [137.879994, 34.850137], [137.88005, 34.850774], [137.880567, 34.851151], [137.880726, 34.851854], [137.881072, 34.852548], [137.880488, 34.853079], [137.880339, 34.853472], [137.879427, 34.854143], [137.8796, 34.855254], [137.879981, 34.855459], [137.880421, 34.855449], [137.881218, 34.856143], [137.88102, 34.856834], [137.881225, 34.857606], [137.881397, 34.857796], [137.882985, 34.858329], [137.883414, 34.858575], [137.884437, 34.858433], [137.885408, 34.859566], [137.886054, 34.859668], [137.888247, 34.861461], [137.88912, 34.861884], [137.89027, 34.86213], [137.890747, 34.862511], [137.890775, 34.86318], [137.89136, 34.86393], [137.891114, 34.864356], [137.891559, 34.865618], [137.891903, 34.865945], [137.892596, 34.866251], [137.892782, 34.866611], [137.892696, 34.866936], [137.892372, 34.867213], [137.892209, 34.868834], [137.892307, 34.869281], [137.893052, 34.870244], [137.893476, 34.87049], [137.894401, 34.870631], [137.895114, 34.871553], [137.895799, 34.871934], [137.895738, 34.872472], [137.896547, 34.873592], [137.896963, 34.874643], [137.898631, 34.874894], [137.899546, 34.875937], [137.900307, 34.87608], [137.900825, 34.876337], [137.901422, 34.877392], [137.901902, 34.877827], [137.902082, 34.878385], [137.902487, 34.878946], [137.902957, 34.879051], [137.903721, 34.878835], [137.903886, 34.878967], [137.904192, 34.88023], [137.905098, 34.880216], [137.905943, 34.880562], [137.907257, 34.880644], [137.907771, 34.88105], [137.908285, 34.881801], [137.909114, 34.882194], [137.908813, 34.883257], [137.909582, 34.884678], [137.909791, 34.885419], [137.90942, 34.886483], [137.909469, 34.887946], [137.909086, 34.888901], [137.90927, 34.890098], [137.909186, 34.891061]]], [[[137.902925, 34.663362], [137.903517, 34.66277], [137.903684, 34.66341], [137.902925, 34.663362]]]]}}, {"type": "Feature", "properties": {"pref_code": "22", "pref_name": "静岡県", "municipality_code": "22212", "municipality_name": "焼津市", "ward_name": "", "display_name": "焼津市", "geometry_key": "22212"}, "geometry": {"type": "MultiPolygon", "coordinates": [[[[138.319035, 34.919564], [138.31907, 34.91942], [138.31862, 34.918752], [138.317994, 34.918173], [138.317452, 34.917304], [138.316085, 34.91653], [138.315337, 34.915701], [138.314724, 34.915463], [138.313903, 34.915347], [138.313569, 34.915072], [138.314266, 34.914614], [138.315003, 34.914557], [138.31554, 34.914645], [138.316216, 34.914467], [138.316717, 34.914623], [138.317373, 34.914531], [138.317942, 34.914819], [138.318572, 34.914658], [138.319591, 34.914742], [138.320754, 34.914278], [138.321502, 34.9143], [138.322283, 34.914047], [138.323305, 34.914339], [138.324585, 34.914016], [138.32584, 34.914331], [138.326242, 34.914223], [138.327492, 34.913306], [138.326499, 34.912837], [138.326483, 34.911819], [138.326125, 34.911319], [138.325681, 34.911121], [138.325895, 34.909359], [138.325808, 34.908858], [138.325507, 34.908381], [138.324843, 34.907883], [138.324097, 34.907522], [138.323682, 34.907098], [138.323216, 34.907029], [138.322587, 34.906027], [138.321929, 34.905738], [138.321632, 34.905045], [138.321044, 34.904726], [138.320318, 34.904778], [138.319799, 34.905029], [138.319289, 34.905107], [138.318755, 34.904985], [138.31747, 34.905201], [138.315354, 34.905852], [138.314374, 34.905793], [138.313424, 34.905961], [138.312874, 34.906197], [138.312291, 34.906838], [138.312094, 34.906829], [138.310515, 34.90532], [138.307885, 34.90339], [138.307203, 34.902602], [138.305822, 34.902229], [138.305222, 34.900724], [138.303687, 34.89869], [138.303049, 34.898083], [138.300254, 34.896449], [138.300038, 34.896171], [138.299918, 34.895503], [138.299461, 34.895068], [138.299067, 34.895012], [138.298255, 34.895375], [138.296613, 34.895613], [138.294279, 34.896364], [138.294014, 34.896576], [138.293441, 34.896607], [138.29299, 34.896459], [138.293321, 34.895922], [138.293092, 34.894241], [138.293211, 34.89329], [138.293388, 34.893047], [138.29423, 34.892258], [138.294704, 34.891978], [138.295558, 34.891998], [138.297448, 34.891426], [138.297884, 34.891191], [138.297037, 34.889594], [138.296273, 34.886786], [138.293833, 34.884104], [138.290796, 34.880232], [138.29191, 34.879654], [138.292164, 34.879984], [138.294672, 34.878839], [138.295028, 34.879341], [138.295634, 34.879042], [138.295527, 34.878895], [138.295928, 34.878676], [138.296046, 34.878398], [138.294986, 34.877516], [138.293855, 34.874794], [138.293096, 34.874723], [138.291696, 34.874286], [138.289422, 34.873284], [138.288662, 34.873102], [138.288254, 34.873573], [138.287496, 34.874116], [138.286769, 34.874078], [138.286638, 34.873966], [138.283701, 34.873816], [138.281892, 34.873517], [138.281934, 34.872679], [138.281601, 34.872565], [138.281598, 34.872173], [138.280752, 34.872034], [138.280549, 34.871747], [138.280455, 34.871091], [138.279928, 34.871178], [138.279564, 34.870667], [138.280222, 34.870233], [138.279232, 34.869076], [138.278893, 34.869141], [138.278041, 34.868132], [138.277556, 34.867926], [138.277396, 34.867605], [138.277741, 34.866821], [138.27689, 34.866427], [138.277333, 34.865543], [138.275872, 34.864734], [138.275797, 34.864279], [138.276116, 34.863936], [138.280374, 34.863634], [138.280629, 34.863246], [138.281308, 34.86285], [138.281392, 34.861968], [138.280357, 34.861696], [138.278997, 34.858357], [138.278564, 34.858184], [138.278628, 34.857489], [138.278101, 34.857244], [138.278188, 34.856975], [138.277764, 34.855998], [138.278655, 34.855006], [138.279315, 34.85361], [138.283127, 34.850947], [138.282879, 34.850378], [138.283014, 34.850192], [138.282882, 34.849693], [138.282865, 34.847421], [138.281941, 34.84729], [138.281834, 34.84506], [138.283436, 34.844991], [138.283476, 34.844495], [138.284157, 34.844561], [138.284439, 34.842779], [138.279301, 34.841541], [138.278395, 34.841067], [138.27834, 34.840507], [138.278063, 34.840537], [138.278078, 34.840141], [138.277445, 34.840157], [138.277137, 34.839741], [138.276096, 34.838854], [138.275225, 34.83866], [138.274802, 34.838724], [138.274748, 34.838576], [138.275466, 34.835887], [138.276127, 34.834127], [138.276249, 34.833873], [138.276458, 34.833799], [138.277161, 34.833071], [138.27757, 34.831247], [138.278801, 34.830937], [138.278989, 34.830572], [138.280459, 34.830192], [138.28224, 34.829202], [138.283526, 34.828959], [138.283822, 34.828659], [138.283779, 34.828117], [138.283552, 34.827975], [138.283175, 34.828229], [138.283129, 34.828094], [138.283466, 34.827575], [138.282671, 34.827774], [138.282529, 34.827557], [138.282081, 34.82771], [138.281404, 34.8277], [138.280863, 34.827558], [138.280412, 34.826881], [138.279696, 34.826921], [138.279336, 34.826767], [138.278144, 34.825761], [138.277834, 34.825404], [138.277644, 34.824881], [138.279199, 34.823524], [138.278433, 34.823393], [138.278255, 34.823542], [138.277796, 34.823409], [138.277349, 34.82348], [138.276936, 34.823178], [138.27577, 34.823347], [138.275471, 34.823027], [138.275847, 34.822344], [138.275081, 34.821948], [138.274951, 34.821536], [138.274326, 34.821502], [138.273763, 34.821232], [138.272071, 34.821387], [138.270872, 34.821197], [138.269697, 34.821217], [138.264884, 34.82167], [138.263419, 34.822288], [138.26262, 34.822774], [138.262608, 34.823089], [138.262112, 34.823294], [138.262094, 34.823481], [138.261874, 34.823602], [138.25845, 34.824693], [138.2581, 34.823608], [138.256846, 34.823915], [138.255719, 34.823858], [138.255407, 34.823441], [138.256067, 34.823258], [138.256027, 34.823067], [138.254063, 34.820984], [138.253481, 34.821264], [138.253232, 34.820984], [138.251663, 34.821345], [138.251506, 34.821154], [138.251332, 34.821191], [138.251209, 34.820999], [138.251304, 34.820911], [138.252365, 34.82032], [138.251189, 34.819407], [138.250584, 34.818725], [138.250275, 34.818536], [138.249227, 34.81893], [138.247913, 34.817936], [138.244617, 34.816108], [138.243721, 34.816699], [138.243191, 34.816444], [138.240531, 34.818438], [138.236778, 34.815806], [138.241477, 34.812342], [138.244121, 34.810057], [138.246872, 34.807366], [138.25079, 34.802929], [138.25501, 34.798993], [138.259976, 34.794639], [138.270811, 34.786386], [138.280457, 34.778458], [138.29464, 34.767056], [138.29765, 34.769506], [138.301123, 34.772722], [138.301239, 34.773015], [138.301634, 34.77324], [138.303183, 34.775104], [138.303347, 34.775774], [138.304077, 34.777424], [138.302182, 34.777159], [138.299944, 34.776305], [138.299366, 34.776625], [138.299237, 34.777018], [138.298503, 34.77692], [138.298526, 34.776723], [138.295413, 34.776282], [138.294874, 34.776317], [138.291714, 34.779166], [138.289726, 34.780558], [138.28873, 34.781106], [138.292152, 34.78467], [138.294623, 34.783033], [138.295201, 34.783737], [138.295898, 34.783319], [138.295298, 34.781551], [138.295087, 34.781614], [138.294969, 34.781171], [138.295415, 34.781086], [138.295379, 34.779291], [138.297069, 34.778541], [138.298037, 34.779997], [138.299573, 34.779426], [138.298688, 34.778027], [138.299196, 34.77809], [138.299532, 34.778588], [138.300051, 34.778967], [138.300715, 34.779139], [138.301021, 34.779071], [138.301089, 34.779638], [138.301669, 34.781243], [138.303033, 34.783192], [138.303593, 34.783659], [138.302782, 34.783916], [138.303682, 34.785495], [138.304739, 34.78683], [138.305633, 34.787612], [138.308854, 34.791583], [138.314442, 34.797846], [138.316236, 34.800099], [138.318604, 34.803326], [138.319068, 34.804165], [138.322541, 34.808726], [138.323435, 34.810162], [138.324615, 34.811509], [138.32789, 34.815856], [138.328129, 34.816622], [138.328511, 34.817287], [138.328327, 34.817619], [138.327969, 34.817687], [138.328019, 34.818036], [138.328538, 34.818081], [138.329998, 34.818999], [138.331342, 34.820316], [138.334959, 34.824985], [138.337695, 34.829142], [138.338166, 34.830189], [138.338807, 34.832137], [138.338807, 34.832492], [138.338616, 34.833624], [138.338206, 34.834875], [138.337777, 34.838254], [138.337134, 34.840906], [138.336554, 34.842252], [138.335802, 34.84344], [138.334525, 34.844836], [138.331328, 34.847612], [138.330734, 34.848255], [138.330539, 34.848959], [138.331141, 34.850106], [138.330875, 34.852637], [138.330759, 34.852635], [138.330989, 34.850155], [138.329324, 34.847035], [138.329939, 34.846636], [138.329643, 34.846348], [138.329056, 34.84672], [138.327608, 34.845395], [138.32695, 34.84591], [138.326812, 34.845817], [138.327477, 34.845246], [138.326902, 34.844733], [138.326289, 34.844788], [138.324724, 34.84617], [138.325471, 34.846682], [138.325571, 34.84693], [138.324923, 34.848515], [138.323942, 34.84868], [138.323757, 34.850657], [138.32389, 34.850865], [138.324044, 34.850921], [138.324842, 34.850292], [138.325065, 34.849972], [138.325297, 34.849932], [138.325229, 34.849769], [138.325379, 34.849471], [138.325775, 34.849071], [138.325587, 34.849023], [138.325688, 34.848721], [138.325901, 34.848751], [138.325746, 34.848328], [138.325886, 34.847954], [138.32623, 34.847935], [138.326335, 34.848057], [138.32682, 34.847838], [138.326759, 34.847719], [138.327783, 34.847297], [138.327587, 34.846941], [138.327801, 34.846854], [138.32891, 34.848587], [138.328384, 34.848872], [138.329061, 34.849929], [138.325336, 34.852406], [138.32643, 34.853514], [138.326114, 34.854621], [138.326134, 34.855886], [138.328012, 34.855886], [138.327953, 34.859109], [138.326134, 34.859405], [138.326062, 34.861205], [138.328106, 34.861261], [138.328502, 34.863032], [138.326646, 34.863349], [138.327513, 34.867259], [138.329098, 34.867104], [138.329347, 34.868069], [138.327221, 34.868247], [138.326584, 34.868027], [138.325131, 34.868373], [138.323827, 34.86916], [138.324263, 34.8699], [138.32506, 34.869383], [138.325291, 34.869684], [138.324409, 34.872563], [138.325696, 34.872763], [138.326282, 34.871117], [138.326967, 34.871221], [138.327364, 34.87169], [138.32706, 34.872596], [138.327648, 34.873651], [138.328721, 34.873555], [138.329732, 34.872911], [138.326826, 34.870025], [138.327555, 34.869275], [138.327898, 34.869482], [138.327827, 34.869563], [138.328333, 34.86975], [138.328941, 34.869085], [138.328941, 34.868716], [138.329089, 34.868719], [138.329089, 34.869017], [138.330187, 34.869443], [138.329661, 34.870492], [138.330996, 34.872021], [138.333637, 34.870518], [138.333214, 34.868941], [138.333762, 34.867883], [138.333881, 34.86792], [138.333391, 34.868966], [138.333811, 34.870429], [138.334874, 34.871918], [138.329486, 34.875005], [138.330708, 34.876039], [138.332374, 34.875168], [138.332483, 34.875856], [138.332838, 34.876396], [138.333842, 34.877072], [138.334204, 34.877686], [138.335106, 34.878142], [138.335871, 34.878998], [138.336663, 34.879545], [138.337264, 34.880344], [138.337736, 34.880429], [138.338325, 34.880964], [138.338672, 34.882515], [138.338141, 34.883021], [138.337966, 34.883549], [138.338881, 34.887542], [138.339276, 34.887883], [138.339547, 34.888615], [138.340748, 34.889783], [138.34241, 34.891248], [138.343129, 34.891635], [138.344046, 34.892616], [138.345244, 34.893462], [138.345304, 34.893663], [138.346512, 34.894643], [138.347612, 34.895516], [138.348296, 34.895865], [138.348019, 34.896046], [138.34834, 34.896282], [138.348147, 34.896644], [138.348142, 34.897748], [138.348358, 34.898121], [138.348393, 34.898549], [138.346688, 34.89923], [138.34576, 34.899753], [138.344932, 34.899983], [138.344138, 34.900644], [138.343308, 34.900818], [138.341933, 34.901689], [138.341303, 34.903254], [138.340252, 34.904403], [138.340354, 34.904666], [138.341112, 34.905465], [138.343222, 34.906344], [138.343602, 34.906904], [138.343293, 34.907582], [138.342954, 34.90784], [138.342552, 34.907799], [138.342162, 34.908026], [138.341948, 34.908289], [138.34016, 34.909472], [138.339196, 34.909549], [138.337173, 34.9103], [138.336271, 34.910355], [138.335284, 34.911154], [138.333671, 34.911613], [138.332621, 34.912269], [138.331616, 34.91435], [138.331214, 34.914529], [138.33064, 34.914486], [138.33039, 34.91478], [138.330232, 34.915415], [138.330411, 34.916337], [138.329916, 34.916928], [138.329711, 34.918304], [138.329241, 34.9187], [138.328301, 34.919888], [138.327352, 34.920494], [138.326921, 34.921759], [138.326566, 34.922016], [138.326174, 34.922627], [138.325744, 34.922607], [138.324509, 34.921756], [138.32367, 34.920587], [138.323524, 34.920067], [138.322646, 34.919183], [138.322454, 34.919109], [138.321022, 34.919344], [138.32012, 34.919726], [138.319035, 34.919564]]], [[[138.348291, 34.895523], [138.348392, 34.895384], [138.348507, 34.895425], [138.348429, 34.895579], [138.348291, 34.895523]]], [[[138.32939, 34.860939], [138.329403, 34.857315], [138.329655, 34.857315], [138.329621, 34.860862], [138.330052, 34.862392], [138.330518, 34.863423], [138.33109, 34.864032], [138.336888, 34.867481], [138.337747, 34.868389], [138.337581, 34.868484], [138.336788, 34.867649], [138.330972, 34.864199], [138.330293, 34.863509], [138.329903, 34.862659], [138.32939, 34.860939]]], [[[138.3264, 34.854475], [138.326522, 34.853914], [138.329314, 34.852097], [138.329584, 34.8521], [138.326622, 34.853946], [138.326509, 34.854485], [138.3264, 34.854475]]]]}}, {"type": "Feature", "properties": {"pref_code": "22", "pref_name": "静岡県", "municipality_code": "22213", "municipality_name": "掛川市", "ward_name": "", "display_name": "掛川市", "geometry_key": "22213"}, "geometry": {"type": "Polygon", "coordinates": [[[138.100732, 34.810384], [138.100784, 34.811062], [138.099982, 34.812093], [138.100235, 34.812319], [138.101211, 34.81261], [138.101847, 34.813399], [138.101573, 34.813866], [138.101517, 34.814684], [138.10129, 34.815256], [138.101884, 34.816336], [138.102302, 34.81681], [138.102407, 34.817167], [138.101804, 34.817633], [138.10157, 34.818494], [138.102158, 34.818815], [138.101954, 34.818987], [138.101462, 34.819081], [138.099684, 34.81911], [138.099141, 34.819244], [138.098484, 34.819627], [138.097618, 34.820666], [138.097647, 34.821912], [138.097453, 34.822256], [138.097804, 34.822652], [138.097796, 34.822803], [138.097265, 34.823547], [138.0975, 34.824418], [138.097351, 34.824705], [138.096761, 34.824882], [138.096392, 34.825662], [138.0965, 34.825798], [138.097566, 34.826142], [138.097541, 34.827211], [138.097033, 34.827907], [138.096974, 34.828236], [138.098285, 34.829397], [138.09845, 34.829924], [138.098254, 34.830789], [138.098867, 34.831216], [138.098962, 34.831694], [138.097792, 34.832872], [138.097469, 34.833527], [138.096895, 34.833901], [138.096684, 34.834607], [138.096351, 34.83499], [138.096511, 34.835389], [138.095552, 34.83557], [138.095384, 34.835942], [138.095103, 34.836144], [138.094607, 34.837364], [138.094067, 34.83793], [138.094001, 34.838173], [138.094146, 34.838502], [138.09376, 34.839109], [138.093191, 34.839611], [138.091774, 34.84008], [138.089926, 34.841268], [138.088303, 34.842079], [138.087774, 34.842519], [138.087411, 34.842187], [138.087758, 34.841744], [138.087975, 34.841144], [138.085709, 34.840408], [138.08533, 34.8405], [138.083917, 34.841311], [138.082898, 34.841458], [138.082276, 34.841869], [138.081447, 34.841984], [138.080435, 34.841872], [138.079496, 34.842827], [138.078527, 34.842712], [138.077646, 34.84282], [138.076016, 34.842587], [138.075462, 34.842606], [138.074895, 34.842971], [138.074301, 34.843696], [138.073723, 34.843894], [138.073402, 34.844159], [138.072951, 34.844189], [138.072042, 34.843828], [138.070431, 34.843591], [138.070595, 34.844888], [138.071175, 34.846699], [138.070862, 34.847507], [138.069853, 34.848569], [138.06981, 34.850825], [138.068485, 34.853506], [138.068691, 34.854121], [138.070104, 34.856654], [138.070136, 34.857229], [138.067968, 34.857698], [138.066989, 34.857646], [138.066176, 34.857941], [138.062578, 34.857386], [138.061211, 34.857288], [138.059416, 34.858164], [138.058743, 34.857944], [138.057588, 34.858118], [138.056676, 34.858397], [138.054958, 34.858624], [138.0532, 34.858433], [138.051659, 34.858125], [138.049837, 34.859195], [138.048042, 34.859188], [138.047596, 34.859431], [138.047302, 34.859798], [138.047158, 34.860268], [138.047254, 34.860675], [138.047794, 34.861661], [138.048253, 34.862021], [138.048277, 34.862176], [138.048074, 34.862451], [138.047266, 34.863008], [138.047086, 34.86355], [138.047022, 34.864275], [138.047676, 34.86546], [138.047457, 34.866949], [138.046721, 34.867764], [138.04553, 34.868364], [138.045861, 34.869306], [138.045698, 34.870184], [138.04575, 34.872682], [138.045331, 34.873359], [138.045279, 34.874088], [138.045502, 34.875228], [138.045677, 34.875618], [138.046104, 34.875992], [138.046259, 34.876892], [138.045741, 34.877857], [138.045781, 34.8795], [138.045649, 34.880553], [138.045391, 34.881041], [138.045434, 34.881336], [138.045685, 34.882041], [138.047498, 34.882906], [138.047709, 34.883132], [138.047813, 34.884437], [138.04839, 34.884965], [138.048679, 34.885431], [138.050036, 34.885963], [138.051892, 34.887329], [138.052183, 34.888719], [138.053079, 34.890059], [138.052692, 34.891132], [138.053262, 34.892301], [138.053657, 34.892665], [138.054402, 34.89374], [138.054873, 34.894106], [138.056474, 34.894789], [138.056062, 34.895935], [138.056586, 34.897329], [138.05596, 34.89873], [138.055948, 34.899301], [138.055671, 34.900059], [138.056639, 34.904512], [138.057196, 34.905585], [138.057872, 34.906436], [138.057692, 34.906863], [138.056652, 34.907419], [138.054054, 34.908068], [138.052982, 34.908199], [138.052129, 34.90815], [138.05178, 34.908252], [138.051341, 34.908541], [138.050732, 34.909261], [138.050278, 34.910216], [138.049751, 34.910703], [138.049534, 34.911333], [138.049223, 34.911507], [138.046933, 34.912068], [138.046805, 34.912369], [138.046852, 34.912944], [138.046299, 34.913485], [138.045881, 34.914296], [138.045669, 34.915468], [138.044998, 34.915953], [138.043047, 34.916996], [138.041897, 34.918254], [138.041762, 34.918569], [138.041778, 34.91913], [138.041534, 34.919477], [138.041923, 34.920079], [138.03994, 34.920195], [138.039306, 34.920114], [138.037839, 34.919288], [138.037487, 34.918787], [138.037106, 34.918499], [138.035578, 34.91765], [138.035338, 34.917395], [138.034641, 34.915952], [138.033993, 34.914096], [138.033582, 34.913432], [138.032914, 34.912756], [138.031561, 34.912085], [138.030696, 34.912021], [138.030978, 34.913136], [138.030916, 34.913692], [138.030744, 34.913866], [138.029943, 34.91418], [138.029044, 34.914235], [138.027984, 34.914525], [138.027506, 34.914156], [138.027472, 34.913487], [138.027159, 34.913054], [138.026307, 34.912899], [138.025528, 34.912597], [138.024774, 34.912758], [138.023667, 34.913341], [138.023047, 34.913441], [138.021592, 34.913302], [138.019983, 34.912969], [138.019612, 34.91301], [138.019565, 34.913293], [138.019801, 34.913735], [138.019794, 34.914012], [138.019279, 34.914949], [138.018942, 34.915174], [138.017909, 34.914661], [138.016669, 34.913698], [138.015794, 34.913534], [138.014494, 34.913071], [138.01261, 34.913199], [138.010639, 34.913678], [138.01077, 34.911847], [138.010154, 34.910865], [138.010632, 34.909744], [138.010821, 34.908402], [138.009784, 34.907241], [138.00951, 34.906262], [138.009241, 34.906007], [138.008292, 34.905521], [138.007831, 34.904893], [138.007374, 34.903747], [138.007493, 34.903037], [138.005901, 34.902652], [138.005645, 34.902188], [138.004708, 34.90117], [138.004321, 34.900251], [138.003665, 34.899871], [138.003253, 34.899363], [138.001606, 34.898559], [138.000441, 34.898511], [137.998896, 34.897729], [137.99784, 34.897407], [137.996587, 34.897219], [137.995729, 34.896799], [137.995126, 34.896017], [137.995482, 34.895054], [137.995412, 34.894344], [137.995678, 34.894039], [137.995721, 34.893122], [137.994001, 34.892975], [137.99328, 34.892297], [137.993107, 34.891623], [137.992544, 34.891341], [137.991672, 34.890463], [137.991286, 34.889726], [137.991158, 34.889094], [137.990534, 34.887999], [137.990357, 34.887024], [137.989537, 34.886205], [137.988689, 34.885867], [137.987988, 34.885313], [137.988019, 34.885081], [137.98891, 34.883738], [137.988621, 34.883494], [137.987959, 34.882414], [137.98612, 34.881196], [137.984881, 34.879345], [137.984834, 34.879079], [137.983492, 34.878233], [137.982814, 34.877612], [137.981711, 34.877367], [137.98026, 34.877299], [137.9796, 34.877031], [137.977692, 34.875418], [137.976962, 34.874624], [137.976733, 34.87415], [137.97633, 34.874007], [137.975796, 34.873528], [137.975346, 34.872743], [137.974179, 34.872227], [137.973045, 34.871455], [137.971956, 34.87129], [137.970847, 34.870731], [137.970064, 34.870014], [137.969649, 34.868924], [137.969226, 34.868676], [137.968664, 34.867716], [137.968522, 34.867133], [137.965656, 34.865228], [137.965411, 34.865264], [137.964881, 34.863846], [137.964394, 34.863526], [137.963474, 34.863297], [137.963102, 34.862356], [137.961827, 34.86141], [137.962044, 34.861012], [137.961922, 34.859882], [137.962138, 34.859472], [137.962221, 34.858604], [137.962438, 34.858333], [137.963057, 34.857971], [137.963113, 34.857759], [137.962807, 34.857544], [137.962719, 34.85716], [137.962017, 34.856235], [137.960364, 34.85566], [137.958822, 34.854685], [137.958678, 34.854393], [137.958706, 34.854021], [137.958859, 34.853644], [137.959173, 34.853362], [137.959199, 34.852953], [137.958843, 34.852173], [137.958386, 34.851674], [137.958232, 34.851146], [137.957934, 34.850829], [137.957797, 34.850071], [137.956834, 34.848422], [137.956866, 34.848155], [137.957741, 34.846872], [137.957759, 34.845297], [137.95828, 34.844455], [137.958449, 34.842992], [137.958092, 34.842871], [137.956621, 34.842865], [137.955061, 34.841825], [137.95497, 34.840048], [137.954677, 34.839689], [137.953144, 34.838977], [137.953168, 34.838067], [137.953381, 34.837713], [137.953649, 34.836371], [137.953021, 34.836052], [137.951442, 34.835881], [137.950626, 34.834657], [137.950585, 34.833947], [137.951287, 34.833342], [137.951433, 34.83263], [137.951794, 34.831997], [137.9517, 34.831429], [137.951324, 34.831248], [137.950283, 34.831569], [137.949885, 34.831482], [137.949237, 34.831657], [137.948892, 34.831327], [137.948409, 34.831367], [137.947456, 34.830971], [137.947584, 34.83055], [137.948141, 34.830211], [137.948251, 34.829176], [137.948016, 34.828762], [137.947314, 34.828519], [137.946416, 34.827495], [137.946419, 34.826871], [137.945406, 34.824946], [137.945471, 34.824639], [137.945821, 34.824194], [137.945436, 34.823908], [137.944592, 34.823627], [137.943907, 34.822804], [137.942862, 34.822464], [137.942287, 34.82186], [137.941374, 34.821276], [137.941002, 34.820801], [137.941712, 34.819307], [137.942533, 34.819112], [137.942764, 34.818737], [137.942605, 34.818284], [137.942268, 34.818021], [137.942378, 34.817883], [137.942252, 34.817256], [137.941582, 34.816907], [137.941225, 34.816068], [137.941374, 34.815861], [137.941766, 34.815676], [137.942625, 34.81564], [137.943261, 34.815063], [137.943676, 34.814282], [137.94367, 34.813916], [137.944017, 34.813533], [137.944057, 34.812999], [137.944402, 34.812566], [137.943933, 34.810525], [137.944353, 34.810084], [137.944819, 34.809833], [137.944641, 34.809624], [137.944644, 34.809016], [137.943867, 34.808313], [137.94387, 34.807669], [137.943481, 34.806989], [137.943352, 34.805943], [137.943003, 34.805633], [137.942335, 34.805328], [137.942496, 34.804796], [137.942827, 34.804402], [137.942752, 34.803793], [137.943036, 34.803046], [137.942215, 34.800784], [137.941937, 34.800479], [137.941833, 34.800095], [137.940436, 34.798587], [137.940174, 34.797941], [137.939806, 34.79761], [137.940132, 34.796685], [137.939504, 34.796272], [137.939473, 34.795826], [137.939097, 34.795263], [137.939229, 34.794629], [137.938672, 34.794378], [137.938387, 34.794105], [137.938702, 34.793394], [137.937778, 34.792683], [137.937413, 34.792544], [137.937293, 34.792274], [137.937349, 34.79143], [137.937719, 34.790849], [137.937445, 34.790116], [137.938562, 34.788997], [137.938963, 34.788412], [137.939155, 34.787734], [137.939587, 34.786961], [137.940021, 34.78643], [137.940396, 34.78626], [137.940798, 34.785853], [137.941134, 34.785756], [137.941519, 34.785351], [137.942609, 34.785111], [137.943405, 34.784529], [137.94416, 34.784239], [137.944429, 34.783915], [137.94451, 34.783577], [137.945201, 34.78319], [137.9465, 34.781415], [137.94816, 34.779859], [137.949629, 34.778163], [137.950065, 34.777496], [137.950478, 34.776457], [137.951566, 34.772842], [137.952334, 34.771911], [137.953919, 34.770957], [137.95575, 34.769641], [137.956634, 34.768887], [137.957229, 34.768159], [137.957904, 34.768036], [137.958982, 34.767482], [137.96051, 34.767033], [137.962202, 34.765884], [137.962556, 34.765438], [137.96295, 34.764446], [137.962937, 34.763528], [137.962068, 34.763476], [137.961367, 34.762394], [137.961151, 34.761467], [137.960394, 34.760457], [137.960896, 34.759596], [137.960732, 34.758683], [137.960363, 34.758296], [137.960088, 34.758199], [137.958892, 34.75849], [137.958445, 34.758387], [137.957369, 34.755879], [137.958668, 34.755291], [137.95961, 34.755675], [137.960871, 34.755954], [137.960991, 34.755902], [137.961056, 34.754982], [137.961335, 34.754775], [137.962675, 34.754549], [137.964463, 34.754481], [137.964968, 34.754147], [137.965384, 34.753538], [137.965305, 34.753264], [137.965052, 34.753203], [137.965141, 34.752932], [137.965632, 34.753], [137.965764, 34.752699], [137.96638, 34.752799], [137.966474, 34.752497], [137.967034, 34.752129], [137.966893, 34.751904], [137.966449, 34.751855], [137.96651, 34.751552], [137.967289, 34.75171], [137.967673, 34.751662], [137.967771, 34.751482], [137.968758, 34.751902], [137.968904, 34.751627], [137.972498, 34.753226], [137.973034, 34.752581], [137.973064, 34.751659], [137.972423, 34.750778], [137.972343, 34.75026], [137.973701, 34.749418], [137.974132, 34.748792], [137.97504, 34.748436], [137.976717, 34.747498], [137.978056, 34.746235], [137.978245, 34.746232], [137.979091, 34.746662], [137.980545, 34.746843], [137.98109, 34.746762], [137.981759, 34.746077], [137.982593, 34.746169], [137.982994, 34.746022], [137.983721, 34.745557], [137.984015, 34.745226], [137.984515, 34.745104], [137.984947, 34.744252], [137.985495, 34.743886], [137.985819, 34.743131], [137.987293, 34.743679], [137.987602, 34.74396], [137.988897, 34.744411], [137.989032, 34.744649], [137.989767, 34.744919], [137.990115, 34.745437], [137.990661, 34.745779], [137.991497, 34.745903], [137.992177, 34.746737], [137.992358, 34.746765], [137.993258, 34.746496], [137.993469, 34.746138], [137.993776, 34.746097], [137.995123, 34.746342], [137.995074, 34.745543], [137.995712, 34.744969], [137.995924, 34.744403], [137.995781, 34.744047], [137.995933, 34.744012], [137.996414, 34.743991], [137.996784, 34.744164], [137.997574, 34.744243], [137.99855, 34.745156], [137.999193, 34.745115], [137.999656, 34.745386], [137.999992, 34.745237], [138.000353, 34.745312], [138.000686, 34.745012], [138.001241, 34.74495], [138.001389, 34.744819], [138.001461, 34.743901], [138.001797, 34.743282], [138.001627, 34.742644], [138.002099, 34.742046], [138.004752, 34.741021], [138.005372, 34.74104], [138.00588, 34.740778], [138.006522, 34.740983], [138.006844, 34.740772], [138.007876, 34.740622], [138.007982, 34.740293], [138.007696, 34.740065], [138.007512, 34.73963], [138.007741, 34.73947], [138.007912, 34.739055], [138.008444, 34.738797], [138.008515, 34.738319], [138.009098, 34.737776], [138.008893, 34.737558], [138.009016, 34.737329], [138.009638, 34.737244], [138.009666, 34.736987], [138.009419, 34.73664], [138.008442, 34.736138], [138.008195, 34.735317], [138.006885, 34.734889], [138.006542, 34.734493], [138.0065, 34.733937], [138.006353, 34.733718], [138.005273, 34.733203], [138.005001, 34.732914], [138.004457, 34.732766], [138.003481, 34.732914], [138.003312, 34.732837], [138.002738, 34.731928], [138.002159, 34.731651], [138.001156, 34.731418], [138.000473, 34.73093], [137.999611, 34.730612], [137.998971, 34.730717], [137.996553, 34.72992], [137.995581, 34.729906], [137.995006, 34.729557], [137.994624, 34.729025], [137.993654, 34.728656], [137.992344, 34.728607], [137.991655, 34.728444], [137.990889, 34.727887], [137.989831, 34.727722], [137.989349, 34.727289], [137.988679, 34.727046], [137.986667, 34.726943], [137.984981, 34.725742], [137.983986, 34.725284], [137.983967, 34.724381], [137.98373, 34.723951], [137.981953, 34.723712], [137.98069, 34.723257], [137.978717, 34.723206], [137.977356, 34.721579], [137.976643, 34.720307], [137.976413, 34.718584], [137.975707, 34.716192], [137.975709, 34.715669], [137.977507, 34.716649], [137.97792, 34.717372], [137.978323, 34.717538], [137.978732, 34.717448], [137.979317, 34.716814], [137.980125, 34.716996], [137.980866, 34.716013], [137.981176, 34.716652], [137.981624, 34.716991], [137.983524, 34.717319], [137.984115, 34.717971], [137.984597, 34.717781], [137.982985, 34.715778], [137.982571, 34.714811], [137.981117, 34.713769], [137.978277, 34.711413], [137.977992, 34.710251], [137.979936, 34.710142], [137.980993, 34.710393], [137.982072, 34.71037], [137.98466, 34.710711], [137.985136, 34.7101], [137.985559, 34.709865], [137.985454, 34.708795], [137.985047, 34.708714], [137.984474, 34.708954], [137.983757, 34.708664], [137.982243, 34.7085], [137.981878, 34.708285], [137.981333, 34.707699], [137.98048, 34.707402], [137.979927, 34.706999], [137.979138, 34.706852], [137.97792, 34.706255], [137.976999, 34.706286], [137.976692, 34.705878], [137.975694, 34.705155], [137.97529, 34.705213], [137.975037, 34.705389], [137.973962, 34.705026], [137.972619, 34.704843], [137.972083, 34.704536], [137.971693, 34.704031], [137.971006, 34.703989], [137.970944, 34.703109], [137.97025, 34.702215], [137.969044, 34.701753], [137.968496, 34.701672], [137.967077, 34.701018], [137.966735, 34.70059], [137.96505, 34.699899], [137.964835, 34.699917], [137.964656, 34.699706], [137.964782, 34.699094], [137.964803, 34.696522], [137.964623, 34.695931], [137.964771, 34.695395], [137.965177, 34.6949], [137.964516, 34.693425], [137.964392, 34.692102], [137.961182, 34.692181], [137.961111, 34.690001], [137.956059, 34.690071], [137.955581, 34.689812], [137.954891, 34.689085], [137.954581, 34.688947], [137.954596, 34.688152], [137.952522, 34.688032], [137.95269, 34.687331], [137.953135, 34.686647], [137.955606, 34.684443], [137.955172, 34.682631], [137.957833, 34.681669], [137.957779, 34.681347], [137.959043, 34.680878], [137.958989, 34.680406], [137.95983, 34.680264], [137.960172, 34.679924], [137.961245, 34.679328], [137.962866, 34.678985], [137.963066, 34.679312], [137.963695, 34.679266], [137.964207, 34.679025], [137.964797, 34.678532], [137.965176, 34.677539], [137.965205, 34.675649], [137.966519, 34.674547], [137.967297, 34.673636], [137.967532, 34.673006], [137.967503, 34.671262], [137.967698, 34.669989], [137.967864, 34.669656], [137.968548, 34.66913], [137.968982, 34.668558], [137.969172, 34.667502], [137.970108, 34.66549], [137.972023, 34.665299], [137.97295, 34.665332], [137.974593, 34.664938], [137.975962, 34.664931], [137.976058, 34.664668], [137.977244, 34.664544], [137.980516, 34.663835], [137.986078, 34.663418], [137.986984, 34.663075], [137.990195, 34.662737], [137.990597, 34.662523], [137.992144, 34.662394], [137.992853, 34.662146], [137.994271, 34.662304], [137.995477, 34.661791], [137.996642, 34.661876], [137.997006, 34.661681], [137.998713, 34.661521], [137.999727, 34.661149], [138.000932, 34.661102], [138.001582, 34.660765], [138.002723, 34.660552], [138.006611, 34.660068], [138.008824, 34.659314], [138.010417, 34.659218], [138.013086, 34.658824], [138.015361, 34.658064], [138.017601, 34.657794], [138.019276, 34.657389], [138.024682, 34.656398], [138.026956, 34.655761], [138.029292, 34.655221], [138.03177, 34.654804], [138.034126, 34.654072], [138.037585, 34.653391], [138.039328, 34.652913], [138.043277, 34.652265], [138.04389, 34.652029], [138.04468, 34.651528], [138.04788, 34.651049], [138.050645, 34.650143], [138.053164, 34.649546], [138.056527, 34.648285], [138.058114, 34.64806], [138.060293, 34.647497], [138.060926, 34.647508], [138.062416, 34.647063], [138.063159, 34.646675], [138.063704, 34.646185], [138.064433, 34.646179], [138.069254, 34.645008], [138.069893, 34.644721], [138.077267, 34.642683], [138.078248, 34.642279], [138.07883, 34.646259], [138.080084, 34.650407], [138.080069, 34.651164], [138.080597, 34.653082], [138.080789, 34.655501], [138.081198, 34.656391], [138.081289, 34.656951], [138.081006, 34.657237], [138.082671, 34.658606], [138.08312, 34.660149], [138.083512, 34.660882], [138.084384, 34.660961], [138.084589, 34.661642], [138.085381, 34.662204], [138.085318, 34.663066], [138.085437, 34.6635], [138.085419, 34.663672], [138.084865, 34.66421], [138.084924, 34.665446], [138.084723, 34.666375], [138.084871, 34.666854], [138.084578, 34.6695], [138.085532, 34.669248], [138.086847, 34.672853], [138.085488, 34.674314], [138.086089, 34.674969], [138.085029, 34.675144], [138.085572, 34.676857], [138.084344, 34.677202], [138.084311, 34.677466], [138.079758, 34.677092], [138.079568, 34.677761], [138.078834, 34.677582], [138.078143, 34.677715], [138.077783, 34.681147], [138.073121, 34.6795], [138.073566, 34.678593], [138.073181, 34.677838], [138.073212, 34.677571], [138.069183, 34.676637], [138.068719, 34.67685], [138.068625, 34.67712], [138.068572, 34.677743], [138.068924, 34.678084], [138.07023, 34.677964], [138.072125, 34.678298], [138.072483, 34.678529], [138.07194, 34.679466], [138.070784, 34.680576], [138.072136, 34.683306], [138.071672, 34.684332], [138.071921, 34.684457], [138.071588, 34.685298], [138.07193, 34.685591], [138.071974, 34.685778], [138.069694, 34.689147], [138.069267, 34.688955], [138.068916, 34.689445], [138.07007, 34.69007], [138.068704, 34.691883], [138.06863, 34.692379], [138.067922, 34.693399], [138.068159, 34.693574], [138.066819, 34.695126], [138.068, 34.695816], [138.069137, 34.696857], [138.069924, 34.696441], [138.071184, 34.69543], [138.072462, 34.695689], [138.073386, 34.696328], [138.072548, 34.697672], [138.073167, 34.697916], [138.073064, 34.698317], [138.073145, 34.698512], [138.075215, 34.699579], [138.076706, 34.699513], [138.077721, 34.700058], [138.078271, 34.700541], [138.078573, 34.701057], [138.078719, 34.701617], [138.078561, 34.702362], [138.0781, 34.702974], [138.075581, 34.704947], [138.074857, 34.704319], [138.073809, 34.704233], [138.073484, 34.704233], [138.073214, 34.704436], [138.0722, 34.704769], [138.071061, 34.705542], [138.070134, 34.706592], [138.069482, 34.706946], [138.069508, 34.707345], [138.069245, 34.707666], [138.06823, 34.708001], [138.067977, 34.708201], [138.067292, 34.709086], [138.067823, 34.709681], [138.067326, 34.710501], [138.06746, 34.710935], [138.067339, 34.711134], [138.06691, 34.711324], [138.066782, 34.711583], [138.067163, 34.712368], [138.066004, 34.712749], [138.065421, 34.713495], [138.064706, 34.713393], [138.064505, 34.713887], [138.06462, 34.714476], [138.064315, 34.714748], [138.064357, 34.715332], [138.063714, 34.715932], [138.06281, 34.716246], [138.06153, 34.715979], [138.061061, 34.716124], [138.060528, 34.716479], [138.060495, 34.717188], [138.06031, 34.71738], [138.059861, 34.71753], [138.059771, 34.717932], [138.0586, 34.718439], [138.058354, 34.718707], [138.057966, 34.719855], [138.058125, 34.720067], [138.058083, 34.720302], [138.057767, 34.720662], [138.057681, 34.721189], [138.057337, 34.721267], [138.056884, 34.721588], [138.057337, 34.722174], [138.056582, 34.722765], [138.056801, 34.723276], [138.056524, 34.723654], [138.056926, 34.724259], [138.056582, 34.724628], [138.056597, 34.725381], [138.056234, 34.725837], [138.055689, 34.726009], [138.055094, 34.726618], [138.054325, 34.726521], [138.054127, 34.726648], [138.054306, 34.727403], [138.053621, 34.728197], [138.053893, 34.728423], [138.054228, 34.729296], [138.0542, 34.729409], [138.053588, 34.729487], [138.053412, 34.729616], [138.053636, 34.73038], [138.053377, 34.731315], [138.053273, 34.731417], [138.0526, 34.731364], [138.052245, 34.731523], [138.051548, 34.731274], [138.051251, 34.731655], [138.051285, 34.731855], [138.050734, 34.731961], [138.04995, 34.733005], [138.049214, 34.733211], [138.048321, 34.733054], [138.048064, 34.733307], [138.047611, 34.733328], [138.047186, 34.733496], [138.04612, 34.734087], [138.046075, 34.734715], [138.045824, 34.734997], [138.045262, 34.735348], [138.043791, 34.735929], [138.043535, 34.736591], [138.045156, 34.736916], [138.045456, 34.736781], [138.047247, 34.736651], [138.047776, 34.736335], [138.048294, 34.736306], [138.048558, 34.736667], [138.049094, 34.736842], [138.049924, 34.736376], [138.050527, 34.736227], [138.05139, 34.736612], [138.051965, 34.736672], [138.052201, 34.736976], [138.052039, 34.737137], [138.048657, 34.739946], [138.048537, 34.740257], [138.048607, 34.740951], [138.048154, 34.741186], [138.047927, 34.741568], [138.047596, 34.741801], [138.047629, 34.742068], [138.048411, 34.742069], [138.048777, 34.741934], [138.049287, 34.74198], [138.049756, 34.741767], [138.051448, 34.741749], [138.05194, 34.74154], [138.052537, 34.741464], [138.052821, 34.741176], [138.054037, 34.741217], [138.055673, 34.740902], [138.056531, 34.741501], [138.057087, 34.741715], [138.057466, 34.742177], [138.059692, 34.743778], [138.060434, 34.744504], [138.061899, 34.745629], [138.061188, 34.746662], [138.060512, 34.746989], [138.060042, 34.747397], [138.06004, 34.747837], [138.05975, 34.748183], [138.059828, 34.749028], [138.06081, 34.750204], [138.060747, 34.750536], [138.061074, 34.751314], [138.061072, 34.75216], [138.06015, 34.752706], [138.058781, 34.752596], [138.058244, 34.753313], [138.057195, 34.754073], [138.055947, 34.754671], [138.054789, 34.755057], [138.055043, 34.755868], [138.054497, 34.756712], [138.055491, 34.758059], [138.05569, 34.758404], [138.055731, 34.758851], [138.055161, 34.759497], [138.054626, 34.759652], [138.054661, 34.760168], [138.054334, 34.761042], [138.053442, 34.761117], [138.053587, 34.761766], [138.053069, 34.761836], [138.052492, 34.762149], [138.051603, 34.762142], [138.051272, 34.762401], [138.051185, 34.762862], [138.051311, 34.763086], [138.050759, 34.764153], [138.050651, 34.764995], [138.050955, 34.765316], [138.052096, 34.765678], [138.052903, 34.766523], [138.05347, 34.766636], [138.053899, 34.767642], [138.053892, 34.768632], [138.053705, 34.769419], [138.053904, 34.769897], [138.054928, 34.770594], [138.055422, 34.770698], [138.056675, 34.77008], [138.057409, 34.770196], [138.059789, 34.769605], [138.06019, 34.76967], [138.061186, 34.769532], [138.062128, 34.769742], [138.063001, 34.76953], [138.062352, 34.771041], [138.062176, 34.77268], [138.062539, 34.773302], [138.063354, 34.774094], [138.063457, 34.774594], [138.064632, 34.775221], [138.065821, 34.775489], [138.06638, 34.775516], [138.067003, 34.77513], [138.06748, 34.775176], [138.067837, 34.775861], [138.069021, 34.776522], [138.069056, 34.777019], [138.069249, 34.777294], [138.070601, 34.777553], [138.070821, 34.778125], [138.071443, 34.778779], [138.072116, 34.778745], [138.072699, 34.778897], [138.074346, 34.780019], [138.074784, 34.780063], [138.075141, 34.779776], [138.075449, 34.779812], [138.075826, 34.780394], [138.076469, 34.780876], [138.076801, 34.781371], [138.076903, 34.782657], [138.076207, 34.783625], [138.076251, 34.784129], [138.076371, 34.784291], [138.076997, 34.784407], [138.07757, 34.785464], [138.078252, 34.785508], [138.078687, 34.785759], [138.078838, 34.786137], [138.078543, 34.786922], [138.078707, 34.787682], [138.079084, 34.787907], [138.080275, 34.787972], [138.081174, 34.788426], [138.081557, 34.789007], [138.082893, 34.790456], [138.083363, 34.791442], [138.083684, 34.79178], [138.0846, 34.791937], [138.084991, 34.792893], [138.085126, 34.793825], [138.084874, 34.795113], [138.085064, 34.795782], [138.08478, 34.797631], [138.085254, 34.798113], [138.085403, 34.798526], [138.086389, 34.799161], [138.087713, 34.799607], [138.087967, 34.800046], [138.088131, 34.801248], [138.089152, 34.802151], [138.089324, 34.802762], [138.089938, 34.802955], [138.091474, 34.803824], [138.091749, 34.803857], [138.09261, 34.80351], [138.093253, 34.803493], [138.095217, 34.804179], [138.096115, 34.804111], [138.097648, 34.804772], [138.098134, 34.805294], [138.098962, 34.807266], [138.099845, 34.808506], [138.099997, 34.809037], [138.100732, 34.810384]]]}}, {"type": "Feature", "properties": {"pref_code": "22", "pref_name": "静岡県", "municipality_code": "22214", "municipality_name": "藤枝市", "ward_name": "", "display_name": "藤枝市", "geometry_key": "22214"}, "geometry": {"type": "Polygon", "coordinates": [[[138.292083, 34.949564], [138.290814, 34.950194], [138.290084, 34.950301], [138.286807, 34.951373], [138.287322, 34.952087], [138.287597, 34.952945], [138.287364, 34.953614], [138.287447, 34.954514], [138.287179, 34.954898], [138.286021, 34.955719], [138.285886, 34.955973], [138.285889, 34.957438], [138.286275, 34.95796], [138.286362, 34.958795], [138.28591, 34.959416], [138.285458, 34.959631], [138.285284, 34.959845], [138.284908, 34.961423], [138.283281, 34.963009], [138.282936, 34.964906], [138.283047, 34.965857], [138.283844, 34.967166], [138.283649, 34.967598], [138.282574, 34.967824], [138.281684, 34.967874], [138.281187, 34.968803], [138.280342, 34.969477], [138.278836, 34.970335], [138.278613, 34.970999], [138.27846, 34.97108], [138.276697, 34.971224], [138.275546, 34.970826], [138.274774, 34.970409], [138.274402, 34.970392], [138.274054, 34.970598], [138.273633, 34.971427], [138.27306, 34.971591], [138.272392, 34.972189], [138.271981, 34.973064], [138.271279, 34.973123], [138.270528, 34.973391], [138.269721, 34.973504], [138.26817, 34.973295], [138.267648, 34.973639], [138.267144, 34.975223], [138.266602, 34.975931], [138.266866, 34.976868], [138.267822, 34.978423], [138.267704, 34.979713], [138.266751, 34.980587], [138.265026, 34.981428], [138.264908, 34.981886], [138.265131, 34.982814], [138.264995, 34.98324], [138.264585, 34.98374], [138.263378, 34.984606], [138.262794, 34.985207], [138.263583, 34.985819], [138.263729, 34.98611], [138.263006, 34.988402], [138.262662, 34.988904], [138.260829, 34.989482], [138.260791, 34.990143], [138.260992, 34.990907], [138.260613, 34.991904], [138.260397, 34.992135], [138.259879, 34.992358], [138.258627, 34.992629], [138.257626, 34.992039], [138.256367, 34.991794], [138.255428, 34.991319], [138.254044, 34.990958], [138.253773, 34.991102], [138.253213, 34.992296], [138.251981, 34.992857], [138.251241, 34.992897], [138.249846, 34.993252], [138.249519, 34.993447], [138.249484, 34.993721], [138.249345, 34.993789], [138.24825, 34.993379], [138.24761, 34.993388], [138.247314, 34.993594], [138.245157, 34.996486], [138.244388, 34.997298], [138.243665, 34.997873], [138.242138, 34.998752], [138.240603, 34.999985], [138.240474, 35.001776], [138.240137, 35.002579], [138.238718, 35.002741], [138.238392, 35.002878], [138.237973, 35.003288], [138.234765, 35.003621], [138.234401, 35.003971], [138.234229, 35.004497], [138.233432, 35.003974], [138.231769, 35.003945], [138.230947, 35.004038], [138.230103, 35.004424], [138.22971, 35.004369], [138.228305, 35.005097], [138.227879, 35.006629], [138.227486, 35.007104], [138.226953, 35.007044], [138.225587, 35.006492], [138.224379, 35.006461], [138.223274, 35.005427], [138.222366, 35.004963], [138.221851, 35.004891], [138.219921, 35.005381], [138.218887, 35.004487], [138.216664, 35.003852], [138.21548, 35.003713], [138.21503, 35.003768], [138.216088, 35.006301], [138.215995, 35.007589], [138.216356, 35.008151], [138.216531, 35.009321], [138.21691, 35.010202], [138.216678, 35.010832], [138.216621, 35.011885], [138.216417, 35.012572], [138.216388, 35.013701], [138.216159, 35.014162], [138.215362, 35.01476], [138.215237, 35.015682], [138.215044, 35.015712], [138.214046, 35.015271], [138.213231, 35.01525], [138.212738, 35.014557], [138.21119, 35.013939], [138.212159, 35.012668], [138.212262, 35.01194], [138.211111, 35.011641], [138.210564, 35.010794], [138.20976, 35.010008], [138.208994, 35.00876], [138.208769, 35.008601], [138.208254, 35.009082], [138.207303, 35.009387], [138.203603, 35.00981], [138.202041, 35.009566], [138.201426, 35.00959], [138.200435, 35.009114], [138.19859, 35.010338], [138.196996, 35.010387], [138.1946, 35.011298], [138.194393, 35.011432], [138.193925, 35.012308], [138.193452, 35.01283], [138.191933, 35.01408], [138.190753, 35.014782], [138.190413, 35.01511], [138.189743, 35.015136], [138.188762, 35.015438], [138.188288, 35.014874], [138.186786, 35.014446], [138.184979, 35.013652], [138.184038, 35.012488], [138.184905, 35.011146], [138.185039, 35.010438], [138.184761, 35.009617], [138.185631, 35.00884], [138.186041, 35.007509], [138.186505, 35.007114], [138.188, 35.006345], [138.188171, 35.005958], [138.18879, 35.005497], [138.189697, 35.00225], [138.18942, 35.001269], [138.189504, 35.000476], [138.188579, 34.999725], [138.188355, 34.999003], [138.187489, 34.997901], [138.187425, 34.997246], [138.184823, 34.996419], [138.183916, 34.993976], [138.182389, 34.992257], [138.182124, 34.991768], [138.181874, 34.990678], [138.181168, 34.989652], [138.181131, 34.988864], [138.181382, 34.987883], [138.181216, 34.987221], [138.181508, 34.985772], [138.181404, 34.984448], [138.181682, 34.984081], [138.181929, 34.98336], [138.181722, 34.981736], [138.181824, 34.980431], [138.180815, 34.979919], [138.176277, 34.978521], [138.175402, 34.977257], [138.174094, 34.975871], [138.173802, 34.97571], [138.172798, 34.975407], [138.172046, 34.97539], [138.171256, 34.97559], [138.169967, 34.975173], [138.168689, 34.974979], [138.167224, 34.974042], [138.165165, 34.973467], [138.164983, 34.972392], [138.165026, 34.97095], [138.164806, 34.970631], [138.164785, 34.970004], [138.164279, 34.969289], [138.16455, 34.968096], [138.164547, 34.967144], [138.164266, 34.966716], [138.163672, 34.966237], [138.163243, 34.966018], [138.162718, 34.965929], [138.161249, 34.964909], [138.160792, 34.96449], [138.160524, 34.964027], [138.160642, 34.963207], [138.160417, 34.96253], [138.160529, 34.961636], [138.160165, 34.960872], [138.160251, 34.958899], [138.160337, 34.958678], [138.161619, 34.957968], [138.162601, 34.956777], [138.162186, 34.955851], [138.162264, 34.955249], [138.16213, 34.95395], [138.161784, 34.953467], [138.16179, 34.952702], [138.161556, 34.952425], [138.160949, 34.951907], [138.160001, 34.951727], [138.158233, 34.950465], [138.157542, 34.949681], [138.157454, 34.949404], [138.157904, 34.948451], [138.157414, 34.947628], [138.158576, 34.946011], [138.158482, 34.945045], [138.159036, 34.944112], [138.159213, 34.942854], [138.159459, 34.942495], [138.160081, 34.942051], [138.160256, 34.941541], [138.160181, 34.941336], [138.159263, 34.940552], [138.159287, 34.939876], [138.158999, 34.939051], [138.158757, 34.938679], [138.158147, 34.938286], [138.157976, 34.937999], [138.157962, 34.936839], [138.157481, 34.936088], [138.157831, 34.935013], [138.157347, 34.933787], [138.156206, 34.933041], [138.155743, 34.932158], [138.154922, 34.931226], [138.154544, 34.930901], [138.153446, 34.93033], [138.153008, 34.929715], [138.151694, 34.928459], [138.151672, 34.928008], [138.152074, 34.927562], [138.152446, 34.92588], [138.152775, 34.92521], [138.152537, 34.924592], [138.152649, 34.924242], [138.15243, 34.922744], [138.152483, 34.922023], [138.155677, 34.918798], [138.157714, 34.916966], [138.160272, 34.916593], [138.162503, 34.916691], [138.164043, 34.916323], [138.164226, 34.916198], [138.164154, 34.915364], [138.164675, 34.914154], [138.165834, 34.913633], [138.166056, 34.912881], [138.166109, 34.911021], [138.166408, 34.910531], [138.167162, 34.909877], [138.166524, 34.909263], [138.166669, 34.908809], [138.16511, 34.907641], [138.164825, 34.907089], [138.164921, 34.906756], [138.164019, 34.906067], [138.163922, 34.905448], [138.163029, 34.903365], [138.163111, 34.902425], [138.162822, 34.901751], [138.164116, 34.901603], [138.16497, 34.901195], [138.165549, 34.900549], [138.16581, 34.899335], [138.167244, 34.899241], [138.168673, 34.898767], [138.170058, 34.898517], [138.170073, 34.897741], [138.170213, 34.897487], [138.171265, 34.897193], [138.172872, 34.896116], [138.174219, 34.895392], [138.174605, 34.8954], [138.175643, 34.896034], [138.177878, 34.896673], [138.179312, 34.896058], [138.179809, 34.895204], [138.180261, 34.894724], [138.180567, 34.894029], [138.18246, 34.891989], [138.184545, 34.890814], [138.185785, 34.889843], [138.186292, 34.890117], [138.187161, 34.890959], [138.18839, 34.889767], [138.189454, 34.889338], [138.189744, 34.889095], [138.190043, 34.888371], [138.190106, 34.887519], [138.190507, 34.886765], [138.190676, 34.885841], [138.191014, 34.88541], [138.192138, 34.884678], [138.193761, 34.883911], [138.194519, 34.883131], [138.195498, 34.882458], [138.196497, 34.882916], [138.197144, 34.883014], [138.198134, 34.881236], [138.198487, 34.88086], [138.198906, 34.880696], [138.199215, 34.880269], [138.199529, 34.879584], [138.199375, 34.87772], [138.199582, 34.876686], [138.199088, 34.875911], [138.198969, 34.875197], [138.199066, 34.874599], [138.199742, 34.873557], [138.199573, 34.873036], [138.198942, 34.872695], [138.198844, 34.872521], [138.19896, 34.869903], [138.199298, 34.868807], [138.19966, 34.868521], [138.200543, 34.868301], [138.200954, 34.867867], [138.201204, 34.867291], [138.201079, 34.866089], [138.20175, 34.865298], [138.202971, 34.864746], [138.204506, 34.864734], [138.204975, 34.864542], [138.205322, 34.86372], [138.206003, 34.863375], [138.206071, 34.862365], [138.20656, 34.861649], [138.206828, 34.861577], [138.208151, 34.861927], [138.208784, 34.861977], [138.209339, 34.861363], [138.210372, 34.860697], [138.210565, 34.860326], [138.210705, 34.859612], [138.210439, 34.859103], [138.210438, 34.858671], [138.20972, 34.85767], [138.209614, 34.856859], [138.209225, 34.856416], [138.209025, 34.855692], [138.209068, 34.85483], [138.208638, 34.854227], [138.209103, 34.853114], [138.209201, 34.85243], [138.209203, 34.851776], [138.208953, 34.851334], [138.210328, 34.85037], [138.211004, 34.850456], [138.212196, 34.850232], [138.213784, 34.848854], [138.21475, 34.848501], [138.216198, 34.847414], [138.216869, 34.847144], [138.217577, 34.847061], [138.2181, 34.846559], [138.21865, 34.846434], [138.219362, 34.846005], [138.220266, 34.845672], [138.221102, 34.844906], [138.220967, 34.844233], [138.216599, 34.842862], [138.216685, 34.842236], [138.21543, 34.841766], [138.21544, 34.84157], [138.214044, 34.840877], [138.213639, 34.840183], [138.211983, 34.839471], [138.211756, 34.838971], [138.212336, 34.838926], [138.212601, 34.838335], [138.212529, 34.837614], [138.213262, 34.837179], [138.215502, 34.838981], [138.216588, 34.83931], [138.216782, 34.839236], [138.217694, 34.839306], [138.218495, 34.839177], [138.220243, 34.840077], [138.221252, 34.840234], [138.223337, 34.839729], [138.223868, 34.839427], [138.224834, 34.83922], [138.225682, 34.839339], [138.226629, 34.839232], [138.227585, 34.839318], [138.229009, 34.839991], [138.230023, 34.84016], [138.230684, 34.840226], [138.231071, 34.839886], [138.232452, 34.840557], [138.232776, 34.840169], [138.232905, 34.840238], [138.233045, 34.840023], [138.233248, 34.839964], [138.233552, 34.839212], [138.233479, 34.839102], [138.232894, 34.839023], [138.232828, 34.838656], [138.232254, 34.838652], [138.232282, 34.837215], [138.232596, 34.836737], [138.231577, 34.836414], [138.230502, 34.832816], [138.230365, 34.83259], [138.229415, 34.832273], [138.229369, 34.831833], [138.228384, 34.831532], [138.228511, 34.829748], [138.223418, 34.829274], [138.222656, 34.828947], [138.22, 34.828252], [138.218397, 34.82487], [138.21842, 34.824722], [138.221822, 34.8239], [138.224277, 34.823017], [138.234098, 34.817502], [138.236778, 34.815806], [138.240531, 34.818438], [138.243191, 34.816444], [138.243721, 34.816699], [138.244617, 34.816108], [138.247913, 34.817936], [138.249227, 34.81893], [138.250275, 34.818536], [138.250584, 34.818725], [138.251189, 34.819407], [138.252365, 34.82032], [138.251304, 34.820911], [138.251209, 34.820999], [138.251332, 34.821191], [138.251506, 34.821154], [138.251663, 34.821345], [138.253232, 34.820984], [138.253481, 34.821264], [138.254063, 34.820984], [138.256027, 34.823067], [138.256067, 34.823258], [138.255407, 34.823441], [138.255719, 34.823858], [138.256846, 34.823915], [138.2581, 34.823608], [138.25845, 34.824693], [138.261874, 34.823602], [138.262094, 34.823481], [138.262112, 34.823294], [138.262608, 34.823089], [138.26262, 34.822774], [138.263419, 34.822288], [138.264884, 34.82167], [138.269697, 34.821217], [138.270872, 34.821197], [138.272071, 34.821387], [138.273763, 34.821232], [138.274326, 34.821502], [138.274951, 34.821536], [138.275081, 34.821948], [138.275847, 34.822344], [138.275471, 34.823027], [138.27577, 34.823347], [138.276936, 34.823178], [138.277349, 34.82348], [138.277796, 34.823409], [138.278255, 34.823542], [138.278433, 34.823393], [138.279199, 34.823524], [138.277644, 34.824881], [138.277834, 34.825404], [138.278144, 34.825761], [138.279336, 34.826767], [138.279696, 34.826921], [138.280412, 34.826881], [138.280863, 34.827558], [138.281404, 34.8277], [138.282081, 34.82771], [138.282529, 34.827557], [138.282671, 34.827774], [138.283466, 34.827575], [138.283129, 34.828094], [138.283175, 34.828229], [138.283552, 34.827975], [138.283779, 34.828117], [138.283822, 34.828659], [138.283526, 34.828959], [138.28224, 34.829202], [138.280459, 34.830192], [138.278989, 34.830572], [138.278801, 34.830937], [138.27757, 34.831247], [138.277161, 34.833071], [138.276458, 34.833799], [138.276249, 34.833873], [138.276127, 34.834127], [138.275466, 34.835887], [138.274748, 34.838576], [138.274802, 34.838724], [138.275225, 34.83866], [138.276096, 34.838854], [138.277137, 34.839741], [138.277445, 34.840157], [138.278078, 34.840141], [138.278063, 34.840537], [138.27834, 34.840507], [138.278395, 34.841067], [138.279301, 34.841541], [138.284439, 34.842779], [138.284157, 34.844561], [138.283476, 34.844495], [138.283436, 34.844991], [138.281834, 34.84506], [138.281941, 34.84729], [138.282865, 34.847421], [138.282882, 34.849693], [138.283014, 34.850192], [138.282879, 34.850378], [138.283127, 34.850947], [138.279315, 34.85361], [138.278655, 34.855006], [138.277764, 34.855998], [138.278188, 34.856975], [138.278101, 34.857244], [138.278628, 34.857489], [138.278564, 34.858184], [138.278997, 34.858357], [138.280357, 34.861696], [138.281392, 34.861968], [138.281308, 34.86285], [138.280629, 34.863246], [138.280374, 34.863634], [138.276116, 34.863936], [138.275797, 34.864279], [138.275872, 34.864734], [138.277333, 34.865543], [138.27689, 34.866427], [138.277741, 34.866821], [138.277396, 34.867605], [138.277556, 34.867926], [138.278041, 34.868132], [138.278893, 34.869141], [138.279232, 34.869076], [138.280222, 34.870233], [138.279564, 34.870667], [138.279928, 34.871178], [138.280455, 34.871091], [138.280549, 34.871747], [138.280752, 34.872034], [138.281598, 34.872173], [138.281601, 34.872565], [138.281934, 34.872679], [138.281892, 34.873517], [138.283701, 34.873816], [138.286638, 34.873966], [138.286769, 34.874078], [138.287496, 34.874116], [138.288254, 34.873573], [138.288662, 34.873102], [138.289422, 34.873284], [138.291696, 34.874286], [138.293096, 34.874723], [138.293855, 34.874794], [138.294986, 34.877516], [138.296046, 34.878398], [138.295928, 34.878676], [138.295527, 34.878895], [138.295634, 34.879042], [138.295028, 34.879341], [138.294672, 34.878839], [138.292164, 34.879984], [138.29191, 34.879654], [138.290796, 34.880232], [138.293833, 34.884104], [138.296273, 34.886786], [138.297037, 34.889594], [138.297884, 34.891191], [138.297448, 34.891426], [138.295558, 34.891998], [138.294704, 34.891978], [138.29423, 34.892258], [138.293388, 34.893047], [138.293211, 34.89329], [138.293092, 34.894241], [138.293321, 34.895922], [138.29299, 34.896459], [138.293441, 34.896607], [138.294014, 34.896576], [138.294279, 34.896364], [138.296613, 34.895613], [138.298255, 34.895375], [138.299067, 34.895012], [138.299461, 34.895068], [138.299918, 34.895503], [138.300038, 34.896171], [138.300254, 34.896449], [138.303049, 34.898083], [138.303687, 34.89869], [138.305222, 34.900724], [138.305822, 34.902229], [138.307203, 34.902602], [138.307885, 34.90339], [138.310515, 34.90532], [138.312094, 34.906829], [138.312291, 34.906838], [138.312874, 34.906197], [138.313424, 34.905961], [138.314374, 34.905793], [138.315354, 34.905852], [138.31747, 34.905201], [138.318755, 34.904985], [138.319289, 34.905107], [138.319799, 34.905029], [138.320318, 34.904778], [138.321044, 34.904726], [138.321632, 34.905045], [138.321929, 34.905738], [138.322587, 34.906027], [138.323216, 34.907029], [138.323682, 34.907098], [138.324097, 34.907522], [138.324843, 34.907883], [138.325507, 34.908381], [138.325808, 34.908858], [138.325895, 34.909359], [138.325681, 34.911121], [138.326125, 34.911319], [138.326483, 34.911819], [138.326499, 34.912837], [138.327492, 34.913306], [138.326242, 34.914223], [138.32584, 34.914331], [138.324585, 34.914016], [138.323305, 34.914339], [138.322283, 34.914047], [138.321502, 34.9143], [138.320754, 34.914278], [138.319591, 34.914742], [138.318572, 34.914658], [138.317942, 34.914819], [138.317373, 34.914531], [138.316717, 34.914623], [138.316216, 34.914467], [138.31554, 34.914645], [138.315003, 34.914557], [138.314266, 34.914614], [138.313569, 34.915072], [138.313903, 34.915347], [138.314724, 34.915463], [138.315337, 34.915701], [138.316085, 34.91653], [138.317452, 34.917304], [138.317994, 34.918173], [138.31862, 34.918752], [138.31907, 34.91942], [138.319035, 34.919564], [138.31649, 34.921581], [138.316574, 34.921812], [138.316344, 34.923409], [138.316407, 34.924614], [138.316156, 34.925695], [138.316257, 34.926601], [138.315764, 34.927301], [138.315346, 34.928596], [138.315409, 34.930281], [138.314348, 34.931306], [138.31279, 34.932226], [138.311806, 34.932415], [138.31039, 34.933504], [138.309462, 34.933882], [138.30734, 34.933896], [138.306446, 34.93305], [138.305734, 34.932697], [138.305351, 34.93266], [138.304061, 34.932883], [138.302297, 34.933862], [138.30164, 34.933648], [138.301073, 34.934015], [138.299001, 34.934658], [138.298646, 34.934949], [138.297387, 34.935536], [138.29593, 34.9368], [138.294695, 34.937102], [138.293749, 34.938008], [138.293672, 34.938146], [138.294149, 34.938536], [138.293836, 34.939266], [138.293857, 34.940144], [138.294413, 34.940291], [138.294692, 34.9407], [138.293798, 34.941609], [138.293596, 34.942568], [138.293241, 34.942958], [138.292657, 34.943299], [138.292177, 34.94438], [138.291787, 34.944668], [138.292167, 34.946375], [138.29161, 34.94679], [138.291575, 34.947764], [138.291749, 34.948063], [138.292295, 34.948399], [138.292083, 34.949564]]]}}, {"type": "Feature", "properties": {"pref_code": "22", "pref_name": "静岡県", "municipality_code": "22215", "municipality_name": "御殿場市", "ward_name": "", "display_name": "御殿場市", "geometry_key": "22215"}, "geometry": {"type": "Polygon", "coordinates": [[[138.731687, 35.360136], [138.732144, 35.359117], [138.735655, 35.35374], [138.737322, 35.352021], [138.738606, 35.344433], [138.739009, 35.343312], [138.740586, 35.341592], [138.741626, 35.339771], [138.743021, 35.33826], [138.744133, 35.337158], [138.74462, 35.337072], [138.746296, 35.335652], [138.746871, 35.334538], [138.747472, 35.333709], [138.749067, 35.33206], [138.749471, 35.331], [138.751715, 35.331469], [138.751925, 35.331363], [138.756931, 35.327096], [138.757817, 35.326072], [138.758965, 35.32433], [138.762718, 35.322915], [138.766207, 35.321109], [138.76789, 35.319985], [138.773536, 35.315292], [138.772984, 35.306339], [138.775781, 35.301688], [138.777175, 35.300913], [138.777956, 35.299719], [138.77871, 35.299327], [138.779236, 35.298858], [138.780577, 35.298439], [138.780796, 35.298453], [138.781445, 35.298944], [138.782471, 35.298716], [138.783979, 35.297521], [138.785075, 35.297144], [138.785732, 35.296305], [138.785969, 35.295523], [138.787127, 35.294805], [138.788258, 35.293759], [138.788503, 35.293041], [138.788959, 35.292387], [138.789406, 35.292252], [138.790827, 35.292344], [138.792238, 35.291632], [138.793571, 35.291248], [138.793983, 35.291255], [138.794535, 35.29161], [138.794746, 35.29161], [138.795859, 35.29139], [138.79642, 35.291141], [138.797324, 35.290131], [138.797789, 35.289185], [138.799516, 35.28671], [138.799867, 35.285949], [138.80041, 35.28398], [138.798841, 35.281164], [138.796105, 35.276848], [138.795991, 35.27635], [138.797447, 35.274871], [138.798271, 35.273108], [138.799419, 35.272717], [138.800629, 35.2717], [138.801979, 35.271024], [138.803251, 35.27], [138.80489, 35.269261], [138.805802, 35.267974], [138.806635, 35.267149], [138.807547, 35.26658], [138.80859, 35.266388], [138.809256, 35.266061], [138.810151, 35.265982], [138.812159, 35.264326], [138.815701, 35.26429], [138.816665, 35.264724], [138.817463, 35.264838], [138.818471, 35.264653], [138.819181, 35.264347], [138.819795, 35.264567], [138.820566, 35.264553], [138.821127, 35.264198], [138.821759, 35.264169], [138.822942, 35.263665], [138.823565, 35.263921], [138.823714, 35.26412], [138.824161, 35.264212], [138.825082, 35.263764], [138.827904, 35.26503], [138.832095, 35.265521], [138.834971, 35.266004], [138.836391, 35.266481], [138.837513, 35.267085], [138.838328, 35.267334], [138.839748, 35.268629], [138.842072, 35.270122], [138.845, 35.271708], [138.847156, 35.273066], [138.851215, 35.275093], [138.853337, 35.27574], [138.854564, 35.275549], [138.855038, 35.275229], [138.856239, 35.275463], [138.85701, 35.275413], [138.857431, 35.275164], [138.857712, 35.275207], [138.858334, 35.275392], [138.85936, 35.27616], [138.860464, 35.276182], [138.861841, 35.276608], [138.862279, 35.276822], [138.862831, 35.27744], [138.863454, 35.277533], [138.863726, 35.277831], [138.864523, 35.278144], [138.865531, 35.278244], [138.865873, 35.278642], [138.867136, 35.279097], [138.867671, 35.279624], [138.868135, 35.281053], [138.867916, 35.282297], [138.869889, 35.281601], [138.870423, 35.281558], [138.871633, 35.280832], [138.874749, 35.27983], [138.875308, 35.279176], [138.875744, 35.278995], [138.876332, 35.278089], [138.875655, 35.277578], [138.874938, 35.276558], [138.874614, 35.275289], [138.874144, 35.274149], [138.874114, 35.273462], [138.874291, 35.272632], [138.874603, 35.272217], [138.874773, 35.271564], [138.875238, 35.27092], [138.875497, 35.270161], [138.876232, 35.269799], [138.878502, 35.267805], [138.879254, 35.267891], [138.879396, 35.267786], [138.879795, 35.266603], [138.879742, 35.266107], [138.880025, 35.265297], [138.881031, 35.264719], [138.881648, 35.263894], [138.881948, 35.262845], [138.881366, 35.261652], [138.881724, 35.261056], [138.881724, 35.260494], [138.882342, 35.259969], [138.882718, 35.258629], [138.883753, 35.257136], [138.884112, 35.255991], [138.884218, 35.254942], [138.8846, 35.253992], [138.888615, 35.251608], [138.889711, 35.251637], [138.893561, 35.251295], [138.897799, 35.246977], [138.89648, 35.238919], [138.896412, 35.237383], [138.896957, 35.236169], [138.896756, 35.234788], [138.896863, 35.234384], [138.897206, 35.234056], [138.898249, 35.233585], [138.898957, 35.233069], [138.900218, 35.230524], [138.902927, 35.229485], [138.903538, 35.228556], [138.905147, 35.22708], [138.90777, 35.226949], [138.90851, 35.227778], [138.908978, 35.22787], [138.909923, 35.22783], [138.910676, 35.226936], [138.913022, 35.225552], [138.913998, 35.224197], [138.914037, 35.223214], [138.914507, 35.222154], [138.915237, 35.221376], [138.916506, 35.220858], [138.917046, 35.220253], [138.917262, 35.219891], [138.917106, 35.21916], [138.917198, 35.218859], [138.917759, 35.219381], [138.919736, 35.220459], [138.920327, 35.221173], [138.920471, 35.221741], [138.923005, 35.221432], [138.923654, 35.220933], [138.925241, 35.220788], [138.92551, 35.219814], [138.924865, 35.219656], [138.924738, 35.219369], [138.924272, 35.219152], [138.923666, 35.219177], [138.923276, 35.218984], [138.922935, 35.218494], [138.92287, 35.218053], [138.922007, 35.217623], [138.92214, 35.217185], [138.921407, 35.216418], [138.921874, 35.215659], [138.921976, 35.215211], [138.923124, 35.215236], [138.923352, 35.215356], [138.924109, 35.215141], [138.924089, 35.215006], [138.924524, 35.214817], [138.924666, 35.215117], [138.924226, 35.215373], [138.92493, 35.216654], [138.924224, 35.217104], [138.925152, 35.217849], [138.926023, 35.218275], [138.927034, 35.219043], [138.927433, 35.219181], [138.928087, 35.219056], [138.92819, 35.219401], [138.928651, 35.21939], [138.929052, 35.219586], [138.929089, 35.221486], [138.929212, 35.22207], [138.929502, 35.222525], [138.930041, 35.222735], [138.930621, 35.222765], [138.931349, 35.223448], [138.932371, 35.223726], [138.932887, 35.224074], [138.933518, 35.223981], [138.934276, 35.224199], [138.934833, 35.224101], [138.935622, 35.224621], [138.936629, 35.224975], [138.937893, 35.226022], [138.938287, 35.226085], [138.938918, 35.225917], [138.939389, 35.225935], [138.940373, 35.226344], [138.941474, 35.226372], [138.943037, 35.227022], [138.944794, 35.227289], [138.945548, 35.227803], [138.946974, 35.227923], [138.948199, 35.228518], [138.950259, 35.228764], [138.951639, 35.229138], [138.952839, 35.229634], [138.95557, 35.230048], [138.9566, 35.230046], [138.957927, 35.229551], [138.958913, 35.228977], [138.959768, 35.228805], [138.961451, 35.228755], [138.964029, 35.229059], [138.964897, 35.229346], [138.966374, 35.230061], [138.967965, 35.2306], [138.970784, 35.232084], [138.971735, 35.232928], [138.974393, 35.234657], [138.975067, 35.235279], [138.976074, 35.235553], [138.976049, 35.235693], [138.976728, 35.236657], [138.977251, 35.237801], [138.97807, 35.238509], [138.978739, 35.239393], [138.977171, 35.240883], [138.976062, 35.241702], [138.976403, 35.244317], [138.975724, 35.244966], [138.975357, 35.246882], [138.974532, 35.247696], [138.974395, 35.248144], [138.974592, 35.249416], [138.974936, 35.250099], [138.975009, 35.251152], [138.975634, 35.251739], [138.974824, 35.253118], [138.974962, 35.25395], [138.974311, 35.256511], [138.97432, 35.257119], [138.974668, 35.257849], [138.974481, 35.258196], [138.975061, 35.258833], [138.975658, 35.260352], [138.97564, 35.261098], [138.975141, 35.261698], [138.975471, 35.263753], [138.977022, 35.265417], [138.97737, 35.266401], [138.978271, 35.267507], [138.979422, 35.268412], [138.981393, 35.269519], [138.981911, 35.270126], [138.981741, 35.271421], [138.981848, 35.271769], [138.982232, 35.27208], [138.982098, 35.272781], [138.982241, 35.273324], [138.983917, 35.275104], [138.985077, 35.277006], [138.985318, 35.277795], [138.985951, 35.278279], [138.987396, 35.278649], [138.987637, 35.278822], [138.987744, 35.279784], [138.988476, 35.280269], [138.989011, 35.281202], [138.99067, 35.282504], [138.990973, 35.282931], [138.991597, 35.283279], [138.992293, 35.284111], [138.993185, 35.284885], [138.991772, 35.285545], [138.990771, 35.286256], [138.990753, 35.286728], [138.990341, 35.288026], [138.990332, 35.289027], [138.989912, 35.289775], [138.989017, 35.290217], [138.987997, 35.291022], [138.987291, 35.291225], [138.986531, 35.291886], [138.98527, 35.292495], [138.984079, 35.293287], [138.983932, 35.293747], [138.984032, 35.294419], [138.983776, 35.295012], [138.983204, 35.295694], [138.982434, 35.296158], [138.981853, 35.296702], [138.980341, 35.297406], [138.978758, 35.29787], [138.977613, 35.298908], [138.976584, 35.299422], [138.975359, 35.300249], [138.974009, 35.301939], [138.972729, 35.304667], [138.971987, 35.305226], [138.97018, 35.306154], [138.969939, 35.306466], [138.969867, 35.306952], [138.967515, 35.309506], [138.965574, 35.310906], [138.965404, 35.312038], [138.96433, 35.313866], [138.965001, 35.315651], [138.965037, 35.317051], [138.964697, 35.31951], [138.965224, 35.320047], [138.966146, 35.319975], [138.967264, 35.320461], [138.967442, 35.320613], [138.967791, 35.321636], [138.968185, 35.322122], [138.969222, 35.322702], [138.970546, 35.324313], [138.970447, 35.325024], [138.970573, 35.326047], [138.970376, 35.326148], [138.969714, 35.326134], [138.969526, 35.326823], [138.97, 35.327585], [138.970153, 35.328238], [138.971306, 35.329101], [138.97153, 35.329783], [138.97144, 35.330015], [138.971056, 35.330117], [138.970259, 35.329979], [138.968372, 35.330153], [138.968265, 35.33032], [138.968417, 35.330871], [138.967961, 35.331386], [138.967281, 35.330371], [138.966413, 35.330109], [138.965868, 35.330117], [138.964964, 35.331074], [138.964929, 35.331473], [138.963918, 35.332148], [138.963077, 35.332475], [138.962907, 35.332177], [138.962603, 35.332112], [138.962541, 35.331626], [138.962406, 35.331568], [138.962067, 35.33172], [138.961566, 35.331735], [138.961297, 35.332003], [138.960895, 35.333011], [138.959651, 35.33373], [138.959285, 35.333831], [138.958381, 35.333926], [138.95797, 35.333751], [138.957603, 35.333882], [138.957147, 35.333679], [138.956655, 35.333889], [138.955895, 35.333599], [138.955242, 35.333686], [138.9523, 35.333541], [138.951459, 35.333672], [138.951316, 35.333773], [138.951611, 35.334404], [138.951763, 35.335536], [138.951566, 35.336479], [138.950868, 35.336465], [138.950439, 35.336022], [138.949357, 35.335957], [138.948489, 35.335674], [138.947711, 35.335848], [138.947273, 35.335732], [138.946808, 35.335768], [138.945887, 35.335536], [138.945162, 35.335833], [138.944992, 35.336051], [138.944798, 35.336756], [138.945048, 35.337515], [138.945024, 35.337973], [138.944419, 35.338155], [138.943822, 35.338167], [138.943218, 35.338397], [138.942583, 35.338304], [138.941771, 35.338707], [138.941467, 35.339563], [138.941806, 35.340306], [138.941197, 35.340626], [138.940463, 35.340643], [138.939971, 35.340443], [138.939511, 35.340664], [138.939049, 35.340543], [138.938629, 35.339621], [138.938184, 35.339494], [138.937924, 35.338649], [138.936176, 35.338535], [138.935271, 35.338737], [138.93461, 35.338627], [138.93386, 35.338831], [138.932841, 35.338926], [138.932841, 35.340213], [138.932134, 35.340546], [138.931424, 35.341224], [138.929843, 35.3408], [138.928959, 35.340921], [138.928596, 35.340859], [138.927791, 35.341227], [138.927176, 35.341928], [138.926692, 35.342193], [138.925846, 35.342381], [138.924666, 35.342376], [138.921229, 35.343089], [138.920175, 35.343719], [138.919776, 35.343814], [138.918096, 35.343673], [138.916905, 35.343804], [138.916354, 35.343747], [138.915515, 35.343462], [138.915031, 35.343496], [138.914532, 35.345387], [138.914549, 35.346249], [138.913847, 35.346416], [138.913287, 35.346526], [138.912333, 35.346515], [138.910942, 35.346862], [138.908911, 35.346313], [138.907159, 35.3466], [138.904838, 35.346625], [138.902636, 35.346154], [138.900953, 35.345439], [138.8999, 35.345218], [138.898819, 35.345557], [138.896571, 35.34657], [138.895253, 35.346649], [138.893656, 35.346161], [138.892374, 35.346162], [138.89197, 35.34633], [138.889467, 35.348154], [138.888952, 35.348657], [138.890399, 35.349432], [138.891232, 35.348899], [138.892526, 35.348326], [138.894658, 35.347963], [138.894789, 35.348138], [138.894754, 35.348459], [138.895025, 35.34882], [138.895482, 35.348797], [138.896294, 35.349085], [138.898624, 35.348891], [138.899325, 35.349397], [138.899826, 35.349516], [138.901298, 35.350344], [138.901814, 35.350467], [138.902147, 35.350686], [138.902192, 35.35084], [138.901741, 35.351348], [138.901754, 35.351619], [138.903191, 35.352377], [138.904201, 35.352633], [138.90503, 35.353857], [138.905099, 35.354306], [138.904576, 35.354448], [138.904442, 35.354596], [138.90323, 35.35467], [138.902189, 35.354592], [138.901829, 35.35449], [138.901132, 35.354012], [138.900493, 35.35395], [138.899872, 35.353996], [138.897811, 35.354829], [138.897271, 35.354739], [138.896603, 35.354329], [138.895549, 35.354174], [138.893721, 35.354348], [138.892836, 35.354666], [138.889767, 35.356477], [138.888337, 35.357514], [138.887894, 35.358061], [138.887948, 35.36012], [138.888635, 35.361966], [138.88777, 35.361717], [138.886543, 35.360494], [138.886186, 35.359974], [138.886028, 35.35889], [138.886076, 35.357129], [138.885656, 35.356722], [138.885735, 35.356018], [138.885127, 35.355487], [138.884857, 35.354933], [138.884866, 35.354389], [138.885173, 35.35353], [138.885738, 35.35281], [138.885653, 35.352307], [138.886513, 35.351745], [138.886928, 35.351698], [138.887874, 35.351223], [138.888345, 35.349788], [138.88826, 35.348091], [138.887955, 35.347476], [138.887522, 35.345875], [138.887076, 35.345475], [138.887088, 35.344766], [138.886827, 35.344124], [138.886241, 35.343152], [138.88624, 35.342226], [138.884237, 35.338322], [138.882837, 35.339127], [138.882451, 35.339178], [138.881329, 35.339994], [138.881183, 35.340056], [138.88083, 35.339858], [138.883983, 35.337776], [138.88376, 35.336966], [138.88308, 35.337207], [138.882411, 35.337719], [138.881583, 35.33789], [138.880376, 35.338506], [138.88013, 35.337866], [138.88109, 35.337556], [138.88299, 35.336593], [138.883731, 35.336404], [138.884418, 35.336073], [138.884492, 35.335092], [138.884384, 35.334894], [138.884163, 35.334811], [138.884316, 35.332987], [138.884083, 35.332605], [138.883964, 35.33307], [138.883606, 35.333208], [138.883214, 35.332959], [138.882868, 35.333093], [138.882754, 35.333554], [138.882101, 35.333793], [138.88184, 35.334249], [138.881147, 35.334558], [138.878513, 35.33499], [138.878263, 35.334995], [138.877814, 35.334701], [138.877542, 35.334687], [138.876781, 35.335004], [138.876588, 35.335354], [138.875639, 35.335741], [138.874833, 35.336349], [138.874413, 35.336446], [138.873834, 35.336312], [138.873658, 35.336381], [138.873318, 35.336798], [138.872556, 35.337232], [138.872249, 35.337556], [138.872142, 35.338447], [138.871776, 35.339017], [138.870647, 35.33953], [138.870097, 35.340469], [138.868787, 35.340792], [138.868365, 35.341337], [138.867242, 35.342246], [138.866853, 35.342787], [138.865792, 35.343553], [138.865427, 35.344391], [138.864717, 35.344636], [138.864193, 35.34547], [138.863459, 35.346305], [138.862604, 35.346338], [138.862018, 35.346644], [138.861475, 35.34668], [138.860479, 35.346566], [138.859205, 35.346245], [138.858608, 35.346588], [138.857928, 35.346541], [138.857492, 35.346984], [138.856913, 35.347264], [138.856467, 35.347275], [138.855735, 35.347765], [138.854686, 35.347788], [138.854151, 35.348055], [138.853294, 35.348112], [138.852983, 35.348313], [138.851814, 35.348413], [138.851146, 35.348231], [138.849684, 35.348709], [138.84896, 35.348659], [138.848174, 35.348803], [138.847612, 35.348713], [138.847076, 35.348419], [138.844861, 35.348113], [138.843697, 35.348503], [138.842893, 35.348546], [138.842288, 35.348752], [138.840566, 35.348351], [138.83974, 35.348294], [138.83876, 35.347952], [138.837226, 35.347815], [138.836313, 35.348156], [138.836036, 35.348474], [138.835194, 35.348891], [138.834655, 35.349458], [138.834389, 35.349563], [138.83381, 35.349564], [138.832536, 35.350183], [138.831816, 35.350154], [138.829492, 35.350617], [138.828673, 35.350237], [138.827927, 35.350326], [138.826609, 35.351125], [138.826189, 35.35156], [138.825149, 35.351965], [138.811478, 35.352317], [138.808454, 35.352235], [138.802819, 35.352323], [138.800856, 35.352224], [138.79125, 35.352729], [138.786146, 35.352849], [138.777931, 35.353466], [138.775626, 35.353594], [138.775181, 35.353532], [138.769519, 35.354528], [138.731687, 35.360136]]]}}, {"type": "Feature", "properties": {"pref_code": "22", "pref_name": "静岡県", "municipality_code": "22216", "municipality_name": "袋井市", "ward_name": "", "display_name": "袋井市", "geometry_key": "22216"}, "geometry": {"type": "Polygon", "coordinates": [[[137.872553, 34.822359], [137.871894, 34.821541], [137.871044, 34.820169], [137.870961, 34.819811], [137.870519, 34.819305], [137.869777, 34.818935], [137.869703, 34.818124], [137.869413, 34.817296], [137.869569, 34.81678], [137.869205, 34.816161], [137.868748, 34.816535], [137.869125, 34.816956], [137.868916, 34.817113], [137.867753, 34.816836], [137.867846, 34.81646], [137.867481, 34.816408], [137.86734, 34.816786], [137.862749, 34.816038], [137.861828, 34.814373], [137.860944, 34.814157], [137.860436, 34.814268], [137.858571, 34.813771], [137.857951, 34.813214], [137.856624, 34.812727], [137.856487, 34.812545], [137.856701, 34.811937], [137.8566, 34.811624], [137.855506, 34.811782], [137.855188, 34.811428], [137.854516, 34.811072], [137.854306, 34.810679], [137.852854, 34.809827], [137.851668, 34.807707], [137.851249, 34.805955], [137.851575, 34.805759], [137.851799, 34.805357], [137.852304, 34.803437], [137.853216, 34.801947], [137.853572, 34.800897], [137.854404, 34.801045], [137.855578, 34.801446], [137.855897, 34.800581], [137.855714, 34.798065], [137.856349, 34.794014], [137.856741, 34.790448], [137.856402, 34.790287], [137.855838, 34.789736], [137.855965, 34.78936], [137.856031, 34.789258], [137.856354, 34.789252], [137.856777, 34.789482], [137.858029, 34.789627], [137.858931, 34.789871], [137.859577, 34.789731], [137.859743, 34.789385], [137.859573, 34.788852], [137.859662, 34.788676], [137.860751, 34.787852], [137.860084, 34.787387], [137.86001, 34.787089], [137.861392, 34.782938], [137.862357, 34.781857], [137.862291, 34.781076], [137.863718, 34.780063], [137.864186, 34.779047], [137.864617, 34.779125], [137.864753, 34.779049], [137.864976, 34.778844], [137.865129, 34.778429], [137.866328, 34.778303], [137.86697, 34.778054], [137.868127, 34.777857], [137.869713, 34.77799], [137.869974, 34.778306], [137.869628, 34.778656], [137.869532, 34.779017], [137.870791, 34.779422], [137.871239, 34.779347], [137.871548, 34.779067], [137.871631, 34.778696], [137.87267, 34.778092], [137.87529, 34.779025], [137.875464, 34.778795], [137.875729, 34.778732], [137.875822, 34.778267], [137.876773, 34.77837], [137.879252, 34.778305], [137.880514, 34.776903], [137.881264, 34.776515], [137.88188, 34.775965], [137.881892, 34.775801], [137.882991, 34.775635], [137.883044, 34.775379], [137.883395, 34.775259], [137.88387, 34.774625], [137.886577, 34.774416], [137.886255, 34.773292], [137.886258, 34.772814], [137.888245, 34.770051], [137.888669, 34.768761], [137.888792, 34.76792], [137.887271, 34.767767], [137.88744, 34.766901], [137.888181, 34.766739], [137.88806, 34.766416], [137.887933, 34.766229], [137.886205, 34.765958], [137.886301, 34.765051], [137.885943, 34.764759], [137.885899, 34.764565], [137.886028, 34.76409], [137.88651, 34.764337], [137.886615, 34.764289], [137.887083, 34.763294], [137.888236, 34.763302], [137.889263, 34.761552], [137.88936, 34.760861], [137.889294, 34.760427], [137.887902, 34.760309], [137.887886, 34.759168], [137.887454, 34.758344], [137.887243, 34.758202], [137.886146, 34.758266], [137.886119, 34.758357], [137.885681, 34.758366], [137.885648, 34.758277], [137.885779, 34.758016], [137.887389, 34.757484], [137.887538, 34.75731], [137.887309, 34.75621], [137.88654, 34.754985], [137.886113, 34.753986], [137.886197, 34.751624], [137.886452, 34.750553], [137.886917, 34.749867], [137.887829, 34.749129], [137.889178, 34.747606], [137.890589, 34.745531], [137.891499, 34.745506], [137.892226, 34.74521], [137.892589, 34.745238], [137.89305, 34.746017], [137.892998, 34.746358], [137.893233, 34.747332], [137.893999, 34.747504], [137.895743, 34.748753], [137.896332, 34.748043], [137.896838, 34.747077], [137.897458, 34.74728], [137.897666, 34.745348], [137.89801, 34.744212], [137.901254, 34.737529], [137.902057, 34.735611], [137.900199, 34.734993], [137.9011, 34.733095], [137.898694, 34.732311], [137.900612, 34.728184], [137.898932, 34.727447], [137.898719, 34.727141], [137.900127, 34.724121], [137.901191, 34.722518], [137.903239, 34.718484], [137.903275, 34.717228], [137.902961, 34.715684], [137.903173, 34.714936], [137.903159, 34.714355], [137.902827, 34.712737], [137.902251, 34.712417], [137.902212, 34.711758], [137.902355, 34.71137], [137.903356, 34.710632], [137.903714, 34.710111], [137.900875, 34.709233], [137.900971, 34.708596], [137.900891, 34.707949], [137.900004, 34.707929], [137.899717, 34.707591], [137.898929, 34.707412], [137.897893, 34.706739], [137.897345, 34.706116], [137.897169, 34.705734], [137.897188, 34.705233], [137.897441, 34.70445], [137.897406, 34.70394], [137.897744, 34.703163], [137.89765, 34.702432], [137.898035, 34.702261], [137.898737, 34.702284], [137.899789, 34.701845], [137.900182, 34.701539], [137.899516, 34.700769], [137.898174, 34.699565], [137.898949, 34.699051], [137.898607, 34.698571], [137.898778, 34.698463], [137.897869, 34.697361], [137.896257, 34.698133], [137.895124, 34.69679], [137.894563, 34.6957], [137.894345, 34.694747], [137.89432, 34.693818], [137.896221, 34.694561], [137.897052, 34.694731], [137.89755, 34.694646], [137.898214, 34.69382], [137.898467, 34.693716], [137.898396, 34.693327], [137.899727, 34.69352], [137.900263, 34.691977], [137.900476, 34.691546], [137.900691, 34.691581], [137.901048, 34.690633], [137.903929, 34.691379], [137.904217, 34.690585], [137.905559, 34.690933], [137.905708, 34.690329], [137.910431, 34.691104], [137.910672, 34.690861], [137.910711, 34.690542], [137.911405, 34.689559], [137.911601, 34.688926], [137.911644, 34.687888], [137.912278, 34.686435], [137.912407, 34.685709], [137.912379, 34.683577], [137.91234, 34.683441], [137.912096, 34.683393], [137.908028, 34.682722], [137.908217, 34.682087], [137.907987, 34.682035], [137.908156, 34.681404], [137.9079, 34.681349], [137.908024, 34.680581], [137.907837, 34.6805], [137.907991, 34.67993], [137.907561, 34.679826], [137.907699, 34.679125], [137.907165, 34.678081], [137.907144, 34.677745], [137.906717, 34.677056], [137.908176, 34.676346], [137.908573, 34.674974], [137.908712, 34.673603], [137.908928, 34.673279], [137.90931, 34.673244], [137.909768, 34.67234], [137.910369, 34.670406], [137.911882, 34.666622], [137.913961, 34.667111], [137.916782, 34.667342], [137.919072, 34.667303], [137.919924, 34.667455], [137.920946, 34.667297], [137.921853, 34.667472], [137.923216, 34.667489], [137.926426, 34.667291], [137.927755, 34.667427], [137.929009, 34.667303], [137.934257, 34.667354], [137.936404, 34.667179], [137.941509, 34.667235], [137.941843, 34.667348], [137.945237, 34.667095], [137.94598, 34.666948], [137.947166, 34.667078], [137.950397, 34.667044], [137.953675, 34.666864], [137.957553, 34.666402], [137.959632, 34.666374], [137.961022, 34.666182], [137.964056, 34.666149], [137.965746, 34.665867], [137.966809, 34.665935], [137.970108, 34.66549], [137.969172, 34.667502], [137.968982, 34.668558], [137.968548, 34.66913], [137.967864, 34.669656], [137.967698, 34.669989], [137.967503, 34.671262], [137.967532, 34.673006], [137.967297, 34.673636], [137.966519, 34.674547], [137.965205, 34.675649], [137.965176, 34.677539], [137.964797, 34.678532], [137.964207, 34.679025], [137.963695, 34.679266], [137.963066, 34.679312], [137.962866, 34.678985], [137.961245, 34.679328], [137.960172, 34.679924], [137.95983, 34.680264], [137.958989, 34.680406], [137.959043, 34.680878], [137.957779, 34.681347], [137.957833, 34.681669], [137.955172, 34.682631], [137.955606, 34.684443], [137.953135, 34.686647], [137.95269, 34.687331], [137.952522, 34.688032], [137.954596, 34.688152], [137.954581, 34.688947], [137.954891, 34.689085], [137.955581, 34.689812], [137.956059, 34.690071], [137.961111, 34.690001], [137.961182, 34.692181], [137.964392, 34.692102], [137.964516, 34.693425], [137.965177, 34.6949], [137.964771, 34.695395], [137.964623, 34.695931], [137.964803, 34.696522], [137.964782, 34.699094], [137.964656, 34.699706], [137.964835, 34.699917], [137.96505, 34.699899], [137.966735, 34.70059], [137.967077, 34.701018], [137.968496, 34.701672], [137.969044, 34.701753], [137.97025, 34.702215], [137.970944, 34.703109], [137.971006, 34.703989], [137.971693, 34.704031], [137.972083, 34.704536], [137.972619, 34.704843], [137.973962, 34.705026], [137.975037, 34.705389], [137.97529, 34.705213], [137.975694, 34.705155], [137.976692, 34.705878], [137.976999, 34.706286], [137.97792, 34.706255], [137.979138, 34.706852], [137.979927, 34.706999], [137.98048, 34.707402], [137.981333, 34.707699], [137.981878, 34.708285], [137.982243, 34.7085], [137.983757, 34.708664], [137.984474, 34.708954], [137.985047, 34.708714], [137.985454, 34.708795], [137.985559, 34.709865], [137.985136, 34.7101], [137.98466, 34.710711], [137.982072, 34.71037], [137.980993, 34.710393], [137.979936, 34.710142], [137.977992, 34.710251], [137.978277, 34.711413], [137.981117, 34.713769], [137.982571, 34.714811], [137.982985, 34.715778], [137.984597, 34.717781], [137.984115, 34.717971], [137.983524, 34.717319], [137.981624, 34.716991], [137.981176, 34.716652], [137.980866, 34.716013], [137.980125, 34.716996], [137.979317, 34.716814], [137.978732, 34.717448], [137.978323, 34.717538], [137.97792, 34.717372], [137.977507, 34.716649], [137.975709, 34.715669], [137.975707, 34.716192], [137.976413, 34.718584], [137.976643, 34.720307], [137.977356, 34.721579], [137.978717, 34.723206], [137.98069, 34.723257], [137.981953, 34.723712], [137.98373, 34.723951], [137.983967, 34.724381], [137.983986, 34.725284], [137.984981, 34.725742], [137.986667, 34.726943], [137.988679, 34.727046], [137.989349, 34.727289], [137.989831, 34.727722], [137.990889, 34.727887], [137.991655, 34.728444], [137.992344, 34.728607], [137.993654, 34.728656], [137.994624, 34.729025], [137.995006, 34.729557], [137.995581, 34.729906], [137.996553, 34.72992], [137.998971, 34.730717], [137.999611, 34.730612], [138.000473, 34.73093], [138.001156, 34.731418], [138.002159, 34.731651], [138.002738, 34.731928], [138.003312, 34.732837], [138.003481, 34.732914], [138.004457, 34.732766], [138.005001, 34.732914], [138.005273, 34.733203], [138.006353, 34.733718], [138.0065, 34.733937], [138.006542, 34.734493], [138.006885, 34.734889], [138.008195, 34.735317], [138.008442, 34.736138], [138.009419, 34.73664], [138.009666, 34.736987], [138.009638, 34.737244], [138.009016, 34.737329], [138.008893, 34.737558], [138.009098, 34.737776], [138.008515, 34.738319], [138.008444, 34.738797], [138.007912, 34.739055], [138.007741, 34.73947], [138.007512, 34.73963], [138.007696, 34.740065], [138.007982, 34.740293], [138.007876, 34.740622], [138.006844, 34.740772], [138.006522, 34.740983], [138.00588, 34.740778], [138.005372, 34.74104], [138.004752, 34.741021], [138.002099, 34.742046], [138.001627, 34.742644], [138.001797, 34.743282], [138.001461, 34.743901], [138.001389, 34.744819], [138.001241, 34.74495], [138.000686, 34.745012], [138.000353, 34.745312], [137.999992, 34.745237], [137.999656, 34.745386], [137.999193, 34.745115], [137.99855, 34.745156], [137.997574, 34.744243], [137.996784, 34.744164], [137.996414, 34.743991], [137.995933, 34.744012], [137.995781, 34.744047], [137.995924, 34.744403], [137.995712, 34.744969], [137.995074, 34.745543], [137.995123, 34.746342], [137.993776, 34.746097], [137.993469, 34.746138], [137.993258, 34.746496], [137.992358, 34.746765], [137.992177, 34.746737], [137.991497, 34.745903], [137.990661, 34.745779], [137.990115, 34.745437], [137.989767, 34.744919], [137.989032, 34.744649], [137.988897, 34.744411], [137.987602, 34.74396], [137.987293, 34.743679], [137.985819, 34.743131], [137.985495, 34.743886], [137.984947, 34.744252], [137.984515, 34.745104], [137.984015, 34.745226], [137.983721, 34.745557], [137.982994, 34.746022], [137.982593, 34.746169], [137.981759, 34.746077], [137.98109, 34.746762], [137.980545, 34.746843], [137.979091, 34.746662], [137.978245, 34.746232], [137.978056, 34.746235], [137.976717, 34.747498], [137.97504, 34.748436], [137.974132, 34.748792], [137.973701, 34.749418], [137.972343, 34.75026], [137.972423, 34.750778], [137.973064, 34.751659], [137.973034, 34.752581], [137.972498, 34.753226], [137.968904, 34.751627], [137.968758, 34.751902], [137.967771, 34.751482], [137.967673, 34.751662], [137.967289, 34.75171], [137.96651, 34.751552], [137.966449, 34.751855], [137.966893, 34.751904], [137.967034, 34.752129], [137.966474, 34.752497], [137.96638, 34.752799], [137.965764, 34.752699], [137.965632, 34.753], [137.965141, 34.752932], [137.965052, 34.753203], [137.965305, 34.753264], [137.965384, 34.753538], [137.964968, 34.754147], [137.964463, 34.754481], [137.962675, 34.754549], [137.961335, 34.754775], [137.961056, 34.754982], [137.960991, 34.755902], [137.960871, 34.755954], [137.95961, 34.755675], [137.958668, 34.755291], [137.957369, 34.755879], [137.958445, 34.758387], [137.958892, 34.75849], [137.960088, 34.758199], [137.960363, 34.758296], [137.960732, 34.758683], [137.960896, 34.759596], [137.960394, 34.760457], [137.961151, 34.761467], [137.961367, 34.762394], [137.962068, 34.763476], [137.962937, 34.763528], [137.96295, 34.764446], [137.962556, 34.765438], [137.962202, 34.765884], [137.96051, 34.767033], [137.958982, 34.767482], [137.957904, 34.768036], [137.957229, 34.768159], [137.956634, 34.768887], [137.95575, 34.769641], [137.953919, 34.770957], [137.952334, 34.771911], [137.951566, 34.772842], [137.950478, 34.776457], [137.950065, 34.777496], [137.949629, 34.778163], [137.94816, 34.779859], [137.9465, 34.781415], [137.945201, 34.78319], [137.94451, 34.783577], [137.944429, 34.783915], [137.94416, 34.784239], [137.943405, 34.784529], [137.942609, 34.785111], [137.941519, 34.785351], [137.941134, 34.785756], [137.940798, 34.785853], [137.940396, 34.78626], [137.940021, 34.78643], [137.939587, 34.786961], [137.939155, 34.787734], [137.938963, 34.788412], [137.938562, 34.788997], [137.937445, 34.790116], [137.937719, 34.790849], [137.937349, 34.79143], [137.937293, 34.792274], [137.937413, 34.792544], [137.937778, 34.792683], [137.938702, 34.793394], [137.938387, 34.794105], [137.938672, 34.794378], [137.939229, 34.794629], [137.939097, 34.795263], [137.939473, 34.795826], [137.939504, 34.796272], [137.940132, 34.796685], [137.939806, 34.79761], [137.940174, 34.797941], [137.940436, 34.798587], [137.941833, 34.800095], [137.941937, 34.800479], [137.942215, 34.800784], [137.943036, 34.803046], [137.942752, 34.803793], [137.942827, 34.804402], [137.942496, 34.804796], [137.942335, 34.805328], [137.943003, 34.805633], [137.943352, 34.805943], [137.943481, 34.806989], [137.94387, 34.807669], [137.943867, 34.808313], [137.944644, 34.809016], [137.944641, 34.809624], [137.944819, 34.809833], [137.944353, 34.810084], [137.943933, 34.810525], [137.944402, 34.812566], [137.944057, 34.812999], [137.944017, 34.813533], [137.94367, 34.813916], [137.943676, 34.814282], [137.943261, 34.815063], [137.942625, 34.81564], [137.941766, 34.815676], [137.941374, 34.815861], [137.941225, 34.816068], [137.941582, 34.816907], [137.942252, 34.817256], [137.942378, 34.817883], [137.942268, 34.818021], [137.942605, 34.818284], [137.942764, 34.818737], [137.942533, 34.819112], [137.941712, 34.819307], [137.941002, 34.820801], [137.939366, 34.821451], [137.938891, 34.822073], [137.938664, 34.822195], [137.937544, 34.821737], [137.936622, 34.820964], [137.936076, 34.820843], [137.935375, 34.820429], [137.934931, 34.819812], [137.934835, 34.819176], [137.935575, 34.818395], [137.93498, 34.817685], [137.933605, 34.817372], [137.933426, 34.817217], [137.933592, 34.81634], [137.93395, 34.815687], [137.93375, 34.815405], [137.933764, 34.815001], [137.933522, 34.814174], [137.932494, 34.813192], [137.932352, 34.812031], [137.932027, 34.811325], [137.932067, 34.811132], [137.932308, 34.810951], [137.931113, 34.809794], [137.930388, 34.809513], [137.929867, 34.807692], [137.928425, 34.807624], [137.927979, 34.807817], [137.927127, 34.807708], [137.926489, 34.807882], [137.925599, 34.807849], [137.925615, 34.807519], [137.925401, 34.807074], [137.924782, 34.806446], [137.924605, 34.805464], [137.92419, 34.804761], [137.923599, 34.804117], [137.923506, 34.803527], [137.922948, 34.803127], [137.922967, 34.802686], [137.922384, 34.80196], [137.922095, 34.800724], [137.92265, 34.800226], [137.922859, 34.799817], [137.922064, 34.799275], [137.921153, 34.797717], [137.920407, 34.796992], [137.91891, 34.796703], [137.915952, 34.796995], [137.915233, 34.7965], [137.914599, 34.796304], [137.914198, 34.796324], [137.913844, 34.796071], [137.912944, 34.795786], [137.912631, 34.795457], [137.912795, 34.794926], [137.912664, 34.794778], [137.912329, 34.794691], [137.911166, 34.794802], [137.910753, 34.794701], [137.910024, 34.794183], [137.908996, 34.793859], [137.908233, 34.793094], [137.907466, 34.79347], [137.906814, 34.794034], [137.906463, 34.794129], [137.907527, 34.796494], [137.906836, 34.797566], [137.90555, 34.797322], [137.90401, 34.796859], [137.902999, 34.796476], [137.902099, 34.795869], [137.901659, 34.794993], [137.901484, 34.794254], [137.900843, 34.793125], [137.900261, 34.792442], [137.898999, 34.791416], [137.898827, 34.790742], [137.897944, 34.788841], [137.896643, 34.787752], [137.89307, 34.786549], [137.892301, 34.787152], [137.892061, 34.787606], [137.891928, 34.787615], [137.889383, 34.786826], [137.888876, 34.786446], [137.888851, 34.786089], [137.887968, 34.785792], [137.886759, 34.785635], [137.885541, 34.785758], [137.884427, 34.7843], [137.884217, 34.784269], [137.883783, 34.785554], [137.883782, 34.785746], [137.884204, 34.785843], [137.88396, 34.786676], [137.884909, 34.786945], [137.88471, 34.787538], [137.886832, 34.788201], [137.886417, 34.789412], [137.885351, 34.791601], [137.888201, 34.792638], [137.88839, 34.793081], [137.888154, 34.793568], [137.887773, 34.79393], [137.887783, 34.794129], [137.888806, 34.794521], [137.888472, 34.795496], [137.888715, 34.797717], [137.889282, 34.798104], [137.88946, 34.798706], [137.889971, 34.79943], [137.89085, 34.801394], [137.890829, 34.802105], [137.890198, 34.802747], [137.889851, 34.80441], [137.889885, 34.804728], [137.890596, 34.805838], [137.890751, 34.806894], [137.891164, 34.807543], [137.891351, 34.808458], [137.890344, 34.809393], [137.890609, 34.810308], [137.891065, 34.810544], [137.891238, 34.810784], [137.891213, 34.810987], [137.890723, 34.811503], [137.890566, 34.811883], [137.890592, 34.812817], [137.890861, 34.813554], [137.890338, 34.813691], [137.889305, 34.813644], [137.888739, 34.813923], [137.887338, 34.813944], [137.886739, 34.814442], [137.885591, 34.814827], [137.883645, 34.814388], [137.883397, 34.814227], [137.880315, 34.813361], [137.879917, 34.8133], [137.879158, 34.813616], [137.87911, 34.81375], [137.878946, 34.813755], [137.878918, 34.814053], [137.878721, 34.814118], [137.878654, 34.81443], [137.878215, 34.814508], [137.877887, 34.814746], [137.87738, 34.815641], [137.875619, 34.816504], [137.87524, 34.817228], [137.874271, 34.817554], [137.874271, 34.818098], [137.874455, 34.818653], [137.87307, 34.820523], [137.873348, 34.82126], [137.873343, 34.821619], [137.872987, 34.822115], [137.872553, 34.822359]]]}}, {"type": "Feature", "properties": {"pref_code": "22", "pref_name": "静岡県", "municipality_code": "22219", "municipality_name": "下田市", "ward_name": "", "display_name": "下田市", "geometry_key": "22219"}, "geometry": {"type": "MultiPolygon", "coordinates": [[[[138.992984, 34.717776], [138.991514, 34.718151], [138.991034, 34.717709], [138.989191, 34.717566], [138.987606, 34.71721], [138.986677, 34.717546], [138.984757, 34.717338], [138.98404, 34.716548], [138.98367, 34.716524], [138.982609, 34.717347], [138.981461, 34.717584], [138.980824, 34.717436], [138.979445, 34.718433], [138.978845, 34.718406], [138.978183, 34.718608], [138.977821, 34.719011], [138.977473, 34.720184], [138.976873, 34.721068], [138.976386, 34.720887], [138.975582, 34.720899], [138.97496, 34.720727], [138.974323, 34.720291], [138.972534, 34.719893], [138.972161, 34.719724], [138.971327, 34.718922], [138.971119, 34.719044], [138.970303, 34.720462], [138.96975, 34.720884], [138.966407, 34.722531], [138.965437, 34.722585], [138.965166, 34.722694], [138.964501, 34.723617], [138.963685, 34.725187], [138.963111, 34.725576], [138.962726, 34.726416], [138.96258, 34.727117], [138.962035, 34.72785], [138.962218, 34.728835], [138.962529, 34.729402], [138.963122, 34.729734], [138.963359, 34.730325], [138.964131, 34.730761], [138.964815, 34.731681], [138.964815, 34.732646], [138.964643, 34.733563], [138.964362, 34.734041], [138.96389, 34.734356], [138.963571, 34.734964], [138.963776, 34.735581], [138.963326, 34.735878], [138.962203, 34.737113], [138.961406, 34.738238], [138.961267, 34.738997], [138.960396, 34.740033], [138.960041, 34.740654], [138.960122, 34.741158], [138.959972, 34.741517], [138.959474, 34.741909], [138.959196, 34.742404], [138.958669, 34.742876], [138.959258, 34.744509], [138.958925, 34.74526], [138.95793, 34.745568], [138.956606, 34.745488], [138.956134, 34.745642], [138.955768, 34.746566], [138.955581, 34.746839], [138.955256, 34.746987], [138.954199, 34.746934], [138.952695, 34.746601], [138.951846, 34.746589], [138.950401, 34.747219], [138.949282, 34.747124], [138.948557, 34.74729], [138.94754, 34.747952], [138.947372, 34.748602], [138.946819, 34.749572], [138.947097, 34.75135], [138.946531, 34.751967], [138.945129, 34.751736], [138.944211, 34.751861], [138.943578, 34.751668], [138.94154, 34.751626], [138.940743, 34.751807], [138.940139, 34.752202], [138.94026, 34.753057], [138.940545, 34.753324], [138.94087, 34.753944], [138.94138, 34.755353], [138.942198, 34.756118], [138.942265, 34.757574], [138.942599, 34.758027], [138.944394, 34.759565], [138.945103, 34.760635], [138.944978, 34.76182], [138.944702, 34.762314], [138.944644, 34.762944], [138.945253, 34.763499], [138.945228, 34.764021], [138.945529, 34.764529], [138.945053, 34.764989], [138.944786, 34.765599], [138.944769, 34.766127], [138.944251, 34.766702], [138.943817, 34.766885], [138.942799, 34.767021], [138.941554, 34.767569], [138.940161, 34.767542], [138.9392, 34.767136], [138.938182, 34.767217], [138.936979, 34.766966], [138.936704, 34.766858], [138.936412, 34.766309], [138.935952, 34.766025], [138.935627, 34.765531], [138.935034, 34.765071], [138.934525, 34.764908], [138.934049, 34.765023], [138.933314, 34.764989], [138.931928, 34.765862], [138.93106, 34.766134], [138.929907, 34.766689], [138.929331, 34.767203], [138.928756, 34.767041], [138.927186, 34.767196], [138.925616, 34.766391], [138.92484, 34.767616], [138.924164, 34.768273], [138.924072, 34.768618], [138.924189, 34.769079], [138.923262, 34.770589], [138.921308, 34.770562], [138.920047, 34.771483], [138.919513, 34.771679], [138.918077, 34.77193], [138.917417, 34.771612], [138.916499, 34.771375], [138.916032, 34.770833], [138.915255, 34.770277], [138.914704, 34.770176], [138.914203, 34.769844], [138.912725, 34.770101], [138.911974, 34.769959], [138.911624, 34.770108], [138.91083, 34.771192], [138.910279, 34.771612], [138.908985, 34.772038], [138.907557, 34.772092], [138.906981, 34.772329], [138.906656, 34.772736], [138.906297, 34.773582], [138.906029, 34.773779], [138.90431, 34.773981], [138.903141, 34.773758], [138.902047, 34.77327], [138.901279, 34.773135], [138.900227, 34.773487], [138.898816, 34.773379], [138.897814, 34.773467], [138.896361, 34.773823], [138.896219, 34.773007], [138.89629, 34.772454], [138.89714, 34.771775], [138.896718, 34.771085], [138.896602, 34.769932], [138.896472, 34.769827], [138.895856, 34.769822], [138.894687, 34.769948], [138.894207, 34.769195], [138.892993, 34.768195], [138.89224, 34.766421], [138.892305, 34.765094], [138.892189, 34.764083], [138.892435, 34.763725], [138.893428, 34.763178], [138.893409, 34.762762], [138.892656, 34.76192], [138.892649, 34.761456], [138.892461, 34.761088], [138.891884, 34.760698], [138.891144, 34.760467], [138.890476, 34.759429], [138.890443, 34.759208], [138.890969, 34.758903], [138.891605, 34.757739], [138.892202, 34.757108], [138.892293, 34.756245], [138.892014, 34.755934], [138.891176, 34.755439], [138.890197, 34.755171], [138.889716, 34.754728], [138.889463, 34.753849], [138.888236, 34.752962], [138.888204, 34.752623], [138.888587, 34.751867], [138.888272, 34.751286], [138.888095, 34.750547], [138.887168, 34.750118], [138.88653, 34.750105], [138.885912, 34.749723], [138.885232, 34.749642], [138.884636, 34.749405], [138.884217, 34.749112], [138.883443, 34.748084], [138.882401, 34.748207], [138.881946, 34.748084], [138.881496, 34.74777], [138.881376, 34.747643], [138.881381, 34.747286], [138.882176, 34.745991], [138.882182, 34.745495], [138.881428, 34.745291], [138.880894, 34.744994], [138.879827, 34.744094], [138.879042, 34.742998], [138.878398, 34.742408], [138.876922, 34.741899], [138.876085, 34.740918], [138.874735, 34.741304], [138.873574, 34.740905], [138.872517, 34.740982], [138.872271, 34.74088], [138.871471, 34.741371], [138.871304, 34.741666], [138.870696, 34.742179], [138.870007, 34.742303], [138.868816, 34.742227], [138.868266, 34.741979], [138.868037, 34.741691], [138.867768, 34.740345], [138.867402, 34.740012], [138.866854, 34.739843], [138.865743, 34.739797], [138.864717, 34.740367], [138.863289, 34.740574], [138.862755, 34.739166], [138.862139, 34.739117], [138.861469, 34.739275], [138.860837, 34.738711], [138.860383, 34.73805], [138.859247, 34.737641], [138.859083, 34.737368], [138.859028, 34.736564], [138.858374, 34.736196], [138.858136, 34.735767], [138.858235, 34.734748], [138.857832, 34.73377], [138.858131, 34.733195], [138.858095, 34.732324], [138.857805, 34.731377], [138.8574, 34.731075], [138.857351, 34.730644], [138.857477, 34.730271], [138.857171, 34.729307], [138.856938, 34.728999], [138.855285, 34.728378], [138.854385, 34.728371], [138.854382, 34.727838], [138.853917, 34.726491], [138.853944, 34.725845], [138.853646, 34.725658], [138.853542, 34.725206], [138.85395, 34.724637], [138.853865, 34.724118], [138.852639, 34.72333], [138.852254, 34.722098], [138.85187, 34.721638], [138.850937, 34.721449], [138.850108, 34.720919], [138.849287, 34.720874], [138.84888, 34.720617], [138.84856, 34.719236], [138.847583, 34.718317], [138.847227, 34.717246], [138.846778, 34.716757], [138.846628, 34.716118], [138.846132, 34.715135], [138.846592, 34.714376], [138.846803, 34.714271], [138.847482, 34.714271], [138.848012, 34.713754], [138.848946, 34.713703], [138.849375, 34.713075], [138.84937, 34.711821], [138.850659, 34.71124], [138.851072, 34.710833], [138.852347, 34.710192], [138.852306, 34.709921], [138.851682, 34.709247], [138.851793, 34.708078], [138.851652, 34.707736], [138.851499, 34.707671], [138.853406, 34.707397], [138.854117, 34.706701], [138.854818, 34.706541], [138.855322, 34.705182], [138.855825, 34.704881], [138.856285, 34.704404], [138.85666, 34.704439], [138.857889, 34.704983], [138.859443, 34.704749], [138.85987, 34.704952], [138.860034, 34.705344], [138.861107, 34.705256], [138.862018, 34.705442], [138.862428, 34.704871], [138.86317, 34.704567], [138.864484, 34.704809], [138.864899, 34.704721], [138.865671, 34.704225], [138.868312, 34.704026], [138.869519, 34.703537], [138.869852, 34.703621], [138.871062, 34.704996], [138.871872, 34.705385], [138.872439, 34.705361], [138.873243, 34.705271], [138.874499, 34.704668], [138.875865, 34.704482], [138.876382, 34.703597], [138.877415, 34.703081], [138.878227, 34.702516], [138.878889, 34.702513], [138.880049, 34.702181], [138.880799, 34.702178], [138.881473, 34.701802], [138.882216, 34.701883], [138.883, 34.702196], [138.883992, 34.701929], [138.884523, 34.702128], [138.885308, 34.703193], [138.886281, 34.703118], [138.886525, 34.703044], [138.886602, 34.702857], [138.886801, 34.701622], [138.887417, 34.70097], [138.888259, 34.701026], [138.889511, 34.700765], [138.890376, 34.700479], [138.891118, 34.699961], [138.891524, 34.700048], [138.89211, 34.699619], [138.892041, 34.699001], [138.891516, 34.698274], [138.891516, 34.69797], [138.893691, 34.695824], [138.893901, 34.695346], [138.892538, 34.693468], [138.894628, 34.691924], [138.895256, 34.69085], [138.895716, 34.690701], [138.896213, 34.690744], [138.89629, 34.690598], [138.896083, 34.6903], [138.896064, 34.689862], [138.895972, 34.689747], [138.895176, 34.689816], [138.894759, 34.689735], [138.894402, 34.689465], [138.894307, 34.689211], [138.892872, 34.688972], [138.891953, 34.688667], [138.891482, 34.688031], [138.890062, 34.686972], [138.889599, 34.686398], [138.889649, 34.686053], [138.889465, 34.685792], [138.887965, 34.685271], [138.886893, 34.684746], [138.886526, 34.684029], [138.885867, 34.683597], [138.885668, 34.683206], [138.883708, 34.682151], [138.8839, 34.681713], [138.88377, 34.680484], [138.883976, 34.6799], [138.884684, 34.678993], [138.886078, 34.678108], [138.88576, 34.677599], [138.885255, 34.675627], [138.885286, 34.675078], [138.885737, 34.674484], [138.886706, 34.674143], [138.88795, 34.674133], [138.889098, 34.673664], [138.890893, 34.673707], [138.891467, 34.673925], [138.892049, 34.67454], [138.893496, 34.674396], [138.894158, 34.674154], [138.894449, 34.673328], [138.895272, 34.673213], [138.895728, 34.672719], [138.896371, 34.672496], [138.896968, 34.672688], [138.897611, 34.673266], [138.898403, 34.67344], [138.898866, 34.673412], [138.899467, 34.672896], [138.900462, 34.672837], [138.901687, 34.672067], [138.901848, 34.671937], [138.901924, 34.671276], [138.903286, 34.66992], [138.903254, 34.6697], [138.902739, 34.669172], [138.901584, 34.668546], [138.90098, 34.667913], [138.900386, 34.666621], [138.900125, 34.665396], [138.899142, 34.663959], [138.899196, 34.663171], [138.898742, 34.662516], [138.898602, 34.6617], [138.898982, 34.661263], [138.89929, 34.660572], [138.899291, 34.659855], [138.897912, 34.657783], [138.898062, 34.656795], [138.897429, 34.654501], [138.897165, 34.654204], [138.896302, 34.653742], [138.894691, 34.652415], [138.893937, 34.652134], [138.893354, 34.652211], [138.892554, 34.651994], [138.891958, 34.651477], [138.891487, 34.650438], [138.89085, 34.65001], [138.891125, 34.649495], [138.892218, 34.648674], [138.89233, 34.648333], [138.893373, 34.647857], [138.89344, 34.647714], [138.893111, 34.646659], [138.89456, 34.645415], [138.894935, 34.644288], [138.894106, 34.643182], [138.895776, 34.642262], [138.896602, 34.642152], [138.897094, 34.642571], [138.898077, 34.642269], [138.899784, 34.642377], [138.900358, 34.641763], [138.900416, 34.641187], [138.900842, 34.640846], [138.900898, 34.640524], [138.901567, 34.640061], [138.901771, 34.639221], [138.902097, 34.638757], [138.9022, 34.638331], [138.902705, 34.637952], [138.902789, 34.63763], [138.902694, 34.637251], [138.902226, 34.636706], [138.902122, 34.63621], [138.901767, 34.635761], [138.902115, 34.635295], [138.901973, 34.634631], [138.902055, 34.634307], [138.903027, 34.633136], [138.902149, 34.631927], [138.904275, 34.63038], [138.904649, 34.629734], [138.904853, 34.62905], [138.905364, 34.630194], [138.904758, 34.630853], [138.904696, 34.63109], [138.905384, 34.630977], [138.905473, 34.631501], [138.906386, 34.631715], [138.906869, 34.632374], [138.90736, 34.632166], [138.907278, 34.631743], [138.907564, 34.631382], [138.907646, 34.631664], [138.907918, 34.631642], [138.908191, 34.631991], [138.908136, 34.632154], [138.907796, 34.632301], [138.907936, 34.633129], [138.908345, 34.633423], [138.909205, 34.633612], [138.909935, 34.634036], [138.910459, 34.63407], [138.910868, 34.634289], [138.911229, 34.634774], [138.911462, 34.634826], [138.911828, 34.634611], [138.912141, 34.634641], [138.912271, 34.635343], [138.912673, 34.635439], [138.912441, 34.635991], [138.912475, 34.636785], [138.912632, 34.636971], [138.912618, 34.637078], [138.912462, 34.637072], [138.912468, 34.637253], [138.912714, 34.638656], [138.913211, 34.639777], [138.913756, 34.640425], [138.915261, 34.641501], [138.915649, 34.641287], [138.915827, 34.641298], [138.915874, 34.641569], [138.916351, 34.641332], [138.916526, 34.641464], [138.916337, 34.642031], [138.91597, 34.642341], [138.915867, 34.642797], [138.915997, 34.642921], [138.916501, 34.642915], [138.916732, 34.642802], [138.916847, 34.642898], [138.916746, 34.643084], [138.916882, 34.643867], [138.916705, 34.644228], [138.91646, 34.644408], [138.916521, 34.644769], [138.917154, 34.645022], [138.918033, 34.644763], [138.917883, 34.644983], [138.917945, 34.645253], [138.917815, 34.645563], [138.917107, 34.646577], [138.9171, 34.646949], [138.917318, 34.646696], [138.917407, 34.646741], [138.917297, 34.647163], [138.916391, 34.647676], [138.915984, 34.64771], [138.916099, 34.647952], [138.916671, 34.647946], [138.917222, 34.648414], [138.917652, 34.648352], [138.917154, 34.64896], [138.916902, 34.649073], [138.916923, 34.649304], [138.916623, 34.649451], [138.9168, 34.649586], [138.916555, 34.649794], [138.916854, 34.650543], [138.917461, 34.651079], [138.917972, 34.650769], [138.918122, 34.650786], [138.917808, 34.651135], [138.917733, 34.651456], [138.917917, 34.651817], [138.918189, 34.651839], [138.918087, 34.652062], [138.917971, 34.652065], [138.918244, 34.652341], [138.921251, 34.654538], [138.922331, 34.654904], [138.925464, 34.655417], [138.925546, 34.655536], [138.925403, 34.655687], [138.9259, 34.65584], [138.925755, 34.656136], [138.925444, 34.656273], [138.92526, 34.65651], [138.925301, 34.656842], [138.925498, 34.657096], [138.92605, 34.657597], [138.927031, 34.658031], [138.928209, 34.658921], [138.928911, 34.659214], [138.929681, 34.659147], [138.929721, 34.659817], [138.92996, 34.659722], [138.930553, 34.659812], [138.932215, 34.660516], [138.933209, 34.660505], [138.934388, 34.660201], [138.934653, 34.659699], [138.934749, 34.659158], [138.935403, 34.659063], [138.93588, 34.659322], [138.935927, 34.659553], [138.936261, 34.659474], [138.936349, 34.659694], [138.936711, 34.659621], [138.937433, 34.659925], [138.937167, 34.660229], [138.936622, 34.660404], [138.936533, 34.660657], [138.936956, 34.660792], [138.937037, 34.66095], [138.937549, 34.66095], [138.937773, 34.661254], [138.937555, 34.661372], [138.937841, 34.661727], [138.938257, 34.661823], [138.938897, 34.661547], [138.939081, 34.661942], [138.939429, 34.66179], [138.939551, 34.661902], [138.940034, 34.661914], [138.939721, 34.661778], [138.939721, 34.661649], [138.940695, 34.661807], [138.940839, 34.662015], [138.941411, 34.661992], [138.941513, 34.662246], [138.941281, 34.662505], [138.940593, 34.662764], [138.940498, 34.663023], [138.940048, 34.663153], [138.939319, 34.664026], [138.93872, 34.664398], [138.938066, 34.664516], [138.937616, 34.665001], [138.937058, 34.665249], [138.936833, 34.665559], [138.93639, 34.665767], [138.936172, 34.666071], [138.935866, 34.666229], [138.936172, 34.666606], [138.936543, 34.666787], [138.936887, 34.666668], [138.937821, 34.66673], [138.938066, 34.666623], [138.938202, 34.666702], [138.938495, 34.666471], [138.938856, 34.666477], [138.938938, 34.66664], [138.938713, 34.666905], [138.939646, 34.66806], [138.940001, 34.668302], [138.940777, 34.668263], [138.941233, 34.667981], [138.941288, 34.667221], [138.941601, 34.666697], [138.941921, 34.666437], [138.942357, 34.666398], [138.942814, 34.666742], [138.943141, 34.666787], [138.94387, 34.666635], [138.944149, 34.666167], [138.943952, 34.666015], [138.943979, 34.665891], [138.944285, 34.665418], [138.944476, 34.665238], [138.945781, 34.664794], [138.945825, 34.664545], [138.945654, 34.664105], [138.945164, 34.66406], [138.944687, 34.663846], [138.944626, 34.663677], [138.945797, 34.663356], [138.945866, 34.6633], [138.945518, 34.663176], [138.945811, 34.662759], [138.946697, 34.6625], [138.94763, 34.662708], [138.948345, 34.663181], [138.948407, 34.663339], [138.947644, 34.664134], [138.947705, 34.664612], [138.948332, 34.66499], [138.948338, 34.665187], [138.94718, 34.665294], [138.946806, 34.664871], [138.946656, 34.66486], [138.94633, 34.665027], [138.945791, 34.665711], [138.946349, 34.666151], [138.946554, 34.665919], [138.947017, 34.665857], [138.947671, 34.665998], [138.947998, 34.666381], [138.948475, 34.666162], [138.94889, 34.66677], [138.948945, 34.667164], [138.948699, 34.667362], [138.948965, 34.667626], [138.948938, 34.667981], [138.948631, 34.668522], [138.949374, 34.668748], [138.949626, 34.669407], [138.948759, 34.670549], [138.949054, 34.671596], [138.947858, 34.671749], [138.947895, 34.671874], [138.949091, 34.671719], [138.949162, 34.672224], [138.948897, 34.672254], [138.949072, 34.673289], [138.948129, 34.673394], [138.9482, 34.673806], [138.952811, 34.674207], [138.953052, 34.674414], [138.953727, 34.674014], [138.953816, 34.674144], [138.952799, 34.674707], [138.952799, 34.674952], [138.953622, 34.675132], [138.95443, 34.674934], [138.955872, 34.675827], [138.956612, 34.675909], [138.956652, 34.676817], [138.95736, 34.676843], [138.959849, 34.676246], [138.960408, 34.675733], [138.960518, 34.675021], [138.959992, 34.675069], [138.95914, 34.675364], [138.95894, 34.675009], [138.960136, 34.674677], [138.960718, 34.674755], [138.960824, 34.674989], [138.961375, 34.674804], [138.961593, 34.67457], [138.961669, 34.674302], [138.96154, 34.674129], [138.961646, 34.674037], [138.962172, 34.674], [138.962719, 34.674128], [138.963087, 34.674027], [138.963763, 34.673091], [138.963919, 34.672534], [138.963471, 34.670719], [138.962973, 34.670244], [138.961504, 34.670084], [138.961268, 34.669841], [138.960716, 34.669593], [138.960246, 34.669627], [138.960042, 34.669497], [138.959197, 34.669661], [138.958311, 34.666799], [138.959721, 34.666438], [138.959531, 34.666416], [138.959054, 34.665976], [138.958523, 34.666089], [138.957337, 34.664962], [138.958346, 34.66481], [138.958107, 34.662889], [138.958318, 34.66219], [138.958856, 34.661559], [138.959115, 34.66103], [138.958611, 34.660517], [138.958802, 34.660241], [138.958618, 34.659897], [138.958202, 34.659942], [138.958052, 34.659475], [138.958264, 34.659069], [138.957385, 34.659424], [138.957235, 34.659289], [138.956915, 34.659261], [138.956976, 34.659047], [138.95716, 34.658974], [138.95697, 34.658765], [138.957372, 34.658382], [138.957058, 34.658202], [138.956983, 34.657587], [138.957106, 34.657114], [138.956724, 34.656861], [138.956411, 34.656939], [138.956404, 34.656529], [138.956166, 34.656546], [138.955996, 34.656326], [138.956084, 34.655768], [138.955893, 34.654985], [138.956227, 34.654517], [138.95669, 34.654269], [138.957337, 34.654191], [138.95838, 34.654703], [138.958802, 34.654647], [138.959626, 34.654839], [138.960784, 34.654765], [138.96105, 34.654506], [138.9609, 34.654011], [138.961098, 34.653706], [138.961398, 34.653684], [138.962194, 34.654078], [138.963203, 34.653971], [138.964102, 34.653712], [138.964164, 34.653045], [138.965233, 34.652892], [138.966514, 34.653402], [138.9668, 34.653779], [138.966412, 34.654208], [138.966534, 34.654371], [138.96665, 34.655588], [138.966547, 34.656213], [138.967304, 34.656433], [138.967379, 34.656788], [138.967896, 34.656382], [138.967924, 34.656213], [138.968223, 34.656202], [138.968353, 34.656084], [138.968142, 34.655875], [138.968912, 34.655278], [138.969443, 34.655746], [138.969368, 34.655898], [138.969719, 34.656061], [138.970014, 34.655463], [138.969634, 34.655329], [138.969797, 34.654721], [138.969981, 34.654771], [138.970036, 34.654495], [138.970506, 34.654191], [138.971589, 34.65454], [138.972345, 34.654405], [138.973087, 34.654805], [138.973231, 34.654794], [138.973489, 34.654185], [138.973714, 34.654027], [138.973667, 34.653892], [138.97413, 34.653678], [138.974341, 34.653729], [138.974334, 34.653892], [138.974791, 34.654078], [138.975458, 34.65356], [138.975867, 34.653656], [138.976943, 34.653363], [138.977379, 34.653425], [138.978101, 34.653943], [138.978667, 34.653673], [138.978721, 34.654382], [138.978571, 34.654698], [138.978789, 34.654906], [138.979089, 34.654777], [138.979382, 34.654816], [138.979696, 34.655543], [138.979661, 34.655752], [138.979879, 34.655853], [138.979947, 34.656118], [138.979907, 34.656411], [138.979682, 34.656681], [138.97973, 34.657121], [138.979518, 34.657233], [138.980322, 34.657363], [138.980479, 34.657729], [138.980465, 34.658287], [138.980145, 34.659374], [138.980445, 34.659588], [138.980227, 34.660163], [138.980615, 34.660591], [138.98099, 34.660506], [138.98116, 34.660591], [138.981364, 34.661408], [138.981773, 34.661149], [138.981501, 34.660461], [138.98178, 34.660129], [138.981705, 34.659813], [138.981807, 34.65947], [138.981582, 34.659301], [138.98178, 34.65907], [138.981896, 34.659036], [138.982196, 34.659244], [138.983054, 34.659295], [138.98366, 34.65929], [138.983933, 34.659092], [138.98413, 34.65916], [138.984055, 34.658844], [138.984342, 34.658861], [138.984273, 34.658771], [138.984594, 34.658416], [138.985166, 34.658366], [138.985152, 34.658523], [138.985391, 34.658659], [138.985404, 34.658411], [138.985656, 34.658518], [138.985813, 34.658382], [138.985724, 34.658191], [138.985827, 34.657966], [138.986453, 34.657853], [138.986501, 34.657391], [138.986876, 34.657417], [138.986902, 34.657718], [138.986739, 34.657785], [138.987434, 34.65814], [138.987591, 34.65845], [138.987557, 34.658794], [138.987148, 34.659284], [138.986855, 34.659926], [138.986624, 34.660095], [138.985588, 34.660349], [138.985329, 34.660608], [138.985281, 34.661031], [138.985522, 34.661274], [138.985567, 34.661571], [138.985499, 34.661847], [138.985097, 34.662304], [138.985336, 34.662906], [138.985111, 34.663177], [138.984621, 34.663397], [138.984525, 34.663735], [138.984839, 34.663921], [138.985132, 34.663904], [138.985377, 34.664146], [138.985479, 34.664557], [138.985261, 34.664721], [138.985697, 34.664827], [138.985724, 34.665188], [138.986208, 34.665295], [138.986058, 34.665532], [138.986283, 34.665768], [138.987066, 34.665802], [138.98678, 34.666259], [138.987325, 34.666354], [138.986698, 34.667374], [138.985901, 34.667487], [138.985506, 34.667876], [138.985261, 34.667695], [138.98505, 34.667706], [138.985145, 34.667937], [138.985779, 34.668456], [138.985799, 34.669019], [138.985316, 34.66903], [138.984668, 34.668456], [138.984171, 34.668698], [138.983946, 34.668653], [138.983599, 34.668286], [138.983169, 34.668151], [138.983033, 34.66796], [138.983074, 34.66774], [138.98257, 34.667763], [138.981821, 34.667233], [138.98163, 34.666912], [138.98133, 34.666799], [138.980812, 34.666867], [138.980404, 34.667312], [138.980411, 34.667588], [138.980036, 34.667526], [138.97975, 34.667306], [138.979484, 34.667509], [138.97992, 34.667994], [138.979791, 34.668095], [138.979518, 34.668101], [138.978585, 34.667701], [138.978306, 34.667988], [138.978264, 34.668343], [138.979709, 34.668726], [138.979827, 34.669048], [138.979675, 34.669356], [138.979394, 34.669455], [138.978742, 34.668795], [138.978463, 34.668884], [138.978837, 34.669323], [138.978444, 34.669999], [138.978489, 34.670224], [138.978887, 34.670325], [138.979086, 34.670654], [138.978865, 34.67075], [138.978688, 34.671094], [138.978857, 34.671214], [138.978824, 34.671698], [138.978592, 34.671787], [138.978238, 34.672269], [138.977896, 34.672134], [138.978072, 34.672592], [138.977907, 34.672556], [138.977859, 34.672771], [138.978084, 34.672906], [138.978106, 34.673193], [138.977726, 34.673211], [138.977696, 34.673022], [138.977464, 34.672912], [138.977177, 34.673112], [138.977081, 34.672912], [138.976779, 34.672813], [138.976709, 34.672598], [138.975982, 34.672338], [138.975662, 34.672016], [138.975157, 34.671869], [138.975062, 34.671931], [138.975144, 34.672084], [138.974932, 34.672292], [138.975422, 34.672798], [138.975651, 34.673237], [138.975046, 34.673462], [138.974564, 34.673426], [138.974128, 34.673159], [138.973937, 34.673216], [138.973473, 34.673593], [138.973023, 34.674444], [138.972962, 34.674911], [138.973166, 34.675807], [138.973439, 34.676235], [138.974096, 34.676766], [138.975218, 34.676524], [138.975907, 34.676613], [138.976395, 34.676202], [138.976483, 34.676436], [138.976707, 34.676484], [138.977051, 34.676364], [138.977249, 34.676649], [138.977483, 34.676711], [138.977987, 34.676461], [138.978298, 34.676583], [138.978219, 34.676758], [138.978318, 34.676947], [138.978501, 34.676908], [138.978742, 34.677159], [138.978699, 34.677554], [138.978343, 34.677944], [138.977594, 34.67816], [138.97744, 34.67831], [138.977434, 34.678584], [138.977751, 34.679086], [138.978252, 34.679041], [138.978487, 34.679189], [138.978437, 34.679384], [138.978265, 34.679456], [138.978466, 34.679765], [138.978267, 34.679978], [138.978322, 34.680072], [138.978622, 34.680349], [138.979108, 34.680466], [138.979513, 34.680801], [138.979748, 34.680789], [138.98034, 34.681072], [138.981239, 34.681021], [138.98148, 34.681222], [138.980731, 34.681522], [138.980667, 34.681697], [138.980387, 34.681851], [138.980474, 34.682188], [138.980062, 34.682465], [138.979643, 34.682345], [138.978896, 34.682401], [138.978008, 34.682126], [138.977862, 34.681884], [138.977563, 34.681966], [138.977856, 34.682857], [138.977522, 34.682934], [138.977531, 34.683404], [138.977263, 34.68368], [138.977378, 34.684396], [138.977096, 34.685151], [138.976825, 34.685101], [138.976833, 34.684914], [138.976037, 34.684956], [138.975876, 34.685126], [138.97616, 34.685529], [138.97615, 34.685807], [138.975344, 34.686026], [138.97471, 34.685972], [138.974517, 34.686434], [138.974901, 34.68654], [138.974971, 34.686852], [138.974521, 34.686999], [138.974336, 34.687406], [138.973868, 34.68731], [138.973759, 34.687446], [138.973561, 34.688516], [138.973671, 34.690307], [138.974339, 34.692977], [138.974755, 34.693761], [138.974429, 34.694518], [138.974141, 34.695783], [138.974877, 34.698154], [138.975123, 34.69856], [138.975096, 34.698949], [138.975509, 34.69939], [138.975636, 34.699867], [138.976207, 34.700335], [138.976241, 34.701844], [138.976902, 34.703323], [138.977522, 34.704207], [138.978139, 34.704586], [138.978678, 34.70457], [138.979047, 34.7043], [138.97935, 34.704483], [138.979096, 34.704729], [138.979331, 34.704747], [138.979229, 34.705073], [138.979098, 34.705202], [138.978648, 34.705225], [138.97888, 34.705608], [138.978471, 34.705754], [138.978546, 34.706346], [138.978403, 34.706385], [138.978851, 34.70712], [138.979104, 34.706979], [138.979072, 34.706705], [138.979698, 34.706619], [138.979706, 34.70691], [138.979916, 34.70708], [138.979934, 34.707297], [138.979741, 34.707456], [138.979116, 34.707597], [138.979212, 34.70897], [138.979718, 34.709364], [138.980627, 34.709622], [138.981521, 34.709617], [138.981416, 34.709378], [138.982755, 34.709492], [138.983067, 34.709173], [138.983561, 34.709355], [138.983093, 34.709681], [138.983558, 34.710366], [138.983352, 34.710666], [138.98318, 34.711502], [138.984077, 34.712534], [138.985646, 34.71324], [138.985931, 34.713517], [138.98677, 34.713812], [138.987177, 34.714117], [138.987471, 34.714124], [138.987707, 34.714351], [138.988269, 34.714469], [138.988636, 34.714738], [138.988834, 34.715064], [138.989466, 34.715293], [138.990092, 34.715881], [138.99027, 34.715928], [138.990881, 34.715638], [138.990959, 34.715964], [138.990526, 34.716075], [138.990887, 34.716169], [138.990861, 34.716379], [138.991149, 34.716509], [138.991166, 34.716684], [138.991775, 34.716901], [138.991859, 34.717657], [138.993013, 34.71757], [138.992984, 34.717776]]], [[[138.991134, 34.715636], [138.991202, 34.715568], [138.991324, 34.715625], [138.991134, 34.715636]]], [[[138.990275, 34.715151], [138.99035, 34.715112], [138.990377, 34.71523], [138.990275, 34.715151]]], [[[138.989518, 34.715089], [138.989688, 34.714937], [138.989579, 34.715123], [138.989518, 34.715089]]], [[[138.989784, 34.71505], [138.98992, 34.714999], [138.9899, 34.715117], [138.989784, 34.71505]]], [[[138.989716, 34.714819], [138.989934, 34.714701], [138.989866, 34.714825], [138.989716, 34.714819]]], [[[138.984323, 34.712275], [138.984448, 34.712302], [138.984397, 34.712329], [138.984323, 34.712275]]], [[[138.983966, 34.712144], [138.984022, 34.712112], [138.984061, 34.712149], [138.983966, 34.712144]]], [[[138.984048, 34.709577], [138.984564, 34.709382], [138.984949, 34.709445], [138.98508, 34.70969], [138.985039, 34.710213], [138.98475, 34.71032], [138.984487, 34.710255], [138.984048, 34.709577]]], [[[138.985207, 34.709363], [138.9853, 34.709158], [138.985501, 34.709183], [138.985563, 34.709566], [138.985315, 34.709572], [138.985207, 34.709363]]], [[[138.985824, 34.709426], [138.985932, 34.709317], [138.986004, 34.709476], [138.985901, 34.709543], [138.985824, 34.709426]]], [[[138.984608, 34.708892], [138.984747, 34.708697], [138.985034, 34.708758], [138.984858, 34.708946], [138.984644, 34.708982], [138.984608, 34.708892]]], [[[138.984285, 34.708632], [138.984487, 34.708589], [138.984402, 34.708689], [138.984285, 34.708632]]], [[[138.983509, 34.708172], [138.984084, 34.708182], [138.983875, 34.708354], [138.983509, 34.708172]]], [[[138.983065, 34.708099], [138.983173, 34.707983], [138.983341, 34.708017], [138.983065, 34.708099]]], [[[138.979305, 34.705354], [138.979324, 34.705242], [138.979598, 34.705258], [138.979637, 34.705518], [138.979951, 34.705568], [138.97999, 34.705669], [138.979794, 34.705746], [138.979305, 34.705354]]], [[[138.979941, 34.705258], [138.980215, 34.705227], [138.980022, 34.705303], [138.979941, 34.705258]]], [[[138.979458, 34.705131], [138.979712, 34.705086], [138.979817, 34.705142], [138.979458, 34.705131]]], [[[138.975187, 34.697587], [138.975258, 34.697514], [138.975371, 34.69766], [138.975303, 34.697879], [138.975187, 34.697587]]], [[[138.976301, 34.685856], [138.976542, 34.685968], [138.97637, 34.686027], [138.976301, 34.685856]]], [[[138.980562, 34.682316], [138.980619, 34.682244], [138.980713, 34.682308], [138.980562, 34.682316]]], [[[138.980652, 34.682122], [138.980786, 34.68211], [138.980752, 34.682154], [138.980652, 34.682122]]], [[[138.981354, 34.681552], [138.981399, 34.681481], [138.981462, 34.681508], [138.981354, 34.681552]]], [[[138.983525, 34.678561], [138.983602, 34.678535], [138.983658, 34.678717], [138.983525, 34.678561]]], [[[138.981389, 34.67862], [138.981494, 34.678527], [138.981494, 34.678582], [138.981389, 34.67862]]], [[[138.98538, 34.678098], [138.985491, 34.678086], [138.985435, 34.67814], [138.98538, 34.678098]]], [[[138.979364, 34.677944], [138.979578, 34.677937], [138.97957, 34.678062], [138.979417, 34.67808], [138.979364, 34.677944]]], [[[138.981127, 34.677839], [138.981181, 34.677791], [138.981265, 34.677923], [138.981127, 34.677839]]], [[[138.983709, 34.677829], [138.983847, 34.6778], [138.983739, 34.677872], [138.983709, 34.677829]]], [[[138.980304, 34.677632], [138.980434, 34.677591], [138.98033, 34.677657], [138.980304, 34.677632]]], [[[138.981025, 34.677402], [138.981168, 34.677409], [138.981043, 34.677452], [138.981025, 34.677402]]], [[[138.982761, 34.677394], [138.982851, 34.677329], [138.982814, 34.677423], [138.982761, 34.677394]]], [[[138.983331, 34.677308], [138.983771, 34.677043], [138.983945, 34.677069], [138.983604, 34.67734], [138.983331, 34.677308]]], [[[138.982742, 34.677204], [138.982746, 34.677161], [138.982851, 34.67719], [138.982742, 34.677204]]], [[[138.98247, 34.677058], [138.982566, 34.676996], [138.982564, 34.677089], [138.98247, 34.677058]]], [[[138.983213, 34.677043], [138.983403, 34.676736], [138.983789, 34.676669], [138.983544, 34.677032], [138.983213, 34.677043]]], [[[138.980792, 34.676844], [138.9809, 34.676783], [138.980954, 34.676884], [138.980842, 34.676942], [138.980792, 34.676844]]], [[[138.983784, 34.675601], [138.983859, 34.675592], [138.983864, 34.675657], [138.983784, 34.675601]]], [[[138.980329, 34.675561], [138.98042, 34.675572], [138.980403, 34.675641], [138.980329, 34.675561]]], [[[138.981793, 34.675479], [138.981918, 34.675396], [138.982151, 34.6755], [138.982044, 34.67557], [138.981793, 34.675479]]], [[[138.985401, 34.675153], [138.985562, 34.675091], [138.985539, 34.675197], [138.985401, 34.675153]]], [[[138.984009, 34.675093], [138.984104, 34.675081], [138.984086, 34.675161], [138.984009, 34.675093]]], [[[138.982175, 34.675022], [138.98224, 34.674574], [138.982532, 34.67428], [138.982553, 34.67479], [138.982279, 34.67506], [138.982175, 34.675022]]], [[[138.983966, 34.674879], [138.984096, 34.674818], [138.984047, 34.674917], [138.983966, 34.674879]]], [[[138.983491, 34.674817], [138.983568, 34.674801], [138.983565, 34.674869], [138.983491, 34.674817]]], [[[138.954896, 34.67373], [138.955323, 34.673409], [138.955467, 34.673513], [138.95503, 34.673896], [138.954896, 34.67373]]], [[[138.978599, 34.67355], [138.978654, 34.673481], [138.978936, 34.67358], [138.978896, 34.673764], [138.978599, 34.67355]]], [[[138.978961, 34.67342], [138.979049, 34.673325], [138.979024, 34.673453], [138.978961, 34.67342]]], [[[138.954912, 34.673386], [138.955072, 34.67339], [138.954976, 34.673433], [138.954912, 34.673386]]], [[[138.989613, 34.672711], [138.98973, 34.672642], [138.989802, 34.672718], [138.989698, 34.672817], [138.989613, 34.672711]]], [[[138.978541, 34.672192], [138.978651, 34.672172], [138.978582, 34.672223], [138.978541, 34.672192]]], [[[138.978613, 34.672007], [138.978753, 34.671897], [138.978766, 34.672001], [138.978613, 34.672007]]], [[[138.978919, 34.671407], [138.979036, 34.671328], [138.978974, 34.671525], [138.978919, 34.671407]]], [[[138.979049, 34.670879], [138.979142, 34.670832], [138.979097, 34.670934], [138.979049, 34.670879]]], [[[138.953154, 34.669429], [138.953202, 34.668934], [138.953468, 34.668674], [138.953645, 34.66868], [138.954013, 34.669187], [138.95387, 34.669638], [138.953386, 34.669728], [138.953154, 34.669429]]], [[[138.980175, 34.669516], [138.980237, 34.669373], [138.980302, 34.669488], [138.980175, 34.669516]]], [[[138.954047, 34.669029], [138.954129, 34.66899], [138.954108, 34.669052], [138.954047, 34.669029]]], [[[138.954163, 34.668866], [138.954217, 34.668855], [138.954231, 34.668951], [138.954163, 34.668866]]], [[[138.98167, 34.667402], [138.981759, 34.667374], [138.981874, 34.667542], [138.98167, 34.667402]]], [[[138.949067, 34.667215], [138.949204, 34.667142], [138.949476, 34.667243], [138.949279, 34.667407], [138.949095, 34.667373], [138.949067, 34.667215]]], [[[138.941554, 34.666184], [138.941622, 34.666156], [138.941642, 34.666223], [138.941554, 34.666184]]], [[[138.941758, 34.666116], [138.941846, 34.666071], [138.941881, 34.666105], [138.941758, 34.666116]]], [[[138.942051, 34.666015], [138.942255, 34.665964], [138.942214, 34.666054], [138.942051, 34.666015]]], [[[138.942112, 34.665389], [138.942569, 34.665389], [138.942691, 34.665604], [138.942378, 34.665615], [138.942112, 34.665389]]], [[[138.946664, 34.665395], [138.946792, 34.665319], [138.946984, 34.665474], [138.946868, 34.665554], [138.946664, 34.665395]]], [[[138.945362, 34.664747], [138.945539, 34.664584], [138.945505, 34.664719], [138.945362, 34.664747]]], [[[138.94468, 34.664477], [138.944953, 34.664224], [138.945307, 34.664319], [138.945293, 34.664494], [138.945034, 34.664584], [138.944782, 34.664607], [138.94468, 34.664477]]], [[[138.939953, 34.664426], [138.940041, 34.664415], [138.940034, 34.664494], [138.939953, 34.664426]]], [[[138.948223, 34.663829], [138.948379, 34.663762], [138.948468, 34.663846], [138.94857, 34.664004], [138.948495, 34.66419], [138.948223, 34.663829]]], [[[138.948488, 34.663559], [138.948747, 34.663384], [138.948904, 34.663897], [138.948597, 34.663812], [138.948488, 34.663559]]], [[[138.943577, 34.663773], [138.943679, 34.663778], [138.943659, 34.663852], [138.943577, 34.663773]]], [[[138.949217, 34.663604], [138.949415, 34.663553], [138.949381, 34.66366], [138.949217, 34.663604]]], [[[138.984845, 34.663566], [138.98505, 34.663571], [138.984873, 34.663656], [138.984845, 34.663566]]], [[[138.944401, 34.663581], [138.944524, 34.663536], [138.944544, 34.663587], [138.944401, 34.663581]]], [[[138.942773, 34.663469], [138.942902, 34.663502], [138.942834, 34.663542], [138.942773, 34.663469]]], [[[138.94904, 34.663362], [138.949136, 34.663226], [138.949176, 34.663384], [138.94904, 34.663362]]], [[[138.985438, 34.663312], [138.985595, 34.663115], [138.985602, 34.663323], [138.985438, 34.663312]]], [[[138.95712, 34.662918], [138.957311, 34.662884], [138.957188, 34.662985], [138.95712, 34.662918]]], [[[138.986739, 34.662439], [138.987019, 34.662377], [138.986978, 34.66245], [138.986739, 34.662439]]], [[[138.986112, 34.662219], [138.986249, 34.662236], [138.986344, 34.662433], [138.986112, 34.662219]]], [[[138.985738, 34.662056], [138.98584, 34.661994], [138.985813, 34.662106], [138.985738, 34.662056]]], [[[138.990838, 34.661732], [138.990935, 34.661662], [138.990906, 34.661797], [138.990838, 34.661732]]], [[[138.985826, 34.661724], [138.985881, 34.661667], [138.985929, 34.661769], [138.985826, 34.661724]]], [[[138.940934, 34.661604], [138.94105, 34.661519], [138.941016, 34.661699], [138.940934, 34.661604]]], [[[138.991387, 34.661378], [138.99146, 34.661344], [138.991454, 34.661397], [138.991387, 34.661378]]], [[[138.989825, 34.660653], [138.99013, 34.660224], [138.990091, 34.660045], [138.990779, 34.659763], [138.991412, 34.659684], [138.991454, 34.660042], [138.990847, 34.660614], [138.990897, 34.66076], [138.990541, 34.660811], [138.990397, 34.661081], [138.989825, 34.660653]]], [[[138.940177, 34.660492], [138.940266, 34.660504], [138.940246, 34.660588], [138.940177, 34.660492]]], [[[138.987421, 34.660221], [138.987631, 34.659724], [138.987769, 34.659683], [138.987855, 34.659913], [138.987761, 34.660142], [138.987421, 34.660221]]], [[[138.989189, 34.660153], [138.989664, 34.660042], [138.989593, 34.660208], [138.989428, 34.660169], [138.989339, 34.660265], [138.989189, 34.660153]]], [[[138.940156, 34.660195], [138.940258, 34.660166], [138.940204, 34.660229], [138.940156, 34.660195]]], [[[138.988579, 34.659898], [138.98864, 34.659819], [138.988817, 34.659904], [138.988579, 34.659898]]], [[[138.989522, 34.659796], [138.989696, 34.659743], [138.989576, 34.65983], [138.989522, 34.659796]]], [[[138.988805, 34.659671], [138.988999, 34.65963], [138.989067, 34.659724], [138.988805, 34.659671]]], [[[138.989295, 34.659566], [138.989814, 34.659368], [138.989702, 34.659569], [138.989407, 34.659669], [138.989295, 34.659566]]], [[[138.988873, 34.659489], [138.988966, 34.65947], [138.988949, 34.659501], [138.988873, 34.659489]]], [[[138.982344, 34.658975], [138.982494, 34.658924], [138.982529, 34.658992], [138.982344, 34.658975]]], [[[138.988112, 34.658934], [138.988191, 34.658819], [138.988212, 34.658927], [138.988112, 34.658934]]], [[[138.98291, 34.658768], [138.983046, 34.658684], [138.982978, 34.658819], [138.98291, 34.658768]]], [[[138.935137, 34.658634], [138.935396, 34.658511], [138.935369, 34.658651], [138.935198, 34.658713], [138.935137, 34.658634]]], [[[138.988007, 34.658623], [138.988069, 34.658578], [138.988103, 34.65864], [138.988007, 34.658623]]], [[[138.934878, 34.658567], [138.93498, 34.65855], [138.934892, 34.658601], [138.934878, 34.658567]]], [[[138.989512, 34.658214], [138.989594, 34.658169], [138.989737, 34.658321], [138.989512, 34.658214]]], [[[138.989907, 34.658112], [138.989996, 34.658067], [138.989982, 34.658141], [138.989907, 34.658112]]], [[[138.987491, 34.657867], [138.987579, 34.657839], [138.987593, 34.657968], [138.987491, 34.657867]]], [[[138.982366, 34.657182], [138.982659, 34.656946], [138.983537, 34.656771], [138.983919, 34.656833], [138.984114, 34.657061], [138.984063, 34.657206], [138.983199, 34.657737], [138.982761, 34.657577], [138.982366, 34.657182]]], [[[138.987533, 34.657632], [138.987655, 34.65761], [138.987567, 34.657694], [138.987533, 34.657632]]], [[[138.927021, 34.65738], [138.927116, 34.657279], [138.927163, 34.657302], [138.927021, 34.65738]]], [[[138.92715, 34.656859], [138.927321, 34.656865], [138.927191, 34.656932], [138.92715, 34.656859]]], [[[138.927896, 34.656848], [138.928004, 34.656831], [138.92795, 34.656893], [138.927896, 34.656848]]], [[[138.980274, 34.65625], [138.980424, 34.656149], [138.980424, 34.656227], [138.980274, 34.65625]]], [[[138.926037, 34.655896], [138.926077, 34.655885], [138.926084, 34.655936], [138.926037, 34.655896]]], [[[138.980346, 34.655805], [138.980428, 34.655827], [138.98036, 34.655872], [138.980346, 34.655805]]], [[[138.925778, 34.65562], [138.925846, 34.655614], [138.925846, 34.655671], [138.925778, 34.65562]]], [[[138.97993, 34.655428], [138.980142, 34.655287], [138.980039, 34.655523], [138.97993, 34.655428]]], [[[138.92588, 34.655428], [138.925989, 34.655412], [138.926009, 34.655468], [138.92588, 34.655428]]], [[[138.92588, 34.655181], [138.925962, 34.655169], [138.925907, 34.655226], [138.92588, 34.655181]]], [[[138.925601, 34.655152], [138.925669, 34.655136], [138.925682, 34.655209], [138.925601, 34.655152]]], [[[138.955096, 34.654934], [138.955239, 34.654618], [138.955444, 34.654556], [138.955478, 34.654714], [138.955307, 34.654911], [138.955206, 34.654995], [138.955096, 34.654934]]], [[[138.925259, 34.654924], [138.925347, 34.654856], [138.925347, 34.654969], [138.925259, 34.654924]]], [[[138.959919, 34.654281], [138.960275, 34.654109], [138.960296, 34.654562], [138.959987, 34.654613], [138.959919, 34.654281]]], [[[138.924879, 34.65455], [138.925145, 34.654308], [138.924975, 34.654595], [138.924879, 34.65455]]], [[[138.955682, 34.654427], [138.955921, 34.654055], [138.956186, 34.653942], [138.956029, 34.654455], [138.955798, 34.654585], [138.955682, 34.654427]]], [[[138.954872, 34.654466], [138.954974, 34.654191], [138.955086, 34.654421], [138.954919, 34.65454], [138.954872, 34.654466]]], [[[138.95776, 34.653092], [138.957801, 34.652827], [138.957964, 34.652698], [138.958237, 34.652754], [138.958993, 34.653289], [138.959068, 34.653672], [138.958786, 34.654283], [138.958557, 34.654247], [138.958298, 34.653441], [138.95776, 34.653092]]], [[[138.970239, 34.654048], [138.970443, 34.653873], [138.970307, 34.654144], [138.970239, 34.654048]]], [[[138.97049, 34.653731], [138.970592, 34.653764], [138.970552, 34.653792], [138.97049, 34.653731]]], [[[138.979104, 34.653429], [138.979349, 34.653316], [138.979161, 34.653704], [138.979104, 34.653429]]], [[[138.955782, 34.653465], [138.955959, 34.653347], [138.955939, 34.653527], [138.955782, 34.653465]]], [[[138.9777, 34.65338], [138.977829, 34.653318], [138.977809, 34.653442], [138.9777, 34.65338]]], [[[138.976693, 34.653222], [138.97696, 34.652902], [138.977101, 34.65293], [138.976917, 34.653206], [138.976764, 34.653312], [138.976693, 34.653222]]], [[[138.962338, 34.653013], [138.962413, 34.653019], [138.962467, 34.653177], [138.962338, 34.653013]]], [[[138.961936, 34.653092], [138.962106, 34.65303], [138.962065, 34.653154], [138.961936, 34.653092]]], [[[138.979941, 34.652934], [138.980112, 34.652861], [138.980044, 34.653002], [138.979941, 34.652934]]], [[[138.976056, 34.652694], [138.976124, 34.652689], [138.976104, 34.652937], [138.976056, 34.652694]]], [[[138.962188, 34.65272], [138.962317, 34.652839], [138.962215, 34.652816], [138.962188, 34.65272]]], [[[138.967902, 34.652664], [138.968326, 34.651458], [138.968605, 34.65134], [138.968674, 34.651636], [138.968507, 34.652136], [138.968339, 34.652202], [138.968278, 34.652619], [138.967954, 34.652816], [138.967902, 34.652664]]], [[[138.9643, 34.65205], [138.964388, 34.651487], [138.964763, 34.651081], [138.96524, 34.651013], [138.965601, 34.651222], [138.965723, 34.651802], [138.96526, 34.652574], [138.964572, 34.652523], [138.964327, 34.652287], [138.9643, 34.65205]]], [[[138.978204, 34.652392], [138.978314, 34.652342], [138.978314, 34.652398], [138.978204, 34.652392]]], [[[138.957459, 34.652384], [138.957493, 34.6523], [138.95762, 34.652319], [138.957459, 34.652384]]], [[[138.963107, 34.652222], [138.963158, 34.652122], [138.963196, 34.652234], [138.963107, 34.652222]]], [[[138.962834, 34.652112], [138.962991, 34.651977], [138.963005, 34.652056], [138.962834, 34.652112]]], [[[138.962996, 34.651464], [138.963036, 34.651419], [138.963091, 34.651487], [138.962996, 34.651464]]], [[[138.962682, 34.651451], [138.962805, 34.651406], [138.96275, 34.651473], [138.962682, 34.651451]]], [[[138.962821, 34.651227], [138.962944, 34.651165], [138.962951, 34.651239], [138.962821, 34.651227]]], [[[138.963332, 34.651161], [138.963427, 34.651127], [138.963373, 34.651201], [138.963332, 34.651161]]], [[[138.962001, 34.650792], [138.962111, 34.650758], [138.962172, 34.650894], [138.962001, 34.650792]]], [[[138.962883, 34.650816], [138.962978, 34.650839], [138.962903, 34.650856], [138.962883, 34.650816]]], [[[138.970244, 34.650772], [138.970352, 34.65075], [138.970332, 34.650789], [138.970244, 34.650772]]], [[[138.970416, 34.650676], [138.970552, 34.650592], [138.970472, 34.650711], [138.970416, 34.650676]]], [[[138.917904, 34.650521], [138.918087, 34.650408], [138.91806, 34.650515], [138.917904, 34.650521]]], [[[138.968066, 34.648012], [138.968169, 34.648], [138.968199, 34.648129], [138.968066, 34.648012]]], [[[138.965556, 34.647944], [138.965615, 34.647869], [138.966057, 34.647988], [138.965867, 34.648119], [138.965556, 34.647944]]], [[[138.966885, 34.648083], [138.966956, 34.648041], [138.966987, 34.648077], [138.966885, 34.648083]]], [[[138.96468, 34.648062], [138.96481, 34.648056], [138.964755, 34.648107], [138.96468, 34.648062]]], [[[138.916943, 34.647862], [138.917121, 34.6478], [138.917202, 34.64789], [138.916998, 34.647957], [138.916943, 34.647862]]], [[[138.967955, 34.647736], [138.968081, 34.647659], [138.968111, 34.647857], [138.967955, 34.647736]]], [[[138.965649, 34.647701], [138.965852, 34.647672], [138.965799, 34.647729], [138.965649, 34.647701]]], [[[138.918083, 34.645103], [138.918246, 34.644991], [138.91826, 34.645142], [138.918083, 34.645103]]], [[[138.916698, 34.642532], [138.916927, 34.642166], [138.917346, 34.642002], [138.918081, 34.642605], [138.917754, 34.642752], [138.91725, 34.642786], [138.916698, 34.642532]]], [[[138.918136, 34.641929], [138.918306, 34.641862], [138.91819, 34.641991], [138.918136, 34.641929]]], [[[138.917564, 34.641862], [138.917611, 34.641647], [138.918068, 34.641327], [138.918224, 34.641344], [138.918061, 34.641828], [138.917836, 34.641969], [138.917564, 34.641862]]], [[[138.91559, 34.641152], [138.915693, 34.641148], [138.915624, 34.641183], [138.91559, 34.641152]]], [[[138.916017, 34.640852], [138.916126, 34.640785], [138.916222, 34.640864], [138.916017, 34.640852]]], [[[138.91353, 34.639069], [138.913701, 34.639016], [138.913758, 34.639086], [138.91353, 34.639069]]], [[[138.913599, 34.638887], [138.913633, 34.638814], [138.913735, 34.638842], [138.913599, 34.638887]]], [[[138.913729, 34.636329], [138.913845, 34.636267], [138.913906, 34.63634], [138.913729, 34.636329]]], [[[138.913129, 34.636081], [138.913347, 34.635929], [138.9133, 34.636115], [138.913129, 34.636081]]], [[[138.913586, 34.63539], [138.913702, 34.635361], [138.913702, 34.635418], [138.913586, 34.63539]]], [[[138.914082, 34.635359], [138.914136, 34.635325], [138.91417, 34.635382], [138.914082, 34.635359]]], [[[138.913459, 34.634983], [138.913534, 34.635039], [138.913473, 34.635022], [138.913459, 34.634983]]], [[[138.913034, 34.634854], [138.913082, 34.634831], [138.91313, 34.634904], [138.913034, 34.634854]]], [[[138.913345, 34.634786], [138.913426, 34.634729], [138.91342, 34.634797], [138.913345, 34.634786]]], [[[138.912714, 34.634703], [138.912803, 34.634681], [138.912776, 34.634737], [138.912714, 34.634703]]], [[[138.912217, 34.634341], [138.912278, 34.634262], [138.912339, 34.634374], [138.912217, 34.634341]]], [[[138.913068, 34.634284], [138.913136, 34.634262], [138.913177, 34.634312], [138.913068, 34.634284]]], [[[138.914056, 34.634253], [138.914137, 34.634242], [138.914097, 34.634281], [138.914056, 34.634253]]], [[[138.91389, 34.634039], [138.913986, 34.633971], [138.913972, 34.634044], [138.91389, 34.634039]]], [[[138.911113, 34.63389], [138.911188, 34.633861], [138.911195, 34.633957], [138.911113, 34.63389]]], [[[138.910596, 34.633895], [138.910739, 34.633766], [138.910834, 34.633895], [138.910596, 34.633895]]], [[[138.913436, 34.633642], [138.913545, 34.633636], [138.913443, 34.633698], [138.913436, 34.633642]]], [[[138.912534, 34.632906], [138.912637, 34.632882], [138.912973, 34.633209], [138.913021, 34.633412], [138.912814, 34.633401], [138.912534, 34.632906]]], [[[138.909642, 34.632774], [138.909771, 34.632549], [138.909751, 34.632932], [138.909642, 34.632774]]], [[[138.910289, 34.632588], [138.910439, 34.632549], [138.910439, 34.632656], [138.910289, 34.632588]]], [[[138.909131, 34.631872], [138.909349, 34.631726], [138.909315, 34.631923], [138.909131, 34.631872]]], [[[138.908382, 34.631625], [138.90847, 34.631591], [138.908491, 34.631659], [138.908382, 34.631625]]], [[[138.90644, 34.631231], [138.906611, 34.631197], [138.906645, 34.631473], [138.90644, 34.631231]]], [[[138.905521, 34.63105], [138.905602, 34.631022], [138.905582, 34.631123], [138.905521, 34.63105]]], [[[138.9058, 34.630729], [138.906141, 34.630582], [138.906011, 34.630881], [138.9058, 34.630729]]], [[[138.942765, 34.57734], [138.942961, 34.577262], [138.942869, 34.577363], [138.942765, 34.57734]]], [[[138.941352, 34.577293], [138.941421, 34.577171], [138.941421, 34.577254], [138.941352, 34.577293]]], [[[138.942862, 34.577088], [138.943032, 34.577025], [138.943156, 34.577169], [138.942862, 34.577088]]], [[[138.94336, 34.577019], [138.943477, 34.57697], [138.943443, 34.577117], [138.94336, 34.577019]]], [[[138.942563, 34.576913], [138.942729, 34.576908], [138.942662, 34.57697], [138.942563, 34.576913]]], [[[138.939126, 34.576352], [138.939225, 34.576304], [138.939336, 34.57648], [138.939284, 34.576614], [138.939126, 34.576352]]], [[[138.939813, 34.57643], [138.939937, 34.57646], [138.939912, 34.576573], [138.939813, 34.57643]]], [[[138.939774, 34.575728], [138.939913, 34.575618], [138.94045, 34.575882], [138.940472, 34.575201], [138.941556, 34.574874], [138.941539, 34.574314], [138.940951, 34.574716], [138.940784, 34.574688], [138.94073, 34.574539], [138.941199, 34.574132], [138.941301, 34.573837], [138.942035, 34.573717], [138.942225, 34.573584], [138.942497, 34.57369], [138.942511, 34.573828], [138.942777, 34.573724], [138.943062, 34.573814], [138.94334, 34.57361], [138.943343, 34.57383], [138.942935, 34.574087], [138.943139, 34.574249], [138.943119, 34.574461], [138.942893, 34.574717], [138.942534, 34.574784], [138.942276, 34.5751], [138.942342, 34.575652], [138.941856, 34.576019], [138.941698, 34.576016], [138.941491, 34.576269], [138.94097, 34.576538], [138.940741, 34.576503], [138.940393, 34.576348], [138.94028, 34.576111], [138.940068, 34.576061], [138.939774, 34.575728]]], [[[138.941333, 34.576479], [138.941559, 34.5764], [138.941454, 34.576519], [138.941333, 34.576479]]], [[[138.941741, 34.57629], [138.94194, 34.576126], [138.941949, 34.576199], [138.941741, 34.57629]]], [[[138.939513, 34.575995], [138.939621, 34.575932], [138.939652, 34.576083], [138.939513, 34.575995]]], [[[138.94276, 34.575741], [138.942955, 34.575691], [138.942809, 34.575798], [138.94276, 34.575741]]], [[[138.94327, 34.575342], [138.943434, 34.575336], [138.943293, 34.575395], [138.94327, 34.575342]]], [[[138.943052, 34.575152], [138.943167, 34.575022], [138.943153, 34.575164], [138.943052, 34.575152]]], [[[138.943582, 34.574872], [138.943646, 34.574775], [138.943659, 34.574873], [138.943582, 34.574872]]], [[[138.944224, 34.574618], [138.944366, 34.574557], [138.944327, 34.574672], [138.944224, 34.574618]]], [[[138.940208, 34.573575], [138.940402, 34.573506], [138.940284, 34.573655], [138.940208, 34.573575]]], [[[138.940845, 34.573606], [138.940917, 34.573591], [138.940898, 34.57365], [138.940845, 34.573606]]], [[[138.941799, 34.573369], [138.941946, 34.573211], [138.941974, 34.573353], [138.941799, 34.573369]]], [[[138.940822, 34.57319], [138.94102, 34.5731], [138.940985, 34.573247], [138.940822, 34.57319]]], [[[138.94009, 34.573059], [138.940272, 34.572868], [138.940555, 34.573007], [138.940383, 34.573136], [138.94009, 34.573059]]], [[[138.943551, 34.572246], [138.943777, 34.572171], [138.943698, 34.57228], [138.943551, 34.572246]]]]}}, {"type": "Feature", "properties": {"pref_code": "22", "pref_name": "静岡県", "municipality_code": "22220", "municipality_name": "裾野市", "ward_name": "", "display_name": "裾野市", "geometry_key": "22220"}, "geometry": {"type": "Polygon", "coordinates": [[[138.976074, 35.235553], [138.975067, 35.235279], [138.974393, 35.234657], [138.971735, 35.232928], [138.970784, 35.232084], [138.967965, 35.2306], [138.966374, 35.230061], [138.964897, 35.229346], [138.964029, 35.229059], [138.961451, 35.228755], [138.959768, 35.228805], [138.958913, 35.228977], [138.957927, 35.229551], [138.9566, 35.230046], [138.95557, 35.230048], [138.952839, 35.229634], [138.951639, 35.229138], [138.950259, 35.228764], [138.948199, 35.228518], [138.946974, 35.227923], [138.945548, 35.227803], [138.944794, 35.227289], [138.943037, 35.227022], [138.941474, 35.226372], [138.940373, 35.226344], [138.939389, 35.225935], [138.938918, 35.225917], [138.938287, 35.226085], [138.937893, 35.226022], [138.936629, 35.224975], [138.935622, 35.224621], [138.934833, 35.224101], [138.934276, 35.224199], [138.933518, 35.223981], [138.932887, 35.224074], [138.932371, 35.223726], [138.931349, 35.223448], [138.930621, 35.222765], [138.930041, 35.222735], [138.929502, 35.222525], [138.929212, 35.22207], [138.929089, 35.221486], [138.929052, 35.219586], [138.928651, 35.21939], [138.92819, 35.219401], [138.928087, 35.219056], [138.927433, 35.219181], [138.927034, 35.219043], [138.926023, 35.218275], [138.925152, 35.217849], [138.924224, 35.217104], [138.92493, 35.216654], [138.924226, 35.215373], [138.924666, 35.215117], [138.924524, 35.214817], [138.924089, 35.215006], [138.924109, 35.215141], [138.923352, 35.215356], [138.923124, 35.215236], [138.921976, 35.215211], [138.921874, 35.215659], [138.921407, 35.216418], [138.92214, 35.217185], [138.922007, 35.217623], [138.92287, 35.218053], [138.922935, 35.218494], [138.923276, 35.218984], [138.923666, 35.219177], [138.924272, 35.219152], [138.924738, 35.219369], [138.924865, 35.219656], [138.92551, 35.219814], [138.925241, 35.220788], [138.923654, 35.220933], [138.923005, 35.221432], [138.920471, 35.221741], [138.920327, 35.221173], [138.919736, 35.220459], [138.917759, 35.219381], [138.917198, 35.218859], [138.917106, 35.21916], [138.917262, 35.219891], [138.917046, 35.220253], [138.916506, 35.220858], [138.915237, 35.221376], [138.914507, 35.222154], [138.914037, 35.223214], [138.913998, 35.224197], [138.913022, 35.225552], [138.910676, 35.226936], [138.909923, 35.22783], [138.908978, 35.22787], [138.90851, 35.227778], [138.90777, 35.226949], [138.905147, 35.22708], [138.903538, 35.228556], [138.902927, 35.229485], [138.900218, 35.230524], [138.898957, 35.233069], [138.898249, 35.233585], [138.897206, 35.234056], [138.896863, 35.234384], [138.896756, 35.234788], [138.896957, 35.236169], [138.896412, 35.237383], [138.89648, 35.238919], [138.897799, 35.246977], [138.893561, 35.251295], [138.889711, 35.251637], [138.888615, 35.251608], [138.8846, 35.253992], [138.884218, 35.254942], [138.884112, 35.255991], [138.883753, 35.257136], [138.882718, 35.258629], [138.882342, 35.259969], [138.881724, 35.260494], [138.881724, 35.261056], [138.881366, 35.261652], [138.881948, 35.262845], [138.881648, 35.263894], [138.881031, 35.264719], [138.880025, 35.265297], [138.879742, 35.266107], [138.879795, 35.266603], [138.879396, 35.267786], [138.879254, 35.267891], [138.878502, 35.267805], [138.876232, 35.269799], [138.875497, 35.270161], [138.875238, 35.27092], [138.874773, 35.271564], [138.874603, 35.272217], [138.874291, 35.272632], [138.874114, 35.273462], [138.874144, 35.274149], [138.874614, 35.275289], [138.874938, 35.276558], [138.875655, 35.277578], [138.876332, 35.278089], [138.875744, 35.278995], [138.875308, 35.279176], [138.874749, 35.27983], [138.871633, 35.280832], [138.870423, 35.281558], [138.869889, 35.281601], [138.867916, 35.282297], [138.868135, 35.281053], [138.867671, 35.279624], [138.867136, 35.279097], [138.865873, 35.278642], [138.865531, 35.278244], [138.864523, 35.278144], [138.863726, 35.277831], [138.863454, 35.277533], [138.862831, 35.27744], [138.862279, 35.276822], [138.861841, 35.276608], [138.860464, 35.276182], [138.85936, 35.27616], [138.858334, 35.275392], [138.857712, 35.275207], [138.857431, 35.275164], [138.85701, 35.275413], [138.856239, 35.275463], [138.855038, 35.275229], [138.854564, 35.275549], [138.853337, 35.27574], [138.851215, 35.275093], [138.847156, 35.273066], [138.845, 35.271708], [138.842072, 35.270122], [138.839748, 35.268629], [138.838328, 35.267334], [138.837513, 35.267085], [138.836391, 35.266481], [138.834971, 35.266004], [138.832095, 35.265521], [138.827904, 35.26503], [138.825082, 35.263764], [138.824161, 35.264212], [138.823714, 35.26412], [138.823565, 35.263921], [138.822942, 35.263665], [138.821759, 35.264169], [138.821127, 35.264198], [138.820566, 35.264553], [138.819795, 35.264567], [138.819181, 35.264347], [138.818471, 35.264653], [138.817463, 35.264838], [138.816665, 35.264724], [138.815701, 35.26429], [138.812159, 35.264326], [138.810151, 35.265982], [138.809256, 35.266061], [138.80859, 35.266388], [138.807547, 35.26658], [138.806635, 35.267149], [138.805802, 35.267974], [138.80489, 35.269261], [138.803251, 35.27], [138.801979, 35.271024], [138.800629, 35.2717], [138.799419, 35.272717], [138.798271, 35.273108], [138.797447, 35.274871], [138.795991, 35.27635], [138.796105, 35.276848], [138.798841, 35.281164], [138.80041, 35.28398], [138.799867, 35.285949], [138.799516, 35.28671], [138.797789, 35.289185], [138.797324, 35.290131], [138.79642, 35.291141], [138.795859, 35.29139], [138.794746, 35.29161], [138.794535, 35.29161], [138.793983, 35.291255], [138.793571, 35.291248], [138.792238, 35.291632], [138.790827, 35.292344], [138.789406, 35.292252], [138.788959, 35.292387], [138.788503, 35.293041], [138.788258, 35.293759], [138.787127, 35.294805], [138.785969, 35.295523], [138.785732, 35.296305], [138.785075, 35.297144], [138.783979, 35.297521], [138.782471, 35.298716], [138.781445, 35.298944], [138.780796, 35.298453], [138.780577, 35.298439], [138.779236, 35.298858], [138.77871, 35.299327], [138.777956, 35.299719], [138.777175, 35.300913], [138.775781, 35.301688], [138.772984, 35.306339], [138.773536, 35.315292], [138.76789, 35.319985], [138.766207, 35.321109], [138.762718, 35.322915], [138.758965, 35.32433], [138.757817, 35.326072], [138.756931, 35.327096], [138.751925, 35.331363], [138.751715, 35.331469], [138.749471, 35.331], [138.758749, 35.307708], [138.758648, 35.296537], [138.77449, 35.268075], [138.775899, 35.265237], [138.776261, 35.264847], [138.778512, 35.260841], [138.78263, 35.254001], [138.783254, 35.25366], [138.78439, 35.253486], [138.785523, 35.253084], [138.786807, 35.252883], [138.787237, 35.252403], [138.78741, 35.251788], [138.788476, 35.251498], [138.789094, 35.250812], [138.789386, 35.250182], [138.788959, 35.249127], [138.789132, 35.246901], [138.789314, 35.246227], [138.789252, 35.245034], [138.789951, 35.242829], [138.790703, 35.241398], [138.791522, 35.240522], [138.791701, 35.240049], [138.791799, 35.239047], [138.792077, 35.238591], [138.792814, 35.238233], [138.793952, 35.238231], [138.794552, 35.237536], [138.795586, 35.235642], [138.795839, 35.234261], [138.795319, 35.233564], [138.795275, 35.232694], [138.795018, 35.23212], [138.795009, 35.2311], [138.79529, 35.230318], [138.795039, 35.229439], [138.795675, 35.227765], [138.796045, 35.227288], [138.796448, 35.227092], [138.797045, 35.227831], [138.797953, 35.227666], [138.798433, 35.227697], [138.798705, 35.227467], [138.799726, 35.228211], [138.799914, 35.228204], [138.801189, 35.227557], [138.801723, 35.22747], [138.802117, 35.227116], [138.802792, 35.227283], [138.803216, 35.227131], [138.804069, 35.226595], [138.804631, 35.226046], [138.805816, 35.225423], [138.806281, 35.225234], [138.807084, 35.225176], [138.807679, 35.224907], [138.808667, 35.224111], [138.809819, 35.223873], [138.810971, 35.223282], [138.811332, 35.222732], [138.81144, 35.222079], [138.81184, 35.221141], [138.812694, 35.221166], [138.814117, 35.220529], [138.81564, 35.220161], [138.817473, 35.220202], [138.818052, 35.220032], [138.819906, 35.218298], [138.822329, 35.217482], [138.823502, 35.216753], [138.824088, 35.216099], [138.824923, 35.21544], [138.825646, 35.215571], [138.826126, 35.215522], [138.827702, 35.214782], [138.828736, 35.214152], [138.828986, 35.213881], [138.828995, 35.213437], [138.830544, 35.211725], [138.831529, 35.210696], [138.833001, 35.20964], [138.834861, 35.208933], [138.836302, 35.207899], [138.837759, 35.207434], [138.838962, 35.206717], [138.840687, 35.206012], [138.842039, 35.205596], [138.843502, 35.205342], [138.846512, 35.204047], [138.847332, 35.203887], [138.848449, 35.202862], [138.85023, 35.202313], [138.851268, 35.202537], [138.851652, 35.201979], [138.852376, 35.201309], [138.854691, 35.20006], [138.854993, 35.199366], [138.85612, 35.198025], [138.8572, 35.197461], [138.858208, 35.197126], [138.859251, 35.196458], [138.862204, 35.195768], [138.863238, 35.195366], [138.864188, 35.194219], [138.864206, 35.193475], [138.864644, 35.192104], [138.865757, 35.19074], [138.86594, 35.190111], [138.866422, 35.189704], [138.867052, 35.188861], [138.867705, 35.188539], [138.868193, 35.18763], [138.868777, 35.187267], [138.869372, 35.186398], [138.869648, 35.185737], [138.869656, 35.184821], [138.870115, 35.184072], [138.870246, 35.183431], [138.870171, 35.182736], [138.870554, 35.182127], [138.871117, 35.180441], [138.871715, 35.180283], [138.872721, 35.179764], [138.873362, 35.179922], [138.873626, 35.179825], [138.874206, 35.179168], [138.874936, 35.178834], [138.875095, 35.17834], [138.875467, 35.178355], [138.875993, 35.178611], [138.876621, 35.178227], [138.876858, 35.177739], [138.877165, 35.177511], [138.878447, 35.177432], [138.878776, 35.177288], [138.879003, 35.176512], [138.879416, 35.17619], [138.880298, 35.175815], [138.880556, 35.175354], [138.880633, 35.174625], [138.880895, 35.174074], [138.881214, 35.173843], [138.88192, 35.173606], [138.883253, 35.172124], [138.88541, 35.171407], [138.885958, 35.170614], [138.887136, 35.170513], [138.887472, 35.17038], [138.887713, 35.17005], [138.887751, 35.169382], [138.888533, 35.168723], [138.888578, 35.168196], [138.88912, 35.167697], [138.889899, 35.167504], [138.890056, 35.167336], [138.890091, 35.166907], [138.88995, 35.166674], [138.890091, 35.166379], [138.892491, 35.165671], [138.892764, 35.164844], [138.894105, 35.164562], [138.894387, 35.16358], [138.895053, 35.163379], [138.89468, 35.162926], [138.894786, 35.162246], [138.89582, 35.16124], [138.896339, 35.160998], [138.896758, 35.16045], [138.897271, 35.160269], [138.897307, 35.159951], [138.898694, 35.159296], [138.899057, 35.159525], [138.89994, 35.159366], [138.901538, 35.161632], [138.902537, 35.161199], [138.902027, 35.160458], [138.901972, 35.158521], [138.901549, 35.157488], [138.900711, 35.156546], [138.899335, 35.155581], [138.898856, 35.155012], [138.898604, 35.154419], [138.898649, 35.152373], [138.898503, 35.151653], [138.898563, 35.151501], [138.901241, 35.150851], [138.901271, 35.149897], [138.901437, 35.149398], [138.901912, 35.149186], [138.902673, 35.149721], [138.902491, 35.150339], [138.902628, 35.151554], [138.902698, 35.151636], [138.903107, 35.15153], [138.903944, 35.150437], [138.90406, 35.149648], [138.904322, 35.149186], [138.904821, 35.148952], [138.904993, 35.148584], [138.905434, 35.148615], [138.905784, 35.151689], [138.905971, 35.151886], [138.907368, 35.152545], [138.906904, 35.153183], [138.906939, 35.153457], [138.907363, 35.153768], [138.907398, 35.153969], [138.907106, 35.154464], [138.907388, 35.154775], [138.907792, 35.154807], [138.908215, 35.155008], [138.90819, 35.156027], [138.908311, 35.156162], [138.90933, 35.156518], [138.90938, 35.156743], [138.909194, 35.157127], [138.909305, 35.157356], [138.910848, 35.157049], [138.911271, 35.157442], [138.911972, 35.15851], [138.913021, 35.159521], [138.914146, 35.15993], [138.914867, 35.160576], [138.915608, 35.160994], [138.916461, 35.162082], [138.916546, 35.162888], [138.916244, 35.163657], [138.916264, 35.164296], [138.916546, 35.164566], [138.916874, 35.164672], [138.917257, 35.165192], [138.91822, 35.165806], [138.918599, 35.166371], [138.919526, 35.16619], [138.919965, 35.16626], [138.920121, 35.166391], [138.920293, 35.167716], [138.920116, 35.167933], [138.920676, 35.168363], [138.920892, 35.168707], [138.920983, 35.168903], [138.920787, 35.169051], [138.920822, 35.169194], [138.921926, 35.169566], [138.922108, 35.169949], [138.922813, 35.17045], [138.922925, 35.170832], [138.923211, 35.171155], [138.924113, 35.171143], [138.924606, 35.171331], [138.924981, 35.171275], [138.925761, 35.171019], [138.926514, 35.170555], [138.926898, 35.17095], [138.927671, 35.171182], [138.928134, 35.171079], [138.92873, 35.170646], [138.929235, 35.170654], [138.929574, 35.170797], [138.929677, 35.171225], [138.929913, 35.171451], [138.931062, 35.172039], [138.931601, 35.172122], [138.932617, 35.172777], [138.93384, 35.173063], [138.934458, 35.173091], [138.93524, 35.173017], [138.935889, 35.172734], [138.936988, 35.172469], [138.937727, 35.172071], [138.939418, 35.17162], [138.941064, 35.171653], [138.942111, 35.171843], [138.943916, 35.171475], [138.945218, 35.171814], [138.946103, 35.170972], [138.947369, 35.171046], [138.948101, 35.171356], [138.949157, 35.171251], [138.949792, 35.171758], [138.950665, 35.172008], [138.951235, 35.172304], [138.952802, 35.173852], [138.954399, 35.173922], [138.955062, 35.174055], [138.955442, 35.174264], [138.956589, 35.175052], [138.956906, 35.17553], [138.958022, 35.176563], [138.958308, 35.176658], [138.959131, 35.176493], [138.959577, 35.176611], [138.959961, 35.177207], [138.960776, 35.177418], [138.961143, 35.177676], [138.961206, 35.177921], [138.961041, 35.178386], [138.961127, 35.178701], [138.962786, 35.179682], [138.963805, 35.179808], [138.96546, 35.179512], [138.967184, 35.180263], [138.967912, 35.180392], [138.968479, 35.180778], [138.96923, 35.180232], [138.97002, 35.180259], [138.970576, 35.180006], [138.971289, 35.179938], [138.972214, 35.18005], [138.973351, 35.179725], [138.974026, 35.179822], [138.974737, 35.18013], [138.97551, 35.180116], [138.976027, 35.180356], [138.977027, 35.180074], [138.977499, 35.180222], [138.978214, 35.180685], [138.979047, 35.180757], [138.980249, 35.181107], [138.980969, 35.180898], [138.981794, 35.181105], [138.983328, 35.180821], [138.984184, 35.180954], [138.985117, 35.181281], [138.986014, 35.182198], [138.987268, 35.182789], [138.988329, 35.183905], [138.988973, 35.184092], [138.990197, 35.184147], [138.991768, 35.185478], [138.994215, 35.186262], [138.995434, 35.186982], [138.996614, 35.188065], [138.99732, 35.188387], [138.997715, 35.188733], [138.998499, 35.188845], [138.99943, 35.189431], [139.000022, 35.189563], [139.000647, 35.189477], [139.001594, 35.189805], [139.001238, 35.19024], [139.001136, 35.190709], [139.000632, 35.190842], [138.998556, 35.193368], [138.998189, 35.193722], [138.996544, 35.194704], [138.995043, 35.196974], [138.993054, 35.198813], [138.992012, 35.199076], [138.991266, 35.199415], [138.989679, 35.20055], [138.987677, 35.200881], [138.988094, 35.202844], [138.987393, 35.203692], [138.986421, 35.205442], [138.987157, 35.206914], [138.987294, 35.208073], [138.988097, 35.209045], [138.988352, 35.211346], [138.987686, 35.212815], [138.985876, 35.213797], [138.984862, 35.214734], [138.98412, 35.215741], [138.983154, 35.216421], [138.982281, 35.217585], [138.982125, 35.218073], [138.98223, 35.218627], [138.982055, 35.21963], [138.982612, 35.220504], [138.983645, 35.221676], [138.983524, 35.222904], [138.983298, 35.223328], [138.982189, 35.224101], [138.982236, 35.224949], [138.981669, 35.226025], [138.980776, 35.226573], [138.980923, 35.227522], [138.980611, 35.228215], [138.979109, 35.228981], [138.979011, 35.22995], [138.979116, 35.230572], [138.978778, 35.231079], [138.979514, 35.233217], [138.978089, 35.234611], [138.976074, 35.235553]]]}}, {"type": "Feature", "properties": {"pref_code": "22", "pref_name": "静岡県", "municipality_code": "22221", "municipality_name": "湖西市", "ward_name": "", "display_name": "湖西市", "geometry_key": "22221"}, "geometry": {"type": "Polygon", "coordinates": [[[137.484966, 34.673937], [137.487664, 34.674365], [137.493105, 34.674833], [137.502227, 34.675948], [137.504947, 34.676106], [137.510162, 34.676811], [137.512862, 34.676799], [137.516543, 34.677143], [137.517497, 34.676997], [137.519911, 34.677205], [137.521008, 34.677127], [137.522604, 34.677194], [137.523851, 34.677358], [137.525092, 34.677679], [137.52713, 34.677752], [137.529844, 34.678073], [137.53253, 34.678219], [137.535073, 34.678141], [137.538468, 34.678558], [137.542899, 34.678507], [137.545176, 34.678879], [137.550105, 34.679003], [137.553507, 34.678862], [137.556438, 34.679127], [137.557543, 34.679026], [137.559397, 34.67915], [137.562656, 34.679111], [137.567844, 34.679466], [137.570809, 34.679201], [137.574988, 34.679399], [137.577619, 34.679275], [137.579664, 34.679399], [137.580707, 34.679157], [137.583216, 34.67936], [137.584682, 34.679303], [137.586297, 34.679394], [137.591131, 34.67909], [137.591635, 34.678938], [137.592678, 34.678853], [137.593893, 34.678414], [137.595099, 34.677716], [137.597725, 34.678049], [137.598507, 34.692183], [137.59612, 34.693074], [137.592933, 34.693999], [137.589558, 34.694457], [137.568723, 34.720561], [137.547878, 34.768735], [137.548397, 34.769512], [137.547401, 34.769933], [137.547106, 34.770241], [137.545471, 34.7712], [137.544133, 34.771725], [137.542154, 34.773379], [137.539591, 34.773567], [137.537616, 34.773293], [137.536721, 34.773052], [137.536159, 34.773079], [137.535644, 34.772904], [137.534092, 34.773051], [137.533869, 34.772922], [137.533061, 34.771524], [137.532449, 34.771268], [137.531734, 34.771149], [137.531424, 34.770889], [137.530944, 34.770809], [137.530353, 34.770229], [137.529843, 34.769929], [137.529509, 34.769311], [137.528254, 34.76917], [137.526982, 34.768383], [137.526142, 34.768164], [137.52541, 34.767752], [137.524576, 34.768195], [137.523593, 34.768518], [137.523376, 34.768855], [137.523535, 34.769012], [137.523522, 34.769239], [137.522893, 34.769564], [137.52258, 34.769635], [137.521012, 34.769491], [137.520312, 34.770199], [137.5181, 34.770614], [137.5173, 34.770976], [137.516858, 34.771502], [137.516626, 34.771603], [137.516066, 34.77162], [137.513799, 34.771292], [137.513276, 34.771536], [137.512842, 34.771088], [137.511961, 34.771064], [137.511198, 34.771746], [137.510297, 34.772079], [137.509184, 34.772986], [137.50828, 34.773923], [137.507559, 34.774429], [137.506427, 34.775842], [137.505034, 34.776182], [137.503972, 34.776786], [137.502724, 34.778046], [137.502129, 34.779481], [137.50151, 34.779612], [137.500857, 34.780115], [137.500149, 34.780284], [137.499237, 34.780757], [137.498384, 34.78157], [137.497357, 34.781999], [137.496609, 34.782838], [137.496561, 34.783911], [137.495679, 34.784509], [137.495014, 34.785177], [137.493893, 34.78576], [137.492942, 34.786866], [137.492402, 34.7865], [137.491696, 34.785618], [137.491224, 34.785249], [137.489202, 34.784215], [137.48805, 34.783854], [137.485637, 34.783557], [137.484431, 34.783003], [137.481951, 34.78224], [137.481155, 34.780808], [137.478928, 34.778991], [137.477974, 34.776759], [137.477814, 34.775778], [137.476718, 34.774786], [137.476698, 34.774371], [137.477125, 34.773684], [137.479053, 34.771407], [137.476922, 34.768354], [137.476755, 34.767806], [137.477036, 34.765264], [137.477147, 34.762522], [137.477519, 34.760017], [137.476974, 34.759229], [137.476751, 34.758461], [137.477219, 34.757682], [137.477442, 34.756665], [137.477353, 34.756537], [137.476351, 34.756244], [137.474911, 34.755135], [137.474819, 34.754208], [137.475009, 34.753346], [137.475172, 34.753164], [137.475083, 34.752977], [137.475294, 34.751159], [137.474107, 34.749941], [137.474579, 34.749147], [137.475251, 34.748346], [137.47558, 34.748152], [137.475624, 34.747319], [137.476101, 34.746344], [137.476618, 34.745992], [137.478116, 34.745444], [137.479351, 34.742964], [137.479318, 34.742158], [137.480021, 34.741449], [137.480551, 34.740683], [137.480533, 34.740528], [137.48026, 34.740318], [137.479322, 34.739947], [137.479541, 34.736422], [137.478261, 34.735843], [137.478609, 34.735624], [137.478231, 34.735464], [137.478607, 34.734101], [137.478881, 34.733715], [137.480199, 34.732593], [137.480832, 34.732321], [137.481054, 34.732013], [137.481337, 34.731872], [137.481037, 34.731622], [137.481436, 34.731117], [137.481436, 34.730952], [137.480583, 34.730746], [137.481038, 34.730124], [137.480269, 34.729448], [137.480734, 34.726539], [137.481969, 34.72622], [137.482287, 34.725997], [137.482199, 34.72383], [137.482451, 34.722622], [137.481884, 34.721581], [137.481859, 34.721266], [137.482062, 34.720646], [137.48272, 34.719841], [137.484477, 34.718943], [137.485809, 34.717988], [137.486384, 34.717804], [137.487314, 34.717102], [137.487762, 34.716423], [137.488472, 34.71459], [137.488637, 34.712633], [137.489637, 34.711465], [137.489511, 34.708442], [137.489888, 34.705648], [137.490421, 34.704518], [137.491399, 34.703299], [137.49179, 34.70246], [137.49033, 34.696644], [137.490281, 34.695886], [137.490652, 34.694917], [137.490043, 34.693799], [137.48888, 34.68947], [137.488929, 34.689194], [137.489273, 34.688803], [137.487819, 34.687054], [137.486257, 34.685936], [137.48609, 34.685484], [137.485669, 34.685389], [137.485893, 34.684529], [137.485414, 34.684222], [137.48468, 34.684032], [137.484755, 34.683338], [137.485277, 34.681976], [137.485911, 34.679614], [137.485391, 34.678329], [137.485377, 34.678013], [137.484949, 34.677589], [137.484521, 34.67667], [137.484927, 34.675007], [137.484966, 34.673937]]]}}, {"type": "Feature", "properties": {"pref_code": "22", "pref_name": "静岡県", "municipality_code": "22222", "municipality_name": "伊豆市", "ward_name": "", "display_name": "伊豆市", "geometry_key": "22222"}, "geometry": {"type": "MultiPolygon", "coordinates": [[[[139.047219, 35.013288], [139.045684, 35.013671], [139.044868, 35.014239], [139.04371, 35.014547], [139.040504, 35.015021], [139.03757, 35.014831], [139.036187, 35.014912], [139.03474, 35.015312], [139.033888, 35.015743], [139.033007, 35.01582], [139.032468, 35.016137], [139.032073, 35.016129], [139.031724, 35.015852], [139.032035, 35.015599], [139.033698, 35.015561], [139.03391, 35.015441], [139.033851, 35.014774], [139.03397, 35.014425], [139.034671, 35.013895], [139.034856, 35.013544], [139.033983, 35.012783], [139.033875, 35.012472], [139.03407, 35.011961], [139.034571, 35.011453], [139.034839, 35.01072], [139.03391, 35.010065], [139.033703, 35.009564], [139.031556, 35.009255], [139.031387, 35.009089], [139.031611, 35.008714], [139.031655, 35.008406], [139.031503, 35.008283], [139.030605, 35.008378], [139.030237, 35.008206], [139.028932, 35.006039], [139.028496, 35.005043], [139.027679, 35.005219], [139.026716, 35.005232], [139.026072, 35.004759], [139.024776, 35.004812], [139.024577, 35.004616], [139.024607, 35.004209], [139.024352, 35.00404], [139.023069, 35.003837], [139.021919, 35.004093], [139.021172, 35.004889], [139.020783, 35.005685], [139.019279, 35.006284], [139.019206, 35.006565], [139.019422, 35.007694], [139.019206, 35.008872], [139.01924, 35.010004], [139.018903, 35.01012], [139.017953, 35.010117], [139.017447, 35.010341], [139.017153, 35.010629], [139.016315, 35.01241], [139.0153, 35.013121], [139.014137, 35.013651], [139.013291, 35.013447], [139.012275, 35.01349], [139.011769, 35.013314], [139.011069, 35.012567], [139.010572, 35.01241], [139.010192, 35.011887], [139.009509, 35.011778], [139.007561, 35.010751], [139.006964, 35.010551], [139.005686, 35.009611], [139.005362, 35.009611], [139.004774, 35.010116], [139.00397, 35.010523], [139.002743, 35.010691], [139.001669, 35.011403], [139.000051, 35.012185], [138.998174, 35.012388], [138.997348, 35.012368], [138.99631, 35.012758], [138.995276, 35.012821], [138.994928, 35.012733], [138.994107, 35.012166], [138.993719, 35.012455], [138.992813, 35.011564], [138.992788, 35.010867], [138.991172, 35.009588], [138.990506, 35.009264], [138.990564, 35.00891], [138.989905, 35.008697], [138.988561, 35.007564], [138.987424, 35.007104], [138.986828, 35.006663], [138.985769, 35.006381], [138.984591, 35.005153], [138.984397, 35.003751], [138.984138, 35.003414], [138.981771, 35.003635], [138.981508, 35.003204], [138.98114, 35.00299], [138.980167, 35.003187], [138.97861, 35.003196], [138.977385, 35.002953], [138.974562, 35.003163], [138.973935, 35.003358], [138.972576, 35.003447], [138.972337, 35.003426], [138.971863, 35.002927], [138.971514, 35.002824], [138.968826, 35.002679], [138.967914, 35.002872], [138.967079, 35.002716], [138.966092, 35.003067], [138.964243, 35.003065], [138.963175, 35.003212], [138.962836, 35.003034], [138.961825, 35.001987], [138.961219, 35.001546], [138.961001, 35.001036], [138.960058, 35.000856], [138.960053, 35.000132], [138.959557, 34.999754], [138.959167, 34.998995], [138.958384, 34.998775], [138.957825, 34.998351], [138.956757, 34.998216], [138.95648, 34.997712], [138.956304, 34.997617], [138.954499, 34.998], [138.954171, 34.997961], [138.953039, 34.99744], [138.951909, 34.997628], [138.951311, 34.997197], [138.951037, 34.996717], [138.950487, 34.996374], [138.949773, 34.996175], [138.948896, 34.995596], [138.948233, 34.995605], [138.947824, 34.996103], [138.946724, 34.996354], [138.946057, 34.995599], [138.94601, 34.994208], [138.945029, 34.993689], [138.944381, 34.993074], [138.942099, 34.991998], [138.942, 34.99141], [138.941458, 34.990391], [138.941465, 34.989663], [138.938605, 34.989429], [138.938197, 34.989424], [138.937212, 34.989837], [138.937899, 34.991276], [138.937329, 34.991415], [138.936602, 34.991854], [138.935283, 34.993141], [138.934121, 34.995055], [138.933331, 34.997191], [138.932961, 34.997498], [138.932585, 34.997579], [138.93227, 34.997422], [138.930299, 34.995458], [138.930034, 34.994804], [138.929868, 34.993206], [138.929362, 34.993213], [138.928219, 34.993874], [138.927898, 34.994502], [138.926932, 34.995593], [138.926843, 34.996208], [138.926502, 34.996593], [138.926601, 34.99786], [138.925737, 34.999131], [138.925347, 35.000992], [138.924453, 35.000996], [138.923974, 35.000886], [138.92309, 35.000528], [138.922551, 35.000087], [138.921661, 34.998589], [138.922595, 34.997698], [138.919686, 34.994743], [138.923185, 34.994439], [138.923608, 34.99235], [138.922031, 34.99214], [138.921699, 34.991956], [138.921107, 34.99126], [138.919324, 34.991264], [138.918729, 34.991086], [138.917442, 34.993486], [138.916848, 34.992411], [138.915887, 34.991261], [138.915117, 34.992366], [138.914702, 34.993624], [138.914079, 34.994529], [138.912391, 34.995497], [138.912029, 34.996188], [138.911066, 34.996351], [138.910531, 34.996167], [138.910303, 34.996214], [138.910187, 34.996378], [138.910441, 34.996754], [138.910326, 34.997344], [138.909201, 34.997241], [138.908653, 34.999332], [138.907714, 34.999611], [138.907509, 34.999807], [138.908283, 35.000887], [138.908505, 35.001502], [138.908322, 35.002286], [138.908568, 35.002827], [138.908671, 35.003907], [138.909277, 35.004822], [138.909384, 35.005357], [138.909166, 35.006218], [138.909264, 35.007002], [138.909608, 35.007734], [138.907789, 35.0079], [138.906313, 35.007179], [138.904883, 35.006764], [138.903733, 35.006165], [138.902474, 35.005817], [138.901504, 35.005764], [138.901206, 35.005985], [138.900611, 35.006045], [138.899975, 35.006355], [138.899334, 35.006237], [138.898649, 35.005168], [138.897062, 35.003526], [138.896863, 35.003071], [138.895794, 35.002355], [138.895493, 35.002493], [138.895178, 35.003301], [138.894705, 35.003696], [138.894246, 35.003691], [138.893872, 35.003072], [138.893237, 35.002737], [138.892602, 35.002916], [138.891966, 35.003412], [138.890931, 35.003701], [138.890044, 35.00379], [138.890173, 35.003124], [138.890105, 35.002104], [138.889932, 35.001535], [138.889465, 35.000766], [138.889211, 35.000629], [138.887613, 35.000419], [138.887298, 34.999587], [138.886957, 34.999404], [138.88591, 34.999169], [138.885592, 34.998946], [138.885161, 34.998106], [138.884394, 34.997792], [138.883769, 34.997006], [138.883481, 34.99631], [138.883545, 34.995269], [138.883088, 34.994306], [138.881906, 34.993172], [138.880149, 34.992674], [138.878771, 34.992102], [138.87719, 34.99058], [138.87674, 34.989543], [138.875941, 34.988945], [138.875476, 34.988767], [138.874908, 34.988734], [138.874346, 34.988338], [138.87336, 34.988108], [138.872654, 34.988149], [138.87196, 34.987843], [138.868791, 34.986961], [138.868254, 34.986702], [138.867298, 34.986532], [138.865564, 34.985823], [138.865031, 34.985731], [138.861923, 34.983714], [138.861172, 34.983585], [138.859469, 34.983544], [138.858796, 34.983404], [138.857443, 34.983521], [138.85535, 34.982813], [138.85509, 34.982669], [138.854125, 34.981398], [138.853338, 34.98111], [138.852969, 34.980708], [138.852407, 34.980541], [138.852186, 34.980231], [138.851499, 34.979884], [138.850322, 34.978953], [138.849179, 34.977476], [138.848403, 34.975812], [138.847711, 34.975446], [138.847317, 34.9754], [138.84668, 34.975648], [138.84622, 34.9755], [138.843559, 34.975481], [138.842146, 34.974571], [138.840901, 34.97429], [138.839037, 34.974076], [138.83756, 34.973521], [138.837025, 34.97344], [138.837051, 34.972669], [138.836557, 34.971861], [138.836272, 34.970544], [138.836742, 34.969829], [138.837321, 34.969495], [138.836875, 34.969009], [138.836736, 34.968093], [138.837462, 34.967258], [138.837897, 34.966455], [138.837992, 34.966217], [138.837718, 34.965418], [138.837756, 34.965189], [138.838589, 34.964309], [138.838706, 34.963367], [138.837439, 34.961602], [138.837298, 34.96077], [138.836866, 34.960217], [138.836792, 34.959814], [138.83711, 34.959313], [138.837518, 34.957444], [138.839256, 34.954611], [138.83935, 34.953958], [138.839064, 34.95288], [138.838018, 34.951187], [138.837622, 34.950186], [138.836922, 34.949663], [138.837334, 34.947577], [138.838086, 34.945808], [138.838762, 34.94545], [138.838962, 34.945128], [138.838404, 34.94422], [138.837513, 34.943433], [138.836811, 34.94427], [138.832987, 34.945681], [138.832719, 34.945733], [138.831787, 34.945477], [138.831222, 34.945683], [138.83078, 34.946055], [138.828855, 34.945799], [138.828756, 34.945993], [138.828906, 34.947071], [138.82861, 34.947631], [138.827701, 34.947676], [138.826969, 34.948048], [138.825802, 34.947797], [138.824909, 34.947893], [138.822849, 34.948818], [138.822374, 34.949176], [138.821355, 34.948423], [138.819472, 34.948396], [138.818789, 34.947792], [138.816588, 34.948329], [138.816067, 34.948756], [138.815124, 34.94801], [138.8147, 34.947946], [138.814165, 34.947375], [138.813824, 34.946836], [138.813858, 34.946254], [138.813678, 34.945994], [138.811852, 34.945156], [138.81069, 34.945277], [138.810332, 34.945738], [138.810079, 34.945841], [138.808072, 34.946311], [138.806547, 34.946131], [138.80621, 34.946469], [138.805711, 34.947341], [138.805233, 34.94766], [138.80404, 34.947685], [138.803682, 34.947106], [138.802115, 34.946912], [138.801623, 34.947014], [138.800855, 34.947608], [138.799999, 34.947585], [138.79994, 34.946738], [138.799631, 34.946103], [138.797115, 34.943868], [138.796704, 34.94359], [138.794064, 34.942615], [138.793549, 34.942085], [138.791748, 34.941882], [138.791033, 34.941605], [138.790451, 34.941233], [138.790161, 34.940868], [138.789989, 34.940032], [138.787437, 34.939487], [138.784772, 34.939208], [138.783792, 34.93898], [138.780857, 34.939151], [138.775862, 34.939179], [138.775997, 34.937111], [138.776763, 34.935719], [138.777276, 34.933855], [138.777488, 34.932199], [138.777392, 34.931162], [138.777474, 34.930222], [138.777857, 34.927349], [138.779293, 34.925602], [138.780463, 34.92478], [138.782528, 34.922386], [138.783123, 34.921935], [138.784292, 34.921575], [138.784026, 34.920955], [138.784598, 34.92028], [138.78499, 34.920167], [138.785186, 34.919975], [138.785554, 34.919131], [138.785532, 34.91851], [138.785356, 34.918221], [138.785439, 34.917929], [138.785162, 34.917722], [138.785871, 34.91763], [138.786035, 34.917357], [138.785974, 34.917175], [138.7856, 34.917061], [138.785302, 34.917209], [138.785022, 34.917089], [138.785689, 34.916101], [138.785747, 34.915619], [138.785489, 34.915624], [138.785437, 34.915518], [138.785994, 34.915164], [138.786359, 34.91452], [138.786743, 34.91438], [138.786643, 34.914012], [138.788149, 34.914267], [138.788307, 34.913719], [138.788163, 34.913679], [138.788344, 34.912733], [138.787538, 34.912505], [138.787211, 34.912686], [138.787037, 34.912508], [138.787549, 34.912199], [138.788636, 34.912249], [138.788782, 34.911767], [138.789196, 34.911816], [138.789349, 34.911502], [138.788877, 34.911658], [138.788822, 34.911526], [138.789605, 34.910344], [138.789794, 34.910261], [138.789829, 34.909368], [138.789616, 34.907964], [138.789221, 34.906802], [138.788772, 34.90612], [138.787981, 34.905657], [138.787239, 34.906243], [138.787044, 34.906072], [138.78614, 34.906171], [138.785353, 34.905733], [138.784896, 34.905691], [138.78378, 34.905206], [138.783729, 34.904844], [138.783153, 34.904754], [138.782874, 34.904944], [138.782492, 34.9059], [138.782098, 34.906018], [138.781699, 34.905921], [138.781515, 34.905556], [138.781509, 34.904745], [138.781083, 34.904613], [138.781503, 34.904237], [138.781466, 34.903383], [138.781874, 34.902596], [138.781612, 34.901461], [138.781274, 34.901223], [138.781055, 34.900782], [138.779647, 34.899437], [138.778412, 34.898039], [138.773959, 34.895547], [138.7735, 34.895114], [138.773012, 34.894992], [138.772871, 34.894257], [138.77276, 34.894269], [138.772647, 34.895151], [138.772161, 34.895159], [138.771739, 34.895485], [138.772308, 34.896033], [138.77212, 34.896163], [138.772264, 34.896298], [138.771963, 34.896512], [138.772336, 34.896866], [138.772037, 34.897067], [138.771039, 34.896043], [138.770058, 34.896703], [138.769235, 34.896947], [138.76787, 34.896754], [138.766971, 34.896298], [138.766091, 34.895523], [138.765425, 34.894619], [138.764062, 34.891929], [138.763691, 34.89151], [138.761267, 34.889937], [138.761043, 34.889967], [138.761079, 34.889768], [138.760122, 34.888887], [138.759097, 34.8877], [138.758883, 34.887631], [138.758608, 34.887198], [138.756295, 34.885366], [138.756389, 34.884931], [138.756221, 34.884604], [138.756146, 34.883745], [138.755992, 34.883291], [138.755836, 34.883278], [138.75576, 34.883089], [138.756053, 34.882908], [138.756542, 34.880266], [138.757533, 34.878046], [138.757007, 34.87554], [138.757603, 34.875021], [138.757989, 34.874055], [138.757933, 34.872746], [138.758228, 34.870926], [138.757998, 34.87032], [138.757343, 34.869676], [138.756382, 34.869327], [138.756186, 34.869448], [138.755662, 34.869442], [138.75568, 34.869336], [138.755353, 34.869184], [138.755243, 34.868636], [138.755093, 34.868825], [138.75469, 34.868541], [138.753947, 34.868644], [138.753627, 34.868374], [138.752932, 34.868429], [138.752814, 34.868209], [138.753801, 34.867902], [138.754314, 34.867431], [138.754242, 34.866822], [138.754298, 34.866531], [138.754497, 34.866349], [138.754459, 34.86612], [138.754994, 34.866359], [138.755157, 34.866262], [138.755146, 34.865914], [138.755334, 34.865846], [138.755456, 34.865594], [138.755254, 34.865487], [138.754872, 34.865516], [138.754803, 34.865227], [138.755542, 34.864921], [138.755856, 34.86452], [138.755821, 34.864376], [138.756065, 34.864385], [138.756081, 34.864249], [138.756268, 34.864224], [138.756382, 34.864361], [138.756634, 34.864015], [138.756922, 34.863999], [138.756997, 34.864192], [138.757217, 34.864253], [138.75734, 34.864164], [138.75762, 34.863612], [138.75784, 34.863486], [138.757836, 34.863324], [138.757668, 34.863255], [138.757796, 34.862878], [138.75755, 34.862791], [138.757549, 34.862486], [138.757816, 34.862291], [138.758333, 34.862187], [138.758565, 34.861567], [138.759105, 34.861527], [138.759282, 34.861386], [138.759492, 34.861421], [138.759566, 34.861299], [138.759971, 34.861298], [138.760522, 34.860958], [138.760956, 34.861022], [138.761364, 34.860928], [138.762071, 34.861033], [138.762328, 34.861306], [138.762504, 34.861303], [138.763044, 34.861999], [138.763415, 34.862003], [138.763598, 34.862296], [138.763824, 34.862382], [138.765237, 34.862405], [138.765918, 34.862154], [138.766252, 34.861892], [138.766492, 34.861482], [138.766366, 34.860912], [138.766505, 34.860413], [138.766407, 34.860271], [138.766466, 34.859389], [138.766909, 34.858897], [138.767044, 34.858432], [138.768215, 34.860307], [138.774, 34.861177], [138.77884, 34.859586], [138.779004, 34.859639], [138.779042, 34.859925], [138.778556, 34.861776], [138.777394, 34.862744], [138.776438, 34.864327], [138.77543, 34.864519], [138.774918, 34.864775], [138.774349, 34.866311], [138.774551, 34.867157], [138.775351, 34.867791], [138.775847, 34.868663], [138.776074, 34.868781], [138.77753, 34.86891], [138.777968, 34.87005], [138.779152, 34.870921], [138.783563, 34.872483], [138.783901, 34.872107], [138.784616, 34.871708], [138.785502, 34.871592], [138.785933, 34.871406], [138.786552, 34.871664], [138.787008, 34.872079], [138.789795, 34.873421], [138.791051, 34.873524], [138.791962, 34.87387], [138.792484, 34.873899], [138.793911, 34.873605], [138.794803, 34.873631], [138.795244, 34.873891], [138.795524, 34.875073], [138.799476, 34.874392], [138.800451, 34.874942], [138.80098, 34.875003], [138.802936, 34.873957], [138.8048, 34.874474], [138.805907, 34.873921], [138.80694, 34.873645], [138.807956, 34.873723], [138.80964, 34.873473], [138.810704, 34.873659], [138.81149, 34.873588], [138.812415, 34.874297], [138.813199, 34.87439], [138.813434, 34.874522], [138.814407, 34.876081], [138.815882, 34.876684], [138.816963, 34.876625], [138.817492, 34.876421], [138.81777, 34.876431], [138.819978, 34.877979], [138.820752, 34.878824], [138.820989, 34.87927], [138.821175, 34.880137], [138.821604, 34.8809], [138.822463, 34.880966], [138.823671, 34.88071], [138.824309, 34.880742], [138.825385, 34.881252], [138.826608, 34.881422], [138.828186, 34.882618], [138.828798, 34.882904], [138.830891, 34.882861], [138.832114, 34.882362], [138.83317, 34.882287], [138.833697, 34.88164], [138.833661, 34.880532], [138.833942, 34.879316], [138.835001, 34.878533], [138.834915, 34.877664], [138.834489, 34.87679], [138.834674, 34.874704], [138.835021, 34.873356], [138.834709, 34.872715], [138.834752, 34.872419], [138.835187, 34.871988], [138.836032, 34.871577], [138.836831, 34.870474], [138.838284, 34.869821], [138.838729, 34.869407], [138.838998, 34.868622], [138.838731, 34.867521], [138.83876, 34.866922], [138.839109, 34.866102], [138.839539, 34.865743], [138.839749, 34.865249], [138.841688, 34.864726], [138.842029, 34.864477], [138.842645, 34.863532], [138.843002, 34.86334], [138.844177, 34.863308], [138.844651, 34.86316], [138.84533, 34.861984], [138.845814, 34.861711], [138.850264, 34.8608], [138.852266, 34.860584], [138.854684, 34.859538], [138.855909, 34.858918], [138.856521, 34.858441], [138.85668, 34.857411], [138.856842, 34.857237], [138.857972, 34.857129], [138.860125, 34.855869], [138.860488, 34.855828], [138.861363, 34.856214], [138.861877, 34.856734], [138.862479, 34.857823], [138.863026, 34.857918], [138.863498, 34.857756], [138.864691, 34.856836], [138.866219, 34.854594], [138.867163, 34.853927], [138.868262, 34.851772], [138.868353, 34.851123], [138.869554, 34.848581], [138.870102, 34.848079], [138.872021, 34.848137], [138.874343, 34.847635], [138.875996, 34.847681], [138.876511, 34.848014], [138.877503, 34.849379], [138.877897, 34.849524], [138.878584, 34.849366], [138.879159, 34.848345], [138.880077, 34.847869], [138.880389, 34.847445], [138.880836, 34.847255], [138.881947, 34.847087], [138.88264, 34.847116], [138.883287, 34.846821], [138.884898, 34.847076], [138.885923, 34.847652], [138.88662, 34.847464], [138.887872, 34.846282], [138.887774, 34.845709], [138.888166, 34.84437], [138.88931, 34.843529], [138.889864, 34.842819], [138.891549, 34.841714], [138.892526, 34.840898], [138.892551, 34.840032], [138.893073, 34.839466], [138.892792, 34.839096], [138.8929, 34.838544], [138.89251, 34.838461], [138.892155, 34.838103], [138.892597, 34.8372], [138.892515, 34.836123], [138.892674, 34.835104], [138.894036, 34.834785], [138.895254, 34.834681], [138.89626, 34.834779], [138.89828, 34.833901], [138.898802, 34.834202], [138.899166, 34.834202], [138.899809, 34.833994], [138.901261, 34.834325], [138.9017, 34.834208], [138.902495, 34.834349], [138.904417, 34.833822], [138.90509, 34.834147], [138.905438, 34.834153], [138.905884, 34.833521], [138.905877, 34.833202], [138.906444, 34.832705], [138.906656, 34.832152], [138.9077, 34.831981], [138.9082, 34.831784], [138.909327, 34.830538], [138.909622, 34.829802], [138.910999, 34.828403], [138.912353, 34.82747], [138.912913, 34.827286], [138.913345, 34.827359], [138.913859, 34.827648], [138.914464, 34.828366], [138.914964, 34.828538], [138.915894, 34.828206], [138.916386, 34.827679], [138.916991, 34.827446], [138.917574, 34.827519], [138.918444, 34.828182], [138.918989, 34.828176], [138.919345, 34.827986], [138.920888, 34.826543], [138.921592, 34.826384], [138.922046, 34.826482], [138.922984, 34.827096], [138.924951, 34.828053], [138.925844, 34.828802], [138.927387, 34.829661], [138.927909, 34.82979], [138.929233, 34.829722], [138.929997, 34.82998], [138.930626, 34.829961], [138.931382, 34.83017], [138.932517, 34.830053], [138.933841, 34.830152], [138.934673, 34.830636], [138.935763, 34.831686], [138.937087, 34.832342], [138.93916, 34.832152], [138.940015, 34.831802], [138.941157, 34.830974], [138.941521, 34.830876], [138.942542, 34.830968], [138.944047, 34.830403], [138.945182, 34.831146], [138.945704, 34.83125], [138.947013, 34.831176], [138.948935, 34.831729], [138.950252, 34.832699], [138.9515, 34.832803], [138.952665, 34.833122], [138.953286, 34.833681], [138.954375, 34.833901], [138.954965, 34.834503], [138.955571, 34.834687], [138.956607, 34.834669], [138.957106, 34.834804], [138.957272, 34.834957], [138.957394, 34.835442], [138.957091, 34.836276], [138.957509, 34.836734], [138.958169, 34.837071], [138.959272, 34.83735], [138.960802, 34.837286], [138.962757, 34.838253], [138.96488, 34.840536], [138.966285, 34.841737], [138.965132, 34.842799], [138.964567, 34.844136], [138.963113, 34.845133], [138.963072, 34.845307], [138.963483, 34.846072], [138.963612, 34.846752], [138.962678, 34.848208], [138.962012, 34.848502], [138.961504, 34.848912], [138.961158, 34.849723], [138.961491, 34.850357], [138.961762, 34.850723], [138.962773, 34.85156], [138.963767, 34.851855], [138.964996, 34.852727], [138.965281, 34.852696], [138.966446, 34.851682], [138.966859, 34.851644], [138.968044, 34.852294], [138.969016, 34.85317], [138.969638, 34.853554], [138.971816, 34.854164], [138.972597, 34.854254], [138.973624, 34.855142], [138.974015, 34.855337], [138.974842, 34.855467], [138.975295, 34.856192], [138.976676, 34.857379], [138.978016, 34.857694], [138.978972, 34.857471], [138.979951, 34.856971], [138.980759, 34.856843], [138.983579, 34.857168], [138.984952, 34.857578], [138.986527, 34.858456], [138.987636, 34.858871], [138.989169, 34.860068], [138.989792, 34.860211], [138.991509, 34.860047], [138.992525, 34.860193], [138.993364, 34.859994], [138.994204, 34.859545], [138.994459, 34.85954], [138.994876, 34.859859], [138.995132, 34.860262], [138.995557, 34.861644], [138.996252, 34.862282], [138.996859, 34.862566], [138.998004, 34.862412], [138.998708, 34.862551], [138.999558, 34.863192], [138.999959, 34.863319], [139.002001, 34.86295], [139.002672, 34.863092], [139.003196, 34.863054], [139.004714, 34.862476], [139.00511, 34.862573], [139.006301, 34.863338], [139.006697, 34.863439], [139.007437, 34.86314], [139.00758, 34.862759], [139.007957, 34.862446], [139.009714, 34.861584], [139.012713, 34.862025], [139.017017, 34.861939], [139.01831, 34.861509], [139.020831, 34.860028], [139.020987, 34.860211], [139.021516, 34.862207], [139.022693, 34.863259], [139.02284, 34.864244], [139.023227, 34.864935], [139.024473, 34.868614], [139.025931, 34.871741], [139.02657, 34.872487], [139.027568, 34.873326], [139.032991, 34.876923], [139.033681, 34.877591], [139.033607, 34.877908], [139.032402, 34.878774], [139.032236, 34.879722], [139.032531, 34.880349], [139.033648, 34.880953], [139.034251, 34.881625], [139.034554, 34.882565], [139.034577, 34.883509], [139.034729, 34.884237], [139.035451, 34.885528], [139.035479, 34.886166], [139.035709, 34.886905], [139.037668, 34.888386], [139.038109, 34.889062], [139.03902, 34.889656], [139.039057, 34.890409], [139.039489, 34.89085], [139.039507, 34.891506], [139.04028, 34.892637], [139.042231, 34.894489], [139.042976, 34.896176], [139.043684, 34.896915], [139.044052, 34.897915], [139.044631, 34.89836], [139.045091, 34.898468], [139.045685, 34.898397], [139.046517, 34.898924], [139.046696, 34.899088], [139.046825, 34.899547], [139.047566, 34.89986], [139.049594, 34.902241], [139.050592, 34.902632], [139.051268, 34.903087], [139.051521, 34.903431], [139.051599, 34.904032], [139.051884, 34.904599], [139.052404, 34.904756], [139.052983, 34.905241], [139.053232, 34.905886], [139.05308, 34.906547], [139.053793, 34.906786], [139.054207, 34.907125], [139.053844, 34.907912], [139.054336, 34.908539], [139.054455, 34.908599], [139.055242, 34.908334], [139.056313, 34.908267], [139.057863, 34.909054], [139.058038, 34.909245], [139.057827, 34.909644], [139.056571, 34.91051], [139.055637, 34.911472], [139.055476, 34.912353], [139.055255, 34.912682], [139.054036, 34.913391], [139.053811, 34.914267], [139.053581, 34.914644], [139.052781, 34.915115], [139.051166, 34.915764], [139.05055, 34.916637], [139.050099, 34.917029], [139.050012, 34.91735], [139.049345, 34.918193], [139.04894, 34.918659], [139.048153, 34.919242], [139.047938, 34.919782], [139.047994, 34.92024], [139.047488, 34.920976], [139.047448, 34.921791], [139.047242, 34.92244], [139.047316, 34.923406], [139.047767, 34.923966], [139.04806, 34.924883], [139.046577, 34.925794], [139.045919, 34.925859], [139.045607, 34.926021], [139.045547, 34.926517], [139.045062, 34.926571], [139.044915, 34.927471], [139.044271, 34.928069], [139.044051, 34.928679], [139.0434, 34.929342], [139.043326, 34.930054], [139.043792, 34.931364], [139.044716, 34.932151], [139.044895, 34.932647], [139.045454, 34.933386], [139.045021, 34.933909], [139.045374, 34.935446], [139.045035, 34.936249], [139.044988, 34.937295], [139.044709, 34.937667], [139.044556, 34.938406], [139.044357, 34.938578], [139.044117, 34.939376], [139.044915, 34.939947], [139.045646, 34.942234], [139.046231, 34.94301], [139.045985, 34.943991], [139.047461, 34.945566], [139.048132, 34.945825], [139.049514, 34.947372], [139.050206, 34.94782], [139.050372, 34.948429], [139.050026, 34.948833], [139.050126, 34.94947], [139.051023, 34.949804], [139.051754, 34.95058], [139.052792, 34.951281], [139.05331, 34.951481], [139.054134, 34.952327], [139.055085, 34.952915], [139.055357, 34.953891], [139.055138, 34.954921], [139.055178, 34.955519], [139.055437, 34.955805], [139.05668, 34.956355], [139.057318, 34.957697], [139.057504, 34.957821], [139.05676, 34.958129], [139.056747, 34.958619], [139.057006, 34.959444], [139.0567, 34.959552], [139.056461, 34.959832], [139.056494, 34.960183], [139.057052, 34.96111], [139.056892, 34.961671], [139.056593, 34.961832], [139.055856, 34.961752], [139.054938, 34.962167], [139.053848, 34.962043], [139.053462, 34.962205], [139.053482, 34.963078], [139.053123, 34.963434], [139.053968, 34.964771], [139.053795, 34.965871], [139.05436, 34.966281], [139.054406, 34.966529], [139.053755, 34.967542], [139.052857, 34.968416], [139.054087, 34.968842], [139.054964, 34.968782], [139.05551, 34.96889], [139.056168, 34.969322], [139.056294, 34.96951], [139.056241, 34.970012], [139.05662, 34.970459], [139.057477, 34.970508], [139.05898, 34.971769], [139.060196, 34.971672], [139.060488, 34.972087], [139.06104, 34.972336], [139.061379, 34.97301], [139.061658, 34.973263], [139.062456, 34.973533], [139.063181, 34.973252], [139.063646, 34.973269], [139.064025, 34.973425], [139.064696, 34.974088], [139.065314, 34.974218], [139.066012, 34.974563], [139.066391, 34.975026], [139.066298, 34.975555], [139.065879, 34.976153], [139.065939, 34.976283], [139.066564, 34.976989], [139.067162, 34.977383], [139.068006, 34.977631], [139.068299, 34.97783], [139.068525, 34.97817], [139.068186, 34.979092], [139.068744, 34.979927], [139.068246, 34.98065], [139.06786, 34.981814], [139.068831, 34.983707], [139.068398, 34.984947], [139.068132, 34.985125], [139.067554, 34.985292], [139.066929, 34.985319], [139.066019, 34.984909], [139.065454, 34.985082], [139.064822, 34.984629], [139.06433, 34.984667], [139.063898, 34.984866], [139.063586, 34.984839], [139.062436, 34.984332], [139.061831, 34.984419], [139.061193, 34.984753], [139.059876, 34.984505], [139.059517, 34.984537], [139.058906, 34.984801], [139.05759, 34.984445], [139.056766, 34.984683], [139.054053, 34.98313], [139.052864, 34.981706], [139.05168, 34.983216], [139.051361, 34.983847], [139.050457, 34.984116], [139.050171, 34.98437], [139.049852, 34.985168], [139.0495, 34.98561], [139.048317, 34.98568], [139.047074, 34.986553], [139.044335, 34.987944], [139.043531, 34.988553], [139.04272, 34.989459], [139.041995, 34.989718], [139.04159, 34.990112], [139.040589, 34.989891], [139.039898, 34.989928], [139.038183, 34.990624], [139.038003, 34.990802], [139.037611, 34.991977], [139.037564, 34.992554], [139.039193, 34.994387], [139.039386, 34.994867], [139.039399, 34.995606], [139.038807, 34.995983], [139.039153, 34.996732], [139.039233, 34.997611], [139.038841, 34.997978], [139.038774, 34.998469], [139.038096, 34.998954], [139.038249, 34.999277], [139.038522, 34.999485], [139.040164, 35.000439], [139.040124, 35.001221], [139.040496, 35.001987], [139.040309, 35.002593], [139.039493, 35.003447], [139.038623, 35.005059], [139.039922, 35.005042], [139.040647, 35.005151], [139.041331, 35.005507], [139.041613, 35.00589], [139.042822, 35.006094], [139.043701, 35.006709], [139.043901, 35.007027], [139.043413, 35.007317], [139.043111, 35.00773], [139.042963, 35.008148], [139.04308, 35.008514], [139.043296, 35.008787], [139.044114, 35.009289], [139.04566, 35.009863], [139.045876, 35.010714], [139.046467, 35.011787], [139.04643, 35.011971], [139.047026, 35.012035], [139.047179, 35.012288], [139.047059, 35.012718], [139.047219, 35.013288]]], [[[138.781852, 34.922809], [138.781898, 34.922804], [138.781881, 34.922837], [138.781852, 34.922809]]], [[[138.782119, 34.922301], [138.782192, 34.922309], [138.782165, 34.922337], [138.782119, 34.922301]]], [[[138.782234, 34.921527], [138.782301, 34.921551], [138.782244, 34.921565], [138.782234, 34.921527]]], [[[138.782063, 34.921459], [138.782103, 34.921431], [138.782135, 34.921469], [138.782063, 34.921459]]], [[[138.782198, 34.921016], [138.782399, 34.921341], [138.78227, 34.921318], [138.782198, 34.921016]]], [[[138.781843, 34.921184], [138.781884, 34.921051], [138.781979, 34.921321], [138.781843, 34.921184]]], [[[138.782046, 34.921262], [138.782119, 34.921157], [138.782133, 34.921307], [138.782046, 34.921262]]], [[[138.7852, 34.918064], [138.785299, 34.918084], [138.785225, 34.918117], [138.7852, 34.918064]]], [[[138.785143, 34.915853], [138.785221, 34.915781], [138.785203, 34.915876], [138.785143, 34.915853]]], [[[138.785288, 34.915638], [138.785377, 34.915604], [138.785349, 34.915684], [138.785288, 34.915638]]], [[[138.756162, 34.881613], [138.756194, 34.881582], [138.756246, 34.88165], [138.756162, 34.881613]]], [[[138.756154, 34.881209], [138.756212, 34.881164], [138.756232, 34.881253], [138.756154, 34.881209]]], [[[138.75633, 34.880214], [138.756383, 34.880191], [138.756392, 34.880306], [138.75633, 34.880214]]], [[[138.756975, 34.879045], [138.757022, 34.878969], [138.757044, 34.879037], [138.756975, 34.879045]]], [[[138.756898, 34.878714], [138.756935, 34.878669], [138.756941, 34.878731], [138.756898, 34.878714]]], [[[138.756933, 34.877155], [138.756984, 34.877083], [138.75701, 34.877174], [138.756933, 34.877155]]], [[[138.757038, 34.876769], [138.757098, 34.876731], [138.757101, 34.876841], [138.757038, 34.876769]]], [[[138.755793, 34.87586], [138.756192, 34.875669], [138.756583, 34.875982], [138.755985, 34.876294], [138.755793, 34.87586]]], [[[138.75094, 34.869081], [138.751096, 34.868838], [138.751162, 34.869082], [138.751041, 34.869159], [138.75094, 34.869081]]], [[[138.755203, 34.869062], [138.755266, 34.869036], [138.75526, 34.869138], [138.755203, 34.869062]]], [[[138.753911, 34.869067], [138.75399, 34.86897], [138.754105, 34.869025], [138.753911, 34.869067]]], [[[138.754929, 34.86893], [138.755024, 34.868866], [138.754998, 34.868939], [138.754929, 34.86893]]], [[[138.753353, 34.868522], [138.753457, 34.868457], [138.753419, 34.868542], [138.753353, 34.868522]]], [[[138.752901, 34.867904], [138.752944, 34.867786], [138.753115, 34.867801], [138.753052, 34.868029], [138.752901, 34.867904]]], [[[138.75201, 34.86762], [138.752122, 34.867574], [138.752152, 34.867654], [138.75201, 34.86762]]], [[[138.753013, 34.867503], [138.753221, 34.867356], [138.7534, 34.867401], [138.753498, 34.867599], [138.753013, 34.867503]]], [[[138.753126, 34.867157], [138.75324, 34.867138], [138.75332, 34.867341], [138.753126, 34.867157]]], [[[138.754853, 34.865754], [138.755156, 34.865708], [138.754946, 34.865843], [138.754853, 34.865754]]], [[[138.755244, 34.865714], [138.755317, 34.865654], [138.755354, 34.865681], [138.755244, 34.865714]]], [[[138.753574, 34.864852], [138.753671, 34.864841], [138.753623, 34.864931], [138.753574, 34.864852]]], [[[138.753296, 34.864759], [138.753386, 34.864703], [138.753483, 34.864884], [138.753364, 34.864898], [138.753296, 34.864759]]], [[[138.755575, 34.864605], [138.755632, 34.864482], [138.755649, 34.864597], [138.755575, 34.864605]]], [[[138.76521, 34.862229], [138.765263, 34.8622], [138.765264, 34.862324], [138.76521, 34.862229]]], [[[138.764896, 34.862244], [138.764946, 34.862168], [138.764943, 34.862266], [138.764896, 34.862244]]], [[[138.757789, 34.862217], [138.757835, 34.862173], [138.757892, 34.862211], [138.757789, 34.862217]]], [[[138.757544, 34.862114], [138.757629, 34.862078], [138.757625, 34.862193], [138.757544, 34.862114]]], [[[138.76473, 34.862096], [138.764826, 34.862112], [138.764766, 34.862144], [138.76473, 34.862096]]], [[[138.765649, 34.861929], [138.76571, 34.861896], [138.765693, 34.862056], [138.765649, 34.861929]]], [[[138.764718, 34.861837], [138.764847, 34.861801], [138.764801, 34.861918], [138.764718, 34.861837]]], [[[138.758293, 34.861759], [138.758454, 34.861451], [138.758436, 34.861682], [138.758293, 34.861759]]], [[[138.765034, 34.861724], [138.765077, 34.861705], [138.765106, 34.86177], [138.765034, 34.861724]]], [[[138.765055, 34.861571], [138.765156, 34.861513], [138.765125, 34.861671], [138.765055, 34.861571]]], [[[138.766302, 34.86146], [138.766344, 34.86144], [138.766368, 34.86151], [138.766302, 34.86146]]], [[[138.759713, 34.86121], [138.759779, 34.86116], [138.759786, 34.861218], [138.759713, 34.86121]]], [[[138.759173, 34.861135], [138.759206, 34.861055], [138.759302, 34.861147], [138.759173, 34.861135]]], [[[138.759543, 34.861141], [138.759628, 34.861102], [138.759591, 34.861181], [138.759543, 34.861141]]], [[[138.75987, 34.861051], [138.75998, 34.861106], [138.759912, 34.86112], [138.75987, 34.861051]]], [[[138.760184, 34.861045], [138.760251, 34.860984], [138.760263, 34.86106], [138.760184, 34.861045]]], [[[138.759401, 34.860871], [138.759774, 34.860838], [138.759594, 34.861018], [138.759401, 34.860871]]], [[[138.760405, 34.860919], [138.760464, 34.860859], [138.760461, 34.860939], [138.760405, 34.860919]]], [[[138.765527, 34.860017], [138.765606, 34.859979], [138.765584, 34.860102], [138.765527, 34.860017]]], [[[138.76612, 34.859096], [138.766229, 34.858889], [138.766256, 34.859103], [138.76612, 34.859096]]], [[[138.766538, 34.858571], [138.766603, 34.858535], [138.766591, 34.858597], [138.766538, 34.858571]]]]}}, {"type": "Feature", "properties": {"pref_code": "22", "pref_name": "静岡県", "municipality_code": "22223", "municipality_name": "御前崎市", "ward_name": "", "display_name": "御前崎市", "geometry_key": "22223"}, "geometry": {"type": "MultiPolygon", "coordinates": [[[[138.145563, 34.697626], [138.144171, 34.698271], [138.139845, 34.699011], [138.138127, 34.700147], [138.137237, 34.700519], [138.136524, 34.700582], [138.135687, 34.700218], [138.135106, 34.700154], [138.134674, 34.699939], [138.134075, 34.699282], [138.133167, 34.699146], [138.132234, 34.698446], [138.130851, 34.698174], [138.130525, 34.697696], [138.129926, 34.697324], [138.127997, 34.696995], [138.127768, 34.696902], [138.127644, 34.696574], [138.126702, 34.696367], [138.125416, 34.695702], [138.124737, 34.695031], [138.124667, 34.694666], [138.124914, 34.694044], [138.124614, 34.693437], [138.124403, 34.693287], [138.123267, 34.693166], [138.122571, 34.692473], [138.122236, 34.692294], [138.122535, 34.691965], [138.122949, 34.691122], [138.122518, 34.690544], [138.1225, 34.690001], [138.120709, 34.689269], [138.120513, 34.688851], [138.119658, 34.68866], [138.118361, 34.687381], [138.116387, 34.686528], [138.115755, 34.685941], [138.115064, 34.685817], [138.114519, 34.686076], [138.113756, 34.686051], [138.113572, 34.685941], [138.113357, 34.685641], [138.113588, 34.68467], [138.113502, 34.684346], [138.112831, 34.684159], [138.111829, 34.684079], [138.111461, 34.68332], [138.111502, 34.682738], [138.110925, 34.682495], [138.110552, 34.682113], [138.110538, 34.6816], [138.110833, 34.681517], [138.111178, 34.682094], [138.111602, 34.681837], [138.111797, 34.681343], [138.111593, 34.680998], [138.110971, 34.680977], [138.110929, 34.680694], [138.111431, 34.679664], [138.111372, 34.679496], [138.110869, 34.679167], [138.110274, 34.678981], [138.109661, 34.678445], [138.109438, 34.677731], [138.10958, 34.67709], [138.109146, 34.67656], [138.109438, 34.67625], [138.109541, 34.675645], [138.109787, 34.675189], [138.110637, 34.674323], [138.110572, 34.674156], [138.109435, 34.673606], [138.109072, 34.673031], [138.108404, 34.672523], [138.108481, 34.672219], [138.109454, 34.671664], [138.109353, 34.67105], [138.10905, 34.670791], [138.107987, 34.67049], [138.105643, 34.670103], [138.104847, 34.6701], [138.104202, 34.669671], [138.103734, 34.669009], [138.103882, 34.668594], [138.103825, 34.668046], [138.104042, 34.667767], [138.104659, 34.667383], [138.104752, 34.666926], [138.104401, 34.666195], [138.104458, 34.665614], [138.10417, 34.665156], [138.103828, 34.664889], [138.103587, 34.664241], [138.103434, 34.664124], [138.102677, 34.664077], [138.102561, 34.663926], [138.102242, 34.661683], [138.102508, 34.661413], [138.103394, 34.66122], [138.103385, 34.660461], [138.103068, 34.65917], [138.102601, 34.658673], [138.102131, 34.657684], [138.100758, 34.657863], [138.099848, 34.658207], [138.098942, 34.658337], [138.097198, 34.65899], [138.096542, 34.659408], [138.094634, 34.659816], [138.092294, 34.659894], [138.089138, 34.659601], [138.0862, 34.659977], [138.084384, 34.660961], [138.083512, 34.660882], [138.08312, 34.660149], [138.082671, 34.658606], [138.081006, 34.657237], [138.081289, 34.656951], [138.081198, 34.656391], [138.080789, 34.655501], [138.080597, 34.653082], [138.080069, 34.651164], [138.080084, 34.650407], [138.07883, 34.646259], [138.078248, 34.642279], [138.079331, 34.641816], [138.086289, 34.639941], [138.089122, 34.639035], [138.094786, 34.636968], [138.101623, 34.634795], [138.104632, 34.633686], [138.119128, 34.628816], [138.128355, 34.625187], [138.130207, 34.624314], [138.133101, 34.623284], [138.134606, 34.622912], [138.136008, 34.622833], [138.136475, 34.622945], [138.137099, 34.622792], [138.137172, 34.622096], [138.137506, 34.621696], [138.141013, 34.619629], [138.144404, 34.618013], [138.147754, 34.616763], [138.149597, 34.615804], [138.156436, 34.613902], [138.158301, 34.613525], [138.158963, 34.613512], [138.159718, 34.613284], [138.160143, 34.613029], [138.16317, 34.612101], [138.169032, 34.610542], [138.171225, 34.609826], [138.172369, 34.609331], [138.175154, 34.608469], [138.178987, 34.606763], [138.179532, 34.606662], [138.180091, 34.606347], [138.183005, 34.605271], [138.18359, 34.604696], [138.184993, 34.603857], [138.188881, 34.602146], [138.190386, 34.60102], [138.191789, 34.60035], [138.192429, 34.600186], [138.193218, 34.600164], [138.19981, 34.600688], [138.203786, 34.600446], [138.206319, 34.600142], [138.207926, 34.599669], [138.209764, 34.599382], [138.213959, 34.598222], [138.219386, 34.595969], [138.220489, 34.595794], [138.222688, 34.595665], [138.225201, 34.594685], [138.226147, 34.59477], [138.226678, 34.59464], [138.227216, 34.595017], [138.228476, 34.5954], [138.230607, 34.596831], [138.231839, 34.598137], [138.232922, 34.599055], [138.234032, 34.601482], [138.234277, 34.603296], [138.234529, 34.603937], [138.234481, 34.605655], [138.233957, 34.60592], [138.231723, 34.606353], [138.230926, 34.606791], [138.230883, 34.607244], [138.230041, 34.607035], [138.229926, 34.606612], [138.22981, 34.606596], [138.228523, 34.606669], [138.227774, 34.606894], [138.22759, 34.607175], [138.227631, 34.607614], [138.227897, 34.608285], [138.228053, 34.608262], [138.228135, 34.608403], [138.227774, 34.608572], [138.227651, 34.608487], [138.227781, 34.608369], [138.227359, 34.608217], [138.226548, 34.608707], [138.226167, 34.609298], [138.225881, 34.610205], [138.226119, 34.61132], [138.224592, 34.611757], [138.224546, 34.612321], [138.224009, 34.612803], [138.223269, 34.612863], [138.223744, 34.612445], [138.223659, 34.612362], [138.224603, 34.611674], [138.225011, 34.607321], [138.221835, 34.607102], [138.221332, 34.607308], [138.222125, 34.608536], [138.221163, 34.608954], [138.220321, 34.607766], [138.217899, 34.609076], [138.217216, 34.609776], [138.219397, 34.611247], [138.219758, 34.614168], [138.219362, 34.614576], [138.216539, 34.612747], [138.213534, 34.616007], [138.211376, 34.614724], [138.210878, 34.615293], [138.21301, 34.616563], [138.209862, 34.620021], [138.210417, 34.620363], [138.211102, 34.619647], [138.213269, 34.620936], [138.213614, 34.620766], [138.213524, 34.620619], [138.215229, 34.619853], [138.215359, 34.620004], [138.219013, 34.618348], [138.221592, 34.622369], [138.220402, 34.623709], [138.221037, 34.624132], [138.218882, 34.62646], [138.218343, 34.626056], [138.217843, 34.626557], [138.215207, 34.624863], [138.210439, 34.621773], [138.211005, 34.621176], [138.210185, 34.62066], [138.210196, 34.62049], [138.209676, 34.620174], [138.209031, 34.620898], [138.207482, 34.620002], [138.206317, 34.620487], [138.206235, 34.62067], [138.204046, 34.619878], [138.200862, 34.620207], [138.200996, 34.618791], [138.20061, 34.618717], [138.197096, 34.618752], [138.194475, 34.618966], [138.190866, 34.620074], [138.190881, 34.620196], [138.191526, 34.620415], [138.192414, 34.620167], [138.192695, 34.620257], [138.192781, 34.620467], [138.191365, 34.62099], [138.191239, 34.621758], [138.190237, 34.621875], [138.189964, 34.622188], [138.190218, 34.622398], [138.190117, 34.622681], [138.189547, 34.623304], [138.188764, 34.623815], [138.188388, 34.623481], [138.185521, 34.624169], [138.185267, 34.624109], [138.184834, 34.624214], [138.184734, 34.624336], [138.184828, 34.624458], [138.185417, 34.624968], [138.185209, 34.625374], [138.183898, 34.625103], [138.183742, 34.625316], [138.183458, 34.625401], [138.181314, 34.625117], [138.180822, 34.625283], [138.180417, 34.625612], [138.179703, 34.62489], [138.179272, 34.624939], [138.178071, 34.624077], [138.176371, 34.623444], [138.175452, 34.623861], [138.173278, 34.623639], [138.171433, 34.62428], [138.170981, 34.624208], [138.1698, 34.623417], [138.169981, 34.624206], [138.169951, 34.625373], [138.17013, 34.626008], [138.169664, 34.627297], [138.169646, 34.627687], [138.170127, 34.628823], [138.170436, 34.630577], [138.170902, 34.631846], [138.171102, 34.632946], [138.170759, 34.633519], [138.170137, 34.633907], [138.168515, 34.633781], [138.16796, 34.63486], [138.168059, 34.636037], [138.167883, 34.636573], [138.168065, 34.637258], [138.168054, 34.63797], [138.168269, 34.638223], [138.168202, 34.638985], [138.169269, 34.640519], [138.169367, 34.640936], [138.16842, 34.642336], [138.168944, 34.642965], [138.168537, 34.643529], [138.168517, 34.643801], [138.169154, 34.644333], [138.169369, 34.644825], [138.169796, 34.645126], [138.170444, 34.645938], [138.170927, 34.646118], [138.171288, 34.646905], [138.171769, 34.647229], [138.172071, 34.648084], [138.171932, 34.648691], [138.17279, 34.649423], [138.173751, 34.650009], [138.175184, 34.650516], [138.174874, 34.65113], [138.174616, 34.651333], [138.174662, 34.651541], [138.176394, 34.652425], [138.176872, 34.652789], [138.177453, 34.652903], [138.178338, 34.653752], [138.179272, 34.654337], [138.179845, 34.655297], [138.179746, 34.655573], [138.180161, 34.655968], [138.180195, 34.656516], [138.180778, 34.657469], [138.182624, 34.658212], [138.182668, 34.658657], [138.183176, 34.659957], [138.18296, 34.660194], [138.182219, 34.660208], [138.182205, 34.660704], [138.181862, 34.660937], [138.181587, 34.661366], [138.18169, 34.661909], [138.180829, 34.662193], [138.180795, 34.662387], [138.181721, 34.662981], [138.182198, 34.663103], [138.182431, 34.663454], [138.182915, 34.663694], [138.183234, 34.664434], [138.182887, 34.665094], [138.18287, 34.66545], [138.183052, 34.665934], [138.183412, 34.666341], [138.18345, 34.666697], [138.182921, 34.667301], [138.182835, 34.668376], [138.182513, 34.669222], [138.181727, 34.669695], [138.179501, 34.669851], [138.176963, 34.670729], [138.176088, 34.670844], [138.174172, 34.671401], [138.173194, 34.671837], [138.170388, 34.673602], [138.171917, 34.674048], [138.172644, 34.674717], [138.172887, 34.675268], [138.173089, 34.675858], [138.173218, 34.677282], [138.173962, 34.678804], [138.173857, 34.679794], [138.173324, 34.680789], [138.173392, 34.681728], [138.172587, 34.682274], [138.170339, 34.683342], [138.169514, 34.683999], [138.168374, 34.685159], [138.167484, 34.687016], [138.167153, 34.687442], [138.163519, 34.690149], [138.163335, 34.690861], [138.158696, 34.692714], [138.158064, 34.692814], [138.156865, 34.692766], [138.155848, 34.692971], [138.154142, 34.693824], [138.152419, 34.694433], [138.150656, 34.695509], [138.145563, 34.697626]]], [[[138.260064, 34.597782], [138.260269, 34.597721], [138.260316, 34.597818], [138.260194, 34.597912], [138.260064, 34.597782]]]]}}, {"type": "Feature", "properties": {"pref_code": "22", "pref_name": "静岡県", "municipality_code": "22224", "municipality_name": "菊川市", "ward_name": "", "display_name": "菊川市", "geometry_key": "22224"}, "geometry": {"type": "Polygon", "coordinates": [[[138.138706, 34.793525], [138.138549, 34.794519], [138.138083, 34.795124], [138.137314, 34.795704], [138.136794, 34.796588], [138.134503, 34.804645], [138.133926, 34.805765], [138.133616, 34.80682], [138.132461, 34.806696], [138.130644, 34.806702], [138.129764, 34.8074], [138.128919, 34.80736], [138.129807, 34.804354], [138.130174, 34.801549], [138.130013, 34.80059], [138.129034, 34.799333], [138.128702, 34.798559], [138.12791, 34.798106], [138.126766, 34.797174], [138.124635, 34.794961], [138.124531, 34.794833], [138.124557, 34.794118], [138.123921, 34.793978], [138.123394, 34.793157], [138.122662, 34.792905], [138.121466, 34.794094], [138.120829, 34.795646], [138.120364, 34.796162], [138.118929, 34.796582], [138.11845, 34.797079], [138.11835, 34.797567], [138.117906, 34.798102], [138.116994, 34.798959], [138.116172, 34.799278], [138.116617, 34.800866], [138.116585, 34.801592], [138.116418, 34.802034], [138.115474, 34.803052], [138.11555, 34.803366], [138.115234, 34.803973], [138.115275, 34.804792], [138.115156, 34.805118], [138.114343, 34.806083], [138.114135, 34.806614], [138.113682, 34.806935], [138.112174, 34.808562], [138.111161, 34.808881], [138.11093, 34.809066], [138.110441, 34.810181], [138.109871, 34.811057], [138.1085, 34.812276], [138.107697, 34.812766], [138.106755, 34.813005], [138.105719, 34.813565], [138.105462, 34.812235], [138.104426, 34.810835], [138.103402, 34.81119], [138.102407, 34.811303], [138.101312, 34.810869], [138.100732, 34.810384], [138.099997, 34.809037], [138.099845, 34.808506], [138.098962, 34.807266], [138.098134, 34.805294], [138.097648, 34.804772], [138.096115, 34.804111], [138.095217, 34.804179], [138.093253, 34.803493], [138.09261, 34.80351], [138.091749, 34.803857], [138.091474, 34.803824], [138.089938, 34.802955], [138.089324, 34.802762], [138.089152, 34.802151], [138.088131, 34.801248], [138.087967, 34.800046], [138.087713, 34.799607], [138.086389, 34.799161], [138.085403, 34.798526], [138.085254, 34.798113], [138.08478, 34.797631], [138.085064, 34.795782], [138.084874, 34.795113], [138.085126, 34.793825], [138.084991, 34.792893], [138.0846, 34.791937], [138.083684, 34.79178], [138.083363, 34.791442], [138.082893, 34.790456], [138.081557, 34.789007], [138.081174, 34.788426], [138.080275, 34.787972], [138.079084, 34.787907], [138.078707, 34.787682], [138.078543, 34.786922], [138.078838, 34.786137], [138.078687, 34.785759], [138.078252, 34.785508], [138.07757, 34.785464], [138.076997, 34.784407], [138.076371, 34.784291], [138.076251, 34.784129], [138.076207, 34.783625], [138.076903, 34.782657], [138.076801, 34.781371], [138.076469, 34.780876], [138.075826, 34.780394], [138.075449, 34.779812], [138.075141, 34.779776], [138.074784, 34.780063], [138.074346, 34.780019], [138.072699, 34.778897], [138.072116, 34.778745], [138.071443, 34.778779], [138.070821, 34.778125], [138.070601, 34.777553], [138.069249, 34.777294], [138.069056, 34.777019], [138.069021, 34.776522], [138.067837, 34.775861], [138.06748, 34.775176], [138.067003, 34.77513], [138.06638, 34.775516], [138.065821, 34.775489], [138.064632, 34.775221], [138.063457, 34.774594], [138.063354, 34.774094], [138.062539, 34.773302], [138.062176, 34.77268], [138.062352, 34.771041], [138.063001, 34.76953], [138.062128, 34.769742], [138.061186, 34.769532], [138.06019, 34.76967], [138.059789, 34.769605], [138.057409, 34.770196], [138.056675, 34.77008], [138.055422, 34.770698], [138.054928, 34.770594], [138.053904, 34.769897], [138.053705, 34.769419], [138.053892, 34.768632], [138.053899, 34.767642], [138.05347, 34.766636], [138.052903, 34.766523], [138.052096, 34.765678], [138.050955, 34.765316], [138.050651, 34.764995], [138.050759, 34.764153], [138.051311, 34.763086], [138.051185, 34.762862], [138.051272, 34.762401], [138.051603, 34.762142], [138.052492, 34.762149], [138.053069, 34.761836], [138.053587, 34.761766], [138.053442, 34.761117], [138.054334, 34.761042], [138.054661, 34.760168], [138.054626, 34.759652], [138.055161, 34.759497], [138.055731, 34.758851], [138.05569, 34.758404], [138.055491, 34.758059], [138.054497, 34.756712], [138.055043, 34.755868], [138.054789, 34.755057], [138.055947, 34.754671], [138.057195, 34.754073], [138.058244, 34.753313], [138.058781, 34.752596], [138.06015, 34.752706], [138.061072, 34.75216], [138.061074, 34.751314], [138.060747, 34.750536], [138.06081, 34.750204], [138.059828, 34.749028], [138.05975, 34.748183], [138.06004, 34.747837], [138.060042, 34.747397], [138.060512, 34.746989], [138.061188, 34.746662], [138.061899, 34.745629], [138.060434, 34.744504], [138.059692, 34.743778], [138.057466, 34.742177], [138.057087, 34.741715], [138.056531, 34.741501], [138.055673, 34.740902], [138.054037, 34.741217], [138.052821, 34.741176], [138.052537, 34.741464], [138.05194, 34.74154], [138.051448, 34.741749], [138.049756, 34.741767], [138.049287, 34.74198], [138.048777, 34.741934], [138.048411, 34.742069], [138.047629, 34.742068], [138.047596, 34.741801], [138.047927, 34.741568], [138.048154, 34.741186], [138.048607, 34.740951], [138.048537, 34.740257], [138.048657, 34.739946], [138.052039, 34.737137], [138.052201, 34.736976], [138.051965, 34.736672], [138.05139, 34.736612], [138.050527, 34.736227], [138.049924, 34.736376], [138.049094, 34.736842], [138.048558, 34.736667], [138.048294, 34.736306], [138.047776, 34.736335], [138.047247, 34.736651], [138.045456, 34.736781], [138.045156, 34.736916], [138.043535, 34.736591], [138.043791, 34.735929], [138.045262, 34.735348], [138.045824, 34.734997], [138.046075, 34.734715], [138.04612, 34.734087], [138.047186, 34.733496], [138.047611, 34.733328], [138.048064, 34.733307], [138.048321, 34.733054], [138.049214, 34.733211], [138.04995, 34.733005], [138.050734, 34.731961], [138.051285, 34.731855], [138.051251, 34.731655], [138.051548, 34.731274], [138.052245, 34.731523], [138.0526, 34.731364], [138.053273, 34.731417], [138.053377, 34.731315], [138.053636, 34.73038], [138.053412, 34.729616], [138.053588, 34.729487], [138.0542, 34.729409], [138.054228, 34.729296], [138.053893, 34.728423], [138.053621, 34.728197], [138.054306, 34.727403], [138.054127, 34.726648], [138.054325, 34.726521], [138.055094, 34.726618], [138.055689, 34.726009], [138.056234, 34.725837], [138.056597, 34.725381], [138.056582, 34.724628], [138.056926, 34.724259], [138.056524, 34.723654], [138.056801, 34.723276], [138.056582, 34.722765], [138.057337, 34.722174], [138.056884, 34.721588], [138.057337, 34.721267], [138.057681, 34.721189], [138.057767, 34.720662], [138.058083, 34.720302], [138.058125, 34.720067], [138.057966, 34.719855], [138.058354, 34.718707], [138.0586, 34.718439], [138.059771, 34.717932], [138.059861, 34.71753], [138.06031, 34.71738], [138.060495, 34.717188], [138.060528, 34.716479], [138.061061, 34.716124], [138.06153, 34.715979], [138.06281, 34.716246], [138.063714, 34.715932], [138.064357, 34.715332], [138.064315, 34.714748], [138.06462, 34.714476], [138.064505, 34.713887], [138.064706, 34.713393], [138.065421, 34.713495], [138.066004, 34.712749], [138.067163, 34.712368], [138.066782, 34.711583], [138.06691, 34.711324], [138.067339, 34.711134], [138.06746, 34.710935], [138.067326, 34.710501], [138.067823, 34.709681], [138.067292, 34.709086], [138.067977, 34.708201], [138.06823, 34.708001], [138.069245, 34.707666], [138.069508, 34.707345], [138.069482, 34.706946], [138.070134, 34.706592], [138.071061, 34.705542], [138.0722, 34.704769], [138.073214, 34.704436], [138.073484, 34.704233], [138.073809, 34.704233], [138.074857, 34.704319], [138.075581, 34.704947], [138.0781, 34.702974], [138.078561, 34.702362], [138.078719, 34.701617], [138.078573, 34.701057], [138.078271, 34.700541], [138.077721, 34.700058], [138.076706, 34.699513], [138.075215, 34.699579], [138.073145, 34.698512], [138.073064, 34.698317], [138.073167, 34.697916], [138.072548, 34.697672], [138.073386, 34.696328], [138.072462, 34.695689], [138.071184, 34.69543], [138.069924, 34.696441], [138.069137, 34.696857], [138.068, 34.695816], [138.066819, 34.695126], [138.068159, 34.693574], [138.067922, 34.693399], [138.06863, 34.692379], [138.068704, 34.691883], [138.07007, 34.69007], [138.068916, 34.689445], [138.069267, 34.688955], [138.069694, 34.689147], [138.071974, 34.685778], [138.07193, 34.685591], [138.071588, 34.685298], [138.071921, 34.684457], [138.071672, 34.684332], [138.072136, 34.683306], [138.070784, 34.680576], [138.07194, 34.679466], [138.072483, 34.678529], [138.072125, 34.678298], [138.07023, 34.677964], [138.068924, 34.678084], [138.068572, 34.677743], [138.068625, 34.67712], [138.068719, 34.67685], [138.069183, 34.676637], [138.073212, 34.677571], [138.073181, 34.677838], [138.073566, 34.678593], [138.073121, 34.6795], [138.077783, 34.681147], [138.078143, 34.677715], [138.078834, 34.677582], [138.079568, 34.677761], [138.079758, 34.677092], [138.084311, 34.677466], [138.084344, 34.677202], [138.085572, 34.676857], [138.085029, 34.675144], [138.086089, 34.674969], [138.085488, 34.674314], [138.086847, 34.672853], [138.085532, 34.669248], [138.084578, 34.6695], [138.084871, 34.666854], [138.084723, 34.666375], [138.084924, 34.665446], [138.084865, 34.66421], [138.085419, 34.663672], [138.085437, 34.6635], [138.085318, 34.663066], [138.085381, 34.662204], [138.084589, 34.661642], [138.084384, 34.660961], [138.0862, 34.659977], [138.089138, 34.659601], [138.092294, 34.659894], [138.094634, 34.659816], [138.096542, 34.659408], [138.097198, 34.65899], [138.098942, 34.658337], [138.099848, 34.658207], [138.100758, 34.657863], [138.102131, 34.657684], [138.102601, 34.658673], [138.103068, 34.65917], [138.103385, 34.660461], [138.103394, 34.66122], [138.102508, 34.661413], [138.102242, 34.661683], [138.102561, 34.663926], [138.102677, 34.664077], [138.103434, 34.664124], [138.103587, 34.664241], [138.103828, 34.664889], [138.10417, 34.665156], [138.104458, 34.665614], [138.104401, 34.666195], [138.104752, 34.666926], [138.104659, 34.667383], [138.104042, 34.667767], [138.103825, 34.668046], [138.103882, 34.668594], [138.103734, 34.669009], [138.104202, 34.669671], [138.104847, 34.6701], [138.105643, 34.670103], [138.107987, 34.67049], [138.10905, 34.670791], [138.109353, 34.67105], [138.109454, 34.671664], [138.108481, 34.672219], [138.108404, 34.672523], [138.109072, 34.673031], [138.109435, 34.673606], [138.110572, 34.674156], [138.110637, 34.674323], [138.109787, 34.675189], [138.109541, 34.675645], [138.109438, 34.67625], [138.109146, 34.67656], [138.10958, 34.67709], [138.109438, 34.677731], [138.109661, 34.678445], [138.110274, 34.678981], [138.110869, 34.679167], [138.111372, 34.679496], [138.111431, 34.679664], [138.110929, 34.680694], [138.110971, 34.680977], [138.111593, 34.680998], [138.111797, 34.681343], [138.111602, 34.681837], [138.111178, 34.682094], [138.110833, 34.681517], [138.110538, 34.6816], [138.110552, 34.682113], [138.110925, 34.682495], [138.111502, 34.682738], [138.111461, 34.68332], [138.111829, 34.684079], [138.112831, 34.684159], [138.113502, 34.684346], [138.113588, 34.68467], [138.113357, 34.685641], [138.113572, 34.685941], [138.113756, 34.686051], [138.114519, 34.686076], [138.115064, 34.685817], [138.115755, 34.685941], [138.116387, 34.686528], [138.118361, 34.687381], [138.119658, 34.68866], [138.120513, 34.688851], [138.120709, 34.689269], [138.1225, 34.690001], [138.122518, 34.690544], [138.122949, 34.691122], [138.122535, 34.691965], [138.122236, 34.692294], [138.122571, 34.692473], [138.123267, 34.693166], [138.124403, 34.693287], [138.124614, 34.693437], [138.124914, 34.694044], [138.124667, 34.694666], [138.124737, 34.695031], [138.125416, 34.695702], [138.126702, 34.696367], [138.127644, 34.696574], [138.127768, 34.696902], [138.127997, 34.696995], [138.129926, 34.697324], [138.130525, 34.697696], [138.130851, 34.698174], [138.132234, 34.698446], [138.133167, 34.699146], [138.134075, 34.699282], [138.134674, 34.699939], [138.135106, 34.700154], [138.135687, 34.700218], [138.136524, 34.700582], [138.137237, 34.700519], [138.138127, 34.700147], [138.139845, 34.699011], [138.144171, 34.698271], [138.145563, 34.697626], [138.145544, 34.699069], [138.144589, 34.702312], [138.144597, 34.703016], [138.144947, 34.703995], [138.144686, 34.704739], [138.143745, 34.706086], [138.143598, 34.706901], [138.143874, 34.707838], [138.144699, 34.708709], [138.145199, 34.710464], [138.145712, 34.711636], [138.145827, 34.712849], [138.145575, 34.714977], [138.145281, 34.71584], [138.143373, 34.718061], [138.142857, 34.718909], [138.14262, 34.719668], [138.142663, 34.720614], [138.142404, 34.721689], [138.141705, 34.722985], [138.140733, 34.724276], [138.139999, 34.725911], [138.140229, 34.727861], [138.140011, 34.73259], [138.141189, 34.734382], [138.141551, 34.73703], [138.141249, 34.738563], [138.141912, 34.740858], [138.141902, 34.741198], [138.13931, 34.745253], [138.137514, 34.746566], [138.136739, 34.747539], [138.135234, 34.74883], [138.134523, 34.748926], [138.134213, 34.749093], [138.131917, 34.750798], [138.132374, 34.752259], [138.132306, 34.755761], [138.132649, 34.758607], [138.133027, 34.75947], [138.133797, 34.76012], [138.13371, 34.760287], [138.133856, 34.760411], [138.13392, 34.762012], [138.134161, 34.762846], [138.134783, 34.763929], [138.137725, 34.76634], [138.138249, 34.766333], [138.140052, 34.765971], [138.142228, 34.773789], [138.142695, 34.776518], [138.142743, 34.776832], [138.142063, 34.776947], [138.141884, 34.777415], [138.141636, 34.780949], [138.141362, 34.7816], [138.141167, 34.781732], [138.140923, 34.783319], [138.140906, 34.783626], [138.141093, 34.783632], [138.141234, 34.784653], [138.139737, 34.788983], [138.138706, 34.793525]]]}}, {"type": "Feature", "properties": {"pref_code": "22", "pref_name": "静岡県", "municipality_code": "22225", "municipality_name": "伊豆の国市", "ward_name": "", "display_name": "伊豆の国市", "geometry_key": "22225"}, "geometry": {"type": "Polygon", "coordinates": [[[139.027851, 35.081625], [139.027061, 35.081103], [139.026634, 35.080462], [139.02601, 35.080003], [139.025317, 35.079731], [139.019884, 35.078734], [139.01921, 35.078734], [139.017862, 35.079368], [139.017589, 35.079399], [139.01601, 35.079071], [139.015159, 35.079087], [139.012845, 35.078805], [139.011039, 35.079071], [139.008332, 35.078502], [139.007315, 35.078749], [139.006718, 35.078739], [139.00554, 35.079289], [139.004073, 35.079601], [139.002529, 35.079429], [139.002054, 35.079835], [139.001686, 35.080861], [138.99976, 35.081949], [138.99852, 35.081946], [138.998147, 35.081737], [138.997908, 35.081384], [138.996479, 35.081288], [138.995067, 35.081926], [138.994051, 35.082149], [138.992692, 35.082716], [138.991773, 35.082674], [138.991016, 35.082144], [138.989465, 35.082078], [138.988401, 35.08157], [138.986979, 35.081557], [138.985844, 35.081822], [138.98529, 35.081839], [138.984061, 35.081608], [138.983696, 35.081185], [138.983331, 35.080982], [138.981567, 35.080349], [138.981062, 35.080368], [138.980246, 35.080614], [138.979742, 35.080567], [138.979422, 35.079771], [138.979144, 35.079444], [138.978686, 35.079272], [138.977562, 35.0796], [138.977053, 35.079914], [138.97624, 35.07974], [138.975748, 35.080116], [138.975534, 35.08069], [138.975332, 35.080817], [138.974944, 35.080932], [138.97452, 35.080849], [138.973789, 35.081155], [138.973489, 35.081076], [138.972879, 35.080387], [138.971421, 35.080371], [138.970627, 35.080073], [138.968384, 35.079609], [138.966756, 35.079072], [138.964783, 35.078673], [138.963043, 35.078595], [138.96255, 35.078335], [138.962318, 35.078533], [138.959571, 35.076884], [138.959449, 35.077081], [138.953929, 35.075061], [138.946034, 35.07247], [138.945001, 35.071858], [138.945068, 35.071514], [138.943161, 35.071251], [138.944657, 35.067244], [138.944043, 35.067014], [138.942658, 35.066645], [138.941381, 35.066472], [138.941282, 35.066687], [138.941131, 35.066666], [138.940755, 35.068752], [138.939824, 35.068747], [138.937244, 35.068327], [138.936495, 35.065104], [138.93635, 35.063862], [138.936419, 35.063204], [138.936694, 35.062523], [138.93738, 35.061478], [138.93688, 35.061188], [138.935999, 35.061342], [138.934239, 35.062547], [138.93341, 35.063396], [138.932771, 35.064348], [138.932147, 35.064233], [138.930931, 35.064621], [138.930678, 35.064604], [138.929442, 35.063634], [138.928807, 35.063477], [138.92827, 35.063571], [138.927416, 35.063466], [138.926472, 35.064264], [138.92576, 35.064275], [138.925188, 35.063387], [138.923496, 35.062269], [138.923002, 35.062272], [138.921508, 35.062607], [138.920381, 35.061965], [138.919218, 35.062481], [138.917838, 35.062209], [138.916473, 35.062491], [138.915516, 35.062461], [138.914731, 35.061942], [138.914357, 35.061914], [138.913084, 35.062437], [138.912498, 35.061996], [138.911404, 35.061706], [138.910687, 35.061064], [138.910414, 35.060441], [138.909351, 35.059821], [138.90813, 35.059688], [138.907475, 35.059799], [138.906232, 35.059387], [138.90683, 35.058197], [138.908376, 35.056749], [138.908417, 35.056477], [138.908076, 35.055771], [138.908069, 35.055454], [138.908487, 35.055184], [138.908642, 35.054893], [138.909273, 35.05432], [138.909195, 35.053742], [138.908859, 35.053238], [138.908769, 35.052089], [138.908277, 35.051511], [138.908472, 35.050611], [138.908019, 35.050055], [138.907934, 35.049155], [138.908122, 35.048537], [138.90858, 35.047803], [138.908549, 35.047212], [138.90869, 35.046954], [138.908839, 35.046786], [138.909518, 35.04667], [138.909583, 35.046554], [138.909557, 35.046019], [138.910096, 35.045326], [138.909762, 35.044525], [138.909837, 35.044146], [138.910553, 35.043462], [138.910927, 35.042741], [138.911056, 35.041837], [138.911402, 35.041101], [138.911095, 35.040717], [138.91152, 35.039503], [138.911385, 35.038599], [138.911727, 35.037311], [138.911341, 35.036626], [138.909929, 35.035775], [138.908893, 35.035925], [138.907501, 35.035572], [138.906262, 35.03553], [138.905912, 35.035398], [138.90555, 35.03449], [138.905207, 35.034174], [138.904997, 35.034051], [138.904447, 35.034027], [138.903446, 35.033179], [138.903081, 35.032756], [138.902794, 35.031944], [138.902929, 35.031529], [138.903583, 35.031087], [138.90401, 35.030489], [138.904631, 35.030037], [138.904864, 35.029628], [138.905368, 35.029367], [138.906865, 35.028194], [138.907706, 35.027123], [138.908081, 35.027071], [138.909375, 35.027386], [138.909886, 35.027672], [138.910349, 35.026737], [138.911897, 35.025552], [138.911892, 35.024804], [138.911486, 35.024307], [138.911791, 35.02374], [138.911025, 35.022312], [138.910512, 35.020851], [138.908666, 35.019704], [138.908175, 35.018908], [138.907676, 35.018434], [138.907399, 35.017885], [138.905579, 35.017371], [138.905022, 35.017029], [138.904794, 35.016201], [138.903495, 35.015436], [138.902738, 35.013822], [138.902682, 35.013552], [138.903293, 35.012539], [138.903921, 35.012127], [138.904684, 35.011894], [138.904801, 35.011476], [138.905836, 35.010595], [138.906131, 35.009401], [138.907789, 35.0079], [138.909608, 35.007734], [138.909264, 35.007002], [138.909166, 35.006218], [138.909384, 35.005357], [138.909277, 35.004822], [138.908671, 35.003907], [138.908568, 35.002827], [138.908322, 35.002286], [138.908505, 35.001502], [138.908283, 35.000887], [138.907509, 34.999807], [138.907714, 34.999611], [138.908653, 34.999332], [138.909201, 34.997241], [138.910326, 34.997344], [138.910441, 34.996754], [138.910187, 34.996378], [138.910303, 34.996214], [138.910531, 34.996167], [138.911066, 34.996351], [138.912029, 34.996188], [138.912391, 34.995497], [138.914079, 34.994529], [138.914702, 34.993624], [138.915117, 34.992366], [138.915887, 34.991261], [138.916848, 34.992411], [138.917442, 34.993486], [138.918729, 34.991086], [138.919324, 34.991264], [138.921107, 34.99126], [138.921699, 34.991956], [138.922031, 34.99214], [138.923608, 34.99235], [138.923185, 34.994439], [138.919686, 34.994743], [138.922595, 34.997698], [138.921661, 34.998589], [138.922551, 35.000087], [138.92309, 35.000528], [138.923974, 35.000886], [138.924453, 35.000996], [138.925347, 35.000992], [138.925737, 34.999131], [138.926601, 34.99786], [138.926502, 34.996593], [138.926843, 34.996208], [138.926932, 34.995593], [138.927898, 34.994502], [138.928219, 34.993874], [138.929362, 34.993213], [138.929868, 34.993206], [138.930034, 34.994804], [138.930299, 34.995458], [138.93227, 34.997422], [138.932585, 34.997579], [138.932961, 34.997498], [138.933331, 34.997191], [138.934121, 34.995055], [138.935283, 34.993141], [138.936602, 34.991854], [138.937329, 34.991415], [138.937899, 34.991276], [138.937212, 34.989837], [138.938197, 34.989424], [138.938605, 34.989429], [138.941465, 34.989663], [138.941458, 34.990391], [138.942, 34.99141], [138.942099, 34.991998], [138.944381, 34.993074], [138.945029, 34.993689], [138.94601, 34.994208], [138.946057, 34.995599], [138.946724, 34.996354], [138.947824, 34.996103], [138.948233, 34.995605], [138.948896, 34.995596], [138.949773, 34.996175], [138.950487, 34.996374], [138.951037, 34.996717], [138.951311, 34.997197], [138.951909, 34.997628], [138.953039, 34.99744], [138.954171, 34.997961], [138.954499, 34.998], [138.956304, 34.997617], [138.95648, 34.997712], [138.956757, 34.998216], [138.957825, 34.998351], [138.958384, 34.998775], [138.959167, 34.998995], [138.959557, 34.999754], [138.960053, 35.000132], [138.960058, 35.000856], [138.961001, 35.001036], [138.961219, 35.001546], [138.961825, 35.001987], [138.962836, 35.003034], [138.963175, 35.003212], [138.964243, 35.003065], [138.966092, 35.003067], [138.967079, 35.002716], [138.967914, 35.002872], [138.968826, 35.002679], [138.971514, 35.002824], [138.971863, 35.002927], [138.972337, 35.003426], [138.972576, 35.003447], [138.973935, 35.003358], [138.974562, 35.003163], [138.977385, 35.002953], [138.97861, 35.003196], [138.980167, 35.003187], [138.98114, 35.00299], [138.981508, 35.003204], [138.981771, 35.003635], [138.984138, 35.003414], [138.984397, 35.003751], [138.984591, 35.005153], [138.985769, 35.006381], [138.986828, 35.006663], [138.987424, 35.007104], [138.988561, 35.007564], [138.989905, 35.008697], [138.990564, 35.00891], [138.990506, 35.009264], [138.991172, 35.009588], [138.992788, 35.010867], [138.992813, 35.011564], [138.993719, 35.012455], [138.994107, 35.012166], [138.994928, 35.012733], [138.995276, 35.012821], [138.99631, 35.012758], [138.997348, 35.012368], [138.998174, 35.012388], [139.000051, 35.012185], [139.001669, 35.011403], [139.002743, 35.010691], [139.00397, 35.010523], [139.004774, 35.010116], [139.005362, 35.009611], [139.005686, 35.009611], [139.006964, 35.010551], [139.007561, 35.010751], [139.009509, 35.011778], [139.010192, 35.011887], [139.010572, 35.01241], [139.011069, 35.012567], [139.011769, 35.013314], [139.012275, 35.01349], [139.013291, 35.013447], [139.014137, 35.013651], [139.0153, 35.013121], [139.016315, 35.01241], [139.017153, 35.010629], [139.017447, 35.010341], [139.017953, 35.010117], [139.018903, 35.01012], [139.01924, 35.010004], [139.019206, 35.008872], [139.019422, 35.007694], [139.019206, 35.006565], [139.019279, 35.006284], [139.020783, 35.005685], [139.021172, 35.004889], [139.021919, 35.004093], [139.023069, 35.003837], [139.024352, 35.00404], [139.024607, 35.004209], [139.024577, 35.004616], [139.024776, 35.004812], [139.026072, 35.004759], [139.026716, 35.005232], [139.027679, 35.005219], [139.028496, 35.005043], [139.028932, 35.006039], [139.030237, 35.008206], [139.030605, 35.008378], [139.031503, 35.008283], [139.031655, 35.008406], [139.031611, 35.008714], [139.031387, 35.009089], [139.031556, 35.009255], [139.033703, 35.009564], [139.03391, 35.010065], [139.034839, 35.01072], [139.034571, 35.011453], [139.03407, 35.011961], [139.033875, 35.012472], [139.033983, 35.012783], [139.034856, 35.013544], [139.034671, 35.013895], [139.03397, 35.014425], [139.033851, 35.014774], [139.03391, 35.015441], [139.033698, 35.015561], [139.032035, 35.015599], [139.031724, 35.015852], [139.032073, 35.016129], [139.032468, 35.016137], [139.033007, 35.01582], [139.033888, 35.015743], [139.03474, 35.015312], [139.036187, 35.014912], [139.03757, 35.014831], [139.040504, 35.015021], [139.04371, 35.014547], [139.044868, 35.014239], [139.045684, 35.013671], [139.047219, 35.013288], [139.047828, 35.014157], [139.047261, 35.014257], [139.046911, 35.01455], [139.045587, 35.01714], [139.045945, 35.018213], [139.045811, 35.018799], [139.045934, 35.01912], [139.04456, 35.019052], [139.044351, 35.020031], [139.044148, 35.020341], [139.043292, 35.020413], [139.042509, 35.020959], [139.041921, 35.020909], [139.041444, 35.021023], [139.041368, 35.021308], [139.043093, 35.023418], [139.043615, 35.023809], [139.044474, 35.025169], [139.045491, 35.025883], [139.04726, 35.027841], [139.047896, 35.0281], [139.048593, 35.028013], [139.049854, 35.028518], [139.050593, 35.029198], [139.051259, 35.030371], [139.050735, 35.030417], [139.050104, 35.030289], [139.049037, 35.030677], [139.048391, 35.030467], [139.048252, 35.030705], [139.048271, 35.031145], [139.048009, 35.031492], [139.047405, 35.031454], [139.046804, 35.031751], [139.045283, 35.031935], [139.044578, 35.032432], [139.043569, 35.032394], [139.039457, 35.034303], [139.038683, 35.034819], [139.038062, 35.034629], [139.037092, 35.035666], [139.036623, 35.036759], [139.036665, 35.037849], [139.037289, 35.037943], [139.037593, 35.038227], [139.038485, 35.038513], [139.038557, 35.03865], [139.037912, 35.039649], [139.037046, 35.040274], [139.036919, 35.040674], [139.036931, 35.041199], [139.037774, 35.041814], [139.036815, 35.042608], [139.036484, 35.04333], [139.035918, 35.043667], [139.034566, 35.045107], [139.033951, 35.04537], [139.033762, 35.045586], [139.03375, 35.046157], [139.033176, 35.047347], [139.034285, 35.049038], [139.034262, 35.049532], [139.033788, 35.050485], [139.033788, 35.051022], [139.033611, 35.051369], [139.033057, 35.052247], [139.032456, 35.052747], [139.032264, 35.053134], [139.03241, 35.053484], [139.03308, 35.054228], [139.033184, 35.054891], [139.03283, 35.055441], [139.032984, 35.055978], [139.033434, 35.056647], [139.033349, 35.057556], [139.034143, 35.057931], [139.035017, 35.058028], [139.035302, 35.057922], [139.035949, 35.058119], [139.037094, 35.05808], [139.037758, 35.058147], [139.038074, 35.058291], [139.040046, 35.059478], [139.040203, 35.059791], [139.040203, 35.060875], [139.039056, 35.061574], [139.038124, 35.062518], [139.037681, 35.06319], [139.036534, 35.063968], [139.036312, 35.064448], [139.035048, 35.064977], [139.034465, 35.066871], [139.033161, 35.066824], [139.031902, 35.067171], [139.03149, 35.06748], [139.031377, 35.068447], [139.030507, 35.069601], [139.030257, 35.07057], [139.030457, 35.07197], [139.031081, 35.073573], [139.031085, 35.074201], [139.030612, 35.074857], [139.02936, 35.075738], [139.028675, 35.076929], [139.028563, 35.077357], [139.028856, 35.078363], [139.028729, 35.079516], [139.028313, 35.081019], [139.027851, 35.081625]]]}}, {"type": "Feature", "properties": {"pref_code": "22", "pref_name": "静岡県", "municipality_code": "22226", "municipality_name": "牧之原市", "ward_name": "", "display_name": "牧之原市", "geometry_key": "22226"}, "geometry": {"type": "MultiPolygon", "coordinates": [[[[138.223621, 34.786631], [138.222272, 34.786532], [138.219801, 34.78677], [138.217211, 34.787604], [138.213922, 34.788076], [138.211621, 34.788955], [138.210504, 34.789549], [138.20927, 34.790403], [138.208496, 34.790692], [138.208098, 34.791107], [138.205942, 34.791899], [138.204383, 34.792782], [138.202276, 34.792951], [138.20091, 34.793343], [138.198031, 34.793785], [138.196704, 34.794685], [138.196176, 34.79521], [138.195096, 34.795492], [138.19441, 34.795958], [138.193005, 34.796565], [138.192633, 34.79666], [138.191919, 34.796527], [138.191363, 34.796637], [138.190475, 34.797248], [138.190116, 34.797241], [138.189503, 34.796948], [138.188269, 34.797262], [138.187947, 34.797147], [138.18757, 34.796801], [138.18703, 34.797229], [138.186916, 34.797591], [138.186591, 34.797779], [138.185651, 34.798162], [138.183435, 34.798508], [138.181715, 34.798441], [138.180785, 34.798143], [138.179585, 34.796972], [138.179546, 34.796702], [138.177911, 34.796842], [138.177392, 34.796986], [138.176184, 34.798222], [138.174716, 34.798375], [138.17238, 34.798945], [138.172196, 34.799719], [138.171761, 34.799919], [138.169757, 34.799983], [138.169073, 34.800388], [138.166881, 34.800796], [138.165915, 34.800654], [138.164241, 34.800739], [138.163729, 34.800918], [138.161675, 34.800776], [138.158672, 34.801591], [138.156904, 34.799928], [138.156862, 34.799207], [138.156343, 34.798786], [138.15636, 34.797752], [138.156217, 34.797667], [138.155741, 34.798062], [138.154516, 34.798425], [138.154096, 34.797544], [138.154256, 34.797061], [138.154008, 34.79677], [138.153196, 34.797405], [138.15248, 34.796866], [138.1524, 34.796427], [138.152033, 34.795923], [138.150527, 34.794683], [138.150102, 34.794626], [138.149473, 34.794774], [138.149342, 34.794665], [138.14892, 34.793849], [138.148121, 34.792799], [138.148233, 34.792248], [138.147745, 34.792221], [138.147627, 34.79211], [138.147622, 34.791941], [138.148079, 34.791663], [138.148247, 34.791391], [138.147993, 34.791377], [138.148036, 34.79093], [138.147392, 34.791189], [138.147101, 34.790889], [138.146799, 34.790956], [138.146862, 34.791328], [138.146691, 34.79179], [138.146329, 34.791811], [138.145932, 34.792799], [138.144957, 34.793358], [138.144695, 34.793777], [138.142124, 34.792808], [138.141297, 34.793212], [138.139967, 34.793539], [138.138706, 34.793525], [138.139737, 34.788983], [138.141234, 34.784653], [138.141093, 34.783632], [138.140906, 34.783626], [138.140923, 34.783319], [138.141167, 34.781732], [138.141362, 34.7816], [138.141636, 34.780949], [138.141884, 34.777415], [138.142063, 34.776947], [138.142743, 34.776832], [138.142695, 34.776518], [138.142228, 34.773789], [138.140052, 34.765971], [138.138249, 34.766333], [138.137725, 34.76634], [138.134783, 34.763929], [138.134161, 34.762846], [138.13392, 34.762012], [138.133856, 34.760411], [138.13371, 34.760287], [138.133797, 34.76012], [138.133027, 34.75947], [138.132649, 34.758607], [138.132306, 34.755761], [138.132374, 34.752259], [138.131917, 34.750798], [138.134213, 34.749093], [138.134523, 34.748926], [138.135234, 34.74883], [138.136739, 34.747539], [138.137514, 34.746566], [138.13931, 34.745253], [138.141902, 34.741198], [138.141912, 34.740858], [138.141249, 34.738563], [138.141551, 34.73703], [138.141189, 34.734382], [138.140011, 34.73259], [138.140229, 34.727861], [138.139999, 34.725911], [138.140733, 34.724276], [138.141705, 34.722985], [138.142404, 34.721689], [138.142663, 34.720614], [138.14262, 34.719668], [138.142857, 34.718909], [138.143373, 34.718061], [138.145281, 34.71584], [138.145575, 34.714977], [138.145827, 34.712849], [138.145712, 34.711636], [138.145199, 34.710464], [138.144699, 34.708709], [138.143874, 34.707838], [138.143598, 34.706901], [138.143745, 34.706086], [138.144686, 34.704739], [138.144947, 34.703995], [138.144597, 34.703016], [138.144589, 34.702312], [138.145544, 34.699069], [138.145563, 34.697626], [138.150656, 34.695509], [138.152419, 34.694433], [138.154142, 34.693824], [138.155848, 34.692971], [138.156865, 34.692766], [138.158064, 34.692814], [138.158696, 34.692714], [138.163335, 34.690861], [138.163519, 34.690149], [138.167153, 34.687442], [138.167484, 34.687016], [138.168374, 34.685159], [138.169514, 34.683999], [138.170339, 34.683342], [138.172587, 34.682274], [138.173392, 34.681728], [138.173324, 34.680789], [138.173857, 34.679794], [138.173962, 34.678804], [138.173218, 34.677282], [138.173089, 34.675858], [138.172887, 34.675268], [138.172644, 34.674717], [138.171917, 34.674048], [138.170388, 34.673602], [138.173194, 34.671837], [138.174172, 34.671401], [138.176088, 34.670844], [138.176963, 34.670729], [138.179501, 34.669851], [138.181727, 34.669695], [138.182513, 34.669222], [138.182835, 34.668376], [138.182921, 34.667301], [138.18345, 34.666697], [138.183412, 34.666341], [138.183052, 34.665934], [138.18287, 34.66545], [138.182887, 34.665094], [138.183234, 34.664434], [138.182915, 34.663694], [138.182431, 34.663454], [138.182198, 34.663103], [138.181721, 34.662981], [138.180795, 34.662387], [138.180829, 34.662193], [138.18169, 34.661909], [138.181587, 34.661366], [138.181862, 34.660937], [138.182205, 34.660704], [138.182219, 34.660208], [138.18296, 34.660194], [138.183176, 34.659957], [138.182668, 34.658657], [138.182624, 34.658212], [138.180778, 34.657469], [138.180195, 34.656516], [138.180161, 34.655968], [138.179746, 34.655573], [138.179845, 34.655297], [138.179272, 34.654337], [138.178338, 34.653752], [138.177453, 34.652903], [138.176872, 34.652789], [138.176394, 34.652425], [138.174662, 34.651541], [138.174616, 34.651333], [138.174874, 34.65113], [138.175184, 34.650516], [138.173751, 34.650009], [138.17279, 34.649423], [138.171932, 34.648691], [138.172071, 34.648084], [138.171769, 34.647229], [138.171288, 34.646905], [138.170927, 34.646118], [138.170444, 34.645938], [138.169796, 34.645126], [138.169369, 34.644825], [138.169154, 34.644333], [138.168517, 34.643801], [138.168537, 34.643529], [138.168944, 34.642965], [138.16842, 34.642336], [138.169367, 34.640936], [138.169269, 34.640519], [138.168202, 34.638985], [138.168269, 34.638223], [138.168054, 34.63797], [138.168065, 34.637258], [138.167883, 34.636573], [138.168059, 34.636037], [138.16796, 34.63486], [138.168515, 34.633781], [138.170137, 34.633907], [138.170759, 34.633519], [138.171102, 34.632946], [138.170902, 34.631846], [138.170436, 34.630577], [138.170127, 34.628823], [138.169646, 34.627687], [138.169664, 34.627297], [138.17013, 34.626008], [138.169951, 34.625373], [138.169981, 34.624206], [138.1698, 34.623417], [138.170981, 34.624208], [138.171433, 34.62428], [138.173278, 34.623639], [138.175452, 34.623861], [138.176371, 34.623444], [138.178071, 34.624077], [138.179272, 34.624939], [138.179703, 34.62489], [138.180417, 34.625612], [138.180822, 34.625283], [138.181314, 34.625117], [138.183458, 34.625401], [138.183742, 34.625316], [138.183898, 34.625103], [138.185209, 34.625374], [138.185417, 34.624968], [138.184828, 34.624458], [138.184734, 34.624336], [138.184834, 34.624214], [138.185267, 34.624109], [138.185521, 34.624169], [138.188388, 34.623481], [138.188764, 34.623815], [138.189547, 34.623304], [138.190117, 34.622681], [138.190218, 34.622398], [138.189964, 34.622188], [138.190237, 34.621875], [138.191239, 34.621758], [138.191365, 34.62099], [138.192781, 34.620467], [138.192695, 34.620257], [138.192414, 34.620167], [138.191526, 34.620415], [138.190881, 34.620196], [138.190866, 34.620074], [138.194475, 34.618966], [138.197096, 34.618752], [138.20061, 34.618717], [138.200996, 34.618791], [138.200862, 34.620207], [138.204046, 34.619878], [138.206235, 34.62067], [138.205301, 34.622903], [138.205404, 34.623071], [138.205709, 34.623116], [138.205602, 34.62352], [138.205351, 34.623633], [138.205428, 34.623894], [138.205027, 34.624296], [138.204848, 34.624256], [138.20406, 34.624893], [138.203772, 34.624951], [138.203612, 34.625196], [138.203652, 34.625409], [138.203381, 34.625533], [138.203054, 34.626335], [138.202713, 34.626724], [138.202366, 34.626937], [138.20179, 34.626996], [138.202721, 34.628551], [138.202629, 34.628765], [138.20185, 34.627549], [138.200741, 34.628097], [138.200886, 34.62832], [138.200538, 34.628792], [138.201438, 34.629274], [138.201193, 34.629628], [138.201733, 34.630206], [138.201418, 34.630438], [138.199969, 34.629738], [138.198928, 34.631156], [138.199351, 34.631367], [138.199332, 34.631521], [138.202141, 34.632503], [138.200852, 34.634119], [138.200082, 34.63383], [138.200178, 34.633542], [138.199659, 34.633349], [138.199486, 34.63358], [138.198524, 34.633215], [138.198543, 34.632907], [138.19835, 34.632599], [138.197831, 34.632291], [138.197542, 34.632195], [138.196926, 34.632252], [138.196605, 34.632544], [138.194846, 34.636068], [138.193329, 34.641565], [138.192991, 34.643546], [138.192902, 34.646225], [138.193032, 34.647415], [138.193271, 34.64813], [138.193237, 34.648502], [138.193019, 34.648703], [138.193521, 34.653152], [138.194312, 34.656864], [138.19489, 34.662152], [138.195326, 34.663459], [138.195414, 34.664394], [138.195754, 34.665379], [138.196374, 34.666505], [138.196707, 34.667744], [138.197117, 34.668421], [138.197245, 34.669113], [138.198639, 34.672323], [138.200704, 34.676073], [138.201535, 34.677104], [138.203416, 34.679964], [138.204772, 34.680978], [138.205229, 34.681502], [138.205584, 34.682087], [138.206047, 34.683372], [138.207388, 34.685087], [138.207528, 34.685036], [138.20792, 34.685754], [138.208688, 34.685513], [138.208829, 34.685839], [138.207472, 34.686198], [138.208066, 34.687119], [138.209031, 34.686715], [138.209294, 34.686769], [138.207132, 34.688786], [138.207519, 34.689126], [138.207873, 34.688927], [138.207976, 34.688997], [138.207696, 34.689335], [138.209059, 34.691019], [138.209918, 34.692387], [138.21186, 34.694646], [138.21289, 34.696296], [138.214109, 34.699584], [138.21421, 34.700099], [138.213874, 34.70065], [138.214089, 34.700756], [138.214155, 34.70163], [138.215431, 34.701635], [138.215445, 34.702156], [138.21327, 34.702171], [138.213276, 34.703322], [138.213863, 34.707017], [138.214259, 34.708774], [138.218062, 34.715825], [138.221674, 34.720729], [138.224564, 34.723404], [138.226568, 34.725494], [138.226943, 34.726321], [138.226977, 34.726936], [138.227207, 34.727446], [138.229309, 34.726958], [138.229288, 34.727352], [138.229533, 34.727712], [138.232028, 34.730252], [138.233016, 34.731108], [138.233596, 34.731452], [138.234052, 34.732015], [138.237767, 34.734898], [138.244747, 34.73942], [138.244981, 34.73977], [138.246002, 34.740412], [138.24229, 34.744369], [138.241516, 34.745478], [138.243028, 34.748552], [138.243885, 34.751508], [138.244213, 34.752195], [138.245133, 34.753318], [138.245597, 34.753693], [138.246023, 34.753693], [138.246267, 34.753916], [138.247061, 34.754943], [138.24909, 34.755754], [138.249659, 34.756623], [138.250345, 34.75691], [138.251275, 34.757667], [138.251647, 34.758291], [138.251415, 34.759226], [138.250636, 34.760537], [138.250358, 34.760783], [138.249976, 34.760884], [138.249643, 34.760884], [138.249472, 34.760764], [138.249146, 34.760216], [138.246192, 34.758089], [138.244936, 34.759135], [138.244111, 34.759576], [138.243647, 34.7596], [138.243264, 34.75981], [138.242227, 34.761042], [138.24218, 34.761211], [138.242483, 34.761504], [138.241421, 34.763361], [138.237234, 34.768783], [138.238497, 34.769426], [138.236047, 34.772471], [138.236076, 34.773119], [138.236621, 34.774028], [138.236591, 34.774313], [138.236869, 34.774831], [138.236865, 34.775124], [138.236431, 34.77593], [138.235628, 34.776759], [138.234679, 34.777227], [138.233813, 34.777544], [138.232149, 34.777837], [138.230732, 34.778314], [138.22967, 34.779217], [138.228012, 34.781462], [138.226873, 34.782691], [138.226531, 34.783141], [138.226406, 34.783665], [138.226074, 34.784166], [138.223621, 34.786631]]], [[[138.220431, 34.676604], [138.220597, 34.676565], [138.220655, 34.676654], [138.220431, 34.676604]]], [[[138.223636, 34.675776], [138.223721, 34.675749], [138.223742, 34.67582], [138.223636, 34.675776]]], [[[138.221539, 34.675158], [138.221624, 34.675061], [138.222113, 34.675294], [138.222299, 34.67566], [138.222116, 34.675733], [138.221539, 34.675158]]], [[[138.223508, 34.674915], [138.223654, 34.674785], [138.223617, 34.674953], [138.223508, 34.674915]]], [[[138.210439, 34.621773], [138.215207, 34.624863], [138.210473, 34.630001], [138.207991, 34.628404], [138.208126, 34.62646], [138.208414, 34.626614], [138.208587, 34.626384], [138.208318, 34.626191], [138.210608, 34.62369], [138.208453, 34.622304], [138.209453, 34.621207], [138.210439, 34.621773]]]]}}, {"type": "Feature", "properties": {"pref_code": "22", "pref_name": "静岡県", "municipality_code": "22301", "municipality_name": "東伊豆町", "ward_name": "", "display_name": "東伊豆町", "geometry_key": "22301"}, "geometry": {"type": "MultiPolygon", "coordinates": [[[[139.034577, 34.883509], [139.034554, 34.882565], [139.034251, 34.881625], [139.033648, 34.880953], [139.032531, 34.880349], [139.032236, 34.879722], [139.032402, 34.878774], [139.033607, 34.877908], [139.033681, 34.877591], [139.032991, 34.876923], [139.027568, 34.873326], [139.02657, 34.872487], [139.025931, 34.871741], [139.024473, 34.868614], [139.023227, 34.864935], [139.02284, 34.864244], [139.022693, 34.863259], [139.021516, 34.862207], [139.020987, 34.860211], [139.020831, 34.860028], [139.01831, 34.861509], [139.017017, 34.861939], [139.012713, 34.862025], [139.009714, 34.861584], [139.007957, 34.862446], [139.00758, 34.862759], [139.007437, 34.86314], [139.006697, 34.863439], [139.006301, 34.863338], [139.00511, 34.862573], [139.004714, 34.862476], [139.003196, 34.863054], [139.002672, 34.863092], [139.002001, 34.86295], [138.999959, 34.863319], [138.999558, 34.863192], [138.998708, 34.862551], [138.998004, 34.862412], [138.996859, 34.862566], [138.996252, 34.862282], [138.995557, 34.861644], [138.995132, 34.860262], [138.994876, 34.859859], [138.994459, 34.85954], [138.994204, 34.859545], [138.993364, 34.859994], [138.992525, 34.860193], [138.991509, 34.860047], [138.989792, 34.860211], [138.989169, 34.860068], [138.987636, 34.858871], [138.986527, 34.858456], [138.984952, 34.857578], [138.983579, 34.857168], [138.980759, 34.856843], [138.979951, 34.856971], [138.978972, 34.857471], [138.978016, 34.857694], [138.976676, 34.857379], [138.975295, 34.856192], [138.974842, 34.855467], [138.974015, 34.855337], [138.973624, 34.855142], [138.972597, 34.854254], [138.971816, 34.854164], [138.969638, 34.853554], [138.969016, 34.85317], [138.968044, 34.852294], [138.966859, 34.851644], [138.966446, 34.851682], [138.965281, 34.852696], [138.964996, 34.852727], [138.963767, 34.851855], [138.962773, 34.85156], [138.961762, 34.850723], [138.961491, 34.850357], [138.961158, 34.849723], [138.961504, 34.848912], [138.962012, 34.848502], [138.962678, 34.848208], [138.963612, 34.846752], [138.963483, 34.846072], [138.963072, 34.845307], [138.963113, 34.845133], [138.964567, 34.844136], [138.965132, 34.842799], [138.966285, 34.841737], [138.966772, 34.841484], [138.967956, 34.840466], [138.968704, 34.839258], [138.969991, 34.838317], [138.970722, 34.837347], [138.971702, 34.836851], [138.972829, 34.836471], [138.973227, 34.836191], [138.974138, 34.836471], [138.975412, 34.835797], [138.975456, 34.835417], [138.974872, 34.834599], [138.974554, 34.833257], [138.976111, 34.831084], [138.975978, 34.830589], [138.975191, 34.829814], [138.975156, 34.829606], [138.975571, 34.828767], [138.976509, 34.828021], [138.976252, 34.827217], [138.976305, 34.826945], [138.976677, 34.826543], [138.977658, 34.826206], [138.978154, 34.825891], [138.979074, 34.824068], [138.980064, 34.823954], [138.980639, 34.823652], [138.980807, 34.823287], [138.980781, 34.822763], [138.981479, 34.822311], [138.981718, 34.822017], [138.981859, 34.821379], [138.982213, 34.820833], [138.98339, 34.819937], [138.984778, 34.81932], [138.984637, 34.818581], [138.984964, 34.817555], [138.985194, 34.817254], [138.985707, 34.816953], [138.98614, 34.816422], [138.986936, 34.815948], [138.987096, 34.815539], [138.987043, 34.81404], [138.987883, 34.81252], [138.98997, 34.810152], [138.990492, 34.809227], [138.991624, 34.808746], [138.991863, 34.808388], [138.992641, 34.807799], [138.993163, 34.807735], [138.993641, 34.807914], [138.993809, 34.807864], [138.994357, 34.807269], [138.994587, 34.806114], [138.995135, 34.804944], [138.995347, 34.804736], [138.996861, 34.803804], [138.998667, 34.802945], [139.000265, 34.802821], [139.000859, 34.802526], [139.001752, 34.800619], [139.003752, 34.798061], [139.003991, 34.797432], [139.003596, 34.796618], [139.004, 34.796119], [139.005984, 34.795059], [139.007487, 34.795625], [139.007796, 34.795632], [139.008381, 34.794423], [139.009875, 34.793243], [139.010153, 34.792665], [139.010257, 34.791383], [139.010876, 34.790681], [139.011099, 34.790057], [139.01162, 34.78973], [139.012541, 34.789524], [139.012841, 34.789201], [139.013297, 34.788123], [139.013306, 34.787457], [139.012716, 34.786039], [139.012979, 34.785299], [139.013499, 34.785203], [139.013827, 34.78483], [139.013836, 34.784393], [139.013551, 34.783489], [139.013668, 34.782858], [139.015471, 34.781284], [139.015857, 34.780745], [139.016298, 34.778565], [139.014669, 34.776109], [139.015141, 34.775674], [139.014345, 34.774554], [139.014384, 34.774179], [139.016224, 34.772384], [139.016934, 34.771018], [139.017574, 34.770377], [139.018067, 34.770159], [139.019448, 34.769995], [139.020216, 34.769454], [139.022426, 34.768565], [139.022941, 34.767604], [139.02411, 34.766307], [139.024548, 34.765511], [139.025795, 34.764186], [139.026237, 34.764697], [139.026738, 34.765802], [139.026912, 34.766623], [139.0272, 34.767035], [139.027997, 34.767534], [139.029431, 34.767986], [139.030222, 34.768053], [139.031383, 34.767642], [139.032284, 34.767524], [139.034031, 34.766651], [139.03425, 34.766369], [139.035404, 34.766031], [139.03683, 34.765761], [139.0381, 34.765727], [139.0401, 34.766082], [139.041131, 34.766411], [139.041342, 34.766359], [139.041427, 34.76646], [139.041952, 34.766515], [139.042355, 34.766755], [139.042928, 34.766729], [139.044178, 34.767061], [139.045231, 34.767053], [139.045669, 34.766883], [139.046541, 34.766804], [139.046976, 34.767142], [139.047176, 34.767678], [139.047596, 34.767694], [139.048125, 34.767992], [139.048702, 34.768619], [139.048752, 34.76929], [139.048295, 34.770371], [139.047416, 34.771089], [139.046852, 34.771336], [139.046926, 34.772348], [139.047106, 34.77286], [139.046974, 34.772935], [139.047173, 34.773656], [139.046879, 34.773675], [139.046708, 34.772812], [139.0465, 34.772803], [139.046352, 34.771561], [139.045628, 34.772048], [139.045065, 34.772139], [139.044504, 34.771891], [139.043876, 34.771873], [139.043922, 34.77321], [139.043789, 34.77321], [139.043798, 34.77284], [139.043694, 34.77284], [139.043609, 34.772424], [139.043745, 34.771335], [139.04359, 34.771128], [139.043402, 34.771093], [139.042596, 34.771167], [139.042159, 34.771492], [139.042048, 34.772323], [139.04278, 34.772317], [139.042716, 34.772674], [139.041994, 34.772592], [139.041724, 34.773778], [139.042311, 34.774314], [139.042357, 34.774206], [139.04311, 34.774584], [139.043514, 34.773912], [139.043609, 34.773978], [139.043723, 34.773826], [139.043798, 34.773874], [139.043178, 34.774927], [139.043301, 34.775068], [139.045602, 34.776431], [139.046324, 34.777161], [139.047742, 34.778044], [139.048474, 34.778672], [139.050213, 34.779578], [139.050505, 34.779851], [139.052183, 34.780781], [139.052231, 34.780909], [139.052555, 34.781043], [139.05347, 34.780666], [139.053826, 34.780639], [139.054367, 34.780875], [139.054386, 34.781079], [139.054619, 34.78125], [139.054275, 34.782178], [139.054339, 34.783079], [139.055704, 34.784093], [139.056297, 34.784141], [139.056284, 34.784561], [139.056701, 34.784921], [139.05741, 34.785061], [139.057758, 34.784986], [139.058583, 34.784441], [139.058738, 34.784474], [139.058742, 34.784686], [139.058567, 34.784852], [139.058302, 34.78489], [139.058111, 34.785155], [139.058321, 34.785211], [139.05816, 34.785512], [139.058427, 34.785717], [139.058298, 34.785868], [139.058592, 34.786324], [139.058871, 34.786351], [139.058749, 34.786493], [139.059049, 34.786736], [139.059408, 34.786625], [139.059283, 34.786906], [139.059022, 34.78704], [139.059213, 34.787457], [139.059842, 34.788463], [139.061094, 34.789643], [139.061616, 34.790381], [139.061822, 34.791141], [139.062093, 34.79389], [139.062373, 34.795062], [139.062284, 34.796251], [139.062605, 34.797439], [139.062175, 34.798747], [139.062168, 34.799068], [139.062461, 34.799794], [139.061943, 34.799755], [139.061861, 34.800059], [139.062045, 34.80033], [139.062004, 34.800651], [139.062762, 34.801597], [139.063854, 34.802527], [139.064318, 34.803169], [139.064523, 34.803603], [139.064687, 34.80491], [139.064974, 34.805299], [139.064851, 34.80544], [139.064919, 34.805704], [139.066932, 34.807648], [139.067219, 34.808144], [139.068619, 34.809637], [139.070318, 34.811158], [139.071212, 34.812324], [139.071362, 34.812645], [139.07141, 34.813456], [139.071308, 34.814211], [139.071854, 34.815338], [139.073786, 34.817225], [139.074346, 34.817338], [139.074373, 34.817608], [139.076079, 34.818791], [139.077547, 34.819232], [139.077757, 34.819195], [139.078531, 34.819494], [139.078492, 34.819845], [139.078716, 34.820062], [139.078645, 34.82022], [139.078006, 34.820435], [139.077368, 34.821138], [139.076693, 34.821445], [139.076454, 34.821839], [139.076646, 34.821991], [139.076911, 34.821884], [139.077191, 34.822035], [139.077286, 34.821906], [139.077527, 34.821891], [139.077614, 34.822119], [139.077387, 34.82233], [139.077937, 34.822487], [139.078194, 34.822875], [139.078612, 34.82292], [139.078834, 34.822722], [139.079014, 34.822877], [139.078946, 34.823102], [139.079178, 34.823335], [139.079359, 34.823905], [139.079247, 34.82428], [139.079427, 34.824827], [139.079375, 34.825118], [139.07896, 34.826199], [139.07832, 34.827177], [139.076539, 34.828293], [139.075573, 34.829129], [139.075362, 34.83016], [139.075485, 34.831422], [139.075812, 34.832605], [139.076344, 34.833427], [139.076816, 34.835129], [139.077817, 34.837388], [139.077953, 34.838081], [139.077926, 34.838808], [139.077372, 34.839844], [139.077317, 34.840267], [139.077236, 34.840306], [139.077133, 34.840131], [139.076982, 34.840312], [139.076811, 34.841585], [139.077823, 34.842751], [139.07964, 34.845331], [139.081396, 34.847432], [139.081819, 34.84774], [139.081795, 34.847959], [139.082234, 34.848127], [139.082104, 34.848335], [139.081676, 34.848407], [139.081615, 34.848728], [139.082592, 34.852694], [139.081198, 34.852655], [139.079759, 34.852439], [139.078974, 34.852526], [139.078267, 34.852194], [139.07675, 34.852058], [139.075683, 34.85172], [139.074162, 34.851756], [139.073941, 34.851601], [139.073626, 34.85166], [139.073463, 34.85237], [139.072996, 34.852864], [139.071872, 34.853471], [139.070858, 34.85367], [139.069987, 34.854241], [139.069554, 34.854715], [139.068662, 34.855186], [139.068139, 34.855714], [139.067812, 34.856715], [139.067697, 34.858009], [139.066728, 34.859146], [139.066074, 34.859684], [139.064733, 34.860477], [139.063887, 34.860696], [139.062864, 34.860792], [139.062288, 34.861389], [139.061785, 34.86266], [139.062325, 34.863724], [139.062231, 34.864633], [139.061867, 34.865078], [139.060256, 34.865884], [139.059888, 34.865957], [139.057884, 34.865867], [139.057729, 34.865977], [139.057566, 34.866494], [139.057349, 34.866614], [139.055897, 34.866551], [139.055766, 34.866727], [139.055729, 34.867931], [139.056085, 34.868932], [139.055574, 34.869467], [139.055312, 34.870302], [139.054376, 34.870777], [139.0538, 34.87087], [139.053644, 34.871221], [139.052499, 34.871387], [139.052242, 34.871613], [139.051903, 34.872359], [139.051727, 34.872459], [139.048885, 34.872665], [139.048497, 34.872831], [139.048227, 34.873414], [139.046718, 34.874377], [139.044948, 34.87437], [139.043623, 34.874891], [139.042564, 34.876264], [139.041669, 34.876851], [139.041971, 34.878318], [139.0418, 34.878573], [139.041236, 34.878712], [139.040925, 34.879472], [139.040487, 34.87982], [139.039408, 34.880006], [139.038173, 34.880852], [139.03713, 34.881903], [139.036398, 34.882248], [139.035797, 34.883077], [139.034577, 34.883509]]], [[[139.082167, 34.850149], [139.082504, 34.850141], [139.082312, 34.850258], [139.082167, 34.850149]]], [[[139.082731, 34.848887], [139.082784, 34.848785], [139.082986, 34.848871], [139.082731, 34.848887]]], [[[139.081814, 34.847518], [139.081993, 34.847549], [139.081895, 34.847596], [139.081814, 34.847518]]], [[[139.081302, 34.847054], [139.081599, 34.847079], [139.081425, 34.847145], [139.081302, 34.847054]]], [[[139.077589, 34.840512], [139.077781, 34.840502], [139.077631, 34.84059], [139.077589, 34.840512]]], [[[139.077773, 34.822094], [139.077842, 34.821982], [139.077854, 34.822136], [139.077773, 34.822094]]], [[[139.078574, 34.819417], [139.078638, 34.819379], [139.078621, 34.819433], [139.078574, 34.819417]]], [[[139.078754, 34.819336], [139.078895, 34.819339], [139.07878, 34.819412], [139.078754, 34.819336]]], [[[139.056596, 34.784752], [139.056638, 34.784727], [139.056661, 34.784771], [139.056596, 34.784752]]], [[[139.056423, 34.784551], [139.05648, 34.784555], [139.056471, 34.784588], [139.056423, 34.784551]]], [[[139.055827, 34.784056], [139.055865, 34.78404], [139.055865, 34.784063], [139.055827, 34.784056]]], [[[139.055632, 34.783901], [139.055668, 34.783879], [139.055681, 34.783917], [139.055632, 34.783901]]], [[[139.055443, 34.783522], [139.055544, 34.783458], [139.055524, 34.783528], [139.055443, 34.783522]]], [[[139.054732, 34.783286], [139.054787, 34.783307], [139.054737, 34.783319], [139.054732, 34.783286]]], [[[139.054533, 34.783135], [139.05455, 34.783109], [139.054598, 34.783135], [139.054533, 34.783135]]], [[[139.052411, 34.780772], [139.052497, 34.780772], [139.052457, 34.780798], [139.052411, 34.780772]]], [[[139.052269, 34.780531], [139.052329, 34.780513], [139.052345, 34.780547], [139.052269, 34.780531]]], [[[139.051871, 34.780452], [139.051975, 34.780459], [139.051903, 34.78049], [139.051871, 34.780452]]], [[[139.051304, 34.780157], [139.051452, 34.78009], [139.051404, 34.780166], [139.051304, 34.780157]]], [[[139.051755, 34.78005], [139.051827, 34.78004], [139.0518, 34.780077], [139.051755, 34.78005]]], [[[139.051015, 34.779889], [139.05116, 34.779969], [139.051062, 34.779975], [139.051015, 34.779889]]], [[[139.050542, 34.779665], [139.050577, 34.779642], [139.050608, 34.779662], [139.050542, 34.779665]]], [[[139.050141, 34.77943], [139.050194, 34.779431], [139.050163, 34.779453], [139.050141, 34.77943]]], [[[139.04659, 34.766708], [139.046642, 34.766693], [139.046626, 34.766726], [139.04659, 34.766708]]], [[[139.045992, 34.76668], [139.046041, 34.766639], [139.04604, 34.766701], [139.045992, 34.76668]]], [[[139.046274, 34.766617], [139.046334, 34.766562], [139.046307, 34.766643], [139.046274, 34.766617]]]]}}, {"type": "Feature", "properties": {"pref_code": "22", "pref_name": "静岡県", "municipality_code": "22302", "municipality_name": "河津町", "ward_name": "", "display_name": "河津町", "geometry_key": "22302"}, "geometry": {"type": "MultiPolygon", "coordinates": [[[[139.025795, 34.764186], [139.024548, 34.765511], [139.02411, 34.766307], [139.022941, 34.767604], [139.022426, 34.768565], [139.020216, 34.769454], [139.019448, 34.769995], [139.018067, 34.770159], [139.017574, 34.770377], [139.016934, 34.771018], [139.016224, 34.772384], [139.014384, 34.774179], [139.014345, 34.774554], [139.015141, 34.775674], [139.014669, 34.776109], [139.016298, 34.778565], [139.015857, 34.780745], [139.015471, 34.781284], [139.013668, 34.782858], [139.013551, 34.783489], [139.013836, 34.784393], [139.013827, 34.78483], [139.013499, 34.785203], [139.012979, 34.785299], [139.012716, 34.786039], [139.013306, 34.787457], [139.013297, 34.788123], [139.012841, 34.789201], [139.012541, 34.789524], [139.01162, 34.78973], [139.011099, 34.790057], [139.010876, 34.790681], [139.010257, 34.791383], [139.010153, 34.792665], [139.009875, 34.793243], [139.008381, 34.794423], [139.007796, 34.795632], [139.007487, 34.795625], [139.005984, 34.795059], [139.004, 34.796119], [139.003596, 34.796618], [139.003991, 34.797432], [139.003752, 34.798061], [139.001752, 34.800619], [139.000859, 34.802526], [139.000265, 34.802821], [138.998667, 34.802945], [138.996861, 34.803804], [138.995347, 34.804736], [138.995135, 34.804944], [138.994587, 34.806114], [138.994357, 34.807269], [138.993809, 34.807864], [138.993641, 34.807914], [138.993163, 34.807735], [138.992641, 34.807799], [138.991863, 34.808388], [138.991624, 34.808746], [138.990492, 34.809227], [138.98997, 34.810152], [138.987883, 34.81252], [138.987043, 34.81404], [138.987096, 34.815539], [138.986936, 34.815948], [138.98614, 34.816422], [138.985707, 34.816953], [138.985194, 34.817254], [138.984964, 34.817555], [138.984637, 34.818581], [138.984778, 34.81932], [138.98339, 34.819937], [138.982213, 34.820833], [138.981859, 34.821379], [138.981718, 34.822017], [138.981479, 34.822311], [138.980781, 34.822763], [138.980807, 34.823287], [138.980639, 34.823652], [138.980064, 34.823954], [138.979074, 34.824068], [138.978154, 34.825891], [138.977658, 34.826206], [138.976677, 34.826543], [138.976305, 34.826945], [138.976252, 34.827217], [138.976509, 34.828021], [138.975571, 34.828767], [138.975156, 34.829606], [138.975191, 34.829814], [138.975978, 34.830589], [138.976111, 34.831084], [138.974554, 34.833257], [138.974872, 34.834599], [138.975456, 34.835417], [138.975412, 34.835797], [138.974138, 34.836471], [138.973227, 34.836191], [138.972829, 34.836471], [138.971702, 34.836851], [138.970722, 34.837347], [138.969991, 34.838317], [138.968704, 34.839258], [138.967956, 34.840466], [138.966772, 34.841484], [138.966285, 34.841737], [138.96488, 34.840536], [138.962757, 34.838253], [138.960802, 34.837286], [138.959272, 34.83735], [138.958169, 34.837071], [138.957509, 34.836734], [138.957091, 34.836276], [138.957394, 34.835442], [138.957272, 34.834957], [138.957106, 34.834804], [138.956607, 34.834669], [138.955571, 34.834687], [138.954965, 34.834503], [138.954375, 34.833901], [138.953286, 34.833681], [138.952665, 34.833122], [138.9515, 34.832803], [138.950252, 34.832699], [138.948935, 34.831729], [138.947013, 34.831176], [138.945704, 34.83125], [138.945182, 34.831146], [138.944047, 34.830403], [138.942542, 34.830968], [138.941521, 34.830876], [138.941157, 34.830974], [138.940015, 34.831802], [138.93916, 34.832152], [138.937087, 34.832342], [138.935763, 34.831686], [138.934673, 34.830636], [138.933841, 34.830152], [138.932517, 34.830053], [138.931382, 34.83017], [138.930626, 34.829961], [138.929997, 34.82998], [138.929233, 34.829722], [138.927909, 34.82979], [138.927387, 34.829661], [138.925844, 34.828802], [138.924951, 34.828053], [138.922984, 34.827096], [138.922046, 34.826482], [138.921592, 34.826384], [138.920888, 34.826543], [138.919345, 34.827986], [138.918989, 34.828176], [138.918444, 34.828182], [138.917574, 34.827519], [138.916991, 34.827446], [138.916386, 34.827679], [138.915894, 34.828206], [138.914964, 34.828538], [138.914464, 34.828366], [138.913859, 34.827648], [138.913345, 34.827359], [138.912913, 34.827286], [138.912353, 34.82747], [138.910999, 34.828403], [138.909622, 34.829802], [138.909327, 34.830538], [138.9082, 34.831784], [138.9077, 34.831981], [138.906656, 34.832152], [138.906444, 34.832705], [138.905877, 34.833202], [138.905884, 34.833521], [138.905438, 34.834153], [138.90509, 34.834147], [138.904417, 34.833822], [138.902495, 34.834349], [138.9017, 34.834208], [138.901261, 34.834325], [138.899809, 34.833994], [138.899166, 34.834202], [138.898802, 34.834202], [138.89828, 34.833901], [138.89626, 34.834779], [138.895254, 34.834681], [138.894036, 34.834785], [138.892674, 34.835104], [138.891297, 34.834911], [138.889694, 34.834221], [138.889409, 34.833279], [138.88824, 34.83261], [138.888337, 34.831878], [138.887676, 34.830989], [138.887396, 34.830804], [138.886793, 34.83071], [138.885624, 34.830047], [138.884755, 34.829346], [138.883807, 34.828983], [138.883787, 34.828293], [138.88406, 34.827372], [138.884774, 34.826556], [138.885092, 34.825851], [138.884631, 34.824546], [138.883554, 34.823103], [138.884677, 34.820534], [138.884651, 34.819792], [138.883619, 34.818723], [138.883547, 34.818471], [138.883606, 34.817676], [138.88419, 34.817207], [138.884372, 34.81647], [138.88406, 34.81547], [138.882853, 34.814654], [138.882444, 34.813922], [138.881918, 34.813632], [138.88197, 34.813022], [138.881523, 34.811832], [138.881737, 34.810921], [138.881023, 34.810337], [138.880945, 34.810005], [138.881146, 34.809247], [138.881594, 34.808337], [138.881549, 34.806926], [138.88214, 34.806473], [138.883353, 34.805989], [138.882639, 34.804867], [138.882717, 34.802956], [138.881913, 34.802504], [138.881458, 34.801787], [138.881627, 34.801235], [138.881121, 34.800329], [138.881673, 34.799398], [138.882426, 34.798913], [138.882341, 34.798334], [138.881757, 34.797023], [138.882166, 34.796781], [138.882296, 34.79656], [138.882738, 34.795491], [138.882725, 34.795249], [138.882465, 34.795123], [138.881673, 34.795097], [138.880342, 34.79457], [138.879097, 34.793654], [138.878603, 34.792943], [138.877474, 34.792259], [138.876793, 34.790827], [138.877195, 34.790553], [138.877624, 34.789953], [138.876403, 34.788737], [138.876514, 34.787705], [138.876948, 34.786316], [138.876773, 34.785747], [138.875845, 34.784373], [138.875735, 34.783904], [138.876196, 34.781982], [138.878253, 34.781256], [138.878708, 34.780914], [138.878656, 34.780203], [138.878824, 34.779319], [138.87948, 34.778887], [138.880136, 34.778171], [138.881135, 34.777666], [138.882245, 34.777602], [138.882965, 34.77695], [138.883478, 34.776223], [138.884367, 34.776113], [138.885055, 34.775712], [138.885516, 34.77606], [138.886055, 34.776134], [138.886658, 34.776529], [138.887612, 34.776802], [138.887749, 34.776944], [138.888222, 34.77695], [138.890234, 34.777992], [138.891474, 34.777145], [138.892182, 34.775771], [138.892662, 34.775507], [138.893694, 34.775239], [138.894336, 34.774444], [138.895206, 34.774402], [138.896361, 34.773823], [138.897814, 34.773467], [138.898816, 34.773379], [138.900227, 34.773487], [138.901279, 34.773135], [138.902047, 34.77327], [138.903141, 34.773758], [138.90431, 34.773981], [138.906029, 34.773779], [138.906297, 34.773582], [138.906656, 34.772736], [138.906981, 34.772329], [138.907557, 34.772092], [138.908985, 34.772038], [138.910279, 34.771612], [138.91083, 34.771192], [138.911624, 34.770108], [138.911974, 34.769959], [138.912725, 34.770101], [138.914203, 34.769844], [138.914704, 34.770176], [138.915255, 34.770277], [138.916032, 34.770833], [138.916499, 34.771375], [138.917417, 34.771612], [138.918077, 34.77193], [138.919513, 34.771679], [138.920047, 34.771483], [138.921308, 34.770562], [138.923262, 34.770589], [138.924189, 34.769079], [138.924072, 34.768618], [138.924164, 34.768273], [138.92484, 34.767616], [138.925616, 34.766391], [138.927186, 34.767196], [138.928756, 34.767041], [138.929331, 34.767203], [138.929907, 34.766689], [138.93106, 34.766134], [138.931928, 34.765862], [138.933314, 34.764989], [138.934049, 34.765023], [138.934525, 34.764908], [138.935034, 34.765071], [138.935627, 34.765531], [138.935952, 34.766025], [138.936412, 34.766309], [138.936704, 34.766858], [138.936979, 34.766966], [138.938182, 34.767217], [138.9392, 34.767136], [138.940161, 34.767542], [138.941554, 34.767569], [138.942799, 34.767021], [138.943817, 34.766885], [138.944251, 34.766702], [138.944769, 34.766127], [138.944786, 34.765599], [138.945053, 34.764989], [138.945529, 34.764529], [138.945228, 34.764021], [138.945253, 34.763499], [138.944644, 34.762944], [138.944702, 34.762314], [138.944978, 34.76182], [138.945103, 34.760635], [138.944394, 34.759565], [138.942599, 34.758027], [138.942265, 34.757574], [138.942198, 34.756118], [138.94138, 34.755353], [138.94087, 34.753944], [138.940545, 34.753324], [138.94026, 34.753057], [138.940139, 34.752202], [138.940743, 34.751807], [138.94154, 34.751626], [138.943578, 34.751668], [138.944211, 34.751861], [138.945129, 34.751736], [138.946531, 34.751967], [138.947097, 34.75135], [138.946819, 34.749572], [138.947372, 34.748602], [138.94754, 34.747952], [138.948557, 34.74729], [138.949282, 34.747124], [138.950401, 34.747219], [138.951846, 34.746589], [138.952695, 34.746601], [138.954199, 34.746934], [138.955256, 34.746987], [138.955581, 34.746839], [138.955768, 34.746566], [138.956134, 34.745642], [138.956606, 34.745488], [138.95793, 34.745568], [138.958925, 34.74526], [138.959258, 34.744509], [138.958669, 34.742876], [138.959196, 34.742404], [138.959474, 34.741909], [138.959972, 34.741517], [138.960122, 34.741158], [138.960041, 34.740654], [138.960396, 34.740033], [138.961267, 34.738997], [138.961406, 34.738238], [138.962203, 34.737113], [138.963326, 34.735878], [138.963776, 34.735581], [138.963571, 34.734964], [138.96389, 34.734356], [138.964362, 34.734041], [138.964643, 34.733563], [138.964815, 34.732646], [138.964815, 34.731681], [138.964131, 34.730761], [138.963359, 34.730325], [138.963122, 34.729734], [138.962529, 34.729402], [138.962218, 34.728835], [138.962035, 34.72785], [138.96258, 34.727117], [138.962726, 34.726416], [138.963111, 34.725576], [138.963685, 34.725187], [138.964501, 34.723617], [138.965166, 34.722694], [138.965437, 34.722585], [138.966407, 34.722531], [138.96975, 34.720884], [138.970303, 34.720462], [138.971119, 34.719044], [138.971327, 34.718922], [138.972161, 34.719724], [138.972534, 34.719893], [138.974323, 34.720291], [138.97496, 34.720727], [138.975582, 34.720899], [138.976386, 34.720887], [138.976873, 34.721068], [138.977473, 34.720184], [138.977821, 34.719011], [138.978183, 34.718608], [138.978845, 34.718406], [138.979445, 34.718433], [138.980824, 34.717436], [138.981461, 34.717584], [138.982609, 34.717347], [138.98367, 34.716524], [138.98404, 34.716548], [138.984757, 34.717338], [138.986677, 34.717546], [138.987606, 34.71721], [138.989191, 34.717566], [138.991034, 34.717709], [138.991514, 34.718151], [138.992984, 34.717776], [138.992739, 34.718122], [138.991807, 34.718725], [138.991781, 34.719178], [138.991152, 34.719674], [138.990756, 34.720374], [138.990552, 34.720369], [138.990397, 34.720572], [138.989993, 34.720591], [138.989291, 34.72099], [138.988907, 34.721051], [138.988747, 34.721297], [138.988802, 34.721455], [138.989088, 34.721647], [138.989662, 34.721764], [138.989727, 34.721911], [138.989689, 34.722136], [138.989316, 34.722284], [138.989116, 34.72265], [138.988679, 34.722802], [138.988624, 34.722999], [138.989062, 34.723295], [138.989413, 34.72299], [138.990292, 34.722626], [138.990785, 34.722179], [138.991097, 34.722058], [138.991334, 34.722183], [138.991116, 34.722617], [138.991384, 34.722569], [138.991232, 34.722857], [138.991512, 34.723363], [138.991909, 34.723236], [138.991959, 34.723355], [138.992516, 34.72287], [138.992863, 34.722814], [138.992462, 34.723445], [138.991495, 34.723942], [138.991537, 34.724137], [138.992147, 34.72411], [138.992593, 34.724248], [138.991348, 34.725519], [138.991902, 34.725477], [138.992022, 34.725582], [138.991892, 34.725897], [138.991495, 34.726191], [138.991703, 34.72631], [138.991896, 34.726183], [138.992049, 34.726221], [138.993556, 34.725435], [138.993739, 34.725486], [138.993853, 34.725756], [138.993689, 34.726152], [138.993851, 34.726308], [138.994332, 34.726161], [138.994445, 34.726305], [138.993615, 34.726767], [138.993475, 34.726969], [138.99277, 34.727264], [138.99267, 34.727746], [138.992872, 34.728074], [138.993132, 34.728273], [138.993473, 34.728082], [138.993939, 34.728016], [138.993881, 34.728261], [138.993363, 34.728553], [138.993684, 34.72892], [138.993893, 34.728987], [138.994472, 34.728684], [138.994632, 34.728886], [138.995721, 34.728556], [138.995877, 34.72891], [138.996594, 34.7285], [138.997061, 34.728409], [138.997301, 34.728661], [138.997061, 34.729507], [138.997892, 34.729416], [138.998263, 34.729647], [138.998199, 34.730194], [138.997668, 34.730527], [138.997213, 34.730549], [138.997142, 34.730761], [138.997204, 34.732202], [138.99754, 34.732538], [138.997576, 34.732924], [138.997852, 34.733194], [138.997706, 34.733594], [138.997909, 34.733849], [138.998179, 34.733946], [138.998756, 34.733797], [138.999072, 34.73393], [138.999391, 34.734267], [138.999309, 34.734457], [138.999486, 34.734951], [138.999822, 34.735107], [139.000618, 34.735917], [139.001142, 34.736041], [139.001199, 34.736344], [139.000591, 34.736748], [139.000217, 34.737246], [139.000187, 34.737942], [139.000401, 34.738265], [139.000237, 34.738642], [138.999915, 34.738617], [138.999912, 34.739058], [138.999731, 34.739205], [138.999524, 34.739153], [138.999318, 34.739704], [138.999017, 34.739642], [138.998661, 34.741101], [138.997574, 34.742178], [138.998485, 34.743353], [138.998696, 34.74395], [138.999242, 34.744446], [138.999569, 34.745161], [139.000224, 34.745708], [139.000503, 34.746142], [139.000837, 34.746215], [139.001458, 34.746615], [139.001914, 34.746652], [139.001883, 34.746932], [139.002097, 34.747158], [139.002327, 34.748266], [139.002597, 34.748513], [139.003142, 34.748609], [139.00336, 34.748767], [139.004472, 34.751037], [139.005079, 34.751854], [139.005604, 34.752209], [139.006777, 34.752553], [139.007671, 34.752302], [139.008747, 34.752467], [139.009034, 34.75324], [139.009559, 34.75314], [139.009982, 34.75324], [139.010293, 34.753189], [139.010207, 34.75297], [139.010669, 34.752107], [139.011186, 34.751709], [139.011684, 34.751576], [139.012647, 34.751567], [139.012882, 34.751454], [139.013324, 34.751669], [139.01414, 34.751712], [139.014127, 34.753055], [139.015281, 34.753936], [139.016624, 34.754135], [139.016953, 34.754091], [139.017041, 34.754182], [139.019812, 34.754137], [139.020244, 34.754325], [139.020793, 34.754856], [139.021036, 34.754895], [139.021319, 34.755271], [139.02146, 34.755759], [139.021795, 34.755887], [139.021947, 34.756115], [139.022272, 34.756106], [139.022366, 34.756226], [139.022269, 34.756523], [139.022444, 34.756677], [139.022392, 34.756892], [139.022813, 34.757389], [139.022965, 34.758136], [139.023291, 34.758326], [139.02318, 34.758958], [139.023485, 34.759394], [139.023593, 34.760104], [139.023485, 34.760584], [139.023045, 34.761292], [139.023082, 34.762013], [139.023759, 34.762777], [139.025795, 34.764186]]], [[[139.023685, 34.760651], [139.023734, 34.76058], [139.023767, 34.760644], [139.023685, 34.760651]]], [[[139.023761, 34.760123], [139.02387, 34.759934], [139.023903, 34.760114], [139.023761, 34.760123]]], [[[139.023315, 34.758929], [139.023392, 34.758907], [139.023369, 34.758959], [139.023315, 34.758929]]], [[[139.023218, 34.757987], [139.023387, 34.757999], [139.023265, 34.758047], [139.023218, 34.757987]]], [[[139.022717, 34.757029], [139.022809, 34.756999], [139.02277, 34.757067], [139.022717, 34.757029]]], [[[139.023133, 34.756679], [139.023197, 34.756649], [139.023221, 34.756702], [139.023133, 34.756679]]], [[[139.022457, 34.756544], [139.022524, 34.756493], [139.02255, 34.756534], [139.022457, 34.756544]]], [[[139.02285, 34.756349], [139.022909, 34.756313], [139.022945, 34.756369], [139.02285, 34.756349]]], [[[139.021927, 34.75584], [139.022016, 34.755879], [139.02196, 34.755897], [139.021927, 34.75584]]], [[[139.021581, 34.755349], [139.021687, 34.755268], [139.021739, 34.755361], [139.021581, 34.755349]]], [[[139.021217, 34.755024], [139.021282, 34.755021], [139.021258, 34.755056], [139.021217, 34.755024]]], [[[139.021157, 34.754813], [139.021187, 34.7548], [139.021204, 34.754828], [139.021157, 34.754813]]], [[[139.020736, 34.754648], [139.020788, 34.754676], [139.020736, 34.754679], [139.020736, 34.754648]]], [[[139.021209, 34.754551], [139.021358, 34.754475], [139.021275, 34.754592], [139.021209, 34.754551]]], [[[139.02077, 34.754398], [139.020826, 34.754386], [139.02083, 34.754439], [139.02077, 34.754398]]], [[[139.020286, 34.754185], [139.020342, 34.754085], [139.020404, 34.754183], [139.020286, 34.754185]]], [[[139.019709, 34.753987], [139.019754, 34.753961], [139.019771, 34.753989], [139.019709, 34.753987]]], [[[139.018201, 34.753978], [139.018241, 34.753962], [139.018246, 34.753994], [139.018201, 34.753978]]], [[[139.017726, 34.753961], [139.017782, 34.753961], [139.017761, 34.753984], [139.017726, 34.753961]]], [[[139.017004, 34.753952], [139.017056, 34.753936], [139.017034, 34.753976], [139.017004, 34.753952]]], [[[139.019237, 34.75393], [139.019279, 34.753928], [139.019262, 34.753968], [139.019237, 34.75393]]], [[[139.018754, 34.753927], [139.018809, 34.753894], [139.018847, 34.753946], [139.018754, 34.753927]]], [[[139.019941, 34.75389], [139.020019, 34.753865], [139.020039, 34.753931], [139.019941, 34.75389]]], [[[139.017268, 34.753847], [139.017328, 34.753838], [139.017341, 34.753879], [139.017268, 34.753847]]], [[[139.019246, 34.753724], [139.019393, 34.753649], [139.019464, 34.753803], [139.019246, 34.753724]]], [[[139.018616, 34.753507], [139.018712, 34.753451], [139.018776, 34.753506], [139.018616, 34.753507]]], [[[139.006459, 34.752309], [139.006581, 34.752332], [139.00647, 34.752361], [139.006459, 34.752309]]], [[[139.006069, 34.752068], [139.006123, 34.752042], [139.006216, 34.752065], [139.006069, 34.752068]]], [[[139.007035, 34.752022], [139.007246, 34.752016], [139.007107, 34.752062], [139.007035, 34.752022]]], [[[139.006888, 34.751752], [139.007089, 34.751717], [139.007082, 34.751775], [139.006888, 34.751752]]], [[[139.003891, 34.748667], [139.004071, 34.748644], [139.003981, 34.748698], [139.003891, 34.748667]]], [[[139.004103, 34.748339], [139.004251, 34.748276], [139.004242, 34.748349], [139.004103, 34.748339]]], [[[139.005405, 34.748109], [139.00541, 34.748079], [139.005509, 34.748087], [139.005405, 34.748109]]], [[[139.003512, 34.747945], [139.003676, 34.747836], [139.003628, 34.747961], [139.003512, 34.747945]]], [[[139.005449, 34.747751], [139.005569, 34.747765], [139.005449, 34.747781], [139.005449, 34.747751]]], [[[139.005258, 34.747499], [139.005323, 34.747479], [139.005352, 34.747523], [139.005258, 34.747499]]], [[[139.001934, 34.746498], [139.002047, 34.746498], [139.00205, 34.746544], [139.001934, 34.746498]]], [[[139.001023, 34.746234], [139.001247, 34.746202], [139.001311, 34.746282], [139.001023, 34.746234]]], [[[139.000676, 34.745568], [139.000799, 34.745571], [139.000767, 34.745682], [139.000676, 34.745568]]], [[[139.000479, 34.737645], [139.000542, 34.737531], [139.000672, 34.737559], [139.00068, 34.737693], [139.000479, 34.737645]]], [[[139.001307, 34.736101], [139.001465, 34.735964], [139.001451, 34.736125], [139.001307, 34.736101]]], [[[139.000504, 34.735606], [139.000525, 34.73553], [139.000601, 34.735563], [139.000504, 34.735606]]], [[[139.000306, 34.735416], [139.000361, 34.735386], [139.00039, 34.735442], [139.000306, 34.735416]]], [[[139.000104, 34.73517], [139.000262, 34.735099], [139.000338, 34.735236], [139.000159, 34.735319], [139.000104, 34.73517]]], [[[139.000814, 34.735085], [139.000875, 34.734897], [139.00124, 34.734729], [139.001311, 34.734836], [139.001144, 34.735199], [139.00089, 34.735217], [139.000814, 34.735085]]], [[[138.999561, 34.734703], [138.999768, 34.734627], [138.999669, 34.734777], [138.999561, 34.734703]]], [[[138.99973, 34.734359], [138.999838, 34.73417], [139.000005, 34.734212], [138.999981, 34.734369], [138.99973, 34.734359]]], [[[138.994746, 34.728567], [138.995182, 34.728336], [138.995223, 34.728436], [138.995031, 34.728567], [138.994833, 34.72866], [138.994746, 34.728567]]], [[[138.994611, 34.728299], [138.995049, 34.728017], [138.99479, 34.728305], [138.994611, 34.728299]]], [[[138.995266, 34.728272], [138.995365, 34.728217], [138.995323, 34.728288], [138.995266, 34.728272]]], [[[138.993015, 34.728058], [138.993037, 34.727997], [138.993137, 34.728004], [138.993015, 34.728058]]], [[[138.994308, 34.728004], [138.994431, 34.727887], [138.994441, 34.727989], [138.994308, 34.728004]]], [[[138.995134, 34.727976], [138.995204, 34.727952], [138.995206, 34.727981], [138.995134, 34.727976]]], [[[138.995336, 34.727881], [138.995427, 34.727858], [138.995434, 34.727899], [138.995336, 34.727881]]], [[[138.994389, 34.726511], [138.994451, 34.726443], [138.994454, 34.726525], [138.994389, 34.726511]]], [[[138.994579, 34.726187], [138.994697, 34.726166], [138.994707, 34.726218], [138.994579, 34.726187]]], [[[138.992511, 34.724549], [138.992776, 34.724447], [138.992851, 34.724579], [138.992599, 34.724654], [138.992511, 34.724549]]], [[[138.991341, 34.722468], [138.991447, 34.722345], [138.991475, 34.722379], [138.991341, 34.722468]]], [[[138.991381, 34.722172], [138.991439, 34.722042], [138.991585, 34.722042], [138.991381, 34.722172]]]]}}, {"type": "Feature", "properties": {"pref_code": "22", "pref_name": "静岡県", "municipality_code": "22304", "municipality_name": "南伊豆町", "ward_name": "", "display_name": "南伊豆町", "geometry_key": "22304"}, "geometry": {"type": "MultiPolygon", "coordinates": [[[[138.851499, 34.707671], [138.850404, 34.707706], [138.849644, 34.708341], [138.847667, 34.708402], [138.846486, 34.708596], [138.845974, 34.708454], [138.844713, 34.708938], [138.843901, 34.70855], [138.842816, 34.708655], [138.842299, 34.708251], [138.841574, 34.708227], [138.840933, 34.707759], [138.839862, 34.707704], [138.838959, 34.707433], [138.838276, 34.705801], [138.837684, 34.70577], [138.836477, 34.706398], [138.835991, 34.706171], [138.835281, 34.706306], [138.834916, 34.705903], [138.833409, 34.705423], [138.833147, 34.705198], [138.833125, 34.704896], [138.832305, 34.704453], [138.831576, 34.704484], [138.830696, 34.704357], [138.830244, 34.70461], [138.829788, 34.70453], [138.829033, 34.704733], [138.828316, 34.70465], [138.826881, 34.704025], [138.825951, 34.704256], [138.824152, 34.703687], [138.823597, 34.703872], [138.8234, 34.704334], [138.822326, 34.70429], [138.822193, 34.704149], [138.821461, 34.703989], [138.819016, 34.704103], [138.817991, 34.703613], [138.817244, 34.704066], [138.816477, 34.704257], [138.816169, 34.704038], [138.815505, 34.703885], [138.815118, 34.703423], [138.814181, 34.703023], [138.813182, 34.701865], [138.811915, 34.701572], [138.811269, 34.701628], [138.810351, 34.701905], [138.81007, 34.702506], [138.809717, 34.702657], [138.809235, 34.703236], [138.80851, 34.703112], [138.807926, 34.702814], [138.806589, 34.70282], [138.805948, 34.703131], [138.804995, 34.703824], [138.804608, 34.703857], [138.804274, 34.703719], [138.803329, 34.703827], [138.802812, 34.704196], [138.801332, 34.704587], [138.800945, 34.704775], [138.800505, 34.7052], [138.799749, 34.70528], [138.799506, 34.705569], [138.798869, 34.705917], [138.798816, 34.70629], [138.798413, 34.70645], [138.797692, 34.707016], [138.796986, 34.70701], [138.796459, 34.706838], [138.795722, 34.706068], [138.795494, 34.705991], [138.794781, 34.706277], [138.7939, 34.707992], [138.793752, 34.708808], [138.794363, 34.709945], [138.794667, 34.710822], [138.794094, 34.711201], [138.793604, 34.712355], [138.79338, 34.71246], [138.792977, 34.712996], [138.792389, 34.713294], [138.791391, 34.715151], [138.79048, 34.71492], [138.789208, 34.714902], [138.78791, 34.714458], [138.786692, 34.714637], [138.785473, 34.714403], [138.785329, 34.714341], [138.785159, 34.713658], [138.784893, 34.713446], [138.783902, 34.713285], [138.783329, 34.713374], [138.782171, 34.712897], [138.781606, 34.712515], [138.780368, 34.712499], [138.779381, 34.712705], [138.778835, 34.713222], [138.777814, 34.714651], [138.777237, 34.716261], [138.777039, 34.716279], [138.776549, 34.716125], [138.773688, 34.715939], [138.773969, 34.71492], [138.773866, 34.714471], [138.773619, 34.714175], [138.77253, 34.713584], [138.771874, 34.713661], [138.77171, 34.71351], [138.771372, 34.712999], [138.7716, 34.712509], [138.771414, 34.711992], [138.770272, 34.711367], [138.768537, 34.711197], [138.768157, 34.710557], [138.767455, 34.709821], [138.766404, 34.709836], [138.765702, 34.709516], [138.765208, 34.709134], [138.764252, 34.70889], [138.763196, 34.709484], [138.762498, 34.709651], [138.761276, 34.708939], [138.761026, 34.708551], [138.761014, 34.707911], [138.760821, 34.707507], [138.760107, 34.707045], [138.758881, 34.707063], [138.757677, 34.706626], [138.753544, 34.70697], [138.751885, 34.706954], [138.750822, 34.706095], [138.750367, 34.705285], [138.748962, 34.704796], [138.748601, 34.704291], [138.748347, 34.704167], [138.746739, 34.703577], [138.745979, 34.703542], [138.744842, 34.702517], [138.744321, 34.702252], [138.741729, 34.701653], [138.740706, 34.700322], [138.741301, 34.700457], [138.741683, 34.701054], [138.741983, 34.701139], [138.743436, 34.700096], [138.742884, 34.699004], [138.742406, 34.698846], [138.741697, 34.698294], [138.741847, 34.69786], [138.742843, 34.69701], [138.743184, 34.69643], [138.743088, 34.696137], [138.742832, 34.695974], [138.742556, 34.696143], [138.742532, 34.696313], [138.742279, 34.696408], [138.742412, 34.696116], [138.742185, 34.6959], [138.742036, 34.695968], [138.741801, 34.695826], [138.742107, 34.695637], [138.742021, 34.69547], [138.741303, 34.695773], [138.741183, 34.695637], [138.740791, 34.695692], [138.74064, 34.695538], [138.741253, 34.69544], [138.74101, 34.695061], [138.741115, 34.694684], [138.741159, 34.694873], [138.741472, 34.694805], [138.741436, 34.694695], [138.741639, 34.694549], [138.741749, 34.694828], [138.741854, 34.694669], [138.741963, 34.694703], [138.742044, 34.694873], [138.741809, 34.695171], [138.741958, 34.69526], [138.742052, 34.695067], [138.742659, 34.695005], [138.742788, 34.694852], [138.74259, 34.69475], [138.743096, 34.694605], [138.743389, 34.693749], [138.743293, 34.693518], [138.742795, 34.693337], [138.742918, 34.692926], [138.742814, 34.692804], [138.742514, 34.692961], [138.742389, 34.692884], [138.742154, 34.693134], [138.741698, 34.692583], [138.741636, 34.692233], [138.741343, 34.691957], [138.741064, 34.6918], [138.740642, 34.691813], [138.740439, 34.691522], [138.739995, 34.691504], [138.739692, 34.691104], [138.739426, 34.691188], [138.739116, 34.691065], [138.739285, 34.690773], [138.739074, 34.690174], [138.739666, 34.690064], [138.7401, 34.690282], [138.740324, 34.689583], [138.740671, 34.68939], [138.740826, 34.689013], [138.741037, 34.68906], [138.741413, 34.688486], [138.742267, 34.688183], [138.742209, 34.687711], [138.742504, 34.687264], [138.742642, 34.687324], [138.742755, 34.687675], [138.743013, 34.687764], [138.743402, 34.687726], [138.743783, 34.687906], [138.744159, 34.687739], [138.744752, 34.687718], [138.745431, 34.688171], [138.745477, 34.68801], [138.745754, 34.687976], [138.745759, 34.688124], [138.746015, 34.688158], [138.746206, 34.688467], [138.746451, 34.688408], [138.746472, 34.688525], [138.747289, 34.688838], [138.747399, 34.688999], [138.747704, 34.688999], [138.747998, 34.689405], [138.748803, 34.689542], [138.749386, 34.689515], [138.749503, 34.689624], [138.749936, 34.689668], [138.750007, 34.689826], [138.750835, 34.690038], [138.751654, 34.689993], [138.752691, 34.690155], [138.753351, 34.690601], [138.754317, 34.690822], [138.754518, 34.690655], [138.754819, 34.69093], [138.75543, 34.691136], [138.756167, 34.691649], [138.756679, 34.691621], [138.760116, 34.688935], [138.763613, 34.687111], [138.76362, 34.686886], [138.764331, 34.686456], [138.764425, 34.686578], [138.765209, 34.68608], [138.765878, 34.685877], [138.76686, 34.685044], [138.767037, 34.684249], [138.766956, 34.683603], [138.766664, 34.683232], [138.766442, 34.683282], [138.766265, 34.682983], [138.766223, 34.682283], [138.766346, 34.682102], [138.765992, 34.681181], [138.766004, 34.680614], [138.766281, 34.680265], [138.766703, 34.680128], [138.766745, 34.680334], [138.767367, 34.680636], [138.767563, 34.680991], [138.767801, 34.681115], [138.768188, 34.681012], [138.768188, 34.681168], [138.768584, 34.681461], [138.76924, 34.681642], [138.769581, 34.681585], [138.769922, 34.681355], [138.771702, 34.679214], [138.772206, 34.678797], [138.774736, 34.677547], [138.775738, 34.676809], [138.776297, 34.676106], [138.777245, 34.675373], [138.777307, 34.675227], [138.776918, 34.674612], [138.776784, 34.673916], [138.777047, 34.673926], [138.777045, 34.673419], [138.777569, 34.673424], [138.777934, 34.67299], [138.777777, 34.672489], [138.777497, 34.672351], [138.777408, 34.6721], [138.777941, 34.671588], [138.777431, 34.670915], [138.777007, 34.671057], [138.777263, 34.67058], [138.776836, 34.668759], [138.776964, 34.668411], [138.777321, 34.668391], [138.777542, 34.668052], [138.777138, 34.667829], [138.777236, 34.667512], [138.77763, 34.667111], [138.778093, 34.666983], [138.7782, 34.667153], [138.778779, 34.667295], [138.779499, 34.667831], [138.779804, 34.66776], [138.780271, 34.667156], [138.780506, 34.666389], [138.780764, 34.666199], [138.781335, 34.666005], [138.781659, 34.666242], [138.781645, 34.666576], [138.782041, 34.666563], [138.782216, 34.666696], [138.782607, 34.666544], [138.782614, 34.666058], [138.783001, 34.66586], [138.783229, 34.666125], [138.783064, 34.666229], [138.783202, 34.666362], [138.783657, 34.666404], [138.783712, 34.666667], [138.782993, 34.667132], [138.783044, 34.667412], [138.782922, 34.667548], [138.783216, 34.667514], [138.783584, 34.667192], [138.783953, 34.667051], [138.784672, 34.667022], [138.784508, 34.667287], [138.78375, 34.667677], [138.783663, 34.667867], [138.783858, 34.66792], [138.784605, 34.667742], [138.785442, 34.667802], [138.785545, 34.668873], [138.785764, 34.668998], [138.785437, 34.669397], [138.786459, 34.669814], [138.787236, 34.669932], [138.788741, 34.669707], [138.789572, 34.669268], [138.78943, 34.668977], [138.789669, 34.668781], [138.789953, 34.668755], [138.790056, 34.668361], [138.789944, 34.668245], [138.789482, 34.668347], [138.789409, 34.668168], [138.78966, 34.66785], [138.790066, 34.667903], [138.790486, 34.667449], [138.79031, 34.667294], [138.790261, 34.666933], [138.790381, 34.666781], [138.790277, 34.666582], [138.789982, 34.666426], [138.789653, 34.666524], [138.789366, 34.666862], [138.789009, 34.666868], [138.788961, 34.666462], [138.789093, 34.666192], [138.790149, 34.665502], [138.790087, 34.66532], [138.7897, 34.665532], [138.789512, 34.665396], [138.789833, 34.665035], [138.79013, 34.664936], [138.79034, 34.665044], [138.790493, 34.664905], [138.790872, 34.664056], [138.7908, 34.663867], [138.790972, 34.663491], [138.791717, 34.663471], [138.791806, 34.66328], [138.791322, 34.662806], [138.791935, 34.662356], [138.791688, 34.661858], [138.791254, 34.662072], [138.790552, 34.66168], [138.790438, 34.661242], [138.790023, 34.661375], [138.789653, 34.661051], [138.790914, 34.66011], [138.790103, 34.659516], [138.790396, 34.659055], [138.789844, 34.659424], [138.789917, 34.659632], [138.789583, 34.659871], [138.789289, 34.659729], [138.78866, 34.660125], [138.788344, 34.660192], [138.787704, 34.659968], [138.787299, 34.660112], [138.787148, 34.660498], [138.78678, 34.660632], [138.785913, 34.660567], [138.785753, 34.660918], [138.785238, 34.661336], [138.78525, 34.661485], [138.784815, 34.66202], [138.784441, 34.662318], [138.784113, 34.662401], [138.784027, 34.661967], [138.784876, 34.660966], [138.784726, 34.660752], [138.78415, 34.660851], [138.783368, 34.661388], [138.783236, 34.661271], [138.783457, 34.660923], [138.783159, 34.660614], [138.78311, 34.660373], [138.782846, 34.660296], [138.782834, 34.660179], [138.782509, 34.660144], [138.782141, 34.660512], [138.781537, 34.660229], [138.781525, 34.659724], [138.781187, 34.659814], [138.780746, 34.660299], [138.780347, 34.660025], [138.780261, 34.658829], [138.780623, 34.658134], [138.780129, 34.657816], [138.780497, 34.657184], [138.780409, 34.656801], [138.780501, 34.656583], [138.780433, 34.656269], [138.779939, 34.655884], [138.779799, 34.655429], [138.779329, 34.654921], [138.778329, 34.654697], [138.776223, 34.65465], [138.7758, 34.654456], [138.775486, 34.654473], [138.774784, 34.654586], [138.773602, 34.65549], [138.773384, 34.655417], [138.773185, 34.654083], [138.773572, 34.651971], [138.773067, 34.6504], [138.772297, 34.6492], [138.772105, 34.649026], [138.77168, 34.649454], [138.771455, 34.649045], [138.771648, 34.648584], [138.772101, 34.648509], [138.771886, 34.648277], [138.771964, 34.647982], [138.772621, 34.647671], [138.772923, 34.646821], [138.77369, 34.645967], [138.773582, 34.645727], [138.773358, 34.645752], [138.773108, 34.645585], [138.773388, 34.645392], [138.773757, 34.645392], [138.773574, 34.644662], [138.773888, 34.64371], [138.774256, 34.643299], [138.774778, 34.643267], [138.774953, 34.643042], [138.774846, 34.64284], [138.775205, 34.64223], [138.775189, 34.642042], [138.775704, 34.641916], [138.775706, 34.641473], [138.775902, 34.641434], [138.776228, 34.641597], [138.776322, 34.641432], [138.776143, 34.641307], [138.776085, 34.640977], [138.77628, 34.640859], [138.77686, 34.640922], [138.776907, 34.640661], [138.776512, 34.640181], [138.776725, 34.639901], [138.777541, 34.640271], [138.777728, 34.640223], [138.77773, 34.640059], [138.778057, 34.639787], [138.778602, 34.639571], [138.778874, 34.639712], [138.779354, 34.639608], [138.779875, 34.639651], [138.77994, 34.639229], [138.780153, 34.638956], [138.780415, 34.639115], [138.780459, 34.639569], [138.78087, 34.639646], [138.78108, 34.639258], [138.781051, 34.638733], [138.781241, 34.638371], [138.781136, 34.637873], [138.78139, 34.637482], [138.78205, 34.637692], [138.782246, 34.637974], [138.782266, 34.638345], [138.78253, 34.638587], [138.782721, 34.638572], [138.783088, 34.63878], [138.783418, 34.638474], [138.783823, 34.638558], [138.784526, 34.638347], [138.785074, 34.638503], [138.785541, 34.638369], [138.785819, 34.63864], [138.785827, 34.639697], [138.786303, 34.639989], [138.787012, 34.639989], [138.787393, 34.639787], [138.787681, 34.639238], [138.787867, 34.639317], [138.788116, 34.639041], [138.788783, 34.639252], [138.78971, 34.638469], [138.789819, 34.638254], [138.789757, 34.637619], [138.789268, 34.637393], [138.789692, 34.636264], [138.790178, 34.636356], [138.790589, 34.636632], [138.790807, 34.636553], [138.79176, 34.635426], [138.791944, 34.63541], [138.792169, 34.635567], [138.792319, 34.635511], [138.792387, 34.635406], [138.792012, 34.635007], [138.79199, 34.634744], [138.792206, 34.634739], [138.79238, 34.634878], [138.79238, 34.635102], [138.792574, 34.635264], [138.792682, 34.634819], [138.792412, 34.634446], [138.792469, 34.634294], [138.792898, 34.634397], [138.793076, 34.634739], [138.793847, 34.634245], [138.793947, 34.634058], [138.793859, 34.633534], [138.793484, 34.632745], [138.793101, 34.632349], [138.793187, 34.632191], [138.793094, 34.632102], [138.793289, 34.631826], [138.793504, 34.631892], [138.793891, 34.63156], [138.793761, 34.630779], [138.793881, 34.630499], [138.793607, 34.629582], [138.793805, 34.629319], [138.793607, 34.628948], [138.793641, 34.628699], [138.793949, 34.628372], [138.793887, 34.627948], [138.794055, 34.627172], [138.793713, 34.626934], [138.793665, 34.626084], [138.793788, 34.625931], [138.793549, 34.625596], [138.793522, 34.625289], [138.793645, 34.624524], [138.793293, 34.623712], [138.792859, 34.623386], [138.793017, 34.623023], [138.793331, 34.622834], [138.793918, 34.622945], [138.794116, 34.622447], [138.794653, 34.62197], [138.79509, 34.622006], [138.795107, 34.622449], [138.795352, 34.622873], [138.795865, 34.623031], [138.796169, 34.622951], [138.796401, 34.622732], [138.796401, 34.622217], [138.796722, 34.62261], [138.796934, 34.622466], [138.796883, 34.621851], [138.797286, 34.622128], [138.797368, 34.622508], [138.797966, 34.622463], [138.798119, 34.622197], [138.797867, 34.622015], [138.797901, 34.621738], [138.798147, 34.621322], [138.798406, 34.621438], [138.798871, 34.622646], [138.799386, 34.622879], [138.799448, 34.623646], [138.799168, 34.623923], [138.799157, 34.624128], [138.799861, 34.624765], [138.800066, 34.624857], [138.800496, 34.624588], [138.801179, 34.624591], [138.801756, 34.62489], [138.802077, 34.625491], [138.802508, 34.625732], [138.802945, 34.625713], [138.8033, 34.625862], [138.803871, 34.626295], [138.804786, 34.625932], [138.805725, 34.62617], [138.806254, 34.626608], [138.806282, 34.627206], [138.806398, 34.627456], [138.806647, 34.627519], [138.807194, 34.627242], [138.807556, 34.627214], [138.807911, 34.627375], [138.807996, 34.627156], [138.80882, 34.626664], [138.808919, 34.626719], [138.808813, 34.626841], [138.808096, 34.627276], [138.80843, 34.627699], [138.808191, 34.627777], [138.808422, 34.628217], [138.809526, 34.628166], [138.809914, 34.627997], [138.810214, 34.627507], [138.810153, 34.627118], [138.809463, 34.626584], [138.809392, 34.626274], [138.809577, 34.625867], [138.809628, 34.625188], [138.810412, 34.624851], [138.810349, 34.624691], [138.810617, 34.624051], [138.810543, 34.623817], [138.811125, 34.623478], [138.811757, 34.623374], [138.812182, 34.62345], [138.813142, 34.623173], [138.813487, 34.622743], [138.814086, 34.622417], [138.814194, 34.622197], [138.8139, 34.621985], [138.813806, 34.621731], [138.813949, 34.621342], [138.813872, 34.62119], [138.813997, 34.620839], [138.814729, 34.620138], [138.81502, 34.619373], [138.81475, 34.61807], [138.81449, 34.617788], [138.814342, 34.617342], [138.813758, 34.616709], [138.813844, 34.616163], [138.814202, 34.615629], [138.814784, 34.615292], [138.815072, 34.614961], [138.8153, 34.614998], [138.815499, 34.614887], [138.816289, 34.61528], [138.816978, 34.615407], [138.817266, 34.615389], [138.817824, 34.615123], [138.818164, 34.614756], [138.818112, 34.614589], [138.818263, 34.614419], [138.8184, 34.614432], [138.818531, 34.614046], [138.818776, 34.613954], [138.818748, 34.613834], [138.81915, 34.613316], [138.819318, 34.613265], [138.819355, 34.613085], [138.819879, 34.613006], [138.820572, 34.613284], [138.820717, 34.613069], [138.820814, 34.611758], [138.821299, 34.612292], [138.821373, 34.61266], [138.821883, 34.612551], [138.821661, 34.612866], [138.821632, 34.613589], [138.821359, 34.614083], [138.821822, 34.614449], [138.822341, 34.614182], [138.822597, 34.614389], [138.823242, 34.614239], [138.823244, 34.614366], [138.822742, 34.614436], [138.822656, 34.614739], [138.82242, 34.614827], [138.822729, 34.615253], [138.822365, 34.616041], [138.822659, 34.615977], [138.82283, 34.61579], [138.823191, 34.615964], [138.823712, 34.615976], [138.823958, 34.615362], [138.824608, 34.615294], [138.824702, 34.614939], [138.824412, 34.614775], [138.823726, 34.614711], [138.823747, 34.614578], [138.824444, 34.614649], [138.824326, 34.614486], [138.824552, 34.614298], [138.824695, 34.613859], [138.825068, 34.613487], [138.825213, 34.61353], [138.825774, 34.613229], [138.8257, 34.613103], [138.825837, 34.612844], [138.825734, 34.612516], [138.824745, 34.612212], [138.824832, 34.611984], [138.824421, 34.611651], [138.824884, 34.611429], [138.824929, 34.611106], [138.824466, 34.610939], [138.824063, 34.610974], [138.824086, 34.610617], [138.824647, 34.610237], [138.825492, 34.610177], [138.825371, 34.609942], [138.824766, 34.609861], [138.8249, 34.609513], [138.8245, 34.609511], [138.824373, 34.609408], [138.824797, 34.609135], [138.824681, 34.609003], [138.824958, 34.608723], [138.825224, 34.608552], [138.825701, 34.608537], [138.825748, 34.608369], [138.826651, 34.607796], [138.82604, 34.60798], [138.825656, 34.6077], [138.825329, 34.60789], [138.825069, 34.607754], [138.825182, 34.607365], [138.825592, 34.607252], [138.825624, 34.606767], [138.825327, 34.606387], [138.825569, 34.605857], [138.826277, 34.606364], [138.82693, 34.606389], [138.827517, 34.606184], [138.827578, 34.606052], [138.827944, 34.605919], [138.827773, 34.605477], [138.827867, 34.605185], [138.828112, 34.604997], [138.828428, 34.604997], [138.828513, 34.604819], [138.828571, 34.605136], [138.828829, 34.605394], [138.828821, 34.605785], [138.829471, 34.605988], [138.82965, 34.606161], [138.829797, 34.606084], [138.829929, 34.606182], [138.83064, 34.606214], [138.830848, 34.606065], [138.831535, 34.60596], [138.832251, 34.605241], [138.832883, 34.604948], [138.833241, 34.605044], [138.833141, 34.605339], [138.833404, 34.605418], [138.833662, 34.605347], [138.834592, 34.604619], [138.834618, 34.604434], [138.834455, 34.604352], [138.834739, 34.604167], [138.835321, 34.604086], [138.835511, 34.604241], [138.835753, 34.604248], [138.836214, 34.604073], [138.836627, 34.604235], [138.836617, 34.604523], [138.836074, 34.604912], [138.835695, 34.605379], [138.835234, 34.605563], [138.835374, 34.605697], [138.835311, 34.605815], [138.835692, 34.606065], [138.835782, 34.60652], [138.835924, 34.606426], [138.835903, 34.605864], [138.836361, 34.605474], [138.836437, 34.605179], [138.836735, 34.605175], [138.836875, 34.604978], [138.837009, 34.605008], [138.837293, 34.604807], [138.837509, 34.604856], [138.837904, 34.604034], [138.837875, 34.603797], [138.83827, 34.603304], [138.83871, 34.603588], [138.838576, 34.604028], [138.839044, 34.603927], [138.839105, 34.604164], [138.839487, 34.604164], [138.839768, 34.604312], [138.839726, 34.604767], [138.839457, 34.605168], [138.839515, 34.605409], [138.83965, 34.605435], [138.840155, 34.604754], [138.840334, 34.604229], [138.840239, 34.603219], [138.840476, 34.602828], [138.8404, 34.602636], [138.840566, 34.602294], [138.841108, 34.601719], [138.841472, 34.601762], [138.841651, 34.602616], [138.841482, 34.602984], [138.841614, 34.60302], [138.842132, 34.601957], [138.841932, 34.601737], [138.842062, 34.601339], [138.842662, 34.601011], [138.843433, 34.600842], [138.843634, 34.601282], [138.843812, 34.601376], [138.843591, 34.602055], [138.843786, 34.602221], [138.844102, 34.601927], [138.844349, 34.601888], [138.844729, 34.602271], [138.84485, 34.601724], [138.845058, 34.60148], [138.845526, 34.601754], [138.84574, 34.601621], [138.846085, 34.601673], [138.846551, 34.602134], [138.846361, 34.602283], [138.846064, 34.602241], [138.845979, 34.602587], [138.845482, 34.60302], [138.845055, 34.603185], [138.844457, 34.603819], [138.843936, 34.604064], [138.844115, 34.604182], [138.844655, 34.604148], [138.845882, 34.603475], [138.846056, 34.603514], [138.846158, 34.603701], [138.845721, 34.604391], [138.845806, 34.604575], [138.845526, 34.605162], [138.845347, 34.605309], [138.845102, 34.605284], [138.845263, 34.605666], [138.845247, 34.606155], [138.844995, 34.606245], [138.844731, 34.606629], [138.843912, 34.606892], [138.842409, 34.608209], [138.842385, 34.608376], [138.842762, 34.608577], [138.842617, 34.609258], [138.842759, 34.609202], [138.843238, 34.608395], [138.844167, 34.607522], [138.844712, 34.607338], [138.844989, 34.607367], [138.845564, 34.606963], [138.845868, 34.606906], [138.846318, 34.607106], [138.846542, 34.607063], [138.846464, 34.606882], [138.84594, 34.606529], [138.846238, 34.606195], [138.846214, 34.605613], [138.846953, 34.604586], [138.846857, 34.604414], [138.847221, 34.603909], [138.847573, 34.603901], [138.847683, 34.604617], [138.847963, 34.604757], [138.848458, 34.604747], [138.848696, 34.604941], [138.848696, 34.605248], [138.848404, 34.605714], [138.848514, 34.606239], [138.847558, 34.607901], [138.847686, 34.608075], [138.848449, 34.607967], [138.848413, 34.608322], [138.84855, 34.608549], [138.849197, 34.608713], [138.849736, 34.608711], [138.849939, 34.608829], [138.850052, 34.60911], [138.849808, 34.60939], [138.848974, 34.609346], [138.848606, 34.609442], [138.848293, 34.609802], [138.848374, 34.609983], [138.848879, 34.609988], [138.849241, 34.610161], [138.849614, 34.610074], [138.849766, 34.610229], [138.849652, 34.610582], [138.849206, 34.610746], [138.848913, 34.611142], [138.849232, 34.611786], [138.848872, 34.611923], [138.848952, 34.612087], [138.849262, 34.611979], [138.849304, 34.612121], [138.848836, 34.612353], [138.848732, 34.612266], [138.848592, 34.612332], [138.848865, 34.612704], [138.849478, 34.613127], [138.850057, 34.613307], [138.85111, 34.612566], [138.851375, 34.612204], [138.851089, 34.611761], [138.851208, 34.611609], [138.851437, 34.611706], [138.851637, 34.612015], [138.852096, 34.612155], [138.852716, 34.611962], [138.852808, 34.611691], [138.853502, 34.611797], [138.854155, 34.612721], [138.855117, 34.613062], [138.855353, 34.613241], [138.855401, 34.613444], [138.85591, 34.613634], [138.856459, 34.613477], [138.856736, 34.613066], [138.857069, 34.612934], [138.857308, 34.612547], [138.858216, 34.612252], [138.858911, 34.612237], [138.859146, 34.612363], [138.859191, 34.612571], [138.860043, 34.612561], [138.859134, 34.613528], [138.859015, 34.613458], [138.858446, 34.61406], [138.858654, 34.614309], [138.858654, 34.614517], [138.858985, 34.614845], [138.858976, 34.615104], [138.859455, 34.615592], [138.859791, 34.615729], [138.862864, 34.615917], [138.863614, 34.616161], [138.863966, 34.616519], [138.864959, 34.618293], [138.865, 34.61912], [138.866009, 34.619481], [138.866359, 34.619726], [138.867474, 34.619539], [138.86846, 34.619148], [138.868796, 34.618842], [138.869426, 34.618648], [138.8696, 34.618512], [138.869621, 34.618223], [138.869894, 34.618051], [138.870343, 34.618048], [138.870674, 34.618248], [138.87125, 34.618065], [138.871777, 34.617676], [138.872142, 34.617561], [138.87241, 34.617607], [138.872754, 34.618279], [138.872754, 34.618729], [138.872611, 34.618919], [138.874007, 34.620108], [138.874184, 34.620451], [138.874252, 34.621116], [138.874082, 34.62176], [138.874209, 34.622545], [138.874585, 34.622779], [138.876127, 34.622784], [138.876836, 34.623079], [138.877399, 34.623544], [138.878047, 34.62458], [138.878299, 34.62449], [138.878691, 34.624574], [138.878782, 34.624428], [138.879327, 34.624304], [138.879416, 34.62437], [138.880092, 34.623957], [138.880152, 34.62409], [138.880915, 34.624084], [138.881998, 34.624489], [138.882843, 34.624551], [138.883333, 34.624433], [138.883831, 34.624061], [138.884382, 34.623976], [138.884587, 34.623751], [138.884805, 34.623785], [138.885227, 34.623565], [138.886065, 34.623638], [138.886855, 34.623965], [138.886617, 34.624252], [138.886665, 34.624635], [138.886412, 34.624742], [138.886603, 34.625441], [138.886549, 34.625525], [138.885724, 34.625509], [138.885295, 34.625655], [138.8852, 34.625706], [138.885309, 34.626134], [138.88552, 34.626472], [138.886038, 34.626861], [138.887292, 34.62718], [138.887727, 34.62708], [138.887782, 34.626928], [138.887639, 34.626686], [138.887966, 34.626224], [138.888163, 34.626308], [138.888565, 34.626212], [138.888416, 34.625857], [138.888504, 34.625553], [138.888381, 34.625469], [138.888735, 34.625069], [138.888722, 34.624916], [138.889056, 34.624894], [138.889294, 34.625215], [138.889498, 34.624945], [138.889791, 34.624838], [138.890071, 34.625311], [138.889832, 34.625727], [138.890037, 34.62646], [138.889771, 34.626788], [138.890071, 34.626714], [138.890657, 34.62686], [138.890779, 34.62717], [138.89127, 34.627423], [138.891242, 34.627547], [138.890847, 34.627727], [138.891045, 34.627806], [138.891338, 34.628262], [138.891944, 34.628386], [138.892353, 34.628781], [138.892271, 34.628876], [138.89191, 34.628859], [138.891542, 34.629124], [138.891249, 34.629108], [138.891024, 34.628995], [138.891038, 34.628662], [138.890609, 34.628787], [138.890307, 34.628698], [138.890068, 34.628766], [138.889621, 34.628552], [138.889459, 34.628217], [138.889276, 34.628181], [138.88933, 34.628324], [138.888564, 34.628575], [138.888746, 34.628948], [138.888421, 34.629836], [138.888415, 34.631209], [138.888694, 34.632127], [138.889274, 34.63291], [138.890173, 34.633789], [138.891453, 34.634527], [138.892884, 34.634763], [138.893681, 34.634679], [138.894137, 34.634504], [138.894396, 34.634262], [138.894287, 34.63367], [138.894724, 34.633174], [138.894703, 34.632842], [138.894976, 34.632673], [138.895132, 34.632171], [138.895466, 34.631974], [138.895677, 34.631957], [138.895704, 34.632154], [138.895916, 34.632182], [138.89595, 34.632937], [138.896386, 34.633185], [138.896706, 34.633546], [138.897592, 34.633422], [138.898756, 34.632605], [138.89984, 34.632487], [138.900248, 34.632301], [138.900337, 34.632087], [138.900786, 34.631737], [138.90095, 34.631754], [138.901059, 34.631957], [138.901222, 34.63163], [138.902081, 34.630932], [138.902428, 34.630831], [138.902598, 34.630999], [138.902748, 34.630966], [138.903668, 34.630104], [138.903681, 34.629924], [138.904274, 34.629541], [138.904594, 34.629112], [138.904853, 34.62905], [138.904649, 34.629734], [138.904275, 34.63038], [138.902149, 34.631927], [138.903027, 34.633136], [138.902055, 34.634307], [138.901973, 34.634631], [138.902115, 34.635295], [138.901767, 34.635761], [138.902122, 34.63621], [138.902226, 34.636706], [138.902694, 34.637251], [138.902789, 34.63763], [138.902705, 34.637952], [138.9022, 34.638331], [138.902097, 34.638757], [138.901771, 34.639221], [138.901567, 34.640061], [138.900898, 34.640524], [138.900842, 34.640846], [138.900416, 34.641187], [138.900358, 34.641763], [138.899784, 34.642377], [138.898077, 34.642269], [138.897094, 34.642571], [138.896602, 34.642152], [138.895776, 34.642262], [138.894106, 34.643182], [138.894935, 34.644288], [138.89456, 34.645415], [138.893111, 34.646659], [138.89344, 34.647714], [138.893373, 34.647857], [138.89233, 34.648333], [138.892218, 34.648674], [138.891125, 34.649495], [138.89085, 34.65001], [138.891487, 34.650438], [138.891958, 34.651477], [138.892554, 34.651994], [138.893354, 34.652211], [138.893937, 34.652134], [138.894691, 34.652415], [138.896302, 34.653742], [138.897165, 34.654204], [138.897429, 34.654501], [138.898062, 34.656795], [138.897912, 34.657783], [138.899291, 34.659855], [138.89929, 34.660572], [138.898982, 34.661263], [138.898602, 34.6617], [138.898742, 34.662516], [138.899196, 34.663171], [138.899142, 34.663959], [138.900125, 34.665396], [138.900386, 34.666621], [138.90098, 34.667913], [138.901584, 34.668546], [138.902739, 34.669172], [138.903254, 34.6697], [138.903286, 34.66992], [138.901924, 34.671276], [138.901848, 34.671937], [138.901687, 34.672067], [138.900462, 34.672837], [138.899467, 34.672896], [138.898866, 34.673412], [138.898403, 34.67344], [138.897611, 34.673266], [138.896968, 34.672688], [138.896371, 34.672496], [138.895728, 34.672719], [138.895272, 34.673213], [138.894449, 34.673328], [138.894158, 34.674154], [138.893496, 34.674396], [138.892049, 34.67454], [138.891467, 34.673925], [138.890893, 34.673707], [138.889098, 34.673664], [138.88795, 34.674133], [138.886706, 34.674143], [138.885737, 34.674484], [138.885286, 34.675078], [138.885255, 34.675627], [138.88576, 34.677599], [138.886078, 34.678108], [138.884684, 34.678993], [138.883976, 34.6799], [138.88377, 34.680484], [138.8839, 34.681713], [138.883708, 34.682151], [138.885668, 34.683206], [138.885867, 34.683597], [138.886526, 34.684029], [138.886893, 34.684746], [138.887965, 34.685271], [138.889465, 34.685792], [138.889649, 34.686053], [138.889599, 34.686398], [138.890062, 34.686972], [138.891482, 34.688031], [138.891953, 34.688667], [138.892872, 34.688972], [138.894307, 34.689211], [138.894402, 34.689465], [138.894759, 34.689735], [138.895176, 34.689816], [138.895972, 34.689747], [138.896064, 34.689862], [138.896083, 34.6903], [138.89629, 34.690598], [138.896213, 34.690744], [138.895716, 34.690701], [138.895256, 34.69085], [138.894628, 34.691924], [138.892538, 34.693468], [138.893901, 34.695346], [138.893691, 34.695824], [138.891516, 34.69797], [138.891516, 34.698274], [138.892041, 34.699001], [138.89211, 34.699619], [138.891524, 34.700048], [138.891118, 34.699961], [138.890376, 34.700479], [138.889511, 34.700765], [138.888259, 34.701026], [138.887417, 34.70097], [138.886801, 34.701622], [138.886602, 34.702857], [138.886525, 34.703044], [138.886281, 34.703118], [138.885308, 34.703193], [138.884523, 34.702128], [138.883992, 34.701929], [138.883, 34.702196], [138.882216, 34.701883], [138.881473, 34.701802], [138.880799, 34.702178], [138.880049, 34.702181], [138.878889, 34.702513], [138.878227, 34.702516], [138.877415, 34.703081], [138.876382, 34.703597], [138.875865, 34.704482], [138.874499, 34.704668], [138.873243, 34.705271], [138.872439, 34.705361], [138.871872, 34.705385], [138.871062, 34.704996], [138.869852, 34.703621], [138.869519, 34.703537], [138.868312, 34.704026], [138.865671, 34.704225], [138.864899, 34.704721], [138.864484, 34.704809], [138.86317, 34.704567], [138.862428, 34.704871], [138.862018, 34.705442], [138.861107, 34.705256], [138.860034, 34.705344], [138.85987, 34.704952], [138.859443, 34.704749], [138.857889, 34.704983], [138.85666, 34.704439], [138.856285, 34.704404], [138.855825, 34.704881], [138.855322, 34.705182], [138.854818, 34.706541], [138.854117, 34.706701], [138.853406, 34.707397], [138.851499, 34.707671]]], [[[138.741094, 34.699444], [138.741174, 34.699377], [138.741482, 34.69958], [138.741647, 34.699881], [138.741247, 34.699821], [138.741094, 34.699444]]], [[[138.741749, 34.69766], [138.741829, 34.697639], [138.741861, 34.697668], [138.741749, 34.69766]]], [[[138.741683, 34.696417], [138.741809, 34.696329], [138.74177, 34.696424], [138.741683, 34.696417]]], [[[138.741876, 34.696407], [138.742091, 34.696331], [138.742086, 34.696374], [138.741876, 34.696407]]], [[[138.741514, 34.69635], [138.74169, 34.696217], [138.741647, 34.696307], [138.741514, 34.69635]]], [[[138.741376, 34.696205], [138.741514, 34.696142], [138.741504, 34.696221], [138.741376, 34.696205]]], [[[138.741809, 34.69615], [138.74219, 34.696107], [138.742043, 34.696223], [138.741809, 34.69615]]], [[[138.740206, 34.69313], [138.740373, 34.693101], [138.740434, 34.693244], [138.740206, 34.69313]]], [[[138.741944, 34.69318], [138.742006, 34.693166], [138.742041, 34.693215], [138.741944, 34.69318]]], [[[138.741725, 34.693109], [138.741747, 34.693059], [138.741843, 34.693109], [138.741725, 34.693109]]], [[[138.740675, 34.692686], [138.740837, 34.692629], [138.740942, 34.692722], [138.740675, 34.692686]]], [[[138.741112, 34.692271], [138.741182, 34.692228], [138.741235, 34.692363], [138.741112, 34.692271]]], [[[138.739449, 34.691287], [138.739566, 34.691282], [138.739525, 34.691329], [138.739449, 34.691287]]], [[[138.737994, 34.691198], [138.738242, 34.691007], [138.738359, 34.691091], [138.738152, 34.691265], [138.737994, 34.691198]]], [[[138.738366, 34.691186], [138.738497, 34.691108], [138.738414, 34.691206], [138.738366, 34.691186]]], [[[138.738597, 34.691066], [138.738849, 34.691027], [138.73869, 34.691117], [138.738597, 34.691066]]], [[[138.737883, 34.691072], [138.737959, 34.69103], [138.737976, 34.691089], [138.737883, 34.691072]]], [[[138.73838, 34.690909], [138.738597, 34.690918], [138.738428, 34.691016], [138.73838, 34.690909]]], [[[138.737652, 34.690792], [138.737717, 34.690775], [138.737756, 34.690901], [138.737652, 34.690792]]], [[[138.73869, 34.690764], [138.738818, 34.690647], [138.73889, 34.69075], [138.738773, 34.690851], [138.73869, 34.690764]]], [[[138.75437, 34.690475], [138.754422, 34.690467], [138.754436, 34.690504], [138.75437, 34.690475]]], [[[138.738957, 34.690023], [138.738995, 34.689942], [138.739126, 34.6899], [138.738957, 34.690023]]], [[[138.73988, 34.690017], [138.73999, 34.689904], [138.739994, 34.689982], [138.73988, 34.690017]]], [[[138.739274, 34.689873], [138.739354, 34.689835], [138.739381, 34.689961], [138.739274, 34.689873]]], [[[138.740234, 34.689459], [138.740327, 34.689348], [138.740336, 34.689479], [138.740234, 34.689459]]], [[[138.748162, 34.689365], [138.748236, 34.689305], [138.748275, 34.689374], [138.748162, 34.689365]]], [[[138.739903, 34.689266], [138.740081, 34.689328], [138.739971, 34.689362], [138.739903, 34.689266]]], [[[138.740608, 34.689031], [138.740646, 34.689004], [138.740706, 34.68909], [138.740608, 34.689031]]], [[[138.739806, 34.688973], [138.740005, 34.688938], [138.740047, 34.689021], [138.739903, 34.68908], [138.739806, 34.688973]]], [[[138.759737, 34.688816], [138.759896, 34.688866], [138.75978, 34.688922], [138.759737, 34.688816]]], [[[138.747449, 34.688775], [138.747484, 34.688746], [138.747495, 34.68885], [138.747449, 34.688775]]], [[[138.740714, 34.68868], [138.740892, 34.688563], [138.740807, 34.688715], [138.740714, 34.68868]]], [[[138.74102, 34.688536], [138.741054, 34.688288], [138.741215, 34.688501], [138.741156, 34.688598], [138.74102, 34.688536]]], [[[138.746214, 34.687907], [138.746264, 34.687884], [138.746342, 34.687982], [138.746214, 34.687907]]], [[[138.745457, 34.687061], [138.745707, 34.686893], [138.746096, 34.686852], [138.746039, 34.687339], [138.745857, 34.68764], [138.745721, 34.687629], [138.745614, 34.687188], [138.745457, 34.687061]]], [[[138.742801, 34.687076], [138.742924, 34.686936], [138.743037, 34.687334], [138.742934, 34.687356], [138.742801, 34.687076]]], [[[138.775932, 34.676323], [138.776024, 34.676319], [138.775941, 34.676369], [138.775932, 34.676323]]], [[[138.7761, 34.676091], [138.776202, 34.676087], [138.776175, 34.676136], [138.7761, 34.676091]]], [[[138.77632, 34.67586], [138.776422, 34.675857], [138.776395, 34.675905], [138.77632, 34.67586]]], [[[138.767178, 34.675292], [138.767271, 34.675261], [138.767211, 34.675324], [138.767178, 34.675292]]], [[[138.767409, 34.675057], [138.767457, 34.675057], [138.767499, 34.675139], [138.767409, 34.675057]]], [[[138.765048, 34.672836], [138.765689, 34.671826], [138.76603, 34.671608], [138.766077, 34.671816], [138.765934, 34.671979], [138.766143, 34.672224], [138.76603, 34.672387], [138.766389, 34.672676], [138.76629, 34.672797], [138.766296, 34.67295], [138.76643, 34.67295], [138.766424, 34.673571], [138.766798, 34.673766], [138.766822, 34.674069], [138.767157, 34.6742], [138.76708, 34.674311], [138.767223, 34.674413], [138.767047, 34.674438], [138.767044, 34.674535], [138.767181, 34.674593], [138.767124, 34.674734], [138.767289, 34.675049], [138.767005, 34.675091], [138.766634, 34.674722], [138.766424, 34.674692], [138.766338, 34.674508], [138.765605, 34.674382], [138.765904, 34.674217], [138.765617, 34.67387], [138.765326, 34.673894], [138.765144, 34.673377], [138.765234, 34.672926], [138.765048, 34.672836]]], [[[138.774599, 34.673299], [138.774873, 34.673201], [138.775138, 34.673269], [138.775436, 34.674129], [138.775179, 34.674169], [138.774984, 34.673947], [138.774947, 34.673645], [138.774599, 34.673299]]], [[[138.767104, 34.674021], [138.767161, 34.674021], [138.767136, 34.674059], [138.767104, 34.674021]]], [[[138.764695, 34.673882], [138.764806, 34.673874], [138.764812, 34.674037], [138.764695, 34.673882]]], [[[138.766948, 34.673571], [138.766996, 34.673554], [138.76699, 34.673688], [138.766948, 34.673571]]], [[[138.776887, 34.672971], [138.777002, 34.672964], [138.776997, 34.673014], [138.776887, 34.672971]]], [[[138.764752, 34.672792], [138.764929, 34.672777], [138.764905, 34.672986], [138.764752, 34.672792]]], [[[138.777758, 34.672701], [138.777789, 34.672683], [138.777815, 34.672716], [138.777758, 34.672701]]], [[[138.764902, 34.67226], [138.764992, 34.67194], [138.765357, 34.671887], [138.765123, 34.672406], [138.764902, 34.67226]]], [[[138.765354, 34.671333], [138.765542, 34.671333], [138.765566, 34.671435], [138.765443, 34.671469], [138.765354, 34.671333]]], [[[138.788929, 34.667903], [138.789081, 34.667752], [138.78904, 34.667877], [138.788929, 34.667903]]], [[[138.780502, 34.666138], [138.780531, 34.665719], [138.78074, 34.665323], [138.780984, 34.665253], [138.780903, 34.665861], [138.780651, 34.666154], [138.780502, 34.666138]]], [[[138.781587, 34.665199], [138.781787, 34.663931], [138.781977, 34.663924], [138.781787, 34.665228], [138.781587, 34.665199]]], [[[138.790493, 34.663483], [138.79064, 34.663362], [138.790604, 34.663502], [138.790493, 34.663483]]], [[[138.78154, 34.662888], [138.781837, 34.661554], [138.781994, 34.661569], [138.781821, 34.66294], [138.78154, 34.662888]]], [[[138.790354, 34.662601], [138.790452, 34.662568], [138.790473, 34.662733], [138.790354, 34.662601]]], [[[138.790643, 34.662591], [138.790729, 34.662554], [138.790717, 34.662678], [138.790643, 34.662591]]], [[[138.790879, 34.662582], [138.791006, 34.662461], [138.791279, 34.662496], [138.791142, 34.662604], [138.790879, 34.662582]]], [[[138.782426, 34.661057], [138.782579, 34.66099], [138.782485, 34.661157], [138.782426, 34.661057]]], [[[138.782967, 34.66083], [138.783085, 34.660747], [138.782995, 34.660906], [138.782967, 34.66083]]], [[[138.782809, 34.660848], [138.782838, 34.660797], [138.782879, 34.660817], [138.782809, 34.660848]]], [[[138.782929, 34.660651], [138.78299, 34.660531], [138.783006, 34.660626], [138.782929, 34.660651]]], [[[138.779074, 34.659863], [138.7794, 34.658786], [138.779767, 34.658592], [138.780136, 34.658946], [138.780176, 34.659224], [138.779534, 34.660276], [138.779133, 34.660144], [138.779074, 34.659863]]], [[[138.772162, 34.655651], [138.77248, 34.655314], [138.772844, 34.655279], [138.77319, 34.655403], [138.773263, 34.655628], [138.772811, 34.656041], [138.772494, 34.656118], [138.772192, 34.655899], [138.772162, 34.655651]]], [[[138.771306, 34.654049], [138.771543, 34.654017], [138.771696, 34.654179], [138.771762, 34.653907], [138.771915, 34.653919], [138.771995, 34.654605], [138.77182, 34.655046], [138.771656, 34.654957], [138.771747, 34.654525], [138.771386, 34.654292], [138.771306, 34.654049]]], [[[138.769508, 34.653531], [138.769709, 34.653538], [138.769709, 34.65389], [138.769563, 34.653818], [138.769508, 34.653531]]], [[[138.772461, 34.652919], [138.772576, 34.652809], [138.772549, 34.652947], [138.772461, 34.652919]]], [[[138.772453, 34.652364], [138.772572, 34.652291], [138.772659, 34.652467], [138.772487, 34.652508], [138.772453, 34.652364]]], [[[138.770985, 34.647766], [138.771366, 34.647117], [138.771657, 34.647029], [138.771748, 34.647644], [138.771621, 34.647854], [138.771216, 34.648207], [138.77103, 34.648053], [138.770985, 34.647766]]], [[[138.769537, 34.646823], [138.769632, 34.646864], [138.769659, 34.646985], [138.769537, 34.646823]]], [[[138.771961, 34.646613], [138.77207, 34.646694], [138.772016, 34.646701], [138.771961, 34.646613]]], [[[138.772152, 34.644418], [138.77223, 34.644413], [138.7722, 34.644527], [138.772152, 34.644418]]], [[[138.772993, 34.64404], [138.773103, 34.643977], [138.773094, 34.644074], [138.772993, 34.64404]]], [[[138.776218, 34.640472], [138.776298, 34.640314], [138.776326, 34.640489], [138.776218, 34.640472]]], [[[138.777498, 34.63975], [138.777527, 34.639706], [138.777563, 34.639785], [138.777498, 34.63975]]], [[[138.777354, 34.639361], [138.777433, 34.639297], [138.777563, 34.639496], [138.777477, 34.639536], [138.777354, 34.639361]]], [[[138.779259, 34.639237], [138.779352, 34.639239], [138.779259, 34.639285], [138.779259, 34.639237]]], [[[138.787415, 34.63908], [138.787495, 34.639005], [138.787487, 34.639076], [138.787415, 34.63908]]], [[[138.779486, 34.638989], [138.779586, 34.638969], [138.779511, 34.63905], [138.779486, 34.638989]]], [[[138.787434, 34.638746], [138.787576, 34.638645], [138.787643, 34.638729], [138.787434, 34.638746]]], [[[138.779972, 34.638656], [138.780007, 34.638527], [138.780234, 34.638512], [138.780194, 34.638747], [138.779972, 34.638656]]], [[[138.787643, 34.63851], [138.787706, 34.638232], [138.788064, 34.637947], [138.788189, 34.637976], [138.788311, 34.638129], [138.788244, 34.638542], [138.787884, 34.638644], [138.787643, 34.63851]]], [[[138.780365, 34.638378], [138.78044, 34.638279], [138.780434, 34.63835], [138.780365, 34.638378]]], [[[138.783491, 34.638236], [138.783617, 34.637813], [138.783857, 34.637862], [138.78404, 34.638061], [138.783949, 34.638341], [138.783567, 34.638337], [138.783491, 34.638236]]], [[[138.787489, 34.63796], [138.787765, 34.637611], [138.788073, 34.637587], [138.788116, 34.63778], [138.787903, 34.637984], [138.787537, 34.638098], [138.787489, 34.63796]]], [[[138.784544, 34.637774], [138.784603, 34.637743], [138.784685, 34.637801], [138.784544, 34.637774]]], [[[138.789191, 34.637586], [138.789306, 34.637552], [138.789287, 34.637599], [138.789191, 34.637586]]], [[[138.784212, 34.637479], [138.784279, 34.637357], [138.784311, 34.637463], [138.784212, 34.637479]]], [[[138.784116, 34.636333], [138.784189, 34.636326], [138.784237, 34.636454], [138.784116, 34.636333]]], [[[138.789207, 34.636263], [138.789297, 34.636212], [138.789315, 34.636302], [138.789207, 34.636263]]], [[[138.791041, 34.635974], [138.791162, 34.635884], [138.791154, 34.636], [138.791041, 34.635974]]], [[[138.790868, 34.635851], [138.790921, 34.635792], [138.791006, 34.635809], [138.790868, 34.635851]]], [[[138.790468, 34.635678], [138.790687, 34.635647], [138.790743, 34.635817], [138.790594, 34.635839], [138.790468, 34.635678]]], [[[138.791302, 34.635532], [138.791359, 34.63542], [138.791469, 34.635492], [138.791368, 34.635644], [138.791302, 34.635532]]], [[[138.791426, 34.635236], [138.791453, 34.635169], [138.791534, 34.635166], [138.791426, 34.635236]]], [[[138.791086, 34.635142], [138.791229, 34.63482], [138.791385, 34.634774], [138.791292, 34.635053], [138.791086, 34.635142]]], [[[138.790493, 34.635065], [138.790541, 34.634952], [138.790601, 34.635012], [138.790493, 34.635065]]], [[[138.791544, 34.634978], [138.791556, 34.634906], [138.791613, 34.634876], [138.791544, 34.634978]]], [[[138.894274, 34.632949], [138.894465, 34.632893], [138.894451, 34.632977], [138.894274, 34.632949]]], [[[138.896059, 34.632802], [138.8961, 34.632746], [138.896222, 34.63278], [138.896059, 34.632802]]], [[[138.792646, 34.632384], [138.792662, 34.632335], [138.792729, 34.632339], [138.792646, 34.632384]]], [[[138.894724, 34.632346], [138.894778, 34.632256], [138.894819, 34.632346], [138.894724, 34.632346]]], [[[138.792089, 34.63206], [138.792266, 34.632163], [138.792144, 34.632167], [138.792089, 34.63206]]], [[[138.792911, 34.632096], [138.792966, 34.632055], [138.792966, 34.632104], [138.792911, 34.632096]]], [[[138.791265, 34.631937], [138.791433, 34.631921], [138.791471, 34.631988], [138.791265, 34.631937]]], [[[138.792867, 34.631644], [138.793049, 34.631724], [138.792872, 34.631693], [138.792867, 34.631644]]], [[[138.792434, 34.631693], [138.792533, 34.631662], [138.792577, 34.631702], [138.792434, 34.631693]]], [[[138.791946, 34.631503], [138.792188, 34.631521], [138.792255, 34.631695], [138.792095, 34.631711], [138.791946, 34.631503]]], [[[138.900589, 34.631523], [138.900861, 34.631287], [138.90097, 34.631337], [138.901018, 34.631512], [138.900698, 34.631692], [138.900589, 34.631523]]], [[[138.900255, 34.631444], [138.900398, 34.631467], [138.900316, 34.631529], [138.900255, 34.631444]]], [[[138.898838, 34.631332], [138.898934, 34.631197], [138.899117, 34.631337], [138.89894, 34.631484], [138.898838, 34.631332]]], [[[138.900684, 34.631095], [138.900814, 34.63105], [138.900793, 34.631163], [138.900684, 34.631095]]], [[[138.899574, 34.631056], [138.899812, 34.63047], [138.900105, 34.630227], [138.900228, 34.630414], [138.900153, 34.630695], [138.899697, 34.631101], [138.899574, 34.631056]]], [[[138.898668, 34.630881], [138.899124, 34.630847], [138.89877, 34.631078], [138.898668, 34.630881]]], [[[138.790644, 34.630783], [138.790928, 34.630748], [138.791118, 34.630946], [138.790842, 34.630934], [138.790644, 34.630783]]], [[[138.901263, 34.630808], [138.90144, 34.630678], [138.901413, 34.630853], [138.901263, 34.630808]]], [[[138.902278, 34.63047], [138.902653, 34.629997], [138.903082, 34.629788], [138.903218, 34.630239], [138.902905, 34.630594], [138.902605, 34.630627], [138.902503, 34.630346], [138.902387, 34.630509], [138.902278, 34.63047]]], [[[138.790019, 34.630422], [138.790301, 34.630327], [138.790476, 34.630553], [138.790292, 34.630646], [138.790019, 34.630422]]], [[[138.898852, 34.630498], [138.899083, 34.630442], [138.899063, 34.630549], [138.898852, 34.630498]]], [[[138.902067, 34.630306], [138.902231, 34.630132], [138.902169, 34.630385], [138.902067, 34.630306]]], [[[138.793186, 34.630334], [138.793286, 34.630334], [138.793239, 34.630401], [138.793186, 34.630334]]], [[[138.902353, 34.62985], [138.902599, 34.629726], [138.902496, 34.629952], [138.902353, 34.62985]]], [[[138.903777, 34.629467], [138.904083, 34.629388], [138.903974, 34.629557], [138.903777, 34.629467]]], [[[138.793212, 34.629409], [138.793297, 34.629371], [138.793281, 34.629503], [138.793212, 34.629409]]], [[[138.90424, 34.629236], [138.904342, 34.629191], [138.904329, 34.629231], [138.90424, 34.629236]]], [[[138.892571, 34.628629], [138.892666, 34.628612], [138.892666, 34.628685], [138.892571, 34.628629]]], [[[138.892169, 34.628206], [138.892401, 34.628397], [138.892264, 34.628392], [138.892169, 34.628206]]], [[[138.891481, 34.628026], [138.891637, 34.627953], [138.891604, 34.628054], [138.891481, 34.628026]]], [[[138.793723, 34.6277], [138.793785, 34.627642], [138.793801, 34.627737], [138.793723, 34.6277]]], [[[138.89129, 34.627688], [138.891358, 34.62771], [138.891311, 34.627744], [138.89129, 34.627688]]], [[[138.891604, 34.62762], [138.891644, 34.627603], [138.891712, 34.62766], [138.891604, 34.62762]]], [[[138.891835, 34.62753], [138.891931, 34.627519], [138.891985, 34.627569], [138.891835, 34.62753]]], [[[138.79376, 34.627402], [138.793803, 34.627255], [138.79383, 34.627377], [138.79376, 34.627402]]], [[[138.793084, 34.626158], [138.793196, 34.626119], [138.793159, 34.626229], [138.793084, 34.626158]]], [[[138.890132, 34.625852], [138.8902, 34.62579], [138.890268, 34.625891], [138.890132, 34.625852]]], [[[138.806822, 34.625877], [138.806871, 34.62587], [138.80684, 34.625906], [138.806822, 34.625877]]], [[[138.793187, 34.625805], [138.793262, 34.625796], [138.793245, 34.625856], [138.793187, 34.625805]]], [[[138.806691, 34.625693], [138.806803, 34.62565], [138.80674, 34.625787], [138.806691, 34.625693]]], [[[138.887707, 34.625508], [138.888, 34.625446], [138.888088, 34.625672], [138.887707, 34.625508]]], [[[138.807077, 34.625654], [138.807137, 34.625624], [138.807123, 34.625662], [138.807077, 34.625654]]], [[[138.890227, 34.625468], [138.890255, 34.625389], [138.890357, 34.625418], [138.890227, 34.625468]]], [[[138.805488, 34.625327], [138.80561, 34.625293], [138.805552, 34.625404], [138.805488, 34.625327]]], [[[138.890282, 34.625131], [138.890336, 34.625074], [138.890377, 34.62517], [138.890282, 34.625131]]], [[[138.886794, 34.624624], [138.886869, 34.624585], [138.886944, 34.624657], [138.886794, 34.624624]]], [[[138.887121, 34.624607], [138.887251, 34.624601], [138.887176, 34.624641], [138.887121, 34.624607]]], [[[138.806401, 34.624524], [138.806472, 34.624474], [138.806453, 34.624546], [138.806401, 34.624524]]], [[[138.805311, 34.624215], [138.805407, 34.624219], [138.805339, 34.624338], [138.805311, 34.624215]]], [[[138.883292, 34.624039], [138.883395, 34.623988], [138.883388, 34.624067], [138.883292, 34.624039]]], [[[138.883906, 34.623926], [138.883967, 34.623886], [138.884001, 34.623914], [138.883906, 34.623926]]], [[[138.924996, 34.623671], [138.925174, 34.623659], [138.925037, 34.623891], [138.924996, 34.623671]]], [[[138.805822, 34.62375], [138.805967, 34.623601], [138.806102, 34.62364], [138.805997, 34.623798], [138.805822, 34.62375]]], [[[138.887332, 34.623745], [138.887387, 34.623711], [138.887469, 34.623734], [138.887332, 34.623745]]], [[[138.810087, 34.623472], [138.810351, 34.623283], [138.810619, 34.623329], [138.810361, 34.623562], [138.810087, 34.623472]]], [[[138.88054, 34.623408], [138.880656, 34.623481], [138.880561, 34.623521], [138.88054, 34.623408]]], [[[138.883953, 34.623458], [138.884049, 34.623396], [138.884035, 34.623486], [138.883953, 34.623458]]], [[[138.887496, 34.623463], [138.887598, 34.623424], [138.887605, 34.623458], [138.887496, 34.623463]]], [[[138.887952, 34.623418], [138.888122, 34.623356], [138.888075, 34.623441], [138.887952, 34.623418]]], [[[138.885847, 34.623396], [138.885908, 34.623368], [138.885915, 34.623413], [138.885847, 34.623396]]], [[[138.886917, 34.623322], [138.88708, 34.623261], [138.887053, 34.623373], [138.886917, 34.623322]]], [[[138.885534, 34.623261], [138.885616, 34.623238], [138.885574, 34.623295], [138.885534, 34.623261]]], [[[138.887843, 34.623238], [138.887973, 34.623199], [138.887939, 34.623272], [138.887843, 34.623238]]], [[[138.881521, 34.623143], [138.881644, 34.62316], [138.881617, 34.623194], [138.881521, 34.623143]]], [[[138.887407, 34.623069], [138.887618, 34.623013], [138.887543, 34.62308], [138.887407, 34.623069]]], [[[138.880888, 34.622952], [138.881017, 34.623002], [138.880969, 34.623014], [138.880888, 34.622952]]], [[[138.792133, 34.622754], [138.792294, 34.622456], [138.792614, 34.622485], [138.792841, 34.622692], [138.792779, 34.622826], [138.792494, 34.622791], [138.792318, 34.62292], [138.792133, 34.622754]]], [[[138.886004, 34.622094], [138.886147, 34.622134], [138.886079, 34.622168], [138.886004, 34.622094]]], [[[138.793968, 34.621978], [138.794255, 34.621696], [138.794508, 34.621871], [138.794405, 34.622066], [138.79418, 34.622153], [138.793968, 34.621978]]], [[[138.792893, 34.621384], [138.793194, 34.62111], [138.793626, 34.621064], [138.793785, 34.62079], [138.794095, 34.621369], [138.793818, 34.621993], [138.793569, 34.622104], [138.793382, 34.622012], [138.793274, 34.621654], [138.793025, 34.621628], [138.792893, 34.621384]]], [[[138.885867, 34.621987], [138.886092, 34.621886], [138.886317, 34.621914], [138.885867, 34.621987]]], [[[138.876528, 34.621752], [138.876732, 34.621685], [138.876725, 34.621769], [138.876528, 34.621752]]], [[[138.886501, 34.621745], [138.88661, 34.621728], [138.886583, 34.621773], [138.886501, 34.621745]]], [[[138.878619, 34.621515], [138.878681, 34.621464], [138.878701, 34.621521], [138.878619, 34.621515]]], [[[138.879382, 34.621476], [138.879518, 34.621459], [138.87945, 34.621515], [138.879382, 34.621476]]], [[[138.877618, 34.621471], [138.877734, 34.621431], [138.877713, 34.621499], [138.877618, 34.621471]]], [[[138.878803, 34.621363], [138.878871, 34.621329], [138.878939, 34.621442], [138.878803, 34.621363]]], [[[138.885922, 34.621391], [138.885983, 34.621374], [138.886038, 34.62143], [138.885922, 34.621391]]], [[[138.886351, 34.621329], [138.886447, 34.621379], [138.886365, 34.62139], [138.886351, 34.621329]]], [[[138.791799, 34.621327], [138.791912, 34.62135], [138.791813, 34.621392], [138.791799, 34.621327]]], [[[138.797984, 34.621206], [138.798047, 34.621105], [138.798102, 34.621202], [138.797984, 34.621206]]], [[[138.879559, 34.62116], [138.879627, 34.621138], [138.879648, 34.621183], [138.879559, 34.62116]]], [[[138.792179, 34.621106], [138.792222, 34.621037], [138.792334, 34.621159], [138.792179, 34.621106]]], [[[138.878537, 34.621149], [138.878558, 34.621132], [138.878578, 34.621155], [138.878537, 34.621149]]], [[[138.797677, 34.620868], [138.797829, 34.620864], [138.797886, 34.621032], [138.797677, 34.620868]]], [[[138.875356, 34.620333], [138.875526, 34.62035], [138.875533, 34.620502], [138.875356, 34.620333]]], [[[138.874654, 34.620401], [138.874811, 34.620282], [138.874763, 34.620434], [138.874654, 34.620401]]], [[[138.874164, 34.620231], [138.874218, 34.620198], [138.874205, 34.620282], [138.874164, 34.620231]]], [[[138.873946, 34.619702], [138.874116, 34.619736], [138.874028, 34.619781], [138.873946, 34.619702]]], [[[138.791659, 34.619606], [138.791739, 34.619537], [138.791832, 34.619598], [138.791659, 34.619606]]], [[[138.874198, 34.619127], [138.874409, 34.61924], [138.874382, 34.619313], [138.874198, 34.619127]]], [[[138.865393, 34.618411], [138.865468, 34.618384], [138.865468, 34.618517], [138.865393, 34.618411]]], [[[138.868037, 34.618113], [138.868253, 34.618187], [138.868077, 34.618219], [138.868037, 34.618113]]], [[[138.865226, 34.618011], [138.865288, 34.617974], [138.865301, 34.618031], [138.865226, 34.618011]]], [[[138.869769, 34.617776], [138.869878, 34.617673], [138.870231, 34.617759], [138.870067, 34.617873], [138.869769, 34.617776]]], [[[138.870151, 34.617153], [138.870462, 34.616589], [138.870797, 34.616595], [138.870859, 34.616904], [138.870543, 34.617751], [138.870388, 34.617767], [138.870191, 34.617554], [138.870269, 34.617399], [138.870151, 34.617153]]], [[[138.874137, 34.617702], [138.874219, 34.617629], [138.874225, 34.617719], [138.874137, 34.617702]]], [[[138.865254, 34.617652], [138.865297, 34.617549], [138.865471, 34.617551], [138.865254, 34.617652]]], [[[138.869484, 34.617505], [138.869536, 34.61735], [138.869603, 34.617526], [138.869484, 34.617505]]], [[[138.869799, 34.617469], [138.869998, 34.617212], [138.870026, 34.617476], [138.869799, 34.617469]]], [[[138.872652, 34.617499], [138.872665, 34.617449], [138.872781, 34.61746], [138.872652, 34.617499]]], [[[138.874191, 34.617206], [138.874321, 34.617229], [138.874314, 34.617319], [138.874191, 34.617206]]], [[[138.869143, 34.617177], [138.869266, 34.617108], [138.86916, 34.617232], [138.869143, 34.617177]]], [[[138.872066, 34.617066], [138.872222, 34.617071], [138.872141, 34.617127], [138.872066, 34.617066]]], [[[138.873401, 34.616987], [138.873469, 34.616964], [138.873496, 34.617009], [138.873401, 34.616987]]], [[[138.877386, 34.616862], [138.877447, 34.616822], [138.877509, 34.616868], [138.877386, 34.616862]]], [[[138.868177, 34.616834], [138.868237, 34.616753], [138.86829, 34.616773], [138.868177, 34.616834]]], [[[138.873599, 34.616688], [138.873735, 34.616682], [138.873612, 34.616733], [138.873599, 34.616688]]], [[[138.877066, 34.616671], [138.877127, 34.616687], [138.877121, 34.616727], [138.877066, 34.616671]]], [[[138.874409, 34.616688], [138.874471, 34.616671], [138.874505, 34.616704], [138.874409, 34.616688]]], [[[138.86907, 34.616707], [138.869238, 34.616658], [138.86923, 34.616716], [138.86907, 34.616707]]], [[[138.867531, 34.616488], [138.867554, 34.616417], [138.867633, 34.616527], [138.867531, 34.616488]]], [[[138.873973, 34.616141], [138.874069, 34.616254], [138.873987, 34.616265], [138.873973, 34.616141]]], [[[138.876514, 34.616192], [138.876773, 34.616208], [138.876596, 34.616265], [138.876514, 34.616192]]], [[[138.867416, 34.616184], [138.86748, 34.616223], [138.867422, 34.616252], [138.867416, 34.616184]]], [[[138.872093, 34.61622], [138.872175, 34.616147], [138.872236, 34.616192], [138.872093, 34.61622]]], [[[138.872992, 34.616102], [138.873115, 34.615972], [138.873081, 34.61613], [138.872992, 34.616102]]], [[[138.876855, 34.61609], [138.877026, 34.616045], [138.876971, 34.616141], [138.876855, 34.61609]]], [[[138.878061, 34.615966], [138.878176, 34.615994], [138.878088, 34.616028], [138.878061, 34.615966]]], [[[138.878456, 34.615972], [138.878592, 34.615989], [138.878524, 34.616017], [138.878456, 34.615972]]], [[[138.864447, 34.615916], [138.864574, 34.615968], [138.864495, 34.615998], [138.864447, 34.615916]]], [[[138.876767, 34.615763], [138.877012, 34.615707], [138.876841, 34.615842], [138.876767, 34.615763]]], [[[138.811041, 34.615342], [138.811349, 34.614781], [138.811806, 34.613079], [138.812364, 34.613005], [138.812965, 34.613161], [138.813242, 34.613406], [138.813295, 34.613639], [138.813061, 34.613915], [138.812455, 34.61423], [138.81262, 34.614661], [138.812311, 34.614945], [138.81237, 34.615075], [138.811998, 34.615696], [138.811817, 34.615838], [138.811673, 34.615799], [138.81145, 34.615549], [138.811073, 34.615463], [138.811041, 34.615342]]], [[[138.864334, 34.615564], [138.864454, 34.615573], [138.864447, 34.615646], [138.864334, 34.615564]]], [[[138.813307, 34.615414], [138.813427, 34.615385], [138.813372, 34.615509], [138.813307, 34.615414]]], [[[138.863573, 34.615433], [138.863719, 34.615451], [138.863603, 34.615466], [138.863573, 34.615433]]], [[[138.813036, 34.61536], [138.813172, 34.615195], [138.81341, 34.615204], [138.813036, 34.61536]]], [[[138.812911, 34.61507], [138.813129, 34.61494], [138.813031, 34.615124], [138.812911, 34.61507]]], [[[138.810111, 34.614864], [138.810329, 34.614459], [138.810652, 34.614339], [138.811039, 34.614607], [138.810968, 34.614913], [138.810794, 34.615039], [138.810556, 34.614937], [138.810321, 34.615017], [138.810111, 34.614864]]], [[[138.863873, 34.614901], [138.864016, 34.614925], [138.863903, 34.61498], [138.863873, 34.614901]]], [[[138.87851, 34.614935], [138.878612, 34.614918], [138.878544, 34.614974], [138.87851, 34.614935]]], [[[138.919792, 34.614719], [138.919901, 34.614634], [138.919901, 34.614736], [138.919792, 34.614719]]], [[[138.815082, 34.614689], [138.815262, 34.614512], [138.815247, 34.614705], [138.815082, 34.614689]]], [[[138.878647, 34.61471], [138.878708, 34.614642], [138.878776, 34.614682], [138.878647, 34.61471]]], [[[138.817584, 34.614554], [138.817629, 34.614481], [138.817687, 34.614512], [138.817584, 34.614554]]], [[[138.814689, 34.614121], [138.814877, 34.613917], [138.815109, 34.614147], [138.815084, 34.61437], [138.814834, 34.614565], [138.814709, 34.614471], [138.814689, 34.614121]]], [[[138.809541, 34.614519], [138.809658, 34.614408], [138.809647, 34.614506], [138.809541, 34.614519]]], [[[138.920119, 34.614381], [138.920221, 34.61433], [138.920187, 34.614392], [138.920119, 34.614381]]], [[[138.817487, 34.614237], [138.81759, 34.614185], [138.817506, 34.614285], [138.817487, 34.614237]]], [[[138.810444, 34.614102], [138.810614, 34.614116], [138.810458, 34.614178], [138.810444, 34.614102]]], [[[138.920473, 34.614099], [138.920596, 34.614059], [138.920651, 34.61415], [138.920473, 34.614099]]], [[[138.91922, 34.613902], [138.919458, 34.613316], [138.919922, 34.613716], [138.919915, 34.613997], [138.919847, 34.61411], [138.919513, 34.614116], [138.919254, 34.614048], [138.91922, 34.613902]]], [[[138.818067, 34.613986], [138.818132, 34.613908], [138.818145, 34.613976], [138.818067, 34.613986]]], [[[138.821688, 34.613773], [138.821822, 34.613729], [138.821736, 34.613818], [138.821688, 34.613773]]], [[[138.920432, 34.613581], [138.920542, 34.61353], [138.920623, 34.613649], [138.920432, 34.613581]]], [[[138.817922, 34.613516], [138.818054, 34.613489], [138.817961, 34.613599], [138.817922, 34.613516]]], [[[138.823102, 34.613312], [138.823227, 34.613146], [138.823231, 34.613277], [138.823102, 34.613312]]], [[[138.864651, 34.613224], [138.864813, 34.613002], [138.865086, 34.613026], [138.865066, 34.613224], [138.864838, 34.613297], [138.864651, 34.613224]]], [[[138.820289, 34.613076], [138.820426, 34.612891], [138.820465, 34.613076], [138.820289, 34.613076]]], [[[138.812572, 34.612746], [138.812859, 34.61247], [138.81315, 34.61245], [138.813412, 34.612982], [138.813316, 34.613092], [138.813042, 34.613075], [138.812942, 34.612906], [138.812591, 34.612864], [138.812572, 34.612746]]], [[[138.819118, 34.613039], [138.819215, 34.612954], [138.819235, 34.613004], [138.819118, 34.613039]]], [[[138.856611, 34.612948], [138.856747, 34.612864], [138.856702, 34.612937], [138.856611, 34.612948]]], [[[138.819013, 34.612906], [138.819179, 34.612769], [138.81917, 34.612832], [138.819013, 34.612906]]], [[[138.818701, 34.612716], [138.818916, 34.612452], [138.819232, 34.612418], [138.818831, 34.612838], [138.818701, 34.612716]]], [[[138.813833, 34.612755], [138.814151, 34.61261], [138.814002, 34.612824], [138.813833, 34.612755]]], [[[138.81075, 34.612702], [138.810836, 34.612647], [138.811014, 34.612728], [138.81075, 34.612702]]], [[[138.856969, 34.612712], [138.857117, 34.612649], [138.857047, 34.612722], [138.856969, 34.612712]]], [[[138.861095, 34.612586], [138.861155, 34.612661], [138.861103, 34.612672], [138.861095, 34.612586]]], [[[138.854568, 34.612619], [138.854605, 34.612589], [138.854675, 34.612662], [138.854568, 34.612619]]], [[[138.85665, 34.612588], [138.856916, 34.612394], [138.856932, 34.612459], [138.85665, 34.612588]]], [[[138.860802, 34.612583], [138.860852, 34.612466], [138.860895, 34.612552], [138.860802, 34.612583]]], [[[138.819378, 34.612471], [138.819658, 34.612207], [138.819509, 34.612502], [138.819378, 34.612471]]], [[[138.821969, 34.612477], [138.8221, 34.612474], [138.822053, 34.612512], [138.821969, 34.612477]]], [[[138.861254, 34.61224], [138.861423, 34.611965], [138.861713, 34.611938], [138.861576, 34.612437], [138.861346, 34.612455], [138.861254, 34.61224]]], [[[138.818431, 34.612439], [138.818561, 34.612354], [138.818574, 34.612407], [138.818431, 34.612439]]], [[[138.854336, 34.612318], [138.854424, 34.612256], [138.854451, 34.612426], [138.854336, 34.612318]]], [[[138.860431, 34.612373], [138.860444, 34.612324], [138.860516, 34.612316], [138.860431, 34.612373]]], [[[138.822269, 34.612265], [138.822423, 34.612159], [138.82239, 34.61228], [138.822278, 34.612341], [138.822269, 34.612265]]], [[[138.81845, 34.612214], [138.818466, 34.612169], [138.818613, 34.612212], [138.81845, 34.612214]]], [[[138.819241, 34.612217], [138.819349, 34.612164], [138.819267, 34.612244], [138.819241, 34.612217]]], [[[138.861059, 34.612093], [138.861122, 34.612187], [138.861065, 34.612235], [138.861059, 34.612093]]], [[[138.861855, 34.611903], [138.861964, 34.611739], [138.862136, 34.611756], [138.862199, 34.611996], [138.862035, 34.612215], [138.861855, 34.612118], [138.861855, 34.611903]]], [[[138.821136, 34.611767], [138.821375, 34.611471], [138.821511, 34.611471], [138.82181, 34.612018], [138.821407, 34.612147], [138.821202, 34.612003], [138.821136, 34.611767]]], [[[138.860638, 34.612127], [138.860685, 34.612094], [138.860688, 34.612145], [138.860638, 34.612127]]], [[[138.854323, 34.611959], [138.854523, 34.611896], [138.85464, 34.612006], [138.854517, 34.612102], [138.854323, 34.611959]]], [[[138.818727, 34.612037], [138.818912, 34.611958], [138.818857, 34.612048], [138.818727, 34.612037]]], [[[138.859189, 34.611958], [138.859321, 34.611874], [138.859321, 34.611987], [138.859189, 34.611958]]], [[[138.857748, 34.611656], [138.85796, 34.611521], [138.858221, 34.611611], [138.858137, 34.611809], [138.85788, 34.611882], [138.857748, 34.611656]]], [[[138.820349, 34.61176], [138.82049, 34.611411], [138.820799, 34.611183], [138.820799, 34.611532], [138.820499, 34.611828], [138.820349, 34.61176]]], [[[138.861594, 34.611727], [138.861669, 34.611669], [138.861714, 34.611766], [138.861594, 34.611727]]], [[[138.860181, 34.611665], [138.860236, 34.611586], [138.860295, 34.611631], [138.860181, 34.611665]]], [[[138.821843, 34.611441], [138.822063, 34.611278], [138.822433, 34.611437], [138.822133, 34.611688], [138.821843, 34.611441]]], [[[138.817338, 34.611431], [138.817445, 34.611399], [138.81745, 34.611541], [138.817338, 34.611431]]], [[[138.859999, 34.611529], [138.860114, 34.611444], [138.860045, 34.611532], [138.859999, 34.611529]]], [[[138.931884, 34.610978], [138.932074, 34.610454], [138.932408, 34.610172], [138.932708, 34.61015], [138.932749, 34.610471], [138.932401, 34.611198], [138.932129, 34.611339], [138.931945, 34.611271], [138.931884, 34.610978]]], [[[138.817143, 34.610601], [138.817736, 34.610789], [138.817754, 34.610965], [138.817512, 34.611226], [138.817288, 34.611191], [138.817143, 34.610601]]], [[[138.822156, 34.611096], [138.82225, 34.611103], [138.822241, 34.611217], [138.822156, 34.611096]]], [[[138.853227, 34.611043], [138.853371, 34.610901], [138.853445, 34.610958], [138.853375, 34.611066], [138.853227, 34.611043]]], [[[138.854706, 34.610966], [138.854899, 34.610978], [138.854765, 34.611029], [138.854706, 34.610966]]], [[[138.854329, 34.610952], [138.854427, 34.610943], [138.854413, 34.610983], [138.854329, 34.610952]]], [[[138.853917, 34.610764], [138.854184, 34.610658], [138.854244, 34.610732], [138.854096, 34.610835], [138.853917, 34.610764]]], [[[138.912424, 34.610811], [138.912476, 34.610381], [138.91266, 34.610313], [138.912626, 34.61075], [138.912424, 34.610811]]], [[[138.854667, 34.610724], [138.854744, 34.610666], [138.854723, 34.610752], [138.854667, 34.610724]]], [[[138.821698, 34.610678], [138.821801, 34.610583], [138.821843, 34.610659], [138.821698, 34.610678]]], [[[138.860424, 34.610704], [138.8605, 34.610554], [138.86052, 34.610652], [138.860424, 34.610704]]], [[[138.853266, 34.610635], [138.853406, 34.610575], [138.853435, 34.610652], [138.853266, 34.610635]]], [[[138.854899, 34.610618], [138.854927, 34.610567], [138.854976, 34.610635], [138.854899, 34.610618]]], [[[138.849818, 34.610543], [138.849926, 34.610555], [138.84989, 34.610606], [138.849818, 34.610543]]], [[[138.859292, 34.610561], [138.859304, 34.610502], [138.859413, 34.610528], [138.859292, 34.610561]]], [[[138.932687, 34.609896], [138.932817, 34.609615], [138.93313, 34.609474], [138.933307, 34.60957], [138.933321, 34.609756], [138.933089, 34.610009], [138.933219, 34.610387], [138.933028, 34.610364], [138.932687, 34.609896]]], [[[138.849932, 34.610303], [138.849989, 34.61022], [138.85001, 34.610356], [138.849932, 34.610303]]], [[[138.858327, 34.610179], [138.858629, 34.609878], [138.85914, 34.610055], [138.858649, 34.610231], [138.858327, 34.610179]]], [[[138.859067, 34.609105], [138.859458, 34.608416], [138.859639, 34.608413], [138.859739, 34.608635], [138.859582, 34.608945], [138.859768, 34.609023], [138.860033, 34.608605], [138.860206, 34.608534], [138.860093, 34.609255], [138.859594, 34.610205], [138.859389, 34.610192], [138.859293, 34.60995], [138.859277, 34.609656], [138.859438, 34.609408], [138.859067, 34.609105]]], [[[138.861043, 34.609265], [138.861152, 34.608958], [138.861313, 34.608919], [138.861341, 34.609226], [138.861043, 34.609265]]], [[[138.860581, 34.60917], [138.860766, 34.60902], [138.86077, 34.609173], [138.860645, 34.609258], [138.860581, 34.60917]]], [[[138.817021, 34.608675], [138.817067, 34.608545], [138.817254, 34.608642], [138.81726, 34.609166], [138.817021, 34.608675]]], [[[138.861787, 34.608977], [138.86192, 34.608508], [138.862233, 34.608394], [138.862249, 34.60863], [138.861993, 34.609024], [138.861787, 34.608977]]], [[[138.858673, 34.608919], [138.858753, 34.608863], [138.858697, 34.608997], [138.858673, 34.608919]]], [[[138.861601, 34.608939], [138.861693, 34.608722], [138.861708, 34.608882], [138.861601, 34.608939]]], [[[138.850263, 34.608831], [138.850405, 34.608787], [138.850354, 34.608863], [138.850263, 34.608831]]], [[[138.858576, 34.608739], [138.858721, 34.608641], [138.858677, 34.608798], [138.858576, 34.608739]]], [[[138.861182, 34.608494], [138.861485, 34.608142], [138.861434, 34.608564], [138.861293, 34.608616], [138.861182, 34.608494]]], [[[138.849866, 34.608505], [138.84998, 34.608422], [138.849925, 34.608537], [138.849866, 34.608505]]], [[[138.859772, 34.608465], [138.85982, 34.608442], [138.859804, 34.608524], [138.859772, 34.608465]]], [[[138.859032, 34.608424], [138.859133, 34.608402], [138.859084, 34.608491], [138.859032, 34.608424]]], [[[138.848911, 34.608355], [138.849085, 34.608419], [138.84903, 34.608464], [138.848911, 34.608355]]], [[[138.824147, 34.608065], [138.824358, 34.607517], [138.824647, 34.607496], [138.824744, 34.607738], [138.824665, 34.608076], [138.824318, 34.608321], [138.824147, 34.608065]]], [[[138.858479, 34.608228], [138.858679, 34.607969], [138.858815, 34.607979], [138.858704, 34.608256], [138.858479, 34.608228]]], [[[138.859542, 34.60822], [138.859607, 34.608148], [138.859607, 34.608233], [138.859542, 34.60822]]], [[[138.823884, 34.607987], [138.824095, 34.607756], [138.824069, 34.608001], [138.823946, 34.608069], [138.823884, 34.607987]]], [[[138.858313, 34.608004], [138.858365, 34.607967], [138.85838, 34.608032], [138.858313, 34.608004]]], [[[138.850272, 34.608013], [138.850398, 34.607904], [138.850327, 34.608051], [138.850272, 34.608013]]], [[[138.858733, 34.607766], [138.85881, 34.607737], [138.858757, 34.607854], [138.858733, 34.607766]]], [[[138.822047, 34.607631], [138.822441, 34.607368], [138.822718, 34.607511], [138.822564, 34.607774], [138.822047, 34.607631]]], [[[138.865274, 34.607574], [138.865404, 34.607359], [138.865735, 34.607304], [138.865956, 34.607409], [138.865411, 34.607745], [138.865274, 34.607574]]], [[[138.857725, 34.607663], [138.857814, 34.607633], [138.857762, 34.607697], [138.857725, 34.607663]]], [[[138.858209, 34.607629], [138.858343, 34.607581], [138.858281, 34.607667], [138.858209, 34.607629]]], [[[138.922933, 34.607502], [138.923042, 34.60748], [138.923035, 34.607615], [138.922933, 34.607502]]], [[[138.849171, 34.607601], [138.849306, 34.607511], [138.849266, 34.607607], [138.849171, 34.607601]]], [[[138.822517, 34.606604], [138.823615, 34.604783], [138.824178, 34.604596], [138.824327, 34.604132], [138.824857, 34.603407], [138.825275, 34.603773], [138.825312, 34.604041], [138.824787, 34.605926], [138.824345, 34.60671], [138.823984, 34.606842], [138.823757, 34.606783], [138.823224, 34.60729], [138.823184, 34.607531], [138.822951, 34.607558], [138.822569, 34.607228], [138.822663, 34.606761], [138.822517, 34.606604]]], [[[138.858136, 34.607391], [138.858217, 34.607307], [138.858205, 34.607363], [138.858136, 34.607391]]], [[[138.923103, 34.607372], [138.923335, 34.607074], [138.92356, 34.607119], [138.923471, 34.607361], [138.923103, 34.607372]]], [[[138.858624, 34.607302], [138.858706, 34.607246], [138.858686, 34.607311], [138.858624, 34.607302]]], [[[138.857241, 34.607229], [138.857437, 34.606988], [138.857442, 34.607208], [138.857241, 34.607229]]], [[[138.857597, 34.6071], [138.857896, 34.60673], [138.858049, 34.606762], [138.858059, 34.607136], [138.857805, 34.607246], [138.857597, 34.6071]]], [[[138.858207, 34.606784], [138.858212, 34.606547], [138.858558, 34.606117], [138.858466, 34.606497], [138.858531, 34.606589], [138.858877, 34.606393], [138.858862, 34.606636], [138.858289, 34.606884], [138.858207, 34.606784]]], [[[138.854754, 34.606515], [138.854877, 34.606472], [138.855068, 34.60662], [138.854884, 34.606676], [138.854754, 34.606515]]], [[[138.857726, 34.606515], [138.857884, 34.606305], [138.858104, 34.606311], [138.858049, 34.606507], [138.857726, 34.606515]]], [[[138.857157, 34.606399], [138.857194, 34.606191], [138.857407, 34.606223], [138.857412, 34.606443], [138.857234, 34.606487], [138.857157, 34.606399]]], [[[138.858736, 34.606264], [138.858832, 34.606112], [138.858857, 34.606186], [138.858736, 34.606264]]], [[[138.826674, 34.606204], [138.826729, 34.606121], [138.826814, 34.606228], [138.826674, 34.606204]]], [[[138.85917, 34.606219], [138.859741, 34.605415], [138.859906, 34.60539], [138.859968, 34.605586], [138.859735, 34.606084], [138.859436, 34.606256], [138.85917, 34.606219]]], [[[138.857753, 34.606167], [138.857837, 34.606137], [138.857807, 34.606251], [138.857753, 34.606167]]], [[[138.858163, 34.606122], [138.858262, 34.606082], [138.858207, 34.606191], [138.858163, 34.606122]]], [[[138.858987, 34.606104], [138.859074, 34.606054], [138.859024, 34.606164], [138.858987, 34.606104]]], [[[138.826704, 34.605776], [138.827335, 34.605467], [138.827643, 34.605714], [138.827606, 34.605844], [138.827202, 34.606005], [138.827188, 34.606145], [138.826704, 34.605776]]], [[[138.858523, 34.605943], [138.858583, 34.605883], [138.858631, 34.605963], [138.858523, 34.605943]]], [[[138.859187, 34.605876], [138.859273, 34.605853], [138.859242, 34.605912], [138.859187, 34.605876]]], [[[138.825981, 34.605746], [138.826032, 34.605681], [138.826102, 34.605776], [138.826011, 34.605871], [138.825981, 34.605746]]], [[[138.825112, 34.605829], [138.825138, 34.605782], [138.825241, 34.605865], [138.825112, 34.605829]]], [[[138.825274, 34.605455], [138.825534, 34.605746], [138.825471, 34.605836], [138.825274, 34.605455]]], [[[138.826289, 34.605726], [138.826337, 34.605556], [138.826462, 34.60555], [138.826363, 34.605824], [138.826289, 34.605726]]], [[[138.825417, 34.605256], [138.825505, 34.605017], [138.825882, 34.604699], [138.826223, 34.604744], [138.826249, 34.605], [138.825787, 34.605541], [138.825585, 34.605565], [138.825417, 34.605256]]], [[[138.827862, 34.604859], [138.828026, 34.604835], [138.827961, 34.605027], [138.827862, 34.604859]]], [[[138.832408, 34.604938], [138.832421, 34.604841], [138.832519, 34.604788], [138.832408, 34.604938]]], [[[138.828996, 34.604729], [138.829277, 34.604531], [138.829219, 34.604817], [138.829061, 34.604852], [138.828996, 34.604729]]], [[[138.832161, 34.604812], [138.832223, 34.604769], [138.832218, 34.604841], [138.832161, 34.604812]]], [[[138.828323, 34.604691], [138.828434, 34.604544], [138.828446, 34.604701], [138.828323, 34.604691]]], [[[138.826315, 34.604604], [138.826421, 34.604628], [138.826348, 34.604711], [138.826315, 34.604604]]], [[[138.848185, 34.604532], [138.848236, 34.604452], [138.848283, 34.604597], [138.848185, 34.604532]]], [[[138.832335, 34.604468], [138.832538, 34.604097], [138.832889, 34.604046], [138.832717, 34.604468], [138.832486, 34.604592], [138.832335, 34.604468]]], [[[138.828906, 34.604131], [138.829101, 34.603734], [138.829396, 34.603609], [138.829521, 34.603845], [138.829428, 34.604254], [138.829086, 34.604388], [138.828906, 34.604131]]], [[[138.827576, 34.604303], [138.827772, 34.603988], [138.827772, 34.604265], [138.827576, 34.604303]]], [[[138.828171, 34.604107], [138.828218, 34.604038], [138.828271, 34.604161], [138.828171, 34.604107]]], [[[138.854655, 34.603935], [138.854903, 34.603968], [138.854731, 34.604029], [138.854655, 34.603935]]], [[[138.828993, 34.603475], [138.829137, 34.603463], [138.829021, 34.603521], [138.828993, 34.603475]]], [[[138.829244, 34.603521], [138.829306, 34.603434], [138.829367, 34.603475], [138.829244, 34.603521]]], [[[138.839455, 34.60265], [138.839829, 34.602558], [138.840241, 34.602656], [138.84021, 34.603125], [138.839912, 34.603448], [138.839778, 34.603204], [138.839876, 34.602832], [138.8395, 34.602753], [138.839455, 34.60265]]], [[[138.828993, 34.603273], [138.82905, 34.603151], [138.829115, 34.603291], [138.828993, 34.603273]]], [[[138.836013, 34.603255], [138.836172, 34.60317], [138.836125, 34.603307], [138.836013, 34.603255]]], [[[138.833208, 34.603145], [138.833319, 34.603107], [138.833258, 34.603188], [138.833208, 34.603145]]], [[[138.836429, 34.60305], [138.836654, 34.60268], [138.83663, 34.603038], [138.836526, 34.603152], [138.836429, 34.60305]]], [[[138.830237, 34.603043], [138.830381, 34.603084], [138.83032, 34.603127], [138.830237, 34.603043]]], [[[138.829248, 34.603002], [138.829316, 34.602967], [138.829385, 34.603014], [138.829248, 34.603002]]], [[[138.836246, 34.602873], [138.836286, 34.602763], [138.83633, 34.602863], [138.836246, 34.602873]]], [[[138.833386, 34.602651], [138.833535, 34.602629], [138.833479, 34.602685], [138.833386, 34.602651]]], [[[138.834251, 34.602542], [138.834406, 34.602461], [138.834295, 34.602602], [138.834251, 34.602542]]], [[[138.829256, 34.602318], [138.829347, 34.602289], [138.829358, 34.602383], [138.829256, 34.602318]]], [[[138.839304, 34.602005], [138.839776, 34.601852], [138.839985, 34.602175], [138.839582, 34.602222], [138.839304, 34.602005]]], [[[138.837913, 34.601889], [138.838073, 34.601844], [138.837992, 34.601947], [138.837913, 34.601889]]], [[[138.840806, 34.601588], [138.840866, 34.601466], [138.840962, 34.601469], [138.840806, 34.601588]]], [[[138.844622, 34.601385], [138.844768, 34.601148], [138.844817, 34.601427], [138.844622, 34.601385]]], [[[138.841102, 34.601388], [138.841223, 34.601277], [138.841132, 34.601441], [138.841102, 34.601388]]], [[[138.845117, 34.601214], [138.845169, 34.601115], [138.845261, 34.601207], [138.845226, 34.601284], [138.845117, 34.601214]]], [[[138.841028, 34.601245], [138.841056, 34.601186], [138.841061, 34.601263], [138.841028, 34.601245]]], [[[138.845036, 34.600797], [138.845134, 34.600775], [138.845112, 34.60085], [138.845036, 34.600797]]], [[[138.842918, 34.600723], [138.843205, 34.600509], [138.843175, 34.600651], [138.842918, 34.600723]]], [[[138.843685, 34.600614], [138.843792, 34.600506], [138.843781, 34.6006], [138.843685, 34.600614]]], [[[138.843974, 34.600594], [138.844041, 34.600538], [138.84401, 34.6006], [138.843974, 34.600594]]], [[[138.842036, 34.60055], [138.84236, 34.600241], [138.842549, 34.600239], [138.842183, 34.600597], [138.842036, 34.60055]]], [[[138.841608, 34.600544], [138.84168, 34.600411], [138.841759, 34.600422], [138.841608, 34.600544]]], [[[138.843726, 34.600067], [138.843827, 34.599943], [138.843832, 34.600054], [138.843726, 34.600067]]], [[[138.825896, 34.599355], [138.826034, 34.599155], [138.826304, 34.599108], [138.826009, 34.599457], [138.825896, 34.599355]]]]}}, {"type": "Feature", "properties": {"pref_code": "22", "pref_name": "静岡県", "municipality_code": "22305", "municipality_name": "松崎町", "ward_name": "", "display_name": "松崎町", "geometry_key": "22305"}, "geometry": {"type": "MultiPolygon", "coordinates": [[[[138.876403, 34.788737], [138.874923, 34.788616], [138.873658, 34.788774], [138.872918, 34.788611], [138.871869, 34.788869], [138.869597, 34.788247], [138.868268, 34.788335], [138.867464, 34.788617], [138.866568, 34.788297], [138.865579, 34.78846], [138.864937, 34.788172], [138.863817, 34.787263], [138.860726, 34.787294], [138.860069, 34.787069], [138.859737, 34.786755], [138.859242, 34.786592], [138.856669, 34.786097], [138.855077, 34.785533], [138.854498, 34.785057], [138.853887, 34.784236], [138.850843, 34.783157], [138.850209, 34.782712], [138.849861, 34.781966], [138.849545, 34.781966], [138.848872, 34.782894], [138.848679, 34.783408], [138.849243, 34.785407], [138.849776, 34.786448], [138.850008, 34.787457], [138.850325, 34.787783], [138.851005, 34.788046], [138.851299, 34.788416], [138.852388, 34.790892], [138.852844, 34.791456], [138.852967, 34.79207], [138.852967, 34.792985], [138.852295, 34.794283], [138.852287, 34.795492], [138.851082, 34.79706], [138.850695, 34.798238], [138.850742, 34.799103], [138.850177, 34.800294], [138.849868, 34.800557], [138.849397, 34.800664], [138.848207, 34.800576], [138.847195, 34.800776], [138.846298, 34.801177], [138.845124, 34.801904], [138.844552, 34.802042], [138.844467, 34.80193], [138.84459, 34.801284], [138.844992, 34.800162], [138.845008, 34.799316], [138.844853, 34.799015], [138.844073, 34.799648], [138.843331, 34.800469], [138.841871, 34.801165], [138.839274, 34.800281], [138.837759, 34.800049], [138.835967, 34.799999], [138.835812, 34.799905], [138.835781, 34.799209], [138.835549, 34.798827], [138.835588, 34.798288], [138.8365, 34.797768], [138.837211, 34.797937], [138.838046, 34.797511], [138.838517, 34.797034], [138.838795, 34.79595], [138.838965, 34.793687], [138.840155, 34.792779], [138.840827, 34.791801], [138.841353, 34.791387], [138.841206, 34.790904], [138.840287, 34.790015], [138.840032, 34.788667], [138.839846, 34.788698], [138.837443, 34.791024], [138.837273, 34.791111], [138.8365, 34.791099], [138.836052, 34.791788], [138.834954, 34.792509], [138.83446, 34.793155], [138.833556, 34.793549], [138.832899, 34.792628], [138.829545, 34.789927], [138.828077, 34.788147], [138.826238, 34.786799], [138.824368, 34.784606], [138.822327, 34.783628], [138.820079, 34.782092], [138.818649, 34.781678], [138.817251, 34.781678], [138.817204, 34.781309], [138.817838, 34.779898], [138.815443, 34.779936], [138.813503, 34.779384], [138.812862, 34.778814], [138.812236, 34.778475], [138.811819, 34.777987], [138.811224, 34.777554], [138.809647, 34.776758], [138.808597, 34.776081], [138.807669, 34.77516], [138.80736, 34.774031], [138.80709, 34.773681], [138.805661, 34.773298], [138.805158, 34.772527], [138.80444, 34.772176], [138.804107, 34.771694], [138.802871, 34.771662], [138.80121, 34.77123], [138.800198, 34.770641], [138.799232, 34.770509], [138.798861, 34.77029], [138.798243, 34.76945], [138.797679, 34.769419], [138.797432, 34.769281], [138.796381, 34.768159], [138.795686, 34.767977], [138.795098, 34.767959], [138.79448, 34.767313], [138.793777, 34.767545], [138.793066, 34.767012], [138.792309, 34.766943], [138.792332, 34.766636], [138.792201, 34.766454], [138.789466, 34.765464], [138.789087, 34.765439], [138.788222, 34.765715], [138.787557, 34.765408], [138.787256, 34.765421], [138.786707, 34.764593], [138.785371, 34.764067], [138.784219, 34.76381], [138.783153, 34.76376], [138.781739, 34.763835], [138.780958, 34.764079], [138.779135, 34.763772], [138.778524, 34.76406], [138.777798, 34.763884], [138.777272, 34.763935], [138.776639, 34.763389], [138.776608, 34.762875], [138.775715, 34.762582], [138.776092, 34.761571], [138.776014, 34.76129], [138.776943, 34.760099], [138.776836, 34.759827], [138.776442, 34.759629], [138.776091, 34.759203], [138.775752, 34.759132], [138.775265, 34.758639], [138.775406, 34.758063], [138.775703, 34.75796], [138.776269, 34.757998], [138.77646, 34.757671], [138.776344, 34.755823], [138.77575, 34.754471], [138.774745, 34.754942], [138.774273, 34.754674], [138.773874, 34.75508], [138.773597, 34.754911], [138.774472, 34.753896], [138.773516, 34.753783], [138.773127, 34.753959], [138.772823, 34.7534], [138.772596, 34.753378], [138.772385, 34.753411], [138.772274, 34.753819], [138.772079, 34.753974], [138.771892, 34.753882], [138.771753, 34.753282], [138.771479, 34.753183], [138.771286, 34.753269], [138.770767, 34.753199], [138.770509, 34.75365], [138.770157, 34.753807], [138.769698, 34.753321], [138.769618, 34.753067], [138.769113, 34.752966], [138.769413, 34.752606], [138.769099, 34.752538], [138.768636, 34.751969], [138.768792, 34.751467], [138.768363, 34.751715], [138.768002, 34.751602], [138.76792, 34.752217], [138.767081, 34.752233], [138.767163, 34.751986], [138.766924, 34.751755], [138.766727, 34.751186], [138.766788, 34.750814], [138.765888, 34.75078], [138.765445, 34.751326], [138.765165, 34.751371], [138.765247, 34.752318], [138.764995, 34.752509], [138.764688, 34.752368], [138.764605, 34.752594], [138.764339, 34.752379], [138.764209, 34.75252], [138.764092, 34.752291], [138.764449, 34.75163], [138.764033, 34.751101], [138.763092, 34.750746], [138.762615, 34.750273], [138.762069, 34.750149], [138.761698, 34.749818], [138.761659, 34.749973], [138.761536, 34.749913], [138.761483, 34.750061], [138.761354, 34.750064], [138.761382, 34.7496], [138.760666, 34.74938], [138.760642, 34.749176], [138.760834, 34.748997], [138.760215, 34.747766], [138.759833, 34.747534], [138.75957, 34.747926], [138.759392, 34.747902], [138.759515, 34.747519], [138.759252, 34.747379], [138.759581, 34.74696], [138.759608, 34.746526], [138.759035, 34.746537], [138.758906, 34.746103], [138.758353, 34.746137], [138.758087, 34.746532], [138.757412, 34.746966], [138.757559, 34.747088], [138.757483, 34.747233], [138.757316, 34.747362], [138.756996, 34.747209], [138.756698, 34.747557], [138.756151, 34.747112], [138.755769, 34.747039], [138.755503, 34.747153], [138.755227, 34.746806], [138.755023, 34.746906], [138.754871, 34.746758], [138.754679, 34.746425], [138.754671, 34.74588], [138.754824, 34.745562], [138.754693, 34.745435], [138.754907, 34.745347], [138.755202, 34.744949], [138.755619, 34.744789], [138.755772, 34.744545], [138.75607, 34.744403], [138.755855, 34.744126], [138.756248, 34.744271], [138.75656, 34.744138], [138.757131, 34.744315], [138.757821, 34.743186], [138.75801, 34.743334], [138.758104, 34.743198], [138.758526, 34.743089], [138.758736, 34.742853], [138.759532, 34.7427], [138.759568, 34.742449], [138.759881, 34.742485], [138.760665, 34.742258], [138.760836, 34.741816], [138.760529, 34.741569], [138.760511, 34.741141], [138.761115, 34.740498], [138.761031, 34.739806], [138.761352, 34.739702], [138.761615, 34.739279], [138.76072, 34.738447], [138.759642, 34.737828], [138.758551, 34.737676], [138.757937, 34.737687], [138.757651, 34.737805], [138.757605, 34.737968], [138.757897, 34.738718], [138.757671, 34.738797], [138.757174, 34.738656], [138.757017, 34.739022], [138.757085, 34.73945], [138.756826, 34.739529], [138.756697, 34.739783], [138.756322, 34.739704], [138.756015, 34.739822], [138.755483, 34.739383], [138.755462, 34.739118], [138.755824, 34.738707], [138.755822, 34.738535], [138.755661, 34.738517], [138.755566, 34.738655], [138.755339, 34.738607], [138.755352, 34.738418], [138.755884, 34.738445], [138.756553, 34.738002], [138.756656, 34.737715], [138.756553, 34.737056], [138.756997, 34.73669], [138.757181, 34.736098], [138.756942, 34.735501], [138.756281, 34.734921], [138.756449, 34.734563], [138.756682, 34.734448], [138.756725, 34.733824], [138.756349, 34.733282], [138.755156, 34.732713], [138.754624, 34.732696], [138.754044, 34.732989], [138.753635, 34.733513], [138.75311, 34.733828], [138.752821, 34.734443], [138.752592, 34.734352], [138.752039, 34.73456], [138.751698, 34.734939], [138.751705, 34.735351], [138.751441, 34.735796], [138.75118, 34.735785], [138.750895, 34.735931], [138.750752, 34.735831], [138.75061, 34.736002], [138.750201, 34.736072], [138.749852, 34.7364], [138.749716, 34.736365], [138.749647, 34.736153], [138.749837, 34.735873], [138.749728, 34.735394], [138.74996, 34.734419], [138.749871, 34.733862], [138.749374, 34.733674], [138.749264, 34.733366], [138.749067, 34.733276], [138.748795, 34.73341], [138.748267, 34.733408], [138.747759, 34.733115], [138.747628, 34.733215], [138.747443, 34.733175], [138.747015, 34.733487], [138.746827, 34.733409], [138.746982, 34.733202], [138.746681, 34.733232], [138.746866, 34.732656], [138.746716, 34.732613], [138.746724, 34.732356], [138.746537, 34.732266], [138.746566, 34.731844], [138.74673, 34.731714], [138.746536, 34.731571], [138.746609, 34.731205], [138.746866, 34.731077], [138.746817, 34.730777], [138.746489, 34.730654], [138.746666, 34.730162], [138.74628, 34.729837], [138.746666, 34.729487], [138.746846, 34.729488], [138.747095, 34.729103], [138.746901, 34.728989], [138.746829, 34.728741], [138.747284, 34.728676], [138.747157, 34.728511], [138.747204, 34.728298], [138.747469, 34.728082], [138.747313, 34.727963], [138.746878, 34.728047], [138.746353, 34.72795], [138.746177, 34.728117], [138.745245, 34.728162], [138.744969, 34.727513], [138.744892, 34.726594], [138.744737, 34.726431], [138.744253, 34.726369], [138.743414, 34.726504], [138.742944, 34.726769], [138.742923, 34.727675], [138.742469, 34.728075], [138.742597, 34.728476], [138.742367, 34.728568], [138.741669, 34.728391], [138.741993, 34.727995], [138.741771, 34.72762], [138.741784, 34.726961], [138.741181, 34.72689], [138.740346, 34.727124], [138.739446, 34.726786], [138.739296, 34.726623], [138.739098, 34.725226], [138.739249, 34.72468], [138.739635, 34.724512], [138.740189, 34.724701], [138.740418, 34.724383], [138.740393, 34.724247], [138.739916, 34.724022], [138.739806, 34.723596], [138.740208, 34.723693], [138.740484, 34.724206], [138.74083, 34.724326], [138.741034, 34.724227], [138.741922, 34.724204], [138.742316, 34.723817], [138.742487, 34.723451], [138.742166, 34.723327], [138.742044, 34.72312], [138.741893, 34.72335], [138.741871, 34.723136], [138.742157, 34.722986], [138.74218, 34.722848], [138.741987, 34.722936], [138.741822, 34.722791], [138.742274, 34.722286], [138.742582, 34.722319], [138.742876, 34.721801], [138.742753, 34.720432], [138.742132, 34.719232], [138.742705, 34.718686], [138.743155, 34.717649], [138.742626, 34.716056], [138.742421, 34.716024], [138.742611, 34.715982], [138.742589, 34.715424], [138.742052, 34.715264], [138.741803, 34.714931], [138.742129, 34.714774], [138.742172, 34.714604], [138.741996, 34.71444], [138.742189, 34.714431], [138.742221, 34.712968], [138.741882, 34.712196], [138.741653, 34.712127], [138.741786, 34.711736], [138.741497, 34.711372], [138.741622, 34.711319], [138.741474, 34.711135], [138.74165, 34.710769], [138.741559, 34.710417], [138.741131, 34.70974], [138.740844, 34.708709], [138.740561, 34.708792], [138.740725, 34.70827], [138.740717, 34.707984], [138.740515, 34.707793], [138.740581, 34.707522], [138.740101, 34.707172], [138.740206, 34.707075], [138.740464, 34.707211], [138.740603, 34.706932], [138.740263, 34.70676], [138.740016, 34.706281], [138.739247, 34.70568], [138.739327, 34.705586], [138.740101, 34.706002], [138.740067, 34.705602], [138.7398, 34.705535], [138.739477, 34.705158], [138.739877, 34.704965], [138.739849, 34.70467], [138.740399, 34.704479], [138.740314, 34.704357], [138.740586, 34.704141], [138.740592, 34.703887], [138.740904, 34.703775], [138.740921, 34.703464], [138.740788, 34.703287], [138.741182, 34.703199], [138.741735, 34.7025], [138.741157, 34.702099], [138.741009, 34.702122], [138.740493, 34.70163], [138.740399, 34.701098], [138.740845, 34.701471], [138.740974, 34.701431], [138.740926, 34.701229], [138.740408, 34.700778], [138.739977, 34.700596], [138.740147, 34.700417], [138.740706, 34.700322], [138.741729, 34.701653], [138.744321, 34.702252], [138.744842, 34.702517], [138.745979, 34.703542], [138.746739, 34.703577], [138.748347, 34.704167], [138.748601, 34.704291], [138.748962, 34.704796], [138.750367, 34.705285], [138.750822, 34.706095], [138.751885, 34.706954], [138.753544, 34.70697], [138.757677, 34.706626], [138.758881, 34.707063], [138.760107, 34.707045], [138.760821, 34.707507], [138.761014, 34.707911], [138.761026, 34.708551], [138.761276, 34.708939], [138.762498, 34.709651], [138.763196, 34.709484], [138.764252, 34.70889], [138.765208, 34.709134], [138.765702, 34.709516], [138.766404, 34.709836], [138.767455, 34.709821], [138.768157, 34.710557], [138.768537, 34.711197], [138.770272, 34.711367], [138.771414, 34.711992], [138.7716, 34.712509], [138.771372, 34.712999], [138.77171, 34.71351], [138.771874, 34.713661], [138.77253, 34.713584], [138.773619, 34.714175], [138.773866, 34.714471], [138.773969, 34.71492], [138.773688, 34.715939], [138.776549, 34.716125], [138.777039, 34.716279], [138.777237, 34.716261], [138.777814, 34.714651], [138.778835, 34.713222], [138.779381, 34.712705], [138.780368, 34.712499], [138.781606, 34.712515], [138.782171, 34.712897], [138.783329, 34.713374], [138.783902, 34.713285], [138.784893, 34.713446], [138.785159, 34.713658], [138.785329, 34.714341], [138.785473, 34.714403], [138.786692, 34.714637], [138.78791, 34.714458], [138.789208, 34.714902], [138.79048, 34.71492], [138.791391, 34.715151], [138.792389, 34.713294], [138.792977, 34.712996], [138.79338, 34.71246], [138.793604, 34.712355], [138.794094, 34.711201], [138.794667, 34.710822], [138.794363, 34.709945], [138.793752, 34.708808], [138.7939, 34.707992], [138.794781, 34.706277], [138.795494, 34.705991], [138.795722, 34.706068], [138.796459, 34.706838], [138.796986, 34.70701], [138.797692, 34.707016], [138.798413, 34.70645], [138.798816, 34.70629], [138.798869, 34.705917], [138.799506, 34.705569], [138.799749, 34.70528], [138.800505, 34.7052], [138.800945, 34.704775], [138.801332, 34.704587], [138.802812, 34.704196], [138.803329, 34.703827], [138.804274, 34.703719], [138.804608, 34.703857], [138.804995, 34.703824], [138.805948, 34.703131], [138.806589, 34.70282], [138.807926, 34.702814], [138.80851, 34.703112], [138.809235, 34.703236], [138.809717, 34.702657], [138.81007, 34.702506], [138.810351, 34.701905], [138.811269, 34.701628], [138.811915, 34.701572], [138.813182, 34.701865], [138.814181, 34.703023], [138.815118, 34.703423], [138.815505, 34.703885], [138.816169, 34.704038], [138.816477, 34.704257], [138.817244, 34.704066], [138.817991, 34.703613], [138.819016, 34.704103], [138.821461, 34.703989], [138.822193, 34.704149], [138.822326, 34.70429], [138.8234, 34.704334], [138.823597, 34.703872], [138.824152, 34.703687], [138.825951, 34.704256], [138.826881, 34.704025], [138.828316, 34.70465], [138.829033, 34.704733], [138.829788, 34.70453], [138.830244, 34.70461], [138.830696, 34.704357], [138.831576, 34.704484], [138.832305, 34.704453], [138.833125, 34.704896], [138.833147, 34.705198], [138.833409, 34.705423], [138.834916, 34.705903], [138.835281, 34.706306], [138.835991, 34.706171], [138.836477, 34.706398], [138.837684, 34.70577], [138.838276, 34.705801], [138.838959, 34.707433], [138.839862, 34.707704], [138.840933, 34.707759], [138.841574, 34.708227], [138.842299, 34.708251], [138.842816, 34.708655], [138.843901, 34.70855], [138.844713, 34.708938], [138.845974, 34.708454], [138.846486, 34.708596], [138.847667, 34.708402], [138.849644, 34.708341], [138.850404, 34.707706], [138.851499, 34.707671], [138.851652, 34.707736], [138.851793, 34.708078], [138.851682, 34.709247], [138.852306, 34.709921], [138.852347, 34.710192], [138.851072, 34.710833], [138.850659, 34.71124], [138.84937, 34.711821], [138.849375, 34.713075], [138.848946, 34.713703], [138.848012, 34.713754], [138.847482, 34.714271], [138.846803, 34.714271], [138.846592, 34.714376], [138.846132, 34.715135], [138.846628, 34.716118], [138.846778, 34.716757], [138.847227, 34.717246], [138.847583, 34.718317], [138.84856, 34.719236], [138.84888, 34.720617], [138.849287, 34.720874], [138.850108, 34.720919], [138.850937, 34.721449], [138.85187, 34.721638], [138.852254, 34.722098], [138.852639, 34.72333], [138.853865, 34.724118], [138.85395, 34.724637], [138.853542, 34.725206], [138.853646, 34.725658], [138.853944, 34.725845], [138.853917, 34.726491], [138.854382, 34.727838], [138.854385, 34.728371], [138.855285, 34.728378], [138.856938, 34.728999], [138.857171, 34.729307], [138.857477, 34.730271], [138.857351, 34.730644], [138.8574, 34.731075], [138.857805, 34.731377], [138.858095, 34.732324], [138.858131, 34.733195], [138.857832, 34.73377], [138.858235, 34.734748], [138.858136, 34.735767], [138.858374, 34.736196], [138.859028, 34.736564], [138.859083, 34.737368], [138.859247, 34.737641], [138.860383, 34.73805], [138.860837, 34.738711], [138.861469, 34.739275], [138.862139, 34.739117], [138.862755, 34.739166], [138.863289, 34.740574], [138.864717, 34.740367], [138.865743, 34.739797], [138.866854, 34.739843], [138.867402, 34.740012], [138.867768, 34.740345], [138.868037, 34.741691], [138.868266, 34.741979], [138.868816, 34.742227], [138.870007, 34.742303], [138.870696, 34.742179], [138.871304, 34.741666], [138.871471, 34.741371], [138.872271, 34.74088], [138.872517, 34.740982], [138.873574, 34.740905], [138.874735, 34.741304], [138.876085, 34.740918], [138.876922, 34.741899], [138.878398, 34.742408], [138.879042, 34.742998], [138.879827, 34.744094], [138.880894, 34.744994], [138.881428, 34.745291], [138.882182, 34.745495], [138.882176, 34.745991], [138.881381, 34.747286], [138.881376, 34.747643], [138.881496, 34.74777], [138.881946, 34.748084], [138.882401, 34.748207], [138.883443, 34.748084], [138.884217, 34.749112], [138.884636, 34.749405], [138.885232, 34.749642], [138.885912, 34.749723], [138.88653, 34.750105], [138.887168, 34.750118], [138.888095, 34.750547], [138.888272, 34.751286], [138.888587, 34.751867], [138.888204, 34.752623], [138.888236, 34.752962], [138.889463, 34.753849], [138.889716, 34.754728], [138.890197, 34.755171], [138.891176, 34.755439], [138.892014, 34.755934], [138.892293, 34.756245], [138.892202, 34.757108], [138.891605, 34.757739], [138.890969, 34.758903], [138.890443, 34.759208], [138.890476, 34.759429], [138.891144, 34.760467], [138.891884, 34.760698], [138.892461, 34.761088], [138.892649, 34.761456], [138.892656, 34.76192], [138.893409, 34.762762], [138.893428, 34.763178], [138.892435, 34.763725], [138.892189, 34.764083], [138.892305, 34.765094], [138.89224, 34.766421], [138.892993, 34.768195], [138.894207, 34.769195], [138.894687, 34.769948], [138.895856, 34.769822], [138.896472, 34.769827], [138.896602, 34.769932], [138.896718, 34.771085], [138.89714, 34.771775], [138.89629, 34.772454], [138.896219, 34.773007], [138.896361, 34.773823], [138.895206, 34.774402], [138.894336, 34.774444], [138.893694, 34.775239], [138.892662, 34.775507], [138.892182, 34.775771], [138.891474, 34.777145], [138.890234, 34.777992], [138.888222, 34.77695], [138.887749, 34.776944], [138.887612, 34.776802], [138.886658, 34.776529], [138.886055, 34.776134], [138.885516, 34.77606], [138.885055, 34.775712], [138.884367, 34.776113], [138.883478, 34.776223], [138.882965, 34.77695], [138.882245, 34.777602], [138.881135, 34.777666], [138.880136, 34.778171], [138.87948, 34.778887], [138.878824, 34.779319], [138.878656, 34.780203], [138.878708, 34.780914], [138.878253, 34.781256], [138.876196, 34.781982], [138.875735, 34.783904], [138.875845, 34.784373], [138.876773, 34.785747], [138.876948, 34.786316], [138.876514, 34.787705], [138.876403, 34.788737]]], [[[138.772846, 34.760981], [138.772881, 34.760517], [138.77308, 34.760508], [138.773068, 34.761137], [138.772887, 34.761159], [138.772846, 34.760981]]], [[[138.763649, 34.751317], [138.763693, 34.751262], [138.763696, 34.751396], [138.763649, 34.751317]]], [[[138.762639, 34.750914], [138.76278, 34.751026], [138.762799, 34.751218], [138.762639, 34.750914]]], [[[138.760619, 34.748924], [138.760653, 34.748891], [138.760662, 34.74893], [138.760619, 34.748924]]], [[[138.760479, 34.748677], [138.760519, 34.748669], [138.760522, 34.748707], [138.760479, 34.748677]]], [[[138.754259, 34.746766], [138.754356, 34.746691], [138.754397, 34.746745], [138.754259, 34.746766]]], [[[138.758471, 34.746545], [138.758642, 34.746306], [138.758576, 34.746545], [138.758471, 34.746545]]], [[[138.754502, 34.745853], [138.754517, 34.745788], [138.754563, 34.745881], [138.754502, 34.745853]]], [[[138.75472, 34.745238], [138.754774, 34.745246], [138.754742, 34.745281], [138.75472, 34.745238]]], [[[138.755422, 34.744593], [138.755498, 34.744547], [138.755454, 34.744642], [138.755422, 34.744593]]], [[[138.755338, 34.743628], [138.755839, 34.743433], [138.755601, 34.743765], [138.755338, 34.743628]]], [[[138.759847, 34.742347], [138.759903, 34.742309], [138.759869, 34.742372], [138.759847, 34.742347]]], [[[138.75592, 34.73566], [138.75596, 34.735532], [138.756032, 34.735636], [138.75592, 34.73566]]], [[[138.75638, 34.735463], [138.756541, 34.735322], [138.75663, 34.735364], [138.75638, 34.735463]]], [[[138.751819, 34.734971], [138.7519, 34.734967], [138.751843, 34.735089], [138.751819, 34.734971]]], [[[138.749443, 34.733869], [138.749524, 34.733892], [138.749484, 34.733911], [138.749443, 34.733869]]], [[[138.749232, 34.733792], [138.749322, 34.733792], [138.749356, 34.733838], [138.749232, 34.733792]]], [[[138.748559, 34.733562], [138.748654, 34.733527], [138.748597, 34.733585], [138.748559, 34.733562]]], [[[138.746634, 34.732883], [138.746685, 34.732827], [138.746741, 34.73287], [138.746634, 34.732883]]], [[[138.743677, 34.731396], [138.743849, 34.731057], [138.744167, 34.731242], [138.744012, 34.731484], [138.743677, 34.731396]]], [[[138.74316, 34.730679], [138.743214, 34.730432], [138.743341, 34.730439], [138.743314, 34.730638], [138.743609, 34.731105], [138.743536, 34.731374], [138.74316, 34.730679]]], [[[138.741947, 34.729208], [138.742128, 34.729122], [138.742336, 34.729229], [138.74287, 34.729144], [138.742949, 34.729215], [138.742894, 34.729447], [138.742694, 34.729413], [138.742407, 34.729552], [138.741947, 34.729208]]], [[[138.741655, 34.722976], [138.741726, 34.722967], [138.741694, 34.722994], [138.741655, 34.722976]]], [[[138.741807, 34.722935], [138.741837, 34.722931], [138.741843, 34.722991], [138.741807, 34.722935]]], [[[138.741577, 34.722816], [138.741631, 34.722776], [138.741649, 34.722869], [138.741577, 34.722816]]], [[[138.741603, 34.722643], [138.741619, 34.722568], [138.741653, 34.722675], [138.741603, 34.722643]]], [[[138.740586, 34.720604], [138.741099, 34.720541], [138.740863, 34.720679], [138.740586, 34.720604]]], [[[138.740712, 34.720234], [138.740853, 34.720119], [138.741391, 34.72044], [138.740712, 34.720234]]], [[[138.740724, 34.718202], [138.740998, 34.718091], [138.741651, 34.718383], [138.74171, 34.718653], [138.741619, 34.718691], [138.741377, 34.718431], [138.741459, 34.718742], [138.741258, 34.718831], [138.741829, 34.719276], [138.741674, 34.719835], [138.741386, 34.719698], [138.741094, 34.71975], [138.740752, 34.719491], [138.740724, 34.719231], [138.740998, 34.718942], [138.740724, 34.718202]]], [[[138.742449, 34.715835], [138.742485, 34.715828], [138.742491, 34.715876], [138.742449, 34.715835]]], [[[138.740729, 34.714471], [138.7408, 34.714436], [138.740876, 34.714555], [138.740729, 34.714471]]], [[[138.741683, 34.714341], [138.741869, 34.714266], [138.741848, 34.714555], [138.741721, 34.71454], [138.741683, 34.714341]]], [[[138.741167, 34.712136], [138.74131, 34.71212], [138.741431, 34.712368], [138.741167, 34.712136]]], [[[138.741334, 34.711812], [138.741433, 34.711804], [138.741495, 34.711954], [138.741334, 34.711812]]], [[[138.741441, 34.71172], [138.74148, 34.711668], [138.741576, 34.711792], [138.741441, 34.71172]]], [[[138.740123, 34.706831], [138.740172, 34.706821], [138.740207, 34.706866], [138.740123, 34.706831]]], [[[138.739158, 34.70512], [138.739251, 34.705087], [138.739288, 34.705226], [138.739158, 34.70512]]], [[[138.73906, 34.7045], [138.739124, 34.704338], [138.739389, 34.704448], [138.739657, 34.7049], [138.739383, 34.704949], [138.73906, 34.7045]]], [[[138.740382, 34.703093], [138.740543, 34.703101], [138.740679, 34.703294], [138.740382, 34.703093]]], [[[138.740971, 34.70305], [138.741047, 34.70301], [138.741007, 34.703084], [138.740971, 34.70305]]], [[[138.739987, 34.701336], [138.740087, 34.701251], [138.740234, 34.701319], [138.740182, 34.701551], [138.740041, 34.701527], [138.739987, 34.701336]]], [[[138.73874, 34.700355], [138.738797, 34.700252], [138.738904, 34.700292], [138.73874, 34.700355]]], [[[138.739303, 34.699856], [138.739346, 34.69973], [138.739491, 34.69975], [138.739636, 34.699917], [138.739452, 34.699993], [138.739303, 34.699856]]]]}}, {"type": "Feature", "properties": {"pref_code": "22", "pref_name": "静岡県", "municipality_code": "22306", "municipality_name": "西伊豆町", "ward_name": "", "display_name": "西伊豆町", "geometry_key": "22306"}, "geometry": {"type": "MultiPolygon", "coordinates": [[[[138.892674, 34.835104], [138.892515, 34.836123], [138.892597, 34.8372], [138.892155, 34.838103], [138.89251, 34.838461], [138.8929, 34.838544], [138.892792, 34.839096], [138.893073, 34.839466], [138.892551, 34.840032], [138.892526, 34.840898], [138.891549, 34.841714], [138.889864, 34.842819], [138.88931, 34.843529], [138.888166, 34.84437], [138.887774, 34.845709], [138.887872, 34.846282], [138.88662, 34.847464], [138.885923, 34.847652], [138.884898, 34.847076], [138.883287, 34.846821], [138.88264, 34.847116], [138.881947, 34.847087], [138.880836, 34.847255], [138.880389, 34.847445], [138.880077, 34.847869], [138.879159, 34.848345], [138.878584, 34.849366], [138.877897, 34.849524], [138.877503, 34.849379], [138.876511, 34.848014], [138.875996, 34.847681], [138.874343, 34.847635], [138.872021, 34.848137], [138.870102, 34.848079], [138.869554, 34.848581], [138.868353, 34.851123], [138.868262, 34.851772], [138.867163, 34.853927], [138.866219, 34.854594], [138.864691, 34.856836], [138.863498, 34.857756], [138.863026, 34.857918], [138.862479, 34.857823], [138.861877, 34.856734], [138.861363, 34.856214], [138.860488, 34.855828], [138.860125, 34.855869], [138.857972, 34.857129], [138.856842, 34.857237], [138.85668, 34.857411], [138.856521, 34.858441], [138.855909, 34.858918], [138.854684, 34.859538], [138.852266, 34.860584], [138.850264, 34.8608], [138.845814, 34.861711], [138.84533, 34.861984], [138.844651, 34.86316], [138.844177, 34.863308], [138.843002, 34.86334], [138.842645, 34.863532], [138.842029, 34.864477], [138.841688, 34.864726], [138.839749, 34.865249], [138.839539, 34.865743], [138.839109, 34.866102], [138.83876, 34.866922], [138.838731, 34.867521], [138.838998, 34.868622], [138.838729, 34.869407], [138.838284, 34.869821], [138.836831, 34.870474], [138.836032, 34.871577], [138.835187, 34.871988], [138.834752, 34.872419], [138.834709, 34.872715], [138.835021, 34.873356], [138.834674, 34.874704], [138.834489, 34.87679], [138.834915, 34.877664], [138.835001, 34.878533], [138.833942, 34.879316], [138.833661, 34.880532], [138.833697, 34.88164], [138.83317, 34.882287], [138.832114, 34.882362], [138.830891, 34.882861], [138.828798, 34.882904], [138.828186, 34.882618], [138.826608, 34.881422], [138.825385, 34.881252], [138.824309, 34.880742], [138.823671, 34.88071], [138.822463, 34.880966], [138.821604, 34.8809], [138.821175, 34.880137], [138.820989, 34.87927], [138.820752, 34.878824], [138.819978, 34.877979], [138.81777, 34.876431], [138.817492, 34.876421], [138.816963, 34.876625], [138.815882, 34.876684], [138.814407, 34.876081], [138.813434, 34.874522], [138.813199, 34.87439], [138.812415, 34.874297], [138.81149, 34.873588], [138.810704, 34.873659], [138.80964, 34.873473], [138.807956, 34.873723], [138.80694, 34.873645], [138.805907, 34.873921], [138.8048, 34.874474], [138.802936, 34.873957], [138.80098, 34.875003], [138.800451, 34.874942], [138.799476, 34.874392], [138.795524, 34.875073], [138.795244, 34.873891], [138.794803, 34.873631], [138.793911, 34.873605], [138.792484, 34.873899], [138.791962, 34.87387], [138.791051, 34.873524], [138.789795, 34.873421], [138.787008, 34.872079], [138.786552, 34.871664], [138.785933, 34.871406], [138.785502, 34.871592], [138.784616, 34.871708], [138.783901, 34.872107], [138.783563, 34.872483], [138.779152, 34.870921], [138.777968, 34.87005], [138.77753, 34.86891], [138.776074, 34.868781], [138.775847, 34.868663], [138.775351, 34.867791], [138.774551, 34.867157], [138.774349, 34.866311], [138.774918, 34.864775], [138.77543, 34.864519], [138.776438, 34.864327], [138.777394, 34.862744], [138.778556, 34.861776], [138.779042, 34.859925], [138.779004, 34.859639], [138.77884, 34.859586], [138.774, 34.861177], [138.768215, 34.860307], [138.767044, 34.858432], [138.767396, 34.85765], [138.7675, 34.857999], [138.768106, 34.857994], [138.768582, 34.858378], [138.768751, 34.858332], [138.768981, 34.858461], [138.769464, 34.858339], [138.770252, 34.857807], [138.770783, 34.85765], [138.772019, 34.857606], [138.774089, 34.857221], [138.774405, 34.856955], [138.774522, 34.85643], [138.774779, 34.856303], [138.775595, 34.855307], [138.775885, 34.853559], [138.775712, 34.853108], [138.775157, 34.852416], [138.775297, 34.852399], [138.775155, 34.852007], [138.775279, 34.851792], [138.774955, 34.850018], [138.774983, 34.849944], [138.775303, 34.850176], [138.775406, 34.849907], [138.774889, 34.849309], [138.774662, 34.849404], [138.773486, 34.849112], [138.773176, 34.848297], [138.773284, 34.848136], [138.772944, 34.847723], [138.772384, 34.847346], [138.7724, 34.847148], [138.771903, 34.846853], [138.771736, 34.847012], [138.770852, 34.846651], [138.769876, 34.846591], [138.769949, 34.846923], [138.769232, 34.847694], [138.769038, 34.848114], [138.768838, 34.848212], [138.768643, 34.848044], [138.768455, 34.848165], [138.768444, 34.847938], [138.767971, 34.848079], [138.767738, 34.847831], [138.767751, 34.847561], [138.767474, 34.847471], [138.767386, 34.847227], [138.767124, 34.847189], [138.767281, 34.846916], [138.76677, 34.84649], [138.766285, 34.846436], [138.765801, 34.846656], [138.765357, 34.846387], [138.76556, 34.846208], [138.765626, 34.845886], [138.766047, 34.845522], [138.766351, 34.844751], [138.766237, 34.844082], [138.765489, 34.843351], [138.764527, 34.842994], [138.763594, 34.842987], [138.762604, 34.843212], [138.76201, 34.843493], [138.761616, 34.843511], [138.761355, 34.843741], [138.76101, 34.843802], [138.760692, 34.843619], [138.760471, 34.843011], [138.759814, 34.842853], [138.760052, 34.842624], [138.759939, 34.842531], [138.760006, 34.842319], [138.760564, 34.842328], [138.76088, 34.8421], [138.760642, 34.841927], [138.760595, 34.841466], [138.76041, 34.841296], [138.759723, 34.841309], [138.759846, 34.841131], [138.760492, 34.840961], [138.76108, 34.840224], [138.761007, 34.838833], [138.761142, 34.83794], [138.761801, 34.83629], [138.762512, 34.835192], [138.762983, 34.833411], [138.762895, 34.832923], [138.763143, 34.832734], [138.763083, 34.832468], [138.763272, 34.832076], [138.76396, 34.831361], [138.764739, 34.831138], [138.765023, 34.831256], [138.766626, 34.830866], [138.767262, 34.830635], [138.767604, 34.830362], [138.767676, 34.829884], [138.767309, 34.829009], [138.767309, 34.828514], [138.766756, 34.827723], [138.76696, 34.827591], [138.766843, 34.827465], [138.766607, 34.827614], [138.766525, 34.827456], [138.76666, 34.826499], [138.766924, 34.825475], [138.767317, 34.824657], [138.768067, 34.823608], [138.769127, 34.822941], [138.768491, 34.822295], [138.767694, 34.822538], [138.767239, 34.821673], [138.766329, 34.821875], [138.766546, 34.822072], [138.766406, 34.822219], [138.765879, 34.821758], [138.765967, 34.821926], [138.765879, 34.821997], [138.76632, 34.822386], [138.766573, 34.822966], [138.766348, 34.823693], [138.765836, 34.823603], [138.765713, 34.823687], [138.765815, 34.824048], [138.76572, 34.824324], [138.765194, 34.824493], [138.765178, 34.824627], [138.764423, 34.824569], [138.764174, 34.824716], [138.764409, 34.825254], [138.764375, 34.825513], [138.764272, 34.825659], [138.763932, 34.82558], [138.763522, 34.826009], [138.762915, 34.825598], [138.762597, 34.825525], [138.762613, 34.825437], [138.762209, 34.825345], [138.761749, 34.825475], [138.761583, 34.825789], [138.761652, 34.826031], [138.761972, 34.826335], [138.761979, 34.826487], [138.761706, 34.826775], [138.762307, 34.827102], [138.762396, 34.827321], [138.762276, 34.82774], [138.762592, 34.827971], [138.762964, 34.827899], [138.763406, 34.827411], [138.763911, 34.82731], [138.764307, 34.827946], [138.764614, 34.828121], [138.765602, 34.828319], [138.765736, 34.828499], [138.765617, 34.828579], [138.76373, 34.828248], [138.763104, 34.828306], [138.761196, 34.829078], [138.761216, 34.829334], [138.760596, 34.829531], [138.760534, 34.829347], [138.759908, 34.829049], [138.75982, 34.828848], [138.759965, 34.828722], [138.759923, 34.828256], [138.758846, 34.827028], [138.757986, 34.826747], [138.756505, 34.826594], [138.756291, 34.826708], [138.756144, 34.826431], [138.754376, 34.825619], [138.752888, 34.824391], [138.752455, 34.823675], [138.752264, 34.822265], [138.751555, 34.821666], [138.751338, 34.821762], [138.751503, 34.820994], [138.751162, 34.820701], [138.751302, 34.820277], [138.751633, 34.81987], [138.751761, 34.818405], [138.751637, 34.818235], [138.751819, 34.818104], [138.751718, 34.817922], [138.751881, 34.817927], [138.751927, 34.817678], [138.752197, 34.817479], [138.752136, 34.817004], [138.752843, 34.816237], [138.752772, 34.816018], [138.753162, 34.815851], [138.753444, 34.815447], [138.753396, 34.814949], [138.753138, 34.8145], [138.753567, 34.814261], [138.753615, 34.813691], [138.753875, 34.813389], [138.754157, 34.813451], [138.75441, 34.813692], [138.75484, 34.813597], [138.755098, 34.81278], [138.755709, 34.812327], [138.755657, 34.811962], [138.756257, 34.811622], [138.756945, 34.811983], [138.757134, 34.812701], [138.757672, 34.812853], [138.758014, 34.812724], [138.758139, 34.812197], [138.757909, 34.811551], [138.758189, 34.811348], [138.758494, 34.811611], [138.75901, 34.811564], [138.759339, 34.812027], [138.759484, 34.811966], [138.759808, 34.812084], [138.760103, 34.812684], [138.760287, 34.812662], [138.760599, 34.812256], [138.760651, 34.811802], [138.76095, 34.811727], [138.76154, 34.811986], [138.761535, 34.812411], [138.761311, 34.812555], [138.761304, 34.812696], [138.761946, 34.813124], [138.762341, 34.813006], [138.762429, 34.812574], [138.7629, 34.812633], [138.763037, 34.813011], [138.763236, 34.813], [138.763329, 34.812096], [138.763578, 34.811748], [138.763738, 34.811761], [138.764198, 34.812335], [138.764471, 34.812251], [138.764874, 34.811811], [138.764901, 34.811038], [138.764286, 34.810582], [138.764038, 34.810569], [138.76376, 34.81028], [138.76386, 34.809715], [138.763983, 34.809653], [138.764555, 34.809919], [138.764735, 34.809856], [138.764846, 34.809633], [138.765265, 34.80964], [138.765835, 34.809302], [138.766011, 34.808295], [138.765608, 34.807611], [138.76417, 34.807187], [138.763674, 34.8066], [138.762996, 34.806822], [138.762199, 34.806098], [138.761147, 34.805833], [138.761107, 34.805535], [138.760679, 34.805329], [138.762557, 34.804431], [138.762578, 34.802979], [138.762712, 34.802883], [138.762697, 34.802594], [138.761854, 34.801813], [138.761212, 34.801687], [138.760984, 34.802531], [138.760699, 34.802484], [138.760483, 34.80225], [138.7601, 34.802287], [138.759873, 34.802115], [138.760002, 34.801255], [138.759806, 34.801176], [138.759826, 34.801037], [138.75949, 34.800962], [138.759459, 34.801092], [138.758885, 34.801268], [138.758968, 34.801646], [138.758673, 34.80238], [138.758512, 34.802115], [138.757633, 34.801671], [138.757287, 34.801285], [138.756971, 34.801469], [138.756899, 34.801377], [138.756718, 34.801461], [138.75679, 34.801788], [138.757163, 34.801943], [138.757488, 34.80253], [138.757302, 34.802665], [138.757354, 34.803038], [138.757947, 34.803384], [138.757618, 34.803898], [138.757351, 34.803923], [138.757315, 34.803708], [138.756849, 34.803569], [138.756562, 34.803745], [138.756376, 34.803433], [138.755906, 34.803377], [138.755496, 34.803117], [138.754602, 34.803078], [138.754186, 34.802847], [138.75411, 34.802644], [138.754226, 34.802492], [138.754807, 34.802379], [138.75467, 34.801839], [138.754029, 34.801636], [138.753641, 34.801772], [138.753293, 34.801681], [138.75314, 34.801482], [138.753509, 34.80134], [138.753531, 34.80107], [138.753222, 34.801038], [138.753006, 34.800851], [138.75258, 34.800849], [138.7525, 34.800543], [138.752539, 34.800399], [138.752773, 34.800295], [138.75278, 34.800092], [138.753373, 34.800097], [138.753032, 34.799489], [138.753203, 34.799078], [138.75338, 34.79905], [138.753619, 34.799292], [138.75381, 34.79905], [138.754445, 34.799044], [138.754561, 34.798892], [138.754373, 34.798749], [138.754368, 34.798556], [138.754694, 34.798552], [138.754752, 34.798441], [138.755292, 34.798559], [138.755708, 34.798503], [138.756316, 34.798802], [138.756425, 34.798441], [138.756216, 34.797857], [138.756338, 34.797775], [138.756561, 34.797917], [138.756807, 34.79785], [138.757312, 34.797309], [138.757199, 34.797001], [138.757335, 34.796899], [138.757749, 34.797033], [138.757783, 34.796627], [138.757053, 34.796362], [138.756998, 34.796154], [138.756391, 34.796165], [138.756391, 34.795726], [138.755892, 34.795652], [138.755572, 34.795799], [138.755456, 34.795743], [138.756046, 34.795277], [138.756834, 34.795439], [138.75721, 34.795326], [138.757264, 34.794999], [138.757126, 34.795068], [138.757063, 34.794981], [138.757199, 34.794725], [138.757399, 34.794681], [138.757428, 34.794807], [138.757667, 34.794836], [138.75794, 34.794622], [138.75794, 34.794267], [138.75764, 34.793867], [138.756801, 34.7935], [138.756486, 34.793551], [138.756322, 34.793759], [138.755961, 34.793517], [138.755777, 34.792892], [138.756138, 34.792041], [138.756384, 34.791838], [138.756541, 34.791895], [138.756801, 34.792272], [138.757005, 34.793083], [138.757367, 34.793219], [138.757403, 34.793004], [138.757749, 34.792787], [138.757773, 34.792369], [138.758009, 34.792604], [138.758247, 34.792621], [138.758882, 34.792165], [138.758446, 34.791258], [138.758575, 34.790841], [138.759449, 34.790785], [138.759647, 34.791061], [138.759859, 34.791078], [138.760384, 34.790869], [138.761046, 34.790221], [138.761524, 34.789422], [138.760992, 34.789095], [138.760979, 34.78857], [138.760837, 34.788464], [138.760721, 34.788602], [138.760604, 34.788542], [138.760565, 34.788239], [138.760701, 34.788231], [138.760731, 34.788065], [138.761076, 34.788089], [138.761494, 34.788586], [138.761449, 34.788723], [138.761702, 34.788757], [138.762077, 34.788537], [138.762186, 34.788199], [138.761932, 34.788037], [138.761986, 34.787702], [138.761839, 34.787477], [138.761679, 34.787394], [138.761017, 34.787485], [138.760862, 34.787331], [138.760901, 34.786877], [138.760979, 34.786779], [138.761679, 34.786791], [138.761932, 34.786495], [138.761971, 34.786211], [138.762412, 34.786255], [138.762609, 34.786041], [138.762712, 34.785387], [138.764583, 34.785402], [138.7645, 34.784996], [138.764695, 34.785012], [138.765001, 34.78526], [138.765137, 34.78511], [138.765283, 34.784822], [138.765033, 34.784526], [138.764741, 34.784428], [138.764867, 34.784258], [138.765033, 34.784353], [138.76515, 34.784262], [138.765257, 34.784451], [138.765305, 34.784353], [138.765013, 34.783591], [138.765067, 34.783453], [138.765432, 34.783504], [138.765166, 34.782956], [138.765203, 34.782585], [138.765446, 34.782625], [138.76514, 34.782009], [138.765383, 34.781816], [138.765631, 34.781907], [138.766132, 34.781552], [138.766229, 34.781331], [138.766127, 34.780924], [138.766623, 34.781094], [138.766584, 34.781268], [138.766837, 34.781726], [138.766867, 34.782333], [138.767763, 34.782121], [138.767661, 34.780977], [138.767866, 34.780379], [138.767818, 34.779878], [138.76833, 34.778814], [138.767852, 34.778239], [138.767094, 34.777889], [138.766561, 34.777977], [138.766429, 34.778108], [138.765846, 34.778041], [138.765466, 34.777374], [138.765539, 34.776628], [138.765267, 34.776569], [138.76534, 34.776048], [138.765709, 34.776036], [138.765947, 34.775472], [138.765899, 34.775283], [138.766045, 34.775188], [138.766132, 34.775307], [138.766444, 34.775354], [138.766512, 34.775764], [138.766809, 34.775772], [138.766935, 34.775914], [138.767319, 34.775867], [138.76748, 34.775666], [138.76746, 34.775445], [138.767159, 34.775488], [138.767076, 34.775263], [138.767314, 34.774928], [138.767319, 34.77447], [138.768873, 34.774443], [138.769199, 34.774766], [138.768854, 34.775149], [138.768178, 34.775397], [138.767672, 34.776309], [138.766762, 34.776798], [138.766782, 34.777236], [138.767521, 34.777287], [138.768367, 34.775776], [138.768876, 34.775507], [138.769866, 34.775405], [138.769783, 34.775169], [138.77079, 34.774072], [138.770951, 34.774093], [138.770992, 34.77309], [138.770899, 34.773033], [138.769647, 34.773382], [138.769073, 34.772814], [138.768834, 34.772746], [138.768869, 34.772612], [138.767925, 34.771796], [138.767381, 34.771792], [138.765727, 34.771172], [138.765411, 34.771255], [138.764953, 34.771117], [138.764535, 34.77118], [138.764194, 34.770999], [138.763864, 34.771247], [138.763489, 34.771211], [138.763149, 34.77058], [138.763353, 34.770154], [138.764136, 34.770209], [138.764491, 34.769969], [138.764409, 34.769645], [138.764617, 34.769527], [138.764768, 34.769712], [138.765211, 34.769365], [138.765775, 34.769286], [138.766942, 34.76974], [138.767916, 34.770758], [138.768387, 34.770861], [138.768849, 34.770734], [138.769292, 34.770273], [138.769209, 34.77004], [138.768966, 34.769957], [138.768922, 34.769586], [138.769248, 34.769476], [138.770133, 34.769476], [138.770328, 34.768896], [138.770309, 34.768514], [138.770454, 34.768395], [138.770897, 34.768462], [138.77113, 34.768762], [138.771004, 34.769176], [138.771177, 34.769428], [138.77205, 34.769569], [138.772644, 34.769456], [138.773163, 34.769147], [138.77405, 34.768426], [138.774911, 34.767395], [138.775586, 34.76615], [138.775939, 34.764389], [138.775707, 34.764284], [138.77525, 34.763539], [138.775576, 34.763294], [138.775715, 34.762582], [138.776608, 34.762875], [138.776639, 34.763389], [138.777272, 34.763935], [138.777798, 34.763884], [138.778524, 34.76406], [138.779135, 34.763772], [138.780958, 34.764079], [138.781739, 34.763835], [138.783153, 34.76376], [138.784219, 34.76381], [138.785371, 34.764067], [138.786707, 34.764593], [138.787256, 34.765421], [138.787557, 34.765408], [138.788222, 34.765715], [138.789087, 34.765439], [138.789466, 34.765464], [138.792201, 34.766454], [138.792332, 34.766636], [138.792309, 34.766943], [138.793066, 34.767012], [138.793777, 34.767545], [138.79448, 34.767313], [138.795098, 34.767959], [138.795686, 34.767977], [138.796381, 34.768159], [138.797432, 34.769281], [138.797679, 34.769419], [138.798243, 34.76945], [138.798861, 34.77029], [138.799232, 34.770509], [138.800198, 34.770641], [138.80121, 34.77123], [138.802871, 34.771662], [138.804107, 34.771694], [138.80444, 34.772176], [138.805158, 34.772527], [138.805661, 34.773298], [138.80709, 34.773681], [138.80736, 34.774031], [138.807669, 34.77516], [138.808597, 34.776081], [138.809647, 34.776758], [138.811224, 34.777554], [138.811819, 34.777987], [138.812236, 34.778475], [138.812862, 34.778814], [138.813503, 34.779384], [138.815443, 34.779936], [138.817838, 34.779898], [138.817204, 34.781309], [138.817251, 34.781678], [138.818649, 34.781678], [138.820079, 34.782092], [138.822327, 34.783628], [138.824368, 34.784606], [138.826238, 34.786799], [138.828077, 34.788147], [138.829545, 34.789927], [138.832899, 34.792628], [138.833556, 34.793549], [138.83446, 34.793155], [138.834954, 34.792509], [138.836052, 34.791788], [138.8365, 34.791099], [138.837273, 34.791111], [138.837443, 34.791024], [138.839846, 34.788698], [138.840032, 34.788667], [138.840287, 34.790015], [138.841206, 34.790904], [138.841353, 34.791387], [138.840827, 34.791801], [138.840155, 34.792779], [138.838965, 34.793687], [138.838795, 34.79595], [138.838517, 34.797034], [138.838046, 34.797511], [138.837211, 34.797937], [138.8365, 34.797768], [138.835588, 34.798288], [138.835549, 34.798827], [138.835781, 34.799209], [138.835812, 34.799905], [138.835967, 34.799999], [138.837759, 34.800049], [138.839274, 34.800281], [138.841871, 34.801165], [138.843331, 34.800469], [138.844073, 34.799648], [138.844853, 34.799015], [138.845008, 34.799316], [138.844992, 34.800162], [138.84459, 34.801284], [138.844467, 34.80193], [138.844552, 34.802042], [138.845124, 34.801904], [138.846298, 34.801177], [138.847195, 34.800776], [138.848207, 34.800576], [138.849397, 34.800664], [138.849868, 34.800557], [138.850177, 34.800294], [138.850742, 34.799103], [138.850695, 34.798238], [138.851082, 34.79706], [138.852287, 34.795492], [138.852295, 34.794283], [138.852967, 34.792985], [138.852967, 34.79207], [138.852844, 34.791456], [138.852388, 34.790892], [138.851299, 34.788416], [138.851005, 34.788046], [138.850325, 34.787783], [138.850008, 34.787457], [138.849776, 34.786448], [138.849243, 34.785407], [138.848679, 34.783408], [138.848872, 34.782894], [138.849545, 34.781966], [138.849861, 34.781966], [138.850209, 34.782712], [138.850843, 34.783157], [138.853887, 34.784236], [138.854498, 34.785057], [138.855077, 34.785533], [138.856669, 34.786097], [138.859242, 34.786592], [138.859737, 34.786755], [138.860069, 34.787069], [138.860726, 34.787294], [138.863817, 34.787263], [138.864937, 34.788172], [138.865579, 34.78846], [138.866568, 34.788297], [138.867464, 34.788617], [138.868268, 34.788335], [138.869597, 34.788247], [138.871869, 34.788869], [138.872918, 34.788611], [138.873658, 34.788774], [138.874923, 34.788616], [138.876403, 34.788737], [138.877624, 34.789953], [138.877195, 34.790553], [138.876793, 34.790827], [138.877474, 34.792259], [138.878603, 34.792943], [138.879097, 34.793654], [138.880342, 34.79457], [138.881673, 34.795097], [138.882465, 34.795123], [138.882725, 34.795249], [138.882738, 34.795491], [138.882296, 34.79656], [138.882166, 34.796781], [138.881757, 34.797023], [138.882341, 34.798334], [138.882426, 34.798913], [138.881673, 34.799398], [138.881121, 34.800329], [138.881627, 34.801235], [138.881458, 34.801787], [138.881913, 34.802504], [138.882717, 34.802956], [138.882639, 34.804867], [138.883353, 34.805989], [138.88214, 34.806473], [138.881549, 34.806926], [138.881594, 34.808337], [138.881146, 34.809247], [138.880945, 34.810005], [138.881023, 34.810337], [138.881737, 34.810921], [138.881523, 34.811832], [138.88197, 34.813022], [138.881918, 34.813632], [138.882444, 34.813922], [138.882853, 34.814654], [138.88406, 34.81547], [138.884372, 34.81647], [138.88419, 34.817207], [138.883606, 34.817676], [138.883547, 34.818471], [138.883619, 34.818723], [138.884651, 34.819792], [138.884677, 34.820534], [138.883554, 34.823103], [138.884631, 34.824546], [138.885092, 34.825851], [138.884774, 34.826556], [138.88406, 34.827372], [138.883787, 34.828293], [138.883807, 34.828983], [138.884755, 34.829346], [138.885624, 34.830047], [138.886793, 34.83071], [138.887396, 34.830804], [138.887676, 34.830989], [138.888337, 34.831878], [138.88824, 34.83261], [138.889409, 34.833279], [138.889694, 34.834221], [138.891297, 34.834911], [138.892674, 34.835104]]], [[[138.767017, 34.858014], [138.76709, 34.858035], [138.767081, 34.858108], [138.767017, 34.858014]]], [[[138.76677, 34.857931], [138.766837, 34.857859], [138.766825, 34.857997], [138.76677, 34.857931]]], [[[138.767895, 34.85781], [138.767967, 34.857759], [138.767937, 34.857878], [138.767895, 34.85781]]], [[[138.770066, 34.857776], [138.770121, 34.857729], [138.770099, 34.857845], [138.770066, 34.857776]]], [[[138.766478, 34.857746], [138.766589, 34.857777], [138.766494, 34.857818], [138.766478, 34.857746]]], [[[138.770138, 34.857627], [138.770198, 34.857594], [138.770255, 34.857704], [138.770138, 34.857627]]], [[[138.766514, 34.857627], [138.76658, 34.857585], [138.766566, 34.857687], [138.766514, 34.857627]]], [[[138.76704, 34.857544], [138.7671, 34.85755], [138.767107, 34.857661], [138.76704, 34.857544]]], [[[138.770557, 34.857549], [138.770631, 34.8575], [138.77062, 34.857594], [138.770557, 34.857549]]], [[[138.766506, 34.857489], [138.766578, 34.857452], [138.766584, 34.857536], [138.766506, 34.857489]]], [[[138.770733, 34.857478], [138.770769, 34.85744], [138.770827, 34.857514], [138.770733, 34.857478]]], [[[138.772711, 34.857268], [138.772772, 34.857211], [138.772785, 34.857281], [138.772711, 34.857268]]], [[[138.766411, 34.857178], [138.766459, 34.857183], [138.766439, 34.857262], [138.766411, 34.857178]]], [[[138.772844, 34.857194], [138.772913, 34.857137], [138.772943, 34.857224], [138.772844, 34.857194]]], [[[138.772524, 34.857187], [138.772552, 34.857121], [138.772655, 34.857151], [138.772524, 34.857187]]], [[[138.766432, 34.857009], [138.766516, 34.857021], [138.766499, 34.857152], [138.766432, 34.857009]]], [[[138.765811, 34.856963], [138.765931, 34.856876], [138.765978, 34.857049], [138.765811, 34.856963]]], [[[138.766354, 34.856826], [138.7664, 34.856779], [138.766447, 34.856847], [138.766354, 34.856826]]], [[[138.767367, 34.848105], [138.767504, 34.848149], [138.767432, 34.848163], [138.767367, 34.848105]]], [[[138.767667, 34.847982], [138.767759, 34.847965], [138.767801, 34.848031], [138.767667, 34.847982]]], [[[138.767423, 34.847787], [138.767485, 34.847779], [138.76752, 34.847833], [138.767423, 34.847787]]], [[[138.764729, 34.84671], [138.76501, 34.846677], [138.765215, 34.846429], [138.765502, 34.846619], [138.765417, 34.846825], [138.765019, 34.846959], [138.764729, 34.84671]]], [[[138.765614, 34.846744], [138.765714, 34.846683], [138.765714, 34.846763], [138.765614, 34.846744]]], [[[138.764886, 34.846266], [138.764931, 34.846235], [138.764959, 34.846268], [138.764886, 34.846266]]], [[[138.763986, 34.846097], [138.764104, 34.846031], [138.764176, 34.846119], [138.763986, 34.846097]]], [[[138.76498, 34.846015], [138.765069, 34.845953], [138.765052, 34.846046], [138.76498, 34.846015]]], [[[138.765511, 34.845288], [138.765637, 34.845231], [138.765884, 34.845362], [138.765574, 34.845435], [138.765511, 34.845288]]], [[[138.760292, 34.843331], [138.760341, 34.843266], [138.760356, 34.843341], [138.760292, 34.843331]]], [[[138.759633, 34.842524], [138.7597, 34.84248], [138.759696, 34.842537], [138.759633, 34.842524]]], [[[138.759853, 34.842319], [138.759953, 34.842237], [138.759958, 34.842316], [138.759853, 34.842319]]], [[[138.760023, 34.840576], [138.760116, 34.840564], [138.760115, 34.840676], [138.760023, 34.840576]]], [[[138.760823, 34.838412], [138.7609, 34.8384], [138.760888, 34.838473], [138.760823, 34.838412]]], [[[138.760816, 34.837877], [138.760859, 34.837848], [138.760888, 34.837897], [138.760816, 34.837877]]], [[[138.760753, 34.83762], [138.760841, 34.837669], [138.760776, 34.837683], [138.760753, 34.83762]]], [[[138.759946, 34.837522], [138.760107, 34.837479], [138.760056, 34.837562], [138.759946, 34.837522]]], [[[138.761076, 34.836939], [138.761138, 34.836881], [138.761141, 34.836937], [138.761076, 34.836939]]], [[[138.766041, 34.829276], [138.766267, 34.829206], [138.76619, 34.829316], [138.766041, 34.829276]]], [[[138.752177, 34.823265], [138.75226, 34.823202], [138.752298, 34.823321], [138.752177, 34.823265]]], [[[138.750833, 34.821129], [138.750888, 34.821079], [138.750904, 34.8212], [138.750833, 34.821129]]], [[[138.751024, 34.821022], [138.751106, 34.820977], [138.751099, 34.82109], [138.751024, 34.821022]]], [[[138.751489, 34.818543], [138.751591, 34.818527], [138.75153, 34.818583], [138.751489, 34.818543]]], [[[138.751414, 34.818222], [138.751496, 34.8182], [138.751448, 34.818329], [138.751414, 34.818222]]], [[[138.754697, 34.81118], [138.755011, 34.810763], [138.755612, 34.810915], [138.755632, 34.811298], [138.755202, 34.811535], [138.754949, 34.81158], [138.754697, 34.81118]]], [[[138.745339, 34.810762], [138.745571, 34.810762], [138.745401, 34.810841], [138.745339, 34.810762]]], [[[138.744807, 34.810109], [138.745073, 34.810024], [138.745291, 34.80972], [138.745728, 34.809929], [138.745885, 34.809884], [138.746083, 34.810081], [138.745967, 34.810329], [138.746104, 34.81056], [138.745612, 34.810678], [138.745394, 34.810481], [138.745107, 34.810481], [138.745141, 34.810385], [138.744807, 34.810109]]], [[[138.747742, 34.810098], [138.747796, 34.810064], [138.747851, 34.810137], [138.747742, 34.810098]]], [[[138.743701, 34.809715], [138.743879, 34.809517], [138.743728, 34.809331], [138.743892, 34.809281], [138.744302, 34.80932], [138.744561, 34.809501], [138.744459, 34.809794], [138.743995, 34.810047], [138.743858, 34.810069], [138.743701, 34.809715]]], [[[138.762448, 34.809637], [138.762567, 34.809501], [138.762831, 34.809714], [138.76269, 34.809766], [138.762448, 34.809637]]], [[[138.762307, 34.809541], [138.762424, 34.809546], [138.762342, 34.809597], [138.762307, 34.809541]]], [[[138.745851, 34.808954], [138.745974, 34.808852], [138.746049, 34.809016], [138.745947, 34.809089], [138.745851, 34.808954]]], [[[138.743735, 34.808746], [138.744015, 34.808689], [138.743947, 34.808982], [138.743804, 34.808988], [138.743735, 34.808746]]], [[[138.743319, 34.808616], [138.743435, 34.808543], [138.743421, 34.808639], [138.743319, 34.808616]]], [[[138.743407, 34.808041], [138.743537, 34.807827], [138.743667, 34.808013], [138.743407, 34.808041]]], [[[138.743926, 34.807867], [138.744172, 34.807726], [138.744268, 34.807805], [138.743926, 34.807867]]], [[[138.755004, 34.806554], [138.755114, 34.806537], [138.755086, 34.806627], [138.755004, 34.806554]]], [[[138.753906, 34.805456], [138.75422, 34.804768], [138.75465, 34.804549], [138.754793, 34.804075], [138.755046, 34.80403], [138.755455, 34.804402], [138.755666, 34.804791], [138.755605, 34.804898], [138.755441, 34.804841], [138.75538, 34.805478], [138.755919, 34.805574], [138.756083, 34.806289], [138.75568, 34.806532], [138.755544, 34.806379], [138.75538, 34.806402], [138.754363, 34.805523], [138.753906, 34.805456]]], [[[138.754554, 34.806419], [138.75467, 34.806385], [138.75469, 34.806487], [138.754554, 34.806419]]], [[[138.760519, 34.806211], [138.760676, 34.806216], [138.760656, 34.806363], [138.760519, 34.806211]]], [[[138.754731, 34.806194], [138.754861, 34.80612], [138.754895, 34.806154], [138.754731, 34.806194]]], [[[138.76084, 34.806104], [138.761024, 34.806031], [138.760922, 34.806188], [138.76084, 34.806104]]], [[[138.754096, 34.805844], [138.754315, 34.805675], [138.754233, 34.805929], [138.754096, 34.805844]]], [[[138.753086, 34.80567], [138.753332, 34.805579], [138.753291, 34.805664], [138.753086, 34.80567]]], [[[138.753066, 34.805439], [138.753319, 34.80536], [138.753277, 34.805467], [138.753066, 34.805439]]], [[[138.753435, 34.804802], [138.753489, 34.804616], [138.753721, 34.804605], [138.753749, 34.804498], [138.754069, 34.804475], [138.754138, 34.804588], [138.753953, 34.804858], [138.754035, 34.804988], [138.753769, 34.805151], [138.753489, 34.80514], [138.753435, 34.804802]]], [[[138.755626, 34.804988], [138.755762, 34.804994], [138.755666, 34.805033], [138.755626, 34.804988]]], [[[138.753714, 34.804143], [138.75409, 34.803957], [138.754349, 34.803929], [138.75452, 34.804053], [138.75437, 34.804368], [138.753824, 34.804267], [138.753714, 34.804143]]], [[[138.75353, 34.803872], [138.753769, 34.803872], [138.753557, 34.803979], [138.75353, 34.803872]]], [[[138.746254, 34.803264], [138.746472, 34.803146], [138.746459, 34.803303], [138.746254, 34.803264]]], [[[138.746199, 34.802565], [138.746336, 34.802593], [138.746254, 34.802627], [138.746199, 34.802565]]], [[[138.752664, 34.802346], [138.752923, 34.801822], [138.753032, 34.801822], [138.75308, 34.80212], [138.752943, 34.802452], [138.752664, 34.802346]]], [[[138.749114, 34.802222], [138.749257, 34.802114], [138.749401, 34.802182], [138.749176, 34.802289], [138.749114, 34.802222]]], [[[138.745845, 34.802177], [138.745988, 34.802148], [138.745988, 34.802216], [138.745845, 34.802177]]], [[[138.752001, 34.802148], [138.752124, 34.802148], [138.752049, 34.802193], [138.752001, 34.802148]]], [[[138.752466, 34.802126], [138.752684, 34.802058], [138.752554, 34.802188], [138.752466, 34.802126]]], [[[138.751503, 34.802075], [138.75164, 34.802052], [138.751503, 34.802131], [138.751503, 34.802075]]], [[[138.752213, 34.802036], [138.752302, 34.802002], [138.752322, 34.802052], [138.752213, 34.802036]]], [[[138.753401, 34.801929], [138.753496, 34.801912], [138.753524, 34.801996], [138.753401, 34.801929]]], [[[138.752131, 34.800774], [138.752281, 34.800751], [138.752199, 34.800836], [138.752131, 34.800774]]], [[[138.752192, 34.800537], [138.752397, 34.800475], [138.752322, 34.80061], [138.752192, 34.800537]]], [[[138.751844, 34.800497], [138.751933, 34.800452], [138.751933, 34.800571], [138.751844, 34.800497]]], [[[138.752459, 34.798903], [138.752684, 34.798762], [138.752704, 34.799207], [138.752459, 34.798903]]], [[[138.751428, 34.799117], [138.751558, 34.799027], [138.751537, 34.799162], [138.751428, 34.799117]]], [[[138.752848, 34.798897], [138.752977, 34.798892], [138.75295, 34.799038], [138.752848, 34.798897]]], [[[138.751551, 34.798475], [138.751838, 34.798329], [138.75192, 34.798621], [138.751736, 34.798706], [138.751551, 34.798475]]], [[[138.751326, 34.798599], [138.751353, 34.798503], [138.751462, 34.798514], [138.751326, 34.798599]]], [[[138.754254, 34.797951], [138.754445, 34.797861], [138.754431, 34.797928], [138.754254, 34.797951]]], [[[138.750049, 34.797776], [138.7502, 34.79763], [138.7502, 34.797787], [138.750049, 34.797776]]], [[[138.756882, 34.796813], [138.757032, 34.79683], [138.75708, 34.797027], [138.756882, 34.796813]]], [[[138.754814, 34.793207], [138.755026, 34.7927], [138.75549, 34.792869], [138.755913, 34.793686], [138.755797, 34.794024], [138.755381, 34.794126], [138.755067, 34.793991], [138.754814, 34.793207]]], [[[138.755968, 34.791787], [138.756227, 34.791297], [138.756316, 34.791568], [138.756091, 34.791906], [138.755968, 34.791787]]], [[[138.760159, 34.788374], [138.760172, 34.78825], [138.760425, 34.788137], [138.760446, 34.788334], [138.760289, 34.788492], [138.760159, 34.788374]]], [[[138.76033, 34.787174], [138.760534, 34.787123], [138.760582, 34.787269], [138.76033, 34.787174]]], [[[138.76048, 34.786807], [138.760671, 34.786762], [138.760712, 34.786847], [138.76048, 34.786807]]], [[[138.760221, 34.786712], [138.760323, 34.786734], [138.760268, 34.786768], [138.760221, 34.786712]]], [[[138.761326, 34.786374], [138.761483, 34.786368], [138.76149, 34.786627], [138.761326, 34.786374]]], [[[138.761114, 34.786509], [138.761217, 34.786537], [138.761128, 34.786559], [138.761114, 34.786509]]], [[[138.76033, 34.7847], [138.760439, 34.784666], [138.760439, 34.784751], [138.76033, 34.7847]]], [[[138.760227, 34.783641], [138.760528, 34.78376], [138.760569, 34.783692], [138.760678, 34.782441], [138.760821, 34.782306], [138.761156, 34.783292], [138.761101, 34.783979], [138.760985, 34.784098], [138.761292, 34.784565], [138.760787, 34.784509], [138.760576, 34.784368], [138.76035, 34.784131], [138.760227, 34.783641]]], [[[138.75904, 34.784053], [138.759183, 34.784064], [138.759101, 34.784126], [138.75904, 34.784053]]], [[[138.756671, 34.782374], [138.756815, 34.782097], [138.756842, 34.781478], [138.757074, 34.781523], [138.757149, 34.781703], [138.757504, 34.781557], [138.757961, 34.782069], [138.758296, 34.782036], [138.758426, 34.782447], [138.75919, 34.782627], [138.759354, 34.782779], [138.759313, 34.783151], [138.759692, 34.783558], [138.759737, 34.783808], [138.759363, 34.783949], [138.75921, 34.783722], [138.758741, 34.783806], [138.758371, 34.783377], [138.757955, 34.783185], [138.757613, 34.783191], [138.75747, 34.782689], [138.756726, 34.78261], [138.756671, 34.782374]]], [[[138.761463, 34.78372], [138.761654, 34.78354], [138.761565, 34.783754], [138.761463, 34.78372]]], [[[138.755429, 34.781467], [138.756105, 34.781613], [138.756057, 34.781962], [138.75633, 34.782396], [138.756214, 34.782701], [138.756357, 34.783151], [138.756234, 34.783354], [138.755811, 34.783247], [138.755511, 34.782982], [138.755607, 34.781844], [138.755429, 34.781467]]], [[[138.761504, 34.783292], [138.76162, 34.783241], [138.761613, 34.783331], [138.761504, 34.783292]]], [[[138.764616, 34.783157], [138.764767, 34.783129], [138.764671, 34.783207], [138.764616, 34.783157]]], [[[138.753866, 34.782796], [138.753873, 34.782649], [138.754078, 34.782649], [138.753962, 34.783145], [138.753866, 34.782796]]], [[[138.764405, 34.782058], [138.764562, 34.78198], [138.764801, 34.782278], [138.765067, 34.782903], [138.764978, 34.783044], [138.764405, 34.782058]]], [[[138.764371, 34.782689], [138.7645, 34.782717], [138.764576, 34.782892], [138.764371, 34.782689]]], [[[138.759463, 34.78265], [138.759531, 34.78256], [138.759552, 34.782701], [138.759463, 34.78265]]], [[[138.753927, 34.782475], [138.75403, 34.782396], [138.754016, 34.782486], [138.753927, 34.782475]]], [[[138.754869, 34.78225], [138.755047, 34.782385], [138.754992, 34.782492], [138.754869, 34.78225]]], [[[138.759299, 34.782357], [138.759381, 34.782323], [138.759395, 34.782475], [138.759299, 34.782357]]], [[[138.753163, 34.782216], [138.753354, 34.782058], [138.753497, 34.781264], [138.753641, 34.781219], [138.753914, 34.781585], [138.753627, 34.781686], [138.753627, 34.782024], [138.753839, 34.782131], [138.753504, 34.782306], [138.753163, 34.782216]]], [[[138.759491, 34.782069], [138.759572, 34.782058], [138.759566, 34.782137], [138.759491, 34.782069]]], [[[138.755238, 34.781405], [138.755341, 34.781393], [138.75532, 34.781467], [138.755238, 34.781405]]], [[[138.755108, 34.781258], [138.75519, 34.781219], [138.755211, 34.781286], [138.755108, 34.781258]]], [[[138.754535, 34.780385], [138.754829, 34.780317], [138.755122, 34.780497], [138.754931, 34.780548], [138.754535, 34.780385]]], [[[138.765695, 34.77994], [138.765845, 34.779681], [138.766261, 34.779872], [138.766179, 34.780346], [138.765927, 34.780306], [138.765695, 34.77994]]], [[[138.754685, 34.780126], [138.754856, 34.780148], [138.754753, 34.780204], [138.754685, 34.780126]]], [[[138.765559, 34.778532], [138.765757, 34.77834], [138.766166, 34.778599], [138.766125, 34.779574], [138.765804, 34.779529], [138.765559, 34.778532]]], [[[138.765456, 34.777884], [138.765606, 34.777889], [138.765784, 34.778171], [138.765647, 34.778295], [138.765463, 34.778104], [138.765456, 34.777884]]], [[[138.766781, 34.775577], [138.766951, 34.77551], [138.767023, 34.775711], [138.766901, 34.775752], [138.766781, 34.775577]]], [[[138.766428, 34.775214], [138.766461, 34.77518], [138.76653, 34.775264], [138.766428, 34.775214]]], [[[138.767292, 34.773619], [138.767395, 34.773552], [138.767354, 34.773625], [138.767292, 34.773619]]], [[[138.767722, 34.773619], [138.76777, 34.773569], [138.767777, 34.773614], [138.767722, 34.773619]]], [[[138.767484, 34.773439], [138.767729, 34.773332], [138.767593, 34.773512], [138.767484, 34.773439]]], [[[138.766146, 34.772949], [138.766201, 34.772802], [138.766419, 34.772774], [138.766965, 34.773067], [138.766972, 34.77336], [138.766685, 34.773535], [138.766323, 34.772999], [138.766146, 34.772949]]], [[[138.7679, 34.772346], [138.767975, 34.772239], [138.768132, 34.772262], [138.768221, 34.772487], [138.768037, 34.77256], [138.7679, 34.772346]]], [[[138.764781, 34.769456], [138.764904, 34.769281], [138.764849, 34.769467], [138.764781, 34.769456]]], [[[138.774132, 34.763344], [138.774235, 34.763293], [138.774262, 34.763395], [138.774132, 34.763344]]], [[[138.774815, 34.762668], [138.774945, 34.7626], [138.774972, 34.762764], [138.774815, 34.762668]]], [[[138.773068, 34.76255], [138.773225, 34.762516], [138.773279, 34.762651], [138.773163, 34.762685], [138.773068, 34.76255]]], [[[138.773395, 34.76215], [138.773532, 34.762105], [138.773586, 34.762172], [138.773395, 34.76215]]]]}}, {"type": "Feature", "properties": {"pref_code": "22", "pref_name": "静岡県", "municipality_code": "22325", "municipality_name": "函南町", "ward_name": "", "display_name": "函南町", "geometry_key": "22325"}, "geometry": {"type": "Polygon", "coordinates": [[[139.026535, 35.175426], [139.026029, 35.175934], [139.024885, 35.176143], [139.024166, 35.177728], [139.023299, 35.178244], [139.021663, 35.179515], [139.021268, 35.180295], [139.021588, 35.181509], [139.021627, 35.181911], [139.021487, 35.182105], [139.021244, 35.182108], [139.020874, 35.181807], [139.020116, 35.181769], [139.019393, 35.181905], [139.018503, 35.182564], [139.018151, 35.181991], [139.017698, 35.181854], [139.01662, 35.182298], [139.013829, 35.182368], [139.0137, 35.181187], [139.013277, 35.180649], [139.013046, 35.178651], [139.01285, 35.178397], [139.012381, 35.177966], [139.011134, 35.177327], [139.010661, 35.176959], [139.009831, 35.176161], [139.009639, 35.175681], [139.009224, 35.175706], [139.008979, 35.175392], [139.008853, 35.174796], [139.008515, 35.174166], [139.007913, 35.173698], [139.007324, 35.172446], [139.005836, 35.17135], [139.005258, 35.170568], [139.004491, 35.169817], [139.003637, 35.169211], [139.003308, 35.168793], [139.002926, 35.167731], [139.002907, 35.166713], [139.002351, 35.166133], [139.001987, 35.165374], [139.002042, 35.163925], [139.001914, 35.163417], [139.000873, 35.162116], [139.000317, 35.161615], [138.999625, 35.161258], [139.000329, 35.160751], [139.001165, 35.161342], [139.002402, 35.16116], [139.00276, 35.160965], [139.003309, 35.161041], [139.003517, 35.160849], [139.003255, 35.160332], [139.002798, 35.15988], [139.002017, 35.159456], [139.001859, 35.159139], [139.00184, 35.158595], [139.001276, 35.157548], [138.99962, 35.156622], [138.998963, 35.155753], [138.997901, 35.153554], [138.997258, 35.151718], [138.993744, 35.15265], [138.992176, 35.151099], [138.990915, 35.150952], [138.990673, 35.150756], [138.990637, 35.149864], [138.991046, 35.149741], [138.991222, 35.149557], [138.991323, 35.149136], [138.990966, 35.147654], [138.990048, 35.146382], [138.990552, 35.144806], [138.990582, 35.144103], [138.990295, 35.143067], [138.9897, 35.142691], [138.988928, 35.142764], [138.987652, 35.142073], [138.987617, 35.142187], [138.987239, 35.142245], [138.984128, 35.140808], [138.983422, 35.140182], [138.982393, 35.139581], [138.981838, 35.139033], [138.981712, 35.13866], [138.981889, 35.138329], [138.981793, 35.138157], [138.980794, 35.137895], [138.981374, 35.137404], [138.981379, 35.137232], [138.978692, 35.137183], [138.976639, 35.134854], [138.976392, 35.134388], [138.974335, 35.132911], [138.974037, 35.132154], [138.97317, 35.13073], [138.97317, 35.129572], [138.972964, 35.128614], [138.971743, 35.127567], [138.969908, 35.125029], [138.968526, 35.123491], [138.968012, 35.122681], [138.967649, 35.122664], [138.966822, 35.121752], [138.965995, 35.121437], [138.965591, 35.121142], [138.964194, 35.119427], [138.963604, 35.118912], [138.963272, 35.118752], [138.962515, 35.118707], [138.962132, 35.118527], [138.961814, 35.118212], [138.961895, 35.117578], [138.961174, 35.115851], [138.960725, 35.115466], [138.959944, 35.114361], [138.959515, 35.1143], [138.958698, 35.114586], [138.958527, 35.114546], [138.957806, 35.113617], [138.956399, 35.112888], [138.956232, 35.112278], [138.955274, 35.111538], [138.95482, 35.110969], [138.954699, 35.110441], [138.953756, 35.109655], [138.953903, 35.108526], [138.952929, 35.106697], [138.953051, 35.106132], [138.95297, 35.105706], [138.951422, 35.105158], [138.950514, 35.104417], [138.950166, 35.103599], [138.950721, 35.101365], [138.94998, 35.099225], [138.949702, 35.097114], [138.948986, 35.096565], [138.948499, 35.096479], [138.947958, 35.095919], [138.948189, 35.095236], [138.947696, 35.095145], [138.948114, 35.093529], [138.946551, 35.092285], [138.947097, 35.091873], [138.946364, 35.091114], [138.945416, 35.089834], [138.944085, 35.090698], [138.942476, 35.090334], [138.939975, 35.090816], [138.9382, 35.091316], [138.936425, 35.091295], [138.935391, 35.091442], [138.934871, 35.091186], [138.933888, 35.091115], [138.933999, 35.090921], [138.9347, 35.090514], [138.935699, 35.088149], [138.935193, 35.087878], [138.935104, 35.088349], [138.933965, 35.087886], [138.934101, 35.086786], [138.935346, 35.086827], [138.935311, 35.087179], [138.935603, 35.087207], [138.935991, 35.086942], [138.93611, 35.08678], [138.936016, 35.08621], [138.935616, 35.085299], [138.934743, 35.084526], [138.934618, 35.084644], [138.934865, 35.084826], [138.934346, 35.085361], [138.933265, 35.084975], [138.933147, 35.085197], [138.931914, 35.084768], [138.932264, 35.083962], [138.93294, 35.084125], [138.932992, 35.083967], [138.931932, 35.083832], [138.930895, 35.084043], [138.930754, 35.083496], [138.929569, 35.082648], [138.929151, 35.081873], [138.929292, 35.081234], [138.9307, 35.081846], [138.930656, 35.081565], [138.930285, 35.081228], [138.929463, 35.081054], [138.928972, 35.080509], [138.9288, 35.080455], [138.928572, 35.080601], [138.927776, 35.081455], [138.927422, 35.081455], [138.927136, 35.081316], [138.927011, 35.081007], [138.927226, 35.080253], [138.927569, 35.079813], [138.927402, 35.079266], [138.927113, 35.078891], [138.925914, 35.079966], [138.925361, 35.080078], [138.924801, 35.07998], [138.924647, 35.079716], [138.924969, 35.079218], [138.924826, 35.078227], [138.92493, 35.077914], [138.925379, 35.077427], [138.924654, 35.077112], [138.924389, 35.077175], [138.924118, 35.0777], [138.923677, 35.077972], [138.923219, 35.078488], [138.922765, 35.078811], [138.92254, 35.078853], [138.922334, 35.078742], [138.922368, 35.078446], [138.922857, 35.077532], [138.923775, 35.076621], [138.923268, 35.075538], [138.923776, 35.075415], [138.924172, 35.075081], [138.92434, 35.074501], [138.924115, 35.073822], [138.922134, 35.071133], [138.921981, 35.070525], [138.921227, 35.070808], [138.921295, 35.071028], [138.919159, 35.070793], [138.918291, 35.07023], [138.917836, 35.069676], [138.91689, 35.069673], [138.916336, 35.069473], [138.916098, 35.068679], [138.915129, 35.067236], [138.9151, 35.066924], [138.915481, 35.065991], [138.913978, 35.065334], [138.913771, 35.065114], [138.913022, 35.063414], [138.912944, 35.063031], [138.913084, 35.062437], [138.914357, 35.061914], [138.914731, 35.061942], [138.915516, 35.062461], [138.916473, 35.062491], [138.917838, 35.062209], [138.919218, 35.062481], [138.920381, 35.061965], [138.921508, 35.062607], [138.923002, 35.062272], [138.923496, 35.062269], [138.925188, 35.063387], [138.92576, 35.064275], [138.926472, 35.064264], [138.927416, 35.063466], [138.92827, 35.063571], [138.928807, 35.063477], [138.929442, 35.063634], [138.930678, 35.064604], [138.930931, 35.064621], [138.932147, 35.064233], [138.932771, 35.064348], [138.93341, 35.063396], [138.934239, 35.062547], [138.935999, 35.061342], [138.93688, 35.061188], [138.93738, 35.061478], [138.936694, 35.062523], [138.936419, 35.063204], [138.93635, 35.063862], [138.936495, 35.065104], [138.937244, 35.068327], [138.939824, 35.068747], [138.940755, 35.068752], [138.941131, 35.066666], [138.941282, 35.066687], [138.941381, 35.066472], [138.942658, 35.066645], [138.944043, 35.067014], [138.944657, 35.067244], [138.943161, 35.071251], [138.945068, 35.071514], [138.945001, 35.071858], [138.946034, 35.07247], [138.953929, 35.075061], [138.959449, 35.077081], [138.959571, 35.076884], [138.962318, 35.078533], [138.96255, 35.078335], [138.963043, 35.078595], [138.964783, 35.078673], [138.966756, 35.079072], [138.968384, 35.079609], [138.970627, 35.080073], [138.971421, 35.080371], [138.972879, 35.080387], [138.973489, 35.081076], [138.973789, 35.081155], [138.97452, 35.080849], [138.974944, 35.080932], [138.975332, 35.080817], [138.975534, 35.08069], [138.975748, 35.080116], [138.97624, 35.07974], [138.977053, 35.079914], [138.977562, 35.0796], [138.978686, 35.079272], [138.979144, 35.079444], [138.979422, 35.079771], [138.979742, 35.080567], [138.980246, 35.080614], [138.981062, 35.080368], [138.981567, 35.080349], [138.983331, 35.080982], [138.983696, 35.081185], [138.984061, 35.081608], [138.98529, 35.081839], [138.985844, 35.081822], [138.986979, 35.081557], [138.988401, 35.08157], [138.989465, 35.082078], [138.991016, 35.082144], [138.991773, 35.082674], [138.992692, 35.082716], [138.994051, 35.082149], [138.995067, 35.081926], [138.996479, 35.081288], [138.997908, 35.081384], [138.998147, 35.081737], [138.99852, 35.081946], [138.99976, 35.081949], [139.001686, 35.080861], [139.002054, 35.079835], [139.002529, 35.079429], [139.004073, 35.079601], [139.00554, 35.079289], [139.006718, 35.078739], [139.007315, 35.078749], [139.008332, 35.078502], [139.011039, 35.079071], [139.012845, 35.078805], [139.015159, 35.079087], [139.01601, 35.079071], [139.017589, 35.079399], [139.017862, 35.079368], [139.01921, 35.078734], [139.019884, 35.078734], [139.025317, 35.079731], [139.02601, 35.080003], [139.026634, 35.080462], [139.027061, 35.081103], [139.027851, 35.081625], [139.028579, 35.082377], [139.028593, 35.082589], [139.0294, 35.083156], [139.029836, 35.083204], [139.030299, 35.083019], [139.030569, 35.083048], [139.030903, 35.083121], [139.031464, 35.083509], [139.03323, 35.083985], [139.033671, 35.084677], [139.034201, 35.0851], [139.032746, 35.085873], [139.032208, 35.086508], [139.031769, 35.086813], [139.031327, 35.08763], [139.031149, 35.088727], [139.031203, 35.089367], [139.032059, 35.090831], [139.032468, 35.092224], [139.032549, 35.092645], [139.032183, 35.09305], [139.032239, 35.093612], [139.032881, 35.094324], [139.033746, 35.096092], [139.035109, 35.097518], [139.034931, 35.098706], [139.034253, 35.099648], [139.034146, 35.100175], [139.034943, 35.100999], [139.035387, 35.102104], [139.036293, 35.102613], [139.036944, 35.103236], [139.036127, 35.105096], [139.035825, 35.105508], [139.03614, 35.106071], [139.036106, 35.107304], [139.036474, 35.109174], [139.036391, 35.109376], [139.035362, 35.110277], [139.035201, 35.110859], [139.035477, 35.111743], [139.036213, 35.112823], [139.036076, 35.113165], [139.036198, 35.113673], [139.036135, 35.114246], [139.035445, 35.115703], [139.03483, 35.116272], [139.03425, 35.117213], [139.035477, 35.117652], [139.035931, 35.118514], [139.036293, 35.118747], [139.038172, 35.119194], [139.039061, 35.118715], [139.039402, 35.118656], [139.040267, 35.119586], [139.040633, 35.120212], [139.04074, 35.120987], [139.041335, 35.121319], [139.041916, 35.121859], [139.043819, 35.122681], [139.044778, 35.123719], [139.044043, 35.124535], [139.043326, 35.125604], [139.041674, 35.126968], [139.041117, 35.127899], [139.041186, 35.128271], [139.042134, 35.129929], [139.04231, 35.130629], [139.042261, 35.131942], [139.041691, 35.13271], [139.040993, 35.133319], [139.040094, 35.134803], [139.038728, 35.135128], [139.038594, 35.135245], [139.038236, 35.136053], [139.038655, 35.136852], [139.038546, 35.137045], [139.037012, 35.137802], [139.036008, 35.137671], [139.034923, 35.137994], [139.034698, 35.138213], [139.03463, 35.139028], [139.034091, 35.139581], [139.034069, 35.139993], [139.033401, 35.140469], [139.033277, 35.14099], [139.033484, 35.141947], [139.032967, 35.142615], [139.033928, 35.144883], [139.031575, 35.146387], [139.030656, 35.146551], [139.030485, 35.146701], [139.030276, 35.14771], [139.030559, 35.148877], [139.030427, 35.149753], [139.029962, 35.149775], [139.029146, 35.150091], [139.028434, 35.150725], [139.02854, 35.152265], [139.02896, 35.152981], [139.028714, 35.153337], [139.028411, 35.154874], [139.028951, 35.155358], [139.030695, 35.15621], [139.03121, 35.156786], [139.031225, 35.156986], [139.030533, 35.158092], [139.030575, 35.158669], [139.030042, 35.158982], [139.02813, 35.159457], [139.027444, 35.159822], [139.026607, 35.159835], [139.02635, 35.159981], [139.026278, 35.160257], [139.026373, 35.160555], [139.027132, 35.161449], [139.028052, 35.162238], [139.028494, 35.163242], [139.029447, 35.164777], [139.029481, 35.16519], [139.029409, 35.165859], [139.028986, 35.166588], [139.028497, 35.166702], [139.027631, 35.167137], [139.028043, 35.167791], [139.028005, 35.168925], [139.029124, 35.170299], [139.02878, 35.170717], [139.027202, 35.171509], [139.026581, 35.172181], [139.026135, 35.173259], [139.026772, 35.173731], [139.027049, 35.17414], [139.026535, 35.175426]]]}}, {"type": "Feature", "properties": {"pref_code": "22", "pref_name": "静岡県", "municipality_code": "22341", "municipality_name": "清水町", "ward_name": "", "display_name": "清水町", "geometry_key": "22341"}, "geometry": {"type": "Polygon", "coordinates": [[[138.905227, 35.119938], [138.904622, 35.119897], [138.904494, 35.118944], [138.904267, 35.118902], [138.903811, 35.118953], [138.903822, 35.119745], [138.903717, 35.119865], [138.90257, 35.11984], [138.902492, 35.118969], [138.901551, 35.118922], [138.901169, 35.116819], [138.900298, 35.116769], [138.900283, 35.116066], [138.897086, 35.115999], [138.895697, 35.116129], [138.894866, 35.117066], [138.892723, 35.118029], [138.890758, 35.118147], [138.890427, 35.11773], [138.890194, 35.116857], [138.889085, 35.116253], [138.889789, 35.115065], [138.889578, 35.114843], [138.888852, 35.115119], [138.887849, 35.116287], [138.887734, 35.116207], [138.887919, 35.115825], [138.887661, 35.115577], [138.887681, 35.115445], [138.88884, 35.113947], [138.888385, 35.112859], [138.889277, 35.112305], [138.889413, 35.11291], [138.88965, 35.113123], [138.89017, 35.112775], [138.890301, 35.112583], [138.890427, 35.111376], [138.890165, 35.110087], [138.887931, 35.109285], [138.88729, 35.108896], [138.887089, 35.108536], [138.887074, 35.108209], [138.888667, 35.105307], [138.888777, 35.104267], [138.888669, 35.102594], [138.887855, 35.101313], [138.886756, 35.10045], [138.885652, 35.10008], [138.88475, 35.100073], [138.884197, 35.10019], [138.884331, 35.099284], [138.88393, 35.097196], [138.884296, 35.096293], [138.885102, 35.095601], [138.885239, 35.09529], [138.885146, 35.094451], [138.885425, 35.093834], [138.885304, 35.093121], [138.885582, 35.092037], [138.885825, 35.091734], [138.886328, 35.091508], [138.886136, 35.091183], [138.886414, 35.090904], [138.886255, 35.090346], [138.886313, 35.089836], [138.887261, 35.08851], [138.888582, 35.088174], [138.888971, 35.087777], [138.888289, 35.086453], [138.888236, 35.085839], [138.887564, 35.083539], [138.888079, 35.082206], [138.888108, 35.081946], [138.887891, 35.081462], [138.888055, 35.080396], [138.888747, 35.078925], [138.888465, 35.078535], [138.889381, 35.078423], [138.890179, 35.077778], [138.890304, 35.077422], [138.890742, 35.077018], [138.89201, 35.076777], [138.892774, 35.076934], [138.893626, 35.076922], [138.894113, 35.076779], [138.894874, 35.077208], [138.896208, 35.077249], [138.897306, 35.077435], [138.897837, 35.077424], [138.899001, 35.076994], [138.900011, 35.077729], [138.900464, 35.077886], [138.901783, 35.079062], [138.902181, 35.079972], [138.903539, 35.080203], [138.90429, 35.080591], [138.905079, 35.081284], [138.905788, 35.081576], [138.906996, 35.081747], [138.907066, 35.082104], [138.906914, 35.082846], [138.907017, 35.083067], [138.907357, 35.083244], [138.906097, 35.085766], [138.907104, 35.086237], [138.906679, 35.08699], [138.906906, 35.087273], [138.90724, 35.087353], [138.907677, 35.087158], [138.907742, 35.086769], [138.907517, 35.086586], [138.907607, 35.085794], [138.908045, 35.08584], [138.907794, 35.086299], [138.907919, 35.086624], [138.908413, 35.086831], [138.909099, 35.086753], [138.909563, 35.086994], [138.909951, 35.088304], [138.910924, 35.088726], [138.911302, 35.089118], [138.911282, 35.089425], [138.911479, 35.089822], [138.912129, 35.0901], [138.912367, 35.090337], [138.912382, 35.090628], [138.912109, 35.091172], [138.912236, 35.091455], [138.912492, 35.091491], [138.91278, 35.091041], [138.913219, 35.09134], [138.913405, 35.091721], [138.913173, 35.092367], [138.913682, 35.092621], [138.914096, 35.092674], [138.915114, 35.092514], [138.915594, 35.093132], [138.915175, 35.092927], [138.914782, 35.092887], [138.913657, 35.094302], [138.913728, 35.094605], [138.914469, 35.094884], [138.914797, 35.095182], [138.914301, 35.095406], [138.914241, 35.095536], [138.914784, 35.096025], [138.914613, 35.096299], [138.914217, 35.096307], [138.913763, 35.096532], [138.91405, 35.097028], [138.913913, 35.097384], [138.913732, 35.097664], [138.913183, 35.098039], [138.91342, 35.098425], [138.914234, 35.098721], [138.914519, 35.099044], [138.914341, 35.099357], [138.914013, 35.099417], [138.913027, 35.100203], [138.913027, 35.10035], [138.913497, 35.100387], [138.914033, 35.100735], [138.913487, 35.101007], [138.913309, 35.101701], [138.912477, 35.101459], [138.91221, 35.101676], [138.912144, 35.102466], [138.912409, 35.102895], [138.912429, 35.103355], [138.912238, 35.103969], [138.912376, 35.104733], [138.911902, 35.104917], [138.911721, 35.104827], [138.911625, 35.104381], [138.911459, 35.104246], [138.910879, 35.104066], [138.910379, 35.104131], [138.909986, 35.104765], [138.910041, 35.104999], [138.910959, 35.105792], [138.911024, 35.106132], [138.910853, 35.106255], [138.910344, 35.105993], [138.909789, 35.105899], [138.909387, 35.106147], [138.909412, 35.10635], [138.909744, 35.106721], [138.909673, 35.107331], [138.908765, 35.107836], [138.90867, 35.108309], [138.909093, 35.109021], [138.909027, 35.109618], [138.90875, 35.109621], [138.907807, 35.109004], [138.907535, 35.109017], [138.907091, 35.109827], [138.907197, 35.112008], [138.906632, 35.112783], [138.905845, 35.112879], [138.905387, 35.113072], [138.905306, 35.113784], [138.905104, 35.11423], [138.905377, 35.114885], [138.905356, 35.116047], [138.905069, 35.116107], [138.904635, 35.115912], [138.904424, 35.116345], [138.905069, 35.117102], [138.904907, 35.117483], [138.905129, 35.118048], [138.905983, 35.118475], [138.906542, 35.119289], [138.906375, 35.119442], [138.905506, 35.119415], [138.905227, 35.119938]]]}}, {"type": "Feature", "properties": {"pref_code": "22", "pref_name": "静岡県", "municipality_code": "22342", "municipality_name": "長泉町", "ward_name": "", "display_name": "長泉町", "geometry_key": "22342"}, "geometry": {"type": "Polygon", "coordinates": [[[138.81184, 35.221141], [138.812039, 35.220272], [138.811656, 35.219243], [138.812069, 35.218971], [138.813788, 35.218268], [138.814415, 35.216115], [138.816873, 35.213569], [138.817097, 35.212387], [138.817683, 35.211481], [138.818456, 35.210906], [138.819633, 35.210286], [138.820615, 35.209842], [138.821599, 35.209592], [138.823036, 35.208812], [138.823295, 35.208484], [138.823371, 35.208139], [138.823076, 35.207386], [138.823071, 35.206808], [138.824115, 35.205231], [138.824856, 35.204784], [138.825766, 35.203962], [138.82672, 35.203387], [138.8271, 35.203252], [138.828734, 35.203105], [138.830179, 35.201993], [138.831429, 35.201483], [138.831532, 35.201342], [138.831389, 35.200564], [138.831884, 35.199477], [138.832108, 35.199241], [138.832949, 35.198812], [138.832725, 35.197973], [138.832891, 35.197182], [138.833629, 35.196451], [138.833988, 35.195761], [138.833945, 35.195034], [138.834069, 35.194682], [138.83537, 35.193085], [138.835184, 35.192146], [138.836681, 35.190167], [138.836802, 35.189722], [138.837353, 35.189299], [138.837497, 35.188406], [138.837884, 35.187712], [138.838352, 35.185912], [138.838928, 35.185337], [138.83876, 35.184489], [138.83887, 35.18396], [138.839797, 35.18294], [138.840522, 35.182537], [138.840597, 35.18186], [138.841944, 35.181133], [138.842306, 35.180481], [138.843088, 35.180021], [138.843317, 35.179436], [138.843632, 35.179187], [138.844231, 35.179117], [138.844802, 35.17884], [138.846121, 35.178563], [138.846949, 35.177736], [138.847331, 35.177165], [138.84788, 35.176802], [138.848487, 35.176097], [138.850233, 35.175331], [138.851256, 35.175141], [138.852134, 35.173919], [138.852703, 35.173547], [138.853434, 35.173326], [138.853837, 35.172923], [138.854033, 35.171979], [138.85504, 35.171322], [138.856542, 35.169869], [138.857535, 35.169549], [138.858188, 35.167887], [138.859496, 35.167649], [138.859907, 35.167106], [138.860637, 35.166701], [138.860192, 35.166541], [138.860162, 35.166378], [138.860233, 35.165477], [138.860596, 35.164041], [138.860447, 35.163037], [138.86142, 35.161478], [138.862321, 35.160658], [138.862741, 35.159904], [138.862577, 35.158633], [138.862806, 35.15728], [138.862616, 35.156182], [138.863324, 35.1556], [138.8646, 35.153913], [138.865356, 35.152213], [138.865764, 35.151835], [138.867483, 35.150779], [138.868249, 35.150131], [138.868537, 35.148824], [138.87022, 35.14681], [138.870767, 35.146488], [138.871562, 35.145575], [138.872323, 35.145116], [138.873104, 35.144073], [138.87372, 35.143745], [138.873982, 35.143352], [138.874607, 35.14305], [138.874764, 35.142387], [138.878521, 35.143803], [138.879024, 35.143639], [138.879544, 35.142989], [138.880255, 35.142637], [138.881233, 35.142322], [138.881738, 35.142289], [138.882136, 35.142031], [138.882817, 35.141278], [138.882963, 35.140779], [138.884925, 35.138431], [138.88497, 35.137706], [138.885333, 35.136589], [138.887047, 35.135603], [138.887612, 35.135693], [138.887839, 35.135599], [138.888036, 35.135775], [138.887991, 35.135935], [138.888414, 35.135972], [138.889367, 35.135292], [138.889574, 35.135427], [138.88966, 35.13571], [138.889201, 35.136249], [138.889201, 35.13643], [138.889746, 35.136528], [138.890169, 35.136229], [138.890633, 35.134969], [138.891344, 35.135006], [138.891596, 35.1342], [138.891994, 35.1335], [138.891873, 35.132076], [138.892942, 35.12992], [138.892882, 35.129478], [138.89265, 35.129261], [138.891269, 35.128872], [138.889932, 35.128226], [138.887572, 35.127514], [138.887179, 35.127223], [138.887108, 35.126974], [138.887411, 35.126303], [138.88845, 35.125337], [138.888238, 35.125104], [138.887708, 35.124965], [138.887184, 35.124122], [138.887285, 35.123692], [138.887149, 35.122366], [138.886503, 35.120157], [138.886226, 35.118532], [138.886272, 35.115259], [138.886716, 35.114093], [138.887003, 35.113741], [138.888385, 35.112859], [138.88884, 35.113947], [138.887681, 35.115445], [138.887661, 35.115577], [138.887919, 35.115825], [138.887734, 35.116207], [138.887849, 35.116287], [138.888852, 35.115119], [138.889578, 35.114843], [138.889789, 35.115065], [138.889085, 35.116253], [138.890194, 35.116857], [138.890427, 35.11773], [138.890758, 35.118147], [138.892723, 35.118029], [138.894866, 35.117066], [138.895697, 35.116129], [138.897086, 35.115999], [138.900283, 35.116066], [138.900298, 35.116769], [138.901169, 35.116819], [138.901551, 35.118922], [138.902492, 35.118969], [138.90257, 35.11984], [138.903717, 35.119865], [138.903822, 35.119745], [138.903811, 35.118953], [138.904267, 35.118902], [138.904494, 35.118944], [138.904622, 35.119897], [138.905227, 35.119938], [138.905104, 35.12036], [138.905422, 35.12108], [138.904973, 35.121485], [138.904958, 35.121787], [138.905069, 35.122111], [138.905553, 35.122422], [138.906107, 35.123109], [138.906395, 35.124705], [138.907197, 35.126689], [138.907559, 35.126923], [138.908054, 35.126923], [138.908356, 35.127176], [138.909456, 35.12734], [138.909617, 35.127528], [138.909708, 35.1284], [138.911185, 35.129484], [138.911518, 35.129853], [138.911422, 35.132144], [138.910817, 35.133707], [138.909864, 35.135258], [138.909889, 35.1359], [138.909506, 35.136677], [138.909602, 35.137823], [138.908664, 35.13921], [138.908644, 35.140266], [138.90823, 35.140831], [138.908523, 35.141281], [138.908558, 35.141718], [138.908901, 35.142508], [138.908714, 35.142929], [138.907192, 35.144443], [138.907272, 35.14493], [138.907686, 35.145634], [138.907711, 35.146059], [138.906975, 35.147581], [138.906289, 35.148036], [138.905659, 35.148277], [138.905434, 35.148615], [138.904993, 35.148584], [138.904821, 35.148952], [138.904322, 35.149186], [138.90406, 35.149648], [138.903944, 35.150437], [138.903107, 35.15153], [138.902698, 35.151636], [138.902628, 35.151554], [138.902491, 35.150339], [138.902673, 35.149721], [138.901912, 35.149186], [138.901437, 35.149398], [138.901271, 35.149897], [138.901241, 35.150851], [138.898563, 35.151501], [138.898503, 35.151653], [138.898649, 35.152373], [138.898604, 35.154419], [138.898856, 35.155012], [138.899335, 35.155581], [138.900711, 35.156546], [138.901549, 35.157488], [138.901972, 35.158521], [138.902027, 35.160458], [138.902537, 35.161199], [138.901538, 35.161632], [138.89994, 35.159366], [138.899057, 35.159525], [138.898694, 35.159296], [138.897307, 35.159951], [138.897271, 35.160269], [138.896758, 35.16045], [138.896339, 35.160998], [138.89582, 35.16124], [138.894786, 35.162246], [138.89468, 35.162926], [138.895053, 35.163379], [138.894387, 35.16358], [138.894105, 35.164562], [138.892764, 35.164844], [138.892491, 35.165671], [138.890091, 35.166379], [138.88995, 35.166674], [138.890091, 35.166907], [138.890056, 35.167336], [138.889899, 35.167504], [138.88912, 35.167697], [138.888578, 35.168196], [138.888533, 35.168723], [138.887751, 35.169382], [138.887713, 35.17005], [138.887472, 35.17038], [138.887136, 35.170513], [138.885958, 35.170614], [138.88541, 35.171407], [138.883253, 35.172124], [138.88192, 35.173606], [138.881214, 35.173843], [138.880895, 35.174074], [138.880633, 35.174625], [138.880556, 35.175354], [138.880298, 35.175815], [138.879416, 35.17619], [138.879003, 35.176512], [138.878776, 35.177288], [138.878447, 35.177432], [138.877165, 35.177511], [138.876858, 35.177739], [138.876621, 35.178227], [138.875993, 35.178611], [138.875467, 35.178355], [138.875095, 35.17834], [138.874936, 35.178834], [138.874206, 35.179168], [138.873626, 35.179825], [138.873362, 35.179922], [138.872721, 35.179764], [138.871715, 35.180283], [138.871117, 35.180441], [138.870554, 35.182127], [138.870171, 35.182736], [138.870246, 35.183431], [138.870115, 35.184072], [138.869656, 35.184821], [138.869648, 35.185737], [138.869372, 35.186398], [138.868777, 35.187267], [138.868193, 35.18763], [138.867705, 35.188539], [138.867052, 35.188861], [138.866422, 35.189704], [138.86594, 35.190111], [138.865757, 35.19074], [138.864644, 35.192104], [138.864206, 35.193475], [138.864188, 35.194219], [138.863238, 35.195366], [138.862204, 35.195768], [138.859251, 35.196458], [138.858208, 35.197126], [138.8572, 35.197461], [138.85612, 35.198025], [138.854993, 35.199366], [138.854691, 35.20006], [138.852376, 35.201309], [138.851652, 35.201979], [138.851268, 35.202537], [138.85023, 35.202313], [138.848449, 35.202862], [138.847332, 35.203887], [138.846512, 35.204047], [138.843502, 35.205342], [138.842039, 35.205596], [138.840687, 35.206012], [138.838962, 35.206717], [138.837759, 35.207434], [138.836302, 35.207899], [138.834861, 35.208933], [138.833001, 35.20964], [138.831529, 35.210696], [138.830544, 35.211725], [138.828995, 35.213437], [138.828986, 35.213881], [138.828736, 35.214152], [138.827702, 35.214782], [138.826126, 35.215522], [138.825646, 35.215571], [138.824923, 35.21544], [138.824088, 35.216099], [138.823502, 35.216753], [138.822329, 35.217482], [138.819906, 35.218298], [138.818052, 35.220032], [138.817473, 35.220202], [138.81564, 35.220161], [138.814117, 35.220529], [138.812694, 35.221166], [138.81184, 35.221141]]]}}, {"type": "Feature", "properties": {"pref_code": "22", "pref_name": "静岡県", "municipality_code": "22344", "municipality_name": "小山町", "ward_name": "", "display_name": "小山町", "geometry_key": "22344"}, "geometry": {"type": "Polygon", "coordinates": [[[139.018527, 35.329846], [139.017295, 35.330393], [139.016455, 35.33269], [139.016017, 35.333154], [139.015052, 35.333661], [139.014713, 35.334668], [139.013838, 35.334965], [139.013391, 35.335422], [139.01248, 35.335943], [139.01233, 35.337067], [139.011902, 35.337503], [139.010589, 35.338411], [139.010597, 35.338806], [139.010933, 35.339409], [139.011071, 35.340689], [139.010975, 35.34093], [139.010128, 35.341366], [139.009998, 35.341726], [139.010853, 35.342737], [139.011059, 35.343323], [139.011017, 35.343639], [139.010622, 35.344197], [139.009725, 35.344987], [139.009356, 35.346144], [139.008819, 35.346675], [139.008621, 35.347094], [139.008642, 35.347669], [139.009456, 35.348435], [139.008667, 35.349722], [139.008114, 35.350304], [139.008361, 35.351372], [139.009251, 35.352315], [139.009523, 35.353139], [139.01123, 35.354851], [139.011331, 35.355079], [139.011813, 35.355426], [139.01188, 35.356424], [139.012304, 35.357186], [139.012316, 35.358163], [139.013352, 35.35867], [139.01331, 35.358765], [139.012211, 35.359058], [139.010496, 35.359861], [139.010034, 35.359752], [139.009674, 35.359017], [139.00881, 35.359044], [139.008558, 35.359221], [139.008526, 35.359565], [139.007757, 35.360171], [139.006838, 35.361386], [139.006721, 35.362203], [139.006867, 35.363567], [139.007438, 35.364064], [139.007501, 35.364395], [139.006632, 35.365739], [139.006141, 35.367727], [139.006628, 35.368438], [139.006251, 35.368809], [139.006066, 35.369296], [139.00573, 35.371739], [139.005399, 35.372447], [139.005101, 35.372587], [139.004812, 35.373016], [139.004547, 35.373737], [139.004627, 35.373884], [139.005432, 35.374156], [139.005936, 35.374969], [139.005915, 35.375385], [139.003666, 35.377669], [139.002592, 35.379006], [139.001448, 35.379861], [139.001162, 35.380272], [139.000697, 35.381842], [139.000445, 35.381974], [138.999644, 35.381954], [138.999296, 35.382094], [138.999283, 35.38321], [138.998814, 35.383533], [138.998616, 35.384041], [138.9993, 35.38532], [138.999233, 35.386471], [138.999556, 35.387421], [139.00016, 35.388442], [139.000135, 35.38948], [139.000269, 35.390171], [139.000655, 35.390841], [139.000957, 35.39191], [139.000932, 35.393132], [139.001129, 35.393949], [139.000789, 35.39465], [139.000848, 35.395511], [139.001523, 35.396689], [139.001511, 35.3982], [139.001787, 35.398806], [139.001418, 35.399749], [138.999908, 35.401652], [138.998176, 35.402571], [138.996304, 35.402867], [138.995278, 35.403333], [138.994669, 35.403304], [138.993932, 35.403475], [138.993242, 35.403408], [138.991974, 35.403038], [138.991019, 35.403199], [138.989901, 35.4032], [138.988849, 35.402866], [138.988147, 35.402405], [138.986933, 35.402078], [138.984544, 35.401746], [138.98407, 35.401772], [138.983814, 35.402008], [138.983509, 35.402774], [138.982649, 35.403643], [138.981273, 35.404337], [138.979749, 35.404693], [138.977696, 35.404688], [138.976779, 35.404562], [138.975322, 35.40476], [138.973708, 35.404813], [138.972741, 35.405116], [138.971819, 35.405176], [138.969459, 35.404903], [138.969054, 35.404754], [138.968563, 35.404249], [138.968225, 35.403527], [138.967393, 35.402857], [138.966611, 35.40193], [138.964362, 35.401853], [138.962726, 35.4014], [138.959573, 35.402292], [138.959055, 35.402308], [138.958651, 35.402214], [138.957, 35.401388], [138.954187, 35.401363], [138.951484, 35.401726], [138.950656, 35.401445], [138.948036, 35.40127], [138.947126, 35.400872], [138.945733, 35.399719], [138.944526, 35.399609], [138.943255, 35.399188], [138.941097, 35.399695], [138.940278, 35.399676], [138.938612, 35.399184], [138.937733, 35.399149], [138.931151, 35.401134], [138.930005, 35.401113], [138.928793, 35.40076], [138.926964, 35.400551], [138.925797, 35.400265], [138.924869, 35.400425], [138.923011, 35.401257], [138.921423, 35.400953], [138.920283, 35.400986], [138.918381, 35.400423], [138.917717, 35.400394], [138.916402, 35.400614], [138.915362, 35.400559], [138.913919, 35.40015], [138.91355, 35.399914], [138.911991, 35.398342], [138.910936, 35.397737], [138.907549, 35.397437], [138.902866, 35.396332], [138.900491, 35.393754], [138.898641, 35.392015], [138.897107, 35.391351], [138.893938, 35.390848], [138.892649, 35.390371], [138.891902, 35.389815], [138.891076, 35.388896], [138.889346, 35.388108], [138.888893, 35.387792], [138.887941, 35.386353], [138.887383, 35.386214], [138.885198, 35.386261], [138.882584, 35.385739], [138.879502, 35.385971], [138.878911, 35.385843], [138.87806, 35.385164], [138.876769, 35.383757], [138.875122, 35.38286], [138.874564, 35.382378], [138.873198, 35.381557], [138.86245, 35.390122], [138.858718, 35.388647], [138.856341, 35.387999], [138.853583, 35.388658], [138.85316, 35.389016], [138.852978, 35.389743], [138.851985, 35.390364], [138.851042, 35.390519], [138.849251, 35.389858], [138.847351, 35.388891], [138.846612, 35.388756], [138.844895, 35.387206], [138.843739, 35.386596], [138.840442, 35.385813], [138.835829, 35.384322], [138.833631, 35.383727], [138.832686, 35.383238], [138.831716, 35.382397], [138.830515, 35.380801], [138.82982, 35.378899], [138.82916, 35.378113], [138.824063, 35.375704], [138.821749, 35.374088], [138.821435, 35.374191], [138.82082, 35.37502], [138.819718, 35.375872], [138.818662, 35.376229], [138.817481, 35.376408], [138.815464, 35.376424], [138.812126, 35.37572], [138.810342, 35.375575], [138.807213, 35.375791], [138.805196, 35.376264], [138.802814, 35.376397], [138.80171, 35.376656], [138.799104, 35.376644], [138.793057, 35.375577], [138.789887, 35.375209], [138.788486, 35.374914], [138.78653, 35.374288], [138.730208, 35.364491], [138.731687, 35.360136], [138.769519, 35.354528], [138.775181, 35.353532], [138.775626, 35.353594], [138.777931, 35.353466], [138.786146, 35.352849], [138.79125, 35.352729], [138.800856, 35.352224], [138.802819, 35.352323], [138.808454, 35.352235], [138.811478, 35.352317], [138.825149, 35.351965], [138.826189, 35.35156], [138.826609, 35.351125], [138.827927, 35.350326], [138.828673, 35.350237], [138.829492, 35.350617], [138.831816, 35.350154], [138.832536, 35.350183], [138.83381, 35.349564], [138.834389, 35.349563], [138.834655, 35.349458], [138.835194, 35.348891], [138.836036, 35.348474], [138.836313, 35.348156], [138.837226, 35.347815], [138.83876, 35.347952], [138.83974, 35.348294], [138.840566, 35.348351], [138.842288, 35.348752], [138.842893, 35.348546], [138.843697, 35.348503], [138.844861, 35.348113], [138.847076, 35.348419], [138.847612, 35.348713], [138.848174, 35.348803], [138.84896, 35.348659], [138.849684, 35.348709], [138.851146, 35.348231], [138.851814, 35.348413], [138.852983, 35.348313], [138.853294, 35.348112], [138.854151, 35.348055], [138.854686, 35.347788], [138.855735, 35.347765], [138.856467, 35.347275], [138.856913, 35.347264], [138.857492, 35.346984], [138.857928, 35.346541], [138.858608, 35.346588], [138.859205, 35.346245], [138.860479, 35.346566], [138.861475, 35.34668], [138.862018, 35.346644], [138.862604, 35.346338], [138.863459, 35.346305], [138.864193, 35.34547], [138.864717, 35.344636], [138.865427, 35.344391], [138.865792, 35.343553], [138.866853, 35.342787], [138.867242, 35.342246], [138.868365, 35.341337], [138.868787, 35.340792], [138.870097, 35.340469], [138.870647, 35.33953], [138.871776, 35.339017], [138.872142, 35.338447], [138.872249, 35.337556], [138.872556, 35.337232], [138.873318, 35.336798], [138.873658, 35.336381], [138.873834, 35.336312], [138.874413, 35.336446], [138.874833, 35.336349], [138.875639, 35.335741], [138.876588, 35.335354], [138.876781, 35.335004], [138.877542, 35.334687], [138.877814, 35.334701], [138.878263, 35.334995], [138.878513, 35.33499], [138.881147, 35.334558], [138.88184, 35.334249], [138.882101, 35.333793], [138.882754, 35.333554], [138.882868, 35.333093], [138.883214, 35.332959], [138.883606, 35.333208], [138.883964, 35.33307], [138.884083, 35.332605], [138.884316, 35.332987], [138.884163, 35.334811], [138.884384, 35.334894], [138.884492, 35.335092], [138.884418, 35.336073], [138.883731, 35.336404], [138.88299, 35.336593], [138.88109, 35.337556], [138.88013, 35.337866], [138.880376, 35.338506], [138.881583, 35.33789], [138.882411, 35.337719], [138.88308, 35.337207], [138.88376, 35.336966], [138.883983, 35.337776], [138.88083, 35.339858], [138.881183, 35.340056], [138.881329, 35.339994], [138.882451, 35.339178], [138.882837, 35.339127], [138.884237, 35.338322], [138.88624, 35.342226], [138.886241, 35.343152], [138.886827, 35.344124], [138.887088, 35.344766], [138.887076, 35.345475], [138.887522, 35.345875], [138.887955, 35.347476], [138.88826, 35.348091], [138.888345, 35.349788], [138.887874, 35.351223], [138.886928, 35.351698], [138.886513, 35.351745], [138.885653, 35.352307], [138.885738, 35.35281], [138.885173, 35.35353], [138.884866, 35.354389], [138.884857, 35.354933], [138.885127, 35.355487], [138.885735, 35.356018], [138.885656, 35.356722], [138.886076, 35.357129], [138.886028, 35.35889], [138.886186, 35.359974], [138.886543, 35.360494], [138.88777, 35.361717], [138.888635, 35.361966], [138.887948, 35.36012], [138.887894, 35.358061], [138.888337, 35.357514], [138.889767, 35.356477], [138.892836, 35.354666], [138.893721, 35.354348], [138.895549, 35.354174], [138.896603, 35.354329], [138.897271, 35.354739], [138.897811, 35.354829], [138.899872, 35.353996], [138.900493, 35.35395], [138.901132, 35.354012], [138.901829, 35.35449], [138.902189, 35.354592], [138.90323, 35.35467], [138.904442, 35.354596], [138.904576, 35.354448], [138.905099, 35.354306], [138.90503, 35.353857], [138.904201, 35.352633], [138.903191, 35.352377], [138.901754, 35.351619], [138.901741, 35.351348], [138.902192, 35.35084], [138.902147, 35.350686], [138.901814, 35.350467], [138.901298, 35.350344], [138.899826, 35.349516], [138.899325, 35.349397], [138.898624, 35.348891], [138.896294, 35.349085], [138.895482, 35.348797], [138.895025, 35.34882], [138.894754, 35.348459], [138.894789, 35.348138], [138.894658, 35.347963], [138.892526, 35.348326], [138.891232, 35.348899], [138.890399, 35.349432], [138.888952, 35.348657], [138.889467, 35.348154], [138.89197, 35.34633], [138.892374, 35.346162], [138.893656, 35.346161], [138.895253, 35.346649], [138.896571, 35.34657], [138.898819, 35.345557], [138.8999, 35.345218], [138.900953, 35.345439], [138.902636, 35.346154], [138.904838, 35.346625], [138.907159, 35.3466], [138.908911, 35.346313], [138.910942, 35.346862], [138.912333, 35.346515], [138.913287, 35.346526], [138.913847, 35.346416], [138.914549, 35.346249], [138.914532, 35.345387], [138.915031, 35.343496], [138.915515, 35.343462], [138.916354, 35.343747], [138.916905, 35.343804], [138.918096, 35.343673], [138.919776, 35.343814], [138.920175, 35.343719], [138.921229, 35.343089], [138.924666, 35.342376], [138.925846, 35.342381], [138.926692, 35.342193], [138.927176, 35.341928], [138.927791, 35.341227], [138.928596, 35.340859], [138.928959, 35.340921], [138.929843, 35.3408], [138.931424, 35.341224], [138.932134, 35.340546], [138.932841, 35.340213], [138.932841, 35.338926], [138.93386, 35.338831], [138.93461, 35.338627], [138.935271, 35.338737], [138.936176, 35.338535], [138.937924, 35.338649], [138.938184, 35.339494], [138.938629, 35.339621], [138.939049, 35.340543], [138.939511, 35.340664], [138.939971, 35.340443], [138.940463, 35.340643], [138.941197, 35.340626], [138.941806, 35.340306], [138.941467, 35.339563], [138.941771, 35.338707], [138.942583, 35.338304], [138.943218, 35.338397], [138.943822, 35.338167], [138.944419, 35.338155], [138.945024, 35.337973], [138.945048, 35.337515], [138.944798, 35.336756], [138.944992, 35.336051], [138.945162, 35.335833], [138.945887, 35.335536], [138.946808, 35.335768], [138.947273, 35.335732], [138.947711, 35.335848], [138.948489, 35.335674], [138.949357, 35.335957], [138.950439, 35.336022], [138.950868, 35.336465], [138.951566, 35.336479], [138.951763, 35.335536], [138.951611, 35.334404], [138.951316, 35.333773], [138.951459, 35.333672], [138.9523, 35.333541], [138.955242, 35.333686], [138.955895, 35.333599], [138.956655, 35.333889], [138.957147, 35.333679], [138.957603, 35.333882], [138.95797, 35.333751], [138.958381, 35.333926], [138.959285, 35.333831], [138.959651, 35.33373], [138.960895, 35.333011], [138.961297, 35.332003], [138.961566, 35.331735], [138.962067, 35.33172], [138.962406, 35.331568], [138.962541, 35.331626], [138.962603, 35.332112], [138.962907, 35.332177], [138.963077, 35.332475], [138.963918, 35.332148], [138.964929, 35.331473], [138.964964, 35.331074], [138.965868, 35.330117], [138.966413, 35.330109], [138.967281, 35.330371], [138.967961, 35.331386], [138.968417, 35.330871], [138.968265, 35.33032], [138.968372, 35.330153], [138.970259, 35.329979], [138.971056, 35.330117], [138.97144, 35.330015], [138.97153, 35.329783], [138.971306, 35.329101], [138.970153, 35.328238], [138.97, 35.327585], [138.969526, 35.326823], [138.969714, 35.326134], [138.970376, 35.326148], [138.970573, 35.326047], [138.970447, 35.325024], [138.970546, 35.324313], [138.969222, 35.322702], [138.968185, 35.322122], [138.967791, 35.321636], [138.967442, 35.320613], [138.967264, 35.320461], [138.966146, 35.319975], [138.965224, 35.320047], [138.964697, 35.31951], [138.965037, 35.317051], [138.965001, 35.315651], [138.96433, 35.313866], [138.965404, 35.312038], [138.965574, 35.310906], [138.967515, 35.309506], [138.969867, 35.306952], [138.969939, 35.306466], [138.97018, 35.306154], [138.971987, 35.305226], [138.972729, 35.304667], [138.974009, 35.301939], [138.975359, 35.300249], [138.976584, 35.299422], [138.977613, 35.298908], [138.978758, 35.29787], [138.980341, 35.297406], [138.981853, 35.296702], [138.982434, 35.296158], [138.983204, 35.295694], [138.983776, 35.295012], [138.984032, 35.294419], [138.983932, 35.293747], [138.984079, 35.293287], [138.98527, 35.292495], [138.986531, 35.291886], [138.987291, 35.291225], [138.987997, 35.291022], [138.989017, 35.290217], [138.989912, 35.289775], [138.990332, 35.289027], [138.990341, 35.288026], [138.990753, 35.286728], [138.990771, 35.286256], [138.991772, 35.285545], [138.993185, 35.284885], [138.994032, 35.285174], [138.994264, 35.285384], [138.994354, 35.28602], [138.995031, 35.286324], [138.996191, 35.287814], [138.997608, 35.28892], [138.999627, 35.289565], [139.000055, 35.289616], [139.000976, 35.289354], [139.003039, 35.289412], [139.004611, 35.289898], [139.004638, 35.290202], [139.004977, 35.290644], [139.004665, 35.290999], [139.004469, 35.291659], [139.004531, 35.292861], [139.006657, 35.295571], [139.006755, 35.295912], [139.00672, 35.296441], [139.006041, 35.297991], [139.006067, 35.298462], [139.006577, 35.299708], [139.007407, 35.301056], [139.007988, 35.302418], [139.008453, 35.304302], [139.009042, 35.305526], [139.009132, 35.306939], [139.009757, 35.308048], [139.010087, 35.309569], [139.010695, 35.310598], [139.009936, 35.311671], [139.009632, 35.313649], [139.010302, 35.314069], [139.010552, 35.315062], [139.011213, 35.315576], [139.011749, 35.316605], [139.01291, 35.317511], [139.012954, 35.317779], [139.012642, 35.318713], [139.012686, 35.319706], [139.013901, 35.320105], [139.014339, 35.320452], [139.015142, 35.320684], [139.015366, 35.321206], [139.016464, 35.322409], [139.016795, 35.323177], [139.016724, 35.324184], [139.018126, 35.326604], [139.01851, 35.328169], [139.018974, 35.32906], [139.018858, 35.329604], [139.018527, 35.329846]]]}}, {"type": "Feature", "properties": {"pref_code": "22", "pref_name": "静岡県", "municipality_code": "22424", "municipality_name": "吉田町", "ward_name": "", "display_name": "吉田町", "geometry_key": "22424"}, "geometry": {"type": "Polygon", "coordinates": [[[138.25079, 34.802929], [138.250785, 34.802744], [138.249654, 34.80208], [138.24693, 34.800642], [138.245374, 34.800026], [138.244504, 34.800217], [138.244261, 34.800046], [138.242992, 34.800654], [138.240961, 34.800847], [138.239599, 34.801154], [138.238967, 34.801385], [138.238315, 34.801828], [138.237509, 34.801819], [138.236544, 34.801495], [138.235025, 34.802574], [138.233741, 34.802334], [138.233692, 34.801675], [138.234151, 34.800879], [138.234401, 34.800601], [138.235331, 34.800329], [138.234993, 34.800023], [138.235563, 34.799361], [138.235324, 34.799025], [138.235446, 34.798423], [138.235816, 34.798397], [138.236105, 34.797813], [138.237161, 34.796867], [138.236797, 34.796564], [138.238105, 34.795514], [138.23788, 34.79532], [138.238329, 34.794452], [138.239421, 34.793509], [138.239032, 34.793116], [138.240019, 34.792332], [138.239613, 34.791976], [138.239217, 34.792265], [138.237749, 34.791823], [138.23685, 34.791406], [138.23664, 34.79158], [138.236251, 34.791534], [138.236166, 34.791696], [138.235852, 34.791823], [138.232779, 34.792152], [138.232152, 34.792323], [138.231696, 34.792123], [138.231496, 34.792251], [138.229902, 34.79099], [138.230451, 34.790721], [138.230266, 34.790426], [138.231054, 34.788557], [138.231243, 34.788158], [138.232127, 34.787171], [138.231503, 34.786041], [138.226569, 34.785693], [138.22575, 34.785893], [138.224666, 34.786382], [138.223621, 34.786631], [138.226074, 34.784166], [138.226406, 34.783665], [138.226531, 34.783141], [138.226873, 34.782691], [138.228012, 34.781462], [138.22967, 34.779217], [138.230732, 34.778314], [138.232149, 34.777837], [138.233813, 34.777544], [138.234679, 34.777227], [138.235628, 34.776759], [138.236431, 34.77593], [138.236865, 34.775124], [138.236869, 34.774831], [138.236591, 34.774313], [138.236621, 34.774028], [138.236076, 34.773119], [138.236047, 34.772471], [138.238497, 34.769426], [138.237234, 34.768783], [138.241421, 34.763361], [138.242483, 34.761504], [138.24218, 34.761211], [138.242227, 34.761042], [138.243264, 34.75981], [138.243647, 34.7596], [138.244111, 34.759576], [138.244936, 34.759135], [138.246192, 34.758089], [138.249146, 34.760216], [138.249472, 34.760764], [138.249643, 34.760884], [138.249976, 34.760884], [138.250358, 34.760783], [138.250636, 34.760537], [138.251415, 34.759226], [138.251647, 34.758291], [138.251275, 34.757667], [138.250345, 34.75691], [138.249659, 34.756623], [138.24909, 34.755754], [138.247061, 34.754943], [138.246267, 34.753916], [138.246023, 34.753693], [138.245597, 34.753693], [138.245133, 34.753318], [138.244213, 34.752195], [138.243885, 34.751508], [138.243028, 34.748552], [138.241516, 34.745478], [138.24229, 34.744369], [138.246002, 34.740412], [138.252464, 34.74446], [138.257406, 34.747316], [138.259246, 34.748504], [138.263329, 34.750756], [138.264236, 34.751443], [138.264859, 34.751682], [138.264953, 34.751549], [138.267134, 34.752672], [138.267024, 34.752834], [138.267439, 34.75302], [138.267705, 34.752992], [138.267657, 34.753113], [138.266797, 34.753365], [138.267284, 34.753707], [138.267482, 34.754147], [138.267714, 34.754242], [138.267425, 34.754486], [138.265725, 34.753441], [138.265076, 34.754139], [138.267167, 34.755437], [138.267704, 34.754817], [138.267787, 34.754858], [138.267742, 34.755464], [138.268356, 34.755589], [138.268444, 34.756096], [138.268629, 34.756315], [138.269304, 34.756608], [138.269702, 34.75613], [138.271085, 34.756704], [138.271692, 34.756799], [138.271645, 34.756546], [138.271863, 34.756659], [138.271904, 34.756467], [138.27088, 34.755949], [138.270191, 34.755234], [138.269846, 34.754655], [138.268431, 34.753984], [138.268636, 34.752688], [138.268748, 34.752716], [138.273719, 34.75569], [138.277691, 34.757521], [138.284371, 34.760939], [138.288445, 34.762894], [138.289141, 34.762928], [138.290089, 34.763215], [138.290301, 34.763361], [138.290478, 34.764043], [138.29187, 34.765372], [138.29464, 34.767056], [138.280457, 34.778458], [138.270811, 34.786386], [138.259976, 34.794639], [138.25501, 34.798993], [138.25079, 34.802929]]]}}, {"type": "Feature", "properties": {"pref_code": "22", "pref_name": "静岡県", "municipality_code": "22429", "municipality_name": "川根本町", "ward_name": "", "display_name": "川根本町", "geometry_key": "22429"}, "geometry": {"type": "Polygon", "coordinates": [[[138.199492, 35.050142], [138.200056, 35.05055], [138.200274, 35.051303], [138.200449, 35.053013], [138.201419, 35.053741], [138.200952, 35.054814], [138.200791, 35.056049], [138.200519, 35.056583], [138.200834, 35.057251], [138.200881, 35.058366], [138.200414, 35.05925], [138.20024, 35.061041], [138.200734, 35.061545], [138.201733, 35.063726], [138.202278, 35.063934], [138.2026, 35.065226], [138.203322, 35.066316], [138.203288, 35.066765], [138.203479, 35.067327], [138.204046, 35.067991], [138.205774, 35.069543], [138.206693, 35.069738], [138.207856, 35.070332], [138.209571, 35.070686], [138.209665, 35.070841], [138.209303, 35.071532], [138.208551, 35.0723], [138.205967, 35.073851], [138.205111, 35.074634], [138.204805, 35.075486], [138.204778, 35.076122], [138.204348, 35.076646], [138.204147, 35.077354], [138.203559, 35.078355], [138.202817, 35.079046], [138.201626, 35.079495], [138.200401, 35.08079], [138.200337, 35.082067], [138.19992, 35.082763], [138.199846, 35.085632], [138.199344, 35.086609], [138.199323, 35.087771], [138.199061, 35.087944], [138.197993, 35.088159], [138.196649, 35.088756], [138.195186, 35.089652], [138.194368, 35.089829], [138.194066, 35.090306], [138.193722, 35.090524], [138.192431, 35.09075], [138.191871, 35.09096], [138.191156, 35.091484], [138.190123, 35.09259], [138.188728, 35.093575], [138.188478, 35.093882], [138.188323, 35.094874], [138.189236, 35.097094], [138.189081, 35.097925], [138.189615, 35.099911], [138.189615, 35.100702], [138.189322, 35.102446], [138.189813, 35.103842], [138.189847, 35.104439], [138.190183, 35.105093], [138.190105, 35.10569], [138.192197, 35.108411], [138.193024, 35.108947], [138.193116, 35.109347], [138.19278, 35.110243], [138.192099, 35.11105], [138.192013, 35.11176], [138.19166, 35.112309], [138.191264, 35.113367], [138.191385, 35.114424], [138.191101, 35.115377], [138.190963, 35.116967], [138.190592, 35.117806], [138.18949, 35.118606], [138.188474, 35.119711], [138.187725, 35.121108], [138.187441, 35.12223], [138.186709, 35.123425], [138.185667, 35.124353], [138.185082, 35.124514], [138.184729, 35.124861], [138.185022, 35.126629], [138.184488, 35.12759], [138.184496, 35.128122], [138.183807, 35.129705], [138.184255, 35.130601], [138.184066, 35.131327], [138.184832, 35.132837], [138.184978, 35.133733], [138.184005, 35.134896], [138.183661, 35.136566], [138.184754, 35.137236], [138.187466, 35.13831], [138.187733, 35.138617], [138.187991, 35.139432], [138.188387, 35.13965], [138.188861, 35.140215], [138.189222, 35.140336], [138.190247, 35.14028], [138.19103, 35.140433], [138.19165, 35.140893], [138.192029, 35.141668], [138.193234, 35.142192], [138.194198, 35.142451], [138.195481, 35.143524], [138.196204, 35.143847], [138.196807, 35.143654], [138.197263, 35.143646], [138.198312, 35.1441], [138.19919, 35.144225], [138.200817, 35.143611], [138.201347, 35.143785], [138.201601, 35.144027], [138.203177, 35.143874], [138.20421, 35.144087], [138.205019, 35.144422], [138.206685, 35.144455], [138.208536, 35.144293], [138.209406, 35.144386], [138.209836, 35.144745], [138.210831, 35.146517], [138.211179, 35.148015], [138.21182, 35.148721], [138.212057, 35.149487], [138.213383, 35.150379], [138.214123, 35.151057], [138.214605, 35.15197], [138.215195, 35.152261], [138.215561, 35.152628], [138.216318, 35.153927], [138.217347, 35.154258], [138.217859, 35.154856], [138.218109, 35.15553], [138.218746, 35.156022], [138.219077, 35.156886], [138.219616, 35.157208], [138.220184, 35.157777], [138.220692, 35.158354], [138.221109, 35.159129], [138.221691, 35.159198], [138.222686, 35.159545], [138.224123, 35.159566], [138.22467, 35.159121], [138.225381, 35.158855], [138.227576, 35.158432], [138.228867, 35.159089], [138.230749, 35.159578], [138.231252, 35.15982], [138.232596, 35.161826], [138.233354, 35.16269], [138.233909, 35.163985], [138.235312, 35.166132], [138.235993, 35.167109], [138.237642, 35.168829], [138.238225, 35.169884], [138.238065, 35.170717], [138.238156, 35.171851], [138.238276, 35.172347], [138.238677, 35.172731], [138.238995, 35.173704], [138.239486, 35.174446], [138.239361, 35.175625], [138.239809, 35.17648], [138.239775, 35.177046], [138.239469, 35.177526], [138.239279, 35.177615], [138.238901, 35.177449], [138.238595, 35.177062], [138.238259, 35.176977], [138.237971, 35.177041], [138.236872, 35.178147], [138.235827, 35.178878], [138.234363, 35.180299], [138.233975, 35.181352], [138.233881, 35.182329], [138.233243, 35.183313], [138.233269, 35.183935], [138.232873, 35.185109], [138.232296, 35.185989], [138.231469, 35.186534], [138.231474, 35.187422], [138.231336, 35.187733], [138.230268, 35.188641], [138.229291, 35.188939], [138.228986, 35.189674], [138.227436, 35.190739], [138.226458, 35.192076], [138.224674, 35.193409], [138.224555, 35.194182], [138.224288, 35.194767], [138.224499, 35.196059], [138.224107, 35.196898], [138.224009, 35.197507], [138.224116, 35.198258], [138.223677, 35.199578], [138.223234, 35.199849], [138.222967, 35.200212], [138.220031, 35.200963], [138.21821, 35.2024], [138.217026, 35.202933], [138.216113, 35.203142], [138.214891, 35.203764], [138.211158, 35.203526], [138.211304, 35.20083], [138.210956, 35.200431], [138.210599, 35.200334], [138.209996, 35.200503], [138.208995, 35.201486], [138.207367, 35.202629], [138.206072, 35.203355], [138.205525, 35.203476], [138.205056, 35.203432], [138.204401, 35.203339], [138.203657, 35.203056], [138.203261, 35.202467], [138.203334, 35.202023], [138.203812, 35.201736], [138.205366, 35.201437], [138.205796, 35.201086], [138.205891, 35.200558], [138.205628, 35.198495], [138.204414, 35.197922], [138.20193, 35.197454], [138.199351, 35.19676], [138.198413, 35.196393], [138.198107, 35.196066], [138.198228, 35.195804], [138.199442, 35.195396], [138.201749, 35.193789], [138.202094, 35.193249], [138.20187, 35.1923], [138.201237, 35.192014], [138.200462, 35.192122], [138.198817, 35.193386], [138.198288, 35.193564], [138.19778, 35.193434], [138.19744, 35.192877], [138.196936, 35.191437], [138.196992, 35.191219], [138.197311, 35.190872], [138.197716, 35.190799], [138.199364, 35.191279], [138.199911, 35.191199], [138.200212, 35.190852], [138.200277, 35.190411], [138.199791, 35.189317], [138.199282, 35.188902], [138.198959, 35.188854], [138.197625, 35.189427], [138.196226, 35.189665], [138.195602, 35.189576], [138.194982, 35.188987], [138.194082, 35.1873], [138.193492, 35.186868], [138.193114, 35.186824], [138.19289, 35.186977], [138.192786, 35.187429], [138.192511, 35.187816], [138.192558, 35.188543], [138.192898, 35.189229], [138.192752, 35.190298], [138.192339, 35.190569], [138.190948, 35.19069], [138.189665, 35.191611], [138.189161, 35.192191], [138.189097, 35.192833], [138.190276, 35.195101], [138.190087, 35.195953], [138.189777, 35.196288], [138.188597, 35.196514], [138.187848, 35.196344], [138.187413, 35.195957], [138.186634, 35.194375], [138.185747, 35.193337], [138.184249, 35.192579], [138.183844, 35.192567], [138.183491, 35.192797], [138.182876, 35.196122], [138.182837, 35.196211], [138.182333, 35.196207], [138.181821, 35.196812], [138.182772, 35.197006], [138.183143, 35.197204], [138.183319, 35.197773], [138.183207, 35.198476], [138.182923, 35.198907], [138.182652, 35.199024], [138.182256, 35.199016], [138.181515, 35.198717], [138.181192, 35.198782], [138.180211, 35.199722], [138.179996, 35.20009], [138.180292, 35.200296], [138.181089, 35.20028], [138.182454, 35.200489], [138.182876, 35.200772], [138.18294, 35.201051], [138.182686, 35.201728], [138.181709, 35.202907], [138.182075, 35.203331], [138.183552, 35.203569], [138.184322, 35.203876], [138.184602, 35.204392], [138.184611, 35.205401], [138.18545, 35.205115], [138.186617, 35.20413], [138.187452, 35.204279], [138.187702, 35.204638], [138.187723, 35.205837], [138.188141, 35.207165], [138.187908, 35.207443], [138.18669, 35.207375], [138.185696, 35.208307], [138.185842, 35.208751], [138.186182, 35.209159], [138.186294, 35.209615], [138.185639, 35.210014], [138.185476, 35.210918], [138.186346, 35.211435], [138.186414, 35.211794], [138.186332, 35.212004], [138.185674, 35.212274], [138.18548, 35.212492], [138.184899, 35.213828], [138.184059, 35.214414], [138.184141, 35.2147], [138.184434, 35.214841], [138.184809, 35.215269], [138.184456, 35.216416], [138.184529, 35.216944], [138.184981, 35.217045], [138.185777, 35.216819], [138.186259, 35.21696], [138.186802, 35.217367], [138.187869, 35.218829], [138.189927, 35.219474], [138.190496, 35.219943], [138.19075, 35.220516], [138.191094, 35.220827], [138.192076, 35.221271], [138.192497, 35.221872], [138.19338, 35.222082], [138.193832, 35.222392], [138.194538, 35.223172], [138.194551, 35.223519], [138.194297, 35.224007], [138.194801, 35.224624], [138.194887, 35.225072], [138.195644, 35.224592], [138.195963, 35.224588], [138.196291, 35.224737], [138.197367, 35.225799], [138.197517, 35.226639], [138.197457, 35.227034], [138.197655, 35.227276], [138.197857, 35.22724], [138.198464, 35.226727], [138.199416, 35.226553], [138.199993, 35.226816], [138.200449, 35.227385], [138.20119, 35.227506], [138.201573, 35.227777], [138.201659, 35.228471], [138.201297, 35.228681], [138.201314, 35.229177], [138.200509, 35.230279], [138.201646, 35.230001], [138.202085, 35.230093], [138.202386, 35.230444], [138.202356, 35.230731], [138.202167, 35.230953], [138.201056, 35.231497], [138.200539, 35.232159], [138.199545, 35.23218], [138.199463, 35.232487], [138.19958, 35.233007], [138.199158, 35.233302], [138.198706, 35.233217], [138.197607, 35.232462], [138.197121, 35.232519], [138.19626, 35.232394], [138.196054, 35.232466], [138.196015, 35.232636], [138.196841, 35.23356], [138.198624, 35.234767], [138.198835, 35.235049], [138.198744, 35.23557], [138.198852, 35.235756], [138.199868, 35.235659], [138.2006, 35.236078], [138.200742, 35.236308], [138.200703, 35.236575], [138.200109, 35.237374], [138.201835, 35.238762], [138.202589, 35.239202], [138.202718, 35.239546], [138.202636, 35.239852], [138.201909, 35.240554], [138.201336, 35.240716], [138.200453, 35.241689], [138.199782, 35.241794], [138.199648, 35.242112], [138.199102, 35.242593], [138.198335, 35.244554], [138.197715, 35.245277], [138.19806, 35.246322], [138.197793, 35.246451], [138.196402, 35.246556], [138.19651, 35.247549], [138.196126, 35.247807], [138.19502, 35.247964], [138.194641, 35.248364], [138.194327, 35.249026], [138.194082, 35.249187], [138.193487, 35.249199], [138.192782, 35.248841], [138.191813, 35.249204], [138.19019, 35.249244], [138.1883, 35.248675], [138.18734, 35.248804], [138.18678, 35.248578], [138.186126, 35.249228], [138.183838, 35.249517], [138.183522, 35.249673], [138.183326, 35.250072], [138.183384, 35.252271], [138.182043, 35.252985], [138.180802, 35.254162], [138.180333, 35.254796], [138.17893, 35.255264], [138.178426, 35.255696], [138.178439, 35.25685], [138.178654, 35.257859], [138.178422, 35.25907], [138.178189, 35.259579], [138.177797, 35.25995], [138.161616, 35.256388], [138.160776, 35.256541], [138.158766, 35.256634], [138.157693, 35.256109], [138.157099, 35.256114], [138.155093, 35.256513], [138.153759, 35.257058], [138.152411, 35.257372], [138.148205, 35.256719], [138.145837, 35.25623], [138.144972, 35.256912], [138.144623, 35.257256], [138.144584, 35.257679], [138.145027, 35.258837], [138.145764, 35.259963], [138.146035, 35.260726], [138.145833, 35.2618], [138.14523, 35.262518], [138.145549, 35.263245], [138.14554, 35.263774], [138.144778, 35.264032], [138.144102, 35.264447], [138.143374, 35.26517], [138.142754, 35.26523], [138.141984, 35.265715], [138.140912, 35.266058], [138.140124, 35.26676], [138.138961, 35.266986], [138.138372, 35.267567], [138.13798, 35.2686], [138.137299, 35.269335], [138.137037, 35.270663], [138.137489, 35.271777], [138.136551, 35.273395], [138.136555, 35.274065], [138.136774, 35.274896], [138.136512, 35.275344], [138.1359, 35.275772], [138.135814, 35.276922], [138.136305, 35.278496], [138.136042, 35.282129], [138.136202, 35.282302], [138.137269, 35.282666], [138.137441, 35.283029], [138.137329, 35.283582], [138.136968, 35.284074], [138.136262, 35.284724], [138.135199, 35.285119], [138.134622, 35.28608], [138.133373, 35.286698], [138.131457, 35.287239], [138.129959, 35.288925], [138.129231, 35.290822], [138.128654, 35.291109], [138.126902, 35.292974], [138.126506, 35.293143], [138.123626, 35.293466], [138.123174, 35.294091], [138.122713, 35.294245], [138.120795, 35.294401], [138.120081, 35.29457], [138.119478, 35.295067], [138.118375, 35.295643], [138.117966, 35.296285], [138.117804, 35.296862], [138.117493, 35.29718], [138.116734, 35.297606], [138.115072, 35.298103], [138.114234, 35.300021], [138.113646, 35.300964], [138.113679, 35.301529], [138.113509, 35.301748], [138.112219, 35.301947], [138.110668, 35.301717], [138.109343, 35.302197], [138.106195, 35.302548], [138.104913, 35.303155], [138.103222, 35.303616], [138.102147, 35.303652], [138.100879, 35.303934], [138.099199, 35.303731], [138.098688, 35.304004], [138.098206, 35.304468], [138.098111, 35.304899], [138.098394, 35.306528], [138.098249, 35.307606], [138.098319, 35.309141], [138.098256, 35.309472], [138.097742, 35.310245], [138.097719, 35.310819], [138.097324, 35.311164], [138.096845, 35.311921], [138.095788, 35.312484], [138.094191, 35.313866], [138.092749, 35.314176], [138.091497, 35.315602], [138.090571, 35.315846], [138.090368, 35.316331], [138.089664, 35.31684], [138.089012, 35.31758], [138.088664, 35.318625], [138.086882, 35.320502], [138.086365, 35.321383], [138.08555, 35.321868], [138.084894, 35.322895], [138.084104, 35.323336], [138.0836, 35.323869], [138.083479, 35.324279], [138.082959, 35.324815], [138.083102, 35.325981], [138.083499, 35.326936], [138.084213, 35.327784], [138.086014, 35.330514], [138.086212, 35.331382], [138.086529, 35.331992], [138.086241, 35.333029], [138.086535, 35.334677], [138.087088, 35.335676], [138.087187, 35.336578], [138.087491, 35.337133], [138.087483, 35.338001], [138.086708, 35.337724], [138.085292, 35.337777], [138.084231, 35.338005], [138.082514, 35.338639], [138.081008, 35.340039], [138.08045, 35.341323], [138.079733, 35.342296], [138.079616, 35.343035], [138.078984, 35.343534], [138.076981, 35.344318], [138.076413, 35.343989], [138.075449, 35.344222], [138.074413, 35.344949], [138.073532, 35.345148], [138.071216, 35.347063], [138.070631, 35.347334], [138.070332, 35.347419], [138.068523, 35.346976], [138.066494, 35.34716], [138.065702, 35.346998], [138.064891, 35.347282], [138.064208, 35.347352], [138.0629, 35.347109], [138.061209, 35.347146], [138.060062, 35.346374], [138.059085, 35.345084], [138.057753, 35.344529], [138.057104, 35.343951], [138.056757, 35.343845], [138.055738, 35.344057], [138.055582, 35.343983], [138.055479, 35.343604], [138.055596, 35.342436], [138.055166, 35.339773], [138.054693, 35.33918], [138.054337, 35.338456], [138.052944, 35.337427], [138.051829, 35.336207], [138.051033, 35.335645], [138.050636, 35.335467], [138.048479, 35.335016], [138.047835, 35.335024], [138.045731, 35.335378], [138.044244, 35.335197], [138.043316, 35.335237], [138.042184, 35.334825], [138.039541, 35.334193], [138.038391, 35.333699], [138.037726, 35.33311], [138.03742, 35.332601], [138.037779, 35.331739], [138.037495, 35.331152], [138.037534, 35.330963], [138.038183, 35.330433], [138.038566, 35.329542], [138.038591, 35.32894], [138.039197, 35.327161], [138.039206, 35.326141], [138.038688, 35.325915], [138.036526, 35.325567], [138.035394, 35.325106], [138.033347, 35.324012], [138.032765, 35.32333], [138.031433, 35.322548], [138.031191, 35.322034], [138.028905, 35.321704], [138.028206, 35.321248], [138.026674, 35.320779], [138.026182, 35.320407], [138.025972, 35.319701], [138.025826, 35.318286], [138.025814, 35.317949], [138.026306, 35.31739], [138.026301, 35.316632], [138.026014, 35.315792], [138.026453, 35.315427], [138.026662, 35.313709], [138.026855, 35.313429], [138.027123, 35.313296], [138.02771, 35.311967], [138.02771, 35.311564], [138.027304, 35.311114], [138.027201, 35.310693], [138.026769, 35.310157], [138.026609, 35.30964], [138.025745, 35.308967], [138.025189, 35.307952], [138.02474, 35.307612], [138.024307, 35.307471], [138.024027, 35.307133], [138.023754, 35.306189], [138.023923, 35.305627], [138.023862, 35.305401], [138.022514, 35.304554], [138.021839, 35.303659], [138.021721, 35.30315], [138.02132, 35.30276], [138.02027, 35.302167], [138.019723, 35.301496], [138.018774, 35.301072], [138.018725, 35.300113], [138.018477, 35.299458], [138.018921, 35.29819], [138.018195, 35.294363], [138.018101, 35.29422], [138.01761, 35.294293], [138.016336, 35.293459], [138.01576, 35.292913], [138.014794, 35.292501], [138.01442, 35.292219], [138.014044, 35.291437], [138.013573, 35.290951], [138.013384, 35.290114], [138.012416, 35.289161], [138.012235, 35.288678], [138.012253, 35.288257], [138.012561, 35.287804], [138.012364, 35.287308], [138.012985, 35.286444], [138.013266, 35.28575], [138.013091, 35.285116], [138.012737, 35.284605], [138.012847, 35.284278], [138.01276, 35.283952], [138.012806, 35.28356], [138.013331, 35.2828], [138.013279, 35.282038], [138.013647, 35.281289], [138.013426, 35.280639], [138.013499, 35.279659], [138.013112, 35.279149], [138.013167, 35.278381], [138.01258, 35.277832], [138.012453, 35.277535], [138.012778, 35.276768], [138.013405, 35.275901], [138.013571, 35.274861], [138.014254, 35.274053], [138.014332, 35.273691], [138.014112, 35.273459], [138.013553, 35.273202], [138.011161, 35.272392], [138.010723, 35.27197], [138.010371, 35.27138], [138.008132, 35.269443], [138.007884, 35.269018], [138.007799, 35.268518], [138.007556, 35.268236], [138.006405, 35.267653], [138.005775, 35.266977], [138.005002, 35.266906], [138.004528, 35.266678], [138.004045, 35.265746], [138.002771, 35.264847], [138.00134, 35.264455], [138.00144, 35.263486], [138.001232, 35.262991], [138.000601, 35.262165], [138.000461, 35.261374], [138.000723, 35.260785], [138.001315, 35.260243], [138.001687, 35.259371], [138.003318, 35.258609], [138.004279, 35.258838], [138.004536, 35.258645], [138.004861, 35.258637], [138.005506, 35.259037], [138.006247, 35.259306], [138.007916, 35.259647], [138.010227, 35.259638], [138.011553, 35.25904], [138.013096, 35.258861], [138.013288, 35.258543], [138.013356, 35.258011], [138.014202, 35.256931], [138.014553, 35.255945], [138.015133, 35.255134], [138.015473, 35.253189], [138.015836, 35.252397], [138.015336, 35.251961], [138.015023, 35.251199], [138.014408, 35.250483], [138.0147, 35.249245], [138.014174, 35.248392], [138.014038, 35.247486], [138.01418, 35.246752], [138.013156, 35.245531], [138.013027, 35.244791], [138.012485, 35.243856], [138.012284, 35.242843], [138.012326, 35.241741], [138.012912, 35.241206], [138.01358, 35.240958], [138.014565, 35.240812], [138.015038, 35.24042], [138.015471, 35.240292], [138.016115, 35.239521], [138.017049, 35.239262], [138.017427, 35.23843], [138.017811, 35.238013], [138.018186, 35.236975], [138.018444, 35.236878], [138.019498, 35.236878], [138.02011, 35.236712], [138.020817, 35.236261], [138.021392, 35.236066], [138.022255, 35.235315], [138.02389, 35.234662], [138.024341, 35.234177], [138.0249, 35.233936], [138.025324, 35.233528], [138.025761, 35.233386], [138.026537, 35.232866], [138.026784, 35.232569], [138.026805, 35.231874], [138.030474, 35.231067], [138.031362, 35.230499], [138.031934, 35.229566], [138.032888, 35.229169], [138.033781, 35.228261], [138.034843, 35.227985], [138.03524, 35.228009], [138.035824, 35.228351], [138.036066, 35.228248], [138.03636, 35.227678], [138.036423, 35.22724], [138.035552, 35.226285], [138.034884, 35.225232], [138.034621, 35.224033], [138.033247, 35.221889], [138.032908, 35.220714], [138.033004, 35.220354], [138.033451, 35.219976], [138.034268, 35.218536], [138.0344, 35.217694], [138.034276, 35.216919], [138.0344, 35.216566], [138.034266, 35.2161], [138.034901, 35.214973], [138.034838, 35.214552], [138.035022, 35.214266], [138.034869, 35.213554], [138.035044, 35.212634], [138.035746, 35.21176], [138.036071, 35.211574], [138.036364, 35.21095], [138.035435, 35.21045], [138.034724, 35.209409], [138.032403, 35.20705], [138.031831, 35.20584], [138.030262, 35.204406], [138.029242, 35.202814], [138.028949, 35.202565], [138.027778, 35.202006], [138.027473, 35.201618], [138.027321, 35.201057], [138.027584, 35.200382], [138.027471, 35.199491], [138.02785, 35.198849], [138.027741, 35.197551], [138.028588, 35.196271], [138.025104, 35.194749], [138.023983, 35.194766], [138.022822, 35.194155], [138.021359, 35.193959], [138.020831, 35.193457], [138.020558, 35.192727], [138.019283, 35.192283], [138.018326, 35.191471], [138.017262, 35.19088], [138.016926, 35.190052], [138.015949, 35.18972], [138.015639, 35.189191], [138.015648, 35.188785], [138.015837, 35.188296], [138.016485, 35.187547], [138.016498, 35.187242], [138.015465, 35.186378], [138.014742, 35.185132], [138.013428, 35.18375], [138.012937, 35.182814], [138.012846, 35.181876], [138.01267, 35.181439], [138.010781, 35.180303], [138.01054, 35.17913], [138.010142, 35.178382], [138.009536, 35.178056], [138.008744, 35.178274], [138.008003, 35.178091], [138.007246, 35.177288], [138.006955, 35.176367], [138.006478, 35.17593], [138.006079, 35.17532], [138.005926, 35.174249], [138.005432, 35.173673], [138.005047, 35.172904], [138.005044, 35.172295], [138.005329, 35.171507], [138.0055, 35.170276], [138.004989, 35.169394], [138.004792, 35.168422], [138.00436, 35.168029], [138.002724, 35.167594], [138.000749, 35.166583], [138.000564, 35.166362], [138.000494, 35.165691], [137.999961, 35.165143], [137.999065, 35.163498], [137.999059, 35.162464], [138.000138, 35.160493], [137.999852, 35.15971], [137.999925, 35.158476], [137.99915, 35.157445], [137.999074, 35.156609], [137.998503, 35.155975], [137.998413, 35.155702], [137.999293, 35.154614], [138.000023, 35.154264], [138.000423, 35.153853], [138.001469, 35.153382], [138.001715, 35.152897], [138.001686, 35.152157], [138.000653, 35.150351], [138.000636, 35.149469], [138.000163, 35.147968], [137.999639, 35.147193], [137.999322, 35.146173], [138.000612, 35.144763], [138.001717, 35.143799], [138.002951, 35.143688], [138.006369, 35.142929], [138.00633, 35.141442], [138.006462, 35.140414], [138.006889, 35.139522], [138.007424, 35.138837], [138.007225, 35.138047], [138.006877, 35.13754], [138.006883, 35.136909], [138.006552, 35.135475], [138.007508, 35.134814], [138.007619, 35.134233], [138.008401, 35.132474], [138.009016, 35.132059], [138.011037, 35.1295], [138.011055, 35.128514], [138.011306, 35.127806], [138.014065, 35.127772], [138.014759, 35.127482], [138.015694, 35.127312], [138.017951, 35.127735], [138.021493, 35.127161], [138.0226, 35.127175], [138.022685, 35.127175], [138.023404, 35.1273], [138.025069, 35.12791], [138.026389, 35.128252], [138.027289, 35.129044], [138.028012, 35.129381], [138.028597, 35.129206], [138.029468, 35.128528], [138.030281, 35.127358], [138.030817, 35.126878], [138.033403, 35.126554], [138.035395, 35.125836], [138.036021, 35.125004], [138.036841, 35.123049], [138.03777, 35.122168], [138.038004, 35.121049], [138.039575, 35.119199], [138.040517, 35.118529], [138.041813, 35.118132], [138.042109, 35.117904], [138.042571, 35.117337], [138.04284, 35.116577], [138.04345, 35.115887], [138.044746, 35.114923], [138.045328, 35.114298], [138.046025, 35.113915], [138.046569, 35.113809], [138.047251, 35.113333], [138.047848, 35.113122], [138.048328, 35.112411], [138.049114, 35.11161], [138.050391, 35.111384], [138.051534, 35.110961], [138.051961, 35.110641], [138.053234, 35.110598], [138.053564, 35.110449], [138.054197, 35.109434], [138.054352, 35.10873], [138.05523, 35.107808], [138.055896, 35.106705], [138.056373, 35.106364], [138.05831, 35.105806], [138.058699, 35.105172], [138.058339, 35.10498], [138.057056, 35.104732], [138.056038, 35.104141], [138.055351, 35.103453], [138.054989, 35.102766], [138.05412, 35.101745], [138.052825, 35.100926], [138.050437, 35.098605], [138.049791, 35.098154], [138.049662, 35.097546], [138.050111, 35.096399], [138.049555, 35.095609], [138.048904, 35.093955], [138.048092, 35.09312], [138.047975, 35.092188], [138.047689, 35.091491], [138.047652, 35.090687], [138.047212, 35.089468], [138.046902, 35.089127], [138.044816, 35.088106], [138.044538, 35.087695], [138.044503, 35.08703], [138.044731, 35.085611], [138.044159, 35.084796], [138.044028, 35.084332], [138.044224, 35.081584], [138.044783, 35.080972], [138.044479, 35.079579], [138.045033, 35.078236], [138.045836, 35.077598], [138.045896, 35.077261], [138.045877, 35.075995], [138.045654, 35.074433], [138.045413, 35.073998], [138.045171, 35.07264], [138.043822, 35.071946], [138.043115, 35.071351], [138.042279, 35.071032], [138.041357, 35.07], [138.040013, 35.069484], [138.039179, 35.06856], [138.03837, 35.06729], [138.038663, 35.066562], [138.039578, 35.065949], [138.039895, 35.06552], [138.040027, 35.064981], [138.04003, 35.063619], [138.040708, 35.06162], [138.041315, 35.060962], [138.042521, 35.060176], [138.042925, 35.058757], [138.043946, 35.056819], [138.043941, 35.055373], [138.043406, 35.054583], [138.043295, 35.054152], [138.043259, 35.053329], [138.043439, 35.052359], [138.043773, 35.051868], [138.044402, 35.051651], [138.0467, 35.049846], [138.047294, 35.048977], [138.04734, 35.048752], [138.047099, 35.048341], [138.047042, 35.04785], [138.047434, 35.046684], [138.048276, 35.045311], [138.048503, 35.04366], [138.048373, 35.042326], [138.047377, 35.040728], [138.047344, 35.039009], [138.047097, 35.038695], [138.045548, 35.037608], [138.044815, 35.036896], [138.043258, 35.035869], [138.041594, 35.035337], [138.039861, 35.035259], [138.039402, 35.035129], [138.037892, 35.034102], [138.035627, 35.033076], [138.033974, 35.031893], [138.032474, 35.031268], [138.032018, 35.030436], [138.030906, 35.028954], [138.030231, 35.02832], [138.029044, 35.027585], [138.027876, 35.027234], [138.026596, 35.027068], [138.02401, 35.025231], [138.022621, 35.024593], [138.022115, 35.024644], [138.020602, 35.024357], [138.019448, 35.025359], [138.019095, 35.02586], [138.018638, 35.02592], [138.017724, 35.02561], [138.016844, 35.024695], [138.015608, 35.024527], [138.014281, 35.023935], [138.013585, 35.0233], [138.013391, 35.022742], [138.01372, 35.022207], [138.015166, 35.021185], [138.015811, 35.020442], [138.016046, 35.020396], [138.016579, 35.020674], [138.01715, 35.020751], [138.017427, 35.021583], [138.01803, 35.021896], [138.018694, 35.021353], [138.019601, 35.019892], [138.021015, 35.018628], [138.022456, 35.01811], [138.024243, 35.018073], [138.025142, 35.017788], [138.025724, 35.017376], [138.026246, 35.016051], [138.025948, 35.01504], [138.026156, 35.014136], [138.026004, 35.012998], [138.026783, 35.012468], [138.027025, 35.011907], [138.0276, 35.011862], [138.028124, 35.011516], [138.02999, 35.011297], [138.0305, 35.010359], [138.032017, 35.009813], [138.032907, 35.008806], [138.033131, 35.007881], [138.034045, 35.006351], [138.034413, 35.005122], [138.033674, 35.004796], [138.03339, 35.004463], [138.033552, 35.003521], [138.033986, 35.002639], [138.034653, 35.002008], [138.034832, 35.001391], [138.034817, 35.000369], [138.035834, 34.998877], [138.03614, 34.998982], [138.037204, 34.998483], [138.03754, 34.998663], [138.038263, 34.998792], [138.039886, 34.998724], [138.040848, 34.999049], [138.041806, 34.999075], [138.042681, 34.999328], [138.044726, 34.999495], [138.045313, 34.999074], [138.045641, 34.99899], [138.047443, 34.999144], [138.047904, 34.999035], [138.048194, 34.998809], [138.048941, 34.998764], [138.050202, 34.99949], [138.051685, 34.999944], [138.053597, 35.000902], [138.055389, 35.001092], [138.055784, 35.001027], [138.056357, 35.000734], [138.057507, 35.000502], [138.058935, 34.999561], [138.060788, 34.999541], [138.062763, 35.000347], [138.064935, 34.998894], [138.066782, 34.997209], [138.068832, 34.996533], [138.071488, 34.996787], [138.072382, 34.995149], [138.075677, 34.99117], [138.076256, 34.989864], [138.076287, 34.988934], [138.075904, 34.98762], [138.073257, 34.983526], [138.073339, 34.983185], [138.075922, 34.981459], [138.077568, 34.980732], [138.079355, 34.980503], [138.082484, 34.980726], [138.083422, 34.980622], [138.086139, 34.979101], [138.08671, 34.978628], [138.086987, 34.978226], [138.08714, 34.977617], [138.087019, 34.976844], [138.086596, 34.975745], [138.086123, 34.975123], [138.085646, 34.974702], [138.084899, 34.974357], [138.082414, 34.973521], [138.082211, 34.972733], [138.082387, 34.972514], [138.084793, 34.972556], [138.086043, 34.972813], [138.087346, 34.972846], [138.088891, 34.97233], [138.089282, 34.972298], [138.089579, 34.973345], [138.091089, 34.975276], [138.091387, 34.975882], [138.093113, 34.97697], [138.094771, 34.977578], [138.096192, 34.978896], [138.097402, 34.980418], [138.097825, 34.980769], [138.098908, 34.981332], [138.099096, 34.981365], [138.099331, 34.98112], [138.100143, 34.979393], [138.100648, 34.978935], [138.101743, 34.978321], [138.10263, 34.977561], [138.103052, 34.976495], [138.1036, 34.977184], [138.103357, 34.977406], [138.102833, 34.97866], [138.102141, 34.979467], [138.101812, 34.980198], [138.101797, 34.980812], [138.10157, 34.981294], [138.101042, 34.983799], [138.101214, 34.984481], [138.101175, 34.985952], [138.101464, 34.98725], [138.1013, 34.988346], [138.101468, 34.989012], [138.101429, 34.989723], [138.102821, 34.990846], [138.103036, 34.991178], [138.10313, 34.99168], [138.103486, 34.992382], [138.103635, 34.994019], [138.10458, 34.994954], [138.105097, 34.99655], [138.106125, 34.996823], [138.106903, 34.996527], [138.10819, 34.996463], [138.109123, 34.997231], [138.111171, 34.999554], [138.114548, 34.999509], [138.115045, 34.998887], [138.115819, 34.998536], [138.117207, 34.999412], [138.117504, 34.999753], [138.119014, 35.000207], [138.119369, 35.00042], [138.119469, 35.000964], [138.119706, 35.001229], [138.119479, 35.00148], [138.119214, 35.002276], [138.119887, 35.003136], [138.12022, 35.004073], [138.120709, 35.004764], [138.120917, 35.006081], [138.120913, 35.008344], [138.121416, 35.009199], [138.12191, 35.010556], [138.122546, 35.011112], [138.122732, 35.011494], [138.122832, 35.012781], [138.122641, 35.013116], [138.12248, 35.014554], [138.121863, 35.015666], [138.12183, 35.016306], [138.12194, 35.016486], [138.123097, 35.017058], [138.125313, 35.019009], [138.126575, 35.019481], [138.12693, 35.019991], [138.127825, 35.020549], [138.128669, 35.02136], [138.128684, 35.02194], [138.127936, 35.023993], [138.127089, 35.025473], [138.126641, 35.025839], [138.126567, 35.026302], [138.127696, 35.027689], [138.129046, 35.028742], [138.129257, 35.029214], [138.130301, 35.029448], [138.131007, 35.029842], [138.132136, 35.030016], [138.133701, 35.031331], [138.134215, 35.031418], [138.134814, 35.031306], [138.135207, 35.031372], [138.135658, 35.032132], [138.136028, 35.033246], [138.137612, 35.033984], [138.137919, 35.034792], [138.138348, 35.035413], [138.138699, 35.035834], [138.139288, 35.0362], [138.139144, 35.037257], [138.138685, 35.037851], [138.138385, 35.038872], [138.138418, 35.039163], [138.139158, 35.039974], [138.139424, 35.040682], [138.139732, 35.041034], [138.139713, 35.041757], [138.140005, 35.042362], [138.141269, 35.043784], [138.141721, 35.044091], [138.141774, 35.044199], [138.141409, 35.044751], [138.141482, 35.045001], [138.142693, 35.045889], [138.143659, 35.046045], [138.144332, 35.047295], [138.146154, 35.048641], [138.147016, 35.050512], [138.147149, 35.051793], [138.147016, 35.052237], [138.147063, 35.052884], [138.146847, 35.053363], [138.146754, 35.054232], [138.146031, 35.055345], [138.145915, 35.055754], [138.146499, 35.056349], [138.146396, 35.056997], [138.146957, 35.057846], [138.147564, 35.058112], [138.149465, 35.059733], [138.149561, 35.06088], [138.149823, 35.061219], [138.152899, 35.062546], [138.153537, 35.062213], [138.154311, 35.062006], [138.154771, 35.061656], [138.155732, 35.061314], [138.156085, 35.06104], [138.157966, 35.060531], [138.159427, 35.059395], [138.160039, 35.059251], [138.160529, 35.05877], [138.160554, 35.058253], [138.160872, 35.057868], [138.160877, 35.057518], [138.160113, 35.056528], [138.159858, 35.055769], [138.159324, 35.054974], [138.159182, 35.054214], [138.159672, 35.053507], [138.159726, 35.052719], [138.158525, 35.050401], [138.158466, 35.049766], [138.159108, 35.048442], [138.159118, 35.047647], [138.15926, 35.047408], [138.159598, 35.047217], [138.160471, 35.047193], [138.161068, 35.046267], [138.161225, 35.04635], [138.161504, 35.047114], [138.16145, 35.04746], [138.161641, 35.047742], [138.161661, 35.048251], [138.16222, 35.048541], [138.162474, 35.049221], [138.163288, 35.049559], [138.163469, 35.049766], [138.163479, 35.050847], [138.16367, 35.051292], [138.163675, 35.051908], [138.164552, 35.052465], [138.165243, 35.053209], [138.164919, 35.055216], [138.165463, 35.055021], [138.166581, 35.054258], [138.167531, 35.053344], [138.168643, 35.052676], [138.170609, 35.053074], [138.170789, 35.053265], [138.170966, 35.054036], [138.17125, 35.054274], [138.171696, 35.054199], [138.172186, 35.05363], [138.172583, 35.053396], [138.172951, 35.05363], [138.173102, 35.054016], [138.173519, 35.05435], [138.173582, 35.054871], [138.173328, 35.05563], [138.172367, 35.055399], [138.171971, 35.055602], [138.171799, 35.055861], [138.171961, 35.056437], [138.171549, 35.056735], [138.171598, 35.057356], [138.171721, 35.057427], [138.172475, 35.05728], [138.172872, 35.057546], [138.17298, 35.057852], [138.172357, 35.058997], [138.17177, 35.059315], [138.171961, 35.059876], [138.171495, 35.061069], [138.172402, 35.062639], [138.172936, 35.062902], [138.173328, 35.063331], [138.174077, 35.06343], [138.17494, 35.063394], [138.175244, 35.062941], [138.175876, 35.062599], [138.176459, 35.061764], [138.178213, 35.060842], [138.178674, 35.061418], [138.17936, 35.061947], [138.180467, 35.062532], [138.18253, 35.064019], [138.183245, 35.064285], [138.184804, 35.064158], [138.185201, 35.063724], [138.186048, 35.063203], [138.186602, 35.061927], [138.187749, 35.06155], [138.188405, 35.0611], [138.18864, 35.060389], [138.189189, 35.059522], [138.189919, 35.059264], [138.192085, 35.05757], [138.192619, 35.057463], [138.19405, 35.056493], [138.194324, 35.055773], [138.194756, 35.055324], [138.195544, 35.055117], [138.195598, 35.054939], [138.196607, 35.0547], [138.196652, 35.053638], [138.197186, 35.053249], [138.197906, 35.052004], [138.198048, 35.051428], [138.199492, 35.050142]]]}}, {"type": "Feature", "properties": {"pref_code": "22", "pref_name": "静岡県", "municipality_code": "22461", "municipality_name": "森町", "ward_name": "", "display_name": "森町", "geometry_key": "22461"}, "geometry": {"type": "Polygon", "coordinates": [[[138.009963, 34.975617], [138.0095, 34.975407], [138.009383, 34.974857], [138.008768, 34.974535], [138.007537, 34.974279], [138.006648, 34.973686], [138.005889, 34.973639], [138.004096, 34.973193], [138.003364, 34.972714], [138.003217, 34.972361], [138.003506, 34.971033], [138.003476, 34.97042], [138.003792, 34.969831], [138.003781, 34.969293], [138.004179, 34.968857], [138.003852, 34.96818], [138.004554, 34.967838], [138.004682, 34.967529], [138.004502, 34.967291], [138.003822, 34.967084], [138.003811, 34.966338], [138.003067, 34.965816], [138.002846, 34.965024], [138.00229, 34.964529], [138.001482, 34.964435], [138.000656, 34.964855], [137.999751, 34.96582], [137.999256, 34.966154], [137.998647, 34.967081], [137.998116, 34.967466], [137.997293, 34.967828], [137.996796, 34.968267], [137.996194, 34.968317], [137.995692, 34.968173], [137.994979, 34.968178], [137.994281, 34.968384], [137.993625, 34.968752], [137.992504, 34.968146], [137.991661, 34.968103], [137.99029, 34.967666], [137.989718, 34.966909], [137.989703, 34.966369], [137.989935, 34.965826], [137.989704, 34.965331], [137.9888, 34.965386], [137.987961, 34.965602], [137.987147, 34.965576], [137.986704, 34.965765], [137.986174, 34.966399], [137.985726, 34.966561], [137.984511, 34.966514], [137.984155, 34.96617], [137.983499, 34.965919], [137.98135, 34.967074], [137.980534, 34.966339], [137.979926, 34.966188], [137.979698, 34.965597], [137.981051, 34.964762], [137.981981, 34.964349], [137.982466, 34.964484], [137.981979, 34.963402], [137.984059, 34.9631], [137.984671, 34.962833], [137.985319, 34.96226], [137.985953, 34.962046], [137.986685, 34.96197], [137.987566, 34.962056], [137.987674, 34.961956], [137.986883, 34.961453], [137.985403, 34.961754], [137.984576, 34.961613], [137.982979, 34.960997], [137.981743, 34.959698], [137.981356, 34.959051], [137.9811, 34.95819], [137.980492, 34.957674], [137.979007, 34.957706], [137.977258, 34.957552], [137.976468, 34.957854], [137.975764, 34.957909], [137.975417, 34.957827], [137.974739, 34.95732], [137.974221, 34.958001], [137.973861, 34.958256], [137.973415, 34.958346], [137.972692, 34.958229], [137.971566, 34.958947], [137.97081, 34.958881], [137.970391, 34.958399], [137.97063, 34.95774], [137.970444, 34.957328], [137.9705, 34.956716], [137.970394, 34.956568], [137.968547, 34.955764], [137.968249, 34.955466], [137.967319, 34.955343], [137.965827, 34.95538], [137.964724, 34.955069], [137.96412, 34.953563], [137.964139, 34.952413], [137.9636, 34.951373], [137.963302, 34.949869], [137.962875, 34.949263], [137.962742, 34.94827], [137.962521, 34.947991], [137.960658, 34.947624], [137.959359, 34.947667], [137.958231, 34.947303], [137.956937, 34.947199], [137.955231, 34.946787], [137.953531, 34.947563], [137.951569, 34.948132], [137.949447, 34.9492], [137.947739, 34.949498], [137.947109, 34.949294], [137.945066, 34.94807], [137.943657, 34.946691], [137.942752, 34.946097], [137.941868, 34.946781], [137.941043, 34.947213], [137.940409, 34.947378], [137.938313, 34.947461], [137.937531, 34.946343], [137.936535, 34.945926], [137.935797, 34.945253], [137.935881, 34.943566], [137.935032, 34.943111], [137.934491, 34.942337], [137.933719, 34.942385], [137.932999, 34.942584], [137.930491, 34.94142], [137.930142, 34.94061], [137.928929, 34.940223], [137.928584, 34.93995], [137.928229, 34.939273], [137.928058, 34.938449], [137.928264, 34.937868], [137.927813, 34.937832], [137.92748, 34.937653], [137.927092, 34.936045], [137.926179, 34.934849], [137.925473, 34.934335], [137.924503, 34.933943], [137.924325, 34.933488], [137.924029, 34.933229], [137.922944, 34.932786], [137.922109, 34.931444], [137.920781, 34.930241], [137.919956, 34.929683], [137.917652, 34.927336], [137.916803, 34.927256], [137.91587, 34.926783], [137.91556, 34.926755], [137.914929, 34.927431], [137.914369, 34.927736], [137.91405, 34.928182], [137.913325, 34.928659], [137.912983, 34.929272], [137.912464, 34.929494], [137.911468, 34.929178], [137.910027, 34.929421], [137.90919, 34.929071], [137.908189, 34.929089], [137.907577, 34.928869], [137.907954, 34.927094], [137.908271, 34.926423], [137.908414, 34.925198], [137.90799, 34.924869], [137.907298, 34.923896], [137.907118, 34.922863], [137.906632, 34.922187], [137.905686, 34.921233], [137.904349, 34.921418], [137.903844, 34.921186], [137.903506, 34.920358], [137.903103, 34.919956], [137.903161, 34.919544], [137.902896, 34.919114], [137.903289, 34.918089], [137.903328, 34.917481], [137.904163, 34.916334], [137.904279, 34.915699], [137.904581, 34.915186], [137.904563, 34.914716], [137.904954, 34.914126], [137.904997, 34.913626], [137.906089, 34.912947], [137.906581, 34.91278], [137.906827, 34.911521], [137.906957, 34.911423], [137.907624, 34.911748], [137.907778, 34.911121], [137.908138, 34.910839], [137.908009, 34.910638], [137.907524, 34.910497], [137.907465, 34.909981], [137.906876, 34.909114], [137.907037, 34.908803], [137.907528, 34.908719], [137.908088, 34.908433], [137.907785, 34.907976], [137.907819, 34.907428], [137.907423, 34.907179], [137.907455, 34.906907], [137.909349, 34.905553], [137.911119, 34.905165], [137.912619, 34.904088], [137.913894, 34.903818], [137.914335, 34.903524], [137.914722, 34.902961], [137.915018, 34.902772], [137.919166, 34.901541], [137.919319, 34.901077], [137.919261, 34.899906], [137.919716, 34.899403], [137.919962, 34.898059], [137.920584, 34.897819], [137.921037, 34.897409], [137.921199, 34.896807], [137.921082, 34.896457], [137.920361, 34.896089], [137.920079, 34.895684], [137.920159, 34.894849], [137.919923, 34.894184], [137.920131, 34.893248], [137.919566, 34.892949], [137.918963, 34.892342], [137.918304, 34.891993], [137.917356, 34.89116], [137.916995, 34.891021], [137.915804, 34.891461], [137.914826, 34.891431], [137.914266, 34.891583], [137.913464, 34.891526], [137.912162, 34.891152], [137.911939, 34.89123], [137.910672, 34.890838], [137.909929, 34.890861], [137.909186, 34.891061], [137.90927, 34.890098], [137.909086, 34.888901], [137.909469, 34.887946], [137.90942, 34.886483], [137.909791, 34.885419], [137.909582, 34.884678], [137.908813, 34.883257], [137.909114, 34.882194], [137.908285, 34.881801], [137.907771, 34.88105], [137.907257, 34.880644], [137.905943, 34.880562], [137.905098, 34.880216], [137.904192, 34.88023], [137.903886, 34.878967], [137.903721, 34.878835], [137.902957, 34.879051], [137.902487, 34.878946], [137.902082, 34.878385], [137.901902, 34.877827], [137.901422, 34.877392], [137.900825, 34.876337], [137.900307, 34.87608], [137.899546, 34.875937], [137.898631, 34.874894], [137.896963, 34.874643], [137.896547, 34.873592], [137.895738, 34.872472], [137.895799, 34.871934], [137.895114, 34.871553], [137.894401, 34.870631], [137.893476, 34.87049], [137.893052, 34.870244], [137.892307, 34.869281], [137.892209, 34.868834], [137.892372, 34.867213], [137.892696, 34.866936], [137.892782, 34.866611], [137.892596, 34.866251], [137.891903, 34.865945], [137.891559, 34.865618], [137.891114, 34.864356], [137.89136, 34.86393], [137.890775, 34.86318], [137.890747, 34.862511], [137.89027, 34.86213], [137.88912, 34.861884], [137.888247, 34.861461], [137.886054, 34.859668], [137.885408, 34.859566], [137.884437, 34.858433], [137.883414, 34.858575], [137.882985, 34.858329], [137.881397, 34.857796], [137.881225, 34.857606], [137.88102, 34.856834], [137.881218, 34.856143], [137.880421, 34.855449], [137.879981, 34.855459], [137.8796, 34.855254], [137.879427, 34.854143], [137.880339, 34.853472], [137.880488, 34.853079], [137.881072, 34.852548], [137.880726, 34.851854], [137.880567, 34.851151], [137.88005, 34.850774], [137.879994, 34.850137], [137.880511, 34.849492], [137.881392, 34.848928], [137.882959, 34.847381], [137.88384, 34.845196], [137.884128, 34.844827], [137.884138, 34.844536], [137.88467, 34.843709], [137.883597, 34.843476], [137.882754, 34.842702], [137.882266, 34.841703], [137.882109, 34.841038], [137.881348, 34.839825], [137.88145, 34.839337], [137.88059, 34.838672], [137.880178, 34.838623], [137.879547, 34.838737], [137.878689, 34.838442], [137.87774, 34.838357], [137.87689, 34.838748], [137.876352, 34.838539], [137.875923, 34.838839], [137.875149, 34.83816], [137.873951, 34.838006], [137.873464, 34.838076], [137.872852, 34.837451], [137.872798, 34.837134], [137.873622, 34.836556], [137.874213, 34.83566], [137.874699, 34.83521], [137.874842, 34.834912], [137.874826, 34.834309], [137.875236, 34.834001], [137.875325, 34.833705], [137.876041, 34.833264], [137.876356, 34.832856], [137.875876, 34.831781], [137.873924, 34.83161], [137.872745, 34.830774], [137.872693, 34.830594], [137.873059, 34.829496], [137.873734, 34.828791], [137.873626, 34.826944], [137.872986, 34.826675], [137.871963, 34.825887], [137.871634, 34.825282], [137.871893, 34.822824], [137.872553, 34.822359], [137.872987, 34.822115], [137.873343, 34.821619], [137.873348, 34.82126], [137.87307, 34.820523], [137.874455, 34.818653], [137.874271, 34.818098], [137.874271, 34.817554], [137.87524, 34.817228], [137.875619, 34.816504], [137.87738, 34.815641], [137.877887, 34.814746], [137.878215, 34.814508], [137.878654, 34.81443], [137.878721, 34.814118], [137.878918, 34.814053], [137.878946, 34.813755], [137.87911, 34.81375], [137.879158, 34.813616], [137.879917, 34.8133], [137.880315, 34.813361], [137.883397, 34.814227], [137.883645, 34.814388], [137.885591, 34.814827], [137.886739, 34.814442], [137.887338, 34.813944], [137.888739, 34.813923], [137.889305, 34.813644], [137.890338, 34.813691], [137.890861, 34.813554], [137.890592, 34.812817], [137.890566, 34.811883], [137.890723, 34.811503], [137.891213, 34.810987], [137.891238, 34.810784], [137.891065, 34.810544], [137.890609, 34.810308], [137.890344, 34.809393], [137.891351, 34.808458], [137.891164, 34.807543], [137.890751, 34.806894], [137.890596, 34.805838], [137.889885, 34.804728], [137.889851, 34.80441], [137.890198, 34.802747], [137.890829, 34.802105], [137.89085, 34.801394], [137.889971, 34.79943], [137.88946, 34.798706], [137.889282, 34.798104], [137.888715, 34.797717], [137.888472, 34.795496], [137.888806, 34.794521], [137.887783, 34.794129], [137.887773, 34.79393], [137.888154, 34.793568], [137.88839, 34.793081], [137.888201, 34.792638], [137.885351, 34.791601], [137.886417, 34.789412], [137.886832, 34.788201], [137.88471, 34.787538], [137.884909, 34.786945], [137.88396, 34.786676], [137.884204, 34.785843], [137.883782, 34.785746], [137.883783, 34.785554], [137.884217, 34.784269], [137.884427, 34.7843], [137.885541, 34.785758], [137.886759, 34.785635], [137.887968, 34.785792], [137.888851, 34.786089], [137.888876, 34.786446], [137.889383, 34.786826], [137.891928, 34.787615], [137.892061, 34.787606], [137.892301, 34.787152], [137.89307, 34.786549], [137.896643, 34.787752], [137.897944, 34.788841], [137.898827, 34.790742], [137.898999, 34.791416], [137.900261, 34.792442], [137.900843, 34.793125], [137.901484, 34.794254], [137.901659, 34.794993], [137.902099, 34.795869], [137.902999, 34.796476], [137.90401, 34.796859], [137.90555, 34.797322], [137.906836, 34.797566], [137.907527, 34.796494], [137.906463, 34.794129], [137.906814, 34.794034], [137.907466, 34.79347], [137.908233, 34.793094], [137.908996, 34.793859], [137.910024, 34.794183], [137.910753, 34.794701], [137.911166, 34.794802], [137.912329, 34.794691], [137.912664, 34.794778], [137.912795, 34.794926], [137.912631, 34.795457], [137.912944, 34.795786], [137.913844, 34.796071], [137.914198, 34.796324], [137.914599, 34.796304], [137.915233, 34.7965], [137.915952, 34.796995], [137.91891, 34.796703], [137.920407, 34.796992], [137.921153, 34.797717], [137.922064, 34.799275], [137.922859, 34.799817], [137.92265, 34.800226], [137.922095, 34.800724], [137.922384, 34.80196], [137.922967, 34.802686], [137.922948, 34.803127], [137.923506, 34.803527], [137.923599, 34.804117], [137.92419, 34.804761], [137.924605, 34.805464], [137.924782, 34.806446], [137.925401, 34.807074], [137.925615, 34.807519], [137.925599, 34.807849], [137.926489, 34.807882], [137.927127, 34.807708], [137.927979, 34.807817], [137.928425, 34.807624], [137.929867, 34.807692], [137.930388, 34.809513], [137.931113, 34.809794], [137.932308, 34.810951], [137.932067, 34.811132], [137.932027, 34.811325], [137.932352, 34.812031], [137.932494, 34.813192], [137.933522, 34.814174], [137.933764, 34.815001], [137.93375, 34.815405], [137.93395, 34.815687], [137.933592, 34.81634], [137.933426, 34.817217], [137.933605, 34.817372], [137.93498, 34.817685], [137.935575, 34.818395], [137.934835, 34.819176], [137.934931, 34.819812], [137.935375, 34.820429], [137.936076, 34.820843], [137.936622, 34.820964], [137.937544, 34.821737], [137.938664, 34.822195], [137.938891, 34.822073], [137.939366, 34.821451], [137.941002, 34.820801], [137.941374, 34.821276], [137.942287, 34.82186], [137.942862, 34.822464], [137.943907, 34.822804], [137.944592, 34.823627], [137.945436, 34.823908], [137.945821, 34.824194], [137.945471, 34.824639], [137.945406, 34.824946], [137.946419, 34.826871], [137.946416, 34.827495], [137.947314, 34.828519], [137.948016, 34.828762], [137.948251, 34.829176], [137.948141, 34.830211], [137.947584, 34.83055], [137.947456, 34.830971], [137.948409, 34.831367], [137.948892, 34.831327], [137.949237, 34.831657], [137.949885, 34.831482], [137.950283, 34.831569], [137.951324, 34.831248], [137.9517, 34.831429], [137.951794, 34.831997], [137.951433, 34.83263], [137.951287, 34.833342], [137.950585, 34.833947], [137.950626, 34.834657], [137.951442, 34.835881], [137.953021, 34.836052], [137.953649, 34.836371], [137.953381, 34.837713], [137.953168, 34.838067], [137.953144, 34.838977], [137.954677, 34.839689], [137.95497, 34.840048], [137.955061, 34.841825], [137.956621, 34.842865], [137.958092, 34.842871], [137.958449, 34.842992], [137.95828, 34.844455], [137.957759, 34.845297], [137.957741, 34.846872], [137.956866, 34.848155], [137.956834, 34.848422], [137.957797, 34.850071], [137.957934, 34.850829], [137.958232, 34.851146], [137.958386, 34.851674], [137.958843, 34.852173], [137.959199, 34.852953], [137.959173, 34.853362], [137.958859, 34.853644], [137.958706, 34.854021], [137.958678, 34.854393], [137.958822, 34.854685], [137.960364, 34.85566], [137.962017, 34.856235], [137.962719, 34.85716], [137.962807, 34.857544], [137.963113, 34.857759], [137.963057, 34.857971], [137.962438, 34.858333], [137.962221, 34.858604], [137.962138, 34.859472], [137.961922, 34.859882], [137.962044, 34.861012], [137.961827, 34.86141], [137.963102, 34.862356], [137.963474, 34.863297], [137.964394, 34.863526], [137.964881, 34.863846], [137.965411, 34.865264], [137.965656, 34.865228], [137.968522, 34.867133], [137.968664, 34.867716], [137.969226, 34.868676], [137.969649, 34.868924], [137.970064, 34.870014], [137.970847, 34.870731], [137.971956, 34.87129], [137.973045, 34.871455], [137.974179, 34.872227], [137.975346, 34.872743], [137.975796, 34.873528], [137.97633, 34.874007], [137.976733, 34.87415], [137.976962, 34.874624], [137.977692, 34.875418], [137.9796, 34.877031], [137.98026, 34.877299], [137.981711, 34.877367], [137.982814, 34.877612], [137.983492, 34.878233], [137.984834, 34.879079], [137.984881, 34.879345], [137.98612, 34.881196], [137.987959, 34.882414], [137.988621, 34.883494], [137.98891, 34.883738], [137.988019, 34.885081], [137.987988, 34.885313], [137.988689, 34.885867], [137.989537, 34.886205], [137.990357, 34.887024], [137.990534, 34.887999], [137.991158, 34.889094], [137.991286, 34.889726], [137.991672, 34.890463], [137.992544, 34.891341], [137.993107, 34.891623], [137.99328, 34.892297], [137.994001, 34.892975], [137.995721, 34.893122], [137.995678, 34.894039], [137.995412, 34.894344], [137.995482, 34.895054], [137.995126, 34.896017], [137.995729, 34.896799], [137.996587, 34.897219], [137.99784, 34.897407], [137.998896, 34.897729], [138.000441, 34.898511], [138.001606, 34.898559], [138.003253, 34.899363], [138.003665, 34.899871], [138.004321, 34.900251], [138.004708, 34.90117], [138.005645, 34.902188], [138.005901, 34.902652], [138.007493, 34.903037], [138.007374, 34.903747], [138.007831, 34.904893], [138.008292, 34.905521], [138.009241, 34.906007], [138.00951, 34.906262], [138.009784, 34.907241], [138.010821, 34.908402], [138.010632, 34.909744], [138.010154, 34.910865], [138.01077, 34.911847], [138.010639, 34.913678], [138.01261, 34.913199], [138.014494, 34.913071], [138.015794, 34.913534], [138.016669, 34.913698], [138.017909, 34.914661], [138.018942, 34.915174], [138.019279, 34.914949], [138.019794, 34.914012], [138.019801, 34.913735], [138.019565, 34.913293], [138.019612, 34.91301], [138.019983, 34.912969], [138.021592, 34.913302], [138.023047, 34.913441], [138.023667, 34.913341], [138.024774, 34.912758], [138.025528, 34.912597], [138.026307, 34.912899], [138.027159, 34.913054], [138.027472, 34.913487], [138.027506, 34.914156], [138.027984, 34.914525], [138.029044, 34.914235], [138.029943, 34.91418], [138.030744, 34.913866], [138.030916, 34.913692], [138.030978, 34.913136], [138.030696, 34.912021], [138.031561, 34.912085], [138.032914, 34.912756], [138.033582, 34.913432], [138.033993, 34.914096], [138.034641, 34.915952], [138.035338, 34.917395], [138.035578, 34.91765], [138.037106, 34.918499], [138.037487, 34.918787], [138.037839, 34.919288], [138.039306, 34.920114], [138.03994, 34.920195], [138.041923, 34.920079], [138.043864, 34.922192], [138.044175, 34.92313], [138.044141, 34.923476], [138.043531, 34.924142], [138.043043, 34.925175], [138.042262, 34.925806], [138.040466, 34.926855], [138.038803, 34.927592], [138.037887, 34.927834], [138.037916, 34.928301], [138.038371, 34.929106], [138.038428, 34.929577], [138.038185, 34.930064], [138.037447, 34.930371], [138.037176, 34.931221], [138.03671, 34.931613], [138.036419, 34.931773], [138.035216, 34.931915], [138.034457, 34.931797], [138.032348, 34.931179], [138.031615, 34.931151], [138.031077, 34.931367], [138.03002, 34.931296], [138.029841, 34.931815], [138.029551, 34.932036], [138.028783, 34.932371], [138.028094, 34.932338], [138.027775, 34.933732], [138.028025, 34.934905], [138.027955, 34.935297], [138.027801, 34.935467], [138.027079, 34.935695], [138.025935, 34.936459], [138.025657, 34.936872], [138.025517, 34.936924], [138.025033, 34.936631], [138.023888, 34.935673], [138.023283, 34.935673], [138.022105, 34.935216], [138.021866, 34.935338], [138.020923, 34.935307], [138.020503, 34.935745], [138.020027, 34.936682], [138.018979, 34.937216], [138.01776, 34.9386], [138.016777, 34.938883], [138.015652, 34.938853], [138.015286, 34.938944], [138.014372, 34.939429], [138.01325, 34.939631], [138.012872, 34.940008], [138.012062, 34.940443], [138.012557, 34.941278], [138.012597, 34.94203], [138.015142, 34.942981], [138.015965, 34.945831], [138.015697, 34.946742], [138.015727, 34.947122], [138.016335, 34.947906], [138.015453, 34.949415], [138.014914, 34.950009], [138.014386, 34.950347], [138.013591, 34.952342], [138.013672, 34.952638], [138.014129, 34.952944], [138.014514, 34.953554], [138.014951, 34.953889], [138.015409, 34.954489], [138.01575, 34.955425], [138.015295, 34.955739], [138.014582, 34.956955], [138.014453, 34.959466], [138.014548, 34.960407], [138.013221, 34.961175], [138.012928, 34.961733], [138.012444, 34.962122], [138.01225, 34.962601], [138.012386, 34.963299], [138.012191, 34.964846], [138.012305, 34.965813], [138.012733, 34.967407], [138.013676, 34.968524], [138.014068, 34.969527], [138.012451, 34.971178], [138.012119, 34.972539], [138.010784, 34.973435], [138.010245, 34.973526], [138.009974, 34.973859], [138.009996, 34.97488], [138.009822, 34.975479], [138.009963, 34.975617]]]}}]}