{"type": "FeatureCollection", "features": [{"type": "Feature", "properties": {"pref_code": "40", "pref_name": "福岡県", "municipality_code": "40101", "municipality_name": "北九州市", "ward_name": "門司区", "display_name": "北九州市 門司区", "geometry_key": "40101"}, "geometry": {"type": "MultiPolygon", "coordinates": [[[[130.97743, 33.844418], [130.97811, 33.844387], [130.978281, 33.842512], [130.979919, 33.842582], [130.980321, 33.842824], [130.981134, 33.841032], [130.981316, 33.841093], [130.980468, 33.843202], [130.983825, 33.844192], [130.983455, 33.84516], [130.982494, 33.845587], [130.98246, 33.845939], [130.982678, 33.846236], [130.98336, 33.84671], [130.984157, 33.846836], [130.98474, 33.848032], [130.985326, 33.848302], [130.985459, 33.848242], [130.986112, 33.848426], [130.986512, 33.848762], [130.986967, 33.84946], [130.987092, 33.850037], [130.986933, 33.851327], [130.986994, 33.852091], [130.986881, 33.852487], [130.98663, 33.852682], [130.986754, 33.854953], [130.988419, 33.854837], [130.989588, 33.851299], [130.993423, 33.851016], [130.998222, 33.868324], [130.988667, 33.868718], [130.984319, 33.864031], [130.982823, 33.865021], [130.983744, 33.866032], [130.982109, 33.867123], [130.984879, 33.87017], [130.98469, 33.870336], [130.985078, 33.870781], [130.985314, 33.870663], [130.986155, 33.871807], [130.986382, 33.871708], [130.986844, 33.872202], [130.986754, 33.875666], [130.986538, 33.875682], [130.986537, 33.87592], [130.986742, 33.875929], [130.986619, 33.881397], [130.986161, 33.881552], [130.986267, 33.881785], [130.987214, 33.883711], [130.988098, 33.883426], [130.988145, 33.881492], [130.988478, 33.881492], [130.988514, 33.880032], [130.989422, 33.880042], [130.989561, 33.881921], [130.989893, 33.881906], [130.990036, 33.883834], [130.990393, 33.883836], [130.990527, 33.885569], [130.990797, 33.885559], [130.990976, 33.885714], [130.995206, 33.884957], [130.993769, 33.879656], [130.994532, 33.879477], [130.995359, 33.880748], [130.996223, 33.880575], [130.996022, 33.879791], [130.996444, 33.878662], [130.995726, 33.877829], [130.993949, 33.877648], [130.993976, 33.875032], [130.995461, 33.873746], [130.999707, 33.873571], [131.004692, 33.891556], [131.00314, 33.892562], [131.003062, 33.892995], [131.0029, 33.892982], [131.002976, 33.892497], [131.004507, 33.891507], [131.003945, 33.889444], [131.003313, 33.889564], [131.002088, 33.889798], [131.002131, 33.889944], [131.001549, 33.890049], [131.002085, 33.891999], [130.992143, 33.893944], [130.992613, 33.894047], [130.992814, 33.894318], [130.993393, 33.894529], [130.993366, 33.894681], [130.992971, 33.894827], [130.992462, 33.894801], [130.992052, 33.894334], [130.991248, 33.894122], [130.98908, 33.89453], [130.988806, 33.894969], [130.988808, 33.896236], [130.988186, 33.897349], [130.988161, 33.898198], [130.987745, 33.899314], [130.987164, 33.899927], [130.987673, 33.900301], [130.988271, 33.900176], [130.988946, 33.900239], [130.989813, 33.900943], [130.990576, 33.901202], [130.990787, 33.901584], [130.991224, 33.901824], [130.992196, 33.902101], [130.993379, 33.902233], [130.994182, 33.902615], [130.994637, 33.903181], [130.994388, 33.903557], [130.99503, 33.903958], [130.99382, 33.905371], [130.996942, 33.907315], [130.997749, 33.906219], [130.997935, 33.9063], [130.999381, 33.904326], [130.999793, 33.903575], [130.999683, 33.903182], [131.000455, 33.90342], [131.001036, 33.903216], [131.00138, 33.903252], [131.001822, 33.902981], [131.002314, 33.902995], [131.002771, 33.90331], [131.003179, 33.903328], [131.003526, 33.903546], [131.00461, 33.903895], [131.004854, 33.90378], [131.005244, 33.903984], [131.005754, 33.904536], [131.005727, 33.904818], [131.006123, 33.905017], [131.006261, 33.905274], [131.006199, 33.905549], [131.005554, 33.906066], [131.005402, 33.905935], [131.004867, 33.905837], [131.004591, 33.905579], [131.003854, 33.905747], [131.003096, 33.906805], [131.003034, 33.907357], [131.003335, 33.908167], [131.003209, 33.908645], [131.002879, 33.90914], [131.002124, 33.909512], [131.00194, 33.909783], [131.00212, 33.910722], [131.002635, 33.910865], [131.003747, 33.911866], [131.004225, 33.911967], [131.004442, 33.912209], [131.004854, 33.912242], [131.004972, 33.912364], [131.004839, 33.91269], [131.004309, 33.912946], [131.003783, 33.912811], [131.0035, 33.912519], [131.003439, 33.912603], [131.003854, 33.913051], [131.003994, 33.913739], [131.004416, 33.914557], [131.004873, 33.915041], [131.005225, 33.915147], [131.00579, 33.915139], [131.006376, 33.914881], [131.006898, 33.914989], [131.008421, 33.915003], [131.00877, 33.915062], [131.010205, 33.915723], [131.010961, 33.915636], [131.011734, 33.916026], [131.012903, 33.915898], [131.012957, 33.915804], [131.01344, 33.915823], [131.014188, 33.917632], [131.014443, 33.918645], [131.014851, 33.91896], [131.014827, 33.919446], [131.015264, 33.91925], [131.015816, 33.919526], [131.015808, 33.919697], [131.015418, 33.919994], [131.015064, 33.919979], [131.014876, 33.919629], [131.01429, 33.919549], [131.014049, 33.919827], [131.013288, 33.920128], [131.012056, 33.920016], [131.011718, 33.92008], [131.011219, 33.920491], [131.010714, 33.922106], [131.010456, 33.922165], [131.010074, 33.922583], [131.008034, 33.92319], [131.007906, 33.923119], [131.008017, 33.922909], [131.006858, 33.922395], [131.006203, 33.922242], [131.005561, 33.922384], [131.00567, 33.921839], [131.005319, 33.921615], [131.004918, 33.921606], [131.004557, 33.92177], [131.003514, 33.921944], [131.002142, 33.921942], [131.001669, 33.922489], [131.001414, 33.923189], [131.000643, 33.923609], [131.00069, 33.924416], [131.000518, 33.924601], [131.000481, 33.925187], [131.000197, 33.926037], [131.000421, 33.926146], [131.000828, 33.926068], [131.00198, 33.926847], [131.002683, 33.926971], [131.003353, 33.926884], [131.002856, 33.926746], [131.002933, 33.926453], [131.002366, 33.926129], [131.001953, 33.925602], [131.000852, 33.924751], [131.000956, 33.92465], [131.002406, 33.925495], [131.003809, 33.925811], [131.002714, 33.924534], [131.001876, 33.923987], [131.001943, 33.923847], [131.002221, 33.923827], [131.004076, 33.925377], [131.005728, 33.926461], [131.006279, 33.92667], [131.007205, 33.927554], [131.007664, 33.927814], [131.007999, 33.928712], [131.008807, 33.92962], [131.009185, 33.929825], [131.010638, 33.93018], [131.010787, 33.930879], [131.010057, 33.931941], [131.009982, 33.932665], [131.008618, 33.934029], [131.008305, 33.933983], [131.007689, 33.934881], [131.008156, 33.935118], [131.008214, 33.936944], [131.008434, 33.936946], [131.008788, 33.936707], [131.01009, 33.937756], [131.009989, 33.937854], [131.010027, 33.938337], [131.00973, 33.938537], [131.009629, 33.93899], [131.009727, 33.939279], [131.009645, 33.940424], [131.009753, 33.940848], [131.010401, 33.941709], [131.010721, 33.941903], [131.01097, 33.941898], [131.01121, 33.941677], [131.011551, 33.941668], [131.012925, 33.941901], [131.012461, 33.94219], [131.012426, 33.942472], [131.012944, 33.942984], [131.013561, 33.943201], [131.013711, 33.943169], [131.013691, 33.942503], [131.014494, 33.941999], [131.013946, 33.941294], [131.015675, 33.942432], [131.017236, 33.942343], [131.017238, 33.942079], [131.018631, 33.941652], [131.021009, 33.94183], [131.021605, 33.942248], [131.02188, 33.943208], [131.021488, 33.944461], [131.021748, 33.944973], [131.022042, 33.946319], [131.021874, 33.947144], [131.020955, 33.948604], [131.020005, 33.949075], [131.019384, 33.948482], [131.018314, 33.948793], [131.017998, 33.949146], [131.017872, 33.949897], [131.018564, 33.951677], [131.019435, 33.953274], [131.020111, 33.953755], [131.021101, 33.953872], [131.021405, 33.954029], [131.022386, 33.955072], [131.023663, 33.957154], [131.023869, 33.958469], [131.023787, 33.959736], [131.023556, 33.959792], [131.023554, 33.96001], [131.022427, 33.960216], [131.019385, 33.959642], [131.017296, 33.960098], [131.017647, 33.961153], [131.019621, 33.961561], [131.020016, 33.962385], [131.010857, 33.965519], [131.006863, 33.962451], [131.007386, 33.961952], [131.007105, 33.961757], [131.006932, 33.961877], [131.006844, 33.961821], [131.006464, 33.962132], [131.000995, 33.964046], [131.001064, 33.964317], [131.003222, 33.96591], [131.005247, 33.965206], [131.005383, 33.964817], [131.005506, 33.964851], [131.005367, 33.965217], [131.008388, 33.9675], [131.008382, 33.967792], [131.002223, 33.969959], [130.998871, 33.967364], [130.997611, 33.966624], [130.993721, 33.96347], [130.994205, 33.963102], [130.994337, 33.963222], [130.99481, 33.962868], [130.994691, 33.962748], [130.994844, 33.962553], [130.993844, 33.961818], [130.993989, 33.961569], [130.993797, 33.961611], [130.992609, 33.960862], [130.992742, 33.960397], [130.991958, 33.959892], [130.990418, 33.958093], [130.989327, 33.957638], [130.985315, 33.957482], [130.985036, 33.958157], [130.989292, 33.958399], [130.990104, 33.958969], [130.992247, 33.961754], [130.991986, 33.962299], [130.989321, 33.961418], [130.98927, 33.961515], [130.981465, 33.960084], [130.976276, 33.959521], [130.976347, 33.958575], [130.977504, 33.95844], [130.977353, 33.957699], [130.975628, 33.957899], [130.975368, 33.957477], [130.973736, 33.958221], [130.974509, 33.959101], [130.970847, 33.961472], [130.968705, 33.961578], [130.967794, 33.961023], [130.965512, 33.961191], [130.965104, 33.961527], [130.964673, 33.961666], [130.964652, 33.961826], [130.96428, 33.962119], [130.963823, 33.962084], [130.963199, 33.962227], [130.962951, 33.962066], [130.962734, 33.962123], [130.962693, 33.961899], [130.961988, 33.961133], [130.961966, 33.960392], [130.961467, 33.959819], [130.961781, 33.959588], [130.961657, 33.958674], [130.961451, 33.958517], [130.961539, 33.957596], [130.961306, 33.957511], [130.961247, 33.956914], [130.961551, 33.956879], [130.961565, 33.956597], [130.962868, 33.956489], [130.962903, 33.956715], [130.963411, 33.956679], [130.963523, 33.956884], [130.963743, 33.95685], [130.963744, 33.956581], [130.964816, 33.954026], [130.965189, 33.953679], [130.965389, 33.953262], [130.965608, 33.952324], [130.965022, 33.95245], [130.964988, 33.952629], [130.963929, 33.953127], [130.963879, 33.953865], [130.963763, 33.953867], [130.963756, 33.951682], [130.963311, 33.95166], [130.963, 33.951984], [130.962791, 33.95388], [130.96201, 33.953822], [130.962358, 33.950404], [130.962069, 33.948672], [130.962815, 33.948175], [130.962677, 33.947876], [130.962928, 33.948094], [130.963274, 33.947807], [130.963174, 33.94761], [130.964427, 33.946889], [130.963813, 33.946161], [130.962954, 33.946058], [130.962715, 33.946196], [130.963403, 33.94702], [130.96232, 33.947654], [130.961206, 33.946372], [130.961113, 33.946421], [130.958187, 33.944611], [130.957268, 33.945581], [130.953542, 33.943177], [130.954491, 33.942092], [130.945987, 33.938294], [130.943537, 33.934152], [130.943655, 33.933998], [130.942366, 33.931666], [130.942826, 33.930883], [130.941969, 33.928744], [130.941839, 33.928017], [130.940596, 33.927657], [130.94025, 33.926718], [130.941744, 33.927028], [130.941786, 33.925899], [130.941136, 33.924149], [130.939598, 33.922566], [130.939354, 33.922632], [130.938831, 33.921399], [130.937877, 33.920156], [130.937043, 33.918249], [130.937201, 33.917964], [130.937791, 33.917467], [130.937697, 33.917168], [130.93784, 33.91701], [130.937738, 33.916879], [130.937119, 33.917189], [130.93721, 33.917739], [130.937071, 33.917777], [130.936216, 33.915632], [130.935026, 33.913714], [130.934982, 33.913307], [130.935809, 33.912963], [130.935056, 33.91271], [130.93513, 33.913047], [130.934893, 33.913147], [130.93451, 33.912259], [130.933987, 33.912412], [130.933034, 33.910531], [130.933582, 33.910253], [130.93309, 33.90921], [130.932496, 33.908637], [130.932032, 33.908921], [130.931395, 33.908186], [130.931845, 33.907869], [130.930771, 33.90682], [130.930559, 33.906927], [130.930139, 33.906252], [130.926116, 33.902692], [130.921049, 33.89901], [130.921784, 33.898334], [130.92162, 33.898205], [130.920604, 33.897498], [130.919868, 33.89817], [130.917049, 33.896124], [130.915059, 33.895807], [130.915635, 33.893674], [130.916526, 33.892719], [130.916781, 33.892188], [130.916809, 33.891438], [130.916657, 33.891157], [130.915453, 33.889897], [130.915642, 33.889659], [130.916786, 33.889119], [130.915322, 33.888317], [130.915471, 33.888049], [130.916243, 33.887432], [130.916915, 33.886528], [130.916844, 33.885902], [130.916324, 33.88463], [130.915936, 33.882721], [130.917089, 33.882038], [130.917625, 33.881101], [130.917866, 33.880363], [130.918769, 33.878899], [130.919084, 33.877874], [130.919783, 33.877312], [130.92064, 33.87691], [130.920808, 33.876549], [130.920782, 33.87611], [130.922067, 33.874673], [130.922572, 33.873901], [130.924356, 33.873366], [130.925737, 33.873455], [130.926394, 33.873276], [130.927189, 33.872625], [130.928203, 33.870209], [130.929081, 33.869829], [130.929128, 33.869362], [130.929625, 33.869135], [130.931973, 33.869456], [130.933398, 33.869067], [130.934751, 33.869323], [130.935201, 33.869266], [130.936612, 33.868434], [130.937513, 33.868386], [130.938552, 33.868092], [130.941277, 33.868967], [130.941992, 33.868961], [130.942369, 33.868899], [130.943076, 33.868441], [130.944356, 33.867906], [130.945186, 33.868336], [130.945636, 33.868332], [130.946626, 33.86814], [130.947476, 33.867815], [130.949047, 33.864868], [130.949751, 33.863814], [130.951561, 33.863222], [130.951843, 33.863013], [130.952411, 33.860837], [130.955341, 33.859206], [130.955875, 33.858577], [130.957268, 33.859425], [130.957412, 33.857288], [130.957789, 33.85696], [130.957713, 33.855823], [130.958388, 33.854326], [130.958828, 33.854247], [130.959388, 33.854518], [130.960715, 33.854725], [130.961223, 33.854581], [130.961778, 33.854175], [130.962462, 33.854081], [130.962802, 33.854243], [130.964192, 33.855638], [130.964158, 33.856037], [130.964705, 33.857357], [130.966388, 33.857713], [130.965258, 33.856116], [130.965066, 33.855402], [130.964598, 33.854644], [130.964519, 33.854378], [130.964666, 33.854186], [130.965705, 33.85356], [130.966176, 33.852656], [130.966868, 33.851953], [130.96747, 33.851591], [130.968111, 33.851458], [130.968493, 33.851196], [130.968755, 33.850786], [130.968669, 33.84998], [130.968813, 33.849694], [130.969315, 33.849459], [130.969611, 33.849103], [130.970046, 33.848906], [130.970821, 33.848893], [130.972111, 33.848651], [130.972504, 33.848712], [130.972813, 33.848546], [130.973009, 33.847789], [130.973444, 33.847387], [130.973606, 33.847335], [130.974145, 33.847719], [130.974418, 33.84778], [130.974668, 33.847688], [130.975462, 33.846708], [130.975813, 33.846521], [130.976463, 33.846691], [130.97674, 33.846551], [130.977321, 33.846001], [130.977216, 33.845172], [130.97743, 33.844418]]], [[[131.005759, 33.906112], [131.006035, 33.905794], [131.00628, 33.905785], [131.006048, 33.906209], [131.005848, 33.906254], [131.005759, 33.906112]]], [[[130.998423, 33.902131], [130.998587, 33.902013], [130.999346, 33.902744], [130.999211, 33.902822], [130.998423, 33.902131]]], [[[130.992891, 33.878903], [130.993248, 33.878504], [130.993771, 33.878235], [130.994097, 33.87784], [130.994683, 33.8781], [130.995326, 33.87814], [130.995799, 33.87803], [130.995992, 33.878432], [130.996279, 33.87853], [130.996309, 33.878774], [130.995568, 33.879578], [130.995638, 33.880097], [130.995881, 33.880372], [130.995823, 33.880501], [130.995571, 33.880585], [130.995351, 33.880522], [130.994521, 33.8793], [130.993805, 33.878983], [130.992891, 33.878903]]]]}}, {"type": "Feature", "properties": {"pref_code": "40", "pref_name": "福岡県", "municipality_code": "40103", "municipality_name": "北九州市", "ward_name": "若松区", "display_name": "北九州市 若松区", "geometry_key": "40103"}, "geometry": {"type": "MultiPolygon", "coordinates": [[[[130.725502, 34.021301], [130.725759, 34.021055], [130.726118, 34.021089], [130.726706, 34.021532], [130.726623, 34.02179], [130.726214, 34.021948], [130.725727, 34.021666], [130.725502, 34.021301]]], [[[130.72684, 34.019561], [130.72706, 34.019577], [130.726988, 34.01974], [130.72684, 34.019561]]], [[[130.721998, 34.017166], [130.722189, 34.016583], [130.722359, 34.016613], [130.722551, 34.01647], [130.722949, 34.016582], [130.722632, 34.01617], [130.722815, 34.016072], [130.722951, 34.016272], [130.723215, 34.016123], [130.72278, 34.015712], [130.722926, 34.015467], [130.722827, 34.014888], [130.722962, 34.014715], [130.723144, 34.014822], [130.723163, 34.014626], [130.723316, 34.0146], [130.723402, 34.014266], [130.723248, 34.014061], [130.723579, 34.013858], [130.723487, 34.013667], [130.723937, 34.013494], [130.724058, 34.013264], [130.724296, 34.013254], [130.724528, 34.012991], [130.724288, 34.012086], [130.724509, 34.011886], [130.724542, 34.011578], [130.724869, 34.011493], [130.724851, 34.011173], [130.725039, 34.010785], [130.725409, 34.010612], [130.725411, 34.010402], [130.725783, 34.00987], [130.726973, 34.008905], [130.727454, 34.009278], [130.727383, 34.00904], [130.728708, 34.008715], [130.728219, 34.007346], [130.734262, 34.005866], [130.737601, 34.014922], [130.731615, 34.016388], [130.727019, 34.015573], [130.726765, 34.016188], [130.726358, 34.016468], [130.726456, 34.016633], [130.726091, 34.01683], [130.725955, 34.01705], [130.726101, 34.017116], [130.725978, 34.017241], [130.725877, 34.018126], [130.72605, 34.018363], [130.726237, 34.018383], [130.726217, 34.018606], [130.725984, 34.018598], [130.726016, 34.018904], [130.725389, 34.019167], [130.725136, 34.018615], [130.724739, 34.018221], [130.72455, 34.018856], [130.724155, 34.018901], [130.724203, 34.018986], [130.723983, 34.01905], [130.723727, 34.018918], [130.723953, 34.018606], [130.723808, 34.018295], [130.723461, 34.018287], [130.723366, 34.018564], [130.723339, 34.018226], [130.722963, 34.018102], [130.722839, 34.018345], [130.722341, 34.018451], [130.72236, 34.018253], [130.722063, 34.017777], [130.722209, 34.017658], [130.721998, 34.017166]]], [[[130.726185, 34.018842], [130.726309, 34.018818], [130.726333, 34.018905], [130.726185, 34.018842]]], [[[130.721869, 34.018004], [130.721925, 34.01785], [130.721973, 34.01809], [130.721869, 34.018004]]], [[[130.726138, 34.01757], [130.726252, 34.017544], [130.726206, 34.017628], [130.726138, 34.01757]]], [[[130.721739, 34.017528], [130.721873, 34.017337], [130.721899, 34.017472], [130.721739, 34.017528]]], [[[130.726228, 34.016892], [130.726327, 34.016785], [130.726329, 34.016876], [130.726228, 34.016892]]], [[[130.726777, 34.016475], [130.726884, 34.01639], [130.726893, 34.016483], [130.726777, 34.016475]]], [[[130.72659, 34.016414], [130.726689, 34.016319], [130.726675, 34.016447], [130.72659, 34.016414]]], [[[130.722945, 34.014507], [130.723088, 34.014441], [130.723156, 34.014526], [130.723025, 34.014602], [130.722945, 34.014507]]], [[[130.724222, 34.012385], [130.724331, 34.012284], [130.724341, 34.012406], [130.724222, 34.012385]]], [[[130.723923, 34.012062], [130.724113, 34.012048], [130.724088, 34.012181], [130.723923, 34.012062]]], [[[130.724002, 34.01187], [130.724116, 34.011857], [130.724082, 34.011912], [130.724002, 34.01187]]], [[[130.724268, 34.011766], [130.724311, 34.011705], [130.724394, 34.011713], [130.724268, 34.011766]]], [[[130.724423, 34.011144], [130.724539, 34.011106], [130.724479, 34.011172], [130.724423, 34.011144]]], [[[130.711538, 34.005872], [130.711611, 34.005805], [130.711691, 34.005892], [130.711631, 34.005983], [130.711538, 34.005872]]], [[[130.711486, 34.005635], [130.711542, 34.005576], [130.711581, 34.005689], [130.711486, 34.005635]]], [[[130.710572, 34.005625], [130.710737, 34.005366], [130.710895, 34.005419], [130.710659, 34.005677], [130.710572, 34.005625]]], [[[130.711219, 34.005607], [130.711326, 34.005536], [130.711295, 34.005653], [130.711219, 34.005607]]], [[[130.712059, 34.005586], [130.712175, 34.005542], [130.712131, 34.005629], [130.712059, 34.005586]]], [[[130.707836, 34.004131], [130.70814, 34.003983], [130.70814, 34.003781], [130.708801, 34.00383], [130.708857, 34.003711], [130.708685, 34.003526], [130.709589, 34.0034], [130.710373, 34.003055], [130.712316, 34.00287], [130.713072, 34.002454], [130.713335, 34.002564], [130.714241, 34.002437], [130.71468, 34.002163], [130.714873, 34.001845], [130.715524, 34.001514], [130.715764, 34.001103], [130.716786, 34.000882], [130.717153, 34.000689], [130.717286, 34.000465], [130.717478, 34.000554], [130.717483, 34.000869], [130.717971, 34.001435], [130.717762, 34.001805], [130.717952, 34.002052], [130.717834, 34.002215], [130.717567, 34.002124], [130.717561, 34.002374], [130.7169, 34.002459], [130.716676, 34.002657], [130.716131, 34.002826], [130.715484, 34.002631], [130.714782, 34.002815], [130.714501, 34.003206], [130.714293, 34.00325], [130.714026, 34.003766], [130.713349, 34.004065], [130.71315, 34.004477], [130.712494, 34.004706], [130.711725, 34.005212], [130.711664, 34.005583], [130.711422, 34.005357], [130.711199, 34.00542], [130.7112, 34.005267], [130.710865, 34.004971], [130.710961, 34.004691], [130.710475, 34.004271], [130.70986, 34.004187], [130.709451, 34.004595], [130.709408, 34.004436], [130.709245, 34.0044], [130.708991, 34.004719], [130.708587, 34.004653], [130.708184, 34.004814], [130.708048, 34.004707], [130.708238, 34.004437], [130.707892, 34.004274], [130.707836, 34.004131]]], [[[130.712058, 34.005416], [130.712167, 34.005359], [130.712123, 34.00544], [130.712058, 34.005416]]], [[[130.708445, 34.005017], [130.708527, 34.004936], [130.708532, 34.005005], [130.708445, 34.005017]]], [[[130.708396, 34.004973], [130.708418, 34.004931], [130.708484, 34.004924], [130.708396, 34.004973]]], [[[130.712723, 34.004814], [130.712748, 34.004765], [130.71283, 34.004791], [130.712723, 34.004814]]], [[[130.709119, 34.004711], [130.709134, 34.004648], [130.709221, 34.004658], [130.709119, 34.004711]]], [[[130.71394, 34.003937], [130.714037, 34.003908], [130.714056, 34.004009], [130.71394, 34.003937]]], [[[130.714243, 34.003725], [130.71435, 34.003674], [130.714316, 34.003743], [130.714243, 34.003725]]], [[[130.708368, 34.003525], [130.708502, 34.003567], [130.708427, 34.003611], [130.708368, 34.003525]]], [[[130.717959, 34.002327], [130.718035, 34.002285], [130.718041, 34.002333], [130.717959, 34.002327]]], [[[130.717949, 34.002167], [130.718046, 34.00213], [130.718024, 34.002193], [130.717949, 34.002167]]], [[[130.777739, 33.943745], [130.777744, 33.940419], [130.784363, 33.940515], [130.784431, 33.934967], [130.809884, 33.932577], [130.812331, 33.931289], [130.814621, 33.934231], [130.818488, 33.932119], [130.818658, 33.932337], [130.822393, 33.930338], [130.82296, 33.931094], [130.824847, 33.931656], [130.830307, 33.933605], [130.830181, 33.93384], [130.845494, 33.939303], [130.832389, 33.949849], [130.831191, 33.949415], [130.831106, 33.949526], [130.83057, 33.94932], [130.830502, 33.94947], [130.83094, 33.949624], [130.830857, 33.949782], [130.825448, 33.947815], [130.825596, 33.947521], [130.825221, 33.947257], [130.8251, 33.947432], [130.823722, 33.946921], [130.823797, 33.946752], [130.821852, 33.946057], [130.821789, 33.946166], [130.821419, 33.946041], [130.821497, 33.945907], [130.816133, 33.943982], [130.816029, 33.944167], [130.816155, 33.944293], [130.815722, 33.944131], [130.815941, 33.944134], [130.816043, 33.943948], [130.81449, 33.9434], [130.812141, 33.947746], [130.809972, 33.946957], [130.808664, 33.949271], [130.799837, 33.946087], [130.777743, 33.94606], [130.777739, 33.943745]]], [[[130.74449, 33.887668], [130.745211, 33.888231], [130.746102, 33.888366], [130.746406, 33.888304], [130.747324, 33.886563], [130.746811, 33.886298], [130.746966, 33.885937], [130.749944, 33.879931], [130.750323, 33.879243], [130.750518, 33.879181], [130.750484, 33.878984], [130.752821, 33.878206], [130.752949, 33.878364], [130.753577, 33.878218], [130.763686, 33.880849], [130.763882, 33.88068], [130.766313, 33.881323], [130.766279, 33.88152], [130.767582, 33.881881], [130.783606, 33.885972], [130.782788, 33.888209], [130.775691, 33.887476], [130.774888, 33.887826], [130.774301, 33.887814], [130.774186, 33.887921], [130.773895, 33.887803], [130.769209, 33.88769], [130.763584, 33.884811], [130.762828, 33.885853], [130.766311, 33.887591], [130.766542, 33.887831], [130.766981, 33.887893], [130.769332, 33.889081], [130.769439, 33.88942], [130.769749, 33.889432], [130.769756, 33.88915], [130.770011, 33.88912], [130.770443, 33.889126], [130.770499, 33.889313], [130.770634, 33.889336], [130.77074, 33.889031], [130.770905, 33.889033], [130.770897, 33.889336], [130.77112, 33.889347], [130.771181, 33.889181], [130.77139, 33.889181], [130.771424, 33.889336], [130.771802, 33.889341], [130.771845, 33.889184], [130.772088, 33.889184], [130.772106, 33.88933], [130.772369, 33.889341], [130.772579, 33.889172], [130.772741, 33.889347], [130.772963, 33.889353], [130.772997, 33.889206], [130.773267, 33.88911], [130.773558, 33.889212], [130.773956, 33.889161], [130.774003, 33.889353], [130.774368, 33.889347], [130.774415, 33.889206], [130.77455, 33.889313], [130.775373, 33.889381], [130.775388, 33.889663], [130.775698, 33.889657], [130.775718, 33.889544], [130.776523, 33.889929], [130.776556, 33.891516], [130.776981, 33.8915], [130.776968, 33.889967], [130.778446, 33.890131], [130.778608, 33.891855], [130.778953, 33.89186], [130.779041, 33.891962], [130.779169, 33.891556], [130.779081, 33.890232], [130.780513, 33.890361], [130.780789, 33.892914], [130.780979, 33.892852], [130.780884, 33.892046], [130.781276, 33.891996], [130.781195, 33.890457], [130.782714, 33.890632], [130.782923, 33.892119], [130.783403, 33.892063], [130.78341, 33.890632], [130.785179, 33.890796], [130.787616, 33.890705], [130.787886, 33.89243], [130.787988, 33.892266], [130.787805, 33.8907], [130.794916, 33.890373], [130.796111, 33.890463], [130.796868, 33.890655], [130.798711, 33.891461], [130.799919, 33.892311], [130.807478, 33.899691], [130.808446, 33.899011], [130.810284, 33.900122], [130.810136, 33.900156], [130.808413, 33.899108], [130.807543, 33.899756], [130.807718, 33.899874], [130.810615, 33.901677], [130.812114, 33.902009], [130.814376, 33.902201], [130.815153, 33.903261], [130.814869, 33.904539], [130.814403, 33.904624], [130.814538, 33.905126], [130.814889, 33.905092], [130.815396, 33.90765], [130.815511, 33.907689], [130.815808, 33.909718], [130.81601, 33.910084], [130.815916, 33.910107], [130.815956, 33.910406], [130.816125, 33.910642], [130.816031, 33.910738], [130.816206, 33.911674], [130.816084, 33.911707], [130.816105, 33.911871], [130.816294, 33.911864], [130.816746, 33.914192], [130.815754, 33.91404], [130.813559, 33.914294], [130.813134, 33.914254], [130.812965, 33.914063], [130.81287, 33.914265], [130.810156, 33.914671], [130.808495, 33.913646], [130.808204, 33.912406], [130.806091, 33.912705], [130.806415, 33.914513], [130.806462, 33.914711], [130.806758, 33.914666], [130.807205, 33.916734], [130.809653, 33.918112], [130.811797, 33.917652], [130.812006, 33.917731], [130.814187, 33.917399], [130.814248, 33.917567], [130.814396, 33.917567], [130.814363, 33.917387], [130.814748, 33.917331], [130.814889, 33.917613], [130.814916, 33.917336], [130.815686, 33.917056], [130.816395, 33.916965], [130.816449, 33.917117], [130.817314, 33.916959], [130.817847, 33.919281], [130.818014, 33.919339], [130.81814, 33.919929], [130.818503, 33.921942], [130.818338, 33.921983], [130.818574, 33.92297], [130.815864, 33.926549], [130.815122, 33.926928], [130.812405, 33.926263], [130.809184, 33.928086], [130.809398, 33.928382], [130.808354, 33.928935], [130.80812, 33.928639], [130.806521, 33.929526], [130.807538, 33.9315], [130.77745, 33.934231], [130.775259, 33.927049], [130.773553, 33.926564], [130.7571, 33.92025], [130.753617, 33.920254], [130.75405, 33.920452], [130.753965, 33.920783], [130.75377, 33.920755], [130.753707, 33.921014], [130.753902, 33.921054], [130.753809, 33.921359], [130.754596, 33.921507], [130.754469, 33.92203], [130.755601, 33.922231], [130.755041, 33.922807], [130.753739, 33.922529], [130.753549, 33.922614], [130.753334, 33.922979], [130.752974, 33.922857], [130.751545, 33.922847], [130.75239, 33.924358], [130.751954, 33.924554], [130.752555, 33.925814], [130.755596, 33.924611], [130.757566, 33.925428], [130.757877, 33.924824], [130.7691, 33.92903], [130.769105, 33.933795], [130.760151, 33.933827], [130.760158, 33.939454], [130.768923, 33.940342], [130.769008, 33.947162], [130.752716, 33.945499], [130.752709, 33.939272], [130.739811, 33.939443], [130.739811, 33.939341], [130.752706, 33.939181], [130.752711, 33.931937], [130.749218, 33.932016], [130.749223, 33.931927], [130.739168, 33.931883], [130.738011, 33.926974], [130.735931, 33.927334], [130.736582, 33.929792], [130.737736, 33.929601], [130.737756, 33.929693], [130.736528, 33.92991], [130.736395, 33.929366], [130.735529, 33.928747], [130.7348, 33.927772], [130.733931, 33.927608], [130.733586, 33.927201], [130.733021, 33.927176], [130.731939, 33.927569], [130.731998, 33.927752], [130.732787, 33.928385], [130.732088, 33.928772], [130.730814, 33.929914], [130.730693, 33.930149], [130.730588, 33.930617], [130.7307, 33.931116], [130.731036, 33.931027], [130.731275, 33.930812], [130.73126, 33.930966], [130.730664, 33.931216], [130.730449, 33.931195], [130.730527, 33.931431], [130.729614, 33.931684], [130.729553, 33.931021], [130.727861, 33.930873], [130.727832, 33.931453], [130.728073, 33.931459], [130.728244, 33.931953], [130.729091, 33.93169], [130.729125, 33.931804], [130.728297, 33.932063], [130.728524, 33.932726], [130.729366, 33.932515], [130.729522, 33.932966], [130.728701, 33.933182], [130.729127, 33.934389], [130.728419, 33.934594], [130.728986, 33.936048], [130.728874, 33.936072], [130.728312, 33.934679], [130.727635, 33.93483], [130.727402, 33.934672], [130.727448, 33.934531], [130.727059, 33.93443], [130.725004, 33.934321], [130.723373, 33.934656], [130.722603, 33.934596], [130.722078, 33.934696], [130.721629, 33.935174], [130.720829, 33.935465], [130.720335, 33.936111], [130.719883, 33.936242], [130.719386, 33.936181], [130.719144, 33.936341], [130.719081, 33.936511], [130.719311, 33.936867], [130.719177, 33.937023], [130.718321, 33.936764], [130.717619, 33.937104], [130.717554, 33.937419], [130.717379, 33.937543], [130.716623, 33.937274], [130.716331, 33.937281], [130.715906, 33.937395], [130.715688, 33.93786], [130.71562, 33.937678], [130.714871, 33.937519], [130.714518, 33.937707], [130.714081, 33.938142], [130.714196, 33.938602], [130.713654, 33.938824], [130.713318, 33.938798], [130.713038, 33.938555], [130.71278, 33.938571], [130.712556, 33.938324], [130.711841, 33.93826], [130.71146, 33.937912], [130.710299, 33.937579], [130.70936, 33.937734], [130.708644, 33.937565], [130.707863, 33.93784], [130.707093, 33.938348], [130.706803, 33.938362], [130.706334, 33.938113], [130.705313, 33.938104], [130.703439, 33.938379], [130.702937, 33.938701], [130.702203, 33.938557], [130.701352, 33.938579], [130.70105, 33.938658], [130.700233, 33.939224], [130.699562, 33.938956], [130.698656, 33.938278], [130.698001, 33.937966], [130.696223, 33.937992], [130.694789, 33.937578], [130.694459, 33.937139], [130.693661, 33.936695], [130.693321, 33.935895], [130.692802, 33.935539], [130.690456, 33.935031], [130.689225, 33.93446], [130.688462, 33.934455], [130.687662, 33.934265], [130.687268, 33.934409], [130.686636, 33.935361], [130.685696, 33.936154], [130.685601, 33.936126], [130.685711, 33.935919], [130.685592, 33.935848], [130.685425, 33.936186], [130.68514, 33.936338], [130.685208, 33.936011], [130.684859, 33.935972], [130.683916, 33.936751], [130.683872, 33.936972], [130.683067, 33.937354], [130.682986, 33.937554], [130.682725, 33.937516], [130.68257, 33.937377], [130.682874, 33.936798], [130.682652, 33.936988], [130.682464, 33.936789], [130.682698, 33.936092], [130.682341, 33.936299], [130.681877, 33.937048], [130.681572, 33.937121], [130.681468, 33.936904], [130.681556, 33.936694], [130.681308, 33.936702], [130.681622, 33.936266], [130.681871, 33.935502], [130.68256, 33.934727], [130.682538, 33.93461], [130.682238, 33.934618], [130.681957, 33.935083], [130.681453, 33.935122], [130.681769, 33.934653], [130.681694, 33.93453], [130.681454, 33.93451], [130.681489, 33.934162], [130.681658, 33.934035], [130.681828, 33.934136], [130.681933, 33.933877], [130.681547, 33.933636], [130.681938, 33.933207], [130.682118, 33.933315], [130.682235, 33.933201], [130.683503, 33.933885], [130.683859, 33.933562], [130.684373, 33.933336], [130.684383, 33.933144], [130.684115, 33.933117], [130.684136, 33.932946], [130.685413, 33.933038], [130.685549, 33.932219], [130.6847, 33.931217], [130.685029, 33.931024], [130.684975, 33.930706], [130.685398, 33.929877], [130.685221, 33.929029], [130.684491, 33.927871], [130.683308, 33.925453], [130.682732, 33.924691], [130.679891, 33.921983], [130.677512, 33.920448], [130.675669, 33.919666], [130.674987, 33.919525], [130.674487, 33.919863], [130.673326, 33.919756], [130.673319, 33.919322], [130.673697, 33.919007], [130.673209, 33.918659], [130.673707, 33.91789], [130.674292, 33.917407], [130.675266, 33.917063], [130.676555, 33.916379], [130.677617, 33.914538], [130.677245, 33.912557], [130.677557, 33.912352], [130.677889, 33.912409], [130.677965, 33.912249], [130.676883, 33.909497], [130.676854, 33.908628], [130.676356, 33.908326], [130.675434, 33.908071], [130.675226, 33.907915], [130.675208, 33.907249], [130.675396, 33.906892], [130.67581, 33.906536], [130.676522, 33.906243], [130.676892, 33.905842], [130.678465, 33.905069], [130.679847, 33.903685], [130.679896, 33.9032], [130.679264, 33.902529], [130.679933, 33.90172], [130.680226, 33.90163], [130.68113, 33.902066], [130.681468, 33.902024], [130.68151, 33.901373], [130.681288, 33.900757], [130.681755, 33.90004], [130.68253, 33.9], [130.682824, 33.899786], [130.682986, 33.899387], [130.684023, 33.899582], [130.684131, 33.899272], [130.683771, 33.898538], [130.683939, 33.898185], [130.684419, 33.898025], [130.685061, 33.898426], [130.685484, 33.897914], [130.685455, 33.897217], [130.684918, 33.896646], [130.684884, 33.896247], [130.68455, 33.895464], [130.684181, 33.895108], [130.684048, 33.894721], [130.684154, 33.894386], [130.684579, 33.893851], [130.685229, 33.89336], [130.682767, 33.889671], [130.681669, 33.888812], [130.682343, 33.88807], [130.683114, 33.887977], [130.683931, 33.887533], [130.684691, 33.886606], [130.685355, 33.886532], [130.686028, 33.886674], [130.68643, 33.886481], [130.686802, 33.886219], [130.687132, 33.885588], [130.687652, 33.885203], [130.689818, 33.885001], [130.692229, 33.883884], [130.6937, 33.884691], [130.695488, 33.884598], [130.696078, 33.884697], [130.696539, 33.884934], [130.697419, 33.885734], [130.697736, 33.88673], [130.698414, 33.887722], [130.69852, 33.888419], [130.699227, 33.888526], [130.699829, 33.888366], [130.699946, 33.8873], [130.70124, 33.884665], [130.70209, 33.88463], [130.703105, 33.884991], [130.703485, 33.88497], [130.703925, 33.884672], [130.704317, 33.884172], [130.704782, 33.88399], [130.705026, 33.884016], [130.705883, 33.884623], [130.706201, 33.885389], [130.707129, 33.886481], [130.707719, 33.88667], [130.708381, 33.886705], [130.708713, 33.886675], [130.709548, 33.885882], [130.710333, 33.886225], [130.711263, 33.88592], [130.711726, 33.884812], [130.712091, 33.884374], [130.712343, 33.884369], [130.712761, 33.884571], [130.71346, 33.884444], [130.713884, 33.884786], [130.714148, 33.884885], [130.714417, 33.884836], [130.715012, 33.885152], [130.715489, 33.885658], [130.715605, 33.886032], [130.715287, 33.887705], [130.715447, 33.887862], [130.716838, 33.888556], [130.7176, 33.888317], [130.718361, 33.888442], [130.718544, 33.888541], [130.718933, 33.889294], [130.719556, 33.889556], [130.720096, 33.890199], [130.720212, 33.891722], [130.720964, 33.892202], [130.721571, 33.893015], [130.721642, 33.893797], [130.720997, 33.894408], [130.721944, 33.895723], [130.721758, 33.897179], [130.722048, 33.897733], [130.722154, 33.89852], [130.722701, 33.898945], [130.72555, 33.898152], [130.729821, 33.896466], [130.731194, 33.894835], [130.733053, 33.894204], [130.735714, 33.892103], [130.736906, 33.891519], [130.738752, 33.890871], [130.741064, 33.890557], [130.742544, 33.890029], [130.743058, 33.889591], [130.74449, 33.887668]]], [[[130.700214, 33.940482], [130.700261, 33.94034], [130.700412, 33.940346], [130.700334, 33.940567], [130.700214, 33.940482]]], [[[130.70099, 33.94043], [130.701119, 33.940292], [130.701175, 33.940399], [130.70099, 33.94043]]], [[[130.711951, 33.939219], [130.712095, 33.939152], [130.712246, 33.939302], [130.71218, 33.939602], [130.711951, 33.939219]]], [[[130.71414, 33.939329], [130.714293, 33.939187], [130.714368, 33.939454], [130.714274, 33.939509], [130.71414, 33.939329]]], [[[130.71748, 33.938915], [130.717663, 33.938874], [130.717546, 33.939109], [130.71748, 33.938915]]], [[[130.71687, 33.938599], [130.71696, 33.938212], [130.717167, 33.938086], [130.717296, 33.938206], [130.717205, 33.938649], [130.716986, 33.938816], [130.71687, 33.938599]]], [[[130.717561, 33.93866], [130.717593, 33.938467], [130.717849, 33.938522], [130.717725, 33.938674], [130.717561, 33.93866]]], [[[130.717711, 33.938373], [130.717738, 33.938197], [130.717948, 33.938144], [130.717969, 33.938361], [130.717711, 33.938373]]], [[[130.717207, 33.937643], [130.717633, 33.937601], [130.717697, 33.937741], [130.717911, 33.937775], [130.717972, 33.937966], [130.717748, 33.938008], [130.717207, 33.937643]]], [[[130.694688, 33.937818], [130.694904, 33.937731], [130.694848, 33.937885], [130.694688, 33.937818]]], [[[130.693987, 33.937805], [130.694102, 33.937608], [130.694126, 33.937793], [130.693987, 33.937805]]], [[[130.714577, 33.937742], [130.714728, 33.937711], [130.714767, 33.937736], [130.714669, 33.937835], [130.714586, 33.937788], [130.714577, 33.937742]]], [[[130.694321, 33.937724], [130.69453, 33.93758], [130.694511, 33.937764], [130.694321, 33.937724]]], [[[130.693238, 33.937032], [130.693372, 33.936846], [130.693401, 33.937077], [130.693238, 33.937032]]], [[[130.684737, 33.936894], [130.684864, 33.936541], [130.685051, 33.936546], [130.684737, 33.936894]]], [[[130.684371, 33.936564], [130.68477, 33.936216], [130.684461, 33.936668], [130.684371, 33.936564]]], [[[130.685296, 33.936411], [130.685462, 33.93638], [130.685391, 33.936467], [130.685296, 33.936411]]], [[[130.685486, 33.936267], [130.6856, 33.936167], [130.685574, 33.936299], [130.685486, 33.936267]]], [[[130.681504, 33.93553], [130.681653, 33.935514], [130.681592, 33.935638], [130.681504, 33.93553]]], [[[130.721529, 33.935376], [130.721884, 33.935045], [130.721864, 33.935309], [130.721612, 33.93546], [130.721529, 33.935376]]], [[[130.731142, 33.933617], [130.731906, 33.932899], [130.732004, 33.932984], [130.731229, 33.933686], [130.731142, 33.933617]]], [[[130.815608, 33.929488], [130.81858, 33.925593], [130.819372, 33.925539], [130.819935, 33.926198], [130.820606, 33.926636], [130.820549, 33.926923], [130.815608, 33.929488]]], [[[130.68331, 33.929208], [130.683442, 33.92909], [130.68359, 33.929222], [130.68331, 33.929208]]]]}}, {"type": "Feature", "properties": {"pref_code": "40", "pref_name": "福岡県", "municipality_code": "40105", "municipality_name": "北九州市", "ward_name": "戸畑区", "display_name": "北九州市 戸畑区", "geometry_key": "40105"}, "geometry": {"type": "Polygon", "coordinates": [[[130.850927, 33.905032], [130.85034, 33.905155], [130.850104, 33.905064], [130.8482, 33.905386], [130.849199, 33.909623], [130.849908, 33.909707], [130.849946, 33.909838], [130.850739, 33.909911], [130.85116, 33.909781], [130.851252, 33.909944], [130.852069, 33.909928], [130.852778, 33.910184], [130.853201, 33.910387], [130.853123, 33.910502], [130.853723, 33.910761], [130.853969, 33.91071], [130.853906, 33.910829], [130.854628, 33.911139], [130.854814, 33.911085], [130.854777, 33.911184], [130.855128, 33.911353], [130.85529, 33.911297], [130.85527, 33.911409], [130.855864, 33.911534], [130.869173, 33.917383], [130.86943, 33.918065], [130.866557, 33.920522], [130.852704, 33.915405], [130.851374, 33.915303], [130.850462, 33.914909], [130.849746, 33.916194], [130.852967, 33.917332], [130.853055, 33.917479], [130.852846, 33.917569], [130.849692, 33.916334], [130.849064, 33.917444], [130.849132, 33.917681], [130.848247, 33.919242], [130.859391, 33.923328], [130.859342, 33.92347], [130.860511, 33.923888], [130.860574, 33.923762], [130.860866, 33.92388], [130.860265, 33.924903], [130.859522, 33.92508], [130.857694, 33.924384], [130.857351, 33.92508], [130.857526, 33.925149], [130.856915, 33.926234], [130.856769, 33.926189], [130.856589, 33.926554], [130.856742, 33.926625], [130.856791, 33.927002], [130.856903, 33.927042], [130.856316, 33.92818], [130.85739, 33.928564], [130.857019, 33.928924], [130.855094, 33.929457], [130.848206, 33.928364], [130.849317, 33.926515], [130.847556, 33.925893], [130.847479, 33.926067], [130.849, 33.926609], [130.847958, 33.928328], [130.844728, 33.927831], [130.844767, 33.927762], [130.844199, 33.927533], [130.844258, 33.927416], [130.843369, 33.927292], [130.825135, 33.920644], [130.823506, 33.919405], [130.823019, 33.916976], [130.823431, 33.916745], [130.823107, 33.914925], [130.822695, 33.914914], [130.822263, 33.914452], [130.821494, 33.910783], [130.821422, 33.910006], [130.821615, 33.909741], [130.821554, 33.909617], [130.821986, 33.909002], [130.822162, 33.909019], [130.823843, 33.906642], [130.822918, 33.903621], [130.822381, 33.903682], [130.822351, 33.903906], [130.820123, 33.907008], [130.819778, 33.906878], [130.819333, 33.905098], [130.820926, 33.90263], [130.81926, 33.901865], [130.819002, 33.901446], [130.818455, 33.901136], [130.818124, 33.901305], [130.818144, 33.901001], [130.817564, 33.900753], [130.817435, 33.900866], [130.817293, 33.900815], [130.817374, 33.900657], [130.816855, 33.900392], [130.816726, 33.900178], [130.815794, 33.899733], [130.815558, 33.898099], [130.816129, 33.897301], [130.810845, 33.895197], [130.810507, 33.894735], [130.806915, 33.8931], [130.806132, 33.892475], [130.805896, 33.892058], [130.805882, 33.891292], [130.806517, 33.886181], [130.806665, 33.885989], [130.806881, 33.884809], [130.808591, 33.885044], [130.809934, 33.884436], [130.810324, 33.884494], [130.811113, 33.883404], [130.814306, 33.884403], [130.814373, 33.884918], [130.813824, 33.886638], [130.813973, 33.887244], [130.814336, 33.887215], [130.814696, 33.887409], [130.815848, 33.887401], [130.817018, 33.887114], [130.819841, 33.886228], [130.820003, 33.886009], [130.820984, 33.88573], [130.821263, 33.885536], [130.821533, 33.884532], [130.822622, 33.883233], [130.822684, 33.882896], [130.822603, 33.881], [130.822018, 33.88008], [130.822063, 33.879093], [130.822332, 33.878371], [130.822044, 33.877814], [130.822035, 33.877417], [130.822281, 33.877245], [130.822785, 33.877503], [130.824268, 33.87706], [130.825542, 33.875943], [130.825957, 33.875768], [130.82619, 33.875451], [130.825957, 33.874458], [130.824769, 33.873251], [130.8244, 33.872601], [130.825004, 33.872094], [130.825291, 33.871669], [130.825345, 33.87096], [130.824832, 33.87036], [130.825156, 33.869634], [130.827541, 33.869744], [130.828018, 33.869668], [130.82914, 33.87025], [130.830274, 33.870199], [130.830625, 33.870334], [130.831336, 33.870368], [130.832029, 33.870722], [130.832461, 33.870765], [130.833239, 33.870681], [130.833518, 33.870116], [130.834229, 33.870825], [130.834985, 33.870875], [130.835111, 33.871019], [130.835714, 33.872082], [130.835831, 33.872547], [130.835696, 33.873601], [130.835849, 33.874003], [130.836407, 33.874763], [130.837019, 33.874915], [130.837343, 33.874898], [130.837928, 33.874459], [130.84047, 33.874189], [130.842612, 33.873632], [130.843536, 33.872998], [130.844219, 33.873261], [130.844138, 33.873646], [130.842958, 33.87365], [130.841802, 33.874354], [130.840577, 33.87443], [130.841078, 33.876056], [130.841055, 33.877421], [130.84155, 33.877981], [130.84205, 33.877977], [130.842167, 33.87845], [130.842833, 33.884025], [130.842459, 33.8846], [130.842913, 33.887232], [130.843516, 33.889064], [130.844926, 33.890014], [130.845637, 33.892014], [130.846584, 33.893911], [130.846896, 33.894077], [130.847701, 33.895071], [130.849787, 33.895871], [130.850325, 33.8963], [130.850376, 33.896998], [130.848993, 33.89907], [130.8489, 33.899651], [130.848994, 33.900278], [130.849805, 33.900682], [130.849878, 33.900852], [130.850927, 33.905032]]]}}, {"type": "Feature", "properties": {"pref_code": "40", "pref_name": "福岡県", "municipality_code": "40106", "municipality_name": "北九州市", "ward_name": "小倉北区", "display_name": "北九州市 小倉北区", "geometry_key": "40106"}, "geometry": {"type": "MultiPolygon", "coordinates": [[[[130.811404, 34.010544], [130.811539, 34.010486], [130.811512, 34.010587], [130.811404, 34.010544]]], [[[130.812434, 34.010377], [130.812668, 34.010312], [130.81256, 34.010426], [130.812434, 34.010377]]], [[[130.806383, 34.010223], [130.806421, 34.010117], [130.806569, 34.010178], [130.806383, 34.010223]]], [[[130.812688, 34.007946], [130.812822, 34.007487], [130.81314, 34.007409], [130.813087, 34.007714], [130.812823, 34.008002], [130.812688, 34.007946]]], [[[130.809051, 34.003681], [130.809591, 34.002837], [130.80999, 34.002801], [130.810318, 34.002908], [130.810304, 34.003277], [130.810068, 34.003584], [130.809612, 34.003816], [130.809139, 34.003796], [130.809051, 34.003681]]], [[[130.814447, 34.00225], [130.814718, 34.002115], [130.815242, 34.002177], [130.81462, 34.002845], [130.814447, 34.00225]]], [[[130.809463, 33.999161], [130.810126, 33.998027], [130.810584, 33.997735], [130.810844, 33.997367], [130.811318, 33.997247], [130.811353, 33.997134], [130.811599, 33.997414], [130.812504, 33.997734], [130.81247, 33.997847], [130.813082, 33.997605], [130.812897, 33.997003], [130.812944, 33.996676], [130.813264, 33.996401], [130.813772, 33.99625], [130.813235, 33.995833], [130.813214, 33.995545], [130.813971, 33.995624], [130.814081, 33.995307], [130.814296, 33.995234], [130.815161, 33.995364], [130.815349, 33.9953], [130.815363, 33.99519], [130.815088, 33.995166], [130.814744, 33.994881], [130.814753, 33.994571], [130.814273, 33.994637], [130.814073, 33.993854], [130.814191, 33.993376], [130.814522, 33.992839], [130.8152, 33.99251], [130.815374, 33.991829], [130.815525, 33.991726], [130.815696, 33.991872], [130.81651, 33.991585], [130.816432, 33.991431], [130.815908, 33.991339], [130.81586, 33.991074], [130.816405, 33.990563], [130.816806, 33.989919], [130.816647, 33.989459], [130.817341, 33.989254], [130.818187, 33.989766], [130.818865, 33.989491], [130.819084, 33.989125], [130.818237, 33.988672], [130.818554, 33.988273], [130.819726, 33.988846], [130.82077, 33.988069], [130.820873, 33.987913], [130.820706, 33.987346], [130.821281, 33.986745], [130.820803, 33.986353], [130.820778, 33.985906], [130.821182, 33.985261], [130.821542, 33.985186], [130.821765, 33.984862], [130.822105, 33.984672], [130.822174, 33.984759], [130.821855, 33.985246], [130.821936, 33.98547], [130.821624, 33.985754], [130.821577, 33.985972], [130.82192, 33.986481], [130.822613, 33.986433], [130.822796, 33.986607], [130.822649, 33.987059], [130.821946, 33.98738], [130.821619, 33.987687], [130.821763, 33.987964], [130.822272, 33.98786], [130.822008, 33.98852], [130.822078, 33.988779], [130.822393, 33.989009], [130.82208, 33.989584], [130.822171, 33.989745], [130.821925, 33.989984], [130.821859, 33.990564], [130.821543, 33.990595], [130.821191, 33.990294], [130.821026, 33.99031], [130.820806, 33.990822], [130.82081, 33.990972], [130.821228, 33.991155], [130.821043, 33.991762], [130.820345, 33.991927], [130.8191, 33.991834], [130.818956, 33.992068], [130.81881, 33.992086], [130.818756, 33.992476], [130.819004, 33.992505], [130.819004, 33.992626], [130.820286, 33.992642], [130.820116, 33.992859], [130.82042, 33.993268], [130.820365, 33.993452], [130.819819, 33.993802], [130.820269, 33.993992], [130.820342, 33.994175], [130.820098, 33.99472], [130.819625, 33.994804], [130.819107, 33.995269], [130.819023, 33.995487], [130.819234, 33.995653], [130.819183, 33.995894], [130.819067, 33.99599], [130.818549, 33.995861], [130.818024, 33.995947], [130.818021, 33.996192], [130.818283, 33.996312], [130.818111, 33.996573], [130.817375, 33.996799], [130.816674, 33.997402], [130.816947, 33.997911], [130.817563, 33.998509], [130.817259, 33.998986], [130.816856, 33.999175], [130.816297, 33.999194], [130.815988, 33.998999], [130.815793, 33.999117], [130.815717, 33.999379], [130.815818, 33.999527], [130.816291, 33.999741], [130.816416, 33.999944], [130.816422, 34.000525], [130.816038, 34.000657], [130.815554, 34.000492], [130.815199, 34.000814], [130.813089, 34.001162], [130.81273, 34.001041], [130.812234, 34.000516], [130.811504, 34.000085], [130.810204, 34.00047], [130.81001, 34.00043], [130.809575, 33.999863], [130.809463, 33.999161]]], [[[130.814195, 33.994888], [130.814278, 33.994909], [130.814209, 33.994935], [130.814195, 33.994888]]], [[[130.813844, 33.994834], [130.81389, 33.994752], [130.813932, 33.994836], [130.813844, 33.994834]]], [[[130.832418, 33.991552], [130.832475, 33.99122], [130.832796, 33.990928], [130.832798, 33.990747], [130.833296, 33.99034], [130.833391, 33.989805], [130.833646, 33.989574], [130.833709, 33.989878], [130.833191, 33.991413], [130.833057, 33.991455], [130.833045, 33.99119], [130.832918, 33.991171], [130.832722, 33.991523], [130.832418, 33.991552]]], [[[130.819659, 33.988311], [130.819823, 33.98797], [130.820426, 33.987541], [130.820569, 33.987563], [130.820342, 33.988039], [130.819878, 33.988354], [130.819659, 33.988311]]], [[[130.791123, 33.983905], [130.791721, 33.983295], [130.791978, 33.984344], [130.79164, 33.984427], [130.79138, 33.984344], [130.791123, 33.983905]]], [[[130.789668, 33.983953], [130.789761, 33.983935], [130.789775, 33.984012], [130.789668, 33.983953]]], [[[130.789394, 33.983927], [130.789494, 33.983859], [130.789477, 33.98394], [130.789394, 33.983927]]], [[[130.789073, 33.98379], [130.789192, 33.983751], [130.78918, 33.983867], [130.789073, 33.98379]]], [[[130.847926, 33.970104], [130.848275, 33.96932], [130.848114, 33.969302], [130.848143, 33.969177], [130.848569, 33.969098], [130.849035, 33.969257], [130.849441, 33.969132], [130.849922, 33.969492], [130.850546, 33.969237], [130.850714, 33.968988], [130.850601, 33.968504], [130.85098, 33.968444], [130.851076, 33.968109], [130.85154, 33.967848], [130.851881, 33.967289], [130.852273, 33.967157], [130.852442, 33.967356], [130.852756, 33.967107], [130.85273, 33.966863], [130.852013, 33.96658], [130.852228, 33.966243], [130.852029, 33.966165], [130.852188, 33.966078], [130.852533, 33.966005], [130.853138, 33.966134], [130.853541, 33.966005], [130.853701, 33.965809], [130.854124, 33.965775], [130.854624, 33.966129], [130.854551, 33.966394], [130.855186, 33.966609], [130.855354, 33.966548], [130.855296, 33.966376], [130.855506, 33.966305], [130.855413, 33.965522], [130.855701, 33.965208], [130.855814, 33.965338], [130.856624, 33.965311], [130.856704, 33.966057], [130.856921, 33.9663], [130.857434, 33.966459], [130.85776, 33.966472], [130.858428, 33.965791], [130.858909, 33.965713], [130.85906, 33.965561], [130.85983, 33.965708], [130.860209, 33.965504], [130.860135, 33.965313], [130.860261, 33.965222], [130.860652, 33.965537], [130.860678, 33.965743], [130.861046, 33.965967], [130.861659, 33.966069], [130.860555, 33.966293], [130.859909, 33.966735], [130.859307, 33.967468], [130.859179, 33.96785], [130.858336, 33.968346], [130.858042, 33.968262], [130.857856, 33.967758], [130.857357, 33.967969], [130.857191, 33.967864], [130.857353, 33.967364], [130.857146, 33.967384], [130.856893, 33.96722], [130.856488, 33.96791], [130.856663, 33.968257], [130.856589, 33.968686], [130.856238, 33.968763], [130.856042, 33.969076], [130.855406, 33.969341], [130.855026, 33.969257], [130.855136, 33.969093], [130.855106, 33.968639], [130.854161, 33.968472], [130.853879, 33.968739], [130.854046, 33.969046], [130.853952, 33.969462], [130.854085, 33.969652], [130.854648, 33.969638], [130.854681, 33.970067], [130.854299, 33.970179], [130.854186, 33.970432], [130.853917, 33.970528], [130.853727, 33.970767], [130.8533, 33.970817], [130.85315, 33.971037], [130.852775, 33.971096], [130.852372, 33.971405], [130.852109, 33.971399], [130.852227, 33.970631], [130.85204, 33.970497], [130.851128, 33.971042], [130.850432, 33.97119], [130.8506, 33.970865], [130.850161, 33.970797], [130.850019, 33.970522], [130.849767, 33.970389], [130.849293, 33.970494], [130.849409, 33.970143], [130.849733, 33.970048], [130.849544, 33.969721], [130.84925, 33.969842], [130.848648, 33.96972], [130.848196, 33.97009], [130.847926, 33.970104]]], [[[130.855955, 33.969961], [130.855994, 33.969794], [130.85633, 33.969697], [130.856267, 33.969932], [130.855955, 33.969961]]], [[[130.845023, 33.969004], [130.845237, 33.968537], [130.845902, 33.968065], [130.846863, 33.967811], [130.846396, 33.968104], [130.845945, 33.96871], [130.846113, 33.969186], [130.845573, 33.969405], [130.845324, 33.9693], [130.845193, 33.969016], [130.845023, 33.969004]]], [[[130.848202, 33.969044], [130.848261, 33.968951], [130.848309, 33.969049], [130.848202, 33.969044]]], [[[130.846807, 33.968114], [130.847138, 33.967789], [130.84745, 33.967785], [130.846948, 33.968154], [130.846807, 33.968114]]], [[[130.847589, 33.967816], [130.847759, 33.967767], [130.847671, 33.96786], [130.847589, 33.967816]]], [[[130.847929, 33.96769], [130.848056, 33.967682], [130.848027, 33.967739], [130.847929, 33.96769]]], [[[130.861071, 33.967455], [130.861417, 33.96739], [130.861261, 33.967528], [130.861071, 33.967455]]], [[[130.851774, 33.9658], [130.851905, 33.965746], [130.851922, 33.966027], [130.851774, 33.9658]]], [[[130.854983, 33.963792], [130.855053, 33.963758], [130.855083, 33.963827], [130.854983, 33.963792]]], [[[130.854734, 33.963683], [130.854856, 33.963705], [130.854846, 33.963784], [130.854734, 33.963683]]], [[[130.8549, 33.963559], [130.854941, 33.963539], [130.854963, 33.96359], [130.8549, 33.963559]]], [[[130.855611, 33.962947], [130.856104, 33.962279], [130.855841, 33.962327], [130.855828, 33.96202], [130.856383, 33.960862], [130.857146, 33.960719], [130.857284, 33.96089], [130.857292, 33.961672], [130.857414, 33.961851], [130.857972, 33.96201], [130.857612, 33.962057], [130.857767, 33.962559], [130.857584, 33.962555], [130.857336, 33.962246], [130.857173, 33.962254], [130.856981, 33.962541], [130.856838, 33.962385], [130.856269, 33.962386], [130.856148, 33.962585], [130.856171, 33.963026], [130.855711, 33.963144], [130.855611, 33.962947]]], [[[130.850927, 33.905032], [130.849878, 33.900852], [130.849805, 33.900682], [130.848994, 33.900278], [130.8489, 33.899651], [130.848993, 33.89907], [130.850376, 33.896998], [130.850325, 33.8963], [130.849787, 33.895871], [130.847701, 33.895071], [130.846896, 33.894077], [130.846584, 33.893911], [130.845637, 33.892014], [130.844926, 33.890014], [130.843516, 33.889064], [130.842913, 33.887232], [130.842459, 33.8846], [130.842833, 33.884025], [130.842167, 33.87845], [130.84205, 33.877977], [130.84155, 33.877981], [130.841055, 33.877421], [130.841078, 33.876056], [130.840577, 33.87443], [130.841802, 33.874354], [130.842958, 33.87365], [130.844138, 33.873646], [130.844219, 33.873261], [130.843536, 33.872998], [130.843845, 33.872358], [130.844448, 33.872535], [130.844511, 33.872459], [130.844206, 33.871834], [130.844413, 33.87123], [130.843269, 33.87085], [130.842046, 33.870132], [130.842007, 33.869959], [130.842607, 33.869726], [130.8432, 33.869233], [130.84387, 33.86896], [130.844322, 33.869149], [130.844974, 33.869948], [130.846683, 33.870851], [130.847559, 33.870992], [130.84821, 33.870061], [130.846039, 33.869235], [130.846131, 33.868329], [130.846401, 33.868269], [130.846865, 33.86721], [130.846433, 33.866923], [130.845726, 33.865553], [130.84574, 33.865182], [130.846118, 33.864662], [130.846104, 33.864011], [130.845853, 33.863542], [130.846555, 33.862998], [130.846694, 33.862183], [130.847175, 33.861261], [130.849073, 33.859843], [130.849294, 33.85962], [130.849281, 33.859278], [130.849173, 33.858423], [130.848083, 33.858119], [130.847534, 33.85711], [130.846998, 33.857346], [130.846249, 33.856524], [130.844894, 33.856136], [130.844805, 33.85515], [130.843792, 33.854289], [130.842956, 33.85378], [130.841736, 33.853624], [130.841243, 33.853064], [130.841094, 33.851966], [130.84077, 33.851295], [130.839933, 33.85105], [130.839681, 33.850689], [130.840123, 33.849389], [130.840033, 33.848636], [130.840235, 33.847551], [130.839966, 33.846324], [130.841061, 33.844774], [130.841629, 33.843618], [130.842205, 33.843056], [130.841751, 33.841463], [130.841359, 33.841125], [130.841161, 33.840648], [130.841804, 33.84006], [130.842628, 33.839786], [130.842939, 33.839798], [130.844436, 33.840313], [130.845201, 33.840317], [130.845552, 33.840072], [130.846135, 33.839292], [130.847431, 33.83955], [130.848521, 33.839335], [130.84889, 33.839364], [130.849156, 33.839419], [130.849484, 33.83974], [130.849915, 33.840456], [130.850396, 33.840857], [130.851351, 33.840802], [130.852358, 33.84205], [130.852705, 33.842257], [130.852916, 33.842308], [130.853846, 33.84208], [130.854494, 33.842372], [130.855228, 33.842059], [130.855818, 33.841975], [130.856778, 33.842139], [130.857602, 33.842595], [130.857832, 33.842886], [130.857975, 33.845306], [130.858286, 33.845762], [130.860254, 33.845429], [130.860835, 33.845614], [130.861565, 33.846345], [130.861474, 33.847014], [130.861731, 33.8482], [130.863063, 33.849588], [130.864282, 33.850114], [130.864498, 33.85011], [130.865191, 33.84965], [130.86608, 33.848773], [130.866841, 33.848473], [130.868552, 33.848355], [130.871627, 33.847251], [130.872625, 33.847834], [130.873379, 33.848782], [130.873789, 33.850179], [130.873885, 33.850941], [130.873594, 33.853293], [130.873768, 33.854401], [130.874453, 33.855524], [130.875556, 33.856809], [130.876159, 33.858231], [130.876174, 33.859557], [130.875952, 33.860364], [130.875685, 33.861062], [130.87514, 33.861735], [130.874961, 33.862197], [130.875416, 33.862405], [130.875425, 33.863242], [130.876149, 33.864286], [130.876667, 33.864624], [130.877721, 33.863746], [130.885386, 33.858854], [130.886628, 33.858274], [130.887291, 33.857841], [130.887913, 33.857197], [130.893684, 33.853586], [130.895228, 33.852039], [130.896625, 33.849818], [130.897411, 33.849455], [130.898388, 33.84784], [130.898416, 33.851477], [130.899523, 33.851629], [130.89973, 33.851828], [130.899689, 33.852358], [130.900408, 33.852562], [130.902072, 33.852781], [130.903745, 33.852525], [130.904067, 33.852959], [130.90532, 33.853561], [130.90591, 33.853991], [130.907223, 33.855216], [130.90759, 33.855882], [130.907703, 33.856682], [130.907877, 33.856832], [130.909134, 33.856714], [130.910681, 33.857004], [130.911837, 33.857436], [130.912168, 33.857768], [130.912501, 33.85786], [130.913246, 33.858437], [130.913967, 33.858489], [130.915361, 33.859061], [130.916365, 33.859199], [130.917238, 33.859528], [130.917893, 33.859566], [130.918536, 33.859771], [130.919588, 33.859727], [130.920887, 33.860017], [130.921121, 33.860235], [130.921689, 33.861571], [130.921846, 33.86309], [130.922517, 33.863871], [130.922767, 33.864377], [130.92328, 33.864773], [130.923567, 33.865679], [130.924057, 33.866359], [130.924247, 33.866907], [130.924713, 33.867186], [130.925436, 33.867379], [130.927851, 33.867412], [130.928025, 33.867494], [130.928034, 33.868057], [130.928843, 33.868711], [130.929069, 33.869015], [130.929128, 33.869362], [130.929081, 33.869829], [130.928203, 33.870209], [130.927189, 33.872625], [130.926394, 33.873276], [130.925737, 33.873455], [130.924356, 33.873366], [130.922572, 33.873901], [130.922067, 33.874673], [130.920782, 33.87611], [130.920808, 33.876549], [130.92064, 33.87691], [130.919783, 33.877312], [130.919084, 33.877874], [130.918769, 33.878899], [130.917866, 33.880363], [130.917625, 33.881101], [130.917089, 33.882038], [130.915936, 33.882721], [130.916324, 33.88463], [130.916844, 33.885902], [130.916915, 33.886528], [130.916243, 33.887432], [130.915471, 33.888049], [130.915322, 33.888317], [130.916786, 33.889119], [130.915642, 33.889659], [130.915453, 33.889897], [130.916657, 33.891157], [130.916809, 33.891438], [130.916781, 33.892188], [130.916526, 33.892719], [130.915635, 33.893674], [130.915059, 33.895807], [130.905472, 33.894198], [130.904911, 33.892342], [130.903808, 33.89199], [130.900952, 33.890681], [130.89939, 33.890656], [130.899966, 33.8916], [130.901662, 33.891653], [130.902376, 33.894045], [130.90066, 33.893995], [130.898953, 33.893165], [130.898241, 33.892177], [130.894728, 33.892153], [130.89448, 33.891799], [130.894609, 33.891667], [130.893968, 33.890616], [130.893735, 33.890661], [130.892008, 33.887978], [130.89154, 33.88758], [130.891195, 33.887584], [130.891184, 33.887722], [130.889893, 33.887726], [130.88924, 33.88772], [130.889226, 33.887565], [130.888937, 33.887559], [130.88849, 33.887776], [130.887797, 33.88846], [130.890115, 33.892039], [130.891327, 33.892051], [130.892551, 33.893117], [130.890178, 33.893157], [130.890174, 33.893571], [130.888409, 33.893196], [130.888354, 33.893413], [130.886216, 33.89291], [130.885167, 33.892454], [130.884679, 33.891976], [130.881504, 33.891923], [130.880907, 33.890119], [130.877646, 33.889463], [130.877917, 33.890434], [130.878504, 33.891135], [130.878973, 33.891556], [130.879639, 33.891887], [130.880968, 33.893544], [130.884176, 33.896045], [130.893282, 33.896169], [130.893252, 33.897206], [130.887734, 33.902038], [130.880749, 33.900242], [130.879135, 33.898974], [130.878726, 33.899386], [130.873577, 33.897162], [130.874666, 33.895425], [130.874041, 33.894924], [130.867796, 33.898309], [130.867249, 33.898506], [130.86681, 33.89819], [130.865682, 33.896691], [130.866088, 33.89646], [130.865736, 33.895992], [130.865594, 33.895947], [130.865257, 33.896128], [130.864875, 33.895653], [130.863801, 33.895644], [130.863224, 33.896049], [130.867013, 33.900731], [130.871186, 33.899402], [130.884139, 33.905196], [130.88142, 33.907564], [130.880278, 33.907136], [130.880136, 33.907186], [130.878498, 33.906444], [130.878344, 33.906648], [130.877139, 33.906119], [130.876045, 33.907916], [130.879382, 33.909386], [130.871868, 33.915924], [130.871476, 33.915766], [130.871307, 33.915918], [130.870848, 33.915738], [130.870929, 33.915557], [130.870524, 33.915326], [130.870267, 33.915208], [130.870126, 33.915281], [130.870078, 33.915129], [130.869734, 33.914988], [130.869592, 33.915044], [130.869572, 33.914921], [130.868998, 33.914661], [130.868883, 33.914751], [130.868809, 33.914571], [130.867431, 33.913957], [130.867242, 33.913985], [130.867249, 33.913872], [130.866499, 33.913652], [130.866013, 33.913337], [130.867188, 33.911354], [130.865318, 33.910508], [130.863805, 33.912864], [130.860415, 33.91141], [130.854784, 33.908694], [130.856938, 33.906626], [130.853332, 33.903909], [130.852488, 33.904264], [130.852258, 33.905436], [130.851576, 33.905769], [130.85134, 33.904973], [130.850927, 33.905032]]]]}}, {"type": "Feature", "properties": {"pref_code": "40", "pref_name": "福岡県", "municipality_code": "40107", "municipality_name": "北九州市", "ward_name": "小倉南区", "display_name": "北九州市 小倉南区", "geometry_key": "40107"}, "geometry": {"type": "MultiPolygon", "coordinates": [[[[130.97743, 33.844418], [130.977216, 33.845172], [130.977321, 33.846001], [130.97674, 33.846551], [130.976463, 33.846691], [130.975813, 33.846521], [130.975462, 33.846708], [130.974668, 33.847688], [130.974418, 33.84778], [130.974145, 33.847719], [130.973606, 33.847335], [130.973444, 33.847387], [130.973009, 33.847789], [130.972813, 33.848546], [130.972504, 33.848712], [130.972111, 33.848651], [130.970821, 33.848893], [130.970046, 33.848906], [130.969611, 33.849103], [130.969315, 33.849459], [130.968813, 33.849694], [130.968669, 33.84998], [130.968755, 33.850786], [130.968493, 33.851196], [130.968111, 33.851458], [130.96747, 33.851591], [130.966868, 33.851953], [130.966176, 33.852656], [130.965705, 33.85356], [130.964666, 33.854186], [130.964519, 33.854378], [130.964598, 33.854644], [130.965066, 33.855402], [130.965258, 33.856116], [130.966388, 33.857713], [130.964705, 33.857357], [130.964158, 33.856037], [130.964192, 33.855638], [130.962802, 33.854243], [130.962462, 33.854081], [130.961778, 33.854175], [130.961223, 33.854581], [130.960715, 33.854725], [130.959388, 33.854518], [130.958828, 33.854247], [130.958388, 33.854326], [130.957713, 33.855823], [130.957789, 33.85696], [130.957412, 33.857288], [130.957268, 33.859425], [130.955875, 33.858577], [130.955341, 33.859206], [130.952411, 33.860837], [130.951843, 33.863013], [130.951561, 33.863222], [130.949751, 33.863814], [130.949047, 33.864868], [130.947476, 33.867815], [130.946626, 33.86814], [130.945636, 33.868332], [130.945186, 33.868336], [130.944356, 33.867906], [130.943076, 33.868441], [130.942369, 33.868899], [130.941992, 33.868961], [130.941277, 33.868967], [130.938552, 33.868092], [130.937513, 33.868386], [130.936612, 33.868434], [130.935201, 33.869266], [130.934751, 33.869323], [130.933398, 33.869067], [130.931973, 33.869456], [130.929625, 33.869135], [130.929128, 33.869362], [130.929069, 33.869015], [130.928843, 33.868711], [130.928034, 33.868057], [130.928025, 33.867494], [130.927851, 33.867412], [130.925436, 33.867379], [130.924713, 33.867186], [130.924247, 33.866907], [130.924057, 33.866359], [130.923567, 33.865679], [130.92328, 33.864773], [130.922767, 33.864377], [130.922517, 33.863871], [130.921846, 33.86309], [130.921689, 33.861571], [130.921121, 33.860235], [130.920887, 33.860017], [130.919588, 33.859727], [130.918536, 33.859771], [130.917893, 33.859566], [130.917238, 33.859528], [130.916365, 33.859199], [130.915361, 33.859061], [130.913967, 33.858489], [130.913246, 33.858437], [130.912501, 33.85786], [130.912168, 33.857768], [130.911837, 33.857436], [130.910681, 33.857004], [130.909134, 33.856714], [130.907877, 33.856832], [130.907703, 33.856682], [130.90759, 33.855882], [130.907223, 33.855216], [130.90591, 33.853991], [130.90532, 33.853561], [130.904067, 33.852959], [130.903745, 33.852525], [130.902072, 33.852781], [130.900408, 33.852562], [130.899689, 33.852358], [130.89973, 33.851828], [130.899523, 33.851629], [130.898416, 33.851477], [130.898388, 33.84784], [130.897411, 33.849455], [130.896625, 33.849818], [130.895228, 33.852039], [130.893684, 33.853586], [130.887913, 33.857197], [130.887291, 33.857841], [130.886628, 33.858274], [130.885386, 33.858854], [130.877721, 33.863746], [130.876667, 33.864624], [130.876149, 33.864286], [130.875425, 33.863242], [130.875416, 33.862405], [130.874961, 33.862197], [130.87514, 33.861735], [130.875685, 33.861062], [130.875952, 33.860364], [130.876174, 33.859557], [130.876159, 33.858231], [130.875556, 33.856809], [130.874453, 33.855524], [130.873768, 33.854401], [130.873594, 33.853293], [130.873885, 33.850941], [130.873789, 33.850179], [130.873379, 33.848782], [130.872625, 33.847834], [130.871627, 33.847251], [130.868552, 33.848355], [130.866841, 33.848473], [130.86608, 33.848773], [130.865191, 33.84965], [130.864498, 33.85011], [130.864282, 33.850114], [130.863063, 33.849588], [130.861731, 33.8482], [130.861474, 33.847014], [130.861565, 33.846345], [130.860835, 33.845614], [130.860254, 33.845429], [130.858286, 33.845762], [130.857975, 33.845306], [130.857832, 33.842886], [130.857602, 33.842595], [130.856778, 33.842139], [130.855818, 33.841975], [130.855228, 33.842059], [130.854494, 33.842372], [130.853846, 33.84208], [130.852916, 33.842308], [130.852705, 33.842257], [130.852358, 33.84205], [130.851351, 33.840802], [130.850396, 33.840857], [130.849915, 33.840456], [130.849484, 33.83974], [130.849156, 33.839419], [130.84889, 33.839364], [130.848521, 33.839335], [130.847431, 33.83955], [130.846135, 33.839292], [130.845552, 33.840072], [130.845201, 33.840317], [130.844436, 33.840313], [130.842939, 33.839798], [130.842628, 33.839786], [130.841804, 33.84006], [130.841161, 33.840648], [130.840949, 33.839758], [130.840513, 33.839224], [130.839136, 33.838709], [130.837253, 33.838453], [130.835272, 33.837478], [130.833302, 33.836375], [130.832861, 33.835949], [130.832328, 33.83473], [130.832088, 33.834496], [130.830639, 33.834223], [130.829471, 33.833369], [130.828953, 33.832714], [130.82871, 33.831714], [130.828827, 33.831121], [130.828557, 33.830623], [130.827961, 33.830002], [130.826607, 33.829719], [130.826412, 33.829589], [130.826181, 33.829241], [130.826322, 33.828229], [130.825549, 33.827367], [130.825178, 33.82669], [130.82484, 33.826594], [130.822946, 33.826741], [130.821253, 33.827582], [130.820278, 33.827561], [130.819403, 33.82831], [130.818429, 33.828532], [130.817824, 33.828118], [130.816171, 33.827555], [130.81475, 33.827486], [130.813528, 33.826264], [130.812031, 33.825417], [130.811893, 33.824994], [130.811365, 33.824799], [130.810626, 33.824764], [130.810278, 33.82429], [130.809903, 33.824029], [130.80807, 33.824041], [130.807817, 33.822872], [130.807985, 33.822707], [130.808546, 33.822566], [130.809421, 33.821807], [130.809622, 33.820906], [130.809517, 33.820519], [130.808903, 33.819768], [130.808744, 33.819282], [130.808477, 33.818988], [130.807669, 33.818854], [130.807063, 33.818269], [130.805626, 33.817975], [130.804532, 33.817353], [130.804742, 33.816641], [130.803836, 33.816026], [130.803749, 33.815714], [130.803894, 33.815302], [130.803588, 33.814942], [130.803625, 33.814082], [130.803073, 33.813878], [130.802723, 33.813398], [130.801929, 33.812952], [130.801848, 33.812816], [130.801962, 33.812324], [130.801482, 33.811916], [130.801482, 33.811652], [130.801886, 33.811126], [130.801701, 33.81025], [130.801886, 33.809691], [130.802153, 33.809358], [130.802927, 33.808827], [130.804115, 33.806732], [130.80443, 33.805421], [130.804508, 33.804096], [130.804341, 33.803403], [130.802896, 33.802609], [130.8026, 33.801753], [130.801704, 33.800437], [130.801031, 33.798278], [130.801171, 33.797427], [130.800921, 33.796329], [130.800999, 33.795388], [130.800607, 33.794054], [130.800395, 33.793754], [130.800988, 33.793404], [130.801375, 33.792883], [130.802077, 33.792581], [130.80173, 33.792092], [130.800204, 33.791203], [130.800016, 33.79085], [130.800629, 33.790149], [130.80071, 33.789848], [130.800005, 33.788678], [130.7998, 33.787324], [130.799413, 33.786887], [130.799234, 33.785778], [130.799549, 33.784646], [130.800193, 33.783393], [130.799945, 33.782009], [130.800459, 33.781474], [130.800618, 33.780294], [130.801208, 33.779874], [130.801286, 33.779663], [130.801038, 33.779194], [130.801078, 33.778609], [130.80043, 33.777949], [130.800355, 33.777334], [130.799424, 33.776794], [130.799996, 33.774811], [130.80006, 33.773172], [130.800336, 33.772906], [130.800567, 33.772906], [130.801677, 33.773541], [130.802374, 33.773639], [130.802507, 33.77357], [130.802773, 33.772229], [130.802536, 33.771773], [130.802432, 33.770551], [130.802254, 33.770201], [130.800813, 33.768399], [130.80109, 33.766361], [130.799316, 33.765082], [130.799506, 33.764794], [130.800043, 33.764528], [130.800478, 33.763153], [130.801383, 33.762456], [130.801786, 33.761085], [130.802386, 33.760728], [130.802434, 33.760503], [130.802, 33.759809], [130.802216, 33.758699], [130.801579, 33.757605], [130.801853, 33.756575], [130.801662, 33.755236], [130.802922, 33.753281], [130.802667, 33.752144], [130.802136, 33.750947], [130.802396, 33.750741], [130.804878, 33.749812], [130.805536, 33.748475], [130.805374, 33.747959], [130.804248, 33.746904], [130.803933, 33.746426], [130.804009, 33.745107], [130.803571, 33.743736], [130.803723, 33.742626], [130.804029, 33.742036], [130.80447, 33.741246], [130.805608, 33.738125], [130.805641, 33.737855], [130.805301, 33.737375], [130.805143, 33.736711], [130.805637, 33.734656], [130.80707, 33.734328], [130.80824, 33.734215], [130.809737, 33.733705], [130.810661, 33.733617], [130.811057, 33.733064], [130.812109, 33.732134], [130.812588, 33.731359], [130.813285, 33.730571], [130.813235, 33.729487], [130.813859, 33.728901], [130.813961, 33.728093], [130.814935, 33.727689], [130.815639, 33.727672], [130.816256, 33.727865], [130.817033, 33.727727], [130.817938, 33.727012], [130.819633, 33.726268], [130.820933, 33.725489], [130.820004, 33.724106], [130.819563, 33.722854], [130.820731, 33.721517], [130.820898, 33.720997], [130.821941, 33.721142], [130.822025, 33.721264], [130.8236, 33.722472], [130.824924, 33.722846], [130.826014, 33.723504], [130.826939, 33.72381], [130.828003, 33.723806], [130.828878, 33.723952], [130.830733, 33.723824], [130.831537, 33.723918], [130.832299, 33.724194], [130.83355, 33.724391], [130.834648, 33.724768], [130.835628, 33.724939], [130.838088, 33.725767], [130.838573, 33.725718], [130.839808, 33.725259], [130.841578, 33.72562], [130.842301, 33.725215], [130.843594, 33.724916], [130.844406, 33.724397], [130.844596, 33.724407], [130.847402, 33.725784], [130.8478, 33.727283], [130.848606, 33.728897], [130.848964, 33.73018], [130.849441, 33.73067], [130.849503, 33.731176], [130.850139, 33.732486], [130.850213, 33.733286], [130.850938, 33.733502], [130.85133, 33.733824], [130.852054, 33.733983], [130.852751, 33.734856], [130.853957, 33.7353], [130.854891, 33.735231], [130.855179, 33.735697], [130.856664, 33.735839], [130.857378, 33.735748], [130.857986, 33.735952], [130.85912, 33.735742], [130.862944, 33.736374], [130.864891, 33.735794], [130.867155, 33.735389], [130.867315, 33.734838], [130.867835, 33.734293], [130.867934, 33.734554], [130.868341, 33.734637], [130.869103, 33.735062], [130.869443, 33.735411], [130.869557, 33.735768], [130.870417, 33.736122], [130.870694, 33.736606], [130.871701, 33.736836], [130.873241, 33.738262], [130.874057, 33.739339], [130.875244, 33.739634], [130.876765, 33.739746], [130.878452, 33.741945], [130.880586, 33.742984], [130.881699, 33.743933], [130.882026, 33.744018], [130.882483, 33.74375], [130.882652, 33.741841], [130.883023, 33.741487], [130.884631, 33.742152], [130.887293, 33.742409], [130.887719, 33.742367], [130.888066, 33.742184], [130.888728, 33.742568], [130.88914, 33.74258], [130.889456, 33.742455], [130.889428, 33.741439], [130.890272, 33.740224], [130.890407, 33.739208], [130.890262, 33.738825], [130.890308, 33.738164], [130.891219, 33.737601], [130.891769, 33.73542], [130.892984, 33.735139], [130.894338, 33.734144], [130.895164, 33.735067], [130.895378, 33.735841], [130.895043, 33.736951], [130.894698, 33.739052], [130.894893, 33.739377], [130.897193, 33.741126], [130.89731, 33.742037], [130.897017, 33.742785], [130.897842, 33.744319], [130.898157, 33.745504], [130.898638, 33.746609], [130.898662, 33.747069], [130.899451, 33.748267], [130.900483, 33.75029], [130.901663, 33.751868], [130.902258, 33.753206], [130.903925, 33.752484], [130.903276, 33.751403], [130.903603, 33.750445], [130.904562, 33.749701], [130.905081, 33.74857], [130.905889, 33.748007], [130.905929, 33.747152], [130.906354, 33.746737], [130.906517, 33.746237], [130.906719, 33.74606], [130.907226, 33.746003], [130.907916, 33.747296], [130.908389, 33.747699], [130.909621, 33.748219], [130.910041, 33.748878], [130.909853, 33.749413], [130.909246, 33.750214], [130.909358, 33.750723], [130.911833, 33.754788], [130.913265, 33.756382], [130.913416, 33.756699], [130.913059, 33.757597], [130.91314, 33.758304], [130.913008, 33.759074], [130.911821, 33.760948], [130.911931, 33.762206], [130.911725, 33.763269], [130.911891, 33.763966], [130.912493, 33.764629], [130.914379, 33.765325], [130.915101, 33.765754], [130.915553, 33.766568], [130.91663, 33.768001], [130.917189, 33.768401], [130.917562, 33.76895], [130.917367, 33.770453], [130.916633, 33.770958], [130.916545, 33.771851], [130.915802, 33.772423], [130.915666, 33.772664], [130.916092, 33.774409], [130.916412, 33.774923], [130.916824, 33.775037], [130.917743, 33.774733], [130.918932, 33.774764], [130.919439, 33.775091], [130.919722, 33.77606], [130.920023, 33.776502], [130.921108, 33.776747], [130.922113, 33.777314], [130.923159, 33.777687], [130.923394, 33.777966], [130.923659, 33.778711], [130.924129, 33.779099], [130.925629, 33.778849], [130.92653, 33.779425], [130.92692, 33.779918], [130.927627, 33.77969], [130.928189, 33.779207], [130.929872, 33.778932], [130.931191, 33.778484], [130.932326, 33.777617], [130.933744, 33.775846], [130.934574, 33.776384], [130.935438, 33.776581], [130.936171, 33.776567], [130.936921, 33.776232], [130.937418, 33.776519], [130.937668, 33.777084], [130.937829, 33.777184], [130.940123, 33.777882], [130.940686, 33.778206], [130.942223, 33.778499], [130.942888, 33.778375], [130.943835, 33.777689], [130.944472, 33.777657], [130.945542, 33.778398], [130.946542, 33.778571], [130.947592, 33.779132], [130.947809, 33.779307], [130.948033, 33.77989], [130.948541, 33.78028], [130.949902, 33.780204], [130.950553, 33.779897], [130.95222, 33.78063], [130.953238, 33.780834], [130.953462, 33.782131], [130.954293, 33.783679], [130.954728, 33.784907], [130.955224, 33.785349], [130.954922, 33.785853], [130.955149, 33.786826], [130.955311, 33.787094], [130.956073, 33.787587], [130.95655, 33.788771], [130.957314, 33.789344], [130.957566, 33.790755], [130.957721, 33.790811], [130.959008, 33.790448], [130.959658, 33.790431], [130.960333, 33.790792], [130.960561, 33.791302], [130.961433, 33.792112], [130.963611, 33.794815], [130.965241, 33.795687], [130.966322, 33.79658], [130.966644, 33.797057], [130.966835, 33.797684], [130.967492, 33.798096], [130.970094, 33.800574], [130.970293, 33.801053], [130.971075, 33.801837], [130.971365, 33.802399], [130.971894, 33.802544], [130.972809, 33.803915], [130.981271, 33.810609], [130.980774, 33.810962], [130.980818, 33.811039], [130.979982, 33.811867], [130.966571, 33.809457], [130.964965, 33.814154], [130.963671, 33.817001], [130.962044, 33.819997], [130.962348, 33.820144], [130.961997, 33.820735], [130.961843, 33.820675], [130.961201, 33.821744], [130.961049, 33.821771], [130.956546, 33.829835], [130.9566, 33.830015], [130.957362, 33.830117], [130.957801, 33.830782], [130.959994, 33.837647], [130.960053, 33.838105], [130.959953, 33.838201], [130.963309, 33.837783], [130.967294, 33.836671], [130.970584, 33.835915], [130.971656, 33.836185], [130.972182, 33.835488], [130.976372, 33.834399], [130.976939, 33.835825], [130.976944, 33.837281], [130.978809, 33.83741], [130.978746, 33.839304], [130.980024, 33.840341], [130.979933, 33.840412], [130.978708, 33.839401], [130.977469, 33.839111], [130.97707, 33.841528], [130.976009, 33.841723], [130.976254, 33.842605], [130.977109, 33.843293], [130.977326, 33.844422], [130.97743, 33.844418]]], [[[131.038606, 33.835545], [131.035104, 33.853256], [131.035393, 33.856603], [131.034277, 33.857706], [131.028676, 33.856902], [131.028896, 33.855875], [131.030076, 33.856039], [131.032552, 33.843882], [131.027243, 33.843157], [131.029063, 33.834196], [131.038606, 33.835545]]], [[[130.968255, 33.82849], [130.968938, 33.828517], [130.971947, 33.82921], [130.97337, 33.829283], [130.974652, 33.829075], [130.975893, 33.828303], [130.976285, 33.827784], [130.976966, 33.827644], [130.977202, 33.827711], [130.977458, 33.828032], [130.97733, 33.828404], [130.977411, 33.828647], [130.97762, 33.828776], [130.977424, 33.829159], [130.977485, 33.829447], [130.977263, 33.830162], [130.976473, 33.830393], [130.974315, 33.829368], [130.972386, 33.829384], [130.969673, 33.828872], [130.968255, 33.82849]]]]}}, {"type": "Feature", "properties": {"pref_code": "40", "pref_name": "福岡県", "municipality_code": "40108", "municipality_name": "北九州市", "ward_name": "八幡東区", "display_name": "北九州市 八幡東区", "geometry_key": "40108"}, "geometry": {"type": "Polygon", "coordinates": [[[130.806881, 33.884809], [130.807293, 33.8828], [130.808867, 33.879289], [130.808799, 33.878788], [130.808192, 33.878094], [130.808462, 33.877886], [130.808097, 33.877548], [130.807928, 33.877644], [130.806341, 33.875976], [130.805113, 33.875097], [130.804883, 33.875271], [130.804194, 33.874967], [130.804316, 33.874764], [130.802803, 33.874285], [130.800102, 33.873885], [130.799806, 33.87389], [130.799654, 33.87411], [130.800062, 33.875367], [130.804734, 33.881645], [130.804018, 33.886293], [130.804275, 33.886857], [130.803897, 33.886902], [130.803627, 33.888344], [130.803762, 33.888959], [130.803627, 33.890345], [130.803242, 33.891032], [130.803382, 33.891533], [130.802614, 33.891337], [130.801493, 33.889686], [130.801533, 33.889533], [130.800095, 33.888857], [130.798623, 33.886874], [130.79842, 33.886806], [130.798461, 33.88662], [130.798083, 33.886141], [130.797779, 33.886029], [130.797435, 33.885595], [130.793599, 33.884789], [130.791769, 33.884575], [130.790203, 33.884231], [130.790027, 33.884298], [130.786604, 33.883464], [130.78657, 33.883318], [130.785226, 33.882968], [130.784976, 33.882613], [130.784821, 33.882596], [130.782417, 33.87827], [130.782239, 33.878186], [130.782828, 33.877961], [130.782753, 33.877792], [130.782929, 33.877737], [130.7826, 33.87709], [130.782843, 33.876976], [130.782376, 33.876086], [130.782677, 33.875905], [130.782605, 33.873711], [130.782897, 33.873112], [130.782852, 33.8725], [130.782461, 33.870875], [130.78198, 33.870309], [130.781197, 33.869824], [130.781967, 33.867983], [130.782592, 33.867874], [130.782223, 33.86671], [130.780685, 33.867061], [130.779188, 33.86709], [130.779255, 33.865955], [130.779741, 33.864367], [130.780429, 33.863538], [130.781144, 33.861626], [130.781909, 33.861111], [130.782111, 33.860592], [130.782619, 33.860277], [130.782646, 33.860117], [130.784508, 33.860282], [130.784536, 33.859889], [130.784695, 33.859667], [130.786192, 33.858044], [130.786485, 33.857365], [130.786332, 33.856353], [130.786593, 33.856013], [130.786634, 33.854537], [130.787227, 33.854184], [130.787209, 33.8541], [130.786192, 33.85399], [130.786008, 33.853509], [130.785779, 33.851331], [130.785491, 33.850112], [130.784349, 33.849093], [130.784178, 33.84881], [130.784304, 33.848371], [130.785271, 33.847011], [130.785249, 33.846779], [130.784125, 33.844934], [130.783738, 33.843837], [130.785352, 33.843126], [130.78609, 33.842565], [130.788409, 33.84152], [130.789232, 33.840526], [130.790141, 33.839961], [130.788792, 33.838238], [130.787896, 33.837668], [130.78679, 33.837314], [130.786453, 33.837004], [130.786436, 33.836092], [130.786258, 33.835726], [130.785772, 33.835451], [130.785134, 33.835319], [130.784847, 33.835107], [130.784498, 33.833311], [130.783799, 33.832751], [130.782453, 33.832011], [130.78223, 33.831753], [130.781869, 33.830936], [130.781889, 33.829674], [130.781603, 33.829223], [130.78052, 33.828195], [130.779668, 33.827035], [130.778726, 33.82554], [130.778631, 33.824986], [130.779301, 33.824126], [130.780973, 33.823273], [130.781684, 33.823074], [130.782796, 33.821886], [130.783183, 33.821572], [130.783848, 33.821309], [130.784461, 33.82062], [130.785105, 33.820232], [130.785805, 33.81832], [130.785958, 33.818192], [130.786597, 33.817845], [130.788504, 33.81716], [130.789119, 33.816549], [130.789686, 33.81422], [130.789464, 33.81366], [130.789432, 33.813102], [130.789634, 33.812687], [130.789576, 33.812141], [130.788378, 33.810589], [130.787421, 33.809774], [130.787892, 33.809174], [130.78793, 33.808426], [130.789759, 33.805451], [130.789516, 33.80472], [130.787911, 33.803554], [130.787428, 33.802793], [130.787986, 33.802196], [130.789959, 33.80132], [130.790767, 33.800541], [130.791198, 33.800569], [130.792428, 33.800974], [130.793147, 33.800559], [130.794508, 33.800521], [130.795726, 33.800296], [130.796628, 33.799839], [130.796952, 33.799581], [130.798315, 33.797837], [130.798696, 33.797107], [130.799524, 33.796501], [130.799875, 33.795269], [130.800424, 33.794716], [130.800395, 33.793754], [130.800607, 33.794054], [130.800999, 33.795388], [130.800921, 33.796329], [130.801171, 33.797427], [130.801031, 33.798278], [130.801704, 33.800437], [130.8026, 33.801753], [130.802896, 33.802609], [130.804341, 33.803403], [130.804508, 33.804096], [130.80443, 33.805421], [130.804115, 33.806732], [130.802927, 33.808827], [130.802153, 33.809358], [130.801886, 33.809691], [130.801701, 33.81025], [130.801886, 33.811126], [130.801482, 33.811652], [130.801482, 33.811916], [130.801962, 33.812324], [130.801848, 33.812816], [130.801929, 33.812952], [130.802723, 33.813398], [130.803073, 33.813878], [130.803625, 33.814082], [130.803588, 33.814942], [130.803894, 33.815302], [130.803749, 33.815714], [130.803836, 33.816026], [130.804742, 33.816641], [130.804532, 33.817353], [130.805626, 33.817975], [130.807063, 33.818269], [130.807669, 33.818854], [130.808477, 33.818988], [130.808744, 33.819282], [130.808903, 33.819768], [130.809517, 33.820519], [130.809622, 33.820906], [130.809421, 33.821807], [130.808546, 33.822566], [130.807985, 33.822707], [130.807817, 33.822872], [130.80807, 33.824041], [130.809903, 33.824029], [130.810278, 33.82429], [130.810626, 33.824764], [130.811365, 33.824799], [130.811893, 33.824994], [130.812031, 33.825417], [130.813528, 33.826264], [130.81475, 33.827486], [130.816171, 33.827555], [130.817824, 33.828118], [130.818429, 33.828532], [130.819403, 33.82831], [130.820278, 33.827561], [130.821253, 33.827582], [130.822946, 33.826741], [130.82484, 33.826594], [130.825178, 33.82669], [130.825549, 33.827367], [130.826322, 33.828229], [130.826181, 33.829241], [130.826412, 33.829589], [130.826607, 33.829719], [130.827961, 33.830002], [130.828557, 33.830623], [130.828827, 33.831121], [130.82871, 33.831714], [130.828953, 33.832714], [130.829471, 33.833369], [130.830639, 33.834223], [130.832088, 33.834496], [130.832328, 33.83473], [130.832861, 33.835949], [130.833302, 33.836375], [130.835272, 33.837478], [130.837253, 33.838453], [130.839136, 33.838709], [130.840513, 33.839224], [130.840949, 33.839758], [130.841161, 33.840648], [130.841359, 33.841125], [130.841751, 33.841463], [130.842205, 33.843056], [130.841629, 33.843618], [130.841061, 33.844774], [130.839966, 33.846324], [130.840235, 33.847551], [130.840033, 33.848636], [130.840123, 33.849389], [130.839681, 33.850689], [130.839933, 33.85105], [130.84077, 33.851295], [130.841094, 33.851966], [130.841243, 33.853064], [130.841736, 33.853624], [130.842956, 33.85378], [130.843792, 33.854289], [130.844805, 33.85515], [130.844894, 33.856136], [130.846249, 33.856524], [130.846998, 33.857346], [130.847534, 33.85711], [130.848083, 33.858119], [130.849173, 33.858423], [130.849281, 33.859278], [130.849294, 33.85962], [130.849073, 33.859843], [130.847175, 33.861261], [130.846694, 33.862183], [130.846555, 33.862998], [130.845853, 33.863542], [130.846104, 33.864011], [130.846118, 33.864662], [130.84574, 33.865182], [130.845726, 33.865553], [130.846433, 33.866923], [130.846865, 33.86721], [130.846401, 33.868269], [130.846131, 33.868329], [130.846039, 33.869235], [130.84821, 33.870061], [130.847559, 33.870992], [130.846683, 33.870851], [130.844974, 33.869948], [130.844322, 33.869149], [130.84387, 33.86896], [130.8432, 33.869233], [130.842607, 33.869726], [130.842007, 33.869959], [130.842046, 33.870132], [130.843269, 33.87085], [130.844413, 33.87123], [130.844206, 33.871834], [130.844511, 33.872459], [130.844448, 33.872535], [130.843845, 33.872358], [130.843536, 33.872998], [130.842612, 33.873632], [130.84047, 33.874189], [130.837928, 33.874459], [130.837343, 33.874898], [130.837019, 33.874915], [130.836407, 33.874763], [130.835849, 33.874003], [130.835696, 33.873601], [130.835831, 33.872547], [130.835714, 33.872082], [130.835111, 33.871019], [130.834985, 33.870875], [130.834229, 33.870825], [130.833518, 33.870116], [130.833239, 33.870681], [130.832461, 33.870765], [130.832029, 33.870722], [130.831336, 33.870368], [130.830625, 33.870334], [130.830274, 33.870199], [130.82914, 33.87025], [130.828018, 33.869668], [130.827541, 33.869744], [130.825156, 33.869634], [130.824832, 33.87036], [130.825345, 33.87096], [130.825291, 33.871669], [130.825004, 33.872094], [130.8244, 33.872601], [130.824769, 33.873251], [130.825957, 33.874458], [130.82619, 33.875451], [130.825957, 33.875768], [130.825542, 33.875943], [130.824268, 33.87706], [130.822785, 33.877503], [130.822281, 33.877245], [130.822035, 33.877417], [130.822044, 33.877814], [130.822332, 33.878371], [130.822063, 33.879093], [130.822018, 33.88008], [130.822603, 33.881], [130.822684, 33.882896], [130.822622, 33.883233], [130.821533, 33.884532], [130.821263, 33.885536], [130.820984, 33.88573], [130.820003, 33.886009], [130.819841, 33.886228], [130.817018, 33.887114], [130.815848, 33.887401], [130.814696, 33.887409], [130.814336, 33.887215], [130.813973, 33.887244], [130.813824, 33.886638], [130.814373, 33.884918], [130.814306, 33.884403], [130.811113, 33.883404], [130.810324, 33.884494], [130.809934, 33.884436], [130.808591, 33.885044], [130.806881, 33.884809]]]}}, {"type": "Feature", "properties": {"pref_code": "40", "pref_name": "福岡県", "municipality_code": "40109", "municipality_name": "北九州市", "ward_name": "八幡西区", "display_name": "北九州市 八幡西区", "geometry_key": "40109"}, "geometry": {"type": "Polygon", "coordinates": [[[130.74449, 33.887668], [130.743058, 33.889591], [130.742544, 33.890029], [130.741064, 33.890557], [130.738752, 33.890871], [130.736906, 33.891519], [130.735714, 33.892103], [130.733053, 33.894204], [130.731194, 33.894835], [130.729821, 33.896466], [130.72555, 33.898152], [130.722701, 33.898945], [130.722154, 33.89852], [130.722048, 33.897733], [130.721758, 33.897179], [130.721944, 33.895723], [130.720997, 33.894408], [130.721642, 33.893797], [130.721571, 33.893015], [130.720964, 33.892202], [130.720212, 33.891722], [130.720096, 33.890199], [130.719556, 33.889556], [130.718933, 33.889294], [130.718544, 33.888541], [130.718361, 33.888442], [130.7176, 33.888317], [130.716838, 33.888556], [130.715447, 33.887862], [130.715287, 33.887705], [130.715605, 33.886032], [130.715489, 33.885658], [130.715012, 33.885152], [130.714417, 33.884836], [130.714148, 33.884885], [130.713884, 33.884786], [130.71346, 33.884444], [130.712761, 33.884571], [130.712343, 33.884369], [130.712091, 33.884374], [130.711726, 33.884812], [130.711263, 33.88592], [130.710333, 33.886225], [130.709548, 33.885882], [130.708713, 33.886675], [130.708381, 33.886705], [130.707719, 33.88667], [130.707129, 33.886481], [130.706201, 33.885389], [130.705883, 33.884623], [130.705026, 33.884016], [130.704782, 33.88399], [130.704317, 33.884172], [130.703925, 33.884672], [130.703485, 33.88497], [130.703105, 33.884991], [130.70209, 33.88463], [130.70124, 33.884665], [130.699946, 33.8873], [130.699829, 33.888366], [130.699227, 33.888526], [130.69852, 33.888419], [130.698414, 33.887722], [130.697736, 33.88673], [130.697419, 33.885734], [130.696539, 33.884934], [130.696078, 33.884697], [130.695488, 33.884598], [130.6937, 33.884691], [130.692229, 33.883884], [130.689818, 33.885001], [130.687652, 33.885203], [130.687132, 33.885588], [130.686802, 33.886219], [130.68643, 33.886481], [130.686028, 33.886674], [130.685355, 33.886532], [130.684691, 33.886606], [130.683931, 33.887533], [130.683114, 33.887977], [130.682343, 33.88807], [130.683905, 33.885762], [130.684001, 33.885599], [130.68383, 33.885391], [130.68533, 33.88308], [130.685887, 33.882455], [130.687067, 33.881519], [130.687615, 33.880881], [130.687768, 33.88018], [130.687548, 33.878886], [130.687764, 33.878235], [130.690237, 33.878584], [130.692338, 33.878306], [130.692723, 33.877813], [130.692555, 33.876899], [130.69268, 33.876152], [130.693471, 33.874333], [130.693782, 33.874152], [130.694554, 33.873999], [130.695014, 33.873972], [130.69549, 33.874204], [130.695844, 33.874073], [130.69575, 33.873648], [130.696221, 33.872839], [130.694934, 33.872079], [130.694699, 33.871586], [130.694751, 33.870205], [130.693164, 33.869418], [130.693126, 33.869141], [130.693354, 33.868581], [130.693305, 33.867766], [130.695401, 33.867167], [130.695786, 33.866634], [130.696204, 33.866337], [130.696012, 33.866097], [130.695921, 33.865265], [130.695341, 33.86439], [130.695612, 33.864113], [130.69639, 33.864096], [130.696433, 33.863826], [130.696234, 33.863662], [130.696271, 33.863506], [130.697054, 33.862551], [130.698062, 33.863201], [130.698365, 33.863066], [130.699079, 33.862308], [130.699053, 33.860981], [130.699217, 33.860785], [130.700172, 33.860368], [130.700275, 33.859767], [130.699485, 33.859506], [130.70047, 33.85755], [130.701456, 33.857771], [130.701695, 33.857414], [130.702774, 33.857764], [130.703137, 33.856841], [130.704158, 33.857612], [130.704716, 33.857266], [130.704841, 33.856507], [130.705299, 33.856532], [130.70541, 33.854015], [130.703636, 33.853931], [130.704246, 33.852276], [130.706141, 33.852724], [130.707981, 33.852039], [130.708069, 33.851581], [130.708289, 33.851415], [130.709846, 33.850916], [130.710138, 33.851004], [130.710591, 33.850278], [130.711635, 33.849805], [130.711696, 33.849328], [130.712469, 33.849367], [130.713045, 33.848917], [130.713119, 33.848797], [130.712611, 33.848205], [130.713769, 33.847583], [130.713115, 33.846702], [130.715049, 33.845702], [130.715432, 33.845986], [130.715546, 33.845362], [130.715794, 33.845358], [130.716816, 33.844694], [130.717293, 33.844929], [130.718663, 33.84448], [130.718673, 33.844247], [130.718463, 33.844152], [130.719263, 33.84256], [130.719303, 33.841837], [130.719652, 33.841402], [130.719734, 33.840895], [130.720118, 33.840252], [130.719874, 33.8393], [130.719859, 33.838579], [130.720063, 33.838491], [130.720702, 33.839113], [130.720859, 33.839138], [130.720895, 33.839031], [130.720921, 33.838161], [130.720617, 33.836371], [130.720627, 33.836244], [130.720988, 33.836001], [130.720902, 33.835745], [130.720611, 33.83554], [130.720161, 33.835616], [130.719253, 33.835198], [130.718258, 33.835136], [130.718151, 33.834971], [130.718458, 33.834449], [130.719698, 33.833817], [130.721047, 33.833483], [130.72151, 33.83399], [130.721733, 33.83401], [130.721578, 33.833437], [130.722388, 33.833119], [130.722913, 33.833541], [130.722746, 33.832929], [130.722833, 33.832577], [130.723456, 33.8324], [130.724296, 33.833054], [130.725402, 33.833658], [130.725852, 33.834071], [130.726132, 33.834139], [130.72653, 33.834047], [130.726698, 33.833262], [130.726329, 33.832467], [130.726499, 33.831931], [130.726742, 33.831813], [130.727616, 33.832517], [130.727964, 33.832543], [130.727999, 33.832396], [130.727769, 33.832048], [130.726991, 33.831492], [130.727194, 33.831215], [130.727546, 33.831126], [130.728009, 33.831304], [130.728359, 33.831134], [130.728802, 33.830692], [130.728066, 33.829786], [130.728392, 33.829567], [130.728, 33.828916], [130.729053, 33.828347], [130.728998, 33.827834], [130.729748, 33.827423], [130.729428, 33.826974], [130.729836, 33.826765], [130.729734, 33.825287], [130.730297, 33.825233], [130.730835, 33.825926], [130.731068, 33.826046], [130.731227, 33.825964], [130.731203, 33.825823], [130.730653, 33.824985], [130.730859, 33.824508], [130.731151, 33.824263], [130.733194, 33.824657], [130.733412, 33.824561], [130.733653, 33.824231], [130.733761, 33.823782], [130.733618, 33.823337], [130.733253, 33.822881], [130.733801, 33.822474], [130.734565, 33.822301], [130.736251, 33.82229], [130.737233, 33.821757], [130.737613, 33.821291], [130.738208, 33.821067], [130.739451, 33.821123], [130.73934, 33.821795], [130.739546, 33.822075], [130.740167, 33.821531], [130.739988, 33.821004], [130.740037, 33.820519], [130.741188, 33.820137], [130.741279, 33.819982], [130.741729, 33.820081], [130.742082, 33.820577], [130.742848, 33.820015], [130.742773, 33.819583], [130.743011, 33.81923], [130.743087, 33.818545], [130.743526, 33.818307], [130.743484, 33.817952], [130.743672, 33.817769], [130.742889, 33.816617], [130.743252, 33.816335], [130.74307, 33.816077], [130.740137, 33.815409], [130.740022, 33.815176], [130.740295, 33.814549], [130.738884, 33.814156], [130.738432, 33.813776], [130.737101, 33.81407], [130.734807, 33.813786], [130.733607, 33.813407], [130.733375, 33.81303], [130.731548, 33.812765], [130.731108, 33.812576], [130.727623, 33.806696], [130.726958, 33.806082], [130.726146, 33.804841], [130.72591, 33.804421], [130.725913, 33.804102], [130.725473, 33.803485], [130.725001, 33.803116], [130.723677, 33.802898], [130.723123, 33.802695], [130.722495, 33.802249], [130.721517, 33.802064], [130.720887, 33.801523], [130.719582, 33.801876], [130.720761, 33.804746], [130.721741, 33.806042], [130.721736, 33.806579], [130.720327, 33.807291], [130.716792, 33.809737], [130.712974, 33.811061], [130.713046, 33.810893], [130.715106, 33.809986], [130.715488, 33.809531], [130.715441, 33.809146], [130.715583, 33.808845], [130.716408, 33.807749], [130.716549, 33.807297], [130.716361, 33.806972], [130.716003, 33.806686], [130.715333, 33.80668], [130.71462, 33.806426], [130.71293, 33.806637], [130.712234, 33.806262], [130.711254, 33.806325], [130.710199, 33.805754], [130.7099, 33.805207], [130.709121, 33.804957], [130.708504, 33.804591], [130.706698, 33.804403], [130.704713, 33.802581], [130.703562, 33.801264], [130.704799, 33.800622], [130.705488, 33.798971], [130.707161, 33.796054], [130.709683, 33.792596], [130.712584, 33.789551], [130.713703, 33.788141], [130.714463, 33.786368], [130.714333, 33.785405], [130.714439, 33.784966], [130.716795, 33.781057], [130.719733, 33.775569], [130.720677, 33.774181], [130.723024, 33.77477], [130.723601, 33.775293], [130.724902, 33.77537], [130.725384, 33.775292], [130.727853, 33.774247], [130.728899, 33.774527], [130.729283, 33.7744], [130.729708, 33.774425], [130.730642, 33.773911], [130.731596, 33.773571], [130.733004, 33.772369], [130.734715, 33.77216], [130.735179, 33.771566], [130.736381, 33.771433], [130.736787, 33.771278], [130.737177, 33.770929], [130.738141, 33.770562], [130.74011, 33.770848], [130.740541, 33.770986], [130.741929, 33.771818], [130.743296, 33.772147], [130.744141, 33.772191], [130.746957, 33.771893], [130.747456, 33.771387], [130.748065, 33.771], [130.750395, 33.770032], [130.751421, 33.770014], [130.752067, 33.769847], [130.752344, 33.769622], [130.752781, 33.768886], [130.753162, 33.768638], [130.753911, 33.768915], [130.754395, 33.768897], [130.755113, 33.769289], [130.756018, 33.769278], [130.757384, 33.769474], [130.759393, 33.770685], [130.760193, 33.771432], [130.760803, 33.771617], [130.760429, 33.773038], [130.76059, 33.773563], [130.761708, 33.773321], [130.766845, 33.775612], [130.768038, 33.776979], [130.768125, 33.77728], [130.767935, 33.778197], [130.766932, 33.780054], [130.76658, 33.781267], [130.766638, 33.782386], [130.766931, 33.782965], [130.767986, 33.784321], [130.768221, 33.7849], [130.768977, 33.785517], [130.770066, 33.786019], [130.771464, 33.786146], [130.772121, 33.786428], [130.772663, 33.786503], [130.773721, 33.786267], [130.776071, 33.786227], [130.776676, 33.786019], [130.778622, 33.786054], [130.78175, 33.785899], [130.782895, 33.785513], [130.784446, 33.785283], [130.784613, 33.784642], [130.785949, 33.783947], [130.787797, 33.781292], [130.788603, 33.779851], [130.789641, 33.779517], [130.790292, 33.779038], [130.790626, 33.779125], [130.791253, 33.779027], [130.792665, 33.780019], [130.793847, 33.779932], [130.794848, 33.780284], [130.79642, 33.779744], [130.796593, 33.779484], [130.796512, 33.779034], [130.796858, 33.778544], [130.797804, 33.777933], [130.798201, 33.777806], [130.798671, 33.777836], [130.799011, 33.777559], [130.799424, 33.776794], [130.800355, 33.777334], [130.80043, 33.777949], [130.801078, 33.778609], [130.801038, 33.779194], [130.801286, 33.779663], [130.801208, 33.779874], [130.800618, 33.780294], [130.800459, 33.781474], [130.799945, 33.782009], [130.800193, 33.783393], [130.799549, 33.784646], [130.799234, 33.785778], [130.799413, 33.786887], [130.7998, 33.787324], [130.800005, 33.788678], [130.80071, 33.789848], [130.800629, 33.790149], [130.800016, 33.79085], [130.800204, 33.791203], [130.80173, 33.792092], [130.802077, 33.792581], [130.801375, 33.792883], [130.800988, 33.793404], [130.800395, 33.793754], [130.800424, 33.794716], [130.799875, 33.795269], [130.799524, 33.796501], [130.798696, 33.797107], [130.798315, 33.797837], [130.796952, 33.799581], [130.796628, 33.799839], [130.795726, 33.800296], [130.794508, 33.800521], [130.793147, 33.800559], [130.792428, 33.800974], [130.791198, 33.800569], [130.790767, 33.800541], [130.789959, 33.80132], [130.787986, 33.802196], [130.787428, 33.802793], [130.787911, 33.803554], [130.789516, 33.80472], [130.789759, 33.805451], [130.78793, 33.808426], [130.787892, 33.809174], [130.787421, 33.809774], [130.788378, 33.810589], [130.789576, 33.812141], [130.789634, 33.812687], [130.789432, 33.813102], [130.789464, 33.81366], [130.789686, 33.81422], [130.789119, 33.816549], [130.788504, 33.81716], [130.786597, 33.817845], [130.785958, 33.818192], [130.785805, 33.81832], [130.785105, 33.820232], [130.784461, 33.82062], [130.783848, 33.821309], [130.783183, 33.821572], [130.782796, 33.821886], [130.781684, 33.823074], [130.780973, 33.823273], [130.779301, 33.824126], [130.778631, 33.824986], [130.778726, 33.82554], [130.779668, 33.827035], [130.78052, 33.828195], [130.781603, 33.829223], [130.781889, 33.829674], [130.781869, 33.830936], [130.78223, 33.831753], [130.782453, 33.832011], [130.783799, 33.832751], [130.784498, 33.833311], [130.784847, 33.835107], [130.785134, 33.835319], [130.785772, 33.835451], [130.786258, 33.835726], [130.786436, 33.836092], [130.786453, 33.837004], [130.78679, 33.837314], [130.787896, 33.837668], [130.788792, 33.838238], [130.790141, 33.839961], [130.789232, 33.840526], [130.788409, 33.84152], [130.78609, 33.842565], [130.785352, 33.843126], [130.783738, 33.843837], [130.784125, 33.844934], [130.785249, 33.846779], [130.785271, 33.847011], [130.784304, 33.848371], [130.784178, 33.84881], [130.784349, 33.849093], [130.785491, 33.850112], [130.785779, 33.851331], [130.786008, 33.853509], [130.786192, 33.85399], [130.787209, 33.8541], [130.787227, 33.854184], [130.786634, 33.854537], [130.786593, 33.856013], [130.786332, 33.856353], [130.786485, 33.857365], [130.786192, 33.858044], [130.784695, 33.859667], [130.784536, 33.859889], [130.784508, 33.860282], [130.782646, 33.860117], [130.782619, 33.860277], [130.782111, 33.860592], [130.781909, 33.861111], [130.781144, 33.861626], [130.780429, 33.863538], [130.779741, 33.864367], [130.779255, 33.865955], [130.779188, 33.86709], [130.780685, 33.867061], [130.782223, 33.86671], [130.782592, 33.867874], [130.781967, 33.867983], [130.781197, 33.869824], [130.78198, 33.870309], [130.782461, 33.870875], [130.782852, 33.8725], [130.782897, 33.873112], [130.782605, 33.873711], [130.782677, 33.875905], [130.782376, 33.876086], [130.782843, 33.876976], [130.7826, 33.87709], [130.782929, 33.877737], [130.782753, 33.877792], [130.782828, 33.877961], [130.782239, 33.878186], [130.782075, 33.87767], [130.779559, 33.877094], [130.781458, 33.880365], [130.781622, 33.880439], [130.781573, 33.880574], [130.782336, 33.881948], [130.782248, 33.881982], [130.779142, 33.881204], [130.77898, 33.881497], [130.775577, 33.880624], [130.772444, 33.874927], [130.772309, 33.874831], [130.771478, 33.875062], [130.771309, 33.875012], [130.771039, 33.874826], [130.770898, 33.873981], [130.770263, 33.874769], [130.770661, 33.875744], [130.771006, 33.875998], [130.772849, 33.879565], [130.770141, 33.878844], [130.769945, 33.879125], [130.76954, 33.879018], [130.76954, 33.878697], [130.767224, 33.878133], [130.767069, 33.878314], [130.765854, 33.878026], [130.765725, 33.877981], [130.765739, 33.877773], [130.760661, 33.876482], [130.760519, 33.87646], [130.760424, 33.876685], [130.760046, 33.876629], [130.760026, 33.876319], [130.759851, 33.876279], [130.759749, 33.876493], [130.757437, 33.875954], [130.756319, 33.875664], [130.75638, 33.875394], [130.756184, 33.875332], [130.756002, 33.875304], [130.755921, 33.875485], [130.755509, 33.875411], [130.755421, 33.87518], [130.755178, 33.875107], [130.75328, 33.874651], [130.753159, 33.874763], [130.752821, 33.874532], [130.750361, 33.873932], [130.749782, 33.873922], [130.748047, 33.875028], [130.74777, 33.875062], [130.747635, 33.874844], [130.742651, 33.873602], [130.741594, 33.874368], [130.741188, 33.87492], [130.74538, 33.875958], [130.745548, 33.875992], [130.745744, 33.875789], [130.747635, 33.876232], [130.748938, 33.877953], [130.74686, 33.881727], [130.74415, 33.887228], [130.744105, 33.887348], [130.74449, 33.887668]]]}}, {"type": "Feature", "properties": {"pref_code": "40", "pref_name": "福岡県", "municipality_code": "40131", "municipality_name": "福岡市", "ward_name": "東区", "display_name": "福岡市 東区", "geometry_key": "40131"}, "geometry": {"type": "MultiPolygon", "coordinates": [[[[130.417302, 33.712515], [130.417458, 33.712442], [130.417606, 33.712599], [130.417451, 33.712684], [130.417302, 33.712515]]], [[[130.418032, 33.712544], [130.417949, 33.712143], [130.417518, 33.711422], [130.417201, 33.710114], [130.416965, 33.709928], [130.417201, 33.709731], [130.417134, 33.709393], [130.416844, 33.709364], [130.417039, 33.708784], [130.416534, 33.708125], [130.416278, 33.708288], [130.416143, 33.708142], [130.416392, 33.707843], [130.416554, 33.70782], [130.416594, 33.707556], [130.41588, 33.706975], [130.415907, 33.706665], [130.415651, 33.706214], [130.415624, 33.705955], [130.415847, 33.705544], [130.416622, 33.705053], [130.41675, 33.704563], [130.416716, 33.703824], [130.416177, 33.702557], [130.412969, 33.699164], [130.410616, 33.696999], [130.408911, 33.695652], [130.408345, 33.695275], [130.406956, 33.696165], [130.406754, 33.695968], [130.408096, 33.695095], [130.406896, 33.694108], [130.407039, 33.693954], [130.40664, 33.693573], [130.405693, 33.694319], [130.405521, 33.693809], [130.406276, 33.693173], [130.403708, 33.690918], [130.403344, 33.690738], [130.403283, 33.690552], [130.402468, 33.689825], [130.402367, 33.689464], [130.399596, 33.687413], [130.39198, 33.682301], [130.388077, 33.679483], [130.379901, 33.674805], [130.374974, 33.672331], [130.372669, 33.671425], [130.371714, 33.670838], [130.370659, 33.67054], [130.369887, 33.670122], [130.369213, 33.67001], [130.366358, 33.66881], [130.361422, 33.667215], [130.355765, 33.665873], [130.353006, 33.665623], [130.350479, 33.664442], [130.349233, 33.66341], [130.347579, 33.662396], [130.346549, 33.661925], [130.34531, 33.661584], [130.337518, 33.660479], [130.330777, 33.659949], [130.328184, 33.659913], [130.324278, 33.660074], [130.322837, 33.660338], [130.320372, 33.660575], [130.31887, 33.660972], [130.316624, 33.662029], [130.316018, 33.6627], [130.315463, 33.663805], [130.315156, 33.663788], [130.314649, 33.665871], [130.315414, 33.666007], [130.315454, 33.665871], [130.315951, 33.666031], [130.315434, 33.666548], [130.315349, 33.666979], [130.314725, 33.667011], [130.313493, 33.66865], [130.313674, 33.670455], [130.313793, 33.670611], [130.313623, 33.670849], [130.313519, 33.671479], [130.313168, 33.672004], [130.312596, 33.672476], [130.312399, 33.672829], [130.312208, 33.672887], [130.311988, 33.674611], [130.311372, 33.676098], [130.311414, 33.676384], [130.31126, 33.676692], [130.311108, 33.676642], [130.310209, 33.678151], [130.308964, 33.678987], [130.308132, 33.680009], [130.308169, 33.680197], [130.307808, 33.680751], [130.307889, 33.681701], [130.307231, 33.68171], [130.306958, 33.682084], [130.306796, 33.682438], [130.306554, 33.684028], [130.306217, 33.684944], [130.305657, 33.685467], [130.304841, 33.686551], [130.304532, 33.686722], [130.304488, 33.686873], [130.304592, 33.686878], [130.304311, 33.687169], [130.303975, 33.687172], [130.303954, 33.687413], [130.303702, 33.687578], [130.303466, 33.687604], [130.303325, 33.687475], [130.303091, 33.687689], [130.302433, 33.687686], [130.302311, 33.687889], [130.301942, 33.687952], [130.301917, 33.688056], [130.301577, 33.687907], [130.30102, 33.688039], [130.300894, 33.688477], [130.300686, 33.688617], [130.300293, 33.688582], [130.299685, 33.688876], [130.299918, 33.689179], [130.299661, 33.689429], [130.299183, 33.689364], [130.299161, 33.689242], [130.298919, 33.689144], [130.298132, 33.689266], [130.297528, 33.688982], [130.296903, 33.689118], [130.296864, 33.689219], [130.296574, 33.688938], [130.296411, 33.688215], [130.296018, 33.687892], [130.295598, 33.68774], [130.293662, 33.687747], [130.292144, 33.687189], [130.291085, 33.687199], [130.290159, 33.687375], [130.29001, 33.686524], [130.290266, 33.685607], [130.290129, 33.684525], [130.289251, 33.683298], [130.288118, 33.682221], [130.28747, 33.681348], [130.287129, 33.681137], [130.287071, 33.680864], [130.286725, 33.680626], [130.286568, 33.680651], [130.286406, 33.680205], [130.286241, 33.680439], [130.286108, 33.680422], [130.286169, 33.68001], [130.285811, 33.679628], [130.285863, 33.679492], [130.285971, 33.679518], [130.286038, 33.678993], [130.286278, 33.678936], [130.286543, 33.678446], [130.28673, 33.678537], [130.287252, 33.678182], [130.288868, 33.677856], [130.289142, 33.677504], [130.289072, 33.677328], [130.289274, 33.676921], [130.289275, 33.676373], [130.288818, 33.674556], [130.288535, 33.674206], [130.289099, 33.674048], [130.289647, 33.673387], [130.289904, 33.672283], [130.289756, 33.671222], [130.289857, 33.670941], [130.291881, 33.668966], [130.291637, 33.668813], [130.29181, 33.668596], [130.291068, 33.668124], [130.292254, 33.666911], [130.293269, 33.667371], [130.293424, 33.667224], [130.293705, 33.666789], [130.293894, 33.665262], [130.294213, 33.66486], [130.294547, 33.663778], [130.294801, 33.66371], [130.295067, 33.663868], [130.295383, 33.663838], [130.29604, 33.663131], [130.296865, 33.66319], [130.297215, 33.663041], [130.297491, 33.662691], [130.29769, 33.661801], [130.298131, 33.660905], [130.298687, 33.660256], [130.299481, 33.660071], [130.301111, 33.660065], [130.301765, 33.659618], [130.30213, 33.659555], [130.302658, 33.65971], [130.302837, 33.660035], [130.303119, 33.660106], [130.304236, 33.659344], [130.304388, 33.659332], [130.304738, 33.659582], [130.305893, 33.659628], [130.306917, 33.65938], [130.307305, 33.659512], [130.30781, 33.659261], [130.308085, 33.659452], [130.308856, 33.659197], [130.309322, 33.658866], [130.311153, 33.658977], [130.311118, 33.659075], [130.30996, 33.659002], [130.309238, 33.659742], [130.310238, 33.660459], [130.311985, 33.660806], [130.312222, 33.662357], [130.312834, 33.662395], [130.31287, 33.662195], [130.314361, 33.662009], [130.314458, 33.66215], [130.316465, 33.661418], [130.316603, 33.661504], [130.319209, 33.660438], [130.320326, 33.660139], [130.322109, 33.65989], [130.322853, 33.659668], [130.324585, 33.659487], [130.325141, 33.659278], [130.325449, 33.659348], [130.326238, 33.65887], [130.327494, 33.657799], [130.328578, 33.656266], [130.330203, 33.654303], [130.331111, 33.652785], [130.331993, 33.652017], [130.33259, 33.650874], [130.333837, 33.649307], [130.334737, 33.650115], [130.335943, 33.650765], [130.336107, 33.650744], [130.336966, 33.65134], [130.337876, 33.651763], [130.337846, 33.651852], [130.339338, 33.651991], [130.34212, 33.650991], [130.343119, 33.650765], [130.344553, 33.649813], [130.346435, 33.648857], [130.347413, 33.648649], [130.349186, 33.648625], [130.350043, 33.648403], [130.350968, 33.647749], [130.351034, 33.647817], [130.352675, 33.645552], [130.354019, 33.644676], [130.354608, 33.644094], [130.355672, 33.643614], [130.356875, 33.643354], [130.360022, 33.643785], [130.361279, 33.644243], [130.361864, 33.644917], [130.361831, 33.645462], [130.361238, 33.646116], [130.361009, 33.646104], [130.360581, 33.645834], [130.359481, 33.647162], [130.359313, 33.647201], [130.359012, 33.648429], [130.359364, 33.650216], [130.359109, 33.650263], [130.359249, 33.650994], [130.358984, 33.651046], [130.359012, 33.651734], [130.359792, 33.654984], [130.359914, 33.656044], [130.359815, 33.656532], [130.360113, 33.657754], [130.361016, 33.659324], [130.361779, 33.659927], [130.362358, 33.660093], [130.363005, 33.660074], [130.363627, 33.659792], [130.36596, 33.662383], [130.366739, 33.662937], [130.367289, 33.66317], [130.366865, 33.663486], [130.366881, 33.663788], [130.3679, 33.664867], [130.368806, 33.665291], [130.374265, 33.666673], [130.377605, 33.667067], [130.383921, 33.668262], [130.392022, 33.669451], [130.393678, 33.669801], [130.398141, 33.671114], [130.399806, 33.671988], [130.402205, 33.673532], [130.405259, 33.674777], [130.406256, 33.675612], [130.407341, 33.676113], [130.407766, 33.676587], [130.407779, 33.67697], [130.407537, 33.677116], [130.406128, 33.675871], [130.405562, 33.675826], [130.405333, 33.675911], [130.404571, 33.676491], [130.402657, 33.678959], [130.402508, 33.679788], [130.402704, 33.680216], [130.403627, 33.681236], [130.404382, 33.681771], [130.406168, 33.682735], [130.408264, 33.683446], [130.410772, 33.683812], [130.411844, 33.684082], [130.412558, 33.683761], [130.413198, 33.683756], [130.41549, 33.684257], [130.416676, 33.684702], [130.417377, 33.685125], [130.41826, 33.686365], [130.422593, 33.687012], [130.427569, 33.686534], [130.427737, 33.68672], [130.427943, 33.688098], [130.428923, 33.687814], [130.430056, 33.687115], [130.430608, 33.68663], [130.431343, 33.685796], [130.432172, 33.684528], [130.43232, 33.684094], [130.432381, 33.682989], [130.432563, 33.682787], [130.43261, 33.682342], [130.432597, 33.681541], [130.432348, 33.680256], [130.432818, 33.679186], [130.432607, 33.679001], [130.432199, 33.679033], [130.432064, 33.678763], [130.431444, 33.678233], [130.430865, 33.677985], [130.430151, 33.677275], [130.428728, 33.676441], [130.42641, 33.676435], [130.425675, 33.675798], [130.425419, 33.675082], [130.427091, 33.673397], [130.427866, 33.672315], [130.428115, 33.671752], [130.428055, 33.671538], [130.428749, 33.670557], [130.428837, 33.670067], [130.429846, 33.669069], [130.430318, 33.667221], [130.430944, 33.666956], [130.431509, 33.667142], [130.433038, 33.666297], [130.433792, 33.665733], [130.434351, 33.664893], [130.43485, 33.663586], [130.434991, 33.662701], [130.432762, 33.658925], [130.427443, 33.660351], [130.426129, 33.660627], [130.42551, 33.660638], [130.405107, 33.652077], [130.406299, 33.65002], [130.413282, 33.647997], [130.413814, 33.648026], [130.414656, 33.648651], [130.414979, 33.648161], [130.415214, 33.648313], [130.414797, 33.648673], [130.415416, 33.648983], [130.416373, 33.649197], [130.417302, 33.649141], [130.420662, 33.648076], [130.420958, 33.648386], [130.421847, 33.647507], [130.421962, 33.646876], [130.421699, 33.645377], [130.421234, 33.645185], [130.421403, 33.644644], [130.421376, 33.642542], [130.420906, 33.641098], [130.411383, 33.643736], [130.410458, 33.641482], [130.40737, 33.642344], [130.404219, 33.634539], [130.409666, 33.632956], [130.408212, 33.629433], [130.407949, 33.629512], [130.405384, 33.628746], [130.403331, 33.623324], [130.403647, 33.62289], [130.412408, 33.620433], [130.412031, 33.619289], [130.412872, 33.61903], [130.413714, 33.621092], [130.41498, 33.620766], [130.414105, 33.618432], [130.414529, 33.618224], [130.414159, 33.616978], [130.407903, 33.618697], [130.407768, 33.618455], [130.404469, 33.619351], [130.401311, 33.618427], [130.399964, 33.615073], [130.403149, 33.612447], [130.40558, 33.610909], [130.405647, 33.610745], [130.406691, 33.611771], [130.408011, 33.610852], [130.408612, 33.610778], [130.410875, 33.609659], [130.411065, 33.610003], [130.412059, 33.609557], [130.41148, 33.608696], [130.413152, 33.607927], [130.413312, 33.607481], [130.414015, 33.607044], [130.414811, 33.606815], [130.41509, 33.606286], [130.41558, 33.605935], [130.415958, 33.606143], [130.417126, 33.607438], [130.417844, 33.608528], [130.418796, 33.608121], [130.419138, 33.608581], [130.419714, 33.608202], [130.420519, 33.607315], [130.421294, 33.606796], [130.422349, 33.606428], [130.422758, 33.606619], [130.423872, 33.609733], [130.424356, 33.610291], [130.424666, 33.611137], [130.425089, 33.611066], [130.424834, 33.610499], [130.424545, 33.608883], [130.424853, 33.608837], [130.425071, 33.608656], [130.425642, 33.607921], [130.426915, 33.608287], [130.427482, 33.608603], [130.427764, 33.608158], [130.428999, 33.608675], [130.429003, 33.608953], [130.427952, 33.610301], [130.428997, 33.611076], [130.431116, 33.609661], [130.432211, 33.609088], [130.433858, 33.607854], [130.435199, 33.607878], [130.436152, 33.607376], [130.43705, 33.607164], [130.437944, 33.606518], [130.438587, 33.606367], [130.439871, 33.606411], [130.441408, 33.606726], [130.442278, 33.606395], [130.442411, 33.606678], [130.441735, 33.606921], [130.441934, 33.607193], [130.443024, 33.607825], [130.443817, 33.60806], [130.444029, 33.608486], [130.444753, 33.608884], [130.441086, 33.612691], [130.44671, 33.616047], [130.450365, 33.618674], [130.45003, 33.61937], [130.450348, 33.619522], [130.45066, 33.619179], [130.451618, 33.618877], [130.452467, 33.621483], [130.453487, 33.623381], [130.454097, 33.624927], [130.455918, 33.624491], [130.456044, 33.624805], [130.457138, 33.624505], [130.457761, 33.626188], [130.458142, 33.626556], [130.458459, 33.627379], [130.458955, 33.628072], [130.459673, 33.628821], [130.461179, 33.630027], [130.461534, 33.630071], [130.462168, 33.629932], [130.465144, 33.630714], [130.466445, 33.630807], [130.46671, 33.6312], [130.466732, 33.6316], [130.467607, 33.631657], [130.467764, 33.631722], [130.467809, 33.632086], [130.46818, 33.632128], [130.468668, 33.633258], [130.468314, 33.633214], [130.467725, 33.633693], [130.467801, 33.634056], [130.468147, 33.634501], [130.468362, 33.634673], [130.468695, 33.634527], [130.468874, 33.634837], [130.468773, 33.63502], [130.469544, 33.635537], [130.469779, 33.635577], [130.470164, 33.635389], [130.470653, 33.635338], [130.471206, 33.635466], [130.471738, 33.636072], [130.472162, 33.637199], [130.472674, 33.63679], [130.473793, 33.636309], [130.475425, 33.633901], [130.475918, 33.633739], [130.476278, 33.633846], [130.476523, 33.633766], [130.47755, 33.63287], [130.478495, 33.633556], [130.478816, 33.633071], [130.479032, 33.632992], [130.47949, 33.633213], [130.479739, 33.632389], [130.481113, 33.631893], [130.480718, 33.630777], [130.482498, 33.630206], [130.482328, 33.62849], [130.482164, 33.627998], [130.483583, 33.627737], [130.483495, 33.62752], [130.48456, 33.627264], [130.484532, 33.627136], [130.485798, 33.626791], [130.486617, 33.629375], [130.486991, 33.629269], [130.488131, 33.628551], [130.488841, 33.629191], [130.490577, 33.629769], [130.490815, 33.630075], [130.491459, 33.630371], [130.492169, 33.630262], [130.492542, 33.63036], [130.492743, 33.630633], [130.493721, 33.630667], [130.493688, 33.631401], [130.494364, 33.631604], [130.494494, 33.63189], [130.494107, 33.63316], [130.494266, 33.633204], [130.494267, 33.633437], [130.493438, 33.634023], [130.493379, 33.634473], [130.493439, 33.634616], [130.49425, 33.634694], [130.494728, 33.634805], [130.494488, 33.635622], [130.493687, 33.636262], [130.492939, 33.636301], [130.492814, 33.636514], [130.493699, 33.639325], [130.493758, 33.640503], [130.492991, 33.641196], [130.492742, 33.641327], [130.492318, 33.641281], [130.49217, 33.641745], [130.492983, 33.642436], [130.492862, 33.643577], [130.493054, 33.644091], [130.49461, 33.645426], [130.494902, 33.645924], [130.494859, 33.646057], [130.492652, 33.647545], [130.491602, 33.647987], [130.491186, 33.648674], [130.490341, 33.649409], [130.489784, 33.649226], [130.489081, 33.648412], [130.487496, 33.647356], [130.487029, 33.647214], [130.486163, 33.647972], [130.486048, 33.648893], [130.485261, 33.648997], [130.484892, 33.649354], [130.485021, 33.649951], [130.485573, 33.650724], [130.485553, 33.651118], [130.485321, 33.651307], [130.484352, 33.651344], [130.483612, 33.650983], [130.483415, 33.650775], [130.483183, 33.649647], [130.482639, 33.649313], [130.481753, 33.648961], [130.481111, 33.648987], [130.480463, 33.648494], [130.479057, 33.648739], [130.479151, 33.650296], [130.478834, 33.650846], [130.478791, 33.651392], [130.479044, 33.652496], [130.479596, 33.653775], [130.479323, 33.654952], [130.479106, 33.655131], [130.477994, 33.655171], [130.477796, 33.655312], [130.477539, 33.656765], [130.476677, 33.657726], [130.474831, 33.659362], [130.474683, 33.659581], [130.474654, 33.660279], [130.47445, 33.66084], [130.473775, 33.661535], [130.47352, 33.662099], [130.472924, 33.662589], [130.471653, 33.664031], [130.470897, 33.664286], [130.470626, 33.664492], [130.469279, 33.666237], [130.468968, 33.667131], [130.469205, 33.667565], [130.470051, 33.667942], [130.47083, 33.668785], [130.470451, 33.670151], [130.469245, 33.671437], [130.468428, 33.671825], [130.468083, 33.672434], [130.467715, 33.672614], [130.467364, 33.672979], [130.46717, 33.673503], [130.46708, 33.676349], [130.467541, 33.677126], [130.467663, 33.677845], [130.468618, 33.678366], [130.468888, 33.679279], [130.468771, 33.679537], [130.466975, 33.680267], [130.466176, 33.681517], [130.465999, 33.682398], [130.465274, 33.682872], [130.464636, 33.682989], [130.464183, 33.682917], [130.463198, 33.682297], [130.462249, 33.682239], [130.46097, 33.681556], [130.46078, 33.681383], [130.460556, 33.68072], [130.460093, 33.680408], [130.459343, 33.680205], [130.458428, 33.680175], [130.457637, 33.679923], [130.456966, 33.680076], [130.455898, 33.679888], [130.455161, 33.679529], [130.454381, 33.680944], [130.454513, 33.682077], [130.454133, 33.682604], [130.453595, 33.682845], [130.453271, 33.683149], [130.453022, 33.683842], [130.452949, 33.684744], [130.452807, 33.684997], [130.452363, 33.685301], [130.452342, 33.686024], [130.451741, 33.686633], [130.451545, 33.687847], [130.450987, 33.688474], [130.450872, 33.688862], [130.450187, 33.689948], [130.450139, 33.690307], [130.449169, 33.6914], [130.448536, 33.691789], [130.448324, 33.692126], [130.447697, 33.695805], [130.446978, 33.696322], [130.447844, 33.697819], [130.446131, 33.698529], [130.445418, 33.699006], [130.444317, 33.698963], [130.443846, 33.700082], [130.442961, 33.700659], [130.442344, 33.700914], [130.442214, 33.700771], [130.441684, 33.701073], [130.441591, 33.700848], [130.441904, 33.700658], [130.441589, 33.700251], [130.442371, 33.699804], [130.44182, 33.699136], [130.441518, 33.699301], [130.441232, 33.698869], [130.440306, 33.699575], [130.44041, 33.700498], [130.440314, 33.700802], [130.439984, 33.700864], [130.43981, 33.700756], [130.439066, 33.700913], [130.438887, 33.701239], [130.438835, 33.702216], [130.437741, 33.702527], [130.436646, 33.702432], [130.436018, 33.702631], [130.43557, 33.702933], [130.434594, 33.704044], [130.433501, 33.704722], [130.433319, 33.705247], [130.432608, 33.705804], [130.432425, 33.706169], [130.431279, 33.706179], [130.430035, 33.706964], [130.430481, 33.707441], [130.43057, 33.708244], [130.42877, 33.708334], [130.42879, 33.708773], [130.429051, 33.709317], [130.428301, 33.709768], [130.428102, 33.70979], [130.428051, 33.709384], [130.427816, 33.708976], [130.427259, 33.708796], [130.427024, 33.708363], [130.426492, 33.70852], [130.426205, 33.709566], [130.425499, 33.709858], [130.425332, 33.709856], [130.425214, 33.709637], [130.425269, 33.709084], [130.424813, 33.708933], [130.424016, 33.708949], [130.423544, 33.708455], [130.423257, 33.708679], [130.423143, 33.709117], [130.424258, 33.710565], [130.424332, 33.710879], [130.423753, 33.711086], [130.422808, 33.711131], [130.421513, 33.711732], [130.418032, 33.712544]]], [[[130.291644, 33.690944], [130.291699, 33.690916], [130.291753, 33.690963], [130.291644, 33.690944]]], [[[130.291773, 33.690816], [130.291819, 33.690751], [130.291889, 33.690828], [130.291773, 33.690816]]], [[[130.291544, 33.690643], [130.291615, 33.690552], [130.291629, 33.690643], [130.291544, 33.690643]]], [[[130.293385, 33.690323], [130.293497, 33.690258], [130.293608, 33.690367], [130.293385, 33.690323]]], [[[130.293522, 33.690081], [130.293687, 33.690047], [130.293769, 33.690212], [130.293522, 33.690081]]], [[[130.29386, 33.690096], [130.293981, 33.689995], [130.294039, 33.690157], [130.29386, 33.690096]]], [[[130.296033, 33.690011], [130.29613, 33.689966], [130.296108, 33.690027], [130.296033, 33.690011]]], [[[130.299508, 33.690014], [130.29952, 33.689961], [130.299602, 33.689981], [130.299508, 33.690014]]], [[[130.299616, 33.689802], [130.299957, 33.689766], [130.300134, 33.690009], [130.299616, 33.689802]]], [[[130.299334, 33.689951], [130.299399, 33.689981], [130.299375, 33.690009], [130.299334, 33.689951]]], [[[130.292835, 33.689879], [130.292903, 33.689856], [130.292915, 33.689911], [130.292835, 33.689879]]], [[[130.296696, 33.689826], [130.296795, 33.6898], [130.296803, 33.689859], [130.296696, 33.689826]]], [[[130.293086, 33.689829], [130.293129, 33.689854], [130.293105, 33.689864], [130.293086, 33.689829]]], [[[130.292628, 33.68906], [130.292683, 33.688931], [130.292901, 33.68928], [130.293077, 33.689066], [130.293134, 33.689263], [130.293643, 33.689609], [130.293313, 33.689764], [130.293043, 33.689494], [130.292773, 33.689556], [130.292628, 33.68906]]], [[[130.296373, 33.689637], [130.296414, 33.689585], [130.296455, 33.689657], [130.296373, 33.689637]]], [[[130.300009, 33.689547], [130.300249, 33.68949], [130.300283, 33.689595], [130.30006, 33.689632], [130.300009, 33.689547]]], [[[130.296835, 33.689587], [130.296876, 33.689488], [130.297099, 33.689488], [130.296835, 33.689587]]], [[[130.297641, 33.689437], [130.297736, 33.689423], [130.297746, 33.689508], [130.297641, 33.689437]]], [[[130.290528, 33.689458], [130.290615, 33.689438], [130.290629, 33.689478], [130.290528, 33.689458]]], [[[130.296611, 33.68941], [130.296691, 33.689436], [130.296641, 33.689455], [130.296611, 33.68941]]], [[[130.30031, 33.689364], [130.300468, 33.689327], [130.300506, 33.689424], [130.30031, 33.689364]]], [[[130.300642, 33.689356], [130.300778, 33.689293], [130.300749, 33.689424], [130.300642, 33.689356]]], [[[130.290683, 33.689291], [130.290743, 33.689246], [130.290804, 33.689274], [130.290683, 33.689291]]], [[[130.289511, 33.688502], [130.289848, 33.687984], [130.29002, 33.687996], [130.290309, 33.688446], [130.290707, 33.688496], [130.290816, 33.688629], [130.290609, 33.689213], [130.290363, 33.689296], [130.289899, 33.689232], [130.289793, 33.688986], [130.289922, 33.688956], [130.289976, 33.688651], [130.289511, 33.688502]]], [[[130.29462, 33.68927], [130.294654, 33.689225], [130.294691, 33.689264], [130.29462, 33.68927]]], [[[130.296613, 33.689182], [130.296693, 33.689203], [130.296714, 33.68928], [130.296613, 33.689182]]], [[[130.296397, 33.689191], [130.296458, 33.689166], [130.296417, 33.689217], [130.296397, 33.689191]]], [[[130.297233, 33.689157], [130.297325, 33.689151], [130.297274, 33.689204], [130.297233, 33.689157]]], [[[130.302664, 33.688733], [130.302739, 33.688692], [130.302799, 33.688759], [130.302664, 33.688733]]], [[[130.303, 33.688626], [130.303118, 33.688636], [130.303026, 33.688678], [130.303, 33.688626]]], [[[130.302466, 33.688578], [130.302544, 33.688574], [130.302503, 33.688608], [130.302466, 33.688578]]], [[[130.303212, 33.688428], [130.303296, 33.688454], [130.303277, 33.688485], [130.303212, 33.688428]]], [[[130.301329, 33.688087], [130.301364, 33.688061], [130.301424, 33.688112], [130.301329, 33.688087]]], [[[130.301538, 33.688051], [130.301623, 33.688043], [130.301574, 33.688086], [130.301538, 33.688051]]], [[[130.289594, 33.687339], [130.289671, 33.687331], [130.289656, 33.687442], [130.289594, 33.687339]]], [[[130.304108, 33.687382], [130.304217, 33.687378], [130.30413, 33.687422], [130.304108, 33.687382]]], [[[130.3044, 33.687274], [130.304487, 33.687231], [130.304448, 33.6873], [130.3044, 33.687274]]], [[[130.304725, 33.687054], [130.304761, 33.687016], [130.304815, 33.687093], [130.304725, 33.687054]]], [[[130.305148, 33.686992], [130.305269, 33.687027], [130.305155, 33.687045], [130.305148, 33.686992]]], [[[130.305613, 33.686082], [130.305678, 33.686092], [130.305613, 33.686123], [130.305613, 33.686082]]], [[[130.305657, 33.685897], [130.305706, 33.685831], [130.305711, 33.685897], [130.305657, 33.685897]]], [[[130.305888, 33.685743], [130.305954, 33.685708], [130.305956, 33.685759], [130.305888, 33.685743]]], [[[130.306008, 33.685564], [130.306151, 33.685465], [130.306163, 33.685546], [130.306008, 33.685564]]], [[[130.306471, 33.684771], [130.306582, 33.684761], [130.306597, 33.68485], [130.306471, 33.684771]]], [[[130.307012, 33.682754], [130.307094, 33.682728], [130.307089, 33.682774], [130.307012, 33.682754]]], [[[130.30746, 33.681976], [130.307547, 33.681941], [130.307535, 33.682008], [130.30746, 33.681976]]], [[[130.308179, 33.681814], [130.308208, 33.681769], [130.308273, 33.681832], [130.308179, 33.681814]]], [[[130.307969, 33.681572], [130.307972, 33.681509], [130.308073, 33.681588], [130.307969, 33.681572]]], [[[130.307898, 33.681417], [130.307978, 33.681393], [130.307949, 33.681444], [130.307898, 33.681417]]], [[[130.308935, 33.679816], [130.308988, 33.679782], [130.309013, 33.679802], [130.308935, 33.679816]]], [[[130.308769, 33.67976], [130.30883, 33.679793], [130.308772, 33.679801], [130.308769, 33.67976]]], [[[130.309846, 33.679473], [130.309902, 33.679435], [130.309912, 33.679495], [130.309846, 33.679473]]], [[[130.310567, 33.679375], [130.310673, 33.679387], [130.31061, 33.679416], [130.310567, 33.679375]]], [[[130.285686, 33.679342], [130.285778, 33.679369], [130.285741, 33.679397], [130.285686, 33.679342]]], [[[130.310103, 33.679366], [130.310144, 33.67934], [130.310178, 33.679366], [130.310103, 33.679366]]], [[[130.309779, 33.679342], [130.309897, 33.679327], [130.309873, 33.679362], [130.309779, 33.679342]]], [[[130.309738, 33.679228], [130.309822, 33.679216], [130.30981, 33.679259], [130.309738, 33.679228]]], [[[130.285791, 33.679178], [130.285866, 33.679143], [130.28589, 33.679194], [130.285791, 33.679178]]], [[[130.310467, 33.679146], [130.310525, 33.679138], [130.31054, 33.679197], [130.310467, 33.679146]]], [[[130.309519, 33.679021], [130.309569, 33.678954], [130.309739, 33.679076], [130.309519, 33.679021]]], [[[130.310316, 33.678893], [130.310369, 33.678872], [130.310374, 33.678953], [130.310316, 33.678893]]], [[[130.310499, 33.678837], [130.310559, 33.678825], [130.310528, 33.678861], [130.310499, 33.678837]]], [[[130.310428, 33.678549], [130.310476, 33.678482], [130.310541, 33.678525], [130.310428, 33.678549]]], [[[130.310793, 33.678086], [130.310916, 33.67805], [130.310955, 33.678129], [130.310793, 33.678086]]], [[[130.310672, 33.677934], [130.31073, 33.677908], [130.31073, 33.677938], [130.310672, 33.677934]]], [[[130.311621, 33.67744], [130.31166, 33.677385], [130.311694, 33.67745], [130.311621, 33.67744]]], [[[130.311491, 33.677321], [130.311566, 33.677322], [130.311568, 33.677379], [130.311491, 33.677321]]], [[[130.311915, 33.677196], [130.311961, 33.677156], [130.312003, 33.677226], [130.311915, 33.677196]]], [[[130.31134, 33.677223], [130.311345, 33.677187], [130.311408, 33.677191], [130.31134, 33.677223]]], [[[130.288771, 33.677091], [130.288853, 33.677099], [130.288856, 33.677146], [130.288771, 33.677091]]], [[[130.288978, 33.677003], [130.289048, 33.677005], [130.289024, 33.677039], [130.288978, 33.677003]]], [[[130.312038, 33.676413], [130.312064, 33.676386], [130.312105, 33.676427], [130.312038, 33.676413]]], [[[130.311919, 33.676397], [130.311977, 33.676362], [130.31195, 33.676417], [130.311919, 33.676397]]], [[[130.31245, 33.675847], [130.312481, 33.675807], [130.31252, 33.675854], [130.31245, 33.675847]]], [[[130.312256, 33.675687], [130.312299, 33.675624], [130.312362, 33.675705], [130.312256, 33.675687]]], [[[130.312057, 33.675507], [130.312122, 33.675492], [130.312096, 33.675535], [130.312057, 33.675507]]], [[[130.394004, 33.663047], [130.394535, 33.661688], [130.396701, 33.658014], [130.399389, 33.659149], [130.40099, 33.656604], [130.401304, 33.65673], [130.401651, 33.656245], [130.414083, 33.661348], [130.415153, 33.659584], [130.416466, 33.660125], [130.417524, 33.658248], [130.426338, 33.661861], [130.426715, 33.662165], [130.428129, 33.664206], [130.42823, 33.664865], [130.425197, 33.671526], [130.42244, 33.674513], [130.421651, 33.675049], [130.420943, 33.675291], [130.416441, 33.675251], [130.415598, 33.674924], [130.408516, 33.670981], [130.409066, 33.670121], [130.407141, 33.669283], [130.406639, 33.670107], [130.401658, 33.667278], [130.394976, 33.664577], [130.394229, 33.663974], [130.394023, 33.663546], [130.394004, 33.663047]]], [[[130.288237, 33.674257], [130.288314, 33.674222], [130.288305, 33.674273], [130.288237, 33.674257]]], [[[130.288157, 33.674154], [130.28821, 33.674107], [130.288239, 33.674134], [130.288157, 33.674154]]], [[[130.347706, 33.667376], [130.34805, 33.666763], [130.348316, 33.666692], [130.348115, 33.668076], [130.347905, 33.668074], [130.347899, 33.667534], [130.347706, 33.667376]]], [[[130.348501, 33.668075], [130.348556, 33.668031], [130.348614, 33.668094], [130.348501, 33.668075]]], [[[130.350808, 33.667455], [130.351078, 33.667376], [130.351349, 33.667522], [130.351151, 33.667635], [130.350808, 33.667455]]], [[[130.353194, 33.666247], [130.353346, 33.666131], [130.353408, 33.666372], [130.353194, 33.666247]]], [[[130.429099, 33.661292], [130.42922, 33.661196], [130.429348, 33.661292], [130.429207, 33.661377], [130.429099, 33.661292]]], [[[130.428877, 33.660492], [130.429012, 33.66048], [130.428951, 33.660554], [130.428877, 33.660492]]], [[[130.428688, 33.660458], [130.428783, 33.660401], [130.428763, 33.660475], [130.428688, 33.660458]]], [[[130.42854, 33.660306], [130.428634, 33.660261], [130.428628, 33.660373], [130.42854, 33.660306]]], [[[130.336212, 33.643378], [130.336241, 33.643176], [130.336453, 33.643087], [130.337473, 33.642974], [130.337444, 33.643184], [130.337096, 33.643455], [130.336806, 33.643439], [130.336579, 33.64356], [130.336212, 33.643378]]]]}}, {"type": "Feature", "properties": {"pref_code": "40", "pref_name": "福岡県", "municipality_code": "40132", "municipality_name": "福岡市", "ward_name": "博多区", "display_name": "福岡市 博多区", "geometry_key": "40132"}, "geometry": {"type": "Polygon", "coordinates": [[[130.442278, 33.606395], [130.441408, 33.606726], [130.439871, 33.606411], [130.438587, 33.606367], [130.437944, 33.606518], [130.43705, 33.607164], [130.436152, 33.607376], [130.435199, 33.607878], [130.433858, 33.607854], [130.432211, 33.609088], [130.431116, 33.609661], [130.428997, 33.611076], [130.427952, 33.610301], [130.429003, 33.608953], [130.428999, 33.608675], [130.427764, 33.608158], [130.427482, 33.608603], [130.426915, 33.608287], [130.425642, 33.607921], [130.425071, 33.608656], [130.424853, 33.608837], [130.424545, 33.608883], [130.424834, 33.610499], [130.425089, 33.611066], [130.424666, 33.611137], [130.424356, 33.610291], [130.423872, 33.609733], [130.422758, 33.606619], [130.422349, 33.606428], [130.421294, 33.606796], [130.420519, 33.607315], [130.419714, 33.608202], [130.419138, 33.608581], [130.418796, 33.608121], [130.417844, 33.608528], [130.417126, 33.607438], [130.415958, 33.606143], [130.41558, 33.605935], [130.41509, 33.606286], [130.414811, 33.606815], [130.414015, 33.607044], [130.413312, 33.607481], [130.413152, 33.607927], [130.41148, 33.608696], [130.412059, 33.609557], [130.411065, 33.610003], [130.410875, 33.609659], [130.408612, 33.610778], [130.408011, 33.610852], [130.405564, 33.608285], [130.403809, 33.609381], [130.403654, 33.609489], [130.403708, 33.609579], [130.398759, 33.612909], [130.396038, 33.610182], [130.399277, 33.607837], [130.401136, 33.606857], [130.400126, 33.60591], [130.400382, 33.605645], [130.401251, 33.606006], [130.402126, 33.605087], [130.399668, 33.603255], [130.399035, 33.603881], [130.399688, 33.60485], [130.399614, 33.604895], [130.399439, 33.604991], [130.399304, 33.604878], [130.398207, 33.605425], [130.398025, 33.605228], [130.39721, 33.605634], [130.39649, 33.605126], [130.397089, 33.604089], [130.397776, 33.603424], [130.399464, 33.600632], [130.398922, 33.600416], [130.400049, 33.598371], [130.401334, 33.594836], [130.401814, 33.594101], [130.40287, 33.593227], [130.405848, 33.591729], [130.407041, 33.590913], [130.408194, 33.589955], [130.409289, 33.588794], [130.409611, 33.588006], [130.409681, 33.583826], [130.409782, 33.583269], [130.410088, 33.582665], [130.410566, 33.582039], [130.412709, 33.580001], [130.414162, 33.577914], [130.415418, 33.576821], [130.419406, 33.575598], [130.421492, 33.574569], [130.422457, 33.574453], [130.423778, 33.574061], [130.426401, 33.571935], [130.42692, 33.571316], [130.427621, 33.570109], [130.428517, 33.569194], [130.431136, 33.567712], [130.431804, 33.567148], [130.432712, 33.565917], [130.433264, 33.564756], [130.434824, 33.565206], [130.43478, 33.565553], [130.435141, 33.565739], [130.435405, 33.56572], [130.440589, 33.562229], [130.443778, 33.559167], [130.446966, 33.555834], [130.448303, 33.554135], [130.451057, 33.549973], [130.452168, 33.548816], [130.453029, 33.548187], [130.45293, 33.547947], [130.454386, 33.546772], [130.454399, 33.546046], [130.454824, 33.545039], [130.455083, 33.544754], [130.455769, 33.544557], [130.456834, 33.543647], [130.458217, 33.541336], [130.459201, 33.540259], [130.459187, 33.540006], [130.459639, 33.539348], [130.460604, 33.539287], [130.460731, 33.538761], [130.461562, 33.53751], [130.462294, 33.5373], [130.462946, 33.536678], [130.462953, 33.536198], [130.463395, 33.535841], [130.463774, 33.536039], [130.464054, 33.535817], [130.464322, 33.536374], [130.464722, 33.536351], [130.465233, 33.53688], [130.465283, 33.537104], [130.465949, 33.537682], [130.467168, 33.536643], [130.467427, 33.537442], [130.468931, 33.537894], [130.46792, 33.538727], [130.468978, 33.539794], [130.468523, 33.540724], [130.46935, 33.541453], [130.4687, 33.542064], [130.469659, 33.542821], [130.469745, 33.543579], [130.470637, 33.543749], [130.470645, 33.544148], [130.471108, 33.544097], [130.468421, 33.547804], [130.469684, 33.548734], [130.470871, 33.549345], [130.470978, 33.549595], [130.470915, 33.549963], [130.469802, 33.551713], [130.469311, 33.553025], [130.468755, 33.55353], [130.468638, 33.55388], [130.467442, 33.555], [130.465388, 33.55736], [130.462361, 33.560534], [130.462172, 33.560697], [130.461873, 33.560469], [130.46129, 33.560886], [130.460785, 33.561007], [130.460563, 33.561201], [130.460927, 33.561544], [130.461683, 33.561965], [130.464201, 33.562541], [130.464267, 33.562829], [130.464622, 33.562857], [130.464921, 33.563571], [130.466227, 33.563112], [130.466714, 33.562786], [130.467024, 33.56222], [130.467668, 33.561477], [130.467994, 33.560631], [130.469278, 33.558803], [130.470622, 33.558305], [130.471075, 33.557936], [130.471222, 33.557442], [130.470947, 33.556466], [130.471773, 33.555352], [130.472087, 33.555204], [130.472796, 33.554461], [130.472823, 33.554145], [130.473352, 33.553532], [130.473701, 33.553172], [130.473901, 33.553132], [130.475648, 33.553232], [130.475957, 33.553014], [130.476198, 33.552332], [130.477301, 33.552973], [130.477838, 33.552525], [130.478772, 33.553101], [130.479526, 33.55369], [130.479531, 33.554145], [130.480016, 33.554499], [130.481039, 33.556123], [130.481777, 33.556906], [130.482768, 33.557451], [130.484707, 33.557912], [130.485252, 33.558465], [130.485039, 33.559253], [130.485498, 33.55973], [130.485669, 33.560186], [130.485641, 33.560283], [130.484868, 33.561515], [130.483449, 33.562302], [130.482793, 33.562926], [130.482578, 33.563308], [130.482402, 33.564216], [130.481647, 33.564881], [130.481596, 33.566198], [130.482509, 33.567422], [130.481439, 33.567769], [130.480696, 33.567604], [130.479641, 33.567033], [130.478941, 33.567277], [130.478218, 33.567156], [130.477279, 33.567211], [130.477407, 33.56829], [130.477234, 33.56832], [130.477457, 33.568966], [130.4773, 33.568996], [130.477618, 33.570265], [130.478456, 33.571531], [130.478507, 33.571866], [130.479383, 33.57259], [130.479188, 33.573319], [130.479331, 33.573805], [130.479211, 33.574088], [130.478698, 33.574416], [130.478737, 33.574882], [130.478978, 33.57526], [130.478494, 33.575878], [130.477526, 33.577723], [130.477044, 33.577696], [130.47585, 33.578372], [130.475759, 33.57875], [130.47523, 33.57936], [130.47512, 33.579712], [130.47529, 33.579967], [130.475289, 33.580698], [130.475206, 33.580848], [130.474304, 33.58131], [130.47392, 33.581737], [130.473836, 33.582499], [130.473414, 33.583716], [130.473179, 33.58354], [130.473048, 33.583583], [130.471207, 33.585582], [130.470529, 33.586193], [130.469849, 33.586543], [130.469276, 33.587125], [130.467882, 33.586761], [130.467384, 33.586953], [130.466402, 33.588985], [130.466017, 33.589345], [130.465791, 33.589807], [130.465025, 33.590026], [130.464369, 33.590682], [130.463526, 33.591193], [130.463145, 33.591921], [130.462612, 33.592291], [130.462547, 33.592869], [130.462335, 33.593213], [130.46203, 33.593605], [130.460701, 33.594522], [130.460453, 33.595039], [130.460382, 33.595622], [130.459242, 33.59688], [130.457591, 33.596947], [130.456724, 33.596627], [130.456079, 33.596611], [130.456152, 33.596304], [130.455507, 33.596154], [130.455126, 33.597344], [130.454078, 33.598153], [130.453747, 33.598781], [130.452187, 33.600795], [130.451656, 33.600932], [130.451567, 33.601224], [130.450852, 33.601202], [130.450544, 33.601306], [130.450516, 33.602106], [130.45064, 33.602394], [130.450439, 33.602677], [130.450086, 33.60278], [130.449366, 33.602694], [130.448869, 33.602922], [130.448013, 33.604078], [130.446769, 33.604848], [130.445214, 33.604857], [130.444024, 33.605456], [130.443383, 33.605301], [130.442984, 33.605732], [130.443082, 33.60592], [130.442278, 33.606395]]]}}, {"type": "Feature", "properties": {"pref_code": "40", "pref_name": "福岡県", "municipality_code": "40133", "municipality_name": "福岡市", "ward_name": "中央区", "display_name": "福岡市 中央区", "geometry_key": "40133"}, "geometry": {"type": "MultiPolygon", "coordinates": [[[[130.35615, 33.597256], [130.36098, 33.588326], [130.363108, 33.585593], [130.364537, 33.583363], [130.365392, 33.58164], [130.366336, 33.58121], [130.367895, 33.581169], [130.370573, 33.580829], [130.372727, 33.579467], [130.373143, 33.579012], [130.374554, 33.576105], [130.375444, 33.574814], [130.375768, 33.573628], [130.376249, 33.570765], [130.375865, 33.567613], [130.376149, 33.566671], [130.376141, 33.566261], [130.375825, 33.564508], [130.375974, 33.56374], [130.376518, 33.563674], [130.376492, 33.563431], [130.376739, 33.563127], [130.376681, 33.562458], [130.377033, 33.562302], [130.377444, 33.562291], [130.377894, 33.562456], [130.379833, 33.562543], [130.380291, 33.562781], [130.380468, 33.562651], [130.380477, 33.562351], [130.381638, 33.561674], [130.382049, 33.561082], [130.382554, 33.561157], [130.382659, 33.561018], [130.383779, 33.560981], [130.384163, 33.560836], [130.384721, 33.56103], [130.385587, 33.561058], [130.387528, 33.560114], [130.38784, 33.559837], [130.38998, 33.559283], [130.390171, 33.558847], [130.390725, 33.558592], [130.391329, 33.558062], [130.393917, 33.558017], [130.394939, 33.558323], [130.395501, 33.558239], [130.395456, 33.558681], [130.39503, 33.559057], [130.394549, 33.560715], [130.394584, 33.560844], [130.395218, 33.56115], [130.395793, 33.561022], [130.395978, 33.561476], [130.395906, 33.561856], [130.396212, 33.56181], [130.396568, 33.56147], [130.396951, 33.561819], [130.397062, 33.562154], [130.396994, 33.562604], [130.396406, 33.562984], [130.396298, 33.563276], [130.396759, 33.564082], [130.396311, 33.564787], [130.399148, 33.566103], [130.399153, 33.566439], [130.398664, 33.567335], [130.397861, 33.568189], [130.397941, 33.569355], [130.39807, 33.569674], [130.398447, 33.570034], [130.400209, 33.571245], [130.402769, 33.572568], [130.410562, 33.574595], [130.409646, 33.575496], [130.414892, 33.576576], [130.415418, 33.576821], [130.414162, 33.577914], [130.412709, 33.580001], [130.410566, 33.582039], [130.410088, 33.582665], [130.409782, 33.583269], [130.409681, 33.583826], [130.409611, 33.588006], [130.409289, 33.588794], [130.408194, 33.589955], [130.407041, 33.590913], [130.405848, 33.591729], [130.40287, 33.593227], [130.401814, 33.594101], [130.401334, 33.594836], [130.400049, 33.598371], [130.398922, 33.600416], [130.394988, 33.598758], [130.393965, 33.600421], [130.396948, 33.601627], [130.396079, 33.602945], [130.394524, 33.602399], [130.390039, 33.609657], [130.384807, 33.607499], [130.388274, 33.601638], [130.385036, 33.600246], [130.384634, 33.600169], [130.384683, 33.599994], [130.387938, 33.598775], [130.391541, 33.600172], [130.393264, 33.597298], [130.388881, 33.595405], [130.387743, 33.597287], [130.386786, 33.596853], [130.387985, 33.594852], [130.385858, 33.593951], [130.384046, 33.595912], [130.383312, 33.5955], [130.38381, 33.594948], [130.383696, 33.594424], [130.380504, 33.59377], [130.379002, 33.597016], [130.380403, 33.597276], [130.380699, 33.59643], [130.383251, 33.596729], [130.383049, 33.596887], [130.382807, 33.597811], [130.382591, 33.597794], [130.38249, 33.598093], [130.382659, 33.598239], [130.382538, 33.598668], [130.383002, 33.598752], [130.383016, 33.598848], [130.382511, 33.598763], [130.382416, 33.598938], [130.382066, 33.598899], [130.381958, 33.599248], [130.382336, 33.599344], [130.381298, 33.602697], [130.379514, 33.602906], [130.37977, 33.60312], [130.379904, 33.603729], [130.379602, 33.60374], [130.379615, 33.603176], [130.379332, 33.602934], [130.377454, 33.603109], [130.377635, 33.604692], [130.377299, 33.604743], [130.373723, 33.605064], [130.373279, 33.602404], [130.372071, 33.602555], [130.372048, 33.602465], [130.372455, 33.602409], [130.372456, 33.601998], [130.372244, 33.601637], [130.372334, 33.601206], [130.371826, 33.60073], [130.370614, 33.600648], [130.369954, 33.600843], [130.369571, 33.601088], [130.36938, 33.601809], [130.370323, 33.602529], [130.370811, 33.602561], [130.370303, 33.602662], [130.369386, 33.601867], [130.368065, 33.601091], [130.367506, 33.600981], [130.367149, 33.601074], [130.366708, 33.601427], [130.366951, 33.601545], [130.366889, 33.601637], [130.364225, 33.600555], [130.362277, 33.599426], [130.362462, 33.599187], [130.364233, 33.600208], [130.364867, 33.599409], [130.363142, 33.598427], [130.363204, 33.59803], [130.3622, 33.597424], [130.360296, 33.598965], [130.36078, 33.598496], [130.360638, 33.598065], [130.359863, 33.597275], [130.358936, 33.596756], [130.358371, 33.596624], [130.357258, 33.596706], [130.356844, 33.597534], [130.35615, 33.597256]]], [[[130.366386, 33.606234], [130.366508, 33.606031], [130.366882, 33.605851], [130.367079, 33.605523], [130.367241, 33.605537], [130.366931, 33.606387], [130.366559, 33.606424], [130.366386, 33.606234]]], [[[130.367413, 33.604854], [130.367572, 33.604648], [130.367483, 33.60505], [130.367413, 33.604854]]]]}}, {"type": "Feature", "properties": {"pref_code": "40", "pref_name": "福岡県", "municipality_code": "40134", "municipality_name": "福岡市", "ward_name": "南区", "display_name": "福岡市 南区", "geometry_key": "40134"}, "geometry": {"type": "Polygon", "coordinates": [[[130.415418, 33.576821], [130.414892, 33.576576], [130.409646, 33.575496], [130.410562, 33.574595], [130.402769, 33.572568], [130.400209, 33.571245], [130.398447, 33.570034], [130.39807, 33.569674], [130.397941, 33.569355], [130.397861, 33.568189], [130.398664, 33.567335], [130.399153, 33.566439], [130.399148, 33.566103], [130.396311, 33.564787], [130.396759, 33.564082], [130.396298, 33.563276], [130.396406, 33.562984], [130.396994, 33.562604], [130.397062, 33.562154], [130.396951, 33.561819], [130.396568, 33.56147], [130.396212, 33.56181], [130.395906, 33.561856], [130.395978, 33.561476], [130.395793, 33.561022], [130.395218, 33.56115], [130.394584, 33.560844], [130.394549, 33.560715], [130.39503, 33.559057], [130.395456, 33.558681], [130.395501, 33.558239], [130.394939, 33.558323], [130.393917, 33.558017], [130.391329, 33.558062], [130.390725, 33.558592], [130.390171, 33.558847], [130.38998, 33.559283], [130.38784, 33.559837], [130.387665, 33.558917], [130.387848, 33.558206], [130.387406, 33.556598], [130.38737, 33.555709], [130.388921, 33.549956], [130.390178, 33.547501], [130.390445, 33.546473], [130.390341, 33.546456], [130.39011, 33.545593], [130.3894, 33.544696], [130.389252, 33.543481], [130.389527, 33.542925], [130.390544, 33.542198], [130.391341, 33.54024], [130.391358, 33.539143], [130.390983, 33.538759], [130.390315, 33.538706], [130.390121, 33.539238], [130.389203, 33.539218], [130.388112, 33.540319], [130.387973, 33.5399], [130.387675, 33.539797], [130.387382, 33.539145], [130.386425, 33.538466], [130.3855, 33.536529], [130.384893, 33.5359], [130.384718, 33.535486], [130.384721, 33.535012], [130.385049, 33.534038], [130.384973, 33.533298], [130.3852, 33.53208], [130.385202, 33.531158], [130.384499, 33.52979], [130.384307, 33.528544], [130.383834, 33.528024], [130.383131, 33.527593], [130.383115, 33.52676], [130.382578, 33.526349], [130.381943, 33.526093], [130.379912, 33.524455], [130.379639, 33.524077], [130.379537, 33.523155], [130.379266, 33.522748], [130.378141, 33.522462], [130.377141, 33.521907], [130.377037, 33.521632], [130.377129, 33.521218], [130.376238, 33.520142], [130.375831, 33.519322], [130.375774, 33.517361], [130.375949, 33.517052], [130.375698, 33.516716], [130.375024, 33.516698], [130.375263, 33.515745], [130.374327, 33.515785], [130.373288, 33.516369], [130.372767, 33.516493], [130.370838, 33.516418], [130.368403, 33.516569], [130.367858, 33.517054], [130.366392, 33.517717], [130.365354, 33.517689], [130.36525, 33.516638], [130.365983, 33.513849], [130.365693, 33.513007], [130.364658, 33.512019], [130.365114, 33.511473], [130.365927, 33.511367], [130.36618, 33.510965], [130.3665, 33.51077], [130.367353, 33.509694], [130.367729, 33.507992], [130.368345, 33.507373], [130.369058, 33.5073], [130.369524, 33.507088], [130.369834, 33.506525], [130.37081, 33.5057], [130.371219, 33.505039], [130.371233, 33.504775], [130.372951, 33.505643], [130.373481, 33.506074], [130.375338, 33.506611], [130.37696, 33.508148], [130.377202, 33.508203], [130.378832, 33.507875], [130.380171, 33.507329], [130.380724, 33.507221], [130.380876, 33.507139], [130.381017, 33.506347], [130.381899, 33.5056], [130.382177, 33.50552], [130.383146, 33.505958], [130.383959, 33.506647], [130.385375, 33.506779], [130.38599, 33.507126], [130.386844, 33.507003], [130.387433, 33.507175], [130.388008, 33.50701], [130.38874, 33.507056], [130.389128, 33.506968], [130.389376, 33.507372], [130.389488, 33.508089], [130.389929, 33.508315], [130.390379, 33.508206], [130.391073, 33.508631], [130.39123, 33.508626], [130.391723, 33.50823], [130.392283, 33.508063], [130.393131, 33.507513], [130.393448, 33.50718], [130.393694, 33.506218], [130.394168, 33.506187], [130.394509, 33.506496], [130.39569, 33.506857], [130.3962, 33.507161], [130.396268, 33.509033], [130.397452, 33.510078], [130.397107, 33.511528], [130.397249, 33.511834], [130.397788, 33.512235], [130.398102, 33.513015], [130.398436, 33.51307], [130.399493, 33.512933], [130.400294, 33.511987], [130.400719, 33.512451], [130.401289, 33.51279], [130.401515, 33.513535], [130.403766, 33.513495], [130.404204, 33.513816], [130.404276, 33.513943], [130.404027, 33.514451], [130.403998, 33.514874], [130.40421, 33.51665], [130.403817, 33.518261], [130.403925, 33.518501], [130.404606, 33.518895], [130.405654, 33.519166], [130.406028, 33.519663], [130.406361, 33.520936], [130.407603, 33.521307], [130.407918, 33.521733], [130.409497, 33.522082], [130.409468, 33.522365], [130.410378, 33.522699], [130.410468, 33.522274], [130.410756, 33.522262], [130.411343, 33.522876], [130.411501, 33.523322], [130.412187, 33.524204], [130.412636, 33.524586], [130.413159, 33.524661], [130.413225, 33.524545], [130.414677, 33.52474], [130.416278, 33.523652], [130.416577, 33.523487], [130.416829, 33.523512], [130.417902, 33.524726], [130.418104, 33.524775], [130.418457, 33.524634], [130.418798, 33.525191], [130.419429, 33.525582], [130.420273, 33.527543], [130.420728, 33.527791], [130.423418, 33.528261], [130.423379, 33.528454], [130.423559, 33.528502], [130.424239, 33.528474], [130.42444, 33.528738], [130.424624, 33.529542], [130.424938, 33.529933], [130.425298, 33.53007], [130.425923, 33.530094], [130.426804, 33.53039], [130.428006, 33.526038], [130.427855, 33.525195], [130.427184, 33.524446], [130.427134, 33.524219], [130.427396, 33.523663], [130.428117, 33.523134], [130.428356, 33.522675], [130.430211, 33.523276], [130.430738, 33.523225], [130.432551, 33.524249], [130.433726, 33.522952], [130.434046, 33.522906], [130.436981, 33.524917], [130.437374, 33.524906], [130.437405, 33.525216], [130.435489, 33.527555], [130.436321, 33.528152], [130.435812, 33.52892], [130.436714, 33.529531], [130.437055, 33.529553], [130.438704, 33.530642], [130.438984, 33.530406], [130.439745, 33.530714], [130.440117, 33.530192], [130.440349, 33.530294], [130.440814, 33.530829], [130.441106, 33.530818], [130.441229, 33.530989], [130.441413, 33.530998], [130.441533, 33.531502], [130.441874, 33.531362], [130.442117, 33.531855], [130.442327, 33.531787], [130.442899, 33.532742], [130.443018, 33.533228], [130.442613, 33.533588], [130.442355, 33.534147], [130.442434, 33.534619], [130.441051, 33.536333], [130.440594, 33.537535], [130.440318, 33.537653], [130.440261, 33.538105], [130.440471, 33.538407], [130.440407, 33.538787], [130.439847, 33.538925], [130.439297, 33.539725], [130.440414, 33.540523], [130.439779, 33.541166], [130.439954, 33.541606], [130.439645, 33.542907], [130.440454, 33.543101], [130.441871, 33.543917], [130.442431, 33.544478], [130.442338, 33.544599], [130.44203, 33.544571], [130.442258, 33.54554], [130.442164, 33.5466], [130.442554, 33.546693], [130.443141, 33.547065], [130.443698, 33.54634], [130.445368, 33.547419], [130.445638, 33.547005], [130.445996, 33.547284], [130.446078, 33.54767], [130.447708, 33.547504], [130.448866, 33.547233], [130.449733, 33.549115], [130.452168, 33.548816], [130.451057, 33.549973], [130.448303, 33.554135], [130.446966, 33.555834], [130.443778, 33.559167], [130.440589, 33.562229], [130.435405, 33.56572], [130.435141, 33.565739], [130.43478, 33.565553], [130.434824, 33.565206], [130.433264, 33.564756], [130.432712, 33.565917], [130.431804, 33.567148], [130.431136, 33.567712], [130.428517, 33.569194], [130.427621, 33.570109], [130.42692, 33.571316], [130.426401, 33.571935], [130.423778, 33.574061], [130.422457, 33.574453], [130.421492, 33.574569], [130.419406, 33.575598], [130.415418, 33.576821]]]}}, {"type": "Feature", "properties": {"pref_code": "40", "pref_name": "福岡県", "municipality_code": "40135", "municipality_name": "福岡市", "ward_name": "西区", "display_name": "福岡市 西区", "geometry_key": "40135"}, "geometry": {"type": "MultiPolygon", "coordinates": [[[[130.032172, 33.864072], [130.032222, 33.863678], [130.033252, 33.863082], [130.03357, 33.862761], [130.033898, 33.861617], [130.034962, 33.860951], [130.035037, 33.861037], [130.034054, 33.861661], [130.033716, 33.8628], [130.033366, 33.863161], [130.032369, 33.863741], [130.032332, 33.86407], [130.032928, 33.864766], [130.033318, 33.864525], [130.033149, 33.864317], [130.034598, 33.863445], [130.034782, 33.862881], [130.034942, 33.862921], [130.035154, 33.862266], [130.034619, 33.862139], [130.03468, 33.861963], [130.035215, 33.862073], [130.03525, 33.861958], [130.035438, 33.861999], [130.035158, 33.862852], [130.035502, 33.863021], [130.036078, 33.862346], [130.036187, 33.862397], [130.036392, 33.861981], [130.037722, 33.862791], [130.037556, 33.863006], [130.037794, 33.863126], [130.038028, 33.862755], [130.037822, 33.862345], [130.03642, 33.861516], [130.035783, 33.861905], [130.035616, 33.861751], [130.036323, 33.861273], [130.037978, 33.862247], [130.038225, 33.86276], [130.03795, 33.86322], [130.038492, 33.864375], [130.038616, 33.865228], [130.03825, 33.866659], [130.038626, 33.868922], [130.03825, 33.870147], [130.037428, 33.871031], [130.037158, 33.871496], [130.037036, 33.872231], [130.037258, 33.872815], [130.037152, 33.87357], [130.036696, 33.874352], [130.036178, 33.874072], [130.035598, 33.874402], [130.035402, 33.874338], [130.035204, 33.874015], [130.034986, 33.874051], [130.034864, 33.873951], [130.034988, 33.872853], [130.034514, 33.870579], [130.033904, 33.86889], [130.033736, 33.868681], [130.033314, 33.868639], [130.03311, 33.868421], [130.033366, 33.868224], [130.033322, 33.867892], [130.032695, 33.866772], [130.032874, 33.865745], [130.033098, 33.865447], [130.033114, 33.865176], [130.032172, 33.864072]]], [[[130.160166, 33.702055], [130.160406, 33.701905], [130.160637, 33.702253], [130.160311, 33.702374], [130.160166, 33.702055]]], [[[130.229497, 33.69924], [130.229942, 33.699126], [130.230406, 33.698272], [130.230393, 33.697949], [130.230597, 33.698223], [130.230951, 33.698132], [130.231033, 33.698311], [130.230621, 33.698504], [130.230498, 33.699006], [130.230301, 33.699042], [130.230152, 33.69934], [130.229858, 33.699469], [130.229497, 33.69924]]], [[[130.232174, 33.698842], [130.232317, 33.698742], [130.232595, 33.698912], [130.232669, 33.699128], [130.232293, 33.699086], [130.232174, 33.698842]]], [[[130.232416, 33.698501], [130.232799, 33.698432], [130.232996, 33.698518], [130.232997, 33.698646], [130.232602, 33.69864], [130.232416, 33.698501]]], [[[130.23112, 33.698343], [130.231653, 33.698166], [130.231843, 33.697956], [130.231765, 33.698349], [130.231302, 33.698433], [130.23112, 33.698343]]], [[[130.218704, 33.69609], [130.21904, 33.69561], [130.219329, 33.695637], [130.219719, 33.695467], [130.219848, 33.695593], [130.219701, 33.695851], [130.220034, 33.696498], [130.220009, 33.696958], [130.219681, 33.697139], [130.219056, 33.697081], [130.219107, 33.696857], [130.218819, 33.696758], [130.218967, 33.696303], [130.218704, 33.69609]]], [[[130.220204, 33.696025], [130.220248, 33.695942], [130.220405, 33.696018], [130.220208, 33.696099], [130.220204, 33.696025]]], [[[130.220021, 33.695659], [130.220257, 33.695648], [130.220302, 33.695779], [130.220139, 33.695818], [130.220021, 33.695659]]], [[[130.224517, 33.691967], [130.224741, 33.690744], [130.224668, 33.690462], [130.224896, 33.690401], [130.225102, 33.689987], [130.224929, 33.689942], [130.224932, 33.689814], [130.225594, 33.68915], [130.225653, 33.688906], [130.226078, 33.688739], [130.22645, 33.68789], [130.227194, 33.687221], [130.227253, 33.686704], [130.22872, 33.686419], [130.230192, 33.684388], [130.230602, 33.684124], [130.231472, 33.683962], [130.231226, 33.683689], [130.231294, 33.683199], [130.233479, 33.681412], [130.233578, 33.681532], [130.232587, 33.68236], [130.232676, 33.682643], [130.234621, 33.682589], [130.23462, 33.682123], [130.235099, 33.682103], [130.235125, 33.682968], [130.236187, 33.683526], [130.236532, 33.683022], [130.237117, 33.683301], [130.236974, 33.683562], [130.237612, 33.683869], [130.238073, 33.683423], [130.237943, 33.682663], [130.237101, 33.682337], [130.237116, 33.682], [130.237215, 33.682005], [130.237206, 33.682265], [130.23804, 33.682585], [130.238228, 33.683487], [130.23741, 33.684257], [130.237797, 33.686335], [130.237712, 33.686533], [130.237304, 33.686582], [130.237805, 33.687482], [130.237596, 33.688391], [130.237798, 33.688952], [130.237691, 33.689771], [130.237425, 33.69033], [130.237361, 33.690853], [130.236417, 33.69185], [130.235989, 33.692114], [130.235844, 33.692532], [130.235712, 33.692554], [130.235596, 33.692394], [130.235396, 33.692491], [130.235046, 33.692829], [130.235003, 33.69311], [130.234271, 33.693439], [130.234007, 33.693317], [130.233395, 33.693367], [130.233362, 33.693731], [130.233207, 33.693837], [130.232498, 33.693632], [130.231546, 33.693812], [130.230621, 33.694223], [130.229534, 33.694211], [130.229131, 33.694379], [130.229281, 33.69468], [130.229083, 33.694851], [130.228833, 33.694606], [130.228231, 33.694434], [130.228281, 33.694171], [130.227639, 33.694077], [130.22717, 33.694291], [130.226942, 33.694161], [130.226602, 33.69432], [130.226556, 33.693914], [130.226203, 33.693624], [130.225673, 33.693447], [130.224991, 33.692755], [130.224815, 33.692887], [130.224832, 33.69315], [130.224626, 33.692997], [130.224831, 33.692605], [130.224517, 33.691967]]], [[[130.226716, 33.6947], [130.226835, 33.694663], [130.22681, 33.694742], [130.226716, 33.6947]]], [[[130.226392, 33.694464], [130.22648, 33.694398], [130.226472, 33.694455], [130.226392, 33.694464]]], [[[130.226769, 33.694448], [130.226783, 33.69437], [130.226834, 33.694366], [130.226769, 33.694448]]], [[[130.227742, 33.694261], [130.22782, 33.694244], [130.227837, 33.694321], [130.227742, 33.694261]]], [[[130.226283, 33.694169], [130.226334, 33.694118], [130.226406, 33.694175], [130.226283, 33.694169]]], [[[130.233818, 33.694042], [130.233898, 33.694041], [130.233924, 33.694105], [130.233818, 33.694042]]], [[[130.233316, 33.693985], [130.233431, 33.694008], [130.233376, 33.694038], [130.233316, 33.693985]]], [[[130.224302, 33.693823], [130.224389, 33.693798], [130.224394, 33.693872], [130.224302, 33.693823]]], [[[130.225126, 33.693726], [130.225214, 33.6937], [130.225231, 33.693774], [130.225126, 33.693726]]], [[[130.224312, 33.693586], [130.224506, 33.693558], [130.224542, 33.693681], [130.224374, 33.693729], [130.224312, 33.693586]]], [[[130.234208, 33.693636], [130.234331, 33.693597], [130.234294, 33.69366], [130.234208, 33.693636]]], [[[130.224642, 33.693578], [130.224755, 33.693547], [130.22473, 33.693616], [130.224642, 33.693578]]], [[[130.224866, 33.693554], [130.225027, 33.693511], [130.22497, 33.693604], [130.224866, 33.693554]]], [[[130.224311, 33.693396], [130.224375, 33.69335], [130.224364, 33.693429], [130.224311, 33.693396]]], [[[130.235851, 33.693334], [130.235924, 33.693297], [130.235917, 33.693424], [130.235851, 33.693334]]], [[[130.225316, 33.693308], [130.225403, 33.693278], [130.225382, 33.693419], [130.225316, 33.693308]]], [[[130.235333, 33.693334], [130.235511, 33.693294], [130.235457, 33.693387], [130.235333, 33.693334]]], [[[130.22498, 33.693332], [130.225127, 33.693311], [130.225053, 33.693384], [130.22498, 33.693332]]], [[[130.224499, 33.693157], [130.224614, 33.693121], [130.224643, 33.693188], [130.224499, 33.693157]]], [[[130.224251, 33.693072], [130.224394, 33.693024], [130.2243, 33.693109], [130.224251, 33.693072]]], [[[130.224482, 33.692634], [130.224564, 33.692667], [130.224493, 33.692671], [130.224482, 33.692634]]], [[[130.236158, 33.692331], [130.236283, 33.692297], [130.236213, 33.692375], [130.236158, 33.692331]]], [[[130.224277, 33.69028], [130.224402, 33.690236], [130.224292, 33.690365], [130.224277, 33.69028]]], [[[130.22476, 33.690105], [130.22487, 33.690061], [130.224843, 33.690121], [130.22476, 33.690105]]], [[[130.217996, 33.677034], [130.218111, 33.676916], [130.21848, 33.676968], [130.218897, 33.676816], [130.2194, 33.676484], [130.219425, 33.676785], [130.219562, 33.676838], [130.21969, 33.676578], [130.220052, 33.676585], [130.219964, 33.676416], [130.220176, 33.676232], [130.220639, 33.676255], [130.220817, 33.676452], [130.22039, 33.677626], [130.219518, 33.678016], [130.219156, 33.678045], [130.218737, 33.677827], [130.218764, 33.677582], [130.219188, 33.677122], [130.218362, 33.677412], [130.217996, 33.677034]]], [[[130.217191, 33.675933], [130.217274, 33.675817], [130.217469, 33.676089], [130.217701, 33.676116], [130.217972, 33.675941], [130.21803, 33.676156], [130.217749, 33.676324], [130.217459, 33.676311], [130.217212, 33.676149], [130.217191, 33.675933]]], [[[130.217337, 33.67507], [130.217824, 33.674747], [130.218362, 33.674648], [130.219006, 33.674909], [130.21915, 33.675138], [130.218242, 33.67575], [130.217863, 33.675428], [130.217376, 33.675265], [130.217337, 33.67507]]], [[[130.223054, 33.672855], [130.223116, 33.672806], [130.223157, 33.672891], [130.223054, 33.672855]]], [[[130.343115, 33.5968], [130.340116, 33.597088], [130.340093, 33.596975], [130.340421, 33.596918], [130.340308, 33.596744], [130.33882, 33.596381], [130.337543, 33.59641], [130.336692, 33.596652], [130.334863, 33.597469], [130.333152, 33.597371], [130.331698, 33.597607], [130.3303, 33.598414], [130.329627, 33.598588], [130.330075, 33.599124], [130.330328, 33.599064], [130.330356, 33.599154], [130.330039, 33.599234], [130.328899, 33.597931], [130.327387, 33.59826], [130.326849, 33.596519], [130.328031, 33.596254], [130.327254, 33.593574], [130.325606, 33.593924], [130.325366, 33.593491], [130.324444, 33.593549], [130.324438, 33.593674], [130.323549, 33.593641], [130.323201, 33.598547], [130.313278, 33.598029], [130.312684, 33.597862], [130.312188, 33.597555], [130.311895, 33.597132], [130.311737, 33.596327], [130.311386, 33.595919], [130.310934, 33.595717], [130.310436, 33.595671], [130.310237, 33.595486], [130.310443, 33.594572], [130.310988, 33.593761], [130.311389, 33.593659], [130.311714, 33.594453], [130.31191, 33.594563], [130.312348, 33.594551], [130.312977, 33.594185], [130.31345, 33.593719], [130.313818, 33.592997], [130.313188, 33.592779], [130.313255, 33.592599], [130.312636, 33.592412], [130.312573, 33.592523], [130.312424, 33.592478], [130.312703, 33.590523], [130.311378, 33.590333], [130.311334, 33.587265], [130.310641, 33.587338], [130.310333, 33.587192], [130.307573, 33.585422], [130.307392, 33.585414], [130.307037, 33.585089], [130.30672, 33.585163], [130.306649, 33.584897], [130.305563, 33.584274], [130.302885, 33.583004], [130.298478, 33.581346], [130.294889, 33.580559], [130.294196, 33.580248], [130.293284, 33.580086], [130.292781, 33.580196], [130.290737, 33.581692], [130.288614, 33.582443], [130.2871, 33.58313], [130.286191, 33.582945], [130.285924, 33.582592], [130.28544, 33.581337], [130.285184, 33.581139], [130.284007, 33.580701], [130.283944, 33.580852], [130.281358, 33.580815], [130.27873, 33.581089], [130.274671, 33.582094], [130.273091, 33.582668], [130.270531, 33.584049], [130.269022, 33.585098], [130.266681, 33.586979], [130.265484, 33.588917], [130.265335, 33.588894], [130.264868, 33.589825], [130.265313, 33.590094], [130.265403, 33.591247], [130.264752, 33.591312], [130.26485, 33.592194], [130.265597, 33.592112], [130.26559, 33.592616], [130.265006, 33.593984], [130.265133, 33.59451], [130.264945, 33.594643], [130.26559, 33.595968], [130.265824, 33.595887], [130.265931, 33.596256], [130.265813, 33.597119], [130.266062, 33.597323], [130.267641, 33.596856], [130.267746, 33.596619], [130.267964, 33.596654], [130.268087, 33.596448], [130.267924, 33.596045], [130.267699, 33.596085], [130.267547, 33.595637], [130.267685, 33.595597], [130.267454, 33.594374], [130.266827, 33.593728], [130.267093, 33.593519], [130.267309, 33.593551], [130.268009, 33.594774], [130.268373, 33.595867], [130.268699, 33.596217], [130.268719, 33.596117], [130.268939, 33.596325], [130.270697, 33.59627], [130.271104, 33.598051], [130.271958, 33.599], [130.273558, 33.603192], [130.27464, 33.603926], [130.275118, 33.604402], [130.275122, 33.604694], [130.274858, 33.604857], [130.274286, 33.605679], [130.274321, 33.606125], [130.27377, 33.607269], [130.274663, 33.609323], [130.275009, 33.609753], [130.274978, 33.609982], [130.274335, 33.610492], [130.273441, 33.611562], [130.272269, 33.611833], [130.271688, 33.612226], [130.271153, 33.61213], [130.269608, 33.612634], [130.26841, 33.612675], [130.267441, 33.612857], [130.267329, 33.612732], [130.265762, 33.612529], [130.262214, 33.610773], [130.258736, 33.610671], [130.254857, 33.610764], [130.247682, 33.611375], [130.24286, 33.612365], [130.237359, 33.613966], [130.234066, 33.615163], [130.232336, 33.61626], [130.231806, 33.616854], [130.231389, 33.617651], [130.231429, 33.618448], [130.231685, 33.618693], [130.232303, 33.618516], [130.232512, 33.618957], [130.232183, 33.619401], [130.231486, 33.619623], [130.230866, 33.620026], [130.230709, 33.620511], [130.230673, 33.621409], [130.229416, 33.622909], [130.22928, 33.623415], [130.229441, 33.624222], [130.229642, 33.624682], [130.229854, 33.624788], [130.229684, 33.625617], [130.229982, 33.625701], [130.230036, 33.625996], [130.229848, 33.626076], [130.230294, 33.626519], [130.229624, 33.626845], [130.229136, 33.627271], [130.228851, 33.62768], [130.228853, 33.628092], [130.228107, 33.627994], [130.228132, 33.628236], [130.227952, 33.628222], [130.227527, 33.628539], [130.226731, 33.629842], [130.225302, 33.631656], [130.224586, 33.632858], [130.224133, 33.634203], [130.224196, 33.634554], [130.224929, 33.635237], [130.225185, 33.636687], [130.225602, 33.637218], [130.225996, 33.637477], [130.226525, 33.637531], [130.227602, 33.637314], [130.228186, 33.637341], [130.228899, 33.637768], [130.229198, 33.638124], [130.229106, 33.638852], [130.228675, 33.639406], [130.228452, 33.640026], [130.228455, 33.640563], [130.22888, 33.641122], [130.228591, 33.641354], [130.22884, 33.641912], [130.229458, 33.642016], [130.230149, 33.642485], [130.230283, 33.642306], [130.230809, 33.64255], [130.230947, 33.642277], [130.231429, 33.642112], [130.232106, 33.642962], [130.232554, 33.642727], [130.232881, 33.643301], [130.232468, 33.643562], [130.232677, 33.643836], [130.233411, 33.644246], [130.233664, 33.643995], [130.234251, 33.64396], [130.23428, 33.644121], [130.234544, 33.644128], [130.234479, 33.643447], [130.234184, 33.643116], [130.233754, 33.642235], [130.232279, 33.641152], [130.232338, 33.641072], [130.233899, 33.642167], [130.234624, 33.643498], [130.234667, 33.644151], [130.23529, 33.645085], [130.236607, 33.64611], [130.236232, 33.646641], [130.236213, 33.647104], [130.236467, 33.647751], [130.236926, 33.648169], [130.236871, 33.648289], [130.237062, 33.648525], [130.237102, 33.64873], [130.236852, 33.649296], [130.236481, 33.649648], [130.235726, 33.649758], [130.235734, 33.649975], [130.235526, 33.650124], [130.234133, 33.650305], [130.232899, 33.650853], [130.232493, 33.651186], [130.232175, 33.652117], [130.232286, 33.652512], [130.232152, 33.652536], [130.231991, 33.652825], [130.231762, 33.653808], [130.231374, 33.654766], [130.231232, 33.654854], [130.231062, 33.65557], [130.230669, 33.655492], [130.230423, 33.655677], [130.230231, 33.655603], [130.23026, 33.655761], [130.230117, 33.655848], [130.229533, 33.655612], [130.22934, 33.655699], [130.22907, 33.655932], [130.229024, 33.656349], [130.228605, 33.657081], [130.228316, 33.657064], [130.228042, 33.657258], [130.227365, 33.657277], [130.227269, 33.657417], [130.226527, 33.657253], [130.22606, 33.657311], [130.225379, 33.657891], [130.225241, 33.657841], [130.224646, 33.65808], [130.224814, 33.658223], [130.224573, 33.658533], [130.224321, 33.658487], [130.22367, 33.658752], [130.22284, 33.65878], [130.221795, 33.659157], [130.221489, 33.659437], [130.221407, 33.659712], [130.220199, 33.660449], [130.220151, 33.660798], [130.219895, 33.660847], [130.219717, 33.661126], [130.218875, 33.661434], [130.218688, 33.661719], [130.218387, 33.661611], [130.218223, 33.661698], [130.217877, 33.662085], [130.217787, 33.662385], [130.21745, 33.662604], [130.217257, 33.662916], [130.216723, 33.662994], [130.216629, 33.663248], [130.216392, 33.663176], [130.216422, 33.663407], [130.216183, 33.663369], [130.216116, 33.663201], [130.214848, 33.663315], [130.214578, 33.663688], [130.213879, 33.664108], [130.212797, 33.665022], [130.212422, 33.665809], [130.212441, 33.666189], [130.211851, 33.666315], [130.211968, 33.666536], [130.211356, 33.666616], [130.211272, 33.666879], [130.210432, 33.667329], [130.210259, 33.667748], [130.21002, 33.667779], [130.210041, 33.667492], [130.209689, 33.667401], [130.209592, 33.6671], [130.209469, 33.667112], [130.209561, 33.666926], [130.209477, 33.666783], [130.20909, 33.666487], [130.208348, 33.666511], [130.20821, 33.666849], [130.207795, 33.666984], [130.207685, 33.666819], [130.2077, 33.666265], [130.207311, 33.665831], [130.206977, 33.665741], [130.206839, 33.665514], [130.206432, 33.663627], [130.206614, 33.662664], [130.206866, 33.662138], [130.206823, 33.661613], [130.207027, 33.660882], [130.206971, 33.660001], [130.207178, 33.659341], [130.207092, 33.658088], [130.207262, 33.657591], [130.207303, 33.656466], [130.207449, 33.656032], [130.208084, 33.65537], [130.208359, 33.654406], [130.208497, 33.654411], [130.208589, 33.654616], [130.209054, 33.654569], [130.209192, 33.653464], [130.208996, 33.652051], [130.208132, 33.65218], [130.208053, 33.651801], [130.208399, 33.651754], [130.208172, 33.650396], [130.206908, 33.650455], [130.206833, 33.649555], [130.207523, 33.649373], [130.207719, 33.6483], [130.207594, 33.647865], [130.207222, 33.647241], [130.20639, 33.646487], [130.206153, 33.646374], [130.205937, 33.646432], [130.204517, 33.645676], [130.203667, 33.645439], [130.203159, 33.645459], [130.202616, 33.645722], [130.201297, 33.645433], [130.200765, 33.645621], [130.20058, 33.64555], [130.20009, 33.644897], [130.200142, 33.644304], [130.201278, 33.643666], [130.201254, 33.642672], [130.200656, 33.641735], [130.200195, 33.641496], [130.199852, 33.640951], [130.198972, 33.640302], [130.197796, 33.639796], [130.198381, 33.63925], [130.199128, 33.638803], [130.200319, 33.63849], [130.201149, 33.637959], [130.201832, 33.637964], [130.202094, 33.637398], [130.202776, 33.636963], [130.202933, 33.636692], [130.202978, 33.635925], [130.203982, 33.635245], [130.204044, 33.635016], [130.204083, 33.633608], [130.203783, 33.632367], [130.203904, 33.631724], [130.204714, 33.631625], [130.205106, 33.631363], [130.205332, 33.630491], [130.205285, 33.629736], [130.205414, 33.629619], [130.205755, 33.629596], [130.206049, 33.628906], [130.206552, 33.628841], [130.206703, 33.628705], [130.206737, 33.628541], [130.206216, 33.627354], [130.205436, 33.626219], [130.205783, 33.624054], [130.205598, 33.623647], [130.205126, 33.623215], [130.204969, 33.62271], [130.205327, 33.621269], [130.205579, 33.620924], [130.205939, 33.619921], [130.206009, 33.619236], [130.205609, 33.618447], [130.205867, 33.618097], [130.205668, 33.617351], [130.205752, 33.617024], [130.206186, 33.616348], [130.205926, 33.615218], [130.20611, 33.614732], [130.205126, 33.614732], [130.204913, 33.614432], [130.207492, 33.612408], [130.207212, 33.611286], [130.206951, 33.61082], [130.206061, 33.609861], [130.205957, 33.609543], [130.206555, 33.608843], [130.207457, 33.60872], [130.207834, 33.608328], [130.208306, 33.608112], [130.208622, 33.607428], [130.208886, 33.607387], [130.209552, 33.606892], [130.210119, 33.606053], [130.210021, 33.605458], [130.210588, 33.604687], [130.210321, 33.604192], [130.210287, 33.603804], [130.210371, 33.602832], [130.210551, 33.602312], [130.210413, 33.601751], [130.209781, 33.600581], [130.209527, 33.600286], [130.209159, 33.600137], [130.207954, 33.598765], [130.207898, 33.598335], [130.207398, 33.597809], [130.207303, 33.596899], [130.207426, 33.596606], [130.207665, 33.596488], [130.209723, 33.596547], [130.210005, 33.596424], [130.210214, 33.596157], [130.210278, 33.595488], [130.209846, 33.594732], [130.209834, 33.59407], [130.210015, 33.593334], [130.210524, 33.592944], [130.210711, 33.592316], [130.211481, 33.591847], [130.211732, 33.591478], [130.211932, 33.590459], [130.211781, 33.589303], [130.211913, 33.588618], [130.212429, 33.588311], [130.213211, 33.587241], [130.214121, 33.58642], [130.214913, 33.586161], [130.215552, 33.585787], [130.216127, 33.584919], [130.216399, 33.583389], [130.217525, 33.582855], [130.218061, 33.581746], [130.218987, 33.581106], [130.219187, 33.580556], [130.222629, 33.579436], [130.223289, 33.580299], [130.223772, 33.580233], [130.224872, 33.580819], [130.2267, 33.581393], [130.227181, 33.580699], [130.229255, 33.581344], [130.229908, 33.580283], [130.231836, 33.580908], [130.234524, 33.581532], [130.23472, 33.581368], [130.234676, 33.58093], [130.235334, 33.580901], [130.236836, 33.581314], [130.237331, 33.580329], [130.237711, 33.580441], [130.239026, 33.577335], [130.240616, 33.574095], [130.241067, 33.573077], [130.240252, 33.572854], [130.241103, 33.571051], [130.239219, 33.570464], [130.240025, 33.568692], [130.238849, 33.568269], [130.239333, 33.567444], [130.236656, 33.566425], [130.238948, 33.561813], [130.238985, 33.561608], [130.238224, 33.561276], [130.239384, 33.558904], [130.23592, 33.557766], [130.236393, 33.5569], [130.236221, 33.55649], [130.23665, 33.555951], [130.236266, 33.555364], [130.236331, 33.555221], [130.237486, 33.554454], [130.237982, 33.55394], [130.238739, 33.552464], [130.239539, 33.552721], [130.240431, 33.551727], [130.240905, 33.551895], [130.241087, 33.551848], [130.241625, 33.552389], [130.241905, 33.553228], [130.242909, 33.553532], [130.242317, 33.554959], [130.242602, 33.555066], [130.24237, 33.555622], [130.242384, 33.556058], [130.242839, 33.556207], [130.242723, 33.556514], [130.245222, 33.557704], [130.246799, 33.557763], [130.247682, 33.557355], [130.248411, 33.557616], [130.248707, 33.557554], [130.249426, 33.556984], [130.249813, 33.556011], [130.250109, 33.556077], [130.250611, 33.556448], [130.251517, 33.556638], [130.252155, 33.557265], [130.253224, 33.557319], [130.254094, 33.557715], [130.254808, 33.557777], [130.255, 33.557707], [130.25546, 33.557026], [130.256266, 33.556531], [130.25733, 33.555364], [130.257704, 33.555208], [130.260024, 33.555826], [130.261943, 33.556841], [130.26245, 33.556767], [130.262849, 33.556849], [130.263467, 33.556507], [130.263926, 33.55642], [130.264384, 33.556552], [130.264852, 33.556866], [130.265583, 33.556565], [130.265696, 33.55633], [130.265625, 33.555352], [130.266169, 33.554771], [130.266268, 33.553604], [130.267073, 33.552387], [130.266982, 33.551999], [130.266384, 33.551488], [130.26644, 33.550007], [130.267226, 33.549248], [130.268583, 33.548547], [130.268714, 33.548081], [130.268985, 33.547793], [130.269899, 33.547178], [130.270578, 33.547083], [130.270879, 33.547215], [130.271095, 33.547145], [130.271438, 33.546415], [130.271733, 33.546094], [130.272251, 33.545953], [130.273199, 33.546007], [130.274283, 33.545512], [130.275561, 33.544716], [130.277581, 33.544027], [130.278573, 33.543236], [130.278991, 33.543186], [130.279359, 33.542471], [130.280783, 33.541696], [130.283809, 33.539527], [130.284377, 33.539385], [130.285724, 33.539576], [130.286357, 33.539482], [130.286889, 33.54009], [130.288894, 33.53839], [130.28903, 33.538031], [130.288982, 33.537663], [130.288094, 33.536461], [130.288555, 33.535136], [130.289296, 33.534441], [130.2893, 33.533991], [130.289059, 33.533533], [130.289005, 33.53308], [130.289343, 33.531716], [130.288773, 33.530362], [130.288584, 33.529516], [130.288177, 33.528769], [130.288288, 33.52806], [130.288191, 33.527561], [130.287645, 33.526875], [130.287254, 33.526074], [130.286956, 33.523676], [130.286586, 33.522708], [130.286655, 33.522542], [130.287011, 33.522479], [130.288082, 33.522615], [130.288346, 33.522557], [130.288596, 33.52222], [130.288889, 33.521341], [130.289558, 33.520574], [130.290273, 33.520156], [130.290813, 33.520547], [130.290961, 33.520527], [130.291459, 33.519637], [130.292211, 33.519071], [130.292243, 33.518859], [130.291723, 33.518188], [130.292065, 33.517669], [130.292042, 33.517503], [130.291471, 33.516852], [130.291364, 33.516562], [130.291336, 33.515524], [130.291799, 33.513006], [130.293086, 33.512437], [130.293333, 33.510836], [130.29317, 33.510104], [130.293572, 33.509766], [130.293691, 33.508176], [130.293979, 33.507896], [130.294684, 33.507639], [130.294647, 33.507035], [130.296757, 33.505917], [130.298532, 33.505999], [130.298741, 33.505372], [130.299369, 33.505033], [130.300355, 33.505586], [130.301513, 33.505454], [130.302376, 33.505874], [130.304809, 33.505925], [130.307426, 33.505528], [130.308354, 33.505563], [130.309547, 33.506229], [130.310359, 33.50693], [130.312348, 33.506611], [130.313399, 33.507082], [130.313415, 33.507814], [130.312797, 33.508948], [130.312841, 33.511643], [130.314567, 33.513201], [130.314634, 33.513914], [130.31515, 33.515378], [130.31563, 33.515682], [130.316379, 33.514821], [130.318186, 33.515184], [130.319058, 33.515826], [130.320033, 33.51701], [130.320426, 33.51731], [130.321017, 33.517626], [130.322224, 33.518026], [130.322991, 33.518473], [130.322779, 33.519216], [130.322293, 33.519222], [130.322212, 33.519729], [130.321744, 33.51978], [130.321676, 33.519934], [130.32225, 33.520214], [130.322453, 33.520669], [130.322997, 33.52104], [130.322063, 33.52271], [130.321989, 33.523659], [130.322671, 33.527117], [130.321987, 33.530134], [130.322023, 33.531704], [130.322384, 33.533815], [130.322104, 33.535518], [130.322439, 33.53685], [130.323773, 33.53893], [130.324143, 33.539807], [130.324177, 33.541649], [130.323702, 33.544883], [130.323466, 33.548145], [130.324838, 33.552799], [130.325206, 33.557037], [130.325946, 33.560374], [130.326205, 33.564085], [130.326614, 33.567039], [130.326612, 33.570961], [130.327143, 33.573472], [130.327897, 33.575566], [130.328713, 33.576685], [130.329929, 33.577544], [130.331396, 33.578107], [130.332648, 33.578403], [130.334179, 33.57903], [130.338521, 33.581242], [130.339742, 33.582556], [130.342096, 33.585673], [130.342962, 33.586624], [130.343384, 33.587412], [130.343479, 33.587954], [130.343115, 33.5968]]], [[[130.210697, 33.667294], [130.210792, 33.667247], [130.210753, 33.667304], [130.210697, 33.667294]]], [[[130.209301, 33.667262], [130.209371, 33.667215], [130.209339, 33.667312], [130.209301, 33.667262]]], [[[130.211136, 33.667097], [130.211228, 33.667052], [130.211206, 33.667127], [130.211136, 33.667097]]], [[[130.20824, 33.666981], [130.208298, 33.666971], [130.208269, 33.667039], [130.20824, 33.666981]]], [[[130.208358, 33.666811], [130.208441, 33.666866], [130.208414, 33.666898], [130.208358, 33.666811]]], [[[130.207234, 33.66644], [130.207347, 33.66625], [130.207497, 33.666667], [130.207234, 33.66644]]], [[[130.211789, 33.666619], [130.211872, 33.666569], [130.211847, 33.666623], [130.211789, 33.666619]]], [[[130.21213, 33.666355], [130.212188, 33.666342], [130.212159, 33.666419], [130.21213, 33.666355]]], [[[130.212522, 33.666311], [130.212619, 33.666348], [130.212539, 33.666366], [130.212522, 33.666311]]], [[[130.206769, 33.665756], [130.206822, 33.665734], [130.206817, 33.665787], [130.206769, 33.665756]]], [[[130.20658, 33.665684], [130.20665, 33.665742], [130.20658, 33.665738], [130.20658, 33.665684]]], [[[130.206712, 33.665622], [130.206779, 33.665614], [130.206782, 33.665682], [130.206712, 33.665622]]], [[[130.206392, 33.665393], [130.206428, 33.665358], [130.206476, 33.665405], [130.206392, 33.665393]]], [[[130.216267, 33.663698], [130.216342, 33.663681], [130.216367, 33.663768], [130.216267, 33.663698]]], [[[130.216562, 33.663571], [130.216616, 33.663546], [130.216621, 33.663619], [130.216562, 33.663571]]], [[[130.216742, 33.663395], [130.216809, 33.663357], [130.216796, 33.663423], [130.216742, 33.663395]]], [[[130.221378, 33.659857], [130.221542, 33.659839], [130.221537, 33.659986], [130.221378, 33.659857]]], [[[130.206701, 33.65985], [130.206798, 33.65989], [130.20672, 33.659912], [130.206701, 33.65985]]], [[[130.206865, 33.659844], [130.206909, 33.659791], [130.206967, 33.659822], [130.206865, 33.659844]]], [[[130.221558, 33.65965], [130.221618, 33.659561], [130.221689, 33.659634], [130.221599, 33.659735], [130.221558, 33.65965]]], [[[130.224143, 33.658765], [130.224204, 33.658708], [130.224218, 33.658773], [130.224143, 33.658765]]], [[[130.224517, 33.658717], [130.224526, 33.658663], [130.224611, 33.658663], [130.224517, 33.658717]]], [[[130.224768, 33.658522], [130.224816, 33.658469], [130.224833, 33.65854], [130.224768, 33.658522]]], [[[130.20699, 33.656845], [130.207029, 33.656805], [130.207075, 33.656835], [130.20699, 33.656845]]], [[[130.207004, 33.656552], [130.207067, 33.656534], [130.207058, 33.656609], [130.207004, 33.656552]]], [[[130.23053, 33.655816], [130.230549, 33.65577], [130.230636, 33.655851], [130.23053, 33.655816]]], [[[130.230975, 33.65583], [130.231062, 33.655761], [130.231054, 33.65583], [130.230975, 33.65583]]], [[[130.204683, 33.651995], [130.204821, 33.65194], [130.205178, 33.652453], [130.206645, 33.653288], [130.206587, 33.653348], [130.205057, 33.652482], [130.204683, 33.651995]]], [[[130.236223, 33.649981], [130.236366, 33.649967], [130.23631, 33.650026], [130.236223, 33.649981]]], [[[130.237056, 33.649823], [130.237128, 33.649775], [130.237133, 33.649835], [130.237056, 33.649823]]], [[[130.236856, 33.649624], [130.236914, 33.649517], [130.236962, 33.649582], [130.236856, 33.649624]]], [[[130.23704, 33.649454], [130.237074, 33.649353], [130.237173, 33.649436], [130.23704, 33.649454]]], [[[130.200954, 33.645886], [130.201024, 33.645859], [130.201027, 33.645932], [130.200954, 33.645886]]], [[[130.200787, 33.645746], [130.200858, 33.645742], [130.200867, 33.645799], [130.200787, 33.645746]]], [[[130.200378, 33.645671], [130.200453, 33.645654], [130.200466, 33.645725], [130.200378, 33.645671]]], [[[130.198929, 33.645589], [130.199072, 33.645613], [130.198997, 33.645655], [130.198929, 33.645589]]], [[[130.200184, 33.6456], [130.200213, 33.645555], [130.200263, 33.645596], [130.200184, 33.6456]]], [[[130.199268, 33.645247], [130.19942, 33.64494], [130.199926, 33.64495], [130.199756, 33.645114], [130.199504, 33.645077], [130.199268, 33.645247]]], [[[130.294542, 33.616904], [130.294878, 33.616369], [130.295161, 33.614362], [130.294871, 33.612976], [130.295282, 33.612409], [130.295878, 33.612423], [130.296326, 33.611936], [130.296741, 33.611271], [130.296916, 33.610315], [130.297286, 33.609957], [130.297858, 33.608681], [130.298054, 33.608494], [130.298558, 33.608339], [130.299158, 33.607295], [130.299499, 33.607114], [130.300266, 33.607198], [130.30112, 33.606973], [130.301852, 33.607001], [130.302684, 33.606764], [130.302625, 33.606967], [130.303108, 33.607552], [130.303417, 33.607637], [130.304004, 33.608131], [130.304263, 33.608185], [130.305303, 33.607759], [130.306416, 33.608457], [130.307404, 33.608708], [130.307955, 33.60862], [130.308358, 33.608796], [130.308489, 33.609551], [130.309051, 33.610099], [130.309142, 33.610632], [130.309302, 33.610695], [130.30891, 33.611486], [130.309214, 33.61174], [130.310714, 33.612213], [130.311061, 33.612139], [130.311833, 33.612609], [130.311379, 33.613279], [130.31192, 33.614294], [130.312611, 33.615096], [130.314147, 33.615174], [130.314366, 33.61527], [130.314291, 33.615551], [130.314035, 33.615615], [130.313411, 33.616859], [130.313547, 33.617323], [130.313773, 33.617433], [130.313814, 33.617922], [130.314022, 33.61808], [130.31319, 33.619934], [130.313476, 33.621337], [130.313456, 33.622527], [130.313631, 33.622913], [130.312224, 33.624796], [130.309746, 33.627256], [130.309052, 33.627805], [130.307833, 33.629454], [130.307499, 33.630237], [130.30744, 33.630716], [130.307755, 33.631587], [130.307903, 33.632669], [130.308112, 33.633089], [130.307951, 33.634752], [130.307802, 33.635136], [130.306691, 33.635784], [130.305647, 33.636669], [130.305189, 33.637336], [130.304108, 33.637937], [130.301896, 33.638272], [130.301344, 33.638131], [130.300061, 33.637418], [130.298785, 33.636181], [130.298313, 33.635468], [130.298178, 33.634499], [130.298279, 33.631917], [130.298017, 33.631455], [130.298064, 33.630564], [130.299559, 33.626489], [130.299502, 33.624801], [130.299081, 33.624347], [130.299263, 33.623942], [130.298919, 33.623677], [130.298515, 33.62306], [130.297768, 33.620227], [130.29671, 33.619308], [130.296353, 33.618824], [130.294835, 33.61768], [130.294904, 33.617293], [130.294542, 33.616904]]], [[[130.29045, 33.630041], [130.290634, 33.629849], [130.290832, 33.629893], [130.290583, 33.630164], [130.29045, 33.630041]]], [[[130.231325, 33.62752], [130.231533, 33.627177], [130.231823, 33.62729], [130.231673, 33.627557], [130.232495, 33.627896], [130.232896, 33.627209], [130.233021, 33.62727], [130.232166, 33.62872], [130.232046, 33.628668], [130.232456, 33.627977], [130.231325, 33.62752]]], [[[130.231986, 33.624905], [130.232107, 33.624877], [130.232097, 33.625069], [130.231986, 33.624905]]], [[[130.295368, 33.618719], [130.29553, 33.618622], [130.295489, 33.618726], [130.295368, 33.618719]]], [[[130.292747, 33.617432], [130.292821, 33.617406], [130.292804, 33.617537], [130.292747, 33.617432]]], [[[130.293263, 33.617294], [130.293347, 33.617302], [130.293335, 33.617383], [130.293263, 33.617294]]], [[[130.294449, 33.617302], [130.294536, 33.617268], [130.294519, 33.617352], [130.294449, 33.617302]]], [[[130.294319, 33.617242], [130.294378, 33.617204], [130.294397, 33.617283], [130.294319, 33.617242]]], [[[130.292908, 33.617182], [130.292964, 33.617137], [130.293003, 33.6172], [130.292908, 33.617182]]], [[[130.292574, 33.61713], [130.292658, 33.6171], [130.292673, 33.617195], [130.292574, 33.61713]]], [[[130.293248, 33.617031], [130.293289, 33.616977], [130.293364, 33.617072], [130.293248, 33.617031]]], [[[130.292903, 33.616906], [130.292997, 33.616872], [130.292997, 33.616934], [130.292903, 33.616906]]], [[[130.29242, 33.616852], [130.292491, 33.616816], [130.292517, 33.616871], [130.29242, 33.616852]]], [[[130.292209, 33.616684], [130.292264, 33.616631], [130.292313, 33.616688], [130.292209, 33.616684]]], [[[130.294642, 33.612771], [130.294794, 33.612803], [130.294755, 33.612904], [130.294642, 33.612771]]], [[[130.277138, 33.607911], [130.277314, 33.607697], [130.277621, 33.607757], [130.277814, 33.607559], [130.277858, 33.607826], [130.278036, 33.607935], [130.277498, 33.608267], [130.277138, 33.607911]]], [[[130.277414, 33.607562], [130.277453, 33.607522], [130.277482, 33.607556], [130.277414, 33.607562]]], [[[130.275986, 33.604841], [130.2761, 33.604821], [130.276085, 33.604961], [130.275986, 33.604841]]], [[[130.309972, 33.595236], [130.310063, 33.595276], [130.31002, 33.595311], [130.309972, 33.595236]]], [[[130.309883, 33.595023], [130.309961, 33.594999], [130.309994, 33.595084], [130.309883, 33.595023]]], [[[130.310129, 33.594992], [130.310189, 33.594927], [130.310196, 33.595018], [130.310129, 33.594992]]]]}}, {"type": "Feature", "properties": {"pref_code": "40", "pref_name": "福岡県", "municipality_code": "40136", "municipality_name": "福岡市", "ward_name": "城南区", "display_name": "福岡市 城南区", "geometry_key": "40136"}, "geometry": {"type": "Polygon", "coordinates": [[[130.38784, 33.559837], [130.387528, 33.560114], [130.385587, 33.561058], [130.384721, 33.56103], [130.384163, 33.560836], [130.383779, 33.560981], [130.382659, 33.561018], [130.382554, 33.561157], [130.382049, 33.561082], [130.381638, 33.561674], [130.380477, 33.562351], [130.380468, 33.562651], [130.380291, 33.562781], [130.379833, 33.562543], [130.377894, 33.562456], [130.377444, 33.562291], [130.377033, 33.562302], [130.376681, 33.562458], [130.376739, 33.563127], [130.376492, 33.563431], [130.376518, 33.563674], [130.375974, 33.56374], [130.375825, 33.564508], [130.376141, 33.566261], [130.376149, 33.566671], [130.375865, 33.567613], [130.376249, 33.570765], [130.375768, 33.573628], [130.375444, 33.574814], [130.374554, 33.576105], [130.373143, 33.579012], [130.372727, 33.579467], [130.370573, 33.580829], [130.367895, 33.581169], [130.366336, 33.58121], [130.365392, 33.58164], [130.36545, 33.581247], [130.36522, 33.58063], [130.362629, 33.57523], [130.35846, 33.575007], [130.357859, 33.572594], [130.355993, 33.568054], [130.355451, 33.566148], [130.35466, 33.564358], [130.355856, 33.564536], [130.356722, 33.564406], [130.356852, 33.564242], [130.356396, 33.560801], [130.355447, 33.557882], [130.355151, 33.557179], [130.354082, 33.556909], [130.35366, 33.556119], [130.35112, 33.555791], [130.348133, 33.549027], [130.348907, 33.549081], [130.348909, 33.548361], [130.349296, 33.548322], [130.349269, 33.547912], [130.349658, 33.547684], [130.349473, 33.546726], [130.348949, 33.546274], [130.348745, 33.545914], [130.348484, 33.545807], [130.34892, 33.54471], [130.349341, 33.544656], [130.349684, 33.544157], [130.350037, 33.544076], [130.350069, 33.543584], [130.352377, 33.543284], [130.353711, 33.542701], [130.354233, 33.542693], [130.355808, 33.543174], [130.356196, 33.543095], [130.356061, 33.542204], [130.356146, 33.541258], [130.356906, 33.539611], [130.357463, 33.538943], [130.358272, 33.538586], [130.359056, 33.537704], [130.359617, 33.537354], [130.359536, 33.537252], [130.358543, 33.537263], [130.358416, 33.537131], [130.358006, 33.537092], [130.357956, 33.536922], [130.358173, 33.536688], [130.359052, 33.536596], [130.359417, 33.536424], [130.360089, 33.535839], [130.35975, 33.535146], [130.359763, 33.534672], [130.359913, 33.534416], [130.360599, 33.534159], [130.361572, 33.534114], [130.362025, 33.533858], [130.362381, 33.53316], [130.362974, 33.532948], [130.363801, 33.532959], [130.364337, 33.532692], [130.364443, 33.53238], [130.364037, 33.531548], [130.364244, 33.530422], [130.363564, 33.529022], [130.364131, 33.528112], [130.363974, 33.526975], [130.364094, 33.525301], [130.364294, 33.525044], [130.365326, 33.524565], [130.366533, 33.522752], [130.366646, 33.520203], [130.366779, 33.51984], [130.366646, 33.519584], [130.365736, 33.519104], [130.365354, 33.517689], [130.366392, 33.517717], [130.367858, 33.517054], [130.368403, 33.516569], [130.370838, 33.516418], [130.372767, 33.516493], [130.373288, 33.516369], [130.374327, 33.515785], [130.375263, 33.515745], [130.375024, 33.516698], [130.375698, 33.516716], [130.375949, 33.517052], [130.375774, 33.517361], [130.375831, 33.519322], [130.376238, 33.520142], [130.377129, 33.521218], [130.377037, 33.521632], [130.377141, 33.521907], [130.378141, 33.522462], [130.379266, 33.522748], [130.379537, 33.523155], [130.379639, 33.524077], [130.379912, 33.524455], [130.381943, 33.526093], [130.382578, 33.526349], [130.383115, 33.52676], [130.383131, 33.527593], [130.383834, 33.528024], [130.384307, 33.528544], [130.384499, 33.52979], [130.385202, 33.531158], [130.3852, 33.53208], [130.384973, 33.533298], [130.385049, 33.534038], [130.384721, 33.535012], [130.384718, 33.535486], [130.384893, 33.5359], [130.3855, 33.536529], [130.386425, 33.538466], [130.387382, 33.539145], [130.387675, 33.539797], [130.387973, 33.5399], [130.388112, 33.540319], [130.389203, 33.539218], [130.390121, 33.539238], [130.390315, 33.538706], [130.390983, 33.538759], [130.391358, 33.539143], [130.391341, 33.54024], [130.390544, 33.542198], [130.389527, 33.542925], [130.389252, 33.543481], [130.3894, 33.544696], [130.39011, 33.545593], [130.390341, 33.546456], [130.390445, 33.546473], [130.390178, 33.547501], [130.388921, 33.549956], [130.38737, 33.555709], [130.387406, 33.556598], [130.387848, 33.558206], [130.387665, 33.558917], [130.38784, 33.559837]]]}}, {"type": "Feature", "properties": {"pref_code": "40", "pref_name": "福岡県", "municipality_code": "40137", "municipality_name": "福岡市", "ward_name": "早良区", "display_name": "福岡市 早良区", "geometry_key": "40137"}, "geometry": {"type": "Polygon", "coordinates": [[[130.343115, 33.5968], [130.343479, 33.587954], [130.343384, 33.587412], [130.342962, 33.586624], [130.342096, 33.585673], [130.339742, 33.582556], [130.338521, 33.581242], [130.334179, 33.57903], [130.332648, 33.578403], [130.331396, 33.578107], [130.329929, 33.577544], [130.328713, 33.576685], [130.327897, 33.575566], [130.327143, 33.573472], [130.326612, 33.570961], [130.326614, 33.567039], [130.326205, 33.564085], [130.325946, 33.560374], [130.325206, 33.557037], [130.324838, 33.552799], [130.323466, 33.548145], [130.323702, 33.544883], [130.324177, 33.541649], [130.324143, 33.539807], [130.323773, 33.53893], [130.322439, 33.53685], [130.322104, 33.535518], [130.322384, 33.533815], [130.322023, 33.531704], [130.321987, 33.530134], [130.322671, 33.527117], [130.321989, 33.523659], [130.322063, 33.52271], [130.322997, 33.52104], [130.322453, 33.520669], [130.32225, 33.520214], [130.321676, 33.519934], [130.321744, 33.51978], [130.322212, 33.519729], [130.322293, 33.519222], [130.322779, 33.519216], [130.322991, 33.518473], [130.322224, 33.518026], [130.321017, 33.517626], [130.320426, 33.51731], [130.320033, 33.51701], [130.319058, 33.515826], [130.318186, 33.515184], [130.316379, 33.514821], [130.31563, 33.515682], [130.31515, 33.515378], [130.314634, 33.513914], [130.314567, 33.513201], [130.312841, 33.511643], [130.312797, 33.508948], [130.313415, 33.507814], [130.313399, 33.507082], [130.312348, 33.506611], [130.310359, 33.50693], [130.309547, 33.506229], [130.308354, 33.505563], [130.307426, 33.505528], [130.304809, 33.505925], [130.302376, 33.505874], [130.301513, 33.505454], [130.300355, 33.505586], [130.299369, 33.505033], [130.298741, 33.505372], [130.298532, 33.505999], [130.296757, 33.505917], [130.294647, 33.507035], [130.294684, 33.507639], [130.293979, 33.507896], [130.293691, 33.508176], [130.293572, 33.509766], [130.29317, 33.510104], [130.293333, 33.510836], [130.293086, 33.512437], [130.291799, 33.513006], [130.291401, 33.512981], [130.29094, 33.512464], [130.290314, 33.512242], [130.290016, 33.51119], [130.290033, 33.510806], [130.289681, 33.510499], [130.289589, 33.509952], [130.289677, 33.50954], [130.289189, 33.509048], [130.288163, 33.510119], [130.287323, 33.510594], [130.287282, 33.510793], [130.287504, 33.51117], [130.286747, 33.511042], [130.286025, 33.511133], [130.28537, 33.511483], [130.284319, 33.512385], [130.284774, 33.510511], [130.285261, 33.50959], [130.285607, 33.507068], [130.285347, 33.506932], [130.282747, 33.506846], [130.281413, 33.507099], [130.280925, 33.506772], [130.279507, 33.506656], [130.27863, 33.505171], [130.278391, 33.504122], [130.278396, 33.503297], [130.277888, 33.50161], [130.277074, 33.500671], [130.276261, 33.50013], [130.276178, 33.499703], [130.275929, 33.499375], [130.275588, 33.499197], [130.274884, 33.499182], [130.274719, 33.498364], [130.274875, 33.497474], [130.273987, 33.497209], [130.272593, 33.49556], [130.271868, 33.49532], [130.272531, 33.493806], [130.273743, 33.493271], [130.274435, 33.492689], [130.274818, 33.491751], [130.275242, 33.491245], [130.275687, 33.489889], [130.276034, 33.489423], [130.275274, 33.489141], [130.274603, 33.489127], [130.274518, 33.488815], [130.273872, 33.488186], [130.273061, 33.488316], [130.272693, 33.488226], [130.272605, 33.487416], [130.272742, 33.487079], [130.272854, 33.485489], [130.27304, 33.484727], [130.273529, 33.483744], [130.273527, 33.483115], [130.273363, 33.482669], [130.272844, 33.481999], [130.272732, 33.480967], [130.272114, 33.479351], [130.272508, 33.479346], [130.272866, 33.479552], [130.27378, 33.479661], [130.274969, 33.479682], [130.276707, 33.478881], [130.277696, 33.478091], [130.278321, 33.477115], [130.278592, 33.476909], [130.278642, 33.476728], [130.278444, 33.476284], [130.278568, 33.476077], [130.279101, 33.476005], [130.280012, 33.475442], [130.282051, 33.474505], [130.282929, 33.473716], [130.283779, 33.472697], [130.284626, 33.472145], [130.286029, 33.471683], [130.286978, 33.470495], [130.287903, 33.470039], [130.288246, 33.469614], [130.289447, 33.46954], [130.290449, 33.46966], [130.291297, 33.469361], [130.291545, 33.468646], [130.292819, 33.466527], [130.293585, 33.46629], [130.29432, 33.465665], [130.295171, 33.465346], [130.295826, 33.463622], [130.296924, 33.462851], [130.298381, 33.462388], [130.30004, 33.462178], [130.301455, 33.462169], [130.301737, 33.462022], [130.302251, 33.46126], [130.302987, 33.461217], [130.303257, 33.461303], [130.303975, 33.461876], [130.304787, 33.462135], [130.305674, 33.463143], [130.306051, 33.463349], [130.306617, 33.462901], [130.307238, 33.462784], [130.307881, 33.462395], [130.309046, 33.462425], [130.309985, 33.462139], [130.31091, 33.462082], [130.311121, 33.461976], [130.311599, 33.461343], [130.312764, 33.461187], [130.313223, 33.460592], [130.31333, 33.460146], [130.313197, 33.459471], [130.313619, 33.459114], [130.313784, 33.458097], [130.313907, 33.457987], [130.314308, 33.458064], [130.315058, 33.458499], [130.315747, 33.458512], [130.316406, 33.458699], [130.317255, 33.458622], [130.319994, 33.458702], [130.320415, 33.458399], [130.321227, 33.458256], [130.321541, 33.458007], [130.322434, 33.45653], [130.322976, 33.456037], [130.324764, 33.455322], [130.325952, 33.455156], [130.326361, 33.454753], [130.327435, 33.454287], [130.328223, 33.453656], [130.330516, 33.452332], [130.331617, 33.451387], [130.334382, 33.450742], [130.334846, 33.450495], [130.335291, 33.44986], [130.335237, 33.449125], [130.335934, 33.448393], [130.336174, 33.447924], [130.336099, 33.446809], [130.336565, 33.446224], [130.336373, 33.445229], [130.336531, 33.445126], [130.337226, 33.445159], [130.337676, 33.444963], [130.338173, 33.444924], [130.33849, 33.444676], [130.33975, 33.444613], [130.340425, 33.444707], [130.340887, 33.445308], [130.341254, 33.445432], [130.341497, 33.445368], [130.341935, 33.444926], [130.342623, 33.444842], [130.343159, 33.444504], [130.344195, 33.444434], [130.344814, 33.444578], [130.345428, 33.445021], [130.346217, 33.443895], [130.346872, 33.443521], [130.347379, 33.442383], [130.348109, 33.441878], [130.348276, 33.441347], [130.349429, 33.440218], [130.349617, 33.439939], [130.349604, 33.439487], [130.349947, 33.439286], [130.351072, 33.439138], [130.351478, 33.438833], [130.352099, 33.437544], [130.352122, 33.436794], [130.35317, 33.436167], [130.353492, 33.435653], [130.353963, 33.435348], [130.354804, 33.433854], [130.355033, 33.43361], [130.355787, 33.43324], [130.356255, 33.433453], [130.356465, 33.434351], [130.356689, 33.434525], [130.357271, 33.434424], [130.358048, 33.433614], [130.358501, 33.433527], [130.358906, 33.433902], [130.359254, 33.433932], [130.359738, 33.433784], [130.359964, 33.434163], [130.360644, 33.434137], [130.362025, 33.434512], [130.362807, 33.434538], [130.363384, 33.434943], [130.364182, 33.434355], [130.364941, 33.434037], [130.367055, 33.434005], [130.367376, 33.434105], [130.368286, 33.434974], [130.368528, 33.436168], [130.368811, 33.436281], [130.370233, 33.434874], [130.370214, 33.433987], [130.370646, 33.433124], [130.371307, 33.432961], [130.371794, 33.432352], [130.37211, 33.432415], [130.372677, 33.431442], [130.375298, 33.430202], [130.376602, 33.428989], [130.376835, 33.427875], [130.377343, 33.427319], [130.377947, 33.427026], [130.377846, 33.425849], [130.378033, 33.425091], [130.378219, 33.424959], [130.379391, 33.425747], [130.380845, 33.425805], [130.382732, 33.426549], [130.383714, 33.427594], [130.384081, 33.427762], [130.386853, 33.428236], [130.387393, 33.428116], [130.388738, 33.42633], [130.38945, 33.426099], [130.391193, 33.426077], [130.393931, 33.426715], [130.395042, 33.426732], [130.395789, 33.426877], [130.396164, 33.427406], [130.395837, 33.427481], [130.39582, 33.427852], [130.396061, 33.428112], [130.396658, 33.428281], [130.397514, 33.430052], [130.397638, 33.430588], [130.397506, 33.430805], [130.396885, 33.430762], [130.396569, 33.430877], [130.39592, 33.431984], [130.396871, 33.432304], [130.397776, 33.432802], [130.397003, 33.433579], [130.396227, 33.434624], [130.396247, 33.435584], [130.395903, 33.436681], [130.395791, 33.437747], [130.395983, 33.439083], [130.395986, 33.440255], [130.396974, 33.440274], [130.397548, 33.440159], [130.398735, 33.438789], [130.399499, 33.438803], [130.40146, 33.438075], [130.402578, 33.43723], [130.403037, 33.437033], [130.403118, 33.438082], [130.404212, 33.438898], [130.404568, 33.440082], [130.404381, 33.440604], [130.403299, 33.441222], [130.402578, 33.441976], [130.402296, 33.443227], [130.402049, 33.443251], [130.400403, 33.442835], [130.400018, 33.44296], [130.399677, 33.443347], [130.399203, 33.444125], [130.39887, 33.44528], [130.399315, 33.447491], [130.39949, 33.447826], [130.399355, 33.448791], [130.398916, 33.449313], [130.398129, 33.449751], [130.396988, 33.449965], [130.396727, 33.450352], [130.396284, 33.450622], [130.395075, 33.450745], [130.394498, 33.451142], [130.393406, 33.45131], [130.391821, 33.452499], [130.390994, 33.452576], [130.390554, 33.452781], [130.389173, 33.453991], [130.38782, 33.454961], [130.387461, 33.455921], [130.387619, 33.456674], [130.387435, 33.45729], [130.386011, 33.458782], [130.386068, 33.459162], [130.38672, 33.460022], [130.386918, 33.460626], [130.386728, 33.460972], [130.386025, 33.461393], [130.385812, 33.462101], [130.386771, 33.464604], [130.387352, 33.465249], [130.388004, 33.46555], [130.388096, 33.466094], [130.387874, 33.466731], [130.386981, 33.46747], [130.385953, 33.468837], [130.385947, 33.470214], [130.38435, 33.472615], [130.384327, 33.473568], [130.384083, 33.474553], [130.383035, 33.475239], [130.382894, 33.475462], [130.382825, 33.476002], [130.383153, 33.476536], [130.382601, 33.47733], [130.3829, 33.477859], [130.382423, 33.478278], [130.382457, 33.479058], [130.382377, 33.479202], [130.38171, 33.479385], [130.381268, 33.480381], [130.381412, 33.482562], [130.381854, 33.484011], [130.381239, 33.485671], [130.381418, 33.48712], [130.380929, 33.488107], [130.381079, 33.488819], [130.380303, 33.489844], [130.379648, 33.492116], [130.37862, 33.493199], [130.3787, 33.493575], [130.379166, 33.49408], [130.379326, 33.494571], [130.37924, 33.495856], [130.378522, 33.496939], [130.378379, 33.497493], [130.378114, 33.497868], [130.376397, 33.499432], [130.375874, 33.500429], [130.37515, 33.500669], [130.374685, 33.501348], [130.373479, 33.501964], [130.373335, 33.502479], [130.372676, 33.503299], [130.37135, 33.50405], [130.371218, 33.504246], [130.371233, 33.504775], [130.371219, 33.505039], [130.37081, 33.5057], [130.369834, 33.506525], [130.369524, 33.507088], [130.369058, 33.5073], [130.368345, 33.507373], [130.367729, 33.507992], [130.367353, 33.509694], [130.3665, 33.51077], [130.36618, 33.510965], [130.365927, 33.511367], [130.365114, 33.511473], [130.364658, 33.512019], [130.365693, 33.513007], [130.365983, 33.513849], [130.36525, 33.516638], [130.365354, 33.517689], [130.365736, 33.519104], [130.366646, 33.519584], [130.366779, 33.51984], [130.366646, 33.520203], [130.366533, 33.522752], [130.365326, 33.524565], [130.364294, 33.525044], [130.364094, 33.525301], [130.363974, 33.526975], [130.364131, 33.528112], [130.363564, 33.529022], [130.364244, 33.530422], [130.364037, 33.531548], [130.364443, 33.53238], [130.364337, 33.532692], [130.363801, 33.532959], [130.362974, 33.532948], [130.362381, 33.53316], [130.362025, 33.533858], [130.361572, 33.534114], [130.360599, 33.534159], [130.359913, 33.534416], [130.359763, 33.534672], [130.35975, 33.535146], [130.360089, 33.535839], [130.359417, 33.536424], [130.359052, 33.536596], [130.358173, 33.536688], [130.357956, 33.536922], [130.358006, 33.537092], [130.358416, 33.537131], [130.358543, 33.537263], [130.359536, 33.537252], [130.359617, 33.537354], [130.359056, 33.537704], [130.358272, 33.538586], [130.357463, 33.538943], [130.356906, 33.539611], [130.356146, 33.541258], [130.356061, 33.542204], [130.356196, 33.543095], [130.355808, 33.543174], [130.354233, 33.542693], [130.353711, 33.542701], [130.352377, 33.543284], [130.350069, 33.543584], [130.350037, 33.544076], [130.349684, 33.544157], [130.349341, 33.544656], [130.34892, 33.54471], [130.348484, 33.545807], [130.348745, 33.545914], [130.348949, 33.546274], [130.349473, 33.546726], [130.349658, 33.547684], [130.349269, 33.547912], [130.349296, 33.548322], [130.348909, 33.548361], [130.348907, 33.549081], [130.348133, 33.549027], [130.35112, 33.555791], [130.35366, 33.556119], [130.354082, 33.556909], [130.355151, 33.557179], [130.355447, 33.557882], [130.356396, 33.560801], [130.356852, 33.564242], [130.356722, 33.564406], [130.355856, 33.564536], [130.35466, 33.564358], [130.355451, 33.566148], [130.355993, 33.568054], [130.357859, 33.572594], [130.35846, 33.575007], [130.362629, 33.57523], [130.36522, 33.58063], [130.36545, 33.581247], [130.365392, 33.58164], [130.364537, 33.583363], [130.363108, 33.585593], [130.36098, 33.588326], [130.35615, 33.597256], [130.35538, 33.59699], [130.355677, 33.596484], [130.354148, 33.595403], [130.353084, 33.59515], [130.35138, 33.595313], [130.351151, 33.595243], [130.351592, 33.595615], [130.350961, 33.59601], [130.350424, 33.595425], [130.350657, 33.595282], [130.350776, 33.595388], [130.35101, 33.595166], [130.348558, 33.59469], [130.347767, 33.594741], [130.346659, 33.595186], [130.346238, 33.595485], [130.346351, 33.596117], [130.343115, 33.5968]]]}}, {"type": "Feature", "properties": {"pref_code": "40", "pref_name": "福岡県", "municipality_code": "40202", "municipality_name": "大牟田市", "ward_name": "", "display_name": "大牟田市", "geometry_key": "40202"}, "geometry": {"type": "MultiPolygon", "coordinates": [[[[130.542453, 33.081735], [130.542092, 33.083911], [130.54218, 33.085036], [130.541836, 33.085275], [130.541509, 33.086037], [130.541279, 33.086267], [130.540749, 33.086055], [130.539916, 33.087164], [130.538869, 33.089658], [130.539044, 33.090618], [130.536338, 33.090501], [130.53594, 33.090664], [130.535549, 33.090509], [130.535394, 33.090124], [130.535534, 33.089487], [130.535335, 33.088844], [130.534885, 33.088192], [130.534066, 33.087719], [130.533804, 33.08743], [130.533786, 33.086961], [130.534033, 33.086676], [130.534082, 33.086259], [130.533916, 33.085752], [130.533402, 33.085444], [130.532386, 33.085382], [130.532112, 33.084476], [130.531688, 33.084497], [130.531088, 33.083876], [130.529386, 33.083695], [130.529163, 33.08346], [130.528627, 33.083332], [130.528229, 33.083022], [130.527538, 33.083177], [130.526253, 33.08274], [130.525675, 33.082769], [130.525197, 33.08261], [130.522521, 33.083], [130.522159, 33.083921], [130.520729, 33.085445], [130.52049, 33.086109], [130.519653, 33.087058], [130.520228, 33.08842], [130.520191, 33.088975], [130.519933, 33.089626], [130.520398, 33.091077], [130.519121, 33.092031], [130.518265, 33.093001], [130.518368, 33.093697], [130.517866, 33.094222], [130.517837, 33.094969], [130.517542, 33.095798], [130.517151, 33.096376], [130.516716, 33.096612], [130.515129, 33.097071], [130.514185, 33.097789], [130.513609, 33.098078], [130.512348, 33.098263], [130.511521, 33.098581], [130.509691, 33.098566], [130.508304, 33.098278], [130.507839, 33.098019], [130.507699, 33.097493], [130.507286, 33.096827], [130.507257, 33.095606], [130.506696, 33.095199], [130.50587, 33.094874], [130.506231, 33.093016], [130.506792, 33.09198], [130.505361, 33.091329], [130.503774, 33.0909], [130.503302, 33.090929], [130.502948, 33.090685], [130.501317, 33.090345], [130.500565, 33.090071], [130.499915, 33.090123], [130.497579, 33.089769], [130.497127, 33.090034], [130.495759, 33.090005], [130.495542, 33.089413], [130.494829, 33.088373], [130.49299, 33.087235], [130.491298, 33.086574], [130.490156, 33.086442], [130.488715, 33.08582], [130.487944, 33.085856], [130.487176, 33.085567], [130.486871, 33.085616], [130.486179, 33.085251], [130.48488, 33.085294], [130.483483, 33.085018], [130.482955, 33.085067], [130.482765, 33.085215], [130.482627, 33.085623], [130.482004, 33.085936], [130.481715, 33.08619], [130.481472, 33.086676], [130.481183, 33.086854], [130.479933, 33.087284], [130.479207, 33.087038], [130.478155, 33.086909], [130.477807, 33.087313], [130.477058, 33.087706], [130.476586, 33.087603], [130.476166, 33.087674], [130.475382, 33.088764], [130.474606, 33.088655], [130.473508, 33.088041], [130.473099, 33.087967], [130.472601, 33.088348], [130.472365, 33.088939], [130.471801, 33.089074], [130.471167, 33.088968], [130.470718, 33.088581], [130.469908, 33.088302], [130.468467, 33.088211], [130.466364, 33.087605], [130.465768, 33.087643], [130.46571, 33.087846], [130.465404, 33.087987], [130.464997, 33.088592], [130.464485, 33.088996], [130.463588, 33.089183], [130.462391, 33.088836], [130.461482, 33.089099], [130.461007, 33.088879], [130.459869, 33.088953], [130.459564, 33.088572], [130.459132, 33.088466], [130.458386, 33.088815], [130.457714, 33.088973], [130.457584, 33.088686], [130.456806, 33.088701], [130.455812, 33.088331], [130.455434, 33.088417], [130.454767, 33.087981], [130.453763, 33.087952], [130.452513, 33.087742], [130.451723, 33.087679], [130.449593, 33.087889], [130.449769, 33.087516], [130.449853, 33.086172], [130.45075, 33.085488], [130.448915, 33.083909], [130.447616, 33.081169], [130.446544, 33.080504], [130.444745, 33.078804], [130.443767, 33.07816], [130.44059, 33.076489], [130.439147, 33.075939], [130.437477, 33.076078], [130.435851, 33.075513], [130.433884, 33.075468], [130.432638, 33.075039], [130.431735, 33.075092], [130.431103, 33.07526], [130.430041, 33.075756], [130.429426, 33.075677], [130.428264, 33.07529], [130.426199, 33.073892], [130.419318, 33.071949], [130.418547, 33.07179], [130.418394, 33.072088], [130.417476, 33.07181], [130.425232, 33.052754], [130.423848, 33.0521], [130.423226, 33.052072], [130.422951, 33.051948], [130.422456, 33.051159], [130.422196, 33.04541], [130.42148, 33.043397], [130.419266, 33.03598], [130.420042, 33.03452], [130.420136, 33.034097], [130.423093, 33.029532], [130.408605, 33.017886], [130.407862, 33.017215], [130.407588, 33.016584], [130.409856, 33.01218], [130.408284, 33.010211], [130.409501, 33.010716], [130.410351, 33.012492], [130.410036, 33.013134], [130.414311, 33.016657], [130.414946, 33.016579], [130.41526, 33.016263], [130.415949, 33.014854], [130.415675, 33.014718], [130.415829, 33.014352], [130.415989, 33.014037], [130.416331, 33.014104], [130.416692, 33.013298], [130.419454, 33.014256], [130.419568, 33.014273], [130.419675, 33.014059], [130.419548, 33.013986], [130.419642, 33.013777], [130.42011, 33.013924], [130.419996, 33.014166], [130.419742, 33.014065], [130.419608, 33.014296], [130.420163, 33.014493], [130.422344, 33.016511], [130.423461, 33.016444], [130.423843, 33.016088], [130.423595, 33.011923], [130.422973, 33.011709], [130.422404, 33.012086], [130.422371, 33.012385], [130.421695, 33.012887], [130.421468, 33.012763], [130.420806, 33.013264], [130.420464, 33.013141], [130.420204, 33.01318], [130.420103, 33.013371], [130.420317, 33.013524], [130.42019, 33.013698], [130.419776, 33.013501], [130.419869, 33.013304], [130.42005, 33.013326], [130.420103, 33.013124], [130.417334, 33.012081], [130.419413, 33.007797], [130.419247, 33.007588], [130.418358, 33.007498], [130.412939, 33.007859], [130.411896, 33.008332], [130.411033, 33.009093], [130.410137, 33.009352], [130.409602, 33.009302], [130.396351, 33.004437], [130.395876, 33.004037], [130.395622, 33.003552], [130.395494, 33.002267], [130.395488, 33.002019], [130.395795, 33.001405], [130.396664, 32.999967], [130.412899, 33.003704], [130.413147, 33.003823], [130.41302, 33.004449], [130.413234, 33.004567], [130.414041, 33.002284], [130.417625, 33.00335], [130.424437, 33.005086], [130.426983, 33.005366], [130.428136, 33.005361], [130.436249, 33.005062], [130.436976, 33.004802], [130.441643, 33.003732], [130.441976, 33.003219], [130.442298, 33.003077], [130.444871, 33.00247], [130.445173, 33.00249], [130.446368, 33.003016], [130.447524, 33.00307], [130.447813, 33.003009], [130.448532, 33.002538], [130.449701, 33.003151], [130.450657, 33.003896], [130.451008, 33.003696], [130.452302, 33.003505], [130.454632, 33.003691], [130.455164, 33.003902], [130.455989, 33.003995], [130.457029, 33.003642], [130.459598, 33.003515], [130.460637, 33.003076], [130.461215, 33.003056], [130.461692, 33.003177], [130.462041, 33.002719], [130.464769, 33.002678], [130.465615, 33.002975], [130.468161, 33.002746], [130.468416, 33.002874], [130.468839, 33.002874], [130.469142, 33.00278], [130.469296, 33.002591], [130.471493, 33.002221], [130.472474, 33.001695], [130.473152, 33.001601], [130.473979, 33.002025], [130.47459, 33.001439], [130.475611, 33.001614], [130.476296, 33.001937], [130.477264, 33.001708], [130.477613, 33.002584], [130.478674, 33.003069], [130.479228, 33.00348], [130.479528, 33.00348], [130.480402, 33.003351], [130.481066, 33.003056], [130.482033, 33.002935], [130.483041, 33.002436], [130.484183, 33.001533], [130.484411, 33.001856], [130.485164, 33.001937], [130.486024, 33.002436], [130.487125, 33.002436], [130.489181, 33.002961], [130.490188, 33.002921], [130.490927, 33.003029], [130.492497, 33.003823], [130.493862, 33.00431], [130.494214, 33.004076], [130.494343, 33.003709], [130.494542, 33.003694], [130.494452, 33.004233], [130.494618, 33.004343], [130.494851, 33.004353], [130.495251, 33.00399], [130.496026, 33.003928], [130.496218, 33.004026], [130.49555, 33.004994], [130.496961, 33.005713], [130.498303, 33.006089], [130.499103, 33.00656], [130.499554, 33.00656], [130.500272, 33.006357], [130.502747, 33.005212], [130.504201, 33.004751], [130.504587, 33.004381], [130.504744, 33.004058], [130.504698, 33.003809], [130.504988, 33.003351], [130.505624, 33.002789], [130.505946, 33.002675], [130.507062, 33.003892], [130.506749, 33.006052], [130.507336, 33.006405], [130.507917, 33.006409], [130.508189, 33.006557], [130.508589, 33.007304], [130.509049, 33.007511], [130.509785, 33.007326], [130.510337, 33.007344], [130.510936, 33.007147], [130.512209, 33.007286], [130.512573, 33.007575], [130.512297, 33.008526], [130.51237, 33.008923], [130.513797, 33.009892], [130.513971, 33.011341], [130.514303, 33.011811], [130.515149, 33.011802], [130.51587, 33.01202], [130.515793, 33.014018], [130.515508, 33.014452], [130.514449, 33.014931], [130.513557, 33.016159], [130.512903, 33.016769], [130.513161, 33.018319], [130.513014, 33.019306], [130.512277, 33.020654], [130.512286, 33.021642], [130.512065, 33.022057], [130.510952, 33.023137], [130.509756, 33.02322], [130.508983, 33.02346], [130.507778, 33.023387], [130.507557, 33.025048], [130.506848, 33.025537], [130.505578, 33.026073], [130.50555, 33.02634], [130.505173, 33.026755], [130.504695, 33.027023], [130.504621, 33.027568], [130.504961, 33.028361], [130.504345, 33.02982], [130.504281, 33.030337], [130.504566, 33.031269], [130.504538, 33.031675], [130.503903, 33.032432], [130.503737, 33.033097], [130.503848, 33.034629], [130.504298, 33.035801], [130.504473, 33.036789], [130.503709, 33.037453], [130.503452, 33.038478], [130.503249, 33.038773], [130.502044, 33.039521], [130.501648, 33.039908], [130.501308, 33.040803], [130.500801, 33.041588], [130.50036, 33.0418], [130.500038, 33.042289], [130.499513, 33.042585], [130.498289, 33.043618], [130.496986, 33.046585], [130.496719, 33.046996], [130.495035, 33.048675], [130.494902, 33.04898], [130.495188, 33.049572], [130.495729, 33.050116], [130.496728, 33.051757], [130.497042, 33.052054], [130.501065, 33.054646], [130.502468, 33.055331], [130.503883, 33.055833], [130.504076, 33.056205], [130.504057, 33.058026], [130.504683, 33.058201], [130.505008, 33.058703], [130.50609, 33.058856], [130.513555, 33.061746], [130.513931, 33.062379], [130.514187, 33.063609], [130.514883, 33.064211], [130.516524, 33.064569], [130.516544, 33.065326], [130.516873, 33.065566], [130.518825, 33.06559], [130.519908, 33.065811], [130.522175, 33.065922], [130.522791, 33.066129], [130.523728, 33.065944], [130.525293, 33.066721], [130.526314, 33.066462], [130.526636, 33.066111], [130.527381, 33.065696], [130.529286, 33.065355], [130.529966, 33.064478], [130.53081, 33.064215], [130.531089, 33.063933], [130.531439, 33.06397], [130.531476, 33.064718], [130.532248, 33.065502], [130.532192, 33.066275], [130.532341, 33.066896], [130.532202, 33.067271], [130.53142, 33.066818], [130.531236, 33.066929], [130.532009, 33.067907], [130.532211, 33.068019], [130.532478, 33.067898], [130.532874, 33.067942], [130.533591, 33.068737], [130.533169, 33.069744], [130.532544, 33.069758], [130.532634, 33.07003], [130.532948, 33.069963], [130.53322, 33.070073], [130.533435, 33.071341], [130.533656, 33.071729], [130.533693, 33.07316], [130.534716, 33.073897], [130.535313, 33.073769], [130.535474, 33.074044], [130.535596, 33.074794], [130.535516, 33.07504], [130.535878, 33.076077], [130.535193, 33.076326], [130.535368, 33.078051], [130.535598, 33.078337], [130.536122, 33.078494], [130.536858, 33.079288], [130.537346, 33.079519], [130.539518, 33.079593], [130.539973, 33.079753], [130.540213, 33.080135], [130.540392, 33.080848], [130.541366, 33.082011], [130.542026, 33.082052], [130.542091, 33.081415], [130.542453, 33.081735]]], [[[130.403819, 33.053144], [130.404206, 33.052711], [130.404778, 33.052667], [130.40509, 33.052891], [130.405154, 33.053489], [130.404673, 33.053778], [130.404208, 33.053765], [130.403861, 33.05352], [130.403819, 33.053144]]], [[[130.353631, 33.039357], [130.353714, 33.039154], [130.354063, 33.038921], [130.354532, 33.03911], [130.35464, 33.039462], [130.354342, 33.039772], [130.354094, 33.03978], [130.353847, 33.039709], [130.353631, 33.039357]]]]}}, {"type": "Feature", "properties": {"pref_code": "40", "pref_name": "福岡県", "municipality_code": "40203", "municipality_name": "久留米市", "ward_name": "", "display_name": "久留米市", "geometry_key": "40203"}, "geometry": {"type": "Polygon", "coordinates": [[[130.7227, 33.360884], [130.719672, 33.360884], [130.719676, 33.359218], [130.714179, 33.359317], [130.714096, 33.360156], [130.709684, 33.360177], [130.709264, 33.360122], [130.709106, 33.359946], [130.707709, 33.360188], [130.707275, 33.360442], [130.706979, 33.360806], [130.70548, 33.364148], [130.702945, 33.363619], [130.702028, 33.362879], [130.701371, 33.362769], [130.700178, 33.362086], [130.698409, 33.361788], [130.697988, 33.361799], [130.697193, 33.362052], [130.696612, 33.36247], [130.6842, 33.362792], [130.683878, 33.36182], [130.679649, 33.361623], [130.672966, 33.361561], [130.666794, 33.362192], [130.659589, 33.362006], [130.652496, 33.362886], [130.65059, 33.362846], [130.64589, 33.361261], [130.641304, 33.359141], [130.631333, 33.35284], [130.629275, 33.355367], [130.629191, 33.355946], [130.629506, 33.355989], [130.629352, 33.356962], [130.628714, 33.356913], [130.6286, 33.357769], [130.628468, 33.357738], [130.627587, 33.359844], [130.628446, 33.360122], [130.62831, 33.361144], [130.628075, 33.361556], [130.627425, 33.362203], [130.628372, 33.362412], [130.628431, 33.362203], [130.629044, 33.36224], [130.6314, 33.362714], [130.631474, 33.362529], [130.632248, 33.362696], [130.632417, 33.362492], [130.632927, 33.363256], [130.632458, 33.363318], [130.632436, 33.363841], [130.632105, 33.363872], [130.632094, 33.364131], [130.631543, 33.364469], [130.629668, 33.365017], [130.630464, 33.366083], [130.629605, 33.366175], [130.6294, 33.366871], [130.627561, 33.366668], [130.627245, 33.367296], [130.626864, 33.367172], [130.626621, 33.367481], [130.625656, 33.367339], [130.625472, 33.367702], [130.62443, 33.36769], [130.624133, 33.367917], [130.624194, 33.368116], [130.623623, 33.368398], [130.62234, 33.367563], [130.615332, 33.367426], [130.6153, 33.36663], [130.612308, 33.366634], [130.61174, 33.366503], [130.611745, 33.365585], [130.609116, 33.365578], [130.608318, 33.365761], [130.607028, 33.365764], [130.607419, 33.364575], [130.605378, 33.364577], [130.604941, 33.364013], [130.603953, 33.363438], [130.603817, 33.363612], [130.603791, 33.365436], [130.602639, 33.365405], [130.602629, 33.366564], [130.603697, 33.366686], [130.605313, 33.366573], [130.605886, 33.36666], [130.606024, 33.367445], [130.587147, 33.367092], [130.584825, 33.367164], [130.578431, 33.367072], [130.577841, 33.366355], [130.577414, 33.364672], [130.578055, 33.364687], [130.578181, 33.363274], [130.578452, 33.363008], [130.578454, 33.362666], [130.578184, 33.362695], [130.577873, 33.362469], [130.578031, 33.361424], [130.578364, 33.361279], [130.578416, 33.360643], [130.577946, 33.360096], [130.573658, 33.356631], [130.574078, 33.356225], [130.573889, 33.355727], [130.573945, 33.354911], [130.573693, 33.35462], [130.573423, 33.354541], [130.572236, 33.354591], [130.571737, 33.354274], [130.57129, 33.354396], [130.571024, 33.35455], [130.570884, 33.355442], [130.570654, 33.355418], [130.570642, 33.355215], [130.57017, 33.355215], [130.570129, 33.354417], [130.569851, 33.354417], [130.569828, 33.35521], [130.562334, 33.355207], [130.562334, 33.354707], [130.562216, 33.354702], [130.562762, 33.353388], [130.558804, 33.353232], [130.558852, 33.35241], [130.557848, 33.352316], [130.557904, 33.351422], [130.557119, 33.351387], [130.557149, 33.350551], [130.554959, 33.350466], [130.554923, 33.350966], [130.55361, 33.350266], [130.553775, 33.350077], [130.55379, 33.349297], [130.552356, 33.349228], [130.552108, 33.349431], [130.550222, 33.348384], [130.550464, 33.348027], [130.550145, 33.347864], [130.55034, 33.345423], [130.546129, 33.345237], [130.546043, 33.346787], [130.545211, 33.346517], [130.545057, 33.34624], [130.541973, 33.346232], [130.54133, 33.346019], [130.540793, 33.345673], [130.53777, 33.341399], [130.537339, 33.341563], [130.537481, 33.342117], [130.537811, 33.342048], [130.537829, 33.342306], [130.537029, 33.342734], [130.535979, 33.342962], [130.534837, 33.343411], [130.533908, 33.344073], [130.533719, 33.344376], [130.533814, 33.345917], [130.532803, 33.346131], [130.531915, 33.344607], [130.529963, 33.342487], [130.526801, 33.340215], [130.52609, 33.340108], [130.521138, 33.340325], [130.519551, 33.34049], [130.518663, 33.340718], [130.514953, 33.343093], [130.513436, 33.343772], [130.512096, 33.344062], [130.510822, 33.343945], [130.508837, 33.343293], [130.507981, 33.342797], [130.507328, 33.342048], [130.506744, 33.341159], [130.506329, 33.339893], [130.506135, 33.337656], [130.50618, 33.334408], [130.505497, 33.330687], [130.505154, 33.330182], [130.501955, 33.327229], [130.499456, 33.325576], [130.497921, 33.325917], [130.49747, 33.326169], [130.497086, 33.326112], [130.496659, 33.326414], [130.496113, 33.326471], [130.494498, 33.327666], [130.490355, 33.32967], [130.48976, 33.330129], [130.48871, 33.331654], [130.488264, 33.332077], [130.487881, 33.332391], [130.487051, 33.332709], [130.485814, 33.332717], [130.484443, 33.332982], [130.484098, 33.332918], [130.482376, 33.332318], [130.481484, 33.33161], [130.479946, 33.330873], [130.478727, 33.329569], [130.478119, 33.329171], [130.477994, 33.328776], [130.477346, 33.327943], [130.476896, 33.32651], [130.476992, 33.326003], [130.478162, 33.324426], [130.479892, 33.322626], [130.482472, 33.320847], [130.484533, 33.320211], [130.484898, 33.319914], [130.48706, 33.319821], [130.487511, 33.319708], [130.488249, 33.318718], [130.489337, 33.317652], [130.489496, 33.316722], [130.489395, 33.315929], [130.488196, 33.31411], [130.487021, 33.311795], [130.484901, 33.306217], [130.484412, 33.305556], [130.484091, 33.305351], [130.483583, 33.305134], [130.481602, 33.304671], [130.478256, 33.304341], [130.473845, 33.304429], [130.470427, 33.304659], [130.470302, 33.304007], [130.469094, 33.304103], [130.469166, 33.304695], [130.468725, 33.304735], [130.466711, 33.304751], [130.461667, 33.304421], [130.459428, 33.303869], [130.458018, 33.303274], [130.456968, 33.302537], [130.456024, 33.301422], [130.455281, 33.300122], [130.454763, 33.297796], [130.454844, 33.295779], [130.455367, 33.294697], [130.456235, 33.293791], [130.457424, 33.293236], [130.464894, 33.290877], [130.466227, 33.29033], [130.467454, 33.289074], [130.46801, 33.287778], [130.467977, 33.287283], [130.467607, 33.286305], [130.46626, 33.285351], [130.461231, 33.283793], [130.458282, 33.283008], [130.456652, 33.283217], [130.454811, 33.283612], [130.453381, 33.283209], [130.452955, 33.282948], [130.451684, 33.28139], [130.448726, 33.278407], [130.448155, 33.277051], [130.447987, 33.275864], [130.44804, 33.275312], [130.449129, 33.272801], [130.450358, 33.270595], [130.450864, 33.269078], [130.450883, 33.266937], [130.450739, 33.266357], [130.450207, 33.265411], [130.448087, 33.264349], [130.446462, 33.263853], [130.445867, 33.263749], [130.443829, 33.263753], [130.442458, 33.264027], [130.440416, 33.264992], [130.439083, 33.265837], [130.43623, 33.269794], [130.435789, 33.271967], [130.435803, 33.273227], [130.43542, 33.273444], [130.435084, 33.275883], [130.435094, 33.278765], [130.435473, 33.280355], [130.435928, 33.281301], [130.436322, 33.281438], [130.436714, 33.281293], [130.436964, 33.28139], [130.437765, 33.283108], [130.437817, 33.284127], [130.437266, 33.285048], [130.437209, 33.285418], [130.437981, 33.286847], [130.43846, 33.28923], [130.437837, 33.289319], [130.43741, 33.289983], [130.436043, 33.29113], [130.435257, 33.291452], [130.43378, 33.29245], [130.433473, 33.292482], [130.431359, 33.292414], [130.430553, 33.292164], [130.428937, 33.291282], [130.427931, 33.290912], [130.427043, 33.290344], [130.426636, 33.289423], [130.426986, 33.287954], [130.427365, 33.287483], [130.427969, 33.287201], [130.427959, 33.286751], [130.429115, 33.286682], [130.429566, 33.286505], [130.429872, 33.286223], [130.430203, 33.285551], [130.430347, 33.285028], [130.430529, 33.281736], [130.430946, 33.280532], [130.430779, 33.279989], [130.430395, 33.279642], [130.429585, 33.277167], [130.4298, 33.275328], [130.429565, 33.274012], [130.429196, 33.27342], [130.428088, 33.272547], [130.42817, 33.271697], [130.426324, 33.270614], [130.424593, 33.271834], [130.424296, 33.271721], [130.423241, 33.271939], [130.420843, 33.27185], [130.420037, 33.271464], [130.418824, 33.270462], [130.417683, 33.268852], [130.417462, 33.268344], [130.417059, 33.26725], [130.41716, 33.265869], [130.417328, 33.265366], [130.418081, 33.264533], [130.417975, 33.264018], [130.418301, 33.263149], [130.419442, 33.261909], [130.419438, 33.261414], [130.417073, 33.255839], [130.416517, 33.254761], [130.41542, 33.253248], [130.413388, 33.251331], [130.411351, 33.250154], [130.410485, 33.249814], [130.407694, 33.24922], [130.402096, 33.248651], [130.401859, 33.249912], [130.401886, 33.250416], [130.401304, 33.251633], [130.401016, 33.25295], [130.401185, 33.255101], [130.401444, 33.255181], [130.401336, 33.256821], [130.400785, 33.258081], [130.399731, 33.259353], [130.397679, 33.26021], [130.396317, 33.260318], [130.395006, 33.260667], [130.394313, 33.260661], [130.393943, 33.260532], [130.393552, 33.259939], [130.393092, 33.259947], [130.392459, 33.260236], [130.39198, 33.260228], [130.390056, 33.259057], [130.389164, 33.257841], [130.388966, 33.257119], [130.38885, 33.25538], [130.389219, 33.253818], [130.390704, 33.251322], [130.391036, 33.250167], [130.391021, 33.248731], [130.390528, 33.246101], [130.390254, 33.245214], [130.385205, 33.240461], [130.387139, 33.239324], [130.39163, 33.238547], [130.391539, 33.238018], [130.391729, 33.238001], [130.391668, 33.237243], [130.393394, 33.237148], [130.393159, 33.234157], [130.394763, 33.234061], [130.394739, 33.233268], [130.395751, 33.233233], [130.395685, 33.232152], [130.396888, 33.232083], [130.396908, 33.231905], [130.399218, 33.231737], [130.399142, 33.230762], [130.401244, 33.230649], [130.40123, 33.229734], [130.402847, 33.229793], [130.403972, 33.229608], [130.404015, 33.229966], [130.405557, 33.22992], [130.40562, 33.230986], [130.406955, 33.230969], [130.407022, 33.231916], [130.409916, 33.231857], [130.410048, 33.232673], [130.410777, 33.232652], [130.410786, 33.232486], [130.411828, 33.232491], [130.412004, 33.235209], [130.414981, 33.235049], [130.4149, 33.232435], [130.414745, 33.23242], [130.414697, 33.230757], [130.414373, 33.230728], [130.41427, 33.228555], [130.4143, 33.22841], [130.415201, 33.227908], [130.41498, 33.227386], [130.414574, 33.227446], [130.414462, 33.227253], [130.413179, 33.227444], [130.41316, 33.227069], [130.413537, 33.226974], [130.413474, 33.226697], [130.413124, 33.226762], [130.412168, 33.226271], [130.412094, 33.225412], [130.412374, 33.225245], [130.412389, 33.22472], [130.413361, 33.224832], [130.414343, 33.225144], [130.414644, 33.225072], [130.414874, 33.224724], [130.415176, 33.224595], [130.415517, 33.224582], [130.415701, 33.224825], [130.416259, 33.224684], [130.416473, 33.225161], [130.416398, 33.226073], [130.416724, 33.226093], [130.417476, 33.225502], [130.418075, 33.225409], [130.419058, 33.226407], [130.419577, 33.226625], [130.420472, 33.226322], [130.421225, 33.225742], [130.420659, 33.224897], [130.421329, 33.224529], [130.421397, 33.223989], [130.421573, 33.223974], [130.421763, 33.224274], [130.422487, 33.224139], [130.422834, 33.224525], [130.422647, 33.224843], [130.42296, 33.225553], [130.424136, 33.225494], [130.424638, 33.225311], [130.424653, 33.226219], [130.424816, 33.226695], [130.424672, 33.227011], [130.424717, 33.227642], [130.424173, 33.227827], [130.42438, 33.22824], [130.42515, 33.228867], [130.426003, 33.229301], [130.426457, 33.230111], [130.427675, 33.230219], [130.427876, 33.229957], [130.428145, 33.229884], [130.428815, 33.230784], [130.42997, 33.230619], [130.429932, 33.230301], [130.432816, 33.229874], [130.434273, 33.229486], [130.437511, 33.228916], [130.437643, 33.230232], [130.436592, 33.23032], [130.435621, 33.231612], [130.435347, 33.232852], [130.435366, 33.233029], [130.435706, 33.233311], [130.435628, 33.234644], [130.435876, 33.235079], [130.435462, 33.235144], [130.435336, 33.236892], [130.435682, 33.236907], [130.435974, 33.237073], [130.441998, 33.23717], [130.441938, 33.238741], [130.442128, 33.239004], [130.441956, 33.240381], [130.44209, 33.240383], [130.442063, 33.241502], [130.441553, 33.241567], [130.441236, 33.24236], [130.4412, 33.242516], [130.441476, 33.242591], [130.441296, 33.243435], [130.441575, 33.244236], [130.443082, 33.24455], [130.44388, 33.245212], [130.444495, 33.244803], [130.444813, 33.243807], [130.445004, 33.243735], [130.445838, 33.243817], [130.446345, 33.243441], [130.446369, 33.242809], [130.446596, 33.242695], [130.447144, 33.242762], [130.448445, 33.241911], [130.448588, 33.241771], [130.448607, 33.241244], [130.449148, 33.240795], [130.449538, 33.240762], [130.450753, 33.241203], [130.451287, 33.240918], [130.452081, 33.240763], [130.45237, 33.240474], [130.452344, 33.240031], [130.452468, 33.239884], [130.455171, 33.238571], [130.455701, 33.237759], [130.455847, 33.237103], [130.457254, 33.237307], [130.457616, 33.237255], [130.457913, 33.23704], [130.457997, 33.236591], [130.457838, 33.235626], [130.458394, 33.234383], [130.458506, 33.233499], [130.458366, 33.230951], [130.458507, 33.229867], [130.459183, 33.228647], [130.46049, 33.227041], [130.460865, 33.226114], [130.461518, 33.226025], [130.461488, 33.225644], [130.461017, 33.225736], [130.46122, 33.224257], [130.461558, 33.224197], [130.461695, 33.224014], [130.463701, 33.224106], [130.463702, 33.224286], [130.465036, 33.224447], [130.46519, 33.224676], [130.465743, 33.224766], [130.466059, 33.225709], [130.466133, 33.227027], [130.465294, 33.227079], [130.465353, 33.22775], [130.466183, 33.227704], [130.466206, 33.227935], [130.465771, 33.227951], [130.465813, 33.228091], [130.469284, 33.228103], [130.469445, 33.228501], [130.469345, 33.228931], [130.469786, 33.23061], [130.470089, 33.230602], [130.470235, 33.230877], [130.471196, 33.230791], [130.472178, 33.233536], [130.473553, 33.233257], [130.473505, 33.233091], [130.474854, 33.232566], [130.47515, 33.23401], [130.475693, 33.234558], [130.475657, 33.234755], [130.475217, 33.234703], [130.475208, 33.23592], [130.476163, 33.236085], [130.476499, 33.238365], [130.475307, 33.238965], [130.475471, 33.239995], [130.47345, 33.240241], [130.473697, 33.241644], [130.476616, 33.241267], [130.476819, 33.242072], [130.478489, 33.241796], [130.478319, 33.240763], [130.479017, 33.240697], [130.479507, 33.24078], [130.47981, 33.240549], [130.480059, 33.240523], [130.480469, 33.240131], [130.480916, 33.239961], [130.481148, 33.240049], [130.481605, 33.239897], [130.481532, 33.239662], [130.482087, 33.239473], [130.482049, 33.239877], [130.481277, 33.240389], [130.481779, 33.240391], [130.481456, 33.240633], [130.481537, 33.240739], [130.482355, 33.240681], [130.482429, 33.24045], [130.482742, 33.240451], [130.483264, 33.239975], [130.483503, 33.239993], [130.483476, 33.240957], [130.483814, 33.240851], [130.48389, 33.240385], [130.484656, 33.24048], [130.484896, 33.240443], [130.485023, 33.240219], [130.485689, 33.240522], [130.486013, 33.240904], [130.486486, 33.240751], [130.486799, 33.240956], [130.487352, 33.242553], [130.487314, 33.243679], [130.489234, 33.243749], [130.490089, 33.243888], [130.491364, 33.243812], [130.492061, 33.244007], [130.492169, 33.243763], [130.492589, 33.243882], [130.492872, 33.243264], [130.495508, 33.243929], [130.495737, 33.243328], [130.497041, 33.243668], [130.496725, 33.244321], [130.496826, 33.244902], [130.497317, 33.245107], [130.49767, 33.245069], [130.498133, 33.245226], [130.500455, 33.246544], [130.500644, 33.246775], [130.500723, 33.247617], [130.500845, 33.247733], [130.501401, 33.247654], [130.50156, 33.247239], [130.502037, 33.246873], [130.501475, 33.246501], [130.501493, 33.245579], [130.502495, 33.245775], [130.503246, 33.245073], [130.50335, 33.245152], [130.503094, 33.245696], [130.503698, 33.245702], [130.503918, 33.245384], [130.503863, 33.245073], [130.50511, 33.244682], [130.505611, 33.245292], [130.505769, 33.246073], [130.507201, 33.247883], [130.508207, 33.247042], [130.50833, 33.246961], [130.50842, 33.247059], [130.508511, 33.248347], [130.50926, 33.250947], [130.509133, 33.252389], [130.509513, 33.255134], [130.510084, 33.254906], [130.510308, 33.254284], [130.510911, 33.253904], [130.512052, 33.253553], [130.512028, 33.254334], [130.513305, 33.254052], [130.513346, 33.254254], [130.511945, 33.254609], [130.512103, 33.254873], [130.511474, 33.255124], [130.511809, 33.255439], [130.511435, 33.255724], [130.512133, 33.256349], [130.511771, 33.256616], [130.512551, 33.257259], [130.512906, 33.256956], [130.513028, 33.257055], [130.513269, 33.256859], [130.512967, 33.256591], [130.5135, 33.256171], [130.51386, 33.256508], [130.51402, 33.257617], [130.513969, 33.257696], [130.513739, 33.257649], [130.513648, 33.257151], [130.513347, 33.256947], [130.513164, 33.257092], [130.513279, 33.257189], [130.513191, 33.257363], [130.511581, 33.258532], [130.511439, 33.258951], [130.510744, 33.259334], [130.510289, 33.259351], [130.510058, 33.259109], [130.510131, 33.259675], [130.510644, 33.259814], [130.510696, 33.260204], [130.510452, 33.260486], [130.51051, 33.260634], [130.511826, 33.259638], [130.512013, 33.259726], [130.511097, 33.260457], [130.51161, 33.260728], [130.511583, 33.260378], [130.512536, 33.259783], [130.512658, 33.259769], [130.512914, 33.260152], [130.513542, 33.259651], [130.514485, 33.259327], [130.514671, 33.258404], [130.515281, 33.257994], [130.514419, 33.256572], [130.515026, 33.256367], [130.514838, 33.255461], [130.515139, 33.255206], [130.515475, 33.255497], [130.515349, 33.255788], [130.515599, 33.256314], [130.51541, 33.256509], [130.515549, 33.256706], [130.516487, 33.256292], [130.517073, 33.256414], [130.517022, 33.256568], [130.516344, 33.256617], [130.516083, 33.257145], [130.516225, 33.257493], [130.516969, 33.257519], [130.517327, 33.257665], [130.516996, 33.258476], [130.517268, 33.258622], [130.517461, 33.258456], [130.517628, 33.258852], [130.517787, 33.258918], [130.518383, 33.25876], [130.518794, 33.258925], [130.518939, 33.259294], [130.518285, 33.259806], [130.518404, 33.260091], [130.519032, 33.259932], [130.520604, 33.260896], [130.521144, 33.260704], [130.520665, 33.260602], [130.519835, 33.259953], [130.519679, 33.259645], [130.519743, 33.259454], [130.520163, 33.259142], [130.519896, 33.258858], [130.519574, 33.259035], [130.519502, 33.258761], [130.520523, 33.258555], [130.521302, 33.258248], [130.521815, 33.258246], [130.521969, 33.257765], [130.521508, 33.257628], [130.521141, 33.257075], [130.521026, 33.256622], [130.521408, 33.256429], [130.521965, 33.256749], [130.523197, 33.257946], [130.523749, 33.258167], [130.524148, 33.258693], [130.523875, 33.258823], [130.523651, 33.259188], [130.523226, 33.259165], [130.523128, 33.259285], [130.523139, 33.259682], [130.522941, 33.260114], [130.523382, 33.260485], [130.523068, 33.261114], [130.523204, 33.261387], [130.522897, 33.261976], [130.523026, 33.262053], [130.523243, 33.261694], [130.523691, 33.261574], [130.523722, 33.261451], [130.523578, 33.261239], [130.523764, 33.260196], [130.52351, 33.260101], [130.523521, 33.259983], [130.524372, 33.259098], [130.525253, 33.259307], [130.526252, 33.259969], [130.526483, 33.260291], [130.526887, 33.260305], [130.527028, 33.260623], [130.5274, 33.260719], [130.527651, 33.260952], [130.52794, 33.260912], [130.528249, 33.260699], [130.528692, 33.260965], [130.529359, 33.261106], [130.529576, 33.261394], [130.529872, 33.26138], [130.529993, 33.261752], [130.529833, 33.262069], [130.530116, 33.26229], [130.5313, 33.262379], [130.531867, 33.262593], [130.532281, 33.262037], [130.531709, 33.261851], [130.53122, 33.26195], [130.531084, 33.261714], [130.531171, 33.26147], [130.531721, 33.261333], [130.531919, 33.261021], [130.531988, 33.260745], [130.531835, 33.260602], [130.532061, 33.259859], [130.531149, 33.260057], [130.530409, 33.260547], [130.530072, 33.260238], [130.529901, 33.260249], [130.529796, 33.260572], [130.52951, 33.26072], [130.529459, 33.260221], [130.528288, 33.259669], [130.528309, 33.258919], [130.527927, 33.258807], [130.528303, 33.258487], [130.528404, 33.25813], [130.529016, 33.258098], [130.529144, 33.258578], [130.530815, 33.258591], [130.531114, 33.258727], [130.531402, 33.259822], [130.531904, 33.259705], [130.532324, 33.259757], [130.532393, 33.259607], [130.532196, 33.259388], [130.5326, 33.259103], [130.532282, 33.257718], [130.532489, 33.257315], [130.532826, 33.257459], [130.533032, 33.258117], [130.533255, 33.258034], [130.533246, 33.257417], [130.534316, 33.257365], [130.534922, 33.25829], [130.534655, 33.25841], [130.534749, 33.258675], [130.535797, 33.258308], [130.536251, 33.259001], [130.536053, 33.259723], [130.535694, 33.259849], [130.535568, 33.260069], [130.535423, 33.262051], [130.535323, 33.262131], [130.535156, 33.261909], [130.534815, 33.261899], [130.534804, 33.26243], [130.53454, 33.262445], [130.534553, 33.262649], [130.535461, 33.262767], [130.536238, 33.262491], [130.536181, 33.262156], [130.535899, 33.262071], [130.535707, 33.26173], [130.536063, 33.260814], [130.536355, 33.260824], [130.536236, 33.261505], [130.536528, 33.261693], [130.53662, 33.262451], [130.53706, 33.262376], [130.537273, 33.261967], [130.537768, 33.261734], [130.537679, 33.261476], [130.537081, 33.261598], [130.536892, 33.260931], [130.538759, 33.260607], [130.538878, 33.260772], [130.538847, 33.261274], [130.537705, 33.262357], [130.537808, 33.262496], [130.539304, 33.263136], [130.539372, 33.26291], [130.53871, 33.262588], [130.538629, 33.262072], [130.539404, 33.26159], [130.540465, 33.261706], [130.54106, 33.261432], [130.545931, 33.260149], [130.547, 33.260714], [130.547666, 33.26085], [130.548184, 33.261139], [130.549552, 33.261305], [130.550583, 33.261647], [130.551554, 33.262133], [130.553578, 33.262739], [130.553844, 33.262611], [130.554224, 33.26197], [130.554425, 33.262146], [130.554156, 33.26283], [130.553977, 33.26283], [130.554019, 33.263009], [130.556519, 33.264193], [130.557001, 33.264806], [130.559752, 33.265259], [130.559765, 33.264482], [130.560497, 33.264455], [130.560986, 33.264783], [130.561566, 33.264783], [130.563333, 33.26551], [130.565036, 33.265747], [130.565871, 33.2661], [130.56611, 33.266383], [130.566368, 33.267155], [130.566148, 33.267977], [130.566146, 33.268592], [130.567262, 33.270665], [130.567252, 33.271104], [130.568244, 33.27379], [130.569119, 33.274252], [130.569919, 33.274351], [130.572235, 33.275502], [130.573163, 33.275845], [130.574937, 33.276277], [130.575622, 33.276626], [130.575884, 33.277158], [130.576442, 33.276081], [130.57673, 33.275822], [130.577485, 33.275675], [130.577997, 33.275281], [130.579784, 33.274913], [130.580505, 33.273688], [130.581713, 33.272828], [130.582066, 33.27226], [130.582639, 33.271735], [130.582452, 33.270219], [130.581594, 33.270033], [130.581099, 33.268327], [130.58122, 33.268035], [130.581963, 33.267663], [130.582704, 33.268005], [130.583451, 33.26793], [130.584003, 33.268347], [130.585656, 33.268641], [130.586102, 33.268644], [130.586809, 33.268445], [130.587022, 33.268501], [130.587244, 33.268836], [130.587431, 33.269673], [130.588027, 33.270586], [130.588829, 33.270592], [130.589747, 33.270169], [130.590301, 33.270077], [130.591791, 33.270239], [130.592129, 33.270531], [130.592733, 33.271774], [130.593424, 33.272678], [130.595564, 33.272881], [130.595943, 33.273041], [130.596666, 33.273616], [130.597235, 33.273414], [130.597767, 33.273498], [130.597975, 33.273694], [130.598239, 33.274331], [130.598067, 33.274934], [130.598824, 33.274593], [130.600034, 33.274672], [130.602114, 33.274481], [130.602337, 33.274561], [130.604145, 33.276067], [130.605651, 33.278437], [130.607086, 33.279669], [130.607536, 33.280249], [130.608556, 33.280716], [130.609816, 33.280931], [130.610251, 33.281237], [130.611218, 33.281141], [130.611591, 33.281599], [130.611695, 33.282396], [130.611836, 33.282547], [130.612561, 33.282684], [130.613245, 33.28251], [130.613804, 33.282549], [130.614219, 33.283464], [130.614297, 33.284289], [130.616755, 33.286178], [130.61669, 33.287761], [130.616511, 33.288549], [130.6167, 33.289194], [130.616555, 33.290346], [130.616663, 33.29097], [130.617515, 33.290821], [130.618598, 33.290927], [130.619118, 33.290808], [130.620357, 33.291077], [130.620772, 33.291636], [130.621506, 33.291908], [130.622345, 33.292687], [130.622757, 33.292817], [130.625076, 33.292835], [130.62538, 33.29274], [130.625873, 33.29209], [130.626229, 33.291851], [130.626749, 33.291976], [130.627656, 33.291809], [130.628132, 33.291837], [130.628386, 33.292019], [130.628497, 33.292388], [130.62891, 33.292621], [130.629672, 33.293369], [130.630116, 33.293483], [130.630716, 33.294075], [130.631244, 33.295309], [130.631324, 33.296472], [130.632318, 33.296501], [130.633787, 33.296862], [130.634206, 33.297619], [130.636051, 33.29778], [130.637446, 33.298862], [130.638098, 33.298615], [130.639126, 33.298496], [130.639595, 33.29853], [130.640906, 33.298954], [130.642022, 33.29853], [130.643761, 33.298647], [130.644169, 33.298509], [130.644546, 33.297994], [130.646195, 33.298132], [130.646931, 33.29783], [130.647684, 33.298025], [130.647964, 33.298247], [130.648531, 33.298272], [130.649468, 33.29862], [130.650093, 33.298526], [130.650919, 33.298738], [130.651181, 33.298891], [130.651615, 33.299452], [130.65252, 33.299527], [130.65305, 33.299935], [130.653937, 33.300174], [130.654031, 33.300462], [130.654444, 33.300567], [130.654829, 33.300516], [130.655133, 33.300753], [130.656894, 33.301038], [130.657149, 33.301032], [130.657666, 33.300705], [130.658426, 33.30089], [130.659221, 33.301534], [130.660074, 33.301724], [130.661799, 33.301928], [130.662798, 33.301904], [130.663125, 33.301777], [130.663362, 33.302254], [130.665036, 33.302164], [130.665593, 33.302346], [130.665906, 33.302215], [130.667047, 33.302178], [130.667932, 33.301891], [130.66894, 33.302364], [130.669939, 33.302649], [130.671027, 33.302523], [130.671722, 33.302874], [130.672862, 33.302785], [130.673929, 33.302871], [130.674462, 33.30306], [130.674988, 33.303448], [130.675464, 33.303569], [130.676492, 33.303424], [130.677198, 33.303567], [130.677774, 33.303274], [130.678664, 33.30327], [130.679736, 33.302708], [130.680483, 33.302466], [130.682009, 33.302911], [130.682411, 33.303197], [130.683261, 33.303096], [130.683812, 33.303289], [130.684354, 33.303325], [130.685189, 33.303095], [130.685843, 33.303682], [130.686443, 33.303917], [130.688433, 33.30393], [130.688571, 33.304492], [130.688921, 33.304893], [130.68953, 33.306022], [130.691183, 33.305776], [130.692373, 33.306162], [130.694584, 33.306172], [130.695065, 33.306016], [130.695486, 33.305635], [130.697256, 33.305707], [130.697766, 33.305446], [130.698208, 33.305448], [130.698809, 33.305191], [130.699428, 33.305872], [130.700264, 33.306178], [130.70045, 33.306572], [130.701422, 33.306049], [130.702487, 33.306343], [130.704443, 33.306315], [130.705151, 33.306437], [130.705928, 33.30615], [130.70682, 33.306134], [130.707774, 33.305753], [130.709655, 33.305386], [130.710096, 33.305094], [130.711076, 33.305343], [130.711409, 33.305311], [130.714603, 33.304177], [130.716441, 33.304318], [130.717294, 33.304007], [130.718009, 33.303555], [130.718851, 33.303394], [130.720129, 33.303384], [130.721594, 33.302874], [130.722954, 33.302926], [130.723501, 33.302562], [130.723988, 33.302454], [130.724037, 33.302136], [130.72576, 33.301861], [130.728074, 33.30265], [130.728741, 33.302658], [130.725144, 33.321117], [130.726448, 33.322512], [130.726664, 33.323392], [130.726628, 33.323792], [130.726277, 33.324434], [130.725908, 33.324661], [130.723569, 33.3247], [130.723365, 33.324832], [130.723293, 33.326579], [130.723616, 33.328535], [130.723933, 33.328559], [130.724284, 33.331274], [130.724004, 33.331346], [130.724231, 33.333807], [130.724497, 33.333953], [130.724017, 33.335599], [130.72401, 33.336289], [130.723702, 33.337724], [130.726341, 33.337977], [130.726356, 33.340188], [130.731126, 33.340128], [130.730957, 33.346942], [130.730906, 33.347123], [130.729333, 33.346966], [130.726197, 33.347147], [130.726164, 33.347776], [130.72597, 33.347739], [130.725934, 33.348114], [130.725038, 33.348452], [130.725685, 33.349648], [130.725437, 33.349805], [130.725473, 33.351013], [130.725134, 33.351182], [130.724926, 33.350989], [130.724681, 33.351086], [130.724379, 33.350868], [130.723788, 33.350711], [130.723766, 33.350965], [130.722639, 33.3514], [130.722668, 33.351774], [130.721437, 33.35227], [130.720598, 33.352463], [130.720418, 33.35262], [130.718628, 33.352874], [130.718351, 33.353091], [130.718916, 33.35593], [130.720328, 33.355918], [130.720345, 33.356595], [130.720605, 33.356933], [130.722635, 33.356982], [130.722668, 33.357803], [130.725818, 33.357731], [130.726085, 33.356885], [130.726132, 33.355906], [130.727021, 33.355894], [130.726877, 33.355109], [130.727651, 33.353611], [130.727198, 33.353514], [130.727766, 33.352814], [130.729851, 33.353466], [130.731176, 33.353237], [130.73127, 33.353937], [130.731868, 33.35395], [130.731828, 33.354687], [130.731554, 33.354687], [130.731572, 33.355834], [130.731766, 33.35581], [130.731766, 33.359048], [130.729714, 33.359096], [130.729739, 33.360039], [130.728497, 33.360027], [130.728389, 33.361259], [130.727193, 33.361247], [130.726725, 33.360957], [130.726686, 33.360582], [130.726009, 33.360558], [130.725973, 33.359833], [130.722664, 33.359917], [130.7227, 33.360884]]]}}, {"type": "Feature", "properties": {"pref_code": "40", "pref_name": "福岡県", "municipality_code": "40204", "municipality_name": "直方市", "ward_name": "", "display_name": "直方市", "geometry_key": "40204"}, "geometry": {"type": "Polygon", "coordinates": [[[130.799424, 33.776794], [130.799011, 33.777559], [130.798671, 33.777836], [130.798201, 33.777806], [130.797804, 33.777933], [130.796858, 33.778544], [130.796512, 33.779034], [130.796593, 33.779484], [130.79642, 33.779744], [130.794848, 33.780284], [130.793847, 33.779932], [130.792665, 33.780019], [130.791253, 33.779027], [130.790626, 33.779125], [130.790292, 33.779038], [130.789641, 33.779517], [130.788603, 33.779851], [130.787797, 33.781292], [130.785949, 33.783947], [130.784613, 33.784642], [130.784446, 33.785283], [130.782895, 33.785513], [130.78175, 33.785899], [130.778622, 33.786054], [130.776676, 33.786019], [130.776071, 33.786227], [130.773721, 33.786267], [130.772663, 33.786503], [130.772121, 33.786428], [130.771464, 33.786146], [130.770066, 33.786019], [130.768977, 33.785517], [130.768221, 33.7849], [130.767986, 33.784321], [130.766931, 33.782965], [130.766638, 33.782386], [130.76658, 33.781267], [130.766932, 33.780054], [130.767935, 33.778197], [130.768125, 33.77728], [130.768038, 33.776979], [130.766845, 33.775612], [130.761708, 33.773321], [130.76059, 33.773563], [130.760429, 33.773038], [130.760803, 33.771617], [130.760193, 33.771432], [130.759393, 33.770685], [130.757384, 33.769474], [130.756018, 33.769278], [130.755113, 33.769289], [130.754395, 33.768897], [130.753911, 33.768915], [130.753162, 33.768638], [130.752781, 33.768886], [130.752344, 33.769622], [130.752067, 33.769847], [130.751421, 33.770014], [130.750395, 33.770032], [130.748065, 33.771], [130.747456, 33.771387], [130.746957, 33.771893], [130.744141, 33.772191], [130.743296, 33.772147], [130.741929, 33.771818], [130.740541, 33.770986], [130.74011, 33.770848], [130.738141, 33.770562], [130.737177, 33.770929], [130.736787, 33.771278], [130.736381, 33.771433], [130.735179, 33.771566], [130.734715, 33.77216], [130.733004, 33.772369], [130.731596, 33.773571], [130.730642, 33.773911], [130.729708, 33.774425], [130.729283, 33.7744], [130.728899, 33.774527], [130.727853, 33.774247], [130.725384, 33.775292], [130.724902, 33.77537], [130.723601, 33.775293], [130.723024, 33.77477], [130.720677, 33.774181], [130.719733, 33.775569], [130.716795, 33.781057], [130.714439, 33.784966], [130.714333, 33.785405], [130.714463, 33.786368], [130.713703, 33.788141], [130.712584, 33.789551], [130.709683, 33.792596], [130.707161, 33.796054], [130.704714, 33.794975], [130.704558, 33.794745], [130.704538, 33.794202], [130.703473, 33.792491], [130.70313, 33.792265], [130.702179, 33.79201], [130.700455, 33.790953], [130.700602, 33.790176], [130.699621, 33.789859], [130.699938, 33.788487], [130.699223, 33.788427], [130.698523, 33.787827], [130.697747, 33.787626], [130.697405, 33.787408], [130.696533, 33.786351], [130.696465, 33.785347], [130.696259, 33.784799], [130.695145, 33.784531], [130.695076, 33.783501], [130.695446, 33.782528], [130.69561, 33.782362], [130.696255, 33.782181], [130.696579, 33.781883], [130.696368, 33.780851], [130.697216, 33.780084], [130.697542, 33.779035], [130.698739, 33.778096], [130.698719, 33.776804], [130.699721, 33.776605], [130.699756, 33.774641], [130.700439, 33.773564], [130.700188, 33.773255], [130.699439, 33.773173], [130.699236, 33.773031], [130.69923, 33.772036], [130.698978, 33.771203], [130.699448, 33.770039], [130.699121, 33.769062], [130.698561, 33.768346], [130.698444, 33.767824], [130.696368, 33.766759], [130.69545, 33.766679], [130.693629, 33.767609], [130.692828, 33.767736], [130.69201, 33.767458], [130.69151, 33.766673], [130.691167, 33.766453], [130.689359, 33.765817], [130.688463, 33.766039], [130.688062, 33.766019], [130.686487, 33.765038], [130.685803, 33.765205], [130.685129, 33.765199], [130.684175, 33.765699], [130.683021, 33.765698], [130.681169, 33.766206], [130.680898, 33.766089], [130.680358, 33.76539], [130.680409, 33.764538], [130.680104, 33.763171], [130.680996, 33.762593], [130.681444, 33.76114], [130.681452, 33.760609], [130.681183, 33.759556], [130.681553, 33.75771], [130.681478, 33.756859], [130.681847, 33.756046], [130.682678, 33.755353], [130.682701, 33.754637], [130.683063, 33.753851], [130.683042, 33.753046], [130.684169, 33.752489], [130.684772, 33.751787], [130.685312, 33.751538], [130.685596, 33.750755], [130.68564, 33.750514], [130.685378, 33.750269], [130.684846, 33.74908], [130.684251, 33.748444], [130.684198, 33.748225], [130.685011, 33.747105], [130.685483, 33.74653], [130.686046, 33.746096], [130.68598, 33.744744], [130.686559, 33.74408], [130.686509, 33.743565], [130.688012, 33.743376], [130.688322, 33.743537], [130.689257, 33.743525], [130.689876, 33.743775], [130.690399, 33.744418], [130.690627, 33.745034], [130.691295, 33.745778], [130.691566, 33.745913], [130.692392, 33.745946], [130.692581, 33.746044], [130.693032, 33.746716], [130.694126, 33.747169], [130.695654, 33.747205], [130.696933, 33.746899], [130.697502, 33.747026], [130.698009, 33.746978], [130.699614, 33.746429], [130.701617, 33.745435], [130.702336, 33.746761], [130.703077, 33.747467], [130.704326, 33.747749], [130.704823, 33.748091], [130.705262, 33.748006], [130.704989, 33.74758], [130.705399, 33.747421], [130.705369, 33.747318], [130.703093, 33.744485], [130.703641, 33.744148], [130.704351, 33.743334], [130.704873, 33.743398], [130.705008, 33.743563], [130.705417, 33.743571], [130.706894, 33.743169], [130.707394, 33.742843], [130.708961, 33.74025], [130.709299, 33.739902], [130.709383, 33.739029], [130.709846, 33.738347], [130.71, 33.737744], [130.709926, 33.737514], [130.709739, 33.737406], [130.710117, 33.737191], [130.710116, 33.736877], [130.709898, 33.736636], [130.710316, 33.736109], [130.710554, 33.735066], [130.711842, 33.734872], [130.712856, 33.73526], [130.713858, 33.735232], [130.714274, 33.735462], [130.714826, 33.735578], [130.715112, 33.735512], [130.715214, 33.735246], [130.714841, 33.733212], [130.714313, 33.732544], [130.714646, 33.732043], [130.715261, 33.731975], [130.716069, 33.731649], [130.716958, 33.731454], [130.717748, 33.730649], [130.718546, 33.730291], [130.718953, 33.729965], [130.719579, 33.729184], [130.720743, 33.729871], [130.722323, 33.73047], [130.723553, 33.731142], [130.724094, 33.731619], [130.724927, 33.731705], [130.726238, 33.731635], [130.726576, 33.73147], [130.72688, 33.730904], [130.726774, 33.730156], [130.727301, 33.729395], [130.727278, 33.729209], [130.725679, 33.727988], [130.725026, 33.727319], [130.725119, 33.727066], [130.726242, 33.725858], [130.726403, 33.725727], [130.726893, 33.725653], [130.72663, 33.718361], [130.726057, 33.718077], [130.725624, 33.717634], [130.725498, 33.717158], [130.72478, 33.716929], [130.724531, 33.716528], [130.724513, 33.715791], [130.724963, 33.71524], [130.725621, 33.714766], [130.726057, 33.71379], [130.725997, 33.712998], [130.726519, 33.71269], [130.726097, 33.711792], [130.726078, 33.711236], [130.726336, 33.710787], [130.72636, 33.710254], [130.726761, 33.710211], [130.727022, 33.709299], [130.727725, 33.708743], [130.727415, 33.708191], [130.727489, 33.707474], [130.727331, 33.706596], [130.72767, 33.706567], [130.728446, 33.707015], [130.729076, 33.706608], [130.729214, 33.706177], [130.729096, 33.705574], [130.72937, 33.704544], [130.729313, 33.703948], [130.729486, 33.703674], [130.730077, 33.703374], [130.731894, 33.703658], [130.732586, 33.704035], [130.732698, 33.704534], [130.734011, 33.704953], [130.734825, 33.704347], [130.734911, 33.703682], [130.735064, 33.703556], [130.73582, 33.703175], [130.736217, 33.703161], [130.736783, 33.702675], [130.736879, 33.702264], [130.736552, 33.701436], [130.736804, 33.701146], [130.737477, 33.700868], [130.737754, 33.700584], [130.738606, 33.700477], [130.739207, 33.700008], [130.739521, 33.699956], [130.739994, 33.70006], [130.740543, 33.700459], [130.741408, 33.700756], [130.742448, 33.700691], [130.743126, 33.700836], [130.743383, 33.700969], [130.743817, 33.701759], [130.744032, 33.702455], [130.744654, 33.703049], [130.744905, 33.703493], [130.745699, 33.703642], [130.746177, 33.704136], [130.747018, 33.704456], [130.747145, 33.704607], [130.746933, 33.705287], [130.747029, 33.705688], [130.746699, 33.706147], [130.746749, 33.706889], [130.74646, 33.707379], [130.746352, 33.708572], [130.746715, 33.709286], [130.747484, 33.709693], [130.748323, 33.710407], [130.748978, 33.710594], [130.749302, 33.710977], [130.749084, 33.712299], [130.749549, 33.713303], [130.748193, 33.715902], [130.748891, 33.716236], [130.749597, 33.716898], [130.750379, 33.717361], [130.750889, 33.717518], [130.753423, 33.717557], [130.754943, 33.717865], [130.757563, 33.718719], [130.75849, 33.719304], [130.758939, 33.719081], [130.760425, 33.719295], [130.760951, 33.719463], [130.76129, 33.719908], [130.761612, 33.720041], [130.761975, 33.720025], [130.762524, 33.719724], [130.762924, 33.71968], [130.763375, 33.720085], [130.764114, 33.720266], [130.764733, 33.720904], [130.766509, 33.721152], [130.767277, 33.721043], [130.768382, 33.721335], [130.769163, 33.721231], [130.770104, 33.721638], [130.770632, 33.721658], [130.773298, 33.72257], [130.774112, 33.723059], [130.774476, 33.723719], [130.774425, 33.724144], [130.774039, 33.724681], [130.773886, 33.725173], [130.775694, 33.725746], [130.777622, 33.72614], [130.778362, 33.727092], [130.779447, 33.727659], [130.780089, 33.727711], [130.782039, 33.727408], [130.782495, 33.727528], [130.783601, 33.728603], [130.784032, 33.729172], [130.784285, 33.730024], [130.784339, 33.731069], [130.784207, 33.731434], [130.784489, 33.731762], [130.784886, 33.731861], [130.785051, 33.732123], [130.785486, 33.733231], [130.785592, 33.734201], [130.785993, 33.734302], [130.786326, 33.734057], [130.787442, 33.7337], [130.787753, 33.733846], [130.788173, 33.734451], [130.788618, 33.735903], [130.78868, 33.737606], [130.788556, 33.739141], [130.788795, 33.739667], [130.789883, 33.739991], [130.791109, 33.740111], [130.792122, 33.740753], [130.793105, 33.740576], [130.793793, 33.740773], [130.794454, 33.740547], [130.795178, 33.739932], [130.796099, 33.739444], [130.797532, 33.739026], [130.798624, 33.739851], [130.800443, 33.740923], [130.802059, 33.741605], [130.803128, 33.741612], [130.804029, 33.742036], [130.803723, 33.742626], [130.803571, 33.743736], [130.804009, 33.745107], [130.803933, 33.746426], [130.804248, 33.746904], [130.805374, 33.747959], [130.805536, 33.748475], [130.804878, 33.749812], [130.802396, 33.750741], [130.802136, 33.750947], [130.802667, 33.752144], [130.802922, 33.753281], [130.801662, 33.755236], [130.801853, 33.756575], [130.801579, 33.757605], [130.802216, 33.758699], [130.802, 33.759809], [130.802434, 33.760503], [130.802386, 33.760728], [130.801786, 33.761085], [130.801383, 33.762456], [130.800478, 33.763153], [130.800043, 33.764528], [130.799506, 33.764794], [130.799316, 33.765082], [130.80109, 33.766361], [130.800813, 33.768399], [130.802254, 33.770201], [130.802432, 33.770551], [130.802536, 33.771773], [130.802773, 33.772229], [130.802507, 33.77357], [130.802374, 33.773639], [130.801677, 33.773541], [130.800567, 33.772906], [130.800336, 33.772906], [130.80006, 33.773172], [130.799996, 33.774811], [130.799424, 33.776794]]]}}, {"type": "Feature", "properties": {"pref_code": "40", "pref_name": "福岡県", "municipality_code": "40205", "municipality_name": "飯塚市", "ward_name": "", "display_name": "飯塚市", "geometry_key": "40205"}, "geometry": {"type": "Polygon", "coordinates": [[[130.743817, 33.701759], [130.743383, 33.700969], [130.743126, 33.700836], [130.742448, 33.700691], [130.741408, 33.700756], [130.740543, 33.700459], [130.739994, 33.70006], [130.739521, 33.699956], [130.739207, 33.700008], [130.738606, 33.700477], [130.737754, 33.700584], [130.737477, 33.700868], [130.736804, 33.701146], [130.736552, 33.701436], [130.736879, 33.702264], [130.736783, 33.702675], [130.736217, 33.703161], [130.73582, 33.703175], [130.735064, 33.703556], [130.734911, 33.703682], [130.734825, 33.704347], [130.734011, 33.704953], [130.732698, 33.704534], [130.732586, 33.704035], [130.731894, 33.703658], [130.730077, 33.703374], [130.729486, 33.703674], [130.729313, 33.703948], [130.72937, 33.704544], [130.729096, 33.705574], [130.729214, 33.706177], [130.729076, 33.706608], [130.728446, 33.707015], [130.72767, 33.706567], [130.727331, 33.706596], [130.726757, 33.705643], [130.726875, 33.704504], [130.726069, 33.703471], [130.726235, 33.702885], [130.72603, 33.702], [130.724265, 33.700596], [130.723813, 33.700368], [130.721715, 33.69983], [130.720512, 33.69979], [130.719093, 33.700732], [130.717656, 33.700776], [130.717318, 33.701179], [130.717056, 33.700935], [130.716573, 33.70152], [130.715449, 33.701274], [130.714609, 33.701584], [130.714148, 33.701588], [130.714156, 33.701429], [130.713749, 33.70135], [130.713727, 33.701156], [130.712794, 33.700949], [130.712588, 33.699999], [130.713403, 33.699019], [130.713396, 33.698482], [130.71219, 33.696493], [130.713371, 33.694523], [130.714601, 33.69339], [130.714833, 33.692888], [130.714311, 33.691911], [130.712497, 33.687237], [130.711225, 33.68596], [130.710927, 33.68531], [130.710422, 33.685109], [130.709266, 33.684243], [130.707403, 33.683219], [130.706147, 33.683013], [130.704457, 33.682523], [130.702878, 33.682408], [130.702485, 33.682673], [130.702444, 33.683054], [130.701309, 33.68323], [130.700881, 33.683871], [130.698512, 33.685399], [130.69718, 33.685714], [130.696528, 33.685657], [130.695306, 33.68533], [130.69421, 33.684815], [130.693463, 33.684791], [130.692683, 33.684153], [130.693059, 33.684688], [130.692878, 33.684982], [130.692458, 33.685096], [130.691757, 33.684996], [130.691496, 33.684591], [130.691454, 33.685008], [130.691141, 33.685085], [130.690589, 33.68463], [130.689826, 33.683423], [130.689447, 33.683326], [130.689276, 33.683441], [130.689319, 33.68381], [130.689941, 33.684682], [130.689885, 33.68487], [130.689089, 33.685045], [130.688857, 33.684862], [130.688551, 33.684876], [130.688019, 33.684281], [130.687776, 33.684174], [130.687418, 33.684852], [130.68577, 33.684886], [130.685768, 33.685146], [130.686703, 33.685027], [130.68699, 33.685072], [130.686976, 33.685181], [130.686148, 33.685594], [130.686089, 33.686095], [130.685486, 33.686228], [130.685214, 33.685665], [130.685045, 33.685568], [130.682908, 33.685493], [130.682638, 33.685217], [130.682067, 33.683883], [130.681784, 33.683642], [130.681632, 33.683259], [130.681129, 33.683152], [130.679349, 33.683182], [130.679047, 33.682924], [130.678968, 33.683126], [130.67873, 33.683226], [130.678029, 33.683059], [130.67768, 33.683234], [130.677223, 33.684248], [130.675426, 33.686594], [130.674925, 33.686822], [130.675004, 33.68773], [130.674699, 33.688299], [130.673324, 33.688388], [130.672918, 33.688517], [130.672165, 33.689234], [130.672024, 33.689886], [130.671445, 33.690098], [130.671584, 33.690669], [130.671121, 33.691083], [130.670736, 33.690631], [130.670351, 33.691676], [130.670141, 33.691753], [130.669786, 33.691533], [130.669519, 33.691533], [130.668644, 33.691078], [130.667881, 33.690399], [130.667283, 33.690157], [130.666287, 33.689083], [130.66561, 33.689087], [130.665422, 33.689353], [130.665483, 33.689671], [130.665089, 33.690318], [130.665249, 33.690833], [130.664914, 33.691562], [130.664567, 33.691777], [130.662993, 33.692023], [130.6623, 33.692581], [130.661521, 33.692647], [130.660969, 33.693317], [130.660438, 33.693509], [130.659887, 33.693316], [130.659377, 33.693322], [130.659331, 33.69233], [130.659146, 33.691744], [130.659224, 33.690921], [130.659014, 33.690454], [130.657892, 33.68981], [130.656818, 33.689464], [130.656769, 33.688972], [130.655619, 33.688788], [130.654939, 33.688168], [130.653179, 33.687533], [130.652328, 33.687543], [130.651755, 33.687141], [130.650381, 33.687282], [130.64978, 33.687007], [130.647397, 33.687965], [130.646486, 33.688054], [130.645645, 33.687995], [130.645047, 33.688343], [130.644065, 33.687945], [130.643457, 33.687918], [130.642746, 33.687426], [130.642199, 33.686526], [130.641541, 33.686168], [130.641164, 33.685693], [130.640554, 33.685329], [130.64033, 33.684879], [130.63993, 33.684466], [130.639616, 33.683731], [130.639028, 33.683422], [130.638856, 33.682731], [130.638469, 33.682321], [130.638319, 33.681644], [130.637979, 33.681099], [130.637957, 33.68063], [130.638717, 33.679886], [130.639123, 33.678476], [130.638761, 33.678029], [130.638691, 33.677393], [130.63941, 33.677009], [130.638969, 33.676686], [130.63872, 33.676244], [130.638276, 33.676116], [130.638062, 33.675005], [130.637788, 33.674565], [130.638214, 33.673662], [130.638393, 33.672654], [130.637099, 33.671663], [130.636199, 33.672152], [130.635608, 33.6723], [130.63532, 33.672282], [130.6349, 33.671944], [130.634496, 33.67189], [130.634338, 33.671386], [130.633868, 33.670825], [130.633554, 33.66932], [130.632429, 33.668131], [130.631571, 33.667823], [130.630098, 33.666781], [130.627897, 33.665969], [130.627395, 33.665962], [130.626902, 33.666724], [130.626372, 33.667155], [130.625934, 33.668205], [130.624024, 33.667962], [130.623321, 33.668103], [130.622366, 33.668503], [130.62116, 33.668317], [130.620912, 33.667749], [130.620998, 33.666416], [130.620444, 33.665424], [130.619661, 33.664828], [130.620976, 33.663523], [130.620391, 33.662264], [130.619964, 33.661737], [130.620329, 33.660452], [130.619816, 33.659397], [130.618403, 33.65839], [130.618048, 33.657398], [130.61647, 33.656008], [130.615867, 33.655949], [130.615395, 33.65556], [130.613995, 33.65486], [130.613485, 33.654798], [130.612378, 33.654326], [130.611015, 33.652728], [130.610308, 33.651609], [130.609668, 33.651251], [130.609371, 33.650726], [130.608988, 33.650589], [130.607662, 33.651761], [130.607234, 33.651977], [130.606176, 33.65315], [130.603763, 33.653453], [130.601854, 33.654293], [130.601895, 33.653474], [130.601611, 33.652833], [130.601307, 33.652703], [130.600776, 33.652779], [130.600538, 33.652682], [130.59912, 33.651749], [130.597191, 33.650996], [130.596483, 33.650843], [130.595493, 33.651143], [130.59507, 33.650949], [130.594836, 33.650464], [130.594543, 33.650219], [130.593576, 33.650354], [130.592509, 33.650007], [130.591496, 33.65005], [130.589862, 33.649349], [130.589072, 33.649241], [130.588186, 33.648815], [130.585697, 33.648549], [130.58511, 33.648032], [130.583535, 33.647631], [130.582797, 33.647146], [130.582388, 33.647074], [130.581318, 33.646143], [130.580636, 33.645116], [130.580603, 33.643963], [130.579839, 33.643655], [130.5792, 33.643583], [130.578804, 33.643115], [130.578579, 33.6426], [130.576968, 33.641559], [130.576725, 33.640914], [130.576123, 33.640274], [130.575059, 33.638066], [130.575889, 33.637784], [130.577546, 33.637814], [130.578917, 33.636259], [130.579853, 33.635715], [130.581512, 33.634332], [130.582286, 33.634028], [130.582696, 33.633421], [130.58424, 33.632776], [130.585091, 33.632683], [130.585631, 33.632464], [130.585847, 33.632232], [130.585931, 33.630791], [130.586224, 33.62963], [130.586526, 33.629305], [130.586444, 33.628908], [130.586768, 33.627789], [130.586701, 33.627464], [130.587322, 33.626586], [130.587358, 33.626232], [130.587232, 33.625797], [130.586265, 33.624597], [130.584915, 33.622206], [130.584681, 33.620781], [130.583399, 33.620019], [130.584479, 33.618733], [130.584956, 33.618501], [130.585488, 33.618497], [130.586001, 33.618581], [130.586851, 33.619033], [130.587169, 33.619071], [130.589014, 33.618463], [130.590095, 33.618796], [130.591656, 33.618991], [130.592772, 33.617992], [130.592875, 33.617625], [130.593469, 33.617414], [130.594194, 33.61657], [130.595072, 33.616212], [130.596325, 33.616165], [130.596744, 33.615908], [130.597503, 33.614939], [130.597917, 33.61394], [130.598306, 33.613639], [130.598769, 33.612993], [130.597969, 33.612705], [130.596806, 33.612673], [130.595377, 33.611188], [130.594759, 33.610211], [130.594307, 33.609923], [130.593854, 33.609832], [130.593844, 33.609334], [130.593311, 33.608558], [130.591563, 33.608014], [130.591238, 33.606955], [130.59096, 33.606544], [130.589916, 33.606473], [130.58975, 33.606373], [130.589585, 33.606195], [130.589531, 33.605634], [130.589142, 33.605478], [130.588208, 33.604472], [130.588276, 33.603952], [130.587989, 33.603504], [130.587424, 33.602865], [130.586456, 33.602236], [130.585786, 33.601635], [130.585543, 33.601571], [130.585407, 33.601685], [130.585256, 33.602189], [130.585246, 33.602545], [130.585519, 33.603252], [130.58512, 33.603572], [130.584464, 33.604564], [130.584176, 33.60545], [130.582693, 33.606999], [130.582192, 33.607013], [130.581666, 33.607968], [130.581491, 33.607791], [130.581409, 33.605938], [130.580941, 33.605596], [130.580514, 33.604859], [130.580509, 33.604626], [130.581152, 33.60349], [130.580957, 33.602828], [130.580845, 33.602686], [130.580569, 33.60265], [130.579474, 33.602778], [130.578797, 33.603262], [130.577999, 33.603554], [130.576844, 33.603535], [130.57686, 33.603911], [130.576034, 33.604497], [130.575309, 33.604501], [130.573983, 33.604843], [130.573798, 33.605099], [130.572859, 33.605555], [130.571438, 33.605642], [130.570844, 33.605879], [130.570265, 33.605916], [130.569543, 33.60674], [130.568088, 33.606941], [130.56767, 33.606795], [130.567266, 33.606348], [130.567169, 33.605741], [130.566455, 33.604648], [130.564932, 33.603749], [130.564374, 33.603127], [130.563192, 33.602789], [130.562112, 33.601151], [130.561306, 33.600419], [130.560834, 33.600136], [130.559691, 33.599957], [130.558966, 33.599547], [130.558138, 33.599493], [130.558181, 33.599078], [130.558424, 33.598722], [130.558415, 33.598329], [130.558831, 33.597589], [130.559323, 33.597183], [130.559771, 33.596384], [130.560136, 33.596238], [130.562834, 33.593726], [130.562909, 33.593323], [130.564262, 33.592769], [130.564885, 33.591706], [130.565352, 33.591646], [130.565961, 33.591085], [130.566296, 33.590935], [130.566811, 33.589829], [130.56719, 33.589414], [130.567006, 33.588134], [130.56651, 33.587208], [130.566542, 33.586628], [130.567182, 33.584806], [130.567409, 33.583523], [130.568269, 33.582508], [130.568279, 33.581258], [130.568653, 33.580537], [130.568178, 33.579338], [130.568511, 33.579021], [130.568522, 33.578807], [130.56929, 33.578282], [130.570772, 33.577628], [130.571619, 33.577397], [130.571983, 33.577136], [130.572706, 33.576941], [130.573859, 33.576089], [130.573813, 33.575762], [130.573434, 33.575198], [130.573732, 33.574292], [130.574015, 33.573929], [130.573813, 33.573028], [130.574116, 33.572611], [130.574132, 33.572056], [130.57444, 33.571616], [130.574693, 33.570554], [130.574718, 33.569792], [130.575037, 33.569209], [130.575068, 33.569], [130.574814, 33.568663], [130.574759, 33.568276], [130.575057, 33.567991], [130.576769, 33.567191], [130.577473, 33.567063], [130.579378, 33.565495], [130.579539, 33.564352], [130.580055, 33.563539], [130.580945, 33.561545], [130.580768, 33.560511], [130.580464, 33.559723], [130.58054, 33.559353], [130.580414, 33.558757], [130.58148, 33.557559], [130.582107, 33.557133], [130.582537, 33.556369], [130.584256, 33.555099], [130.584089, 33.554677], [130.584684, 33.554317], [130.58532, 33.553432], [130.585931, 33.55293], [130.586489, 33.551763], [130.587294, 33.551429], [130.590277, 33.549362], [130.591878, 33.548849], [130.59237, 33.548302], [130.592798, 33.548144], [130.59342, 33.547698], [130.594477, 33.547762], [130.595186, 33.547397], [130.59524, 33.546434], [130.595597, 33.545668], [130.595018, 33.545211], [130.594942, 33.544429], [130.595164, 33.543526], [130.594476, 33.542674], [130.594574, 33.542166], [130.594963, 33.541441], [130.594979, 33.540055], [130.595537, 33.538939], [130.596007, 33.538716], [130.597841, 33.538498], [130.598112, 33.538203], [130.598357, 33.537439], [130.598503, 33.537338], [130.599422, 33.537328], [130.600164, 33.536044], [130.601051, 33.535923], [130.601884, 33.535547], [130.602163, 33.534393], [130.602921, 33.534104], [130.604012, 33.533266], [130.604277, 33.532581], [130.604786, 33.532211], [130.604439, 33.531688], [130.604489, 33.531024], [130.605305, 33.530049], [130.605814, 33.530019], [130.606686, 33.529488], [130.607671, 33.529377], [130.609439, 33.527234], [130.609801, 33.527061], [130.610937, 33.52697], [130.611256, 33.526696], [130.611273, 33.526374], [130.611814, 33.526085], [130.611803, 33.525517], [130.612095, 33.525202], [130.611678, 33.524644], [130.611154, 33.523544], [130.611668, 33.522791], [130.611635, 33.52237], [130.6115, 33.522101], [130.610532, 33.521274], [130.609921, 33.519877], [130.609911, 33.519527], [130.610904, 33.518971], [130.611109, 33.518742], [130.611326, 33.5179], [130.612249, 33.517125], [130.612844, 33.516988], [130.613698, 33.51713], [130.61531, 33.516851], [130.616208, 33.516831], [130.616849, 33.516461], [130.617552, 33.516441], [130.618185, 33.515964], [130.618288, 33.515168], [130.618769, 33.514889], [130.619115, 33.514513], [130.619119, 33.514069], [130.618893, 33.513669], [130.619044, 33.513283], [130.619244, 33.513131], [130.619698, 33.513055], [130.620358, 33.513359], [130.621305, 33.51306], [130.620836, 33.512267], [130.620825, 33.511988], [130.619949, 33.511161], [130.619668, 33.510816], [130.619641, 33.510577], [130.619776, 33.510212], [130.620104, 33.509875], [130.620126, 33.509667], [130.619736, 33.508931], [130.619888, 33.508602], [130.620245, 33.508292], [130.620732, 33.508363], [130.621132, 33.508277], [130.621657, 33.50779], [130.621446, 33.506099], [130.622453, 33.505779], [130.622692, 33.50527], [130.622986, 33.505129], [130.623506, 33.505191], [130.623965, 33.505052], [130.62407, 33.504895], [130.624666, 33.504907], [130.625044, 33.504641], [130.626237, 33.504449], [130.626423, 33.504205], [130.626712, 33.504081], [130.627251, 33.504191], [130.627926, 33.50451], [130.628087, 33.504883], [130.628869, 33.505376], [130.62955, 33.506361], [130.630788, 33.50593], [130.631414, 33.505891], [130.631921, 33.506017], [130.63249, 33.506459], [130.632801, 33.506859], [130.633087, 33.507701], [130.633065, 33.508314], [130.633288, 33.509094], [130.633915, 33.509493], [130.634151, 33.509371], [130.634433, 33.508877], [130.634444, 33.507944], [130.634585, 33.507557], [130.634805, 33.507294], [130.635308, 33.507251], [130.635289, 33.505554], [130.635384, 33.505342], [130.636024, 33.504811], [130.637819, 33.505159], [130.64087, 33.505346], [130.641495, 33.505543], [130.642144, 33.505505], [130.64493, 33.506822], [130.646025, 33.508309], [130.64704, 33.508466], [130.647481, 33.509032], [130.648462, 33.509661], [130.648686, 33.509771], [130.64934, 33.50926], [130.650243, 33.509258], [130.650891, 33.509072], [130.651759, 33.509529], [130.652076, 33.510068], [130.653135, 33.510954], [130.654398, 33.510686], [130.655126, 33.510282], [130.655929, 33.51041], [130.656865, 33.509936], [130.657082, 33.509394], [130.657564, 33.509173], [130.658048, 33.508678], [130.658916, 33.508195], [130.659574, 33.507234], [130.659469, 33.506429], [130.659572, 33.506279], [130.660432, 33.505941], [130.660591, 33.505248], [130.660094, 33.50491], [130.659955, 33.504568], [130.660229, 33.504194], [130.660666, 33.504076], [130.661616, 33.504363], [130.662033, 33.504377], [130.662385, 33.503817], [130.662652, 33.50389], [130.663321, 33.504529], [130.663772, 33.505254], [130.664201, 33.505674], [130.6644, 33.505806], [130.664948, 33.505874], [130.665156, 33.506781], [130.664971, 33.507553], [130.665401, 33.508115], [130.665543, 33.509513], [130.6648, 33.511005], [130.66501, 33.511657], [130.664886, 33.512982], [130.664967, 33.513373], [130.665624, 33.513844], [130.665211, 33.515643], [130.665403, 33.516593], [130.665799, 33.516854], [130.665893, 33.517084], [130.665694, 33.517392], [130.665764, 33.517633], [130.66565, 33.517956], [130.664699, 33.518339], [130.664644, 33.518637], [130.664933, 33.519116], [130.664091, 33.520562], [130.663745, 33.520801], [130.664049, 33.521586], [130.663467, 33.522729], [130.663773, 33.522786], [130.664437, 33.523693], [130.665516, 33.524269], [130.665767, 33.524834], [130.665775, 33.525546], [130.666528, 33.526005], [130.666998, 33.526744], [130.666896, 33.52695], [130.666485, 33.527038], [130.666316, 33.527326], [130.666858, 33.528565], [130.667427, 33.529099], [130.668157, 33.529401], [130.668964, 33.529423], [130.669479, 33.529788], [130.669935, 33.529343], [130.670749, 33.529879], [130.671437, 33.529612], [130.672223, 33.529076], [130.672338, 33.529458], [130.67058, 33.531151], [130.670531, 33.532215], [130.670272, 33.532904], [130.66943, 33.533536], [130.669235, 33.534447], [130.66934, 33.534644], [130.670062, 33.53483], [130.670236, 33.534975], [130.670642, 33.535628], [130.670688, 33.536903], [130.670912, 33.537661], [130.670609, 33.538084], [130.670598, 33.538402], [130.671646, 33.539462], [130.671662, 33.539829], [130.67189, 33.540224], [130.673172, 33.541299], [130.673229, 33.541654], [130.673515, 33.54194], [130.675003, 33.542049], [130.675152, 33.542399], [130.676076, 33.542988], [130.676257, 33.543576], [130.676703, 33.544205], [130.677131, 33.545539], [130.676849, 33.546175], [130.676291, 33.546538], [130.676066, 33.546929], [130.675579, 33.547287], [130.6755, 33.547775], [130.677699, 33.550813], [130.677557, 33.551155], [130.677731, 33.551663], [130.677516, 33.552755], [130.676986, 33.553646], [130.676313, 33.55394], [130.675999, 33.553964], [130.674664, 33.553585], [130.673979, 33.553553], [130.672982, 33.554315], [130.672088, 33.554202], [130.671744, 33.554069], [130.671631, 33.553396], [130.671337, 33.553166], [130.668732, 33.551966], [130.668083, 33.551256], [130.66759, 33.550974], [130.667027, 33.550249], [130.666026, 33.549544], [130.665853, 33.549552], [130.666011, 33.550245], [130.666077, 33.552135], [130.664949, 33.554255], [130.665239, 33.5549], [130.664917, 33.55521], [130.664743, 33.555782], [130.664745, 33.556608], [130.665106, 33.557652], [130.664576, 33.558845], [130.664663, 33.559864], [130.663964, 33.560864], [130.66368, 33.56277], [130.663025, 33.563455], [130.662634, 33.564382], [130.662101, 33.564906], [130.662076, 33.565603], [130.66182, 33.565909], [130.661005, 33.566286], [130.660628, 33.566764], [130.660549, 33.567856], [130.660284, 33.568206], [130.660285, 33.568384], [130.66068, 33.568731], [130.662736, 33.56946], [130.662964, 33.570278], [130.662835, 33.571076], [130.663034, 33.57195], [130.662723, 33.573523], [130.663104, 33.574031], [130.663068, 33.574688], [130.66338, 33.574942], [130.663712, 33.575507], [130.664291, 33.577026], [130.665064, 33.57799], [130.665582, 33.578909], [130.665743, 33.579356], [130.665692, 33.580102], [130.666116, 33.580594], [130.665723, 33.58092], [130.666601, 33.581996], [130.666363, 33.582169], [130.666744, 33.582669], [130.666329, 33.58379], [130.666686, 33.584262], [130.666737, 33.585183], [130.667067, 33.585328], [130.667347, 33.585699], [130.665746, 33.586517], [130.665203, 33.585239], [130.665857, 33.585021], [130.666088, 33.584628], [130.665804, 33.584521], [130.666056, 33.584385], [130.665931, 33.583877], [130.665787, 33.583635], [130.66515, 33.583855], [130.665014, 33.584145], [130.664718, 33.584258], [130.664523, 33.584125], [130.664433, 33.58298], [130.664506, 33.582811], [130.664933, 33.582892], [130.664487, 33.581936], [130.664251, 33.581944], [130.663684, 33.582303], [130.663366, 33.581762], [130.661756, 33.581264], [130.660519, 33.580661], [130.659376, 33.579718], [130.658554, 33.580077], [130.658377, 33.579827], [130.658211, 33.580793], [130.657923, 33.580865], [130.657775, 33.581117], [130.656768, 33.581039], [130.656426, 33.581756], [130.65739, 33.582563], [130.657971, 33.583495], [130.658847, 33.584451], [130.659422, 33.585584], [130.659789, 33.586902], [130.657581, 33.587791], [130.656537, 33.588656], [130.656069, 33.588888], [130.65509, 33.588982], [130.653965, 33.588336], [130.653755, 33.588385], [130.653388, 33.588929], [130.653134, 33.588975], [130.650746, 33.588564], [130.649163, 33.58871], [130.64903, 33.589499], [130.649742, 33.590317], [130.649771, 33.591249], [130.650142, 33.592085], [130.651096, 33.592694], [130.651599, 33.593754], [130.653059, 33.593695], [130.653392, 33.593833], [130.653278, 33.594519], [130.653379, 33.594935], [130.653749, 33.595464], [130.656576, 33.595938], [130.657391, 33.596256], [130.657903, 33.596323], [130.658632, 33.597348], [130.659522, 33.597563], [130.660179, 33.596414], [130.661975, 33.59634], [130.662792, 33.597056], [130.663398, 33.597358], [130.663789, 33.597792], [130.664318, 33.598003], [130.665646, 33.597962], [130.666032, 33.59735], [130.666218, 33.596699], [130.666364, 33.596509], [130.66663, 33.59645], [130.667457, 33.597091], [130.669537, 33.599493], [130.669986, 33.600275], [130.671434, 33.600602], [130.673955, 33.600959], [130.674433, 33.600916], [130.675628, 33.600541], [130.676856, 33.600481], [130.677064, 33.598964], [130.678971, 33.598267], [130.67919, 33.598862], [130.679209, 33.600028], [130.679578, 33.600615], [130.679422, 33.601222], [130.67966, 33.602488], [130.682232, 33.602414], [130.682723, 33.598961], [130.684069, 33.59751], [130.684888, 33.596809], [130.685221, 33.596734], [130.686547, 33.596905], [130.687093, 33.596632], [130.687699, 33.596501], [130.68832, 33.596572], [130.688975, 33.596818], [130.689776, 33.596848], [130.690798, 33.595889], [130.691204, 33.595682], [130.691812, 33.596391], [130.692129, 33.596456], [130.692555, 33.596334], [130.692774, 33.59642], [130.693167, 33.597049], [130.693805, 33.597563], [130.694785, 33.597883], [130.695958, 33.59765], [130.697353, 33.597829], [130.697964, 33.598043], [130.698544, 33.598411], [130.698784, 33.598935], [130.70011, 33.599507], [130.69968, 33.600243], [130.698832, 33.600739], [130.698278, 33.601633], [130.698093, 33.602284], [130.698643, 33.602897], [130.698652, 33.603583], [130.698406, 33.604005], [130.697269, 33.604687], [130.69814, 33.605777], [130.699922, 33.610053], [130.700594, 33.614914], [130.700534, 33.615221], [130.700065, 33.615446], [130.699304, 33.616127], [130.698041, 33.617955], [130.698077, 33.618817], [130.698497, 33.618964], [130.699483, 33.620174], [130.698996, 33.620858], [130.698941, 33.621305], [130.700912, 33.621781], [130.701169, 33.622496], [130.702824, 33.623344], [130.702071, 33.62415], [130.70205, 33.624349], [130.704407, 33.623824], [130.704866, 33.623916], [130.705598, 33.623855], [130.706677, 33.623266], [130.708709, 33.621248], [130.71112, 33.620064], [130.712461, 33.619137], [130.713483, 33.617413], [130.714828, 33.616147], [130.717647, 33.616569], [130.7203, 33.61752], [130.720619, 33.618656], [130.722311, 33.618543], [130.723076, 33.61796], [130.723837, 33.617766], [130.724367, 33.617155], [130.726176, 33.616659], [130.726391, 33.616465], [130.726646, 33.615526], [130.728582, 33.614928], [130.731002, 33.613769], [130.731761, 33.613603], [130.732384, 33.613182], [130.732574, 33.613129], [130.733841, 33.613341], [130.735718, 33.614063], [130.73663, 33.614079], [130.736797, 33.61395], [130.73694, 33.612928], [130.739884, 33.612591], [130.739255, 33.609834], [130.738652, 33.60932], [130.738891, 33.608576], [130.738584, 33.607944], [130.738529, 33.606938], [130.738844, 33.606198], [130.738895, 33.603816], [130.739122, 33.603691], [130.740359, 33.603638], [130.740684, 33.603342], [130.740566, 33.602567], [130.740865, 33.6019], [130.740939, 33.600806], [130.741561, 33.600268], [130.742148, 33.599346], [130.742644, 33.599074], [130.742694, 33.598366], [130.74332, 33.597535], [130.743313, 33.596724], [130.743799, 33.596391], [130.74422, 33.59577], [130.744532, 33.595625], [130.745156, 33.594711], [130.745667, 33.594509], [130.746357, 33.594651], [130.746628, 33.5946], [130.747104, 33.594334], [130.747375, 33.59363], [130.747939, 33.593359], [130.74816, 33.593085], [130.748476, 33.591599], [130.749284, 33.590993], [130.750308, 33.590696], [130.750689, 33.58943], [130.751365, 33.588653], [130.751831, 33.588553], [130.752246, 33.588253], [130.752641, 33.5882], [130.753185, 33.587823], [130.753921, 33.587921], [130.754084, 33.587549], [130.755483, 33.587452], [130.755687, 33.587403], [130.755963, 33.587101], [130.756912, 33.587169], [130.757289, 33.586872], [130.758905, 33.586631], [130.758615, 33.586609], [130.758619, 33.586482], [130.759461, 33.585835], [130.760359, 33.585874], [130.761492, 33.585697], [130.761669, 33.58585], [130.761749, 33.586311], [130.762097, 33.586287], [130.761908, 33.586721], [130.761894, 33.587738], [130.762471, 33.588327], [130.763279, 33.589484], [130.764276, 33.5902], [130.764693, 33.590835], [130.7651, 33.591894], [130.765486, 33.59189], [130.765853, 33.59164], [130.766164, 33.591882], [130.766627, 33.591826], [130.767201, 33.592163], [130.767846, 33.592146], [130.768215, 33.592269], [130.768573, 33.591841], [130.769666, 33.593116], [130.770138, 33.59444], [130.771109, 33.594565], [130.771497, 33.594747], [130.771861, 33.594633], [130.772336, 33.594737], [130.774315, 33.595592], [130.775178, 33.595745], [130.77485, 33.595923], [130.774469, 33.595957], [130.773069, 33.596747], [130.773011, 33.597194], [130.772343, 33.598072], [130.772035, 33.59896], [130.773185, 33.598966], [130.773866, 33.599693], [130.774573, 33.599703], [130.77524, 33.600508], [130.775373, 33.600834], [130.774935, 33.60109], [130.774775, 33.601389], [130.775715, 33.602812], [130.775349, 33.603], [130.774797, 33.603874], [130.775014, 33.604531], [130.774606, 33.604836], [130.774474, 33.605452], [130.774917, 33.606092], [130.776057, 33.606742], [130.776146, 33.606964], [130.775495, 33.607812], [130.775057, 33.608049], [130.7754, 33.608995], [130.775199, 33.609479], [130.775076, 33.609585], [130.774255, 33.609623], [130.773743, 33.610302], [130.773183, 33.610117], [130.772268, 33.610236], [130.772014, 33.610528], [130.771275, 33.61093], [130.771224, 33.611235], [130.771499, 33.611886], [130.770982, 33.612318], [130.770251, 33.612457], [130.769752, 33.612199], [130.768746, 33.612019], [130.767542, 33.611364], [130.766058, 33.611006], [130.765764, 33.611085], [130.765461, 33.611379], [130.764495, 33.611693], [130.763796, 33.612533], [130.763444, 33.614112], [130.763011, 33.614218], [130.762586, 33.614512], [130.762166, 33.615314], [130.761623, 33.615809], [130.76149, 33.616451], [130.761621, 33.617038], [130.761194, 33.617895], [130.760773, 33.618104], [130.759777, 33.618227], [130.759294, 33.618552], [130.759169, 33.620111], [130.759326, 33.621256], [130.759206, 33.621904], [130.757878, 33.623288], [130.757373, 33.624543], [130.757016, 33.624909], [130.75672, 33.625555], [130.755324, 33.626894], [130.754813, 33.628361], [130.754313, 33.629007], [130.752899, 33.629836], [130.751555, 33.630852], [130.750536, 33.631396], [130.751141, 33.635656], [130.750676, 33.636523], [130.750113, 33.637076], [130.749586, 33.637963], [130.749178, 33.638394], [130.747981, 33.639076], [130.747842, 33.639283], [130.747983, 33.64027], [130.749341, 33.64095], [130.749741, 33.641542], [130.749969, 33.642352], [130.751108, 33.643066], [130.751741, 33.644053], [130.751608, 33.646082], [130.752058, 33.647164], [130.752426, 33.647694], [130.752623, 33.64837], [130.752426, 33.648629], [130.752676, 33.649048], [130.753395, 33.649031], [130.753617, 33.649264], [130.753856, 33.650057], [130.755009, 33.650409], [130.755461, 33.650026], [130.75622, 33.650293], [130.756841, 33.650225], [130.757282, 33.650367], [130.757791, 33.651266], [130.759038, 33.651669], [130.759337, 33.651881], [130.761172, 33.654132], [130.760494, 33.654324], [130.759899, 33.655052], [130.759576, 33.655902], [130.758925, 33.656658], [130.758267, 33.657044], [130.758378, 33.657301], [130.758814, 33.657598], [130.758862, 33.657954], [130.758779, 33.65828], [130.758289, 33.658938], [130.758404, 33.659553], [130.757992, 33.659915], [130.758251, 33.660573], [130.758234, 33.660998], [130.757644, 33.662305], [130.757005, 33.66291], [130.757159, 33.663612], [130.756513, 33.664047], [130.755291, 33.664861], [130.754233, 33.665239], [130.753567, 33.666646], [130.753535, 33.667049], [130.753844, 33.667751], [130.753434, 33.668586], [130.753429, 33.669076], [130.752986, 33.670055], [130.75322, 33.671674], [130.75313, 33.672566], [130.752468, 33.673151], [130.751983, 33.67327], [130.751225, 33.673954], [130.751298, 33.674872], [130.751625, 33.675016], [130.752094, 33.675627], [130.751994, 33.676062], [130.752221, 33.676969], [130.752729, 33.677451], [130.75269, 33.678148], [130.751922, 33.679], [130.752173, 33.680115], [130.75193, 33.680992], [130.754838, 33.684374], [130.75515, 33.684864], [130.755282, 33.685527], [130.754893, 33.685857], [130.754246, 33.68599], [130.754061, 33.686173], [130.753843, 33.686884], [130.753996, 33.68832], [130.753397, 33.688562], [130.753043, 33.688845], [130.751929, 33.689209], [130.751674, 33.689446], [130.751956, 33.690647], [130.751869, 33.691019], [130.751388, 33.691409], [130.751142, 33.692382], [130.750442, 33.692977], [130.750045, 33.693678], [130.750101, 33.694349], [130.749595, 33.694621], [130.749642, 33.69524], [130.749253, 33.695493], [130.748946, 33.696061], [130.748244, 33.696136], [130.74785, 33.69646], [130.747991, 33.698252], [130.747809, 33.699772], [130.747363, 33.699951], [130.747179, 33.699614], [130.746723, 33.699512], [130.746361, 33.699572], [130.746163, 33.699738], [130.745796, 33.700602], [130.745398, 33.700747], [130.744568, 33.700715], [130.744148, 33.701528], [130.743817, 33.701759]]]}}, {"type": "Feature", "properties": {"pref_code": "40", "pref_name": "福岡県", "municipality_code": "40206", "municipality_name": "田川市", "ward_name": "", "display_name": "田川市", "geometry_key": "40206"}, "geometry": {"type": "Polygon", "coordinates": [[[130.843258, 33.644808], [130.842228, 33.645014], [130.840864, 33.645043], [130.840262, 33.645765], [130.838543, 33.646504], [130.836879, 33.648156], [130.83609, 33.64839], [130.835751, 33.648655], [130.835227, 33.648628], [130.834957, 33.649252], [130.833907, 33.649813], [130.833956, 33.650267], [130.832556, 33.651093], [130.832605, 33.651553], [130.83203, 33.651951], [130.831709, 33.651894], [130.831529, 33.651431], [130.831136, 33.651143], [130.831032, 33.651426], [130.831605, 33.651942], [130.831506, 33.652252], [130.830106, 33.652439], [130.829506, 33.651557], [130.828375, 33.65086], [130.828186, 33.650846], [130.828377, 33.651206], [130.829034, 33.65149], [130.828939, 33.651834], [130.829279, 33.651742], [130.829436, 33.65183], [130.829991, 33.652934], [130.829796, 33.654397], [130.829099, 33.654394], [130.828101, 33.654717], [130.828162, 33.655879], [130.828356, 33.656205], [130.82874, 33.65648], [130.828911, 33.657302], [130.829196, 33.657539], [130.829844, 33.657693], [130.831231, 33.657319], [130.83266, 33.656237], [130.834171, 33.656455], [130.834436, 33.656228], [130.835764, 33.6568], [130.835643, 33.657184], [130.835717, 33.657366], [130.836088, 33.65742], [130.836789, 33.657783], [130.83694, 33.658231], [130.836585, 33.659115], [130.836639, 33.660512], [130.834196, 33.660466], [130.832285, 33.660888], [130.830714, 33.660949], [130.830024, 33.661093], [130.829171, 33.661609], [130.827835, 33.663039], [130.827553, 33.663206], [130.826833, 33.66334], [130.824755, 33.664406], [130.824789, 33.665002], [130.824958, 33.665005], [130.825372, 33.664715], [130.825809, 33.666632], [130.825694, 33.666975], [130.826473, 33.668721], [130.82641, 33.668921], [130.824559, 33.669341], [130.824291, 33.670762], [130.824767, 33.672291], [130.824718, 33.673297], [130.82553, 33.674196], [130.826029, 33.674357], [130.826209, 33.674556], [130.826571, 33.676936], [130.826565, 33.678557], [130.827094, 33.679223], [130.826797, 33.679883], [130.826972, 33.680413], [130.827585, 33.681046], [130.827684, 33.681383], [130.827308, 33.682628], [130.827202, 33.683745], [130.827345, 33.684376], [130.826455, 33.685725], [130.826543, 33.686062], [130.826956, 33.686527], [130.826976, 33.687174], [130.826463, 33.687706], [130.825724, 33.687969], [130.825578, 33.688782], [130.825821, 33.689597], [130.826279, 33.690252], [130.82594, 33.691078], [130.827353, 33.691531], [130.827774, 33.692309], [130.828091, 33.693492], [130.828409, 33.69412], [130.828529, 33.695095], [130.82754, 33.696724], [130.827055, 33.696543], [130.82643, 33.69598], [130.825784, 33.695702], [130.825192, 33.695643], [130.824512, 33.695904], [130.822986, 33.696035], [130.82236, 33.695744], [130.821713, 33.695676], [130.820028, 33.695027], [130.819337, 33.694179], [130.819023, 33.694043], [130.817691, 33.69401], [130.816429, 33.694339], [130.81455, 33.693991], [130.813883, 33.694385], [130.812656, 33.694832], [130.81135, 33.694578], [130.811068, 33.693975], [130.810592, 33.69339], [130.810509, 33.692832], [130.809468, 33.690954], [130.808824, 33.689484], [130.808337, 33.690043], [130.806357, 33.690519], [130.806633, 33.689263], [130.806166, 33.688122], [130.806424, 33.68748], [130.806383, 33.686503], [130.806907, 33.685625], [130.806893, 33.685336], [130.806632, 33.684907], [130.806948, 33.684159], [130.806896, 33.682946], [130.806243, 33.682254], [130.80601, 33.68233], [130.805381, 33.681732], [130.803925, 33.680143], [130.80376, 33.679804], [130.803765, 33.678714], [130.804551, 33.677251], [130.804821, 33.675786], [130.80511, 33.675258], [130.805769, 33.674868], [130.806149, 33.674802], [130.806565, 33.67441], [130.806461, 33.673207], [130.806902, 33.672964], [130.806998, 33.672789], [130.80751, 33.67122], [130.806157, 33.671156], [130.806041, 33.670725], [130.805751, 33.670651], [130.805771, 33.670444], [130.80275, 33.669995], [130.802535, 33.67001], [130.802424, 33.670415], [130.802868, 33.670444], [130.802771, 33.670901], [130.801027, 33.670748], [130.79841, 33.670071], [130.79744, 33.670034], [130.796842, 33.670271], [130.795934, 33.670946], [130.795043, 33.672575], [130.793778, 33.671705], [130.792981, 33.671468], [130.792822, 33.671173], [130.792879, 33.670616], [130.792407, 33.670411], [130.792334, 33.669996], [130.792758, 33.667402], [130.792584, 33.666894], [130.792066, 33.66649], [130.791552, 33.666626], [130.791185, 33.666421], [130.790822, 33.666599], [130.790006, 33.666454], [130.788534, 33.665715], [130.788101, 33.665869], [130.787814, 33.666245], [130.787284, 33.666169], [130.78687, 33.665899], [130.786341, 33.664756], [130.786455, 33.664378], [130.786992, 33.663947], [130.787084, 33.662927], [130.787256, 33.662498], [130.787349, 33.662439], [130.787782, 33.662616], [130.788317, 33.662246], [130.788619, 33.662229], [130.789, 33.662487], [130.789264, 33.662039], [130.790181, 33.661516], [130.790834, 33.660541], [130.790343, 33.660243], [130.790331, 33.660118], [130.791384, 33.659856], [130.791906, 33.659047], [130.791468, 33.658772], [130.791716, 33.658352], [130.791057, 33.657975], [130.792732, 33.656129], [130.791731, 33.655583], [130.791817, 33.655458], [130.792063, 33.655283], [130.792739, 33.655327], [130.793048, 33.655124], [130.793029, 33.654558], [130.791612, 33.654194], [130.792663, 33.652251], [130.792631, 33.651289], [130.792441, 33.650984], [130.792111, 33.650922], [130.791477, 33.651406], [130.789996, 33.651309], [130.788679, 33.651456], [130.788515, 33.650779], [130.788553, 33.649412], [130.788019, 33.649239], [130.787317, 33.649243], [130.786879, 33.649044], [130.785823, 33.649016], [130.785157, 33.648691], [130.78488, 33.64834], [130.78402, 33.647839], [130.78212, 33.647319], [130.781345, 33.647454], [130.780954, 33.647035], [130.779179, 33.646304], [130.776715, 33.645619], [130.771642, 33.643971], [130.771114, 33.643576], [130.769622, 33.643161], [130.769025, 33.642878], [130.767733, 33.642685], [130.765228, 33.642633], [130.765005, 33.64163], [130.765083, 33.641309], [130.762918, 33.641106], [130.762491, 33.641173], [130.761773, 33.640704], [130.760912, 33.640558], [130.760008, 33.640197], [130.759361, 33.639313], [130.757989, 33.639279], [130.757563, 33.639717], [130.756751, 33.639979], [130.756184, 33.640476], [130.755021, 33.640797], [130.754591, 33.641592], [130.749741, 33.641542], [130.749341, 33.64095], [130.747983, 33.64027], [130.747842, 33.639283], [130.747981, 33.639076], [130.749178, 33.638394], [130.749586, 33.637963], [130.750113, 33.637076], [130.750676, 33.636523], [130.751141, 33.635656], [130.750536, 33.631396], [130.751555, 33.630852], [130.752899, 33.629836], [130.754313, 33.629007], [130.754813, 33.628361], [130.755324, 33.626894], [130.75672, 33.625555], [130.757016, 33.624909], [130.757373, 33.624543], [130.757878, 33.623288], [130.759206, 33.621904], [130.759326, 33.621256], [130.759169, 33.620111], [130.759294, 33.618552], [130.759777, 33.618227], [130.760773, 33.618104], [130.761194, 33.617895], [130.761621, 33.617038], [130.76149, 33.616451], [130.761623, 33.615809], [130.762166, 33.615314], [130.762586, 33.614512], [130.763011, 33.614218], [130.763444, 33.614112], [130.763796, 33.612533], [130.764495, 33.611693], [130.765461, 33.611379], [130.765764, 33.611085], [130.766058, 33.611006], [130.767542, 33.611364], [130.768746, 33.612019], [130.769752, 33.612199], [130.770251, 33.612457], [130.770982, 33.612318], [130.771499, 33.611886], [130.771224, 33.611235], [130.771275, 33.61093], [130.772014, 33.610528], [130.772268, 33.610236], [130.773183, 33.610117], [130.773743, 33.610302], [130.774255, 33.609623], [130.775076, 33.609585], [130.775199, 33.609479], [130.7754, 33.608995], [130.775057, 33.608049], [130.775495, 33.607812], [130.776146, 33.606964], [130.776057, 33.606742], [130.774917, 33.606092], [130.774474, 33.605452], [130.774606, 33.604836], [130.775014, 33.604531], [130.774797, 33.603874], [130.775349, 33.603], [130.775715, 33.602812], [130.774775, 33.601389], [130.774935, 33.60109], [130.775373, 33.600834], [130.77524, 33.600508], [130.774573, 33.599703], [130.773866, 33.599693], [130.773185, 33.598966], [130.772035, 33.59896], [130.772343, 33.598072], [130.773011, 33.597194], [130.773069, 33.596747], [130.774469, 33.595957], [130.77485, 33.595923], [130.775178, 33.595745], [130.774315, 33.595592], [130.772336, 33.594737], [130.771861, 33.594633], [130.771497, 33.594747], [130.771109, 33.594565], [130.770138, 33.59444], [130.769666, 33.593116], [130.768573, 33.591841], [130.768215, 33.592269], [130.767846, 33.592146], [130.767201, 33.592163], [130.766627, 33.591826], [130.766164, 33.591882], [130.765853, 33.59164], [130.765486, 33.59189], [130.7651, 33.591894], [130.764693, 33.590835], [130.764276, 33.5902], [130.763279, 33.589484], [130.762471, 33.588327], [130.761894, 33.587738], [130.761908, 33.586721], [130.762097, 33.586287], [130.763037, 33.585294], [130.763553, 33.584476], [130.764153, 33.584179], [130.763994, 33.583973], [130.76405, 33.582896], [130.764371, 33.582139], [130.767029, 33.57986], [130.769832, 33.579169], [130.77013, 33.578726], [130.770531, 33.577616], [130.771343, 33.576785], [130.771842, 33.575941], [130.773026, 33.576557], [130.773431, 33.577264], [130.773564, 33.577855], [130.774558, 33.577798], [130.775316, 33.574733], [130.775616, 33.574515], [130.776781, 33.574248], [130.776007, 33.573239], [130.7743, 33.571985], [130.772312, 33.5718], [130.772353, 33.571327], [130.772876, 33.570783], [130.773836, 33.570463], [130.774348, 33.569909], [130.775173, 33.569456], [130.775666, 33.569241], [130.776493, 33.569127], [130.776682, 33.56883], [130.77699, 33.568639], [130.778914, 33.568665], [130.779104, 33.567515], [130.779415, 33.567187], [130.779853, 33.567299], [130.780821, 33.56815], [130.782674, 33.568136], [130.785144, 33.56831], [130.785678, 33.568876], [130.786351, 33.569141], [130.786618, 33.569742], [130.787041, 33.570095], [130.788658, 33.570421], [130.788841, 33.570585], [130.789397, 33.571598], [130.78964, 33.572637], [130.789461, 33.57305], [130.790775, 33.572977], [130.791606, 33.573326], [130.792341, 33.573391], [130.793423, 33.574542], [130.794613, 33.574871], [130.795225, 33.575185], [130.795224, 33.575481], [130.794841, 33.575588], [130.794306, 33.57602], [130.793929, 33.576158], [130.793572, 33.576746], [130.793124, 33.577172], [130.792901, 33.578436], [130.7931, 33.578783], [130.793861, 33.578966], [130.794231, 33.579348], [130.795132, 33.579923], [130.796071, 33.580066], [130.797053, 33.581021], [130.797443, 33.58193], [130.797956, 33.582361], [130.797929, 33.584493], [130.797548, 33.585104], [130.797382, 33.585989], [130.797959, 33.587054], [130.797913, 33.587464], [130.797356, 33.587849], [130.797369, 33.588873], [130.797916, 33.589952], [130.798544, 33.590584], [130.798872, 33.591599], [130.798898, 33.592798], [130.799493, 33.593377], [130.799721, 33.594022], [130.799717, 33.595261], [130.799399, 33.596752], [130.799208, 33.596967], [130.799385, 33.59751], [130.799249, 33.597952], [130.799153, 33.598029], [130.798718, 33.597892], [130.797914, 33.598031], [130.796726, 33.597842], [130.796429, 33.599086], [130.795986, 33.599415], [130.797417, 33.601667], [130.797513, 33.602295], [130.797373, 33.603582], [130.798376, 33.604147], [130.798068, 33.604652], [130.798588, 33.605014], [130.798761, 33.605579], [130.799523, 33.606357], [130.799171, 33.607974], [130.799159, 33.608765], [130.799436, 33.609248], [130.801458, 33.611532], [130.80164, 33.612213], [130.801446, 33.612441], [130.797688, 33.61475], [130.794652, 33.616008], [130.793675, 33.617222], [130.793552, 33.618099], [130.793873, 33.618684], [130.794049, 33.6205], [130.794484, 33.621592], [130.794838, 33.623119], [130.795742, 33.623393], [130.79647, 33.623942], [130.79725, 33.624212], [130.797222, 33.623827], [130.797668, 33.623423], [130.799312, 33.624126], [130.799688, 33.623828], [130.800164, 33.62311], [130.80038, 33.622991], [130.800972, 33.622961], [130.801701, 33.621772], [130.802768, 33.621802], [130.80364, 33.622065], [130.804134, 33.621792], [130.804434, 33.621769], [130.805297, 33.621992], [130.806045, 33.621525], [130.807429, 33.621557], [130.807206, 33.621128], [130.807979, 33.621181], [130.807937, 33.620822], [130.808534, 33.620807], [130.808075, 33.620294], [130.809356, 33.619503], [130.81057, 33.619503], [130.812844, 33.618428], [130.812824, 33.617866], [130.813131, 33.616977], [130.813853, 33.617061], [130.814104, 33.616894], [130.814537, 33.616928], [130.815908, 33.616538], [130.816974, 33.61717], [130.81786, 33.616741], [130.818239, 33.616205], [130.819038, 33.615953], [130.819387, 33.615274], [130.820605, 33.615512], [130.820779, 33.615446], [130.821225, 33.6152], [130.820823, 33.61466], [130.820725, 33.614067], [130.821296, 33.613997], [130.821865, 33.613762], [130.822008, 33.613176], [130.822662, 33.612868], [130.822638, 33.611958], [130.82336, 33.610916], [130.823263, 33.610504], [130.823956, 33.609742], [130.825444, 33.609827], [130.826255, 33.610433], [130.829058, 33.610086], [130.829846, 33.609869], [130.831573, 33.60849], [130.831649, 33.607992], [130.831986, 33.607349], [130.832217, 33.6055], [130.833211, 33.606295], [130.833734, 33.606456], [130.833877, 33.606975], [130.834108, 33.607246], [130.835198, 33.607517], [130.8356, 33.607919], [130.836838, 33.608355], [130.836781, 33.608887], [130.837949, 33.609446], [130.838258, 33.609974], [130.838745, 33.610139], [130.839097, 33.610044], [130.839347, 33.610216], [130.839733, 33.610886], [130.839638, 33.611693], [130.839851, 33.61221], [130.839847, 33.61261], [130.840734, 33.61321], [130.840944, 33.613837], [130.84129, 33.613982], [130.841232, 33.614702], [130.841634, 33.614831], [130.842249, 33.615359], [130.843076, 33.615526], [130.842728, 33.616151], [130.84595, 33.617444], [130.844841, 33.619888], [130.844401, 33.620535], [130.844185, 33.621377], [130.841204, 33.627242], [130.839579, 33.628205], [130.839559, 33.628798], [130.839298, 33.629313], [130.838184, 33.630026], [130.83631, 33.631909], [130.836009, 33.632419], [130.83612, 33.633384], [130.835943, 33.634219], [130.83565, 33.634722], [130.836049, 33.635211], [130.836242, 33.635755], [130.837424, 33.635848], [130.837613, 33.636341], [130.837615, 33.637567], [130.840093, 33.63829], [130.840243, 33.638469], [130.840863, 33.638679], [130.84137, 33.638715], [130.84215, 33.638552], [130.843, 33.639121], [130.843021, 33.639613], [130.84325, 33.639999], [130.842701, 33.640366], [130.842191, 33.640982], [130.842051, 33.641974], [130.842337, 33.642454], [130.842206, 33.643151], [130.842553, 33.643788], [130.843188, 33.64433], [130.843258, 33.644808]]]}}, {"type": "Feature", "properties": {"pref_code": "40", "pref_name": "福岡県", "municipality_code": "40207", "municipality_name": "柳川市", "ward_name": "", "display_name": "柳川市", "geometry_key": "40207"}, "geometry": {"type": "Polygon", "coordinates": [[[130.457124, 33.185777], [130.453939, 33.186054], [130.453322, 33.185891], [130.452723, 33.186199], [130.448662, 33.185448], [130.446091, 33.184908], [130.445924, 33.184457], [130.444611, 33.184544], [130.444479, 33.184073], [130.443316, 33.183987], [130.441779, 33.183541], [130.437217, 33.181967], [130.435744, 33.181312], [130.435169, 33.181221], [130.435329, 33.182986], [130.434712, 33.182965], [130.434735, 33.184084], [130.434431, 33.184096], [130.434617, 33.185099], [130.434364, 33.185377], [130.434554, 33.186616], [130.433187, 33.186665], [130.433175, 33.187526], [130.432316, 33.187589], [130.432465, 33.189704], [130.431895, 33.191507], [130.430341, 33.194538], [130.428405, 33.194292], [130.428106, 33.196572], [130.426847, 33.196318], [130.420343, 33.194511], [130.417917, 33.193814], [130.415818, 33.19359], [130.414342, 33.193889], [130.413257, 33.193958], [130.410911, 33.193913], [130.41077, 33.193687], [130.410598, 33.193674], [130.409252, 33.194056], [130.406668, 33.194055], [130.406275, 33.193895], [130.405748, 33.193857], [130.400209, 33.194075], [130.399583, 33.193947], [130.399433, 33.19366], [130.400292, 33.193466], [130.400507, 33.193091], [130.401128, 33.192841], [130.40095, 33.192387], [130.39767, 33.188998], [130.398776, 33.188074], [130.396847, 33.185882], [130.39695, 33.185377], [130.3965, 33.184912], [130.396157, 33.184829], [130.395931, 33.184627], [130.393924, 33.18257], [130.393222, 33.182037], [130.393695, 33.181275], [130.393234, 33.180895], [130.392158, 33.179146], [130.390503, 33.179844], [130.387701, 33.180747], [130.388296, 33.182636], [130.388151, 33.182847], [130.386693, 33.183057], [130.385089, 33.183579], [130.384189, 33.184046], [130.381535, 33.18507], [130.38042, 33.185701], [130.379733, 33.18413], [130.379133, 33.184282], [130.378896, 33.18333], [130.378054, 33.183652], [130.377918, 33.183258], [130.377653, 33.18336], [130.377375, 33.183096], [130.377099, 33.183242], [130.377426, 33.184289], [130.376455, 33.184822], [130.376489, 33.185133], [130.377204, 33.185923], [130.377932, 33.185419], [130.378083, 33.185858], [130.377932, 33.186012], [130.377986, 33.186243], [130.377275, 33.186763], [130.37791, 33.187473], [130.376722, 33.188122], [130.373808, 33.185189], [130.372146, 33.186275], [130.371403, 33.185549], [130.3714, 33.185382], [130.370564, 33.185285], [130.368658, 33.183025], [130.368491, 33.182134], [130.368661, 33.181895], [130.368402, 33.179623], [130.367816, 33.178738], [130.365888, 33.177583], [130.366194, 33.177352], [130.366752, 33.176552], [130.36686, 33.174946], [130.367046, 33.174485], [130.367542, 33.174014], [130.362524, 33.17078], [130.361791, 33.17158], [130.36082, 33.171124], [130.359515, 33.172559], [130.358921, 33.172255], [130.358584, 33.172212], [130.357661, 33.171552], [130.356235, 33.170761], [130.356003, 33.170719], [130.355712, 33.170716], [130.355226, 33.170762], [130.354643, 33.170773], [130.353733, 33.170776], [130.352145, 33.170796], [130.352143, 33.169997], [130.352121, 33.169872], [130.352113, 33.169741], [130.352121, 33.169506], [130.352608, 33.167217], [130.352713, 33.166573], [130.353044, 33.164182], [130.353174, 33.163509], [130.353576, 33.161794], [130.354748, 33.157641], [130.355926, 33.153817], [130.356136, 33.14888], [130.355793, 33.140482], [130.367082, 33.139105], [130.372681, 33.140954], [130.374646, 33.141869], [130.376612, 33.142191], [130.376798, 33.142085], [130.377444, 33.142136], [130.378148, 33.140411], [130.378103, 33.140273], [130.377085, 33.140321], [130.375894, 33.140202], [130.37463, 33.139457], [130.374003, 33.137105], [130.373752, 33.135567], [130.373901, 33.135069], [130.375294, 33.133998], [130.374986, 33.133433], [130.375235, 33.131266], [130.377051, 33.128119], [130.372576, 33.122605], [130.372457, 33.121151], [130.372926, 33.120213], [130.388314, 33.111676], [130.395505, 33.108724], [130.396344, 33.108892], [130.39756, 33.107203], [130.396928, 33.105521], [130.397017, 33.105376], [130.388116, 33.096589], [130.387862, 33.09619], [130.387996, 33.095501], [130.388277, 33.095139], [130.389807, 33.094068], [130.391017, 33.093662], [130.391399, 33.093687], [130.392756, 33.093233], [130.392971, 33.093007], [130.403984, 33.089463], [130.404503, 33.089458], [130.405365, 33.089185], [130.406069, 33.088789], [130.408774, 33.087973], [130.40975, 33.088045], [130.411714, 33.086678], [130.416818, 33.090242], [130.418666, 33.091696], [130.420844, 33.093667], [130.423113, 33.096678], [130.424692, 33.099811], [130.427928, 33.104146], [130.430889, 33.107666], [130.431959, 33.109496], [130.432946, 33.111775], [130.435427, 33.114694], [130.435716, 33.115601], [130.43593, 33.118024], [130.436171, 33.118621], [130.437435, 33.119907], [130.439184, 33.120963], [130.441616, 33.122181], [130.442517, 33.122886], [130.443226, 33.123661], [130.443627, 33.124518], [130.443723, 33.126509], [130.446215, 33.129746], [130.446741, 33.132336], [130.446984, 33.133094], [130.447554, 33.134102], [130.448747, 33.135134], [130.452306, 33.137122], [130.453373, 33.137938], [130.454155, 33.138932], [130.454401, 33.139644], [130.454255, 33.140364], [130.45222, 33.142936], [130.45186, 33.143687], [130.451848, 33.145309], [130.451988, 33.145822], [130.452423, 33.146558], [130.453136, 33.147052], [130.454258, 33.147297], [130.458349, 33.146898], [130.459522, 33.147143], [130.460189, 33.147444], [130.46071, 33.147974], [130.461067, 33.149401], [130.461365, 33.152774], [130.462137, 33.154955], [130.460409, 33.156764], [130.461107, 33.157775], [130.461133, 33.158144], [130.460584, 33.158692], [130.460598, 33.159008], [130.458498, 33.159431], [130.457619, 33.159915], [130.457304, 33.160189], [130.457139, 33.16056], [130.453253, 33.161975], [130.453256, 33.163195], [130.453885, 33.163176], [130.453917, 33.163938], [130.458701, 33.163833], [130.458747, 33.165628], [130.458578, 33.166102], [130.459087, 33.166141], [130.459076, 33.16783], [130.461516, 33.167784], [130.462775, 33.16713], [130.46277, 33.16776], [130.464924, 33.167729], [130.464996, 33.167149], [130.467574, 33.167094], [130.467454, 33.166684], [130.4683, 33.166482], [130.468472, 33.167277], [130.468718, 33.167267], [130.468815, 33.167782], [130.469204, 33.167686], [130.469021, 33.167354], [130.469639, 33.167161], [130.469299, 33.166562], [130.469419, 33.166148], [130.469176, 33.164677], [130.470235, 33.164851], [130.470406, 33.16539], [130.470066, 33.165753], [130.470326, 33.166689], [130.471259, 33.167325], [130.472069, 33.167582], [130.472979, 33.167731], [130.473144, 33.167582], [130.472876, 33.167038], [130.473185, 33.166904], [130.472953, 33.166502], [130.473268, 33.166372], [130.473445, 33.165549], [130.474658, 33.165818], [130.474527, 33.166502], [130.475374, 33.167228], [130.474432, 33.167977], [130.475096, 33.168372], [130.475746, 33.169014], [130.475869, 33.17013], [130.476278, 33.170256], [130.476035, 33.170977], [130.474889, 33.170977], [130.473308, 33.1713], [130.470358, 33.171481], [130.468957, 33.171497], [130.467391, 33.17133], [130.465144, 33.171641], [130.465198, 33.172073], [130.464454, 33.172124], [130.464486, 33.172621], [130.464668, 33.172788], [130.464712, 33.1736], [130.451415, 33.174042], [130.451416, 33.174751], [130.451965, 33.174992], [130.452413, 33.174803], [130.452462, 33.175142], [130.452326, 33.175578], [130.452758, 33.175569], [130.453024, 33.175956], [130.453678, 33.175771], [130.454064, 33.175979], [130.454376, 33.175829], [130.454504, 33.175984], [130.454755, 33.175747], [130.455045, 33.175714], [130.455197, 33.175756], [130.455358, 33.176052], [130.455586, 33.175974], [130.455715, 33.175593], [130.456181, 33.175429], [130.456577, 33.176144], [130.45741, 33.175962], [130.457781, 33.176353], [130.458567, 33.176327], [130.458609, 33.17662], [130.458352, 33.177091], [130.458365, 33.177354], [130.459351, 33.177417], [130.459862, 33.177567], [130.460064, 33.177932], [130.459899, 33.178308], [130.460153, 33.178711], [130.459996, 33.179131], [130.460853, 33.179456], [130.460857, 33.179626], [130.460257, 33.180182], [130.459762, 33.180209], [130.459556, 33.180025], [130.459284, 33.180214], [130.458772, 33.180243], [130.458435, 33.180617], [130.458344, 33.181187], [130.458418, 33.182571], [130.457841, 33.183754], [130.457524, 33.185069], [130.457124, 33.185777]]]}}, {"type": "Feature", "properties": {"pref_code": "40", "pref_name": "福岡県", "municipality_code": "40210", "municipality_name": "八女市", "ward_name": "", "display_name": "八女市", "geometry_key": "40210"}, "geometry": {"type": "Polygon", "coordinates": [[[130.724037, 33.302136], [130.723988, 33.302454], [130.723501, 33.302562], [130.722954, 33.302926], [130.721594, 33.302874], [130.720129, 33.303384], [130.718851, 33.303394], [130.718009, 33.303555], [130.717294, 33.304007], [130.716441, 33.304318], [130.714603, 33.304177], [130.711409, 33.305311], [130.711076, 33.305343], [130.710096, 33.305094], [130.709655, 33.305386], [130.707774, 33.305753], [130.70682, 33.306134], [130.705928, 33.30615], [130.705151, 33.306437], [130.704443, 33.306315], [130.702487, 33.306343], [130.701422, 33.306049], [130.70045, 33.306572], [130.700264, 33.306178], [130.699428, 33.305872], [130.698809, 33.305191], [130.698208, 33.305448], [130.697766, 33.305446], [130.697256, 33.305707], [130.695486, 33.305635], [130.695065, 33.306016], [130.694584, 33.306172], [130.692373, 33.306162], [130.691183, 33.305776], [130.68953, 33.306022], [130.688921, 33.304893], [130.688571, 33.304492], [130.688433, 33.30393], [130.686443, 33.303917], [130.685843, 33.303682], [130.685189, 33.303095], [130.684354, 33.303325], [130.683812, 33.303289], [130.683261, 33.303096], [130.682411, 33.303197], [130.682009, 33.302911], [130.680483, 33.302466], [130.679736, 33.302708], [130.678664, 33.30327], [130.677774, 33.303274], [130.677198, 33.303567], [130.676492, 33.303424], [130.675464, 33.303569], [130.674988, 33.303448], [130.674462, 33.30306], [130.673929, 33.302871], [130.672862, 33.302785], [130.671722, 33.302874], [130.671027, 33.302523], [130.669939, 33.302649], [130.66894, 33.302364], [130.667932, 33.301891], [130.667047, 33.302178], [130.665906, 33.302215], [130.665593, 33.302346], [130.665036, 33.302164], [130.663362, 33.302254], [130.663125, 33.301777], [130.662798, 33.301904], [130.661799, 33.301928], [130.660074, 33.301724], [130.659221, 33.301534], [130.658426, 33.30089], [130.657666, 33.300705], [130.657149, 33.301032], [130.656894, 33.301038], [130.655133, 33.300753], [130.654829, 33.300516], [130.654444, 33.300567], [130.654031, 33.300462], [130.653937, 33.300174], [130.65305, 33.299935], [130.65252, 33.299527], [130.651615, 33.299452], [130.651181, 33.298891], [130.650919, 33.298738], [130.650093, 33.298526], [130.649468, 33.29862], [130.648531, 33.298272], [130.647964, 33.298247], [130.647684, 33.298025], [130.646931, 33.29783], [130.646195, 33.298132], [130.644546, 33.297994], [130.644169, 33.298509], [130.643761, 33.298647], [130.642022, 33.29853], [130.640906, 33.298954], [130.639595, 33.29853], [130.639126, 33.298496], [130.638098, 33.298615], [130.637446, 33.298862], [130.636051, 33.29778], [130.634206, 33.297619], [130.633787, 33.296862], [130.632318, 33.296501], [130.631324, 33.296472], [130.631244, 33.295309], [130.630716, 33.294075], [130.630116, 33.293483], [130.629672, 33.293369], [130.62891, 33.292621], [130.628497, 33.292388], [130.628386, 33.292019], [130.628132, 33.291837], [130.627656, 33.291809], [130.626749, 33.291976], [130.626229, 33.291851], [130.625873, 33.29209], [130.62538, 33.29274], [130.625076, 33.292835], [130.622757, 33.292817], [130.622345, 33.292687], [130.621506, 33.291908], [130.620772, 33.291636], [130.620357, 33.291077], [130.619118, 33.290808], [130.618598, 33.290927], [130.617515, 33.290821], [130.616663, 33.29097], [130.616555, 33.290346], [130.6167, 33.289194], [130.616511, 33.288549], [130.61669, 33.287761], [130.616755, 33.286178], [130.616941, 33.28593], [130.618285, 33.285365], [130.618757, 33.285043], [130.619132, 33.284702], [130.619378, 33.284133], [130.619173, 33.282442], [130.61883, 33.281371], [130.618348, 33.280648], [130.616903, 33.279599], [130.616582, 33.279062], [130.616741, 33.278202], [130.616444, 33.277344], [130.61646, 33.276197], [130.617225, 33.27508], [130.61781, 33.274512], [130.617891, 33.274239], [130.617798, 33.273941], [130.618083, 33.273441], [130.617817, 33.27258], [130.617841, 33.271843], [130.617386, 33.271411], [130.61754, 33.270502], [130.61842, 33.269608], [130.618362, 33.268856], [130.619044, 33.268996], [130.619353, 33.268321], [130.619656, 33.268043], [130.620278, 33.267788], [130.620969, 33.267706], [130.620743, 33.26741], [130.619846, 33.267272], [130.619604, 33.26711], [130.619599, 33.266562], [130.619756, 33.26611], [130.620384, 33.265607], [130.619011, 33.265629], [130.618201, 33.265834], [130.618118, 33.266103], [130.617499, 33.266194], [130.617215, 33.26579], [130.616542, 33.26542], [130.616494, 33.264763], [130.616814, 33.264494], [130.618065, 33.264046], [130.618669, 33.263972], [130.619156, 33.263484], [130.619576, 33.263451], [130.619956, 33.263224], [130.619914, 33.263082], [130.620555, 33.262549], [130.620548, 33.262374], [130.620165, 33.262026], [130.620354, 33.261475], [130.619937, 33.261262], [130.620144, 33.260569], [130.619543, 33.260367], [130.61961, 33.260026], [130.619248, 33.259662], [130.619718, 33.259045], [130.619677, 33.258462], [130.619803, 33.258075], [130.620142, 33.257769], [130.620808, 33.257569], [130.621293, 33.257177], [130.621685, 33.256388], [130.622487, 33.255399], [130.62266, 33.254913], [130.624254, 33.253328], [130.624451, 33.252881], [130.624797, 33.252747], [130.625692, 33.252832], [130.62584, 33.252663], [130.625833, 33.252332], [130.627102, 33.251522], [130.627765, 33.249812], [130.627356, 33.248227], [130.628054, 33.247256], [130.629062, 33.24627], [130.630077, 33.245834], [130.630324, 33.243834], [130.631, 33.243201], [130.631121, 33.242278], [130.630775, 33.241841], [130.630599, 33.241356], [130.631163, 33.240398], [130.63074, 33.239715], [130.630224, 33.239526], [130.629822, 33.239018], [130.630016, 33.238136], [130.629896, 33.237721], [130.629434, 33.237607], [130.628892, 33.23719], [130.628538, 33.237403], [130.627997, 33.237453], [130.6275, 33.237091], [130.626481, 33.237072], [130.626013, 33.236653], [130.625585, 33.23661], [130.62524, 33.23679], [130.623257, 33.236171], [130.6218, 33.236009], [130.620519, 33.236195], [130.619495, 33.237164], [130.619029, 33.23728], [130.618223, 33.237187], [130.617284, 33.236234], [130.616772, 33.236109], [130.616392, 33.236133], [130.615879, 33.236683], [130.615197, 33.236893], [130.613668, 33.23666], [130.613156, 33.236923], [130.612186, 33.23697], [130.611255, 33.23666], [130.610588, 33.236962], [130.609858, 33.236892], [130.608376, 33.237086], [130.607864, 33.237342], [130.607369, 33.238184], [130.606883, 33.23839], [130.605921, 33.238426], [130.605684, 33.23862], [130.605389, 33.240209], [130.604706, 33.240667], [130.605241, 33.241333], [130.605016, 33.242069], [130.604613, 33.242813], [130.603783, 33.243681], [130.603216, 33.244604], [130.602999, 33.244766], [130.602463, 33.244844], [130.601819, 33.244542], [130.601315, 33.244526], [130.600322, 33.24479], [130.599189, 33.244867], [130.597955, 33.244526], [130.597366, 33.24403], [130.597048, 33.24403], [130.596613, 33.244356], [130.596334, 33.244418], [130.595317, 33.244123], [130.594999, 33.243929], [130.594774, 33.243565], [130.594798, 33.242015], [130.59389, 33.241287], [130.59216, 33.240604], [130.591073, 33.240782], [130.590328, 33.240689], [130.589963, 33.240426], [130.589381, 33.239651], [130.588381, 33.239217], [130.587605, 33.239162], [130.586968, 33.238705], [130.586542, 33.238054], [130.585983, 33.237767], [130.584998, 33.237512], [130.58461, 33.237488], [130.583911, 33.237667], [130.582973, 33.237551], [130.577891, 33.235039], [130.576649, 33.234962], [130.575338, 33.235055], [130.574166, 33.23483], [130.573382, 33.234814], [130.572606, 33.235148], [130.571745, 33.234806], [130.570031, 33.234667], [130.569751, 33.234233], [130.568176, 33.234016], [130.566578, 33.233597], [130.566213, 33.23331], [130.564622, 33.232923], [130.563435, 33.232969], [130.562395, 33.232404], [130.562069, 33.232466], [130.560003, 33.23211], [130.554589, 33.231931], [130.55108, 33.232239], [130.550997, 33.231823], [130.550345, 33.230621], [130.547373, 33.230714], [130.547171, 33.230102], [130.547047, 33.230048], [130.545612, 33.230288], [130.544983, 33.230226], [130.543463, 33.230861], [130.541166, 33.231451], [130.537084, 33.232978], [130.535168, 33.233939], [130.534237, 33.23407], [130.531024, 33.234117], [130.530443, 33.233969], [130.529356, 33.233358], [130.529442, 33.232815], [130.52915, 33.231828], [130.526794, 33.23104], [130.526749, 33.231916], [130.525065, 33.232699], [130.52504, 33.233803], [130.525302, 33.234079], [130.526799, 33.234366], [130.527075, 33.234574], [130.524778, 33.234807], [130.524468, 33.234753], [130.524227, 33.234404], [130.52418, 33.23366], [130.524429, 33.232893], [130.524266, 33.232706], [130.522939, 33.232722], [130.521829, 33.231923], [130.521255, 33.231799], [130.520999, 33.231877], [130.520727, 33.232226], [130.520394, 33.232187], [130.520037, 33.231636], [130.518805, 33.231226], [130.518024, 33.229957], [130.518231, 33.229898], [130.518631, 33.230141], [130.519394, 33.230338], [130.519869, 33.230651], [130.520705, 33.230874], [130.523684, 33.230686], [130.524599, 33.230721], [130.525171, 33.230884], [130.526852, 33.230781], [130.527575, 33.230973], [130.527806, 33.230861], [130.527876, 33.230604], [130.526891, 33.230214], [130.52634, 33.230137], [130.525645, 33.230288], [130.524422, 33.229748], [130.523176, 33.227708], [130.522747, 33.227224], [130.521875, 33.226851], [130.520138, 33.226469], [130.520561, 33.226259], [130.521753, 33.22598], [130.522393, 33.225667], [130.523639, 33.225477], [130.525001, 33.225837], [130.525314, 33.226586], [130.525551, 33.226691], [130.525962, 33.226586], [130.526219, 33.226303], [130.52543, 33.224157], [130.525192, 33.224041], [130.522141, 33.223994], [130.521909, 33.223538], [130.521541, 33.223586], [130.521064, 33.222966], [130.521058, 33.222824], [130.521358, 33.222558], [130.521405, 33.222204], [130.521896, 33.221674], [130.521609, 33.221096], [130.522563, 33.219415], [130.523217, 33.219123], [130.523564, 33.218558], [130.524361, 33.218477], [130.524538, 33.218021], [130.524456, 33.217919], [130.523013, 33.217633], [130.523489, 33.216477], [130.523339, 33.216273], [130.52163, 33.216579], [130.521161, 33.215604], [130.52026, 33.215839], [130.520263, 33.216179], [130.519791, 33.216307], [130.519689, 33.216239], [130.519825, 33.215137], [130.520084, 33.214518], [130.519859, 33.214423], [130.519359, 33.21447], [130.519328, 33.214076], [130.519505, 33.213729], [130.52022, 33.213545], [130.520431, 33.213382], [130.520118, 33.213004], [130.520306, 33.212872], [130.520649, 33.21211], [130.520819, 33.210451], [130.520772, 33.209076], [130.522481, 33.208471], [130.522508, 33.207506], [130.522454, 33.207322], [130.521576, 33.206608], [130.521814, 33.205921], [130.521616, 33.205519], [130.520445, 33.204526], [130.519907, 33.203336], [130.519539, 33.203098], [130.518273, 33.202894], [130.518198, 33.202411], [130.517347, 33.202105], [130.51736, 33.201132], [130.5183, 33.200867], [130.519274, 33.200349], [130.521385, 33.199975], [130.522999, 33.199214], [130.525621, 33.199507], [130.526261, 33.200092], [130.527705, 33.200547], [130.528488, 33.200255], [130.529101, 33.200269], [130.530416, 33.201139], [130.530599, 33.201099], [130.530681, 33.200323], [130.531982, 33.199997], [130.531955, 33.198575], [130.531376, 33.198514], [130.53128, 33.198052], [130.527303, 33.198276], [130.527174, 33.198208], [130.526357, 33.196549], [130.526166, 33.196304], [130.525866, 33.196236], [130.525798, 33.196066], [130.525564, 33.194821], [130.525712, 33.194199], [130.525497, 33.194088], [130.525696, 33.193474], [130.525751, 33.192692], [130.526373, 33.191451], [130.527006, 33.191007], [130.527072, 33.190651], [130.527474, 33.190468], [130.527555, 33.190242], [130.527406, 33.18991], [130.527508, 33.189747], [130.528273, 33.189359], [130.52919, 33.189196], [130.529292, 33.188637], [130.531165, 33.188611], [130.532384, 33.187998], [130.532813, 33.187638], [130.532438, 33.186998], [130.533269, 33.186006], [130.534986, 33.185135], [130.535919, 33.184468], [130.539463, 33.184857], [130.540121, 33.184825], [130.541535, 33.184521], [130.543053, 33.183951], [130.543953, 33.183469], [130.545656, 33.18229], [130.546106, 33.182138], [130.543587, 33.180628], [130.542692, 33.179867], [130.542237, 33.179256], [130.541986, 33.177923], [130.541373, 33.176088], [130.541664, 33.174591], [130.541429, 33.174019], [130.54144, 33.173584], [130.54056, 33.171128], [130.540293, 33.170604], [130.539772, 33.170002], [130.539962, 33.169802], [130.54003, 33.168657], [130.540972, 33.167867], [130.541131, 33.16733], [130.540538, 33.166481], [130.5404, 33.165415], [130.539791, 33.165356], [130.539238, 33.164892], [130.53947, 33.163674], [130.539393, 33.163304], [130.538718, 33.162443], [130.538575, 33.161774], [130.538806, 33.16097], [130.538661, 33.160022], [130.539295, 33.158603], [130.540248, 33.15735], [130.540812, 33.156463], [130.540961, 33.155994], [130.541423, 33.155382], [130.541731, 33.155445], [130.542473, 33.155994], [130.542781, 33.156463], [130.543186, 33.156767], [130.543933, 33.157053], [130.544521, 33.157047], [130.54565, 33.157379], [130.546358, 33.157871], [130.546826, 33.158043], [130.549462, 33.157866], [130.550643, 33.157934], [130.550819, 33.157837], [130.551321, 33.157041], [130.55228, 33.156372], [130.552645, 33.155142], [130.55256, 33.154678], [130.552183, 33.154129], [130.55171, 33.153865], [130.551801, 33.153511], [130.551544, 33.152904], [130.55159, 33.152372], [130.551293, 33.150541], [130.551601, 33.149819], [130.551368, 33.149339], [130.551561, 33.148852], [130.550768, 33.148252], [130.550552, 33.147943], [130.549953, 33.146232], [130.549787, 33.144795], [130.549804, 33.144332], [130.550141, 33.143508], [130.551202, 33.142524], [130.551527, 33.141814], [130.552155, 33.141545], [130.552651, 33.14099], [130.553022, 33.140252], [130.553033, 33.139823], [130.553627, 33.139354], [130.553844, 33.13877], [130.553667, 33.137734], [130.553826, 33.137225], [130.553769, 33.136887], [130.552691, 33.136121], [130.552845, 33.13532], [130.552092, 33.134146], [130.551859, 33.132865], [130.55252, 33.130725], [130.552389, 33.130204], [130.551756, 33.129145], [130.552298, 33.127006], [130.552269, 33.125214], [130.552646, 33.124384], [130.553296, 33.123629], [130.554112, 33.12221], [130.555516, 33.121089], [130.555909, 33.120991], [130.556965, 33.120213], [130.557558, 33.118462], [130.557644, 33.117569], [130.557387, 33.116385], [130.557421, 33.114216], [130.557712, 33.112946], [130.557512, 33.112425], [130.556919, 33.112191], [130.556468, 33.111384], [130.556594, 33.110668], [130.557364, 33.109427], [130.557364, 33.109232], [130.556988, 33.108814], [130.55664, 33.108122], [130.555938, 33.107361], [130.556429, 33.106898], [130.556703, 33.106274], [130.557616, 33.106434], [130.557992, 33.105919], [130.558477, 33.105845], [130.558711, 33.105341], [130.560103, 33.1045], [130.560454, 33.10436], [130.561796, 33.104189], [130.563158, 33.104882], [130.565249, 33.105324], [130.565945, 33.106132], [130.567726, 33.105744], [130.569282, 33.106117], [130.570799, 33.106738], [130.571171, 33.107375], [130.570993, 33.108897], [130.571768, 33.109868], [130.573153, 33.111049], [130.573161, 33.11174], [130.574206, 33.112244], [130.575352, 33.113254], [130.576482, 33.113875], [130.576776, 33.11445], [130.576784, 33.114978], [130.578518, 33.114947], [130.578975, 33.115397], [130.579494, 33.115522], [130.580199, 33.116019], [130.580763, 33.115669], [130.581484, 33.115498], [130.582119, 33.114939], [130.582599, 33.114776], [130.584914, 33.115265], [130.585154, 33.115444], [130.585355, 33.115987], [130.585804, 33.115972], [130.586741, 33.11563], [130.587778, 33.115576], [130.588932, 33.115196], [130.58983, 33.113906], [130.591858, 33.113907], [130.592834, 33.113642], [130.593515, 33.113844], [130.594576, 33.113207], [130.59494, 33.11327], [130.59573, 33.113806], [130.596736, 33.114217], [130.597356, 33.114124], [130.598153, 33.114365], [130.59988, 33.114536], [130.60101, 33.114792], [130.602558, 33.114808], [130.602806, 33.114676], [130.602713, 33.114132], [130.603488, 33.113262], [130.604123, 33.112719], [130.60492, 33.112454], [130.605338, 33.112175], [130.606136, 33.111476], [130.606894, 33.110443], [130.608714, 33.110001], [130.609403, 33.109488], [130.609929, 33.109341], [130.611106, 33.109123], [130.611772, 33.109193], [130.612523, 33.109061], [130.613096, 33.108587], [130.613762, 33.108711], [130.614389, 33.108494], [130.615876, 33.108696], [130.617076, 33.109271], [130.618602, 33.110226], [130.618764, 33.111011], [130.619004, 33.111135], [130.619933, 33.110933], [130.621343, 33.11129], [130.622663, 33.111174], [130.623745, 33.111266], [130.624337, 33.111054], [130.625023, 33.111219], [130.625647, 33.111588], [130.627041, 33.111572], [130.627671, 33.11196], [130.628114, 33.112023], [130.628628, 33.111879], [130.629236, 33.111364], [130.629604, 33.111219], [130.630493, 33.111823], [130.630631, 33.112361], [130.630999, 33.112995], [130.631672, 33.113375], [130.632465, 33.113459], [130.633418, 33.113409], [130.633839, 33.113183], [130.635493, 33.111788], [130.635906, 33.111565], [130.637126, 33.111531], [130.637493, 33.111744], [130.637638, 33.112603], [130.638191, 33.11314], [130.639938, 33.113507], [130.640711, 33.112603], [130.641191, 33.112246], [130.642834, 33.112112], [130.64404, 33.11219], [130.644778, 33.112362], [130.645512, 33.112257], [130.645594, 33.112034], [130.645381, 33.111141], [130.645504, 33.110829], [130.646756, 33.110025], [130.646186, 33.108787], [130.64616, 33.108487], [130.64632, 33.108362], [130.648096, 33.10824], [130.649013, 33.108429], [130.650066, 33.10918], [130.650466, 33.110321], [130.650602, 33.110411], [130.653571, 33.109959], [130.655381, 33.108965], [130.655683, 33.108619], [130.656171, 33.10852], [130.656968, 33.108637], [130.659678, 33.109563], [130.659381, 33.11036], [130.658416, 33.111442], [130.657013, 33.111701], [130.656733, 33.112022], [130.656504, 33.112095], [130.654815, 33.112038], [130.654534, 33.112915], [130.654399, 33.113948], [130.654688, 33.115395], [130.654863, 33.115536], [130.656036, 33.115432], [130.657146, 33.115103], [130.658655, 33.115025], [130.659424, 33.115256], [130.659638, 33.115483], [130.659437, 33.116331], [130.660264, 33.117737], [130.660129, 33.118518], [130.659772, 33.119065], [130.659626, 33.121018], [130.660074, 33.121844], [130.660442, 33.123406], [130.659984, 33.124221], [130.659951, 33.124679], [130.661381, 33.126821], [130.661537, 33.127268], [130.661403, 33.129991], [130.661615, 33.130147], [130.662174, 33.130013], [130.662431, 33.130247], [130.662509, 33.131475], [130.662419, 33.131945], [130.662923, 33.134321], [130.663045, 33.134567], [130.664676, 33.135884], [130.665266, 33.136206], [130.665973, 33.13643], [130.667514, 33.136642], [130.668051, 33.137323], [130.6689, 33.138953], [130.668844, 33.139254], [130.668285, 33.140013], [130.668006, 33.140951], [130.667324, 33.142], [130.666531, 33.14277], [130.666309, 33.143376], [130.666509, 33.145136], [130.667313, 33.146651], [130.667151, 33.14774], [130.667012, 33.148249], [130.666587, 33.148964], [130.666609, 33.149533], [130.666285, 33.150559], [130.666554, 33.152099], [130.666509, 33.155046], [130.667537, 33.156954], [130.668017, 33.157222], [130.668663, 33.15709], [130.66936, 33.157332], [130.671683, 33.158593], [130.672518, 33.159322], [130.672695, 33.159838], [130.672718, 33.160492], [130.673096, 33.161196], [130.674528, 33.162035], [130.675408, 33.162338], [130.676018, 33.162393], [130.676937, 33.162763], [130.678112, 33.163498], [130.678665, 33.164041], [130.678765, 33.165525], [130.6791, 33.166529], [130.677916, 33.167244], [130.677793, 33.167556], [130.677844, 33.167749], [130.678669, 33.1685], [130.678991, 33.169673], [130.679634, 33.170948], [130.679839, 33.171247], [130.680021, 33.171308], [130.681793, 33.170756], [130.682499, 33.170005], [130.682913, 33.16982], [130.684419, 33.169247], [130.685217, 33.169076], [130.686065, 33.168247], [130.687001, 33.167607], [130.687192, 33.167257], [130.687049, 33.166835], [130.687136, 33.166366], [130.688085, 33.165562], [130.689023, 33.164405], [130.689495, 33.164161], [130.690627, 33.164161], [130.69077, 33.164065], [130.690759, 33.163234], [130.691168, 33.162291], [130.692212, 33.161574], [130.692582, 33.160508], [130.693089, 33.15995], [130.69289, 33.159465], [130.692024, 33.158479], [130.692028, 33.157146], [130.691448, 33.156301], [130.691344, 33.155509], [130.691041, 33.154945], [130.691336, 33.153751], [130.691108, 33.152247], [130.692054, 33.151547], [130.692778, 33.15134], [130.69336, 33.151324], [130.693783, 33.151539], [130.694014, 33.152151], [130.69489, 33.152939], [130.696145, 33.152694], [130.696468, 33.152883], [130.696811, 33.153488], [130.697145, 33.153584], [130.698028, 33.153571], [130.698795, 33.153194], [130.699893, 33.153269], [130.701149, 33.152326], [130.701383, 33.15227], [130.701525, 33.152412], [130.701536, 33.153114], [130.701949, 33.153425], [130.702587, 33.15352], [130.703224, 33.153457], [130.703033, 33.15317], [130.703075, 33.152897], [130.704316, 33.151658], [130.706689, 33.151762], [130.706912, 33.151699], [130.707296, 33.151276], [130.70771, 33.151244], [130.707925, 33.152032], [130.708188, 33.152199], [130.708611, 33.152128], [130.709137, 33.151801], [130.709358, 33.151844], [130.710889, 33.153608], [130.711176, 33.154232], [130.711128, 33.155013], [130.71218, 33.15532], [130.712356, 33.15533], [130.712798, 33.155016], [130.714339, 33.154954], [130.715295, 33.154452], [130.715981, 33.154484], [130.716602, 33.154301], [130.717543, 33.153792], [130.71869, 33.152678], [130.719957, 33.153044], [130.720204, 33.153012], [130.721526, 33.152025], [130.722268, 33.151779], [130.723121, 33.151942], [130.726594, 33.153211], [130.726904, 33.153498], [130.727128, 33.154008], [130.727687, 33.154328], [130.729844, 33.154756], [130.730561, 33.154573], [130.731167, 33.154684], [130.732368, 33.154484], [130.732944, 33.154016], [130.734004, 33.153817], [130.734529, 33.153423], [130.734644, 33.153057], [130.734506, 33.152193], [130.735501, 33.151684], [130.735637, 33.151445], [130.73574, 33.150389], [130.736338, 33.149901], [130.736569, 33.149185], [130.737058, 33.148841], [130.737516, 33.147694], [130.737485, 33.146367], [130.737637, 33.146009], [130.738465, 33.145914], [130.738878, 33.145391], [130.739316, 33.145242], [130.739751, 33.144765], [130.740974, 33.144268], [130.741323, 33.143929], [130.74162, 33.143294], [130.74205, 33.142969], [130.742632, 33.14289], [130.743692, 33.143288], [130.744265, 33.142938], [130.745588, 33.142707], [130.74617, 33.141887], [130.746844, 33.14155], [130.747652, 33.140516], [130.748185, 33.140493], [130.749058, 33.140013], [130.749754, 33.138904], [130.752236, 33.138433], [130.75387, 33.137448], [130.754142, 33.136801], [130.75379, 33.135884], [130.754373, 33.135398], [130.754408, 33.134759], [130.754822, 33.134114], [130.754902, 33.133682], [130.755014, 33.133534], [130.755575, 33.133534], [130.756824, 33.132361], [130.758553, 33.131552], [130.759482, 33.131727], [130.760074, 33.131619], [130.760571, 33.131835], [130.761003, 33.131848], [130.761499, 33.131552], [130.762204, 33.131876], [130.762508, 33.132901], [130.762733, 33.133008], [130.763229, 33.132792], [130.763982, 33.131902], [130.763645, 33.131012], [130.764138, 33.13044], [130.765226, 33.128592], [130.766043, 33.128646], [130.766588, 33.128336], [130.768301, 33.127756], [130.768759, 33.126651], [130.769544, 33.126287], [130.769961, 33.125936], [130.770601, 33.125046], [130.770889, 33.124331], [130.77161, 33.124641], [130.772571, 33.12479], [130.773371, 33.125086], [130.774407, 33.125137], [130.776899, 33.124107], [130.777556, 33.123217], [130.778431, 33.123741], [130.779301, 33.123729], [130.77983, 33.124296], [130.780567, 33.124161], [130.781494, 33.124744], [130.78188, 33.124808], [130.783017, 33.124525], [130.783898, 33.124539], [130.785958, 33.123018], [130.786166, 33.122991], [130.786599, 33.123072], [130.787111, 33.123544], [130.788584, 33.123544], [130.789177, 33.12403], [130.792012, 33.123692], [130.792788, 33.123383], [130.792964, 33.123006], [130.79298, 33.122466], [130.793765, 33.122048], [130.794049, 33.121672], [130.794774, 33.121805], [130.795463, 33.12167], [130.79668, 33.120497], [130.797048, 33.120349], [130.798986, 33.120537], [130.800263, 33.119583], [130.8005, 33.119248], [130.801797, 33.118641], [130.802358, 33.118182], [130.802952, 33.118215], [130.803959, 33.117804], [130.804009, 33.117357], [130.804153, 33.117195], [130.805598, 33.116943], [130.806778, 33.116011], [130.807279, 33.115857], [130.808323, 33.116189], [130.809412, 33.116067], [130.810677, 33.116634], [130.811822, 33.116641], [130.813335, 33.11506], [130.814496, 33.114444], [130.815519, 33.114348], [130.815881, 33.114004], [130.816289, 33.113899], [130.816642, 33.113912], [130.818295, 33.11443], [130.818513, 33.1143], [130.818612, 33.114034], [130.818548, 33.113427], [130.819172, 33.11309], [130.819842, 33.111944], [130.820969, 33.111351], [130.821414, 33.110487], [130.821458, 33.110167], [130.821296, 33.109626], [130.821494, 33.108837], [130.8213, 33.10853], [130.820461, 33.108001], [130.820379, 33.106569], [130.821044, 33.106419], [130.821751, 33.106058], [130.822546, 33.105919], [130.823116, 33.106021], [130.824281, 33.105641], [130.825066, 33.105789], [130.826418, 33.106569], [130.827797, 33.106387], [130.82826, 33.106394], [130.828516, 33.106556], [130.828919, 33.106604], [130.829576, 33.106482], [130.829877, 33.106219], [130.830166, 33.105652], [130.830674, 33.105205], [130.831002, 33.105157], [130.831351, 33.105261], [130.831867, 33.105605], [130.832188, 33.105668], [130.833368, 33.105194], [130.833792, 33.105253], [130.834531, 33.105598], [130.835731, 33.105409], [130.836103, 33.105508], [130.836598, 33.105253], [130.837368, 33.104038], [130.837739, 33.103975], [130.838936, 33.104254], [130.839823, 33.104052], [130.839837, 33.104843], [130.84015, 33.105096], [130.841463, 33.105474], [130.842232, 33.105285], [130.84252, 33.105366], [130.84316, 33.106404], [130.844025, 33.106822], [130.844121, 33.107506], [130.844497, 33.107691], [130.845828, 33.107938], [130.846757, 33.107614], [130.848174, 33.107788], [130.849049, 33.107647], [130.849342, 33.107773], [130.849654, 33.108181], [130.850046, 33.108292], [130.851176, 33.108222], [130.851929, 33.108694], [130.853322, 33.109139], [130.853635, 33.110846], [130.853859, 33.111211], [130.85504, 33.11234], [130.855344, 33.112839], [130.855649, 33.113082], [130.85685, 33.113567], [130.858019, 33.113837], [130.858451, 33.11444], [130.858407, 33.114965], [130.858519, 33.115235], [130.85938, 33.115564], [130.860173, 33.116504], [130.860757, 33.11671], [130.861309, 33.117362], [130.861648, 33.117526], [130.861375, 33.118146], [130.861503, 33.118551], [130.860911, 33.119292], [130.860591, 33.12025], [130.859459, 33.121365], [130.860211, 33.121931], [130.861172, 33.122363], [130.86146, 33.122431], [130.861701, 33.122336], [130.863014, 33.122687], [130.863043, 33.123179], [130.863235, 33.123419], [130.864182, 33.123712], [130.864229, 33.124083], [130.864816, 33.125281], [130.86472, 33.125591], [130.86488, 33.12578], [130.8652, 33.125874], [130.865639, 33.126444], [130.866225, 33.126846], [130.866209, 33.127736], [130.866513, 33.128235], [130.866636, 33.12984], [130.866751, 33.130212], [130.867456, 33.131076], [130.8672, 33.131669], [130.867264, 33.132451], [130.866976, 33.133287], [130.867056, 33.133746], [130.867951, 33.134614], [130.86904, 33.1363], [130.86912, 33.136987], [130.869456, 33.137581], [130.86912, 33.138795], [130.869184, 33.13924], [130.869376, 33.139793], [130.869966, 33.14058], [130.870143, 33.141093], [130.870815, 33.141862], [130.870959, 33.142442], [130.870543, 33.143655], [130.870403, 33.144848], [130.870435, 33.14532], [130.870733, 33.145753], [130.870728, 33.146583], [130.871326, 33.14752], [130.872478, 33.14806], [130.872546, 33.148621], [130.873422, 33.149259], [130.87421, 33.148712], [130.874516, 33.14873], [130.875791, 33.149481], [130.875953, 33.149884], [130.876833, 33.150738], [130.877531, 33.150743], [130.877813, 33.150898], [130.878343, 33.151801], [130.879058, 33.152142], [130.879346, 33.152411], [130.879646, 33.152985], [130.879375, 33.153509], [130.879352, 33.153978], [130.878741, 33.154436], [130.879162, 33.155592], [130.879127, 33.156547], [130.878533, 33.157189], [130.876959, 33.159412], [130.876988, 33.159986], [130.877391, 33.160788], [130.876988, 33.161664], [130.877155, 33.16268], [130.87667, 33.163291], [130.876618, 33.164653], [130.875609, 33.165446], [130.875143, 33.166267], [130.874814, 33.166481], [130.874082, 33.167419], [130.873615, 33.167742], [130.873499, 33.168002], [130.873592, 33.168426], [130.874174, 33.169009], [130.875565, 33.169788], [130.875715, 33.170644], [130.875928, 33.170832], [130.876896, 33.171503], [130.877401, 33.171566], [130.877812, 33.171827], [130.878396, 33.172769], [130.877847, 33.174198], [130.877967, 33.174344], [130.878418, 33.174522], [130.880183, 33.174784], [130.881019, 33.175077], [130.881551, 33.174847], [130.881843, 33.174868], [130.882586, 33.175171], [130.883448, 33.17581], [130.884126, 33.176051], [130.885439, 33.176145], [130.885718, 33.176292], [130.885559, 33.178302], [130.886037, 33.179056], [130.885878, 33.179621], [130.886594, 33.180469], [130.886554, 33.181433], [130.8869, 33.182386], [130.886196, 33.18471], [130.886714, 33.185589], [130.887457, 33.18627], [130.887497, 33.186479], [130.887338, 33.186783], [130.886116, 33.186825], [130.885572, 33.187034], [130.884643, 33.187704], [130.883767, 33.187222], [130.883209, 33.187055], [130.882798, 33.187139], [130.881489, 33.187835], [130.880202, 33.188348], [130.8791, 33.188515], [130.877122, 33.189122], [130.874866, 33.189269], [130.874567, 33.190259], [130.873903, 33.190557], [130.872948, 33.191467], [130.872406, 33.19167], [130.871255, 33.191661], [130.871097, 33.191778], [130.870471, 33.192636], [130.869996, 33.193612], [130.869599, 33.193866], [130.867792, 33.194092], [130.865901, 33.193927], [130.864248, 33.193057], [130.863678, 33.193061], [130.863524, 33.193186], [130.863386, 33.193754], [130.862888, 33.194163], [130.862649, 33.194799], [130.861257, 33.195403], [130.860584, 33.196324], [130.859536, 33.197027], [130.858875, 33.198053], [130.857982, 33.198463], [130.85592, 33.198544], [130.854326, 33.200021], [130.852873, 33.200458], [130.852136, 33.200466], [130.851203, 33.201562], [130.850623, 33.201827], [130.849558, 33.201932], [130.848313, 33.2028], [130.847195, 33.203117], [130.847185, 33.203785], [130.846961, 33.204328], [130.845316, 33.204715], [130.844024, 33.206731], [130.843555, 33.207237], [130.842674, 33.207506], [130.841168, 33.208447], [130.84068, 33.208609], [130.840431, 33.208874], [130.840182, 33.209493], [130.839734, 33.209891], [130.838527, 33.209919], [130.836489, 33.210599], [130.836322, 33.211006], [130.836427, 33.211766], [130.836741, 33.213032], [130.837397, 33.214267], [130.837598, 33.215347], [130.838823, 33.216928], [130.840231, 33.217636], [130.841159, 33.217551], [130.841999, 33.217737], [130.842277, 33.218299], [130.843062, 33.218444], [130.843956, 33.218879], [130.844462, 33.219309], [130.844491, 33.219623], [130.844237, 33.220334], [130.844352, 33.220559], [130.844836, 33.220744], [130.844922, 33.220902], [130.844811, 33.222567], [130.844898, 33.222816], [130.847761, 33.223772], [130.848054, 33.223989], [130.84835, 33.223115], [130.849063, 33.223034], [130.849359, 33.223107], [130.850215, 33.223577], [130.850972, 33.223823], [130.851358, 33.22447], [130.851995, 33.224574], [130.852862, 33.22513], [130.853439, 33.22534], [130.854095, 33.226229], [130.854636, 33.226527], [130.856266, 33.226358], [130.856831, 33.226048], [130.856908, 33.225815], [130.857586, 33.225549], [130.858017, 33.225714], [130.858333, 33.225962], [130.858471, 33.226353], [130.858337, 33.227], [130.858644, 33.227842], [130.859237, 33.22811], [130.859514, 33.228412], [130.859586, 33.229126], [130.859404, 33.229521], [130.859098, 33.229547], [130.857573, 33.230525], [130.856506, 33.230972], [130.855876, 33.230746], [130.855411, 33.230984], [130.854679, 33.231157], [130.854238, 33.231648], [130.853412, 33.232053], [130.852545, 33.232254], [130.848596, 33.232552], [130.84783, 33.233076], [130.846437, 33.233261], [130.8441, 33.233333], [130.843128, 33.233019], [130.842118, 33.233071], [130.840669, 33.233457], [130.839517, 33.233296], [130.838293, 33.233526], [130.836973, 33.233538], [130.83594, 33.233997], [130.835384, 33.233421], [130.83495, 33.233795], [130.833657, 33.233944], [130.832929, 33.234169], [130.831414, 33.233666], [130.830482, 33.234189], [130.829942, 33.234812], [130.829482, 33.23476], [130.828182, 33.235804], [130.826262, 33.236762], [130.826257, 33.237467], [130.826448, 33.238319], [130.826353, 33.238688], [130.825826, 33.239888], [130.825132, 33.240458], [130.825056, 33.240781], [130.826233, 33.241879], [130.826142, 33.243724], [130.826424, 33.244095], [130.827478, 33.244905], [130.826243, 33.246941], [130.825329, 33.249147], [130.825243, 33.249631], [130.825047, 33.249881], [130.82475, 33.251051], [130.825128, 33.252817], [130.824852, 33.253421], [130.823953, 33.253423], [130.822638, 33.253944], [130.822069, 33.254729], [130.821119, 33.255541], [130.821099, 33.256192], [130.820881, 33.256572], [130.819472, 33.257995], [130.816864, 33.257682], [130.816644, 33.25749], [130.816472, 33.256889], [130.816138, 33.256613], [130.814853, 33.256502], [130.814448, 33.256729], [130.813919, 33.257644], [130.812891, 33.257821], [130.811914, 33.25867], [130.81113, 33.258939], [130.810808, 33.259449], [130.80989, 33.259922], [130.809104, 33.260498], [130.808309, 33.260731], [130.807764, 33.261099], [130.805753, 33.261262], [130.805263, 33.261434], [130.804632, 33.261949], [130.80415, 33.262563], [130.803776, 33.262747], [130.803099, 33.262753], [130.802538, 33.262974], [130.801612, 33.26298], [130.800911, 33.263465], [130.800285, 33.263604], [130.798603, 33.263715], [130.797677, 33.263574], [130.795559, 33.263598], [130.794646, 33.263394], [130.794077, 33.263541], [130.793046, 33.263499], [130.792582, 33.264351], [130.79252, 33.264841], [130.791726, 33.265565], [130.791368, 33.266571], [130.792021, 33.268672], [130.792581, 33.26958], [130.792099, 33.269653], [130.791803, 33.269868], [130.788739, 33.270075], [130.788311, 33.269983], [130.787828, 33.269639], [130.787279, 33.270639], [130.787014, 33.270738], [130.786088, 33.27075], [130.785683, 33.27067], [130.785333, 33.270204], [130.784959, 33.270063], [130.782826, 33.270191], [130.782538, 33.269363], [130.782236, 33.268974], [130.781783, 33.268732], [130.781204, 33.268656], [130.780636, 33.26938], [130.779904, 33.269736], [130.779593, 33.27038], [130.779133, 33.270822], [130.77816, 33.271312], [130.777172, 33.272374], [130.776876, 33.272852], [130.776465, 33.274105], [130.776013, 33.274755], [130.77592, 33.27559], [130.774667, 33.275712], [130.773364, 33.275387], [130.772713, 33.275608], [130.772113, 33.27627], [130.772219, 33.276952], [130.77211, 33.277278], [130.771503, 33.27794], [130.770156, 33.278615], [130.76993, 33.279234], [130.769113, 33.280069], [130.768967, 33.281174], [130.768687, 33.28161], [130.767044, 33.282512], [130.766514, 33.282671], [130.765985, 33.282671], [130.764724, 33.282506], [130.763857, 33.282266], [130.763351, 33.281996], [130.762969, 33.282039], [130.76265, 33.282193], [130.762471, 33.282463], [130.762678, 33.283366], [130.762543, 33.283423], [130.761996, 33.283186], [130.759178, 33.282831], [130.758415, 33.282137], [130.757051, 33.281628], [130.756086, 33.281414], [130.754793, 33.282364], [130.753984, 33.282315], [130.753061, 33.28282], [130.752349, 33.282935], [130.751897, 33.282726], [130.751644, 33.282305], [130.750913, 33.281618], [130.750484, 33.281428], [130.749667, 33.281305], [130.748849, 33.280747], [130.74765, 33.280361], [130.747256, 33.280019], [130.746863, 33.28009], [130.74619, 33.279955], [130.745147, 33.279965], [130.744248, 33.280283], [130.743669, 33.280672], [130.743325, 33.280724], [130.743362, 33.281195], [130.742837, 33.281834], [130.742224, 33.281973], [130.741141, 33.282524], [130.740974, 33.282847], [130.739972, 33.283489], [130.738714, 33.284631], [130.737712, 33.284795], [130.737028, 33.285061], [130.735509, 33.285118], [130.735023, 33.285387], [130.734552, 33.286185], [130.734147, 33.286547], [130.73328, 33.286876], [130.731874, 33.286315], [130.731671, 33.286327], [130.730822, 33.287268], [130.729986, 33.287829], [130.730111, 33.288274], [130.730001, 33.288643], [130.730062, 33.288829], [130.730279, 33.288896], [130.730304, 33.289589], [130.730027, 33.291027], [130.730292, 33.291535], [130.73027, 33.292145], [130.730795, 33.292551], [130.72982, 33.292499], [130.727203, 33.294242], [130.726451, 33.294429], [130.726194, 33.294759], [130.725776, 33.295015], [130.725328, 33.295631], [130.724966, 33.296229], [130.725151, 33.297072], [130.725008, 33.297481], [130.724845, 33.299776], [130.724252, 33.300764], [130.724037, 33.302136]]]}}, {"type": "Feature", "properties": {"pref_code": "40", "pref_name": "福岡県", "municipality_code": "40211", "municipality_name": "筑後市", "ward_name": "", "display_name": "筑後市", "geometry_key": "40211"}, "geometry": {"type": "Polygon", "coordinates": [[[130.518805, 33.231226], [130.518606, 33.231346], [130.518666, 33.231687], [130.518335, 33.231878], [130.518395, 33.233422], [130.518616, 33.233793], [130.516939, 33.234555], [130.516949, 33.235307], [130.51645, 33.237092], [130.515934, 33.237019], [130.516406, 33.236229], [130.516155, 33.235965], [130.515519, 33.235905], [130.514925, 33.236998], [130.514481, 33.237281], [130.514822, 33.237839], [130.515272, 33.237531], [130.516384, 33.237403], [130.51603, 33.237647], [130.516043, 33.23818], [130.516371, 33.238661], [130.516339, 33.238796], [130.516076, 33.238937], [130.515478, 33.238879], [130.515253, 33.238404], [130.515105, 33.238353], [130.514964, 33.238481], [130.515137, 33.239033], [130.514964, 33.239117], [130.514764, 33.238706], [130.514391, 33.238565], [130.514218, 33.238045], [130.514289, 33.237744], [130.514089, 33.23741], [130.513376, 33.237551], [130.513408, 33.237859], [130.513774, 33.237911], [130.513774, 33.238039], [130.512714, 33.238488], [130.512804, 33.239137], [130.51193, 33.239615], [130.511639, 33.239515], [130.511212, 33.238618], [130.511553, 33.238327], [130.511066, 33.23762], [130.508587, 33.238703], [130.509993, 33.241706], [130.510881, 33.241921], [130.511112, 33.241841], [130.511193, 33.241686], [130.510876, 33.241274], [130.511243, 33.240622], [130.511544, 33.240472], [130.512196, 33.240392], [130.513527, 33.24125], [130.513882, 33.241041], [130.514338, 33.241522], [130.513891, 33.241838], [130.51304, 33.241291], [130.512653, 33.241455], [130.512286, 33.241997], [130.511323, 33.242443], [130.510605, 33.242357], [130.510455, 33.242092], [130.509682, 33.242257], [130.509852, 33.242443], [130.510304, 33.242513], [130.511283, 33.243559], [130.510966, 33.244092], [130.509818, 33.244717], [130.509994, 33.24507], [130.510411, 33.245366], [130.510644, 33.245354], [130.510814, 33.245177], [130.510688, 33.244881], [130.510783, 33.244755], [130.511256, 33.24478], [130.511533, 33.244402], [130.512052, 33.244154], [130.512292, 33.244336], [130.512251, 33.244628], [130.511958, 33.244816], [130.511989, 33.245066], [130.511572, 33.245348], [130.511541, 33.246104], [130.511259, 33.246119], [130.511089, 33.245686], [130.510751, 33.245713], [130.510985, 33.246862], [130.511865, 33.246646], [130.512125, 33.247216], [130.512848, 33.247105], [130.512807, 33.246734], [130.513563, 33.246336], [130.51309, 33.245493], [130.513011, 33.2449], [130.513234, 33.244803], [130.513776, 33.24566], [130.51408, 33.245697], [130.514269, 33.24593], [130.514487, 33.246377], [130.514313, 33.24662], [130.514323, 33.246898], [130.51483, 33.247087], [130.514607, 33.247499], [130.51319, 33.247732], [130.512265, 33.249599], [130.512787, 33.250751], [130.511888, 33.250909], [130.512012, 33.251986], [130.511838, 33.252443], [130.511913, 33.252557], [130.512279, 33.252492], [130.512429, 33.253099], [130.512361, 33.253561], [130.512052, 33.253553], [130.510911, 33.253904], [130.510308, 33.254284], [130.510084, 33.254906], [130.509513, 33.255134], [130.509133, 33.252389], [130.50926, 33.250947], [130.508511, 33.248347], [130.50842, 33.247059], [130.50833, 33.246961], [130.508207, 33.247042], [130.507201, 33.247883], [130.505769, 33.246073], [130.505611, 33.245292], [130.50511, 33.244682], [130.503863, 33.245073], [130.503918, 33.245384], [130.503698, 33.245702], [130.503094, 33.245696], [130.50335, 33.245152], [130.503246, 33.245073], [130.502495, 33.245775], [130.501493, 33.245579], [130.501475, 33.246501], [130.502037, 33.246873], [130.50156, 33.247239], [130.501401, 33.247654], [130.500845, 33.247733], [130.500723, 33.247617], [130.500644, 33.246775], [130.500455, 33.246544], [130.498133, 33.245226], [130.49767, 33.245069], [130.497317, 33.245107], [130.496826, 33.244902], [130.496725, 33.244321], [130.497041, 33.243668], [130.495737, 33.243328], [130.495508, 33.243929], [130.492872, 33.243264], [130.492589, 33.243882], [130.492169, 33.243763], [130.492061, 33.244007], [130.491364, 33.243812], [130.490089, 33.243888], [130.489234, 33.243749], [130.487314, 33.243679], [130.487352, 33.242553], [130.486799, 33.240956], [130.486486, 33.240751], [130.486013, 33.240904], [130.485689, 33.240522], [130.485023, 33.240219], [130.484896, 33.240443], [130.484656, 33.24048], [130.48389, 33.240385], [130.483814, 33.240851], [130.483476, 33.240957], [130.483503, 33.239993], [130.483264, 33.239975], [130.482742, 33.240451], [130.482429, 33.24045], [130.482355, 33.240681], [130.481537, 33.240739], [130.481456, 33.240633], [130.481779, 33.240391], [130.481277, 33.240389], [130.482049, 33.239877], [130.482087, 33.239473], [130.481532, 33.239662], [130.481605, 33.239897], [130.481148, 33.240049], [130.480916, 33.239961], [130.480469, 33.240131], [130.480059, 33.240523], [130.47981, 33.240549], [130.479507, 33.24078], [130.479017, 33.240697], [130.478319, 33.240763], [130.478489, 33.241796], [130.476819, 33.242072], [130.476616, 33.241267], [130.473697, 33.241644], [130.47345, 33.240241], [130.475471, 33.239995], [130.475307, 33.238965], [130.476499, 33.238365], [130.476163, 33.236085], [130.475208, 33.23592], [130.475217, 33.234703], [130.475657, 33.234755], [130.475693, 33.234558], [130.47515, 33.23401], [130.474854, 33.232566], [130.473505, 33.233091], [130.473553, 33.233257], [130.472178, 33.233536], [130.471196, 33.230791], [130.470235, 33.230877], [130.470089, 33.230602], [130.469786, 33.23061], [130.469345, 33.228931], [130.469445, 33.228501], [130.469284, 33.228103], [130.465813, 33.228091], [130.465771, 33.227951], [130.466206, 33.227935], [130.466183, 33.227704], [130.465353, 33.22775], [130.465294, 33.227079], [130.466133, 33.227027], [130.466059, 33.225709], [130.465743, 33.224766], [130.46519, 33.224676], [130.465036, 33.224447], [130.463702, 33.224286], [130.463701, 33.224106], [130.463691, 33.22363], [130.463375, 33.222998], [130.462751, 33.222673], [130.462598, 33.222478], [130.461872, 33.222179], [130.461378, 33.221347], [130.460834, 33.220981], [130.460591, 33.220404], [130.460836, 33.220294], [130.460174, 33.218504], [130.460319, 33.218285], [130.460007, 33.216753], [130.459986, 33.21521], [130.459807, 33.214206], [130.459044, 33.210524], [130.458846, 33.210468], [130.458082, 33.206844], [130.451579, 33.204826], [130.45224, 33.202349], [130.452231, 33.201643], [130.453167, 33.195775], [130.453191, 33.194317], [130.453345, 33.193829], [130.453648, 33.1938], [130.454396, 33.192204], [130.456887, 33.191799], [130.457854, 33.191453], [130.459507, 33.190529], [130.458919, 33.189098], [130.458452, 33.188692], [130.458203, 33.188251], [130.458138, 33.188022], [130.458286, 33.18773], [130.458108, 33.186849], [130.457249, 33.186068], [130.457124, 33.185777], [130.457524, 33.185069], [130.457841, 33.183754], [130.458418, 33.182571], [130.458344, 33.181187], [130.458435, 33.180617], [130.458772, 33.180243], [130.459284, 33.180214], [130.459556, 33.180025], [130.459762, 33.180209], [130.460257, 33.180182], [130.460857, 33.179626], [130.460853, 33.179456], [130.459996, 33.179131], [130.460153, 33.178711], [130.459899, 33.178308], [130.460064, 33.177932], [130.459862, 33.177567], [130.459351, 33.177417], [130.458365, 33.177354], [130.458352, 33.177091], [130.458609, 33.17662], [130.458567, 33.176327], [130.457781, 33.176353], [130.45741, 33.175962], [130.456577, 33.176144], [130.456181, 33.175429], [130.455715, 33.175593], [130.455586, 33.175974], [130.455358, 33.176052], [130.455197, 33.175756], [130.455045, 33.175714], [130.454755, 33.175747], [130.454504, 33.175984], [130.454376, 33.175829], [130.454064, 33.175979], [130.453678, 33.175771], [130.453024, 33.175956], [130.452758, 33.175569], [130.452326, 33.175578], [130.452462, 33.175142], [130.452413, 33.174803], [130.451965, 33.174992], [130.451416, 33.174751], [130.451415, 33.174042], [130.464712, 33.1736], [130.464668, 33.172788], [130.464486, 33.172621], [130.464454, 33.172124], [130.465198, 33.172073], [130.465144, 33.171641], [130.467391, 33.17133], [130.468957, 33.171497], [130.470358, 33.171481], [130.473308, 33.1713], [130.474889, 33.170977], [130.476035, 33.170977], [130.47643, 33.171351], [130.476853, 33.172097], [130.476564, 33.172376], [130.476803, 33.174277], [130.476757, 33.17617], [130.475743, 33.176244], [130.475645, 33.178257], [130.476861, 33.178294], [130.47682, 33.183162], [130.482874, 33.18304], [130.483625, 33.182768], [130.48519, 33.18284], [130.485981, 33.182963], [130.485969, 33.18322], [130.485505, 33.183743], [130.485891, 33.184186], [130.486249, 33.184324], [130.486691, 33.184133], [130.487101, 33.184614], [130.487518, 33.18459], [130.487538, 33.183947], [130.486492, 33.183963], [130.486271, 33.183721], [130.486284, 33.18352], [130.486707, 33.18348], [130.486714, 33.183206], [130.487513, 33.183051], [130.487416, 33.181471], [130.487081, 33.18068], [130.487251, 33.179883], [130.491118, 33.17968], [130.490685, 33.178922], [130.489547, 33.178177], [130.489814, 33.177722], [130.488968, 33.177174], [130.488791, 33.177269], [130.488133, 33.176898], [130.487951, 33.177092], [130.485755, 33.175927], [130.485508, 33.175728], [130.485427, 33.17517], [130.487009, 33.174494], [130.487645, 33.173165], [130.488093, 33.172679], [130.492642, 33.173035], [130.494464, 33.172666], [130.495753, 33.172686], [130.497789, 33.173882], [130.497789, 33.175543], [130.499348, 33.176995], [130.502007, 33.180429], [130.503654, 33.181785], [130.505396, 33.182507], [130.50771, 33.182523], [130.508867, 33.182306], [130.511654, 33.181456], [130.513582, 33.181287], [130.51763, 33.181921], [130.519574, 33.182057], [130.52608, 33.181536], [130.526843, 33.181704], [130.531928, 33.183654], [130.535919, 33.184468], [130.534986, 33.185135], [130.533269, 33.186006], [130.532438, 33.186998], [130.532813, 33.187638], [130.532384, 33.187998], [130.531165, 33.188611], [130.529292, 33.188637], [130.52919, 33.189196], [130.528273, 33.189359], [130.527508, 33.189747], [130.527406, 33.18991], [130.527555, 33.190242], [130.527474, 33.190468], [130.527072, 33.190651], [130.527006, 33.191007], [130.526373, 33.191451], [130.525751, 33.192692], [130.525696, 33.193474], [130.525497, 33.194088], [130.525712, 33.194199], [130.525564, 33.194821], [130.525798, 33.196066], [130.525866, 33.196236], [130.526166, 33.196304], [130.526357, 33.196549], [130.527174, 33.198208], [130.527303, 33.198276], [130.53128, 33.198052], [130.531376, 33.198514], [130.531955, 33.198575], [130.531982, 33.199997], [130.530681, 33.200323], [130.530599, 33.201099], [130.530416, 33.201139], [130.529101, 33.200269], [130.528488, 33.200255], [130.527705, 33.200547], [130.526261, 33.200092], [130.525621, 33.199507], [130.522999, 33.199214], [130.521385, 33.199975], [130.519274, 33.200349], [130.5183, 33.200867], [130.51736, 33.201132], [130.517347, 33.202105], [130.518198, 33.202411], [130.518273, 33.202894], [130.519539, 33.203098], [130.519907, 33.203336], [130.520445, 33.204526], [130.521616, 33.205519], [130.521814, 33.205921], [130.521576, 33.206608], [130.522454, 33.207322], [130.522508, 33.207506], [130.522481, 33.208471], [130.520772, 33.209076], [130.520819, 33.210451], [130.520649, 33.21211], [130.520306, 33.212872], [130.520118, 33.213004], [130.520431, 33.213382], [130.52022, 33.213545], [130.519505, 33.213729], [130.519328, 33.214076], [130.519359, 33.21447], [130.519859, 33.214423], [130.520084, 33.214518], [130.519825, 33.215137], [130.519689, 33.216239], [130.519791, 33.216307], [130.520263, 33.216179], [130.52026, 33.215839], [130.521161, 33.215604], [130.52163, 33.216579], [130.523339, 33.216273], [130.523489, 33.216477], [130.523013, 33.217633], [130.524456, 33.217919], [130.524538, 33.218021], [130.524361, 33.218477], [130.523564, 33.218558], [130.523217, 33.219123], [130.522563, 33.219415], [130.521609, 33.221096], [130.521896, 33.221674], [130.521405, 33.222204], [130.521358, 33.222558], [130.521058, 33.222824], [130.521064, 33.222966], [130.521541, 33.223586], [130.521909, 33.223538], [130.522141, 33.223994], [130.525192, 33.224041], [130.52543, 33.224157], [130.526219, 33.226303], [130.525962, 33.226586], [130.525551, 33.226691], [130.525314, 33.226586], [130.525001, 33.225837], [130.523639, 33.225477], [130.522393, 33.225667], [130.521753, 33.22598], [130.520561, 33.226259], [130.520138, 33.226469], [130.521875, 33.226851], [130.522747, 33.227224], [130.523176, 33.227708], [130.524422, 33.229748], [130.525645, 33.230288], [130.524065, 33.230012], [130.523205, 33.230084], [130.522924, 33.229943], [130.522694, 33.230001], [130.522408, 33.230319], [130.522101, 33.230032], [130.521884, 33.230166], [130.520936, 33.230062], [130.519394, 33.230338], [130.518631, 33.230141], [130.518231, 33.229898], [130.518024, 33.229957], [130.518805, 33.231226]]]}}, {"type": "Feature", "properties": {"pref_code": "40", "pref_name": "福岡県", "municipality_code": "40212", "municipality_name": "大川市", "ward_name": "", "display_name": "大川市", "geometry_key": "40212"}, "geometry": {"type": "Polygon", "coordinates": [[[130.385205, 33.240461], [130.382423, 33.24123], [130.378686, 33.241466], [130.378289, 33.241902], [130.377419, 33.243616], [130.376995, 33.243921], [130.376118, 33.244412], [130.375229, 33.244714], [130.374931, 33.244736], [130.37394, 33.244361], [130.373296, 33.244264], [130.372796, 33.242013], [130.372037, 33.241205], [130.370129, 33.239764], [130.369825, 33.239033], [130.369836, 33.23808], [130.370465, 33.236357], [130.372481, 33.233999], [130.373126, 33.233039], [130.374804, 33.232827], [130.375351, 33.232536], [130.375811, 33.232121], [130.376306, 33.231297], [130.379048, 33.229179], [130.378855, 33.22699], [130.3789, 33.222695], [130.378835, 33.22215], [130.378386, 33.221306], [130.377757, 33.220698], [130.376537, 33.220053], [130.374928, 33.219608], [130.372681, 33.21926], [130.368949, 33.218072], [130.366629, 33.217242], [130.365023, 33.216395], [130.362329, 33.215349], [130.361431, 33.214605], [130.358602, 33.211184], [130.357118, 33.210131], [130.355956, 33.209545], [130.355029, 33.209231], [130.352181, 33.208839], [130.346593, 33.209066], [130.344981, 33.208976], [130.343709, 33.208709], [130.342036, 33.207892], [130.341003, 33.207046], [130.340265, 33.206134], [130.339702, 33.205017], [130.339387, 33.20274], [130.339422, 33.200368], [130.340014, 33.193661], [130.340529, 33.191048], [130.340555, 33.188446], [130.342579, 33.188357], [130.343056, 33.187572], [130.344347, 33.186623], [130.34471, 33.185723], [130.345718, 33.184811], [130.34631, 33.18387], [130.346735, 33.183778], [130.347021, 33.183581], [130.34706, 33.182802], [130.346889, 33.182047], [130.348161, 33.181628], [130.35312, 33.180462], [130.352869, 33.179418], [130.352521, 33.177401], [130.35238, 33.176487], [130.352161, 33.174252], [130.352119, 33.173406], [130.352151, 33.171107], [130.352145, 33.170796], [130.353733, 33.170776], [130.354643, 33.170773], [130.355226, 33.170762], [130.355712, 33.170716], [130.356003, 33.170719], [130.356235, 33.170761], [130.357661, 33.171552], [130.358584, 33.172212], [130.358921, 33.172255], [130.359515, 33.172559], [130.36082, 33.171124], [130.361791, 33.17158], [130.362524, 33.17078], [130.367542, 33.174014], [130.367046, 33.174485], [130.36686, 33.174946], [130.366752, 33.176552], [130.366194, 33.177352], [130.365888, 33.177583], [130.367816, 33.178738], [130.368402, 33.179623], [130.368661, 33.181895], [130.368491, 33.182134], [130.368658, 33.183025], [130.370564, 33.185285], [130.3714, 33.185382], [130.371403, 33.185549], [130.372146, 33.186275], [130.373808, 33.185189], [130.376722, 33.188122], [130.37791, 33.187473], [130.377275, 33.186763], [130.377986, 33.186243], [130.377932, 33.186012], [130.378083, 33.185858], [130.377932, 33.185419], [130.377204, 33.185923], [130.376489, 33.185133], [130.376455, 33.184822], [130.377426, 33.184289], [130.377099, 33.183242], [130.377375, 33.183096], [130.377653, 33.18336], [130.377918, 33.183258], [130.378054, 33.183652], [130.378896, 33.18333], [130.379133, 33.184282], [130.379733, 33.18413], [130.38042, 33.185701], [130.381535, 33.18507], [130.384189, 33.184046], [130.385089, 33.183579], [130.386693, 33.183057], [130.388151, 33.182847], [130.388296, 33.182636], [130.387701, 33.180747], [130.390503, 33.179844], [130.392158, 33.179146], [130.393234, 33.180895], [130.393695, 33.181275], [130.393222, 33.182037], [130.393924, 33.18257], [130.395931, 33.184627], [130.396157, 33.184829], [130.3965, 33.184912], [130.39695, 33.185377], [130.396847, 33.185882], [130.398776, 33.188074], [130.39767, 33.188998], [130.40095, 33.192387], [130.401128, 33.192841], [130.400507, 33.193091], [130.400292, 33.193466], [130.399433, 33.19366], [130.399583, 33.193947], [130.400209, 33.194075], [130.405748, 33.193857], [130.406275, 33.193895], [130.406668, 33.194055], [130.409252, 33.194056], [130.410598, 33.193674], [130.41077, 33.193687], [130.410911, 33.193913], [130.413257, 33.193958], [130.414342, 33.193889], [130.415818, 33.19359], [130.417917, 33.193814], [130.420343, 33.194511], [130.42033, 33.194857], [130.421514, 33.197226], [130.421881, 33.197158], [130.422444, 33.198346], [130.421844, 33.198518], [130.422194, 33.199762], [130.421013, 33.1998], [130.421347, 33.201185], [130.421046, 33.201197], [130.420954, 33.200978], [130.420332, 33.201069], [130.4204, 33.20156], [130.420223, 33.201596], [130.420128, 33.201247], [130.419815, 33.201383], [130.419981, 33.202095], [130.419649, 33.202177], [130.419524, 33.201937], [130.418533, 33.202209], [130.418639, 33.202493], [130.418895, 33.202415], [130.418961, 33.202557], [130.419087, 33.203041], [130.418778, 33.203197], [130.419064, 33.203881], [130.419293, 33.203941], [130.419525, 33.204408], [130.420089, 33.204278], [130.420304, 33.204911], [130.416869, 33.20573], [130.415448, 33.206237], [130.41433, 33.20647], [130.414458, 33.206798], [130.414277, 33.207094], [130.414307, 33.207331], [130.413558, 33.207569], [130.41371, 33.207934], [130.416078, 33.207229], [130.416322, 33.207735], [130.419285, 33.207009], [130.419548, 33.20776], [130.420649, 33.207706], [130.42084, 33.209079], [130.420767, 33.211145], [130.419248, 33.211449], [130.419194, 33.211802], [130.419706, 33.213011], [130.419526, 33.213284], [130.41986, 33.213731], [130.420562, 33.215314], [130.420436, 33.215367], [130.420721, 33.215987], [130.42093, 33.215989], [130.421058, 33.216363], [130.421881, 33.216406], [130.422412, 33.217742], [130.422807, 33.217656], [130.423039, 33.218209], [130.422893, 33.218457], [130.423439, 33.220518], [130.413029, 33.223294], [130.412968, 33.223504], [130.413754, 33.223881], [130.413765, 33.224156], [130.41357, 33.224428], [130.412395, 33.224631], [130.412389, 33.22472], [130.412374, 33.225245], [130.412094, 33.225412], [130.412168, 33.226271], [130.413124, 33.226762], [130.413474, 33.226697], [130.413537, 33.226974], [130.41316, 33.227069], [130.413179, 33.227444], [130.414462, 33.227253], [130.414574, 33.227446], [130.41498, 33.227386], [130.415201, 33.227908], [130.4143, 33.22841], [130.41427, 33.228555], [130.414373, 33.230728], [130.414697, 33.230757], [130.414745, 33.23242], [130.4149, 33.232435], [130.414981, 33.235049], [130.412004, 33.235209], [130.411828, 33.232491], [130.410786, 33.232486], [130.410777, 33.232652], [130.410048, 33.232673], [130.409916, 33.231857], [130.407022, 33.231916], [130.406955, 33.230969], [130.40562, 33.230986], [130.405557, 33.22992], [130.404015, 33.229966], [130.403972, 33.229608], [130.402847, 33.229793], [130.40123, 33.229734], [130.401244, 33.230649], [130.399142, 33.230762], [130.399218, 33.231737], [130.396908, 33.231905], [130.396888, 33.232083], [130.395685, 33.232152], [130.395751, 33.233233], [130.394739, 33.233268], [130.394763, 33.234061], [130.393159, 33.234157], [130.393394, 33.237148], [130.391668, 33.237243], [130.391729, 33.238001], [130.391539, 33.238018], [130.39163, 33.238547], [130.387139, 33.239324], [130.385205, 33.240461]]]}}, {"type": "Feature", "properties": {"pref_code": "40", "pref_name": "福岡県", "municipality_code": "40213", "municipality_name": "行橋市", "ward_name": "", "display_name": "行橋市", "geometry_key": "40213"}, "geometry": {"type": "MultiPolygon", "coordinates": [[[[131.00823, 33.751705], [131.007469, 33.751132], [131.006402, 33.750634], [131.004196, 33.749925], [131.002464, 33.749505], [130.999354, 33.748338], [130.996027, 33.746036], [130.99177, 33.743402], [130.989864, 33.742503], [130.986478, 33.741312], [130.985546, 33.741219], [130.984423, 33.741531], [130.982437, 33.742771], [130.979127, 33.745138], [130.978351, 33.745327], [130.977731, 33.745154], [130.977258, 33.744773], [130.975909, 33.742756], [130.975525, 33.742419], [130.975084, 33.742228], [130.973563, 33.741805], [130.970408, 33.741808], [130.969292, 33.741526], [130.968197, 33.741071], [130.965157, 33.739298], [130.964375, 33.739049], [130.958627, 33.738435], [130.956995, 33.738681], [130.956791, 33.73827], [130.957177, 33.73784], [130.957234, 33.737482], [130.957009, 33.737312], [130.956977, 33.736398], [130.95741, 33.736329], [130.957416, 33.736115], [130.955559, 33.736322], [130.954672, 33.736991], [130.953069, 33.737524], [130.95274, 33.737211], [130.952641, 33.736843], [130.951976, 33.736489], [130.951674, 33.735799], [130.951374, 33.735664], [130.948169, 33.735767], [130.948147, 33.736199], [130.945588, 33.736379], [130.943928, 33.737013], [130.943808, 33.73738], [130.94347, 33.737457], [130.94317, 33.739829], [130.942926, 33.740014], [130.942161, 33.740023], [130.941338, 33.73974], [130.940526, 33.740007], [130.938696, 33.740135], [130.937814, 33.740023], [130.93665, 33.740222], [130.93626, 33.740191], [130.935556, 33.739851], [130.935271, 33.739835], [130.934471, 33.740083], [130.933241, 33.740142], [130.931981, 33.740521], [130.931436, 33.74109], [130.931112, 33.741661], [130.931086, 33.742499], [130.930654, 33.743667], [130.929964, 33.744277], [130.929112, 33.744664], [130.928134, 33.744806], [130.924847, 33.744864], [130.923723, 33.745013], [130.922558, 33.745434], [130.922353, 33.74595], [130.920983, 33.746215], [130.920133, 33.746922], [130.91984, 33.747062], [130.918782, 33.747204], [130.918061, 33.747661], [130.916498, 33.74775], [130.91524, 33.747475], [130.913401, 33.747459], [130.912069, 33.74771], [130.910041, 33.748878], [130.909621, 33.748219], [130.908389, 33.747699], [130.907916, 33.747296], [130.907226, 33.746003], [130.906719, 33.74606], [130.906517, 33.746237], [130.906354, 33.746737], [130.905929, 33.747152], [130.905889, 33.748007], [130.905081, 33.74857], [130.904562, 33.749701], [130.903603, 33.750445], [130.903276, 33.751403], [130.903925, 33.752484], [130.902258, 33.753206], [130.901663, 33.751868], [130.900483, 33.75029], [130.899451, 33.748267], [130.898662, 33.747069], [130.898638, 33.746609], [130.898157, 33.745504], [130.897842, 33.744319], [130.897017, 33.742785], [130.89731, 33.742037], [130.897193, 33.741126], [130.894893, 33.739377], [130.894698, 33.739052], [130.895043, 33.736951], [130.895378, 33.735841], [130.895164, 33.735067], [130.894338, 33.734144], [130.895182, 33.733305], [130.895959, 33.732277], [130.895781, 33.730933], [130.896212, 33.728757], [130.895885, 33.728184], [130.895776, 33.727489], [130.896406, 33.726954], [130.896664, 33.726044], [130.896555, 33.725485], [130.895933, 33.724512], [130.896258, 33.723894], [130.897276, 33.722729], [130.898328, 33.721853], [130.902497, 33.720882], [130.903937, 33.719975], [130.904839, 33.719838], [130.903788, 33.71855], [130.903875, 33.718002], [130.904099, 33.717504], [130.904937, 33.716661], [130.905515, 33.715714], [130.905655, 33.714598], [130.905982, 33.713904], [130.907505, 33.712557], [130.908149, 33.712372], [130.910023, 33.712146], [130.911573, 33.711397], [130.912066, 33.711521], [130.912322, 33.713562], [130.913034, 33.715274], [130.912813, 33.716306], [130.912806, 33.718026], [130.913663, 33.719598], [130.913812, 33.720961], [130.918458, 33.721051], [130.919321, 33.720921], [130.91979, 33.720575], [130.920007, 33.72023], [130.919991, 33.719379], [130.920385, 33.718594], [130.920629, 33.718445], [130.921844, 33.719012], [130.922234, 33.718671], [130.923152, 33.719289], [130.923698, 33.721442], [130.924316, 33.720929], [130.924676, 33.720784], [130.925328, 33.720649], [130.925661, 33.720834], [130.925917, 33.720713], [130.927047, 33.719722], [130.9294, 33.719543], [130.931254, 33.719566], [130.931605, 33.719432], [130.931989, 33.717957], [130.932399, 33.717126], [130.932613, 33.717022], [130.933037, 33.717054], [130.933578, 33.716396], [130.934599, 33.716057], [130.935079, 33.715495], [130.935097, 33.714946], [130.936112, 33.714678], [130.936193, 33.714446], [130.935538, 33.713645], [130.935877, 33.713021], [130.938617, 33.711168], [130.938571, 33.710716], [130.937966, 33.709835], [130.936612, 33.709112], [130.934862, 33.707882], [130.934682, 33.707394], [130.934128, 33.706924], [130.933811, 33.705734], [130.932568, 33.704301], [130.931618, 33.703696], [130.931541, 33.702771], [130.930364, 33.70089], [130.92998, 33.700438], [130.928778, 33.699467], [130.928763, 33.699239], [130.929003, 33.698809], [130.929095, 33.697933], [130.929671, 33.696621], [130.930244, 33.694639], [130.929011, 33.694011], [130.928201, 33.693027], [130.926688, 33.691965], [130.929546, 33.692022], [130.929435, 33.690042], [130.930684, 33.690019], [130.930706, 33.690931], [130.932078, 33.690866], [130.932032, 33.689011], [130.929346, 33.689062], [130.929226, 33.686443], [130.927942, 33.685693], [130.928206, 33.685591], [130.927865, 33.683956], [130.928359, 33.683686], [130.928181, 33.682287], [130.928002, 33.681939], [130.927091, 33.681117], [130.926604, 33.680482], [130.926008, 33.679309], [130.926938, 33.678566], [130.928132, 33.677854], [130.928349, 33.677306], [130.927239, 33.675439], [130.926863, 33.673875], [130.926188, 33.672216], [130.927181, 33.67217], [130.928983, 33.67257], [130.929674, 33.671931], [130.929929, 33.671846], [130.930433, 33.672049], [130.931635, 33.671985], [130.93282, 33.672499], [130.933182, 33.672501], [130.933998, 33.672151], [130.934333, 33.672183], [130.936319, 33.67352], [130.93731, 33.673427], [130.938112, 33.674037], [130.939291, 33.67427], [130.939734, 33.675669], [130.939905, 33.675852], [130.940467, 33.676062], [130.940628, 33.676798], [130.940938, 33.677077], [130.941033, 33.677125], [130.941997, 33.676706], [130.943022, 33.67662], [130.943954, 33.676962], [130.944645, 33.67737], [130.945264, 33.677883], [130.945598, 33.678454], [130.946043, 33.678757], [130.948834, 33.678434], [130.950119, 33.679699], [130.950977, 33.680882], [130.951822, 33.680484], [130.952382, 33.679812], [130.953373, 33.679144], [130.955197, 33.678139], [130.955662, 33.67831], [130.955978, 33.678294], [130.957318, 33.679191], [130.958077, 33.679181], [130.958301, 33.679509], [130.958191, 33.680166], [130.958309, 33.680561], [130.959808, 33.682227], [130.960053, 33.683131], [130.959948, 33.684299], [130.96111, 33.684742], [130.962061, 33.684098], [130.962554, 33.684321], [130.963044, 33.68484], [130.963932, 33.685414], [130.965035, 33.686592], [130.965677, 33.68675], [130.96658, 33.686539], [130.967408, 33.68736], [130.968295, 33.687318], [130.969233, 33.686871], [130.96935, 33.686914], [130.969884, 33.6877], [130.970787, 33.688491], [130.97139, 33.688846], [130.97079, 33.6909], [130.970799, 33.691205], [130.970938, 33.691326], [130.971373, 33.691247], [130.97259, 33.690702], [130.973127, 33.690572], [130.973596, 33.690655], [130.974737, 33.690498], [130.975474, 33.690181], [130.976038, 33.690162], [130.976575, 33.689832], [130.977174, 33.689734], [130.978046, 33.69], [130.979031, 33.689701], [130.979441, 33.689717], [130.979692, 33.690562], [130.981497, 33.689976], [130.981951, 33.689465], [130.982154, 33.689664], [130.981576, 33.69033], [130.981665, 33.690607], [130.981929, 33.690679], [130.9822, 33.690534], [130.982512, 33.690712], [130.983221, 33.690502], [130.984097, 33.691874], [130.989692, 33.688987], [130.99008, 33.688882], [130.990778, 33.689711], [130.990841, 33.690327], [130.99178, 33.690877], [130.991706, 33.691577], [130.992095, 33.691663], [130.99215, 33.692329], [130.992418, 33.692475], [130.99239, 33.692875], [130.993391, 33.693155], [130.994003, 33.693791], [130.994217, 33.694412], [130.995235, 33.694564], [130.996531, 33.692719], [130.997009, 33.691455], [130.998249, 33.691294], [130.998733, 33.691905], [131.000019, 33.691539], [131.000746, 33.691129], [131.001469, 33.691336], [131.001635, 33.691201], [131.001591, 33.690283], [131.001863, 33.690121], [131.001723, 33.689817], [131.002053, 33.689799], [131.002182, 33.690019], [131.002848, 33.689558], [131.003307, 33.689549], [131.004209, 33.690359], [131.003556, 33.690945], [131.004411, 33.69124], [131.005223, 33.691084], [131.00609, 33.691168], [131.006132, 33.690666], [131.005597, 33.69053], [131.005183, 33.69013], [131.004936, 33.689498], [131.004931, 33.688857], [131.004287, 33.688818], [131.004229, 33.689362], [131.003678, 33.689378], [131.002864, 33.688731], [131.002683, 33.687645], [131.001772, 33.68827], [131.00161, 33.688156], [131.001257, 33.688276], [131.000713, 33.68827], [131.000541, 33.688057], [131.000991, 33.687717], [131.001282, 33.687972], [131.001696, 33.687615], [131.001909, 33.687227], [131.001698, 33.686456], [131.001804, 33.686201], [131.002222, 33.686179], [131.003372, 33.68667], [131.004227, 33.686492], [131.004803, 33.686742], [131.005019, 33.686432], [131.004071, 33.685782], [131.003865, 33.685921], [131.003667, 33.685804], [131.003251, 33.685933], [131.002706, 33.685635], [131.002222, 33.685148], [131.002254, 33.684546], [131.002459, 33.684341], [131.003044, 33.684952], [131.003264, 33.685118], [131.00343, 33.685072], [131.004434, 33.685861], [131.004542, 33.685804], [131.005142, 33.686252], [131.005224, 33.68645], [131.005786, 33.686607], [131.007577, 33.687723], [131.007824, 33.687157], [131.006067, 33.68627], [131.004657, 33.684926], [131.004683, 33.684137], [131.004199, 33.682494], [131.004749, 33.681989], [131.005519, 33.68226], [131.006928, 33.682496], [131.007799, 33.683079], [131.00807, 33.682849], [131.007739, 33.682345], [131.008048, 33.682309], [131.008428, 33.682625], [131.008614, 33.682586], [131.008638, 33.682457], [131.007981, 33.681933], [131.008178, 33.68157], [131.007497, 33.681233], [131.007214, 33.681155], [131.007112, 33.681265], [131.007563, 33.681716], [131.007169, 33.681962], [131.005951, 33.681684], [131.005577, 33.681748], [131.005356, 33.681597], [131.004984, 33.68179], [131.004358, 33.68112], [131.006536, 33.680517], [131.006754, 33.680743], [131.007401, 33.680712], [131.007785, 33.68098], [131.007286, 33.680204], [131.005262, 33.678606], [131.005686, 33.678042], [131.006269, 33.677582], [131.007411, 33.677534], [131.008437, 33.677061], [131.009704, 33.677329], [131.010529, 33.677329], [131.010723, 33.676238], [131.013485, 33.677918], [131.015067, 33.678137], [131.015991, 33.678536], [131.016139, 33.678989], [131.016559, 33.679387], [131.016856, 33.680307], [131.01776, 33.681171], [131.018491, 33.681596], [131.019647, 33.681856], [131.020466, 33.682586], [131.022008, 33.682939], [131.022868, 33.683471], [131.027745, 33.680404], [131.030289, 33.679271], [131.030994, 33.679361], [131.03307, 33.679997], [131.035336, 33.679774], [131.036765, 33.679806], [131.037229, 33.679927], [131.037656, 33.680112], [131.038917, 33.681296], [131.03929, 33.681499], [131.04279, 33.682505], [131.045342, 33.684033], [131.045879, 33.684969], [131.045971, 33.68565], [131.04602, 33.686681], [131.045855, 33.688538], [131.042834, 33.688976], [131.041058, 33.689712], [131.040735, 33.689996], [131.03912, 33.692129], [131.039088, 33.692694], [131.038848, 33.692719], [131.038668, 33.692895], [131.038616, 33.693401], [131.038209, 33.693932], [131.038363, 33.694444], [131.038285, 33.694486], [131.038025, 33.694111], [131.037823, 33.694252], [131.037175, 33.695322], [131.037638, 33.695266], [131.037685, 33.695356], [131.037113, 33.695587], [131.035771, 33.697537], [131.035444, 33.698588], [131.035623, 33.698982], [131.034821, 33.700047], [131.034636, 33.70058], [131.034679, 33.700898], [131.035273, 33.700839], [131.035326, 33.700937], [131.034804, 33.701143], [131.033934, 33.700633], [131.03315, 33.700728], [131.034627, 33.702221], [131.033485, 33.702997], [131.034322, 33.703879], [131.034894, 33.703489], [131.035109, 33.703712], [131.035431, 33.703474], [131.035243, 33.703257], [131.035592, 33.703021], [131.036191, 33.70371], [131.036096, 33.703775], [131.035863, 33.703538], [131.034143, 33.704728], [131.032736, 33.70331], [131.03203, 33.703712], [131.030249, 33.706008], [131.028822, 33.708462], [131.027596, 33.710808], [131.026135, 33.714116], [131.025118, 33.71724], [131.023573, 33.721297], [131.022895, 33.72347], [131.022891, 33.724073], [131.022411, 33.724658], [131.022048, 33.725942], [131.021803, 33.727383], [131.022325, 33.727784], [131.022311, 33.728216], [131.023814, 33.728189], [131.023814, 33.728524], [131.022166, 33.728565], [131.021731, 33.729517], [131.021306, 33.72976], [131.021007, 33.730198], [131.020952, 33.730715], [131.020727, 33.73099], [131.020351, 33.731262], [131.019929, 33.731262], [131.019778, 33.731374], [131.018993, 33.732562], [131.018825, 33.732647], [131.018552, 33.732596], [131.018468, 33.732464], [131.018661, 33.731856], [131.018091, 33.73176], [131.017686, 33.731763], [131.017643, 33.73187], [131.017041, 33.731815], [131.016941, 33.732363], [131.014808, 33.731765], [131.013834, 33.731304], [131.01314, 33.731143], [131.012301, 33.730482], [131.011389, 33.731213], [131.011819, 33.731564], [131.012008, 33.731527], [131.013124, 33.732142], [131.012929, 33.732196], [131.012374, 33.732028], [131.012986, 33.732427], [131.013074, 33.73226], [131.013178, 33.732322], [131.013124, 33.732683], [131.013303, 33.733159], [131.013185, 33.733551], [131.013387, 33.733213], [131.013333, 33.732748], [131.013521, 33.732565], [131.013373, 33.732291], [131.01341, 33.732055], [131.013609, 33.731646], [131.013872, 33.731697], [131.014098, 33.732142], [131.014104, 33.732666], [131.013679, 33.733635], [131.013612, 33.734092], [131.014629, 33.734468], [131.017958, 33.739171], [131.0163, 33.741757], [131.015703, 33.743492], [131.015855, 33.743591], [131.016774, 33.743607], [131.016968, 33.742937], [131.016336, 33.742609], [131.016688, 33.741852], [131.017946, 33.741469], [131.018471, 33.741575], [131.018555, 33.741685], [131.018447, 33.74186], [131.018152, 33.742004], [131.017838, 33.743599], [131.018187, 33.743953], [131.018783, 33.7442], [131.018815, 33.744751], [131.018977, 33.744928], [131.019199, 33.744962], [131.019282, 33.7452], [131.019002, 33.746026], [131.018975, 33.746736], [131.018611, 33.74682], [131.018349, 33.747227], [131.017774, 33.747198], [131.017184, 33.747792], [131.01661, 33.74974], [131.016656, 33.750093], [131.016187, 33.750801], [131.015664, 33.750975], [131.015263, 33.750866], [131.014448, 33.750892], [131.013043, 33.751272], [131.00823, 33.751705]]], [[[131.026903, 33.727613], [131.027992, 33.727613], [131.027989, 33.730122], [131.027752, 33.730122], [131.027752, 33.728703], [131.026905, 33.728711], [131.026903, 33.727613]]], [[[131.03778, 33.695148], [131.037996, 33.695128], [131.037969, 33.695257], [131.037874, 33.695299], [131.03778, 33.695148]]], [[[131.037928, 33.694852], [131.038198, 33.694554], [131.0381, 33.694954], [131.037928, 33.694852]]]]}}, {"type": "Feature", "properties": {"pref_code": "40", "pref_name": "福岡県", "municipality_code": "40214", "municipality_name": "豊前市", "ward_name": "", "display_name": "豊前市", "geometry_key": "40214"}, "geometry": {"type": "Polygon", "coordinates": [[[131.08666, 33.634721], [131.086655, 33.633674], [131.086265, 33.633582], [131.086186, 33.63319], [131.084618, 33.632965], [131.084703, 33.632757], [131.085925, 33.632811], [131.085975, 33.632308], [131.085108, 33.632149], [131.084671, 33.631929], [131.0847, 33.631352], [131.084366, 33.630474], [131.084832, 33.630161], [131.084789, 33.629782], [131.085114, 33.629535], [131.085087, 33.62943], [131.084131, 33.628411], [131.084007, 33.628107], [131.083657, 33.627856], [131.083317, 33.626807], [131.082698, 33.626392], [131.081346, 33.625969], [131.080632, 33.625559], [131.077743, 33.624413], [131.077683, 33.624259], [131.076869, 33.623928], [131.075789, 33.622667], [131.074116, 33.620093], [131.073565, 33.619445], [131.072645, 33.618832], [131.071252, 33.616341], [131.069344, 33.614128], [131.069168, 33.613741], [131.067943, 33.612568], [131.068045, 33.612251], [131.067956, 33.611894], [131.066498, 33.610364], [131.066153, 33.609491], [131.064704, 33.608772], [131.063297, 33.607666], [131.062546, 33.607314], [131.060159, 33.605546], [131.058852, 33.605114], [131.058062, 33.604377], [131.057664, 33.604122], [131.057026, 33.603959], [131.056557, 33.603628], [131.055546, 33.602733], [131.055191, 33.602201], [131.054439, 33.601664], [131.054246, 33.601273], [131.053822, 33.601089], [131.052565, 33.599511], [131.052002, 33.599072], [131.051528, 33.59896], [131.050729, 33.597829], [131.049793, 33.597158], [131.048695, 33.595751], [131.048421, 33.595115], [131.047914, 33.593602], [131.04791, 33.592742], [131.047259, 33.59107], [131.046791, 33.59034], [131.04645, 33.588903], [131.045566, 33.587172], [131.044038, 33.585524], [131.043624, 33.585244], [131.042538, 33.584817], [131.042309, 33.584514], [131.042009, 33.583863], [131.042038, 33.583044], [131.041268, 33.58104], [131.040682, 33.580501], [131.040454, 33.579715], [131.039511, 33.578817], [131.039211, 33.578099], [131.038448, 33.577194], [131.038305, 33.576352], [131.038134, 33.576083], [131.036114, 33.573931], [131.035828, 33.573089], [131.034485, 33.571911], [131.033066, 33.571117], [131.032995, 33.570477], [131.032666, 33.569726], [131.032581, 33.568704], [131.032452, 33.568379], [131.032119, 33.56813], [131.031861, 33.567457], [131.031061, 33.566952], [131.03009, 33.56666], [131.029861, 33.565526], [131.029533, 33.565111], [131.029033, 33.564987], [131.027647, 33.565043], [131.026804, 33.564594], [131.023995, 33.56412], [131.022262, 33.5629], [131.020619, 33.561407], [131.019308, 33.560639], [131.01825, 33.560381], [131.017722, 33.560381], [131.016907, 33.560707], [131.01655, 33.56037], [131.016351, 33.559799], [131.016051, 33.559552], [131.016008, 33.559272], [131.015565, 33.558766], [131.015437, 33.558006], [131.015209, 33.557535], [131.015552, 33.55712], [131.015594, 33.556581], [131.014938, 33.556255], [131.014831, 33.555478], [131.013974, 33.554748], [131.013339, 33.554772], [131.012018, 33.553425], [131.012046, 33.552299], [131.012832, 33.551458], [131.011946, 33.549467], [131.012218, 33.548985], [131.011847, 33.548112], [131.011261, 33.547821], [131.010833, 33.546743], [131.010047, 33.545946], [131.00947, 33.543801], [131.009906, 33.541223], [131.010691, 33.540246], [131.010186, 33.539194], [131.009272, 33.538509], [131.009057, 33.537948], [131.008414, 33.537488], [131.007971, 33.537454], [131.007909, 33.537237], [131.00738, 33.536732], [131.00588, 33.536194], [131.005165, 33.535744], [131.00411, 33.534495], [131.003189, 33.534147], [131.002646, 33.533766], [131.002184, 33.53305], [131.001441, 33.532971], [131.000313, 33.533184], [130.999413, 33.532702], [130.999184, 33.531961], [130.997623, 33.530686], [130.997392, 33.530241], [130.99714, 33.529101], [130.996968, 33.528879], [130.995788, 33.527952], [130.99502, 33.527626], [130.994476, 33.527082], [130.994173, 33.526098], [130.99378, 33.525456], [130.99381, 33.524896], [130.993598, 33.524293], [130.992861, 33.52323], [130.992801, 33.522699], [130.991944, 33.520925], [130.991481, 33.520207], [130.990784, 33.51962], [130.99027, 33.518441], [130.990159, 33.517426], [130.990976, 33.515582], [130.991168, 33.514733], [130.990805, 33.513134], [130.991027, 33.512349], [130.990976, 33.511961], [130.990684, 33.510842], [130.990229, 33.510113], [130.989895, 33.509094], [130.990312, 33.509308], [130.990584, 33.509277], [130.991301, 33.508491], [130.991584, 33.508309], [130.991775, 33.508333], [130.992916, 33.509015], [130.994508, 33.509377], [130.995124, 33.50975], [130.995942, 33.509797], [130.996879, 33.510288], [130.997283, 33.510105], [130.997624, 33.510113], [130.999093, 33.510884], [131.000221, 33.511274], [131.001438, 33.512176], [131.001956, 33.512206], [131.003578, 33.512069], [131.005329, 33.510847], [131.005743, 33.510728], [131.00715, 33.510856], [131.009632, 33.510151], [131.010864, 33.509971], [131.012053, 33.510262], [131.012795, 33.509859], [131.013896, 33.509645], [131.014721, 33.50911], [131.015158, 33.509067], [131.015507, 33.509213], [131.016085, 33.509839], [131.016826, 33.510138], [131.017425, 33.511574], [131.018581, 33.512054], [131.019377, 33.512603], [131.019966, 33.512688], [131.020851, 33.512525], [131.021516, 33.512945], [131.022465, 33.513287], [131.023196, 33.513142], [131.02397, 33.513399], [131.024592, 33.513245], [131.025061, 33.513271], [131.025663, 33.512885], [131.02679, 33.513923], [131.027281, 33.514591], [131.027815, 33.515688], [131.028534, 33.517764], [131.029423, 33.518791], [131.029837, 33.518833], [131.030568, 33.518336], [131.030797, 33.518302], [131.031431, 33.51867], [131.032162, 33.518645], [131.032914, 33.518773], [131.033961, 33.51867], [131.035813, 33.519082], [131.036696, 33.518131], [131.036991, 33.517334], [131.037318, 33.516966], [131.03997, 33.515431], [131.040973, 33.515097], [131.041355, 33.514582], [131.042253, 33.514259], [131.042558, 33.512571], [131.044133, 33.511121], [131.044003, 33.510144], [131.044138, 33.51003], [131.045413, 33.509884], [131.046326, 33.510472], [131.046785, 33.510498], [131.047188, 33.511003], [131.047723, 33.511072], [131.049129, 33.510224], [131.051488, 33.509959], [131.051782, 33.509744], [131.053224, 33.507892], [131.054577, 33.508072], [131.05558, 33.50844], [131.056158, 33.508346], [131.056529, 33.508492], [131.057325, 33.508457], [131.058221, 33.50876], [131.058766, 33.509094], [131.05942, 33.50894], [131.060314, 33.509189], [131.061358, 33.509244], [131.062443, 33.509655], [131.063098, 33.510203], [131.063796, 33.509963], [131.065159, 33.509989], [131.067651, 33.509056], [131.068427, 33.509723], [131.069576, 33.511302], [131.069734, 33.511867], [131.070459, 33.512769], [131.072054, 33.514034], [131.07258, 33.514746], [131.073791, 33.51544], [131.074368, 33.516193], [131.075156, 33.516624], [131.075464, 33.517028], [131.07627, 33.517432], [131.076338, 33.517661], [131.077538, 33.518051], [131.078412, 33.51793], [131.079697, 33.518199], [131.080645, 33.518219], [131.081502, 33.518757], [131.082136, 33.518771], [131.082478, 33.519269], [131.082786, 33.520128], [131.083558, 33.520586], [131.0839, 33.521124], [131.085205, 33.52117], [131.08685, 33.521803], [131.087039, 33.522005], [131.087108, 33.522449], [131.0884, 33.523497], [131.089103, 33.52452], [131.089943, 33.524277], [131.090217, 33.524385], [131.09031, 33.524579], [131.090584, 33.524579], [131.090841, 33.524768], [131.091064, 33.525226], [131.091098, 33.525804], [131.091569, 33.526367], [131.09174, 33.526785], [131.092751, 33.527458], [131.092828, 33.528224], [131.093273, 33.52883], [131.09317, 33.529447], [131.093856, 33.529757], [131.094044, 33.530511], [131.094556, 33.531171], [131.094162, 33.531602], [131.093991, 33.53241], [131.093271, 33.533675], [131.093528, 33.53447], [131.09346, 33.535749], [131.09459, 33.53685], [131.09591, 33.537671], [131.097109, 33.537402], [131.099592, 33.538875], [131.101301, 33.539726], [131.102226, 33.539954], [131.1031, 33.540574], [131.103529, 33.540735], [131.104265, 33.541301], [131.104351, 33.542054], [131.104899, 33.542957], [131.105789, 33.543977], [131.106235, 33.543883], [131.107569, 33.542888], [131.108683, 33.542781], [131.109283, 33.542861], [131.10966, 33.543104], [131.111261, 33.54484], [131.112202, 33.546587], [131.113179, 33.54757], [131.113255, 33.548307], [131.113769, 33.549411], [131.114144, 33.55113], [131.114881, 33.552153], [131.11567, 33.554038], [131.116302, 33.554688], [131.116816, 33.554984], [131.118623, 33.557063], [131.118692, 33.557399], [131.118469, 33.558059], [131.118571, 33.558446], [131.119342, 33.560048], [131.119736, 33.5613], [131.120763, 33.563248], [131.120752, 33.565519], [131.121078, 33.566462], [131.121575, 33.56731], [131.121798, 33.56762], [131.122929, 33.568468], [131.124658, 33.570564], [131.125415, 33.571247], [131.125747, 33.572197], [131.126009, 33.572566], [131.127268, 33.573341], [131.128091, 33.574003], [131.128314, 33.574474], [131.128192, 33.574946], [131.128996, 33.575674], [131.129389, 33.576273], [131.130268, 33.578181], [131.131333, 33.579776], [131.132023, 33.580287], [131.132837, 33.580521], [131.134679, 33.580863], [131.135408, 33.580893], [131.135504, 33.580944], [131.135412, 33.581304], [131.135508, 33.581502], [131.136222, 33.582024], [131.136728, 33.582159], [131.137039, 33.582624], [131.137464, 33.582566], [131.137904, 33.582863], [131.138225, 33.582569], [131.138409, 33.582615], [131.140561, 33.584692], [131.141644, 33.585514], [131.142954, 33.586142], [131.143724, 33.58634], [131.14455, 33.586391], [131.145056, 33.586583], [131.146243, 33.587588], [131.148779, 33.588872], [131.149508, 33.589661], [131.150489, 33.589856], [131.152064, 33.590575], [131.153477, 33.59215], [131.154747, 33.594205], [131.155199, 33.594987], [131.155121, 33.595566], [131.155406, 33.596071], [131.155907, 33.59763], [131.156652, 33.598253], [131.157084, 33.599074], [131.157328, 33.600516], [131.156261, 33.6008], [131.154274, 33.601621], [131.152907, 33.60223], [131.152858, 33.602421], [131.153729, 33.603814], [131.154788, 33.604792], [131.155602, 33.604894], [131.156815, 33.605751], [131.157381, 33.605348], [131.157841, 33.605789], [131.15861, 33.607019], [131.159575, 33.607243], [131.160072, 33.607553], [131.160235, 33.608483], [131.160849, 33.609109], [131.160955, 33.609509], [131.160821, 33.609716], [131.161151, 33.610189], [131.161468, 33.610084], [131.162576, 33.611006], [131.163235, 33.61137], [131.164509, 33.611621], [131.16514, 33.611436], [131.165364, 33.611509], [131.165051, 33.61249], [131.165153, 33.612956], [131.164876, 33.613552], [131.164981, 33.614405], [131.165295, 33.615135], [131.166024, 33.616104], [131.166175, 33.616875], [131.166187, 33.617006], [131.165856, 33.616995], [131.163273, 33.616637], [131.162345, 33.616801], [131.161026, 33.616827], [131.160179, 33.617111], [131.159485, 33.617535], [131.158174, 33.61784], [131.157221, 33.618642], [131.156768, 33.619487], [131.155578, 33.620223], [131.154916, 33.62047], [131.152846, 33.62193], [131.151547, 33.622325], [131.148399, 33.622785], [131.14712, 33.623361], [131.146673, 33.6237], [131.146344, 33.624168], [131.144668, 33.624515], [131.144718, 33.625285], [131.144208, 33.625331], [131.144227, 33.625697], [131.142403, 33.626497], [131.142696, 33.626985], [131.14225, 33.627198], [131.140898, 33.626137], [131.141569, 33.625981], [131.142461, 33.625135], [131.141532, 33.624809], [131.141495, 33.624911], [131.14058, 33.624718], [131.140668, 33.624418], [131.140354, 33.624366], [131.140044, 33.624362], [131.139899, 33.624937], [131.140319, 33.625729], [131.139776, 33.626341], [131.139218, 33.625971], [131.131987, 33.626837], [131.130738, 33.627651], [131.12972, 33.628152], [131.128964, 33.62877], [131.128944, 33.631242], [131.127353, 33.631231], [131.127369, 33.629025], [131.129278, 33.627397], [131.130894, 33.626552], [131.131853, 33.6237], [131.133142, 33.623137], [131.133075, 33.623014], [131.132151, 33.623132], [131.131344, 33.623382], [131.13104, 33.622965], [131.131244, 33.623436], [131.131138, 33.623464], [131.131604, 33.623851], [131.131557, 33.624231], [131.130649, 33.624397], [131.130716, 33.625093], [131.130506, 33.625452], [131.126408, 33.626185], [131.123942, 33.626264], [131.123866, 33.624498], [131.122265, 33.624547], [131.122356, 33.626091], [131.123019, 33.627203], [131.121541, 33.627713], [131.121482, 33.628993], [131.120802, 33.629025], [131.120818, 33.630262], [131.115009, 33.630472], [131.115331, 33.625289], [131.116599, 33.624816], [131.116632, 33.621329], [131.116334, 33.620504], [131.115863, 33.620059], [131.11655, 33.619453], [131.116489, 33.619296], [131.115997, 33.619009], [131.116315, 33.618726], [131.117243, 33.619397], [131.117287, 33.619312], [131.116905, 33.619025], [131.117104, 33.618826], [131.116044, 33.618548], [131.115885, 33.618684], [131.114036, 33.617421], [131.113797, 33.617778], [131.113117, 33.617825], [131.113386, 33.623879], [131.108033, 33.62392], [131.107998, 33.621404], [131.109083, 33.618221], [131.108954, 33.617917], [131.108012, 33.617874], [131.10784, 33.616868], [131.105835, 33.617101], [131.10459, 33.617613], [131.104084, 33.617656], [131.103415, 33.617422], [131.101232, 33.617679], [131.09994, 33.618383], [131.097777, 33.620708], [131.097557, 33.62118], [131.097597, 33.622347], [131.097198, 33.623252], [131.095116, 33.623437], [131.094227, 33.62327], [131.093397, 33.623721], [131.093327, 33.623886], [131.093758, 33.623678], [131.094286, 33.625084], [131.09403, 33.625698], [131.094019, 33.626524], [131.094121, 33.626665], [131.094532, 33.626773], [131.094356, 33.627759], [131.092217, 33.630046], [131.091293, 33.631371], [131.091153, 33.631752], [131.089007, 33.633789], [131.088777, 33.633864], [131.088646, 33.634064], [131.088667, 33.634556], [131.088564, 33.634654], [131.087912, 33.634266], [131.088568, 33.634932], [131.088451, 33.635152], [131.088003, 33.635172], [131.087653, 33.635026], [131.087505, 33.635228], [131.08702, 33.63491], [131.086805, 33.634932], [131.08666, 33.634721]]]}}, {"type": "Feature", "properties": {"pref_code": "40", "pref_name": "福岡県", "municipality_code": "40215", "municipality_name": "中間市", "ward_name": "", "display_name": "中間市", "geometry_key": "40215"}, "geometry": {"type": "Polygon", "coordinates": [[[130.718458, 33.834449], [130.717822, 33.834039], [130.716826, 33.833713], [130.716459, 33.833776], [130.715982, 33.834598], [130.716927, 33.835121], [130.717052, 33.835314], [130.716394, 33.836603], [130.71378, 33.837987], [130.712014, 33.837322], [130.712068, 33.837031], [130.711176, 33.836651], [130.711072, 33.836413], [130.710621, 33.836098], [130.710297, 33.835996], [130.709435, 33.836264], [130.709247, 33.836602], [130.709505, 33.837822], [130.709134, 33.838214], [130.709434, 33.83884], [130.709227, 33.839222], [130.708503, 33.839518], [130.708085, 33.839842], [130.707729, 33.839742], [130.707672, 33.839266], [130.707484, 33.839], [130.706697, 33.839061], [130.706312, 33.83922], [130.706013, 33.839446], [130.705694, 33.840229], [130.705251, 33.840533], [130.705385, 33.840741], [130.705109, 33.841061], [130.703955, 33.84162], [130.703403, 33.841637], [130.702974, 33.84193], [130.702566, 33.841987], [130.701654, 33.841927], [130.702793, 33.834944], [130.703121, 33.834047], [130.703045, 33.833894], [130.702619, 33.833744], [130.701169, 33.833651], [130.699602, 33.834221], [130.699276, 33.834209], [130.698778, 33.833574], [130.699003, 33.832197], [130.697771, 33.832067], [130.697642, 33.831348], [130.696128, 33.830218], [130.695675, 33.83011], [130.691268, 33.834104], [130.689145, 33.832624], [130.688106, 33.832794], [130.68762, 33.832321], [130.687113, 33.832394], [130.686731, 33.831737], [130.686378, 33.831495], [130.685632, 33.831377], [130.685385, 33.830623], [130.685144, 33.830517], [130.684819, 33.830684], [130.682987, 33.830689], [130.682727, 33.830927], [130.680196, 33.830517], [130.679241, 33.830803], [130.677772, 33.830698], [130.67723, 33.83055], [130.677201, 33.829642], [130.676907, 33.829543], [130.67578, 33.827791], [130.675206, 33.826751], [130.675302, 33.826349], [130.674544, 33.826098], [130.674589, 33.82585], [130.67425, 33.825647], [130.673782, 33.825856], [130.672701, 33.825509], [130.672123, 33.824881], [130.670112, 33.824052], [130.668464, 33.823218], [130.668711, 33.822536], [130.669005, 33.820637], [130.669754, 33.819628], [130.674573, 33.821524], [130.676711, 33.817634], [130.6785, 33.816793], [130.678794, 33.816561], [130.679321, 33.815742], [130.679729, 33.814718], [130.679811, 33.813396], [130.680021, 33.812477], [130.680238, 33.811728], [130.680652, 33.811087], [130.681385, 33.810875], [130.683037, 33.810968], [130.685203, 33.812127], [130.686786, 33.812545], [130.687897, 33.812615], [130.68986, 33.811521], [130.690724, 33.810767], [130.691167, 33.810035], [130.691305, 33.808266], [130.692091, 33.807123], [130.692951, 33.80651], [130.693735, 33.806185], [130.695431, 33.805864], [130.697204, 33.806021], [130.700429, 33.806616], [130.700572, 33.806468], [130.700637, 33.803344], [130.701269, 33.802462], [130.703562, 33.801264], [130.704713, 33.802581], [130.706698, 33.804403], [130.708504, 33.804591], [130.709121, 33.804957], [130.7099, 33.805207], [130.710199, 33.805754], [130.711254, 33.806325], [130.712234, 33.806262], [130.71293, 33.806637], [130.71462, 33.806426], [130.715333, 33.80668], [130.716003, 33.806686], [130.716361, 33.806972], [130.716549, 33.807297], [130.716408, 33.807749], [130.715583, 33.808845], [130.715441, 33.809146], [130.715488, 33.809531], [130.715106, 33.809986], [130.713046, 33.810893], [130.712974, 33.811061], [130.716792, 33.809737], [130.720327, 33.807291], [130.721736, 33.806579], [130.721741, 33.806042], [130.720761, 33.804746], [130.719582, 33.801876], [130.720887, 33.801523], [130.721517, 33.802064], [130.722495, 33.802249], [130.723123, 33.802695], [130.723677, 33.802898], [130.725001, 33.803116], [130.725473, 33.803485], [130.725913, 33.804102], [130.72591, 33.804421], [130.726146, 33.804841], [130.726958, 33.806082], [130.727623, 33.806696], [130.731108, 33.812576], [130.731548, 33.812765], [130.733375, 33.81303], [130.733607, 33.813407], [130.734807, 33.813786], [130.737101, 33.81407], [130.738432, 33.813776], [130.738884, 33.814156], [130.740295, 33.814549], [130.740022, 33.815176], [130.740137, 33.815409], [130.74307, 33.816077], [130.743252, 33.816335], [130.742889, 33.816617], [130.743672, 33.817769], [130.743484, 33.817952], [130.743526, 33.818307], [130.743087, 33.818545], [130.743011, 33.81923], [130.742773, 33.819583], [130.742848, 33.820015], [130.742082, 33.820577], [130.741729, 33.820081], [130.741279, 33.819982], [130.741188, 33.820137], [130.740037, 33.820519], [130.739988, 33.821004], [130.740167, 33.821531], [130.739546, 33.822075], [130.73934, 33.821795], [130.739451, 33.821123], [130.738208, 33.821067], [130.737613, 33.821291], [130.737233, 33.821757], [130.736251, 33.82229], [130.734565, 33.822301], [130.733801, 33.822474], [130.733253, 33.822881], [130.733618, 33.823337], [130.733761, 33.823782], [130.733653, 33.824231], [130.733412, 33.824561], [130.733194, 33.824657], [130.731151, 33.824263], [130.730859, 33.824508], [130.730653, 33.824985], [130.731203, 33.825823], [130.731227, 33.825964], [130.731068, 33.826046], [130.730835, 33.825926], [130.730297, 33.825233], [130.729734, 33.825287], [130.729836, 33.826765], [130.729428, 33.826974], [130.729748, 33.827423], [130.728998, 33.827834], [130.729053, 33.828347], [130.728, 33.828916], [130.728392, 33.829567], [130.728066, 33.829786], [130.728802, 33.830692], [130.728359, 33.831134], [130.728009, 33.831304], [130.727546, 33.831126], [130.727194, 33.831215], [130.726991, 33.831492], [130.727769, 33.832048], [130.727999, 33.832396], [130.727964, 33.832543], [130.727616, 33.832517], [130.726742, 33.831813], [130.726499, 33.831931], [130.726329, 33.832467], [130.726698, 33.833262], [130.72653, 33.834047], [130.726132, 33.834139], [130.725852, 33.834071], [130.725402, 33.833658], [130.724296, 33.833054], [130.723456, 33.8324], [130.722833, 33.832577], [130.722746, 33.832929], [130.722913, 33.833541], [130.722388, 33.833119], [130.721578, 33.833437], [130.721733, 33.83401], [130.72151, 33.83399], [130.721047, 33.833483], [130.719698, 33.833817], [130.718458, 33.834449]]]}}, {"type": "Feature", "properties": {"pref_code": "40", "pref_name": "福岡県", "municipality_code": "40216", "municipality_name": "小郡市", "ward_name": "", "display_name": "小郡市", "geometry_key": "40216"}, "geometry": {"type": "Polygon", "coordinates": [[[130.579766, 33.436971], [130.578497, 33.437515], [130.577895, 33.438033], [130.577423, 33.438256], [130.575761, 33.438796], [130.57608, 33.439644], [130.572398, 33.440818], [130.572769, 33.441658], [130.571701, 33.442076], [130.571408, 33.442854], [130.568835, 33.443785], [130.569114, 33.444401], [130.567489, 33.444977], [130.567363, 33.444728], [130.5659, 33.445847], [130.566033, 33.446126], [130.566706, 33.446046], [130.566831, 33.446265], [130.565894, 33.446646], [130.566425, 33.447694], [130.565572, 33.448298], [130.565355, 33.448698], [130.565041, 33.448724], [130.563516, 33.448304], [130.563174, 33.448304], [130.562796, 33.448114], [130.561907, 33.448023], [130.561494, 33.447662], [130.560662, 33.447806], [130.560166, 33.448062], [130.559718, 33.448036], [130.55791, 33.449083], [130.55705, 33.449391], [130.555896, 33.449332], [130.555449, 33.449483], [130.554708, 33.449463], [130.553596, 33.449929], [130.553073, 33.44864], [130.553143, 33.447145], [130.552564, 33.445464], [130.552731, 33.445137], [130.552661, 33.444573], [130.552151, 33.443419], [130.550427, 33.4412], [130.549623, 33.441259], [130.54963, 33.440761], [130.548826, 33.4408], [130.547403, 33.441343], [130.546634, 33.440562], [130.545396, 33.441539], [130.543812, 33.440112], [130.544098, 33.439856], [130.543784, 33.439352], [130.542218, 33.440191], [130.541521, 33.440399], [130.540269, 33.441691], [130.540018, 33.440998], [130.539333, 33.440755], [130.538368, 33.439864], [130.537002, 33.438266], [130.535331, 33.437374], [130.535388, 33.436601], [130.53594, 33.436168], [130.536017, 33.435886], [130.535816, 33.435241], [130.535151, 33.434389], [130.535375, 33.433694], [130.536521, 33.431567], [130.536759, 33.430281], [130.537206, 33.429193], [130.537368, 33.426299], [130.537501, 33.425833], [130.537997, 33.425145], [130.538575, 33.424737], [130.540442, 33.422265], [130.541064, 33.421223], [130.541003, 33.419731], [130.541229, 33.418107], [130.54116, 33.413181], [130.541682, 33.403903], [130.541633, 33.399187], [130.541821, 33.394253], [130.541827, 33.381421], [130.542127, 33.378797], [130.541938, 33.37615], [130.542127, 33.37264], [130.542103, 33.370882], [130.541902, 33.369251], [130.541959, 33.366341], [130.540743, 33.366114], [130.540619, 33.365252], [130.540258, 33.365217], [130.540229, 33.363173], [130.540053, 33.362094], [130.539839, 33.361991], [130.539674, 33.361273], [130.539588, 33.35967], [130.539379, 33.358798], [130.537969, 33.355299], [130.537123, 33.351713], [130.537053, 33.349144], [130.535979, 33.342962], [130.537029, 33.342734], [130.537829, 33.342306], [130.537811, 33.342048], [130.537481, 33.342117], [130.537339, 33.341563], [130.53777, 33.341399], [130.540793, 33.345673], [130.54133, 33.346019], [130.541973, 33.346232], [130.545057, 33.34624], [130.545211, 33.346517], [130.546043, 33.346787], [130.546129, 33.345237], [130.55034, 33.345423], [130.550145, 33.347864], [130.550464, 33.348027], [130.550222, 33.348384], [130.552108, 33.349431], [130.552356, 33.349228], [130.55379, 33.349297], [130.553775, 33.350077], [130.55361, 33.350266], [130.554923, 33.350966], [130.554959, 33.350466], [130.557149, 33.350551], [130.557119, 33.351387], [130.557904, 33.351422], [130.557848, 33.352316], [130.558852, 33.35241], [130.558804, 33.353232], [130.562762, 33.353388], [130.562216, 33.354702], [130.562334, 33.354707], [130.562334, 33.355207], [130.569828, 33.35521], [130.569851, 33.354417], [130.570129, 33.354417], [130.57017, 33.355215], [130.570642, 33.355215], [130.570654, 33.355418], [130.570884, 33.355442], [130.571024, 33.35455], [130.57129, 33.354396], [130.571737, 33.354274], [130.572236, 33.354591], [130.573423, 33.354541], [130.573693, 33.35462], [130.573945, 33.354911], [130.573889, 33.355727], [130.574078, 33.356225], [130.573658, 33.356631], [130.577946, 33.360096], [130.578416, 33.360643], [130.578364, 33.361279], [130.578031, 33.361424], [130.577873, 33.362469], [130.578184, 33.362695], [130.578454, 33.362666], [130.578452, 33.363008], [130.578181, 33.363274], [130.578055, 33.364687], [130.577414, 33.364672], [130.577841, 33.366355], [130.578431, 33.367072], [130.579189, 33.367569], [130.579018, 33.367964], [130.579027, 33.369287], [130.577952, 33.369302], [130.577937, 33.371073], [130.578152, 33.371081], [130.578102, 33.372862], [130.578337, 33.372843], [130.578325, 33.373567], [130.578836, 33.373562], [130.579532, 33.375087], [130.579732, 33.375275], [130.580637, 33.37731], [130.581074, 33.378683], [130.581077, 33.379336], [130.581612, 33.379336], [130.581636, 33.380139], [130.582241, 33.380124], [130.582267, 33.381285], [130.582444, 33.38129], [130.582611, 33.382559], [130.582858, 33.383052], [130.583351, 33.383131], [130.584077, 33.383626], [130.584952, 33.383685], [130.585516, 33.383976], [130.586036, 33.384742], [130.585801, 33.38489], [130.585578, 33.385279], [130.585636, 33.385698], [130.586697, 33.385972], [130.587361, 33.386622], [130.587355, 33.387066], [130.587117, 33.387665], [130.587182, 33.388143], [130.587611, 33.388468], [130.587646, 33.388606], [130.587382, 33.388857], [130.587584, 33.389373], [130.588081, 33.390041], [130.588304, 33.390602], [130.588941, 33.391393], [130.589106, 33.392202], [130.589456, 33.392722], [130.589541, 33.394075], [130.590396, 33.395329], [130.591019, 33.395398], [130.591186, 33.396948], [130.591533, 33.397066], [130.591486, 33.397421], [130.591069, 33.397342], [130.590998, 33.397574], [130.591471, 33.397946], [130.591389, 33.398227], [130.591979, 33.398658], [130.591633, 33.399027], [130.591418, 33.399661], [130.591301, 33.400489], [130.591562, 33.400989], [130.591738, 33.401201], [130.592149, 33.401068], [130.593066, 33.402522], [130.594429, 33.402142], [130.595378, 33.402934], [130.595819, 33.402771], [130.596113, 33.403002], [130.596712, 33.402963], [130.596873, 33.403222], [130.597902, 33.403084], [130.597978, 33.403291], [130.598513, 33.403187], [130.598757, 33.404604], [130.599156, 33.405009], [130.598704, 33.405521], [130.599144, 33.405969], [130.598936, 33.406282], [130.599206, 33.406529], [130.599109, 33.406659], [130.5998, 33.410023], [130.603025, 33.410546], [130.604095, 33.411058], [130.604212, 33.411364], [130.604438, 33.41148], [130.605554, 33.411647], [130.606383, 33.412007], [130.609316, 33.412306], [130.610167, 33.412372], [130.6067, 33.416906], [130.606336, 33.417773], [130.605055, 33.419291], [130.602637, 33.420327], [130.600586, 33.420768], [130.599677, 33.422114], [130.598354, 33.423403], [130.596009, 33.424772], [130.592227, 33.426665], [130.591038, 33.427505], [130.590188, 33.428276], [130.589649, 33.42845], [130.588341, 33.429458], [130.588345, 33.429639], [130.588551, 33.429743], [130.588061, 33.430143], [130.587536, 33.430353], [130.586024, 33.430125], [130.585761, 33.430633], [130.585338, 33.430656], [130.585128, 33.431068], [130.584943, 33.431042], [130.584729, 33.431427], [130.584355, 33.431324], [130.584208, 33.431689], [130.585013, 33.432096], [130.58411, 33.43371], [130.583306, 33.433348], [130.583166, 33.433387], [130.582708, 33.43406], [130.581298, 33.43559], [130.581533, 33.436006], [130.582773, 33.436911], [130.582497, 33.43732], [130.580951, 33.436416], [130.579766, 33.436971]]]}}, {"type": "Feature", "properties": {"pref_code": "40", "pref_name": "福岡県", "municipality_code": "40217", "municipality_name": "筑紫野市", "ward_name": "", "display_name": "筑紫野市", "geometry_key": "40217"}, "geometry": {"type": "Polygon", "coordinates": [[[130.584089, 33.554677], [130.583704, 33.554682], [130.582036, 33.55418], [130.581186, 33.554071], [130.580595, 33.553862], [130.580061, 33.553356], [130.579288, 33.553086], [130.578847, 33.552247], [130.578631, 33.551068], [130.57817, 33.55075], [130.57773, 33.55002], [130.577139, 33.54943], [130.576447, 33.547732], [130.575936, 33.547177], [130.575219, 33.544768], [130.574779, 33.544166], [130.574733, 33.543791], [130.574046, 33.543112], [130.573075, 33.542871], [130.572473, 33.542462], [130.572156, 33.542477], [130.571146, 33.541882], [130.570469, 33.541061], [130.569103, 33.540179], [130.56881, 33.539638], [130.568756, 33.538854], [130.56828, 33.538413], [130.567967, 33.53773], [130.56736, 33.537374], [130.567178, 33.536772], [130.567375, 33.535578], [130.566774, 33.533841], [130.566743, 33.533044], [130.566162, 33.532346], [130.565369, 33.530845], [130.56402, 33.529751], [130.563124, 33.529486], [130.56228, 33.52868], [130.560712, 33.52858], [130.560561, 33.528457], [130.560143, 33.526874], [130.559471, 33.52542], [130.559193, 33.524951], [130.558359, 33.52414], [130.558223, 33.523535], [130.557919, 33.52343], [130.557196, 33.523463], [130.55665, 33.523184], [130.555957, 33.523184], [130.555724, 33.522989], [130.555524, 33.522369], [130.555235, 33.522079], [130.55479, 33.521885], [130.553996, 33.52189], [130.553753, 33.521695], [130.553581, 33.5217], [130.55235, 33.522237], [130.551814, 33.521701], [130.551253, 33.521497], [130.550276, 33.521426], [130.549761, 33.521639], [130.548734, 33.522365], [130.548094, 33.522976], [130.547962, 33.523322], [130.548028, 33.523545], [130.54866, 33.524233], [130.548291, 33.524551], [130.547896, 33.524631], [130.546895, 33.524223], [130.546688, 33.523678], [130.545921, 33.522853], [130.545567, 33.522208], [130.544568, 33.52133], [130.544293, 33.521263], [130.543756, 33.521589], [130.543169, 33.521719], [130.542379, 33.521812], [130.542162, 33.521693], [130.541234, 33.519838], [130.541007, 33.518516], [130.540456, 33.517084], [130.539556, 33.515392], [130.540411, 33.512549], [130.542535, 33.51181], [130.544138, 33.510986], [130.544981, 33.510919], [130.545796, 33.510312], [130.546447, 33.510213], [130.547109, 33.50845], [130.549182, 33.506564], [130.549475, 33.506195], [130.549485, 33.505929], [130.548939, 33.505697], [130.548383, 33.505124], [130.547317, 33.503442], [130.547304, 33.502982], [130.546997, 33.502687], [130.547605, 33.502031], [130.546843, 33.50105], [130.546983, 33.500197], [130.546606, 33.498813], [130.546543, 33.497577], [130.5462, 33.496915], [130.54592, 33.496561], [130.545424, 33.496259], [130.54476, 33.494733], [130.544187, 33.494609], [130.543725, 33.494805], [130.54286, 33.494531], [130.542784, 33.492898], [130.541455, 33.492386], [130.541483, 33.492196], [130.542959, 33.492131], [130.543021, 33.491678], [130.542861, 33.491554], [130.541828, 33.49158], [130.541241, 33.491413], [130.54086, 33.490881], [130.540219, 33.491081], [130.537851, 33.492327], [130.53642, 33.492711], [130.53591, 33.493224], [130.534358, 33.494227], [130.534099, 33.49479], [130.534463, 33.495282], [130.534498, 33.495688], [130.533234, 33.496807], [130.532248, 33.497286], [130.532192, 33.497522], [130.531478, 33.49785], [130.530961, 33.498327], [130.530926, 33.499075], [130.531227, 33.499613], [130.531062, 33.501269], [130.531555, 33.501357], [130.531541, 33.502032], [130.531362, 33.503302], [130.530796, 33.503379], [130.530241, 33.504427], [130.530605, 33.504655], [130.530088, 33.505279], [130.529237, 33.505943], [130.527284, 33.506454], [130.524354, 33.50681], [130.523748, 33.507181], [130.522845, 33.507166], [130.522069, 33.506909], [130.521535, 33.507003], [130.520785, 33.507349], [130.521424, 33.505611], [130.521189, 33.505363], [130.521066, 33.50471], [130.520636, 33.504354], [130.520015, 33.504192], [130.519637, 33.503302], [130.518382, 33.502854], [130.517761, 33.502877], [130.517322, 33.503059], [130.516536, 33.502956], [130.516361, 33.502778], [130.515963, 33.502665], [130.513903, 33.503913], [130.513758, 33.503302], [130.514052, 33.501686], [130.513954, 33.500545], [130.513773, 33.500014], [130.513171, 33.500112], [130.512814, 33.500729], [130.512367, 33.500663], [130.512654, 33.500263], [130.51264, 33.500014], [130.51236, 33.49983], [130.511612, 33.500289], [130.510992, 33.500164], [130.510936, 33.500026], [130.508111, 33.499967], [130.507887, 33.500157], [130.508188, 33.501252], [130.508209, 33.502174], [130.50844, 33.502557], [130.507961, 33.502849], [130.506735, 33.502478], [130.506444, 33.502596], [130.506308, 33.502764], [130.506151, 33.503862], [130.505813, 33.504252], [130.505248, 33.504485], [130.505132, 33.504624], [130.505107, 33.505236], [130.504912, 33.505538], [130.5046, 33.505701], [130.504532, 33.509298], [130.5044, 33.510812], [130.504162, 33.511332], [130.503883, 33.511699], [130.503529, 33.511733], [130.503317, 33.511699], [130.502974, 33.511406], [130.502361, 33.511218], [130.502213, 33.509148], [130.502604, 33.508792], [130.502641, 33.508029], [130.503095, 33.507861], [130.503206, 33.505976], [130.502815, 33.505759], [130.502538, 33.505254], [130.501991, 33.505101], [130.501515, 33.504135], [130.501473, 33.503634], [130.500191, 33.502923], [130.499792, 33.502512], [130.499464, 33.501758], [130.50003, 33.500755], [130.498051, 33.500145], [130.498128, 33.499283], [130.498023, 33.498807], [130.496893, 33.497878], [130.496434, 33.497272], [130.496419, 33.496851], [130.495983, 33.496523], [130.496218, 33.495546], [130.496152, 33.495111], [130.49677, 33.494719], [130.495977, 33.493559], [130.495948, 33.493332], [130.496075, 33.491946], [130.496474, 33.491304], [130.496549, 33.490659], [130.496362, 33.490334], [130.49592, 33.490083], [130.495684, 33.490112], [130.495078, 33.489629], [130.494326, 33.489451], [130.493998, 33.488767], [130.493656, 33.488394], [130.493547, 33.48799], [130.493711, 33.487314], [130.493941, 33.487097], [130.494808, 33.486847], [130.494952, 33.48663], [130.494113, 33.485951], [130.493869, 33.484746], [130.492884, 33.484368], [130.492553, 33.484019], [130.493027, 33.483372], [130.493659, 33.481774], [130.49403, 33.481338], [130.494478, 33.481088], [130.494487, 33.480517], [130.494693, 33.480181], [130.495004, 33.480031], [130.496075, 33.480009], [130.497664, 33.480222], [130.4979, 33.480004], [130.497956, 33.479739], [130.497664, 33.479161], [130.496618, 33.478587], [130.496411, 33.47788], [130.495524, 33.477526], [130.495162, 33.477232], [130.493935, 33.474361], [130.492818, 33.473613], [130.491385, 33.471964], [130.491106, 33.471543], [130.491098, 33.470862], [130.49, 33.470468], [130.489276, 33.470246], [130.488406, 33.469141], [130.486203, 33.467502], [130.48477, 33.467399], [130.48427, 33.467235], [130.483779, 33.466544], [130.483012, 33.465888], [130.48234, 33.464761], [130.481777, 33.464501], [130.480568, 33.464345], [130.480269, 33.464692], [130.479588, 33.464872], [130.479111, 33.464829], [130.478729, 33.465591], [130.477135, 33.46596], [130.475423, 33.465608], [130.475291, 33.465425], [130.475288, 33.464609], [130.474217, 33.464564], [130.473714, 33.463907], [130.473278, 33.463839], [130.472597, 33.464102], [130.471465, 33.464174], [130.469948, 33.465069], [130.468481, 33.46537], [130.466258, 33.466351], [130.46562, 33.465384], [130.464755, 33.465208], [130.464359, 33.464948], [130.464281, 33.464412], [130.464531, 33.463591], [130.464276, 33.462823], [130.464388, 33.462156], [130.462038, 33.461501], [130.461041, 33.461008], [130.460533, 33.460192], [130.459973, 33.459805], [130.459774, 33.458883], [130.459272, 33.4585], [130.457925, 33.457834], [130.45748, 33.457456], [130.457936, 33.456924], [130.458318, 33.455987], [130.458456, 33.455857], [130.459361, 33.455624], [130.459528, 33.455398], [130.459464, 33.454869], [130.458531, 33.454534], [130.458221, 33.45426], [130.458275, 33.453627], [130.457908, 33.452669], [130.458132, 33.45226], [130.458106, 33.451747], [130.458249, 33.451454], [130.459097, 33.451008], [130.459389, 33.450715], [130.460335, 33.450424], [130.460518, 33.450241], [130.460159, 33.449661], [130.460421, 33.448643], [130.460071, 33.447468], [130.460636, 33.446821], [130.461185, 33.446482], [130.461338, 33.445521], [130.461177, 33.444977], [130.459813, 33.444243], [130.459591, 33.443374], [130.458485, 33.44278], [130.458017, 33.442066], [130.457811, 33.442027], [130.45738, 33.442239], [130.456851, 33.441969], [130.45667, 33.441274], [130.45524, 33.438929], [130.454206, 33.438342], [130.453772, 33.437926], [130.453686, 33.437685], [130.453692, 33.436111], [130.453939, 33.43602], [130.454835, 33.436034], [130.455504, 33.43621], [130.456102, 33.435989], [130.456395, 33.434747], [130.456346, 33.434239], [130.456751, 33.433674], [130.456903, 33.43305], [130.457627, 33.431938], [130.457894, 33.4308], [130.456584, 33.429852], [130.456811, 33.428978], [130.457653, 33.429053], [130.458388, 33.428832], [130.459049, 33.428783], [130.460706, 33.429301], [130.461413, 33.428237], [130.46166, 33.428271], [130.462373, 33.427924], [130.463073, 33.428021], [130.465061, 33.429109], [130.465917, 33.429884], [130.466675, 33.430356], [130.467235, 33.431301], [130.468088, 33.431963], [130.469068, 33.432991], [130.470128, 33.43333], [130.470763, 33.433395], [130.471661, 33.434278], [130.472785, 33.434531], [130.474138, 33.435275], [130.474376, 33.435465], [130.474979, 33.43662], [130.476593, 33.438464], [130.477001, 33.438522], [130.477375, 33.43831], [130.477872, 33.437479], [130.478958, 33.437407], [130.479454, 33.436635], [130.480072, 33.436127], [130.48025, 33.436117], [130.480661, 33.436567], [130.481425, 33.436895], [130.482307, 33.437629], [130.484102, 33.437728], [130.48482, 33.438012], [130.485754, 33.438077], [130.486946, 33.438989], [130.487081, 33.43993], [130.487282, 33.440291], [130.488098, 33.440372], [130.488816, 33.440012], [130.489795, 33.439942], [130.490801, 33.439653], [130.491116, 33.439706], [130.491504, 33.440546], [130.492713, 33.441636], [130.492541, 33.442011], [130.492679, 33.442146], [130.492966, 33.442252], [130.493656, 33.442209], [130.49429, 33.442312], [130.494184, 33.442873], [130.494465, 33.443763], [130.49489, 33.444235], [130.495634, 33.444291], [130.49591, 33.444767], [130.496821, 33.444909], [130.497402, 33.444814], [130.498229, 33.445071], [130.499327, 33.445044], [130.500704, 33.445529], [130.501516, 33.445542], [130.50218, 33.445883], [130.502208, 33.446205], [130.502508, 33.446414], [130.503536, 33.446926], [130.504413, 33.446572], [130.505301, 33.446461], [130.505881, 33.446251], [130.506126, 33.445798], [130.506084, 33.445379], [130.507503, 33.444402], [130.507943, 33.443831], [130.509384, 33.443667], [130.509632, 33.443799], [130.509806, 33.444231], [130.510198, 33.445359], [130.510156, 33.445838], [130.511114, 33.446408], [130.51144, 33.446896], [130.511398, 33.447565], [130.511104, 33.448391], [130.511244, 33.448719], [130.511132, 33.449113], [130.51246, 33.449447], [130.513188, 33.448772], [130.516117, 33.447775], [130.516446, 33.447493], [130.517588, 33.445765], [130.51993, 33.44604], [130.521818, 33.446047], [130.523289, 33.445562], [130.523828, 33.444972], [130.524737, 33.444316], [130.525387, 33.444159], [130.526212, 33.444185], [130.527065, 33.443877], [130.528208, 33.44304], [130.529536, 33.442594], [130.529773, 33.44205], [130.530871, 33.441381], [130.533244, 33.441585], [130.533685, 33.44146], [130.535675, 33.440236], [130.536123, 33.439718], [130.537002, 33.438266], [130.538368, 33.439864], [130.539333, 33.440755], [130.540018, 33.440998], [130.540269, 33.441691], [130.541521, 33.440399], [130.542218, 33.440191], [130.543784, 33.439352], [130.544098, 33.439856], [130.543812, 33.440112], [130.545396, 33.441539], [130.546634, 33.440562], [130.547403, 33.441343], [130.548826, 33.4408], [130.54963, 33.440761], [130.549623, 33.441259], [130.550427, 33.4412], [130.552151, 33.443419], [130.552661, 33.444573], [130.552731, 33.445137], [130.552564, 33.445464], [130.553143, 33.447145], [130.553073, 33.44864], [130.553596, 33.449929], [130.554708, 33.449463], [130.555449, 33.449483], [130.555896, 33.449332], [130.55705, 33.449391], [130.55791, 33.449083], [130.559718, 33.448036], [130.560166, 33.448062], [130.560662, 33.447806], [130.561494, 33.447662], [130.561907, 33.448023], [130.562796, 33.448114], [130.563174, 33.448304], [130.563516, 33.448304], [130.565041, 33.448724], [130.565355, 33.448698], [130.565572, 33.448298], [130.566425, 33.447694], [130.565894, 33.446646], [130.566831, 33.446265], [130.566706, 33.446046], [130.566033, 33.446126], [130.5659, 33.445847], [130.567363, 33.444728], [130.567489, 33.444977], [130.569114, 33.444401], [130.568835, 33.443785], [130.571408, 33.442854], [130.571701, 33.442076], [130.572769, 33.441658], [130.572398, 33.440818], [130.57608, 33.439644], [130.575761, 33.438796], [130.577423, 33.438256], [130.577895, 33.438033], [130.578497, 33.437515], [130.579766, 33.436971], [130.580523, 33.437031], [130.580754, 33.437205], [130.582644, 33.439254], [130.583808, 33.440134], [130.584619, 33.441027], [130.584409, 33.441247], [130.583648, 33.441609], [130.578537, 33.443839], [130.576973, 33.444409], [130.576951, 33.445038], [130.576054, 33.445044], [130.5759, 33.445189], [130.575571, 33.445113], [130.574973, 33.445517], [130.575522, 33.446047], [130.57459, 33.446598], [130.575016, 33.447074], [130.574036, 33.447664], [130.57388, 33.447466], [130.573124, 33.447957], [130.572904, 33.447324], [130.572709, 33.448171], [130.571971, 33.449565], [130.571608, 33.451464], [130.570639, 33.452661], [130.570961, 33.45297], [130.570852, 33.453358], [130.571013, 33.453503], [130.571038, 33.454309], [130.570667, 33.454529], [130.570252, 33.454069], [130.569552, 33.454459], [130.568926, 33.454023], [130.56855, 33.454255], [130.565874, 33.456544], [130.563719, 33.459049], [130.563008, 33.460642], [130.563067, 33.461602], [130.562016, 33.462758], [130.561836, 33.46317], [130.562119, 33.463636], [130.561869, 33.465003], [130.562356, 33.465909], [130.562069, 33.466742], [130.562548, 33.467305], [130.562691, 33.467692], [130.562481, 33.468142], [130.56174, 33.469056], [130.561758, 33.46959], [130.561586, 33.470234], [130.562401, 33.471192], [130.562516, 33.472428], [130.562226, 33.473561], [130.56189, 33.473902], [130.560851, 33.474322], [130.561062, 33.474769], [130.560848, 33.475173], [130.560911, 33.475383], [130.561653, 33.476381], [130.562246, 33.476779], [130.562782, 33.47776], [130.563751, 33.478779], [130.56461, 33.479446], [130.565617, 33.480794], [130.566783, 33.481862], [130.567252, 33.481898], [130.567808, 33.481727], [130.568211, 33.481419], [130.568399, 33.480678], [130.567462, 33.478433], [130.566313, 33.476807], [130.566485, 33.476722], [130.567027, 33.47684], [130.567954, 33.476785], [130.568192, 33.476525], [130.569079, 33.476312], [130.569558, 33.475961], [130.570282, 33.475069], [130.571339, 33.474367], [130.571563, 33.474315], [130.574369, 33.475126], [130.57449, 33.474521], [130.574277, 33.474425], [130.574211, 33.473954], [130.575365, 33.473734], [130.575323, 33.473616], [130.576327, 33.473301], [130.576388, 33.473456], [130.577932, 33.472569], [130.578768, 33.473514], [130.580086, 33.472733], [130.580877, 33.473656], [130.580517, 33.473817], [130.58067, 33.474189], [130.582785, 33.475757], [130.58318, 33.476743], [130.583303, 33.477491], [130.58382, 33.478122], [130.58547, 33.479106], [130.585655, 33.480971], [130.586068, 33.481], [130.586596, 33.481216], [130.588279, 33.481424], [130.588515, 33.481624], [130.589096, 33.482799], [130.589215, 33.483336], [130.589201, 33.483904], [130.58876, 33.48468], [130.589019, 33.485734], [130.589997, 33.486025], [130.591055, 33.486757], [130.591528, 33.486069], [130.59178, 33.486134], [130.592212, 33.486419], [130.592714, 33.487113], [130.594261, 33.487339], [130.595402, 33.488087], [130.596018, 33.488317], [130.598001, 33.487936], [130.598645, 33.488101], [130.600051, 33.488946], [130.601583, 33.488906], [130.601989, 33.489136], [130.602711, 33.490311], [130.604156, 33.491477], [130.604892, 33.491589], [130.605473, 33.491438], [130.606034, 33.491596], [130.606846, 33.491491], [130.608275, 33.492666], [130.610318, 33.492887], [130.610486, 33.494109], [130.609968, 33.495252], [130.61001, 33.495921], [130.611078, 33.497632], [130.611737, 33.498013], [130.612192, 33.498584], [130.612731, 33.498814], [130.614111, 33.499793], [130.614149, 33.500636], [130.614374, 33.500866], [130.614829, 33.50101], [130.616313, 33.50099], [130.616341, 33.502179], [130.617764, 33.503813], [130.618576, 33.504599], [130.620424, 33.505754], [130.621446, 33.506099], [130.621657, 33.50779], [130.621132, 33.508277], [130.620732, 33.508363], [130.620245, 33.508292], [130.619888, 33.508602], [130.619736, 33.508931], [130.620126, 33.509667], [130.620104, 33.509875], [130.619776, 33.510212], [130.619641, 33.510577], [130.619668, 33.510816], [130.619949, 33.511161], [130.620825, 33.511988], [130.620836, 33.512267], [130.621305, 33.51306], [130.620358, 33.513359], [130.619698, 33.513055], [130.619244, 33.513131], [130.619044, 33.513283], [130.618893, 33.513669], [130.619119, 33.514069], [130.619115, 33.514513], [130.618769, 33.514889], [130.618288, 33.515168], [130.618185, 33.515964], [130.617552, 33.516441], [130.616849, 33.516461], [130.616208, 33.516831], [130.61531, 33.516851], [130.613698, 33.51713], [130.612844, 33.516988], [130.612249, 33.517125], [130.611326, 33.5179], [130.611109, 33.518742], [130.610904, 33.518971], [130.609911, 33.519527], [130.609921, 33.519877], [130.610532, 33.521274], [130.6115, 33.522101], [130.611635, 33.52237], [130.611668, 33.522791], [130.611154, 33.523544], [130.611678, 33.524644], [130.612095, 33.525202], [130.611803, 33.525517], [130.611814, 33.526085], [130.611273, 33.526374], [130.611256, 33.526696], [130.610937, 33.52697], [130.609801, 33.527061], [130.609439, 33.527234], [130.607671, 33.529377], [130.606686, 33.529488], [130.605814, 33.530019], [130.605305, 33.530049], [130.604489, 33.531024], [130.604439, 33.531688], [130.604786, 33.532211], [130.604277, 33.532581], [130.604012, 33.533266], [130.602921, 33.534104], [130.602163, 33.534393], [130.601884, 33.535547], [130.601051, 33.535923], [130.600164, 33.536044], [130.599422, 33.537328], [130.598503, 33.537338], [130.598357, 33.537439], [130.598112, 33.538203], [130.597841, 33.538498], [130.596007, 33.538716], [130.595537, 33.538939], [130.594979, 33.540055], [130.594963, 33.541441], [130.594574, 33.542166], [130.594476, 33.542674], [130.595164, 33.543526], [130.594942, 33.544429], [130.595018, 33.545211], [130.595597, 33.545668], [130.59524, 33.546434], [130.595186, 33.547397], [130.594477, 33.547762], [130.59342, 33.547698], [130.592798, 33.548144], [130.59237, 33.548302], [130.591878, 33.548849], [130.590277, 33.549362], [130.587294, 33.551429], [130.586489, 33.551763], [130.585931, 33.55293], [130.58532, 33.553432], [130.584684, 33.554317], [130.584089, 33.554677]]]}}, {"type": "Feature", "properties": {"pref_code": "40", "pref_name": "福岡県", "municipality_code": "40218", "municipality_name": "春日市", "ward_name": "", "display_name": "春日市", "geometry_key": "40218"}, "geometry": {"type": "Polygon", "coordinates": [[[130.468931, 33.537894], [130.467427, 33.537442], [130.467168, 33.536643], [130.465949, 33.537682], [130.465283, 33.537104], [130.465233, 33.53688], [130.464722, 33.536351], [130.464322, 33.536374], [130.464054, 33.535817], [130.463774, 33.536039], [130.463395, 33.535841], [130.462953, 33.536198], [130.462946, 33.536678], [130.462294, 33.5373], [130.461562, 33.53751], [130.460731, 33.538761], [130.460604, 33.539287], [130.459639, 33.539348], [130.459187, 33.540006], [130.459201, 33.540259], [130.458217, 33.541336], [130.456834, 33.543647], [130.455769, 33.544557], [130.455083, 33.544754], [130.454824, 33.545039], [130.454399, 33.546046], [130.454386, 33.546772], [130.45293, 33.547947], [130.453029, 33.548187], [130.452168, 33.548816], [130.449733, 33.549115], [130.448866, 33.547233], [130.447708, 33.547504], [130.446078, 33.54767], [130.445996, 33.547284], [130.445638, 33.547005], [130.445368, 33.547419], [130.443698, 33.54634], [130.443141, 33.547065], [130.442554, 33.546693], [130.442164, 33.5466], [130.442258, 33.54554], [130.44203, 33.544571], [130.442338, 33.544599], [130.442431, 33.544478], [130.441871, 33.543917], [130.440454, 33.543101], [130.439645, 33.542907], [130.439954, 33.541606], [130.439779, 33.541166], [130.440414, 33.540523], [130.439297, 33.539725], [130.439847, 33.538925], [130.440407, 33.538787], [130.440471, 33.538407], [130.440261, 33.538105], [130.440318, 33.537653], [130.440594, 33.537535], [130.441051, 33.536333], [130.442434, 33.534619], [130.442355, 33.534147], [130.442613, 33.533588], [130.443018, 33.533228], [130.442899, 33.532742], [130.442327, 33.531787], [130.442117, 33.531855], [130.441874, 33.531362], [130.441533, 33.531502], [130.441413, 33.530998], [130.441229, 33.530989], [130.441106, 33.530818], [130.440814, 33.530829], [130.440349, 33.530294], [130.440117, 33.530192], [130.439745, 33.530714], [130.438984, 33.530406], [130.438704, 33.530642], [130.437055, 33.529553], [130.436714, 33.529531], [130.435812, 33.52892], [130.436321, 33.528152], [130.435489, 33.527555], [130.437405, 33.525216], [130.437374, 33.524906], [130.436981, 33.524917], [130.434046, 33.522906], [130.434285, 33.522313], [130.434746, 33.521942], [130.434607, 33.520937], [130.435423, 33.519872], [130.435631, 33.519286], [130.435421, 33.519172], [130.436435, 33.516897], [130.436671, 33.516627], [130.437464, 33.516352], [130.437624, 33.515941], [130.437881, 33.515905], [130.437967, 33.515526], [130.438435, 33.515453], [130.438715, 33.514306], [130.438928, 33.514166], [130.438949, 33.513993], [130.439593, 33.513855], [130.439805, 33.513069], [130.440543, 33.512959], [130.4423, 33.511617], [130.443208, 33.511244], [130.448313, 33.508568], [130.447991, 33.507954], [130.448243, 33.506846], [130.448115, 33.505862], [130.447484, 33.505382], [130.447168, 33.504675], [130.446511, 33.5045], [130.446172, 33.503695], [130.445588, 33.503327], [130.445408, 33.503051], [130.446089, 33.502182], [130.447189, 33.502006], [130.447396, 33.501862], [130.447683, 33.501265], [130.447709, 33.50003], [130.448088, 33.499448], [130.449211, 33.498767], [130.449579, 33.498694], [130.450337, 33.498803], [130.450616, 33.499251], [130.451621, 33.499977], [130.451934, 33.500856], [130.452621, 33.501701], [130.452891, 33.501802], [130.453253, 33.501744], [130.453741, 33.501037], [130.455461, 33.500765], [130.455559, 33.50115], [130.455808, 33.501306], [130.455898, 33.501771], [130.456814, 33.502471], [130.458109, 33.502849], [130.459281, 33.502719], [130.459976, 33.503365], [130.46056, 33.503594], [130.460766, 33.503885], [130.46124, 33.504192], [130.46151, 33.504784], [130.461863, 33.504782], [130.462172, 33.505006], [130.46206, 33.505747], [130.462144, 33.506001], [130.462477, 33.506003], [130.462899, 33.506196], [130.464097, 33.506939], [130.465084, 33.507137], [130.46624, 33.507689], [130.467441, 33.507998], [130.467945, 33.508444], [130.468536, 33.508647], [130.468653, 33.509417], [130.469078, 33.509598], [130.469226, 33.510006], [130.470136, 33.510244], [130.470488, 33.509922], [130.472318, 33.509379], [130.472839, 33.509473], [130.473499, 33.509337], [130.474551, 33.509545], [130.475081, 33.508649], [130.475667, 33.508796], [130.475943, 33.509255], [130.476581, 33.50911], [130.476877, 33.509201], [130.476697, 33.509751], [130.476704, 33.510326], [130.477047, 33.51055], [130.476934, 33.510666], [130.476358, 33.510727], [130.475861, 33.511139], [130.47578, 33.51143], [130.475922, 33.51208], [130.475516, 33.513118], [130.475376, 33.513268], [130.475011, 33.512904], [130.474591, 33.512053], [130.474415, 33.51207], [130.474321, 33.512342], [130.474473, 33.512782], [130.474959, 33.513324], [130.475241, 33.513944], [130.475205, 33.51428], [130.474992, 33.514547], [130.475212, 33.515772], [130.475477, 33.515929], [130.475529, 33.516557], [130.476461, 33.517102], [130.476949, 33.517564], [130.477206, 33.518074], [130.477248, 33.518729], [130.477896, 33.519316], [130.477944, 33.519856], [130.476929, 33.520531], [130.477582, 33.521424], [130.477209, 33.522061], [130.477993, 33.522869], [130.477972, 33.523167], [130.477658, 33.523636], [130.47824, 33.523902], [130.478933, 33.524434], [130.478581, 33.525325], [130.479144, 33.525641], [130.478667, 33.526342], [130.479368, 33.526838], [130.479117, 33.527108], [130.478814, 33.527973], [130.477056, 33.529817], [130.476414, 33.530421], [130.476012, 33.530231], [130.475499, 33.530624], [130.475918, 33.530952], [130.475382, 33.531427], [130.476216, 33.532147], [130.476223, 33.532599], [130.475862, 33.533241], [130.475769, 33.533754], [130.476302, 33.534274], [130.476519, 33.534919], [130.47699, 33.535428], [130.477045, 33.535656], [130.474791, 33.537466], [130.474652, 33.537596], [130.474802, 33.537769], [130.474008, 33.538269], [130.473137, 33.539231], [130.471883, 33.538164], [130.471352, 33.538631], [130.470936, 33.538319], [130.469894, 33.538173], [130.468931, 33.537894]]]}}, {"type": "Feature", "properties": {"pref_code": "40", "pref_name": "福岡県", "municipality_code": "40219", "municipality_name": "大野城市", "ward_name": "", "display_name": "大野城市", "geometry_key": "40219"}, "geometry": {"type": "Polygon", "coordinates": [[[130.485669, 33.560186], [130.485498, 33.55973], [130.485039, 33.559253], [130.485252, 33.558465], [130.484707, 33.557912], [130.482768, 33.557451], [130.481777, 33.556906], [130.481039, 33.556123], [130.480016, 33.554499], [130.479531, 33.554145], [130.479526, 33.55369], [130.478772, 33.553101], [130.477838, 33.552525], [130.477301, 33.552973], [130.476198, 33.552332], [130.475957, 33.553014], [130.475648, 33.553232], [130.473901, 33.553132], [130.473701, 33.553172], [130.473352, 33.553532], [130.472823, 33.554145], [130.472796, 33.554461], [130.472087, 33.555204], [130.471773, 33.555352], [130.470947, 33.556466], [130.471222, 33.557442], [130.471075, 33.557936], [130.470622, 33.558305], [130.469278, 33.558803], [130.467994, 33.560631], [130.467668, 33.561477], [130.467024, 33.56222], [130.466714, 33.562786], [130.466227, 33.563112], [130.464921, 33.563571], [130.464622, 33.562857], [130.464267, 33.562829], [130.464201, 33.562541], [130.461683, 33.561965], [130.460927, 33.561544], [130.460563, 33.561201], [130.460785, 33.561007], [130.46129, 33.560886], [130.461873, 33.560469], [130.462172, 33.560697], [130.462361, 33.560534], [130.465388, 33.55736], [130.467442, 33.555], [130.468638, 33.55388], [130.468755, 33.55353], [130.469311, 33.553025], [130.469802, 33.551713], [130.470915, 33.549963], [130.470978, 33.549595], [130.470871, 33.549345], [130.469684, 33.548734], [130.468421, 33.547804], [130.471108, 33.544097], [130.470645, 33.544148], [130.470637, 33.543749], [130.469745, 33.543579], [130.469659, 33.542821], [130.4687, 33.542064], [130.46935, 33.541453], [130.468523, 33.540724], [130.468978, 33.539794], [130.46792, 33.538727], [130.468931, 33.537894], [130.469894, 33.538173], [130.470936, 33.538319], [130.471352, 33.538631], [130.471883, 33.538164], [130.473137, 33.539231], [130.474008, 33.538269], [130.474802, 33.537769], [130.474652, 33.537596], [130.474791, 33.537466], [130.477045, 33.535656], [130.47699, 33.535428], [130.476519, 33.534919], [130.476302, 33.534274], [130.475769, 33.533754], [130.475862, 33.533241], [130.476223, 33.532599], [130.476216, 33.532147], [130.475382, 33.531427], [130.475918, 33.530952], [130.475499, 33.530624], [130.476012, 33.530231], [130.476414, 33.530421], [130.477056, 33.529817], [130.478814, 33.527973], [130.479117, 33.527108], [130.479368, 33.526838], [130.478667, 33.526342], [130.479144, 33.525641], [130.478581, 33.525325], [130.478933, 33.524434], [130.47824, 33.523902], [130.477658, 33.523636], [130.477972, 33.523167], [130.477993, 33.522869], [130.477209, 33.522061], [130.477582, 33.521424], [130.476929, 33.520531], [130.477944, 33.519856], [130.477896, 33.519316], [130.477248, 33.518729], [130.477206, 33.518074], [130.476949, 33.517564], [130.476461, 33.517102], [130.475529, 33.516557], [130.475477, 33.515929], [130.475212, 33.515772], [130.474992, 33.514547], [130.475205, 33.51428], [130.475241, 33.513944], [130.474959, 33.513324], [130.474473, 33.512782], [130.474321, 33.512342], [130.474415, 33.51207], [130.474591, 33.512053], [130.475011, 33.512904], [130.475376, 33.513268], [130.475516, 33.513118], [130.475922, 33.51208], [130.47578, 33.51143], [130.475861, 33.511139], [130.476358, 33.510727], [130.476934, 33.510666], [130.477047, 33.51055], [130.476704, 33.510326], [130.476697, 33.509751], [130.476877, 33.509201], [130.476581, 33.50911], [130.475943, 33.509255], [130.475667, 33.508796], [130.475081, 33.508649], [130.474551, 33.509545], [130.473499, 33.509337], [130.472839, 33.509473], [130.472318, 33.509379], [130.470488, 33.509922], [130.470136, 33.510244], [130.469226, 33.510006], [130.469078, 33.509598], [130.468653, 33.509417], [130.468536, 33.508647], [130.467945, 33.508444], [130.467441, 33.507998], [130.46624, 33.507689], [130.465084, 33.507137], [130.464097, 33.506939], [130.462899, 33.506196], [130.462477, 33.506003], [130.462144, 33.506001], [130.46206, 33.505747], [130.462172, 33.505006], [130.461863, 33.504782], [130.46151, 33.504784], [130.46124, 33.504192], [130.460766, 33.503885], [130.46056, 33.503594], [130.459976, 33.503365], [130.459281, 33.502719], [130.458109, 33.502849], [130.456814, 33.502471], [130.455898, 33.501771], [130.455808, 33.501306], [130.455559, 33.50115], [130.455461, 33.500765], [130.453741, 33.501037], [130.453253, 33.501744], [130.452891, 33.501802], [130.452621, 33.501701], [130.451934, 33.500856], [130.451621, 33.499977], [130.450616, 33.499251], [130.450337, 33.498803], [130.450823, 33.498209], [130.450883, 33.49772], [130.451629, 33.496502], [130.4515, 33.495999], [130.450894, 33.495424], [130.450751, 33.495107], [130.451268, 33.494235], [130.451101, 33.49257], [130.451512, 33.492004], [130.451635, 33.491006], [130.451854, 33.49089], [130.452635, 33.490861], [130.453229, 33.4898], [130.453444, 33.488965], [130.45341, 33.488464], [130.452416, 33.486833], [130.452195, 33.486017], [130.452247, 33.485536], [130.452922, 33.485293], [130.452985, 33.485177], [130.452985, 33.484662], [130.453427, 33.483223], [130.453005, 33.482325], [130.452979, 33.481741], [130.453419, 33.481103], [130.453548, 33.480234], [130.453896, 33.479577], [130.455291, 33.478287], [130.455725, 33.477356], [130.456144, 33.477], [130.45607, 33.475729], [130.455418, 33.475149], [130.454099, 33.474588], [130.454582, 33.474126], [130.454596, 33.47318], [130.455211, 33.472906], [130.45561, 33.472249], [130.455337, 33.471154], [130.45569, 33.470627], [130.456443, 33.470444], [130.457468, 33.470567], [130.458103, 33.470416], [130.458657, 33.470996], [130.458962, 33.471145], [130.46099, 33.470697], [130.461705, 33.470271], [130.462291, 33.470113], [130.462495, 33.469417], [130.463233, 33.468929], [130.463773, 33.469035], [130.464839, 33.469519], [130.465491, 33.469617], [130.465804, 33.469032], [130.465763, 33.468286], [130.465178, 33.467882], [130.465269, 33.467039], [130.465528, 33.466616], [130.466258, 33.466351], [130.468481, 33.46537], [130.469948, 33.465069], [130.471465, 33.464174], [130.472597, 33.464102], [130.473278, 33.463839], [130.473714, 33.463907], [130.474217, 33.464564], [130.475288, 33.464609], [130.475291, 33.465425], [130.475423, 33.465608], [130.477135, 33.46596], [130.478729, 33.465591], [130.479111, 33.464829], [130.479588, 33.464872], [130.480269, 33.464692], [130.480568, 33.464345], [130.481777, 33.464501], [130.48234, 33.464761], [130.483012, 33.465888], [130.483779, 33.466544], [130.48427, 33.467235], [130.48477, 33.467399], [130.486203, 33.467502], [130.488406, 33.469141], [130.489276, 33.470246], [130.49, 33.470468], [130.489348, 33.471134], [130.48834, 33.471647], [130.488024, 33.471984], [130.488024, 33.472239], [130.488412, 33.472689], [130.488567, 33.47317], [130.488219, 33.473971], [130.488101, 33.474836], [130.48709, 33.476409], [130.4868, 33.477312], [130.486418, 33.477998], [130.48707, 33.478828], [130.487039, 33.480048], [130.486332, 33.48104], [130.485869, 33.481369], [130.485783, 33.481562], [130.48618, 33.482751], [130.486723, 33.483254], [130.486769, 33.483489], [130.486002, 33.485976], [130.485068, 33.486844], [130.484436, 33.487855], [130.483988, 33.489616], [130.483221, 33.490221], [130.483092, 33.490647], [130.48352, 33.491766], [130.483776, 33.493895], [130.484037, 33.494894], [130.483773, 33.495322], [130.484037, 33.496434], [130.484126, 33.496663], [130.484321, 33.496754], [130.484043, 33.497647], [130.484114, 33.49816], [130.484468, 33.49873], [130.484413, 33.499637], [130.485829, 33.500896], [130.486487, 33.500532], [130.487208, 33.501189], [130.487096, 33.501885], [130.487326, 33.502751], [130.487968, 33.503593], [130.488285, 33.503772], [130.488628, 33.50367], [130.489223, 33.504289], [130.48931, 33.504534], [130.489275, 33.504876], [130.488854, 33.505244], [130.488825, 33.505489], [130.488108, 33.505508], [130.487956, 33.506427], [130.488168, 33.507274], [130.487822, 33.507799], [130.487171, 33.508395], [130.487113, 33.508972], [130.486828, 33.509536], [130.486361, 33.50989], [130.485964, 33.510401], [130.485942, 33.510557], [130.486301, 33.511111], [130.485882, 33.512107], [130.486388, 33.512242], [130.486167, 33.512856], [130.486193, 33.513335], [130.486683, 33.513759], [130.487587, 33.514184], [130.488392, 33.515529], [130.489907, 33.516032], [130.49362, 33.518573], [130.494814, 33.519679], [130.493896, 33.52166], [130.49326, 33.522147], [130.492674, 33.524031], [130.491989, 33.525103], [130.491358, 33.526616], [130.491743, 33.526721], [130.491993, 33.528261], [130.491032, 33.528811], [130.490506, 33.528463], [130.489325, 33.530541], [130.492592, 33.532153], [130.493006, 33.532781], [130.494386, 33.533016], [130.49478, 33.532952], [130.495067, 33.532627], [130.495101, 33.53223], [130.495744, 33.531893], [130.49754, 33.531235], [130.498694, 33.531012], [130.499539, 33.530979], [130.501493, 33.531819], [130.502401, 33.531863], [130.503036, 33.532614], [130.503998, 33.533088], [130.504402, 33.532993], [130.504858, 33.532486], [130.505166, 33.532486], [130.506075, 33.53367], [130.514321, 33.536976], [130.514576, 33.537883], [130.513434, 33.538229], [130.512164, 33.539883], [130.510072, 33.540888], [130.50912, 33.541116], [130.508479, 33.541916], [130.508292, 33.542666], [130.509075, 33.545017], [130.509019, 33.545377], [130.509388, 33.546931], [130.509383, 33.54722], [130.509045, 33.547954], [130.508944, 33.548058], [130.507115, 33.547954], [130.505628, 33.549007], [130.505193, 33.549016], [130.504565, 33.549633], [130.503024, 33.550267], [130.502888, 33.550774], [130.502948, 33.551319], [130.503267, 33.551859], [130.504146, 33.552783], [130.504278, 33.55311], [130.504131, 33.553969], [130.504339, 33.55422], [130.503479, 33.555964], [130.503444, 33.556869], [130.503009, 33.557979], [130.502544, 33.558624], [130.501979, 33.559101], [130.501858, 33.559822], [130.499965, 33.560467], [130.498766, 33.560666], [130.498023, 33.560443], [130.49642, 33.5602], [130.495543, 33.559514], [130.494859, 33.559189], [130.493469, 33.559081], [130.49319, 33.558917], [130.491557, 33.560001], [130.489886, 33.559394], [130.489107, 33.558589], [130.488708, 33.558904], [130.488286, 33.559666], [130.488551, 33.560265], [130.488458, 33.56044], [130.487487, 33.560754], [130.486601, 33.560118], [130.485669, 33.560186]]]}}, {"type": "Feature", "properties": {"pref_code": "40", "pref_name": "福岡県", "municipality_code": "40220", "municipality_name": "宗像市", "ward_name": "", "display_name": "宗像市", "geometry_key": "40220"}, "geometry": {"type": "MultiPolygon", "coordinates": [[[[130.10332, 34.249829], [130.10354, 34.24981], [130.103558, 34.249891], [130.103461, 34.249959], [130.10332, 34.249829]]], [[[130.098064, 34.242199], [130.098282, 34.241883], [130.099048, 34.241701], [130.099316, 34.241519], [130.099417, 34.241173], [130.099772, 34.24112], [130.099984, 34.240857], [130.100258, 34.240809], [130.1004, 34.240338], [130.101198, 34.240169], [130.101358, 34.239991], [130.101564, 34.240013], [130.101837, 34.239841], [130.1019, 34.239649], [130.102479, 34.239669], [130.102605, 34.239774], [130.102854, 34.239703], [130.103152, 34.240054], [130.103354, 34.240081], [130.103624, 34.240016], [130.103571, 34.239252], [130.103806, 34.239246], [130.103836, 34.239727], [130.104813, 34.239671], [130.104901, 34.239161], [130.105021, 34.239163], [130.105147, 34.240091], [130.10537, 34.24039], [130.10631, 34.240415], [130.107166, 34.241669], [130.107564, 34.241759], [130.107644, 34.241962], [130.107859, 34.241985], [130.108415, 34.242666], [130.108557, 34.242625], [130.108844, 34.242769], [130.109012, 34.243097], [130.109756, 34.243686], [130.110237, 34.244395], [130.110396, 34.244382], [130.11047, 34.244561], [130.110672, 34.244617], [130.11084, 34.244922], [130.111432, 34.24542], [130.112052, 34.245601], [130.112321, 34.245996], [130.112852, 34.246329], [130.11285, 34.246508], [130.112572, 34.246356], [130.112478, 34.246539], [130.112711, 34.24684], [130.112588, 34.247013], [130.112806, 34.247608], [130.113246, 34.248021], [130.113216, 34.248302], [130.112688, 34.248484], [130.11274, 34.248694], [130.112475, 34.24894], [130.112034, 34.249941], [130.111278, 34.249302], [130.110981, 34.249271], [130.11041, 34.248947], [130.110208, 34.249096], [130.10986, 34.249051], [130.109658, 34.248817], [130.10935, 34.249189], [130.109104, 34.249239], [130.10891, 34.249164], [130.108938, 34.249032], [130.108437, 34.249046], [130.108094, 34.248832], [130.107846, 34.248791], [130.107694, 34.248911], [130.107183, 34.248735], [130.106908, 34.248995], [130.106647, 34.249016], [130.106599, 34.24886], [130.106366, 34.248828], [130.106112, 34.248874], [130.105996, 34.249024], [130.105498, 34.248989], [130.105356, 34.249104], [130.105117, 34.248987], [130.104868, 34.249296], [130.104376, 34.249166], [130.104026, 34.249424], [130.103676, 34.249495], [130.10334, 34.249414], [130.1033, 34.249142], [130.103478, 34.249098], [130.103748, 34.248439], [130.102882, 34.248672], [130.102306, 34.248525], [130.1021, 34.248232], [130.101778, 34.248391], [130.101841, 34.248055], [130.10226, 34.247862], [130.102275, 34.247742], [130.102082, 34.247578], [130.10204, 34.247253], [130.10165, 34.246978], [130.10184, 34.246691], [130.101728, 34.246519], [130.101567, 34.246491], [130.101304, 34.246099], [130.101165, 34.246262], [130.100932, 34.246228], [130.101092, 34.245845], [130.100783, 34.245544], [130.100374, 34.245442], [130.100168, 34.245112], [130.099694, 34.244897], [130.098704, 34.244839], [130.098575, 34.244746], [130.098644, 34.244591], [130.098812, 34.24458], [130.098784, 34.244398], [130.099048, 34.244308], [130.098814, 34.243773], [130.098916, 34.243333], [130.09873, 34.243248], [130.098598, 34.242723], [130.098177, 34.242556], [130.098064, 34.242199]]], [[[130.10278, 34.248963], [130.102831, 34.248938], [130.102834, 34.248993], [130.10278, 34.248963]]], [[[130.102965, 34.248889], [130.103194, 34.248661], [130.103291, 34.248726], [130.102965, 34.248889]]], [[[130.101243, 34.247314], [130.101552, 34.247115], [130.101696, 34.247206], [130.10168, 34.247336], [130.101476, 34.247407], [130.101243, 34.247314]]], [[[130.100844, 34.247084], [130.101216, 34.247031], [130.100936, 34.247161], [130.100844, 34.247084]]], [[[130.112891, 34.246872], [130.113054, 34.246866], [130.11297, 34.246949], [130.112891, 34.246872]]], [[[130.100772, 34.246314], [130.100811, 34.246281], [130.100834, 34.246326], [130.100772, 34.246314]]], [[[130.050085, 34.241932], [130.050489, 34.241817], [130.05091, 34.241867], [130.051018, 34.241989], [130.050829, 34.242334], [130.050613, 34.242366], [130.050107, 34.242088], [130.050085, 34.241932]]], [[[130.108124, 34.242051], [130.108186, 34.24204], [130.108292, 34.242157], [130.108124, 34.242051]]], [[[130.107355, 34.241434], [130.107464, 34.241459], [130.10749, 34.241529], [130.107355, 34.241434]]], [[[130.113376, 34.232307], [130.113538, 34.232078], [130.113776, 34.232122], [130.113942, 34.232558], [130.113564, 34.232624], [130.113376, 34.232307]]], [[[130.110347, 34.231271], [130.110412, 34.231131], [130.110856, 34.231126], [130.11079, 34.231031], [130.11041, 34.231042], [130.110419, 34.230902], [130.110782, 34.23089], [130.111096, 34.230647], [130.111368, 34.23071], [130.111286, 34.230902], [130.111458, 34.230999], [130.111383, 34.231125], [130.112212, 34.231205], [130.112115, 34.231396], [130.111708, 34.231441], [130.111555, 34.232202], [130.11124, 34.232202], [130.111217, 34.232346], [130.110988, 34.232439], [130.110519, 34.232206], [130.110729, 34.231749], [130.110347, 34.231271]]], [[[130.113064, 34.231742], [130.113188, 34.231524], [130.113564, 34.231791], [130.113363, 34.232007], [130.113132, 34.231964], [130.113064, 34.231742]]], [[[130.110239, 34.231774], [130.110485, 34.231666], [130.110612, 34.231831], [130.110274, 34.231954], [130.110239, 34.231774]]], [[[130.109502, 34.231304], [130.109602, 34.231129], [130.109712, 34.23114], [130.109502, 34.231304]]], [[[130.109822, 34.231016], [130.110204, 34.23102], [130.109936, 34.231089], [130.109822, 34.231016]]], [[[130.476881, 33.919048], [130.477221, 33.918826], [130.477489, 33.918993], [130.477353, 33.919219], [130.477158, 33.919264], [130.476881, 33.919048]]], [[[130.476731, 33.919152], [130.476783, 33.919125], [130.47684, 33.919222], [130.476731, 33.919152]]], [[[130.444194, 33.917061], [130.444318, 33.916974], [130.444381, 33.917073], [130.444276, 33.917145], [130.444194, 33.917061]]], [[[130.442548, 33.9162], [130.442687, 33.915799], [130.442759, 33.916028], [130.442548, 33.9162]]], [[[130.438194, 33.916056], [130.438389, 33.915951], [130.43861, 33.916122], [130.438194, 33.916056]]], [[[130.441666, 33.915731], [130.441913, 33.915775], [130.441742, 33.915895], [130.441666, 33.915731]]], [[[130.405688, 33.898049], [130.405907, 33.897558], [130.40611, 33.897365], [130.406459, 33.897291], [130.406579, 33.896832], [130.406395, 33.896787], [130.40605, 33.896918], [130.406288, 33.896477], [130.406719, 33.896641], [130.40735, 33.896321], [130.409253, 33.895909], [130.409647, 33.895666], [130.409585, 33.895234], [130.409129, 33.894846], [130.409111, 33.894699], [130.409208, 33.894506], [130.409716, 33.894162], [130.409828, 33.893678], [130.409728, 33.893496], [130.408969, 33.893325], [130.409019, 33.892972], [130.409266, 33.893002], [130.409593, 33.892771], [130.409949, 33.892697], [130.410314, 33.89285], [130.410444, 33.892803], [130.410941, 33.892477], [130.411149, 33.891997], [130.411385, 33.891993], [130.411833, 33.891632], [130.412728, 33.891912], [130.413366, 33.891908], [130.41392, 33.891671], [130.414746, 33.891524], [130.415783, 33.890995], [130.416174, 33.891051], [130.416753, 33.890876], [130.417519, 33.890367], [130.418485, 33.88999], [130.419431, 33.888882], [130.419735, 33.888681], [130.42036, 33.888584], [130.421412, 33.8889], [130.421815, 33.888895], [130.423924, 33.887848], [130.424774, 33.887579], [130.425346, 33.887556], [130.426026, 33.887106], [130.42615, 33.886739], [130.42635, 33.886752], [130.426544, 33.887014], [130.427726, 33.887097], [130.428594, 33.886653], [130.428953, 33.886634], [130.430081, 33.887358], [130.430357, 33.887693], [130.430826, 33.888477], [130.431017, 33.889835], [130.431825, 33.890456], [130.431678, 33.891247], [130.431841, 33.891841], [130.4318, 33.892797], [130.431998, 33.893278], [130.431945, 33.893519], [130.432103, 33.893774], [130.432529, 33.893851], [130.432887, 33.894834], [130.432203, 33.895022], [130.432479, 33.895806], [130.433034, 33.895661], [130.433313, 33.896363], [130.433098, 33.896827], [130.432889, 33.89693], [130.433102, 33.896941], [130.433757, 33.897581], [130.434555, 33.897212], [130.434515, 33.897036], [130.434772, 33.896966], [130.434905, 33.897174], [130.435627, 33.896878], [130.435799, 33.897127], [130.435592, 33.897266], [130.435422, 33.897054], [130.434984, 33.897275], [130.435187, 33.897559], [130.43504, 33.897673], [130.43479, 33.89737], [130.434257, 33.897634], [130.435245, 33.899128], [130.436465, 33.897869], [130.436645, 33.897981], [130.435612, 33.899108], [130.435947, 33.89934], [130.435866, 33.899527], [130.436112, 33.899659], [130.436728, 33.899553], [130.437297, 33.899601], [130.438001, 33.898861], [130.437618, 33.897973], [130.437779, 33.897921], [130.438115, 33.898661], [130.439629, 33.898147], [130.439784, 33.898443], [130.438257, 33.898996], [130.438312, 33.899134], [130.437501, 33.899883], [130.437965, 33.900781], [130.437156, 33.901612], [130.437344, 33.902299], [130.437733, 33.902877], [130.438555, 33.902573], [130.43967, 33.903766], [130.438951, 33.904547], [130.439019, 33.904616], [130.439373, 33.904271], [130.440493, 33.905129], [130.441004, 33.904976], [130.440996, 33.904776], [130.441935, 33.903999], [130.442278, 33.904195], [130.442534, 33.904135], [130.443281, 33.904569], [130.442933, 33.904797], [130.443144, 33.904938], [130.443056, 33.905131], [130.442785, 33.904964], [130.442421, 33.90527], [130.442127, 33.905936], [130.442203, 33.906425], [130.442866, 33.906823], [130.443374, 33.907581], [130.444161, 33.907847], [130.444693, 33.908864], [130.445092, 33.909047], [130.445602, 33.909094], [130.445856, 33.908865], [130.446169, 33.908797], [130.446169, 33.9092], [130.446031, 33.909303], [130.446687, 33.90974], [130.447056, 33.909663], [130.447154, 33.909844], [130.446949, 33.910022], [130.447027, 33.910151], [130.447296, 33.910281], [130.447688, 33.910134], [130.447967, 33.910239], [130.448026, 33.910529], [130.447221, 33.911503], [130.447368, 33.911769], [130.447726, 33.911943], [130.447964, 33.911764], [130.448096, 33.91133], [130.448297, 33.911331], [130.448412, 33.911937], [130.448298, 33.912294], [130.448173, 33.912361], [130.448018, 33.912187], [130.447868, 33.912216], [130.447477, 33.913136], [130.446909, 33.913217], [130.446732, 33.913664], [130.446372, 33.913745], [130.446476, 33.914072], [130.446265, 33.914685], [130.446053, 33.914878], [130.445949, 33.914516], [130.445736, 33.914409], [130.445446, 33.914502], [130.445034, 33.914911], [130.444339, 33.914641], [130.443882, 33.915079], [130.443615, 33.915619], [130.443438, 33.915648], [130.443302, 33.915585], [130.443176, 33.914917], [130.442901, 33.914825], [130.441894, 33.914959], [130.441611, 33.915027], [130.441548, 33.915477], [130.441342, 33.915791], [130.44099, 33.915424], [130.440733, 33.914747], [130.439804, 33.914667], [130.439054, 33.914978], [130.438344, 33.915688], [130.43807, 33.9158], [130.437926, 33.915747], [130.437884, 33.915522], [130.437979, 33.915095], [130.438127, 33.915055], [130.43787, 33.914813], [130.437568, 33.914781], [130.436909, 33.915202], [130.436411, 33.915234], [130.436003, 33.914831], [130.436141, 33.914369], [130.435297, 33.913944], [130.43523, 33.914081], [130.434859, 33.914118], [130.434685, 33.914258], [130.434335, 33.915105], [130.433719, 33.915246], [130.433115, 33.914896], [130.432804, 33.914874], [130.432584, 33.915363], [130.432191, 33.915143], [130.432224, 33.914771], [130.43145, 33.914186], [130.431326, 33.914169], [130.431186, 33.914338], [130.430914, 33.91428], [130.430879, 33.914042], [130.431061, 33.913851], [130.430487, 33.91358], [130.429913, 33.912965], [130.430058, 33.912616], [130.429824, 33.912417], [130.429801, 33.912146], [130.42999, 33.911984], [130.430307, 33.911949], [130.430717, 33.912205], [130.431005, 33.9117], [130.431046, 33.910792], [130.430731, 33.910211], [130.430289, 33.909798], [130.42904, 33.909318], [130.427568, 33.909361], [130.42415, 33.910377], [130.42396, 33.910495], [130.424102, 33.910633], [130.423779, 33.910882], [130.423596, 33.911366], [130.423159, 33.911736], [130.422883, 33.911539], [130.42294, 33.91132], [130.421657, 33.911208], [130.420214, 33.911988], [130.419022, 33.912411], [130.417279, 33.912082], [130.416791, 33.912174], [130.416865, 33.912337], [130.41665, 33.912469], [130.415832, 33.912234], [130.415399, 33.912566], [130.414952, 33.912546], [130.414705, 33.912441], [130.414615, 33.912049], [130.414867, 33.911911], [130.414923, 33.911468], [130.414573, 33.911046], [130.414277, 33.910954], [130.413951, 33.911204], [130.413809, 33.911142], [130.413939, 33.911008], [130.413651, 33.911072], [130.413429, 33.911311], [130.412254, 33.910993], [130.411922, 33.910976], [130.411751, 33.911082], [130.411746, 33.910878], [130.410741, 33.910211], [130.409608, 33.910389], [130.408633, 33.911189], [130.408102, 33.911261], [130.407991, 33.910987], [130.408529, 33.910727], [130.408639, 33.910341], [130.40836, 33.909988], [130.407711, 33.909793], [130.407731, 33.909658], [130.408113, 33.90947], [130.408029, 33.909097], [130.407738, 33.909036], [130.407633, 33.909206], [130.407143, 33.909414], [130.406429, 33.908914], [130.406626, 33.908671], [130.406828, 33.908744], [130.407662, 33.908519], [130.407564, 33.908251], [130.407709, 33.90804], [130.406703, 33.908022], [130.406258, 33.90773], [130.406012, 33.907276], [130.407213, 33.906557], [130.40836, 33.906211], [130.408899, 33.905468], [130.408856, 33.904987], [130.408493, 33.904627], [130.408017, 33.904517], [130.407336, 33.904111], [130.407197, 33.90293], [130.406791, 33.901614], [130.406634, 33.901442], [130.406299, 33.901363], [130.406118, 33.901493], [130.405793, 33.901298], [130.406109, 33.901], [130.407102, 33.901421], [130.407593, 33.901319], [130.408135, 33.900812], [130.408341, 33.900176], [130.407934, 33.899786], [130.407334, 33.899827], [130.407646, 33.899084], [130.407449, 33.898626], [130.4072, 33.898477], [130.406867, 33.898564], [130.40622, 33.898501], [130.405821, 33.898298], [130.405688, 33.898049]]], [[[130.434413, 33.915216], [130.434523, 33.915081], [130.434552, 33.915189], [130.434413, 33.915216]]], [[[130.434854, 33.915014], [130.435031, 33.915041], [130.435024, 33.915171], [130.434854, 33.915014]]], [[[130.434512, 33.914945], [130.434638, 33.914865], [130.434594, 33.914991], [130.434512, 33.914945]]], [[[130.434633, 33.914606], [130.434759, 33.914535], [130.434704, 33.914707], [130.434633, 33.914606]]], [[[130.430918, 33.914489], [130.431011, 33.914472], [130.431092, 33.914642], [130.430918, 33.914489]]], [[[130.491434, 33.9143], [130.491527, 33.914272], [130.491531, 33.914372], [130.491434, 33.9143]]], [[[130.491558, 33.914035], [130.491651, 33.914057], [130.491621, 33.914114], [130.491558, 33.914035]]], [[[130.430236, 33.913906], [130.430369, 33.913795], [130.430459, 33.91387], [130.430236, 33.913906]]], [[[130.491688, 33.91379], [130.491825, 33.913779], [130.491899, 33.913953], [130.491688, 33.91379]]], [[[130.446997, 33.913644], [130.447217, 33.913584], [130.447411, 33.913847], [130.44719, 33.913876], [130.446997, 33.913644]]], [[[130.485782, 33.911273], [130.486127, 33.911221], [130.486228, 33.910921], [130.486722, 33.910694], [130.488221, 33.910431], [130.488509, 33.91018], [130.488383, 33.909865], [130.488551, 33.909812], [130.48857, 33.909607], [130.488943, 33.909596], [130.489622, 33.908686], [130.489989, 33.908551], [130.489879, 33.90839], [130.489985, 33.90817], [130.49053, 33.907981], [130.490929, 33.907978], [130.49106, 33.907656], [130.49069, 33.907256], [130.490741, 33.906707], [130.490857, 33.90646], [130.491695, 33.906086], [130.492001, 33.905816], [130.491861, 33.905109], [130.491517, 33.905165], [130.491356, 33.90506], [130.491854, 33.904748], [130.492004, 33.904252], [130.492284, 33.904326], [130.492231, 33.904471], [130.492453, 33.904556], [130.492541, 33.904451], [130.493428, 33.904891], [130.493121, 33.905398], [130.493494, 33.905508], [130.494215, 33.905481], [130.494775, 33.904734], [130.495089, 33.904744], [130.495204, 33.90464], [130.495343, 33.904235], [130.495276, 33.903934], [130.495208, 33.903812], [130.494834, 33.90377], [130.494874, 33.903674], [130.494693, 33.903562], [130.49495, 33.903361], [130.49478, 33.903126], [130.494818, 33.902458], [130.494964, 33.901516], [130.495198, 33.901341], [130.495185, 33.901168], [130.494938, 33.901154], [130.494813, 33.900876], [130.494884, 33.900636], [130.495194, 33.900427], [130.495699, 33.899369], [130.495498, 33.898551], [130.495194, 33.898614], [130.495101, 33.898487], [130.495147, 33.898179], [130.49536, 33.897992], [130.495818, 33.898021], [130.497531, 33.898904], [130.497905, 33.898858], [130.498959, 33.897967], [130.499317, 33.896215], [130.500296, 33.895685], [130.50008, 33.895505], [130.500593, 33.895494], [130.502086, 33.895032], [130.502167, 33.895144], [130.50164, 33.895607], [130.501505, 33.89555], [130.501451, 33.895821], [130.501579, 33.895967], [130.501735, 33.895933], [130.502086, 33.896367], [130.50241, 33.896277], [130.502518, 33.896429], [130.50293, 33.896322], [130.502592, 33.895652], [130.502828, 33.895562], [130.503024, 33.895956], [130.503477, 33.895854], [130.503612, 33.896142], [130.504021, 33.896089], [130.503855, 33.895297], [130.504166, 33.895206], [130.504341, 33.895314], [130.504213, 33.896176], [130.50463, 33.896832], [130.505422, 33.897106], [130.506023, 33.897044], [130.507083, 33.896705], [130.507745, 33.896362], [130.508393, 33.895815], [130.508549, 33.895928], [130.508583, 33.896232], [130.508049, 33.897404], [130.507988, 33.897923], [130.506347, 33.900583], [130.506496, 33.900808], [130.506408, 33.901011], [130.505638, 33.901366], [130.505239, 33.901901], [130.504787, 33.902053], [130.504392, 33.901922], [130.504057, 33.901969], [130.503396, 33.90238], [130.503044, 33.90269], [130.50243, 33.90362], [130.501984, 33.904539], [130.501147, 33.905462], [130.499924, 33.905632], [130.499553, 33.905812], [130.499019, 33.906376], [130.498351, 33.908212], [130.498519, 33.908416], [130.498729, 33.908461], [130.498756, 33.908855], [130.498229, 33.909346], [130.497966, 33.909926], [130.497488, 33.910126], [130.497261, 33.910402], [130.497212, 33.910769], [130.497348, 33.910877], [130.497054, 33.911326], [130.496699, 33.911588], [130.496745, 33.912081], [130.496541, 33.912028], [130.496275, 33.911713], [130.496113, 33.911826], [130.495978, 33.912349], [130.495273, 33.912573], [130.495164, 33.912447], [130.493683, 33.91227], [130.493403, 33.912825], [130.493077, 33.913136], [130.492432, 33.913405], [130.491179, 33.913347], [130.49084, 33.913781], [130.490769, 33.91359], [130.490922, 33.913396], [130.490506, 33.913321], [130.490125, 33.912907], [130.489881, 33.912847], [130.48934, 33.912873], [130.489085, 33.913027], [130.489225, 33.913368], [130.489092, 33.913526], [130.488607, 33.913456], [130.488444, 33.913321], [130.488424, 33.913076], [130.488591, 33.91291], [130.488379, 33.912541], [130.488028, 33.912951], [130.487796, 33.913011], [130.487704, 33.912905], [130.487833, 33.9127], [130.487573, 33.912669], [130.487441, 33.912457], [130.487497, 33.912081], [130.486398, 33.911322], [130.48605, 33.911517], [130.485782, 33.911273]]], [[[130.492546, 33.913486], [130.492743, 33.913352], [130.493053, 33.913555], [130.492896, 33.91366], [130.492546, 33.913486]]], [[[130.4476, 33.913207], [130.447779, 33.91314], [130.448048, 33.913415], [130.447703, 33.91343], [130.4476, 33.913207]]], [[[130.494334, 33.913364], [130.49438, 33.913247], [130.494504, 33.913296], [130.494402, 33.913426], [130.494334, 33.913364]]], [[[130.448393, 33.913234], [130.448493, 33.913195], [130.448618, 33.913356], [130.448494, 33.913377], [130.448393, 33.913234]]], [[[130.447779, 33.913037], [130.44789, 33.913009], [130.447943, 33.913111], [130.447779, 33.913037]]], [[[130.494072, 33.912991], [130.494451, 33.91292], [130.494313, 33.91308], [130.494142, 33.913106], [130.494072, 33.912991]]], [[[130.484723, 33.912904], [130.484798, 33.912899], [130.484856, 33.912965], [130.484723, 33.912904]]], [[[130.48472, 33.912629], [130.484838, 33.912637], [130.484789, 33.912684], [130.48472, 33.912629]]], [[[130.485164, 33.91259], [130.485203, 33.912537], [130.485306, 33.912552], [130.485164, 33.91259]]], [[[130.496864, 33.912494], [130.496959, 33.912364], [130.497165, 33.912391], [130.497002, 33.912556], [130.496864, 33.912494]]], [[[130.484888, 33.912419], [130.484978, 33.912409], [130.48499, 33.91251], [130.484888, 33.912419]]], [[[130.484648, 33.912393], [130.484788, 33.912387], [130.484782, 33.912477], [130.484648, 33.912393]]], [[[130.485038, 33.912386], [130.485296, 33.91237], [130.485154, 33.912472], [130.485038, 33.912386]]], [[[130.448622, 33.912272], [130.448801, 33.912186], [130.44894, 33.912322], [130.448703, 33.912385], [130.448622, 33.912272]]], [[[130.485375, 33.912286], [130.485579, 33.912293], [130.485442, 33.912336], [130.485375, 33.912286]]], [[[130.485115, 33.912118], [130.485358, 33.912035], [130.485302, 33.912179], [130.485115, 33.912118]]], [[[130.411298, 33.911942], [130.411353, 33.911882], [130.411545, 33.912007], [130.411298, 33.911942]]], [[[130.485359, 33.911889], [130.48557, 33.911778], [130.485434, 33.911944], [130.485359, 33.911889]]], [[[130.485087, 33.911787], [130.485252, 33.911667], [130.485211, 33.911871], [130.485087, 33.911787]]], [[[130.485324, 33.911673], [130.485568, 33.911526], [130.485723, 33.911589], [130.485324, 33.911673]]], [[[130.408864, 33.911524], [130.409056, 33.911406], [130.408942, 33.911578], [130.408864, 33.911524]]], [[[130.49737, 33.911426], [130.497516, 33.911376], [130.497423, 33.911526], [130.49737, 33.911426]]], [[[130.497164, 33.911391], [130.497256, 33.911325], [130.497312, 33.911387], [130.497164, 33.911391]]], [[[130.498479, 33.911171], [130.498533, 33.911126], [130.49854, 33.911261], [130.498479, 33.911171]]], [[[130.497521, 33.911194], [130.497543, 33.911138], [130.497607, 33.91118], [130.497521, 33.911194]]], [[[130.497729, 33.910963], [130.497864, 33.910974], [130.49779, 33.911008], [130.497729, 33.910963]]], [[[130.49831, 33.910929], [130.498405, 33.910895], [130.498391, 33.910974], [130.49831, 33.910929]]], [[[130.485825, 33.910892], [130.48591, 33.910777], [130.485917, 33.910882], [130.485825, 33.910892]]], [[[130.486079, 33.910801], [130.486211, 33.910717], [130.486192, 33.910784], [130.486079, 33.910801]]], [[[130.486383, 33.910704], [130.486536, 33.910564], [130.486492, 33.910766], [130.486383, 33.910704]]], [[[130.497912, 33.910337], [130.49802, 33.910343], [130.498162, 33.910506], [130.497912, 33.910337]]], [[[130.498418, 33.910337], [130.498533, 33.910286], [130.498526, 33.910343], [130.498418, 33.910337]]], [[[130.497959, 33.910089], [130.498026, 33.910061], [130.498067, 33.910168], [130.497959, 33.910089]]], [[[130.498695, 33.909441], [130.499013, 33.909351], [130.498992, 33.909481], [130.499154, 33.90956], [130.498729, 33.909616], [130.498695, 33.909441]]], [[[130.488674, 33.909031], [130.488708, 33.908985], [130.488791, 33.909009], [130.488674, 33.909031]]], [[[130.488494, 33.908959], [130.488549, 33.90892], [130.488609, 33.909011], [130.488494, 33.908959]]], [[[130.488835, 33.908925], [130.488946, 33.908963], [130.488876, 33.909002], [130.488835, 33.908925]]], [[[130.499506, 33.90766], [130.499641, 33.907632], [130.499627, 33.907694], [130.499506, 33.90766]]], [[[130.499316, 33.907536], [130.499458, 33.907536], [130.499384, 33.907598], [130.499316, 33.907536]]], [[[130.499121, 33.907486], [130.499215, 33.907441], [130.499195, 33.907514], [130.499121, 33.907486]]], [[[130.499559, 33.90735], [130.499634, 33.907328], [130.499654, 33.907412], [130.499559, 33.90735]]], [[[130.498756, 33.907362], [130.498817, 33.907333], [130.498857, 33.907356], [130.498756, 33.907362]]], [[[130.499134, 33.907176], [130.499283, 33.907215], [130.499188, 33.907272], [130.499134, 33.907176]]], [[[130.499539, 33.90646], [130.499627, 33.906432], [130.499681, 33.906522], [130.499539, 33.90646]]], [[[130.501383, 33.905913], [130.501471, 33.905902], [130.501478, 33.905992], [130.501383, 33.905913]]], [[[130.491592, 33.905949], [130.491733, 33.905923], [130.49169, 33.905998], [130.491592, 33.905949]]], [[[130.501093, 33.905727], [130.50114, 33.905688], [130.501167, 33.905772], [130.501093, 33.905727]]], [[[130.501343, 33.905491], [130.501397, 33.90544], [130.50141, 33.905536], [130.501343, 33.905491]]], [[[130.501653, 33.905012], [130.501707, 33.904989], [130.501667, 33.905091], [130.501653, 33.905012]]], [[[130.50243, 33.905012], [130.502498, 33.904944], [130.502653, 33.905006], [130.50243, 33.905012]]], [[[130.502565, 33.904539], [130.502639, 33.904493], [130.50266, 33.904595], [130.502565, 33.904539]]], [[[130.443619, 33.904433], [130.443794, 33.9044], [130.443872, 33.90449], [130.443619, 33.904433]]], [[[130.494856, 33.904235], [130.494999, 33.904212], [130.495007, 33.904292], [130.494856, 33.904235]]], [[[130.502464, 33.904071], [130.502572, 33.904059], [130.502558, 33.904184], [130.502464, 33.904071]]], [[[130.494605, 33.901782], [130.494693, 33.901657], [130.49469, 33.90185], [130.494605, 33.901782]]], [[[130.494691, 33.900488], [130.494802, 33.900457], [130.494762, 33.900599], [130.494691, 33.900488]]], [[[130.439019, 33.900493], [130.439098, 33.900438], [130.439174, 33.900498], [130.439019, 33.900493]]], [[[130.439549, 33.900358], [130.439684, 33.900322], [130.439656, 33.900478], [130.439549, 33.900358]]], [[[130.495081, 33.900174], [130.495231, 33.900001], [130.495271, 33.900126], [130.495081, 33.900174]]], [[[130.407033, 33.896334], [130.407102, 33.896289], [130.407116, 33.896341], [130.407033, 33.896334]]], [[[130.407253, 33.89623], [130.407355, 33.896141], [130.407346, 33.896276], [130.407253, 33.89623]]], [[[130.407464, 33.896194], [130.407594, 33.896126], [130.407564, 33.896204], [130.407464, 33.896194]]], [[[130.407673, 33.89617], [130.40778, 33.896093], [130.407722, 33.896179], [130.407673, 33.89617]]], [[[130.498945, 33.896176], [130.499209, 33.896097], [130.499175, 33.896176], [130.498945, 33.896176]]], [[[130.407181, 33.896072], [130.407311, 33.896045], [130.407216, 33.896102], [130.407181, 33.896072]]], [[[130.406777, 33.895904], [130.406835, 33.895856], [130.406972, 33.895959], [130.406777, 33.895904]]], [[[130.500161, 33.895308], [130.500343, 33.895212], [130.500438, 33.895325], [130.500161, 33.895308]]], [[[130.499965, 33.895223], [130.500087, 33.895235], [130.50006, 33.895319], [130.499965, 33.895223]]], [[[130.508792, 33.895026], [130.509136, 33.89475], [130.508981, 33.895082], [130.508819, 33.895122], [130.508792, 33.895026]]], [[[130.511736, 33.891538], [130.511892, 33.891611], [130.511783, 33.891718], [130.511736, 33.891538]]], [[[130.413703, 33.891165], [130.413858, 33.891256], [130.413748, 33.891265], [130.413703, 33.891165]]], [[[130.413174, 33.891204], [130.413321, 33.891147], [130.413241, 33.891233], [130.413174, 33.891204]]], [[[130.414605, 33.891029], [130.414717, 33.890974], [130.414786, 33.891083], [130.414605, 33.891029]]], [[[130.415338, 33.890965], [130.415469, 33.890972], [130.415377, 33.891028], [130.415338, 33.890965]]], [[[130.414888, 33.890874], [130.414983, 33.890862], [130.415008, 33.890982], [130.414888, 33.890874]]], [[[130.415197, 33.890767], [130.415286, 33.890715], [130.415328, 33.890814], [130.415197, 33.890767]]], [[[130.417202, 33.890329], [130.417283, 33.890252], [130.41737, 33.890306], [130.417202, 33.890329]]], [[[130.416666, 33.890235], [130.416804, 33.890189], [130.416787, 33.890271], [130.416666, 33.890235]]], [[[130.542964, 33.889177], [130.541931, 33.888664], [130.54187, 33.888473], [130.542002, 33.888334], [130.541809, 33.888072], [130.54085, 33.88756], [130.540148, 33.887407], [130.537946, 33.887413], [130.533604, 33.887807], [130.531578, 33.887796], [130.530173, 33.887644], [130.52891, 33.887785], [130.525973, 33.888512], [130.525804, 33.888687], [130.525777, 33.889261], [130.525439, 33.889741], [130.525534, 33.889887], [130.525338, 33.889915], [130.525257, 33.890084], [130.524824, 33.889752], [130.524446, 33.889684], [130.524453, 33.889278], [130.524068, 33.888754], [130.524304, 33.887932], [130.525973, 33.886106], [130.526499, 33.885779], [130.527175, 33.88362], [130.527351, 33.883649], [130.526858, 33.885429], [130.527175, 33.885503], [130.527263, 33.885356], [130.528005, 33.885069], [130.527904, 33.884708], [130.528397, 33.884556], [130.528309, 33.884263], [130.528525, 33.884201], [130.528694, 33.884516], [130.529181, 33.884409], [130.529822, 33.883339], [130.529795, 33.883187], [130.528959, 33.883123], [130.528964, 33.882843], [130.52993, 33.882713], [130.529843, 33.881158], [130.529802, 33.881028], [130.528721, 33.881079], [130.528694, 33.880594], [130.529403, 33.880544], [130.529295, 33.879676], [130.529687, 33.879591], [130.529505, 33.878932], [130.528904, 33.879005], [130.528559, 33.877585], [130.528803, 33.877478], [130.528688, 33.87692], [130.529586, 33.876368], [130.529073, 33.874925], [130.526655, 33.869797], [130.525676, 33.868146], [130.524339, 33.866281], [130.521381, 33.863119], [130.516512, 33.859659], [130.514007, 33.858289], [130.512068, 33.857022], [130.507733, 33.855263], [130.505423, 33.854564], [130.502479, 33.853246], [130.500946, 33.852766], [130.500674, 33.852475], [130.499425, 33.852288], [130.499109, 33.852423], [130.497657, 33.852298], [130.488234, 33.850937], [130.487444, 33.851031], [130.487134, 33.851534], [130.486427, 33.851346], [130.485838, 33.851351], [130.484772, 33.851573], [130.484075, 33.851879], [130.483914, 33.851982], [130.484095, 33.852397], [130.48413, 33.853131], [130.483346, 33.853022], [130.483302, 33.853387], [130.483158, 33.853348], [130.482948, 33.854017], [130.482755, 33.853988], [130.482711, 33.854116], [130.482547, 33.854081], [130.482586, 33.853884], [130.482697, 33.853903], [130.482879, 33.853277], [130.482348, 33.853285], [130.482024, 33.853444], [130.481676, 33.8539], [130.481597, 33.854387], [130.481199, 33.854604], [130.480677, 33.855344], [130.479814, 33.856047], [130.479501, 33.857356], [130.47974, 33.85767], [130.479121, 33.857901], [130.479173, 33.858165], [130.478904, 33.858217], [130.478858, 33.857848], [130.478388, 33.857595], [130.477813, 33.857493], [130.477632, 33.857754], [130.477326, 33.857747], [130.477372, 33.857115], [130.477051, 33.856834], [130.477332, 33.856252], [130.477804, 33.855772], [130.478278, 33.854964], [130.478661, 33.852869], [130.478699, 33.851706], [130.479354, 33.851224], [130.479728, 33.850703], [130.481208, 33.850436], [130.482219, 33.849256], [130.482681, 33.847258], [130.482527, 33.844927], [130.483227, 33.844101], [130.483933, 33.843695], [130.484149, 33.843267], [130.484488, 33.843095], [130.484608, 33.842473], [130.485438, 33.841475], [130.485435, 33.841278], [130.484923, 33.840846], [130.485063, 33.840433], [130.485433, 33.840237], [130.48737, 33.840355], [130.487559, 33.840806], [130.487502, 33.840936], [130.487138, 33.840999], [130.486842, 33.841197], [130.486581, 33.841697], [130.485341, 33.841955], [130.484801, 33.843135], [130.484895, 33.843682], [130.485633, 33.843979], [130.486086, 33.844569], [130.48634, 33.844342], [130.48639, 33.8438], [130.486732, 33.843558], [130.487171, 33.843606], [130.487643, 33.843987], [130.487594, 33.844236], [130.486839, 33.844812], [130.486372, 33.844927], [130.486183, 33.845203], [130.487191, 33.845746], [130.487389, 33.845206], [130.48819, 33.844651], [130.48805, 33.845441], [130.488096, 33.845576], [130.488246, 33.845586], [130.488851, 33.845084], [130.488751, 33.844491], [130.489521, 33.844754], [130.489503, 33.845161], [130.489619, 33.845284], [130.491181, 33.844986], [130.491297, 33.844127], [130.490614, 33.843864], [130.490436, 33.843628], [130.490892, 33.84268], [130.491023, 33.841829], [130.490792, 33.841784], [130.490143, 33.842231], [130.489877, 33.842303], [130.489796, 33.842192], [130.491224, 33.84082], [130.492725, 33.839883], [130.493615, 33.839497], [130.494136, 33.838935], [130.494204, 33.838616], [130.493766, 33.838488], [130.493278, 33.837916], [130.493361, 33.837324], [130.493745, 33.836973], [130.495286, 33.836385], [130.496176, 33.834883], [130.496988, 33.834445], [130.497144, 33.834054], [130.497011, 33.833418], [130.497354, 33.832539], [130.498013, 33.832007], [130.499218, 33.83165], [130.499706, 33.831658], [130.500149, 33.83123], [130.500202, 33.830943], [130.499958, 33.830293], [130.499861, 33.828855], [130.500326, 33.827847], [130.499402, 33.82685], [130.499324, 33.826567], [130.499586, 33.825886], [130.499105, 33.825071], [130.498953, 33.823998], [130.498262, 33.82322], [130.497865, 33.822981], [130.498042, 33.82148], [130.498479, 33.820888], [130.498671, 33.819756], [130.498981, 33.819144], [130.499003, 33.818341], [130.500228, 33.816774], [130.500314, 33.816059], [130.500745, 33.815293], [130.503587, 33.813773], [130.505147, 33.812213], [130.504998, 33.811728], [130.505217, 33.810924], [130.50516, 33.809482], [130.504759, 33.808258], [130.503769, 33.807732], [130.503297, 33.807047], [130.502376, 33.806117], [130.501975, 33.805993], [130.500816, 33.806081], [130.500601, 33.806001], [130.499429, 33.805288], [130.499001, 33.80485], [130.498441, 33.803995], [130.498381, 33.803606], [130.498532, 33.803199], [130.498573, 33.802126], [130.498935, 33.801555], [130.499001, 33.800145], [130.499388, 33.79876], [130.498989, 33.798497], [130.498069, 33.798428], [130.497658, 33.797823], [130.496612, 33.796909], [130.49587, 33.795659], [130.494778, 33.795179], [130.494956, 33.794346], [130.495319, 33.794174], [130.496779, 33.793927], [130.497658, 33.793208], [130.498071, 33.792476], [130.498926, 33.791882], [130.500048, 33.791727], [130.501274, 33.791839], [130.501974, 33.791105], [130.502345, 33.790315], [130.502867, 33.78983], [130.504913, 33.789237], [130.505799, 33.788703], [130.506656, 33.787765], [130.507794, 33.787539], [130.508177, 33.786813], [130.508529, 33.786629], [130.509061, 33.785926], [130.509824, 33.786206], [130.511343, 33.784936], [130.511205, 33.784366], [130.511526, 33.783642], [130.511807, 33.783496], [130.512972, 33.783358], [130.513908, 33.782941], [130.514551, 33.78233], [130.515274, 33.781961], [130.515588, 33.781019], [130.515789, 33.780855], [130.516722, 33.78078], [130.517423, 33.781387], [130.517623, 33.781052], [130.51749, 33.780566], [130.516878, 33.779767], [130.516624, 33.778886], [130.517147, 33.778618], [130.517998, 33.777478], [130.518783, 33.777302], [130.52082, 33.774949], [130.523613, 33.777572], [130.525249, 33.778654], [130.525108, 33.779261], [130.525434, 33.77934], [130.525617, 33.779265], [130.526229, 33.78006], [130.527294, 33.780691], [130.528633, 33.780666], [130.529227, 33.780352], [130.529392, 33.780193], [130.529575, 33.779565], [130.530115, 33.779079], [130.530482, 33.779255], [130.53071, 33.779565], [130.531897, 33.779531], [130.532888, 33.77972], [130.533937, 33.779711], [130.535027, 33.780138], [130.536248, 33.779251], [130.536703, 33.778728], [130.537288, 33.778548], [130.538432, 33.778434], [130.538646, 33.778283], [130.539128, 33.777366], [130.538918, 33.776935], [130.539244, 33.776135], [130.539213, 33.775901], [130.538784, 33.774832], [130.53886, 33.774187], [130.539074, 33.773836], [130.539686, 33.773756], [130.54073, 33.773831], [130.542239, 33.774761], [130.542717, 33.77438], [130.542745, 33.774219], [130.542384, 33.773549], [130.542464, 33.773248], [130.544951, 33.772151], [130.545728, 33.77154], [130.545576, 33.771264], [130.544517, 33.770445], [130.543339, 33.770345], [130.54204, 33.770072], [130.540297, 33.769458], [130.540778, 33.768192], [130.542921, 33.767438], [130.543131, 33.767082], [130.543018, 33.766394], [130.542393, 33.766059], [130.541639, 33.765013], [130.542183, 33.764548], [130.54225, 33.764361], [130.542076, 33.763922], [130.54217, 33.763683], [130.542818, 33.76321], [130.543432, 33.762442], [130.544284, 33.761801], [130.543963, 33.760887], [130.544369, 33.760602], [130.54478, 33.759979], [130.546071, 33.760297], [130.547563, 33.759004], [130.5473, 33.758231], [130.547456, 33.758127], [130.548242, 33.758273], [130.549032, 33.758215], [130.54979, 33.757651], [130.549879, 33.757483], [130.549642, 33.756654], [130.550132, 33.755229], [130.55073, 33.754267], [130.551778, 33.753276], [130.551589, 33.752371], [130.551254, 33.751916], [130.551401, 33.751486], [130.554122, 33.750217], [130.554639, 33.750158], [130.555111, 33.750515], [130.554852, 33.750984], [130.555072, 33.751462], [130.557232, 33.752661], [130.557347, 33.752762], [130.557292, 33.753276], [130.557419, 33.753466], [130.559027, 33.754112], [130.559446, 33.754692], [130.559907, 33.755019], [130.560368, 33.75497], [130.561064, 33.754511], [130.562054, 33.754891], [130.56263, 33.754875], [130.563137, 33.755399], [130.563693, 33.756352], [130.566371, 33.754989], [130.567147, 33.754937], [130.568234, 33.755235], [130.56999, 33.755209], [130.570906, 33.755432], [130.571917, 33.755487], [130.574712, 33.756467], [130.575145, 33.756463], [130.577153, 33.755871], [130.578003, 33.755789], [130.578665, 33.756188], [130.579483, 33.756316], [130.580067, 33.75669], [130.581473, 33.756801], [130.582504, 33.755962], [130.582924, 33.755949], [130.583406, 33.756339], [130.584168, 33.756506], [130.584408, 33.756846], [130.584425, 33.757784], [130.584251, 33.758711], [130.584607, 33.759792], [130.587424, 33.761114], [130.587753, 33.760997], [130.588405, 33.760291], [130.589094, 33.760304], [130.589562, 33.760484], [130.590368, 33.761241], [130.591393, 33.761788], [130.591896, 33.762828], [130.591816, 33.763242], [130.592256, 33.764141], [130.592683, 33.764141], [130.593024, 33.763931], [130.593303, 33.763639], [130.593153, 33.763131], [130.593513, 33.762921], [130.594069, 33.7636], [130.595209, 33.763137], [130.596875, 33.763433], [130.597099, 33.763377], [130.598258, 33.762768], [130.598517, 33.761929], [130.598678, 33.761824], [130.599622, 33.762263], [130.601613, 33.762902], [130.603129, 33.762919], [130.605121, 33.762453], [130.604128, 33.764581], [130.603928, 33.765756], [130.604058, 33.766267], [130.603621, 33.76736], [130.60382, 33.768223], [130.603429, 33.769336], [130.602772, 33.769867], [130.601394, 33.770267], [130.600878, 33.770613], [130.60058, 33.771522], [130.601311, 33.771863], [130.601611, 33.772182], [130.602479, 33.773632], [130.605418, 33.777008], [130.606292, 33.776775], [130.607087, 33.777037], [130.608863, 33.776574], [130.610078, 33.777007], [130.611596, 33.777224], [130.612636, 33.777129], [130.613154, 33.77724], [130.613329, 33.777427], [130.613553, 33.778585], [130.613878, 33.779419], [130.615426, 33.781612], [130.616319, 33.782216], [130.619188, 33.783055], [130.619946, 33.783072], [130.620754, 33.782836], [130.622257, 33.781706], [130.622348, 33.781187], [130.622648, 33.781019], [130.624184, 33.781076], [130.625419, 33.781313], [130.626863, 33.781161], [130.627303, 33.780874], [130.629499, 33.78058], [130.629811, 33.780156], [130.630716, 33.779846], [130.63126, 33.779781], [130.632104, 33.779939], [130.632432, 33.780176], [130.632461, 33.781508], [130.632337, 33.781843], [130.631477, 33.782692], [130.631332, 33.783377], [130.631327, 33.785001], [130.631711, 33.785524], [130.631947, 33.786513], [130.632603, 33.786803], [130.632781, 33.787525], [130.634892, 33.78854], [130.634427, 33.789097], [130.634349, 33.789562], [130.633618, 33.790447], [130.633639, 33.790782], [130.633876, 33.791009], [130.63488, 33.790509], [130.635468, 33.790462], [130.636411, 33.790819], [130.636575, 33.790754], [130.637004, 33.789782], [130.637699, 33.789269], [130.638108, 33.789444], [130.638678, 33.790046], [130.639816, 33.790618], [130.639181, 33.791125], [130.638828, 33.791226], [130.638622, 33.791497], [130.638764, 33.792294], [130.638728, 33.794071], [130.637781, 33.795045], [130.637484, 33.795821], [130.637219, 33.796004], [130.63679, 33.796052], [130.636645, 33.796504], [130.636151, 33.796776], [130.636198, 33.796992], [130.636711, 33.797422], [130.636858, 33.797888], [130.636564, 33.798147], [130.636153, 33.798176], [130.635921, 33.798342], [130.635708, 33.799685], [130.634779, 33.799879], [130.634062, 33.800143], [130.633775, 33.800382], [130.633742, 33.800532], [130.634095, 33.800868], [130.634095, 33.801066], [130.633491, 33.801699], [130.633831, 33.802623], [130.633203, 33.803585], [130.633181, 33.804195], [130.634779, 33.805166], [130.635588, 33.805954], [130.636383, 33.806479], [130.637074, 33.806661], [130.637954, 33.80672], [130.636906, 33.807547], [130.636567, 33.808216], [130.636109, 33.80854], [130.636258, 33.809895], [130.635497, 33.810702], [130.635307, 33.811277], [130.635353, 33.812124], [130.635967, 33.812746], [130.635456, 33.813056], [130.634633, 33.813234], [130.634351, 33.813964], [130.633672, 33.814136], [130.632633, 33.814772], [130.63205, 33.815311], [130.630908, 33.815488], [130.629778, 33.81551], [130.628233, 33.816314], [130.627582, 33.816938], [130.627174, 33.817945], [130.624986, 33.819359], [130.624741, 33.820352], [130.624247, 33.820729], [130.61997, 33.821402], [130.618869, 33.821212], [130.618295, 33.821229], [130.612756, 33.822939], [130.610475, 33.822832], [130.610139, 33.822307], [130.60979, 33.822052], [130.608493, 33.821586], [130.607779, 33.821907], [130.606513, 33.822743], [130.605853, 33.822982], [130.604662, 33.822635], [130.603636, 33.823077], [130.602626, 33.82327], [130.602008, 33.823096], [130.601333, 33.822674], [130.600963, 33.821761], [130.600502, 33.821105], [130.597563, 33.818849], [130.596951, 33.818612], [130.594107, 33.818226], [130.592817, 33.818202], [130.591977, 33.817901], [130.591631, 33.817931], [130.58936, 33.819964], [130.589217, 33.820476], [130.588567, 33.821204], [130.588365, 33.8219], [130.587407, 33.822359], [130.586964, 33.823307], [130.586272, 33.824029], [130.586056, 33.825551], [130.586041, 33.827121], [130.58562, 33.828344], [130.585144, 33.828604], [130.583183, 33.829118], [130.582751, 33.829349], [130.58173, 33.830407], [130.581238, 33.831129], [130.581531, 33.831687], [130.582702, 33.832054], [130.583195, 33.832431], [130.582671, 33.833325], [130.582499, 33.833971], [130.582806, 33.835277], [130.582706, 33.83628], [130.582991, 33.837015], [130.583047, 33.837983], [130.582904, 33.838705], [130.582948, 33.8394], [130.582375, 33.840634], [130.582035, 33.841049], [130.581262, 33.841569], [130.581135, 33.841887], [130.580724, 33.842236], [130.580379, 33.842412], [130.579344, 33.842593], [130.578123, 33.843493], [130.57728, 33.843911], [130.576107, 33.844077], [130.574606, 33.844866], [130.572308, 33.845381], [130.571918, 33.845958], [130.57176, 33.846674], [130.571317, 33.847501], [130.571159, 33.848301], [130.570912, 33.848788], [130.570683, 33.848921], [130.569316, 33.849047], [130.568841, 33.849288], [130.568656, 33.850042], [130.567724, 33.851792], [130.568021, 33.852304], [130.567969, 33.852659], [130.567195, 33.853606], [130.567488, 33.854651], [130.568041, 33.855059], [130.568669, 33.855912], [130.569458, 33.856659], [130.569675, 33.857218], [130.569537, 33.857629], [130.567832, 33.859306], [130.567994, 33.859928], [130.567848, 33.860945], [130.566631, 33.861493], [130.565372, 33.862421], [130.564981, 33.862576], [130.564337, 33.863595], [130.564023, 33.86379], [130.561442, 33.863586], [130.559203, 33.864294], [130.557165, 33.864138], [130.556446, 33.864753], [130.555999, 33.865336], [130.556146, 33.866807], [130.555096, 33.868049], [130.554385, 33.868535], [130.554249, 33.86913], [130.553435, 33.869434], [130.552325, 33.869519], [130.551744, 33.870788], [130.550901, 33.871894], [130.550455, 33.872805], [130.549069, 33.874277], [130.548851, 33.874862], [130.548576, 33.876672], [130.547411, 33.877698], [130.546464, 33.878338], [130.546365, 33.879621], [130.545251, 33.880173], [130.544146, 33.881441], [130.543704, 33.88166], [130.543174, 33.882386], [130.5425, 33.883958], [130.541532, 33.884376], [130.541441, 33.884521], [130.541733, 33.886115], [130.542549, 33.887686], [130.542964, 33.889177]]], [[[130.417862, 33.889964], [130.418076, 33.88997], [130.417981, 33.890039], [130.417862, 33.889964]]], [[[130.418553, 33.889411], [130.418667, 33.889309], [130.41875, 33.889448], [130.418553, 33.889411]]], [[[130.418833, 33.888732], [130.41898, 33.888671], [130.418966, 33.888735], [130.418833, 33.888732]]], [[[130.418946, 33.888206], [130.419141, 33.888233], [130.419035, 33.888288], [130.418946, 33.888206]]], [[[130.420094, 33.888076], [130.420262, 33.887993], [130.42023, 33.888131], [130.420094, 33.888076]]], [[[130.418343, 33.887876], [130.418459, 33.887861], [130.418484, 33.887922], [130.418343, 33.887876]]], [[[130.422481, 33.887848], [130.422623, 33.887857], [130.422541, 33.887913], [130.422481, 33.887848]]], [[[130.418474, 33.887731], [130.418649, 33.887782], [130.418515, 33.887808], [130.418474, 33.887731]]], [[[130.423993, 33.887497], [130.424131, 33.887461], [130.424083, 33.88752], [130.423993, 33.887497]]], [[[130.423606, 33.887382], [130.423727, 33.887338], [130.423674, 33.887424], [130.423606, 33.887382]]], [[[130.424046, 33.887328], [130.424086, 33.887262], [130.424176, 33.887296], [130.424046, 33.887328]]], [[[130.468556, 33.865392], [130.468669, 33.865382], [130.468701, 33.865514], [130.468556, 33.865392]]], [[[130.467937, 33.86528], [130.468034, 33.865149], [130.468164, 33.865209], [130.468128, 33.865315], [130.467937, 33.86528]]], [[[130.468534, 33.865106], [130.468653, 33.864972], [130.468727, 33.865297], [130.468534, 33.865106]]], [[[130.468424, 33.860493], [130.468769, 33.85984], [130.469361, 33.859527], [130.469649, 33.859519], [130.470131, 33.859906], [130.470468, 33.859978], [130.472149, 33.85942], [130.473179, 33.859272], [130.473778, 33.858783], [130.473354, 33.859767], [130.473376, 33.859972], [130.473622, 33.860127], [130.473322, 33.860739], [130.473192, 33.861794], [130.472906, 33.862651], [130.473228, 33.863477], [130.473036, 33.863949], [130.472286, 33.864249], [130.471334, 33.863732], [130.470898, 33.863776], [130.469216, 33.864679], [130.46877, 33.864682], [130.468653, 33.864391], [130.468731, 33.864065], [130.468958, 33.863765], [130.469128, 33.862722], [130.469486, 33.862295], [130.469589, 33.861729], [130.469273, 33.861065], [130.46853, 33.860857], [130.468424, 33.860493]]], [[[130.472486, 33.864313], [130.472555, 33.864261], [130.472622, 33.864343], [130.472486, 33.864313]]], [[[130.472014, 33.864319], [130.472154, 33.864337], [130.472105, 33.864366], [130.472014, 33.864319]]], [[[130.472933, 33.864132], [130.473037, 33.864049], [130.472997, 33.864153], [130.472933, 33.864132]]], [[[130.473211, 33.863822], [130.473305, 33.863779], [130.473313, 33.863888], [130.473211, 33.863822]]], [[[130.467694, 33.860719], [130.467963, 33.860311], [130.468318, 33.860304], [130.468312, 33.860718], [130.467923, 33.860839], [130.467694, 33.860719]]], [[[130.468206, 33.859768], [130.468496, 33.859471], [130.468639, 33.8595], [130.468419, 33.859739], [130.468415, 33.859947], [130.468267, 33.859981], [130.468206, 33.859768]]], [[[130.480478, 33.856005], [130.480653, 33.856064], [130.480586, 33.856111], [130.480478, 33.856005]]], [[[130.478401, 33.853017], [130.478492, 33.852916], [130.47849, 33.853077], [130.478401, 33.853017]]], [[[130.486667, 33.851769], [130.486935, 33.851617], [130.487086, 33.851789], [130.486769, 33.851938], [130.486667, 33.851769]]], [[[130.478235, 33.851858], [130.478293, 33.851683], [130.478453, 33.851694], [130.478415, 33.851917], [130.478235, 33.851858]]], [[[130.478911, 33.851247], [130.479027, 33.851219], [130.478923, 33.851321], [130.478911, 33.851247]]], [[[130.488718, 33.843289], [130.488796, 33.84297], [130.489161, 33.842688], [130.490046, 33.842514], [130.490381, 33.842659], [130.490337, 33.842977], [130.489417, 33.843473], [130.489013, 33.843517], [130.488718, 33.843289]]]]}}, {"type": "Feature", "properties": {"pref_code": "40", "pref_name": "福岡県", "municipality_code": "40221", "municipality_name": "太宰府市", "ward_name": "", "display_name": "太宰府市", "geometry_key": "40221"}, "geometry": {"type": "Polygon", "coordinates": [[[130.572156, 33.542477], [130.570766, 33.543432], [130.57047, 33.544069], [130.570226, 33.544236], [130.568163, 33.544436], [130.567108, 33.544757], [130.566793, 33.544718], [130.565992, 33.544904], [130.565517, 33.545111], [130.565147, 33.546092], [130.564944, 33.546325], [130.564029, 33.546541], [130.563508, 33.546836], [130.56269, 33.547006], [130.561948, 33.547834], [130.561895, 33.548051], [130.560944, 33.548192], [130.560169, 33.549409], [130.558782, 33.55066], [130.558636, 33.551096], [130.558056, 33.551564], [130.557903, 33.551832], [130.557549, 33.552108], [130.556712, 33.552304], [130.556481, 33.552658], [130.555949, 33.552832], [130.554623, 33.553726], [130.554466, 33.553854], [130.554389, 33.554419], [130.553827, 33.554901], [130.553264, 33.554888], [130.551462, 33.555232], [130.55105, 33.555166], [130.55031, 33.555913], [130.549195, 33.556441], [130.547072, 33.555832], [130.544707, 33.555452], [130.543893, 33.555141], [130.543316, 33.554767], [130.541766, 33.554971], [130.540672, 33.554906], [130.540466, 33.554535], [130.540798, 33.554102], [130.539711, 33.553075], [130.539872, 33.552793], [130.540662, 33.552616], [130.541717, 33.551862], [130.541676, 33.549276], [130.541333, 33.548863], [130.541368, 33.548417], [130.54069, 33.547769], [130.539023, 33.54747], [130.538966, 33.547267], [130.538673, 33.547149], [130.538295, 33.547228], [130.537457, 33.546533], [130.53717, 33.546487], [130.536429, 33.546061], [130.536121, 33.545504], [130.535652, 33.545303], [130.534785, 33.544628], [130.534247, 33.543782], [130.533296, 33.543402], [130.532744, 33.543736], [130.531566, 33.54335], [130.531405, 33.543382], [130.531076, 33.543763], [130.530846, 33.543769], [130.52986, 33.54335], [130.529546, 33.542917], [130.52877, 33.542622], [130.528497, 33.542111], [130.528169, 33.541826], [130.527974, 33.540607], [130.527624, 33.540253], [130.528715, 33.538647], [130.528484, 33.53791], [130.528498, 33.537419], [130.529617, 33.536658], [130.529561, 33.536186], [130.529239, 33.535839], [130.528373, 33.535374], [130.527751, 33.53521], [130.526887, 33.534427], [130.526244, 33.533444], [130.52472, 33.532743], [130.524091, 33.531805], [130.52257, 33.531394], [130.522193, 33.531099], [130.522081, 33.530672], [130.521244, 33.530686], [130.52016, 33.529814], [130.519293, 33.530443], [130.518881, 33.530581], [130.51831, 33.531301], [130.517674, 33.531255], [130.517255, 33.530973], [130.516766, 33.530829], [130.516339, 33.530992], [130.515976, 33.531425], [130.516102, 33.532228], [130.515213, 33.533056], [130.514865, 33.533104], [130.514346, 33.533428], [130.513977, 33.534326], [130.513949, 33.535273], [130.514201, 33.536016], [130.514321, 33.536976], [130.506075, 33.53367], [130.505166, 33.532486], [130.504858, 33.532486], [130.504402, 33.532993], [130.503998, 33.533088], [130.503036, 33.532614], [130.502401, 33.531863], [130.501493, 33.531819], [130.499539, 33.530979], [130.498694, 33.531012], [130.49754, 33.531235], [130.495744, 33.531893], [130.495101, 33.53223], [130.495067, 33.532627], [130.49478, 33.532952], [130.494386, 33.533016], [130.493006, 33.532781], [130.492592, 33.532153], [130.489325, 33.530541], [130.490506, 33.528463], [130.491032, 33.528811], [130.491993, 33.528261], [130.491743, 33.526721], [130.491358, 33.526616], [130.491989, 33.525103], [130.492674, 33.524031], [130.49326, 33.522147], [130.493896, 33.52166], [130.494814, 33.519679], [130.49362, 33.518573], [130.489907, 33.516032], [130.488392, 33.515529], [130.487587, 33.514184], [130.486683, 33.513759], [130.486193, 33.513335], [130.486167, 33.512856], [130.486388, 33.512242], [130.485882, 33.512107], [130.486301, 33.511111], [130.485942, 33.510557], [130.485964, 33.510401], [130.486361, 33.50989], [130.486828, 33.509536], [130.487113, 33.508972], [130.487171, 33.508395], [130.487822, 33.507799], [130.488168, 33.507274], [130.487956, 33.506427], [130.488108, 33.505508], [130.488825, 33.505489], [130.488854, 33.505244], [130.489275, 33.504876], [130.48931, 33.504534], [130.489223, 33.504289], [130.488628, 33.50367], [130.488285, 33.503772], [130.487968, 33.503593], [130.487326, 33.502751], [130.487096, 33.501885], [130.487208, 33.501189], [130.486487, 33.500532], [130.485829, 33.500896], [130.484413, 33.499637], [130.484468, 33.49873], [130.484114, 33.49816], [130.484043, 33.497647], [130.484321, 33.496754], [130.484126, 33.496663], [130.484037, 33.496434], [130.483773, 33.495322], [130.484037, 33.494894], [130.483776, 33.493895], [130.48352, 33.491766], [130.483092, 33.490647], [130.483221, 33.490221], [130.483988, 33.489616], [130.484436, 33.487855], [130.485068, 33.486844], [130.486002, 33.485976], [130.486769, 33.483489], [130.486723, 33.483254], [130.48618, 33.482751], [130.485783, 33.481562], [130.485869, 33.481369], [130.486332, 33.48104], [130.487039, 33.480048], [130.48707, 33.478828], [130.486418, 33.477998], [130.4868, 33.477312], [130.48709, 33.476409], [130.488101, 33.474836], [130.488219, 33.473971], [130.488567, 33.47317], [130.488412, 33.472689], [130.488024, 33.472239], [130.488024, 33.471984], [130.48834, 33.471647], [130.489348, 33.471134], [130.49, 33.470468], [130.491098, 33.470862], [130.491106, 33.471543], [130.491385, 33.471964], [130.492818, 33.473613], [130.493935, 33.474361], [130.495162, 33.477232], [130.495524, 33.477526], [130.496411, 33.47788], [130.496618, 33.478587], [130.497664, 33.479161], [130.497956, 33.479739], [130.4979, 33.480004], [130.497664, 33.480222], [130.496075, 33.480009], [130.495004, 33.480031], [130.494693, 33.480181], [130.494487, 33.480517], [130.494478, 33.481088], [130.49403, 33.481338], [130.493659, 33.481774], [130.493027, 33.483372], [130.492553, 33.484019], [130.492884, 33.484368], [130.493869, 33.484746], [130.494113, 33.485951], [130.494952, 33.48663], [130.494808, 33.486847], [130.493941, 33.487097], [130.493711, 33.487314], [130.493547, 33.48799], [130.493656, 33.488394], [130.493998, 33.488767], [130.494326, 33.489451], [130.495078, 33.489629], [130.495684, 33.490112], [130.49592, 33.490083], [130.496362, 33.490334], [130.496549, 33.490659], [130.496474, 33.491304], [130.496075, 33.491946], [130.495948, 33.493332], [130.495977, 33.493559], [130.49677, 33.494719], [130.496152, 33.495111], [130.496218, 33.495546], [130.495983, 33.496523], [130.496419, 33.496851], [130.496434, 33.497272], [130.496893, 33.497878], [130.498023, 33.498807], [130.498128, 33.499283], [130.498051, 33.500145], [130.50003, 33.500755], [130.499464, 33.501758], [130.499792, 33.502512], [130.500191, 33.502923], [130.501473, 33.503634], [130.501515, 33.504135], [130.501991, 33.505101], [130.502538, 33.505254], [130.502815, 33.505759], [130.503206, 33.505976], [130.503095, 33.507861], [130.502641, 33.508029], [130.502604, 33.508792], [130.502213, 33.509148], [130.502361, 33.511218], [130.502974, 33.511406], [130.503317, 33.511699], [130.503529, 33.511733], [130.503883, 33.511699], [130.504162, 33.511332], [130.5044, 33.510812], [130.504532, 33.509298], [130.5046, 33.505701], [130.504912, 33.505538], [130.505107, 33.505236], [130.505132, 33.504624], [130.505248, 33.504485], [130.505813, 33.504252], [130.506151, 33.503862], [130.506308, 33.502764], [130.506444, 33.502596], [130.506735, 33.502478], [130.507961, 33.502849], [130.50844, 33.502557], [130.508209, 33.502174], [130.508188, 33.501252], [130.507887, 33.500157], [130.508111, 33.499967], [130.510936, 33.500026], [130.510992, 33.500164], [130.511612, 33.500289], [130.51236, 33.49983], [130.51264, 33.500014], [130.512654, 33.500263], [130.512367, 33.500663], [130.512814, 33.500729], [130.513171, 33.500112], [130.513773, 33.500014], [130.513954, 33.500545], [130.514052, 33.501686], [130.513758, 33.503302], [130.513903, 33.503913], [130.515963, 33.502665], [130.516361, 33.502778], [130.516536, 33.502956], [130.517322, 33.503059], [130.517761, 33.502877], [130.518382, 33.502854], [130.519637, 33.503302], [130.520015, 33.504192], [130.520636, 33.504354], [130.521066, 33.50471], [130.521189, 33.505363], [130.521424, 33.505611], [130.520785, 33.507349], [130.521535, 33.507003], [130.522069, 33.506909], [130.522845, 33.507166], [130.523748, 33.507181], [130.524354, 33.50681], [130.527284, 33.506454], [130.529237, 33.505943], [130.530088, 33.505279], [130.530605, 33.504655], [130.530241, 33.504427], [130.530796, 33.503379], [130.531362, 33.503302], [130.531541, 33.502032], [130.531555, 33.501357], [130.531062, 33.501269], [130.531227, 33.499613], [130.530926, 33.499075], [130.530961, 33.498327], [130.531478, 33.49785], [130.532192, 33.497522], [130.532248, 33.497286], [130.533234, 33.496807], [130.534498, 33.495688], [130.534463, 33.495282], [130.534099, 33.49479], [130.534358, 33.494227], [130.53591, 33.493224], [130.53642, 33.492711], [130.537851, 33.492327], [130.540219, 33.491081], [130.54086, 33.490881], [130.541241, 33.491413], [130.541828, 33.49158], [130.542861, 33.491554], [130.543021, 33.491678], [130.542959, 33.492131], [130.541483, 33.492196], [130.541455, 33.492386], [130.542784, 33.492898], [130.54286, 33.494531], [130.543725, 33.494805], [130.544187, 33.494609], [130.54476, 33.494733], [130.545424, 33.496259], [130.54592, 33.496561], [130.5462, 33.496915], [130.546543, 33.497577], [130.546606, 33.498813], [130.546983, 33.500197], [130.546843, 33.50105], [130.547605, 33.502031], [130.546997, 33.502687], [130.547304, 33.502982], [130.547317, 33.503442], [130.548383, 33.505124], [130.548939, 33.505697], [130.549485, 33.505929], [130.549475, 33.506195], [130.549182, 33.506564], [130.547109, 33.50845], [130.546447, 33.510213], [130.545796, 33.510312], [130.544981, 33.510919], [130.544138, 33.510986], [130.542535, 33.51181], [130.540411, 33.512549], [130.539556, 33.515392], [130.540456, 33.517084], [130.541007, 33.518516], [130.541234, 33.519838], [130.542162, 33.521693], [130.542379, 33.521812], [130.543169, 33.521719], [130.543756, 33.521589], [130.544293, 33.521263], [130.544568, 33.52133], [130.545567, 33.522208], [130.545921, 33.522853], [130.546688, 33.523678], [130.546895, 33.524223], [130.547896, 33.524631], [130.548291, 33.524551], [130.54866, 33.524233], [130.548028, 33.523545], [130.547962, 33.523322], [130.548094, 33.522976], [130.548734, 33.522365], [130.549761, 33.521639], [130.550276, 33.521426], [130.551253, 33.521497], [130.551814, 33.521701], [130.55235, 33.522237], [130.553581, 33.5217], [130.553753, 33.521695], [130.553996, 33.52189], [130.55479, 33.521885], [130.555235, 33.522079], [130.555524, 33.522369], [130.555724, 33.522989], [130.555957, 33.523184], [130.55665, 33.523184], [130.557196, 33.523463], [130.557919, 33.52343], [130.558223, 33.523535], [130.558359, 33.52414], [130.559193, 33.524951], [130.559471, 33.52542], [130.560143, 33.526874], [130.560561, 33.528457], [130.560712, 33.52858], [130.56228, 33.52868], [130.563124, 33.529486], [130.56402, 33.529751], [130.565369, 33.530845], [130.566162, 33.532346], [130.566743, 33.533044], [130.566774, 33.533841], [130.567375, 33.535578], [130.567178, 33.536772], [130.56736, 33.537374], [130.567967, 33.53773], [130.56828, 33.538413], [130.568756, 33.538854], [130.56881, 33.539638], [130.569103, 33.540179], [130.570469, 33.541061], [130.571146, 33.541882], [130.572156, 33.542477]]]}}, {"type": "Feature", "properties": {"pref_code": "40", "pref_name": "福岡県", "municipality_code": "40223", "municipality_name": "古賀市", "ward_name": "", "display_name": "古賀市", "geometry_key": "40223"}, "geometry": {"type": "Polygon", "coordinates": [[[130.547737, 33.730612], [130.547016, 33.730935], [130.546989, 33.731335], [130.546534, 33.732034], [130.544843, 33.733465], [130.544327, 33.733638], [130.543561, 33.734143], [130.543268, 33.734248], [130.54261, 33.734199], [130.542425, 33.734369], [130.542229, 33.734917], [130.542379, 33.73559], [130.54218, 33.736341], [130.541042, 33.737415], [130.540902, 33.738084], [130.540399, 33.738277], [130.539925, 33.738257], [130.539229, 33.738494], [130.538253, 33.738317], [130.537532, 33.73849], [130.537014, 33.738952], [130.536479, 33.739119], [130.53536, 33.7387], [130.534576, 33.738902], [130.532246, 33.738821], [130.531284, 33.739047], [130.530681, 33.739597], [130.529859, 33.739716], [130.529296, 33.73946], [130.528674, 33.739394], [130.525326, 33.739735], [130.523535, 33.739695], [130.521904, 33.740085], [130.521163, 33.739898], [130.5176, 33.740394], [130.516376, 33.74021], [130.515286, 33.740594], [130.513288, 33.740774], [130.512533, 33.740643], [130.511221, 33.740138], [130.509187, 33.740345], [130.508264, 33.740686], [130.507093, 33.741319], [130.506343, 33.741941], [130.504558, 33.742402], [130.50259, 33.743492], [130.498575, 33.745252], [130.497659, 33.745582], [130.497273, 33.745447], [130.497016, 33.745491], [130.49456, 33.746749], [130.493561, 33.746794], [130.492881, 33.747512], [130.491581, 33.74844], [130.491194, 33.748381], [130.490207, 33.747445], [130.48977, 33.747633], [130.489316, 33.747316], [130.486449, 33.748595], [130.487114, 33.749341], [130.486184, 33.749727], [130.485643, 33.749102], [130.482587, 33.750575], [130.483008, 33.751199], [130.481741, 33.751795], [130.481605, 33.751574], [130.480781, 33.751957], [130.48015, 33.751939], [130.479981, 33.751667], [130.477768, 33.751456], [130.475626, 33.752143], [130.474883, 33.751994], [130.473585, 33.752039], [130.473416, 33.752239], [130.472082, 33.752405], [130.470438, 33.752958], [130.467346, 33.753768], [130.46619, 33.750553], [130.464269, 33.746213], [130.462314, 33.742544], [130.462375, 33.742415], [130.461883, 33.741857], [130.461999, 33.741785], [130.461876, 33.741592], [130.461108, 33.740775], [130.461305, 33.740299], [130.461087, 33.740346], [130.460447, 33.739196], [130.459254, 33.737557], [130.458184, 33.736218], [130.457243, 33.735273], [130.454906, 33.732152], [130.452331, 33.729542], [130.447098, 33.725057], [130.448541, 33.723984], [130.44965, 33.72354], [130.451656, 33.72233], [130.453003, 33.721998], [130.453635, 33.721971], [130.455053, 33.72146], [130.455327, 33.721163], [130.455257, 33.720946], [130.456459, 33.720482], [130.459121, 33.719161], [130.460231, 33.718157], [130.46097, 33.717277], [130.462056, 33.715487], [130.46238, 33.714075], [130.463048, 33.713801], [130.463486, 33.713357], [130.464759, 33.712737], [130.465006, 33.712491], [130.464924, 33.711953], [130.465108, 33.711587], [130.46585, 33.710853], [130.466462, 33.710579], [130.46746, 33.709623], [130.467742, 33.708751], [130.468502, 33.708036], [130.468737, 33.707056], [130.46807, 33.70591], [130.467995, 33.704237], [130.468175, 33.703594], [130.468168, 33.702716], [130.468041, 33.702473], [130.466642, 33.701344], [130.465717, 33.700971], [130.466271, 33.699952], [130.46706, 33.69913], [130.467301, 33.698549], [130.467279, 33.698101], [130.467751, 33.697791], [130.467279, 33.695651], [130.468771, 33.695369], [130.469181, 33.695073], [130.470763, 33.694411], [130.47184, 33.694283], [130.473459, 33.693782], [130.473939, 33.693829], [130.475209, 33.694252], [130.476938, 33.694482], [130.477281, 33.694813], [130.478106, 33.695116], [130.479101, 33.694988], [130.479712, 33.694573], [130.480717, 33.694412], [130.481591, 33.694784], [130.481803, 33.69471], [130.482163, 33.694201], [130.484337, 33.694172], [130.485203, 33.693483], [130.485776, 33.693464], [130.487317, 33.69382], [130.488338, 33.693474], [130.48924, 33.693413], [130.49065, 33.692394], [130.491224, 33.692306], [130.493148, 33.692857], [130.494129, 33.6933], [130.495896, 33.695221], [130.496351, 33.695512], [130.49696, 33.695702], [130.497372, 33.696216], [130.498015, 33.696524], [130.498099, 33.696619], [130.49784, 33.69706], [130.497854, 33.697342], [130.498848, 33.698481], [130.499578, 33.698537], [130.500069, 33.697432], [130.500282, 33.697278], [130.50123, 33.697009], [130.501986, 33.697249], [130.502748, 33.697013], [130.503143, 33.695162], [130.502986, 33.694371], [130.503544, 33.693839], [130.504537, 33.693767], [130.50466, 33.693619], [130.504544, 33.692547], [130.504229, 33.692215], [130.504128, 33.69148], [130.504554, 33.690854], [130.50532, 33.690434], [130.505397, 33.690207], [130.505107, 33.689715], [130.505026, 33.689243], [130.505444, 33.688847], [130.506014, 33.688575], [130.507057, 33.688703], [130.506942, 33.688093], [130.507231, 33.687419], [130.507983, 33.687269], [130.508368, 33.686993], [130.508667, 33.686962], [130.508936, 33.687309], [130.509391, 33.687464], [130.510264, 33.687365], [130.511152, 33.687667], [130.511603, 33.68808], [130.511959, 33.688993], [130.512386, 33.688416], [130.512704, 33.688341], [130.513019, 33.688429], [130.513586, 33.689141], [130.514166, 33.689466], [130.514248, 33.690028], [130.514808, 33.69055], [130.515339, 33.691327], [130.516644, 33.691262], [130.517729, 33.691851], [130.518597, 33.691929], [130.518929, 33.692439], [130.519324, 33.692731], [130.519391, 33.692977], [130.519184, 33.693276], [130.51866, 33.693542], [130.518712, 33.693765], [130.519324, 33.694227], [130.519366, 33.694447], [130.518739, 33.695195], [130.519785, 33.695877], [130.520296, 33.695986], [130.520579, 33.696173], [130.520331, 33.696978], [130.520674, 33.697811], [130.520597, 33.698342], [130.521194, 33.69918], [130.521201, 33.69977], [130.521033, 33.7002], [130.520215, 33.700752], [130.520093, 33.700952], [130.520271, 33.701172], [130.520851, 33.701244], [130.521574, 33.701693], [130.522638, 33.701558], [130.525119, 33.702099], [130.526284, 33.702752], [130.526158, 33.703362], [130.526493, 33.703972], [130.526383, 33.704753], [130.527149, 33.705485], [130.527782, 33.705573], [130.5276, 33.706653], [130.527852, 33.707057], [130.528184, 33.707126], [130.529274, 33.706842], [130.529665, 33.706997], [130.53104, 33.708155], [130.531344, 33.708545], [130.532136, 33.708792], [130.53286, 33.709802], [130.534106, 33.710117], [130.534511, 33.710426], [130.535191, 33.710674], [130.537582, 33.709946], [130.540172, 33.710834], [130.540476, 33.711037], [130.540791, 33.711051], [130.542215, 33.710763], [130.543345, 33.710287], [130.543975, 33.71032], [130.544716, 33.710166], [130.545058, 33.710722], [130.545135, 33.711342], [130.545499, 33.712104], [130.545796, 33.713269], [130.547092, 33.713982], [130.547921, 33.714606], [130.547844, 33.715235], [130.547364, 33.715806], [130.547246, 33.716174], [130.547316, 33.716738], [130.547838, 33.717375], [130.548289, 33.717631], [130.548929, 33.717583], [130.550322, 33.718118], [130.550825, 33.718095], [130.55146, 33.717828], [130.552083, 33.718182], [130.55239, 33.718829], [130.552674, 33.718966], [130.555567, 33.718809], [130.557741, 33.719815], [130.558689, 33.720047], [130.559057, 33.720617], [130.558784, 33.721595], [130.558599, 33.72172], [130.558056, 33.721716], [130.557927, 33.721895], [130.557993, 33.722256], [130.558448, 33.722784], [130.558235, 33.723569], [130.557196, 33.723894], [130.556734, 33.724658], [130.554989, 33.725928], [130.553856, 33.727517], [130.553667, 33.728032], [130.552922, 33.728141], [130.552639, 33.728351], [130.551388, 33.72869], [130.550431, 33.729438], [130.549333, 33.729444], [130.54884, 33.729612], [130.548446, 33.730135], [130.54778, 33.730487], [130.547737, 33.730612]]]}}, {"type": "Feature", "properties": {"pref_code": "40", "pref_name": "福岡県", "municipality_code": "40224", "municipality_name": "福津市", "ward_name": "", "display_name": "福津市", "geometry_key": "40224"}, "geometry": {"type": "MultiPolygon", "coordinates": [[[[130.555111, 33.750515], [130.554639, 33.750158], [130.554122, 33.750217], [130.551401, 33.751486], [130.551254, 33.751916], [130.551589, 33.752371], [130.551778, 33.753276], [130.55073, 33.754267], [130.550132, 33.755229], [130.549642, 33.756654], [130.549879, 33.757483], [130.54979, 33.757651], [130.549032, 33.758215], [130.548242, 33.758273], [130.547456, 33.758127], [130.5473, 33.758231], [130.547563, 33.759004], [130.546071, 33.760297], [130.54478, 33.759979], [130.544369, 33.760602], [130.543963, 33.760887], [130.544284, 33.761801], [130.543432, 33.762442], [130.542818, 33.76321], [130.54217, 33.763683], [130.542076, 33.763922], [130.54225, 33.764361], [130.542183, 33.764548], [130.541639, 33.765013], [130.542393, 33.766059], [130.543018, 33.766394], [130.543131, 33.767082], [130.542921, 33.767438], [130.540778, 33.768192], [130.540297, 33.769458], [130.54204, 33.770072], [130.543339, 33.770345], [130.544517, 33.770445], [130.545576, 33.771264], [130.545728, 33.77154], [130.544951, 33.772151], [130.542464, 33.773248], [130.542384, 33.773549], [130.542745, 33.774219], [130.542717, 33.77438], [130.542239, 33.774761], [130.54073, 33.773831], [130.539686, 33.773756], [130.539074, 33.773836], [130.53886, 33.774187], [130.538784, 33.774832], [130.539213, 33.775901], [130.539244, 33.776135], [130.538918, 33.776935], [130.539128, 33.777366], [130.538646, 33.778283], [130.538432, 33.778434], [130.537288, 33.778548], [130.536703, 33.778728], [130.536248, 33.779251], [130.535027, 33.780138], [130.533937, 33.779711], [130.532888, 33.77972], [130.531897, 33.779531], [130.53071, 33.779565], [130.530482, 33.779255], [130.530115, 33.779079], [130.529575, 33.779565], [130.529392, 33.780193], [130.529227, 33.780352], [130.528633, 33.780666], [130.527294, 33.780691], [130.526229, 33.78006], [130.525617, 33.779265], [130.525434, 33.77934], [130.525108, 33.779261], [130.525249, 33.778654], [130.523613, 33.777572], [130.52082, 33.774949], [130.518783, 33.777302], [130.517998, 33.777478], [130.517147, 33.778618], [130.516624, 33.778886], [130.516878, 33.779767], [130.51749, 33.780566], [130.517623, 33.781052], [130.517423, 33.781387], [130.516722, 33.78078], [130.515789, 33.780855], [130.515588, 33.781019], [130.515274, 33.781961], [130.514551, 33.78233], [130.513908, 33.782941], [130.512972, 33.783358], [130.511807, 33.783496], [130.511526, 33.783642], [130.511205, 33.784366], [130.511343, 33.784936], [130.509824, 33.786206], [130.509061, 33.785926], [130.508529, 33.786629], [130.508177, 33.786813], [130.507794, 33.787539], [130.506656, 33.787765], [130.505799, 33.788703], [130.504913, 33.789237], [130.502867, 33.78983], [130.502345, 33.790315], [130.501974, 33.791105], [130.501274, 33.791839], [130.500048, 33.791727], [130.498926, 33.791882], [130.498071, 33.792476], [130.497658, 33.793208], [130.496779, 33.793927], [130.495319, 33.794174], [130.494956, 33.794346], [130.494778, 33.795179], [130.49587, 33.795659], [130.496612, 33.796909], [130.497658, 33.797823], [130.498069, 33.798428], [130.498989, 33.798497], [130.499388, 33.79876], [130.499001, 33.800145], [130.498935, 33.801555], [130.498573, 33.802126], [130.498532, 33.803199], [130.498381, 33.803606], [130.498441, 33.803995], [130.499001, 33.80485], [130.499429, 33.805288], [130.500601, 33.806001], [130.500816, 33.806081], [130.501975, 33.805993], [130.502376, 33.806117], [130.503297, 33.807047], [130.503769, 33.807732], [130.504759, 33.808258], [130.50516, 33.809482], [130.505217, 33.810924], [130.504998, 33.811728], [130.505147, 33.812213], [130.503587, 33.813773], [130.500745, 33.815293], [130.500314, 33.816059], [130.500228, 33.816774], [130.499003, 33.818341], [130.498981, 33.819144], [130.498671, 33.819756], [130.498479, 33.820888], [130.498042, 33.82148], [130.497865, 33.822981], [130.498262, 33.82322], [130.498953, 33.823998], [130.499105, 33.825071], [130.499586, 33.825886], [130.499324, 33.826567], [130.499402, 33.82685], [130.500326, 33.827847], [130.499861, 33.828855], [130.499958, 33.830293], [130.500202, 33.830943], [130.500149, 33.83123], [130.499706, 33.831658], [130.499218, 33.83165], [130.498013, 33.832007], [130.497354, 33.832539], [130.497011, 33.833418], [130.497144, 33.834054], [130.496988, 33.834445], [130.496176, 33.834883], [130.495286, 33.836385], [130.493745, 33.836973], [130.493361, 33.837324], [130.493278, 33.837916], [130.493766, 33.838488], [130.494204, 33.838616], [130.494136, 33.838935], [130.493615, 33.839497], [130.492725, 33.839883], [130.491224, 33.84082], [130.489796, 33.842192], [130.489877, 33.842303], [130.490143, 33.842231], [130.490792, 33.841784], [130.491023, 33.841829], [130.490892, 33.84268], [130.490436, 33.843628], [130.490614, 33.843864], [130.491297, 33.844127], [130.491181, 33.844986], [130.489619, 33.845284], [130.489503, 33.845161], [130.489521, 33.844754], [130.488751, 33.844491], [130.488851, 33.845084], [130.488246, 33.845586], [130.488096, 33.845576], [130.48805, 33.845441], [130.48819, 33.844651], [130.487389, 33.845206], [130.487191, 33.845746], [130.486183, 33.845203], [130.486372, 33.844927], [130.486839, 33.844812], [130.487594, 33.844236], [130.487643, 33.843987], [130.487171, 33.843606], [130.486732, 33.843558], [130.48639, 33.8438], [130.48634, 33.844342], [130.486086, 33.844569], [130.485633, 33.843979], [130.484895, 33.843682], [130.484801, 33.843135], [130.485341, 33.841955], [130.486581, 33.841697], [130.486842, 33.841197], [130.487138, 33.840999], [130.487502, 33.840936], [130.487559, 33.840806], [130.48737, 33.840355], [130.485433, 33.840237], [130.485063, 33.840433], [130.484923, 33.840846], [130.485435, 33.841278], [130.485438, 33.841475], [130.484608, 33.842473], [130.484488, 33.843095], [130.484149, 33.843267], [130.483933, 33.843695], [130.483227, 33.844101], [130.482527, 33.844927], [130.482681, 33.847258], [130.482219, 33.849256], [130.481208, 33.850436], [130.479728, 33.850703], [130.479883, 33.850519], [130.480858, 33.850194], [130.481306, 33.849792], [130.481596, 33.849194], [130.481937, 33.84919], [130.482264, 33.847274], [130.482073, 33.843365], [130.481887, 33.842581], [130.481614, 33.842083], [130.48142, 33.840075], [130.480102, 33.833691], [130.478165, 33.827627], [130.477619, 33.826584], [130.476863, 33.824629], [130.475048, 33.821095], [130.473699, 33.819083], [130.472376, 33.817472], [130.472375, 33.817309], [130.47042, 33.815262], [130.467741, 33.812901], [130.465663, 33.8116], [130.464395, 33.810985], [130.462364, 33.810224], [130.461015, 33.809875], [130.459523, 33.809684], [130.458916, 33.809757], [130.458397, 33.810083], [130.45839, 33.810856], [130.458059, 33.811137], [130.457702, 33.810951], [130.457472, 33.811154], [130.456885, 33.811323], [130.454962, 33.811329], [130.454389, 33.811142], [130.453492, 33.811109], [130.453013, 33.810816], [130.452466, 33.810748], [130.45088, 33.811165], [130.450415, 33.811593], [130.450158, 33.812151], [130.450259, 33.812467], [130.450644, 33.812878], [130.450691, 33.813374], [130.450469, 33.813926], [130.449902, 33.814366], [130.449976, 33.814721], [130.450543, 33.815093], [130.450523, 33.815544], [130.450023, 33.816158], [130.449929, 33.816631], [130.449753, 33.816569], [130.449011, 33.816716], [130.448579, 33.816913], [130.448485, 33.817561], [130.4481, 33.817043], [130.447574, 33.816862], [130.446832, 33.816293], [130.445989, 33.81644], [130.445591, 33.81631], [130.445334, 33.81609], [130.445415, 33.815572], [130.445159, 33.81551], [130.444821, 33.815685], [130.44439, 33.815577], [130.444126, 33.815301], [130.444282, 33.815042], [130.444019, 33.815059], [130.443931, 33.814929], [130.444862, 33.814146], [130.444896, 33.813554], [130.445051, 33.813284], [130.445436, 33.813002], [130.4464, 33.813261], [130.447217, 33.812478], [130.447223, 33.81214], [130.446825, 33.811864], [130.445962, 33.811881], [130.446326, 33.809598], [130.446306, 33.80939], [130.446029, 33.809407], [130.446367, 33.809052], [130.446198, 33.808691], [130.446893, 33.808224], [130.447446, 33.807615], [130.447399, 33.807407], [130.447818, 33.80735], [130.448411, 33.806877], [130.449066, 33.806787], [130.449976, 33.806167], [130.450314, 33.805519], [130.450267, 33.804516], [130.450503, 33.803822], [130.450024, 33.80389], [130.450334, 33.8034], [130.450712, 33.8034], [130.451448, 33.802561], [130.451293, 33.801586], [130.450705, 33.800644], [130.450213, 33.799084], [130.449343, 33.797821], [130.448904, 33.797816], [130.448816, 33.797387], [130.448682, 33.797235], [130.448364, 33.797173], [130.448236, 33.796649], [130.44773, 33.796351], [130.447413, 33.796272], [130.447197, 33.796379], [130.447015, 33.796091], [130.446549, 33.79599], [130.446489, 33.796435], [130.44632, 33.796508], [130.446097, 33.796429], [130.446205, 33.796125], [130.445976, 33.796041], [130.44572, 33.796181], [130.445625, 33.796114], [130.445524, 33.795945], [130.445868, 33.795556], [130.445754, 33.79528], [130.445511, 33.795235], [130.445733, 33.795026], [130.445632, 33.794615], [130.445274, 33.794682], [130.44516, 33.794547], [130.445477, 33.794491], [130.445706, 33.793989], [130.44543, 33.793922], [130.44547, 33.793764], [130.445699, 33.793679], [130.445585, 33.793285], [130.445119, 33.793037], [130.445376, 33.792919], [130.445578, 33.792169], [130.445754, 33.792096], [130.446131, 33.791527], [130.446003, 33.791109], [130.445679, 33.791126], [130.445659, 33.791042], [130.445929, 33.790473], [130.44632, 33.790388], [130.446462, 33.790715], [130.446705, 33.790744], [130.447278, 33.790298], [130.447649, 33.789735], [130.447589, 33.787971], [130.448034, 33.786686], [130.450335, 33.784928], [130.451846, 33.785407], [130.453675, 33.786461], [130.454282, 33.785948], [130.454397, 33.785987], [130.456036, 33.787374], [130.457642, 33.789492], [130.458435, 33.791229], [130.458533, 33.792502], [130.458134, 33.792851], [130.456508, 33.793144], [130.455881, 33.793956], [130.457014, 33.795815], [130.458181, 33.796317], [130.458438, 33.79657], [130.458438, 33.797348], [130.458768, 33.79852], [130.458667, 33.799089], [130.459139, 33.79994], [130.459416, 33.801388], [130.459416, 33.802206], [130.459922, 33.803592], [130.460016, 33.804223], [130.460475, 33.805001], [130.462803, 33.805412], [130.464098, 33.805372], [130.464793, 33.805485], [130.465441, 33.805767], [130.465798, 33.806115], [130.46728, 33.804747], [130.460833, 33.801484], [130.459976, 33.796131], [130.460077, 33.795612], [130.461663, 33.79315], [130.461164, 33.792547], [130.460745, 33.792682], [130.460489, 33.792575], [130.45976, 33.790969], [130.459126, 33.790411], [130.458674, 33.789312], [130.458505, 33.789352], [130.457116, 33.786483], [130.457676, 33.786128], [130.457925, 33.786404], [130.458411, 33.786151], [130.459889, 33.787808], [130.460685, 33.787577], [130.461063, 33.788247], [130.461751, 33.788016], [130.462783, 33.787407], [130.465246, 33.786241], [130.465865, 33.785704], [130.467439, 33.783925], [130.468586, 33.781722], [130.469841, 33.778436], [130.470839, 33.774604], [130.470927, 33.771674], [130.470826, 33.769876], [130.470374, 33.76738], [130.469637, 33.766082], [130.469052, 33.766157], [130.468869, 33.765937], [130.468694, 33.765937], [130.468124, 33.763645], [130.468297, 33.7635], [130.469624, 33.763244], [130.469286, 33.76198], [130.469139, 33.761885], [130.469497, 33.761671], [130.469045, 33.75918], [130.468215, 33.757011], [130.467346, 33.753768], [130.470438, 33.752958], [130.472082, 33.752405], [130.473416, 33.752239], [130.473585, 33.752039], [130.474883, 33.751994], [130.475626, 33.752143], [130.477768, 33.751456], [130.479981, 33.751667], [130.48015, 33.751939], [130.480781, 33.751957], [130.481605, 33.751574], [130.481741, 33.751795], [130.483008, 33.751199], [130.482587, 33.750575], [130.485643, 33.749102], [130.486184, 33.749727], [130.487114, 33.749341], [130.486449, 33.748595], [130.489316, 33.747316], [130.48977, 33.747633], [130.490207, 33.747445], [130.491194, 33.748381], [130.491581, 33.74844], [130.492881, 33.747512], [130.493561, 33.746794], [130.49456, 33.746749], [130.497016, 33.745491], [130.497273, 33.745447], [130.497659, 33.745582], [130.498575, 33.745252], [130.50259, 33.743492], [130.504558, 33.742402], [130.506343, 33.741941], [130.507093, 33.741319], [130.508264, 33.740686], [130.509187, 33.740345], [130.511221, 33.740138], [130.512533, 33.740643], [130.513288, 33.740774], [130.515286, 33.740594], [130.516376, 33.74021], [130.5176, 33.740394], [130.521163, 33.739898], [130.521904, 33.740085], [130.523535, 33.739695], [130.525326, 33.739735], [130.528674, 33.739394], [130.529296, 33.73946], [130.529859, 33.739716], [130.530681, 33.739597], [130.531284, 33.739047], [130.532246, 33.738821], [130.534576, 33.738902], [130.53536, 33.7387], [130.536479, 33.739119], [130.537014, 33.738952], [130.537532, 33.73849], [130.538253, 33.738317], [130.539229, 33.738494], [130.539925, 33.738257], [130.540399, 33.738277], [130.540902, 33.738084], [130.541042, 33.737415], [130.54218, 33.736341], [130.542379, 33.73559], [130.542229, 33.734917], [130.542425, 33.734369], [130.54261, 33.734199], [130.543268, 33.734248], [130.543561, 33.734143], [130.544327, 33.733638], [130.544843, 33.733465], [130.546534, 33.732034], [130.546989, 33.731335], [130.547016, 33.730935], [130.547737, 33.730612], [130.548614, 33.732059], [130.548851, 33.734081], [130.549599, 33.734667], [130.549533, 33.735064], [130.549993, 33.735852], [130.550877, 33.736453], [130.551325, 33.737128], [130.552854, 33.737645], [130.553491, 33.738527], [130.553365, 33.73921], [130.553875, 33.739787], [130.554011, 33.740135], [130.553914, 33.74171], [130.553756, 33.742107], [130.553001, 33.742882], [130.55326, 33.743777], [130.552362, 33.744382], [130.552278, 33.744814], [130.55254, 33.745372], [130.553012, 33.745772], [130.553253, 33.746615], [130.554183, 33.747232], [130.554748, 33.747972], [130.554605, 33.748647], [130.555367, 33.749869], [130.555111, 33.750515]], [[130.488718, 33.843289], [130.489013, 33.843517], [130.489417, 33.843473], [130.490337, 33.842977], [130.490381, 33.842659], [130.490046, 33.842514], [130.489161, 33.842688], [130.488796, 33.84297], [130.488718, 33.843289]]], [[[130.442055, 33.818187], [130.442419, 33.81777], [130.442716, 33.817747], [130.442757, 33.81804], [130.442601, 33.818469], [130.44273, 33.81857], [130.442548, 33.81875], [130.442203, 33.818772], [130.442055, 33.818187]]], [[[130.44389, 33.816659], [130.444383, 33.816276], [130.444544, 33.816304], [130.444767, 33.816682], [130.444477, 33.816755], [130.444275, 33.816659], [130.444187, 33.816755], [130.44389, 33.816659]]], [[[130.443681, 33.816203], [130.443904, 33.816051], [130.444369, 33.816056], [130.444295, 33.816271], [130.443755, 33.816332], [130.443681, 33.816203]]], [[[130.444633, 33.794716], [130.444694, 33.794694], [130.444708, 33.794761], [130.444633, 33.794716]]], [[[130.444863, 33.79466], [130.444978, 33.794677], [130.444903, 33.794716], [130.444863, 33.79466]]], [[[130.444694, 33.794496], [130.444802, 33.794513], [130.444714, 33.794542], [130.444694, 33.794496]]]]}}, {"type": "Feature", "properties": {"pref_code": "40", "pref_name": "福岡県", "municipality_code": "40225", "municipality_name": "うきは市", "ward_name": "", "display_name": "うきは市", "geometry_key": "40225"}, "geometry": {"type": "Polygon", "coordinates": [[[130.835348, 33.343546], [130.83048, 33.348773], [130.828815, 33.350391], [130.827656, 33.351312], [130.825922, 33.352424], [130.821081, 33.354291], [130.818549, 33.355568], [130.814578, 33.359269], [130.813671, 33.359863], [130.812764, 33.360164], [130.809773, 33.360479], [130.808856, 33.360426], [130.808179, 33.360178], [130.801931, 33.357542], [130.797581, 33.35586], [130.795623, 33.354935], [130.795242, 33.354717], [130.793611, 33.353036], [130.791248, 33.350936], [130.788613, 33.34908], [130.787619, 33.348726], [130.785983, 33.348435], [130.784703, 33.348465], [130.783224, 33.348667], [130.781887, 33.349021], [130.778627, 33.351016], [130.777803, 33.351995], [130.776907, 33.35342], [130.774789, 33.358389], [130.773435, 33.360393], [130.772614, 33.361084], [130.769688, 33.362486], [130.768094, 33.363591], [130.767683, 33.361427], [130.766556, 33.361547], [130.766471, 33.360976], [130.766289, 33.360893], [130.764074, 33.360863], [130.763938, 33.360911], [130.764004, 33.361204], [130.763099, 33.361313], [130.763303, 33.362501], [130.762188, 33.362634], [130.762331, 33.363592], [130.761334, 33.363757], [130.761218, 33.364003], [130.760116, 33.364144], [130.759758, 33.364536], [130.759253, 33.364641], [130.756144, 33.363957], [130.753516, 33.363884], [130.748275, 33.364887], [130.747771, 33.362984], [130.747171, 33.363112], [130.746516, 33.36049], [130.74356, 33.361191], [130.739545, 33.362834], [130.739873, 33.363378], [130.739347, 33.363656], [130.739469, 33.363897], [130.738785, 33.364199], [130.738566, 33.364489], [130.738404, 33.365214], [130.731861, 33.373176], [130.730745, 33.373116], [130.728775, 33.373236], [130.728739, 33.372789], [130.726838, 33.372717], [130.724908, 33.367847], [130.722802, 33.367255], [130.7227, 33.360884], [130.722664, 33.359917], [130.725973, 33.359833], [130.726009, 33.360558], [130.726686, 33.360582], [130.726725, 33.360957], [130.727193, 33.361247], [130.728389, 33.361259], [130.728497, 33.360027], [130.729739, 33.360039], [130.729714, 33.359096], [130.731766, 33.359048], [130.731766, 33.35581], [130.731572, 33.355834], [130.731554, 33.354687], [130.731828, 33.354687], [130.731868, 33.35395], [130.73127, 33.353937], [130.731176, 33.353237], [130.729851, 33.353466], [130.727766, 33.352814], [130.727198, 33.353514], [130.727651, 33.353611], [130.726877, 33.355109], [130.727021, 33.355894], [130.726132, 33.355906], [130.726085, 33.356885], [130.725818, 33.357731], [130.722668, 33.357803], [130.722635, 33.356982], [130.720605, 33.356933], [130.720345, 33.356595], [130.720328, 33.355918], [130.718916, 33.35593], [130.718351, 33.353091], [130.718628, 33.352874], [130.720418, 33.35262], [130.720598, 33.352463], [130.721437, 33.35227], [130.722668, 33.351774], [130.722639, 33.3514], [130.723766, 33.350965], [130.723788, 33.350711], [130.724379, 33.350868], [130.724681, 33.351086], [130.724926, 33.350989], [130.725134, 33.351182], [130.725473, 33.351013], [130.725437, 33.349805], [130.725685, 33.349648], [130.725038, 33.348452], [130.725934, 33.348114], [130.72597, 33.347739], [130.726164, 33.347776], [130.726197, 33.347147], [130.729333, 33.346966], [130.730906, 33.347123], [130.730957, 33.346942], [130.731126, 33.340128], [130.726356, 33.340188], [130.726341, 33.337977], [130.723702, 33.337724], [130.72401, 33.336289], [130.724017, 33.335599], [130.724497, 33.333953], [130.724231, 33.333807], [130.724004, 33.331346], [130.724284, 33.331274], [130.723933, 33.328559], [130.723616, 33.328535], [130.723293, 33.326579], [130.723365, 33.324832], [130.723569, 33.3247], [130.725908, 33.324661], [130.726277, 33.324434], [130.726628, 33.323792], [130.726664, 33.323392], [130.726448, 33.322512], [130.725144, 33.321117], [130.728741, 33.302658], [130.728074, 33.30265], [130.72576, 33.301861], [130.724037, 33.302136], [130.724252, 33.300764], [130.724845, 33.299776], [130.725008, 33.297481], [130.725151, 33.297072], [130.724966, 33.296229], [130.725328, 33.295631], [130.725776, 33.295015], [130.726194, 33.294759], [130.726451, 33.294429], [130.727203, 33.294242], [130.72982, 33.292499], [130.730795, 33.292551], [130.73027, 33.292145], [130.730292, 33.291535], [130.730027, 33.291027], [130.730304, 33.289589], [130.730279, 33.288896], [130.730062, 33.288829], [130.730001, 33.288643], [130.730111, 33.288274], [130.729986, 33.287829], [130.730822, 33.287268], [130.731671, 33.286327], [130.731874, 33.286315], [130.73328, 33.286876], [130.734147, 33.286547], [130.734552, 33.286185], [130.735023, 33.285387], [130.735509, 33.285118], [130.737028, 33.285061], [130.737712, 33.284795], [130.738714, 33.284631], [130.739972, 33.283489], [130.740974, 33.282847], [130.741141, 33.282524], [130.742224, 33.281973], [130.742837, 33.281834], [130.743362, 33.281195], [130.743325, 33.280724], [130.743669, 33.280672], [130.744248, 33.280283], [130.745147, 33.279965], [130.74619, 33.279955], [130.746863, 33.28009], [130.747256, 33.280019], [130.74765, 33.280361], [130.748849, 33.280747], [130.749667, 33.281305], [130.750484, 33.281428], [130.750913, 33.281618], [130.751644, 33.282305], [130.751897, 33.282726], [130.752349, 33.282935], [130.753061, 33.28282], [130.753984, 33.282315], [130.754793, 33.282364], [130.756086, 33.281414], [130.757051, 33.281628], [130.758415, 33.282137], [130.759178, 33.282831], [130.761996, 33.283186], [130.762543, 33.283423], [130.762678, 33.283366], [130.762471, 33.282463], [130.76265, 33.282193], [130.762969, 33.282039], [130.763351, 33.281996], [130.763857, 33.282266], [130.764724, 33.282506], [130.765985, 33.282671], [130.766514, 33.282671], [130.767044, 33.282512], [130.768687, 33.28161], [130.768967, 33.281174], [130.769113, 33.280069], [130.76993, 33.279234], [130.770156, 33.278615], [130.771503, 33.27794], [130.77211, 33.277278], [130.772219, 33.276952], [130.772113, 33.27627], [130.772713, 33.275608], [130.773364, 33.275387], [130.774667, 33.275712], [130.77592, 33.27559], [130.776013, 33.274755], [130.776465, 33.274105], [130.776876, 33.272852], [130.777172, 33.272374], [130.77816, 33.271312], [130.779133, 33.270822], [130.779593, 33.27038], [130.779904, 33.269736], [130.780636, 33.26938], [130.781204, 33.268656], [130.781783, 33.268732], [130.782236, 33.268974], [130.782538, 33.269363], [130.782826, 33.270191], [130.784959, 33.270063], [130.785333, 33.270204], [130.785683, 33.27067], [130.786088, 33.27075], [130.787014, 33.270738], [130.787279, 33.270639], [130.787828, 33.269639], [130.788311, 33.269983], [130.788739, 33.270075], [130.791803, 33.269868], [130.792099, 33.269653], [130.792581, 33.26958], [130.792021, 33.268672], [130.791368, 33.266571], [130.791726, 33.265565], [130.79252, 33.264841], [130.792582, 33.264351], [130.793046, 33.263499], [130.794077, 33.263541], [130.794646, 33.263394], [130.795559, 33.263598], [130.797677, 33.263574], [130.798603, 33.263715], [130.800285, 33.263604], [130.800911, 33.263465], [130.801612, 33.26298], [130.802538, 33.262974], [130.803099, 33.262753], [130.803776, 33.262747], [130.80415, 33.262563], [130.804632, 33.261949], [130.805263, 33.261434], [130.805753, 33.261262], [130.807764, 33.261099], [130.808309, 33.260731], [130.809104, 33.260498], [130.80989, 33.259922], [130.810808, 33.259449], [130.81113, 33.258939], [130.811914, 33.25867], [130.812891, 33.257821], [130.813919, 33.257644], [130.814448, 33.256729], [130.814853, 33.256502], [130.816138, 33.256613], [130.816472, 33.256889], [130.816644, 33.25749], [130.816864, 33.257682], [130.819472, 33.257995], [130.820881, 33.256572], [130.821099, 33.256192], [130.821119, 33.255541], [130.822069, 33.254729], [130.822638, 33.253944], [130.823953, 33.253423], [130.824852, 33.253421], [130.82513, 33.253836], [130.825756, 33.254212], [130.826701, 33.255066], [130.82745, 33.25651], [130.828703, 33.257458], [130.829627, 33.257756], [130.830373, 33.257654], [130.831308, 33.25792], [130.832162, 33.257897], [130.832778, 33.258625], [130.833017, 33.258617], [130.833987, 33.258031], [130.835279, 33.257052], [130.835925, 33.257498], [130.837913, 33.258258], [130.838684, 33.25807], [130.83928, 33.257584], [130.839648, 33.257459], [130.840563, 33.257467], [130.842014, 33.257154], [130.844529, 33.25735], [130.845433, 33.257592], [130.847248, 33.258788], [130.848739, 33.261029], [130.849976, 33.260578], [130.850732, 33.260696], [130.851428, 33.260406], [130.852611, 33.261056], [130.852978, 33.2618], [130.853276, 33.26209], [130.853783, 33.262333], [130.854459, 33.262325], [130.855036, 33.262622], [130.855354, 33.262568], [130.855781, 33.262223], [130.856547, 33.261941], [130.858097, 33.261894], [130.858935, 33.261644], [130.859571, 33.261816], [130.861152, 33.261911], [130.862146, 33.261402], [130.862981, 33.261386], [130.863806, 33.261127], [130.864658, 33.261995], [130.866218, 33.262018], [130.867799, 33.263373], [130.868028, 33.263851], [130.867968, 33.264987], [130.867749, 33.265989], [130.867889, 33.266987], [130.86758, 33.267982], [130.867372, 33.268044], [130.866398, 33.267872], [130.865573, 33.267606], [130.864568, 33.267715], [130.863952, 33.267527], [130.862427, 33.267519], [130.860836, 33.266776], [130.860618, 33.266776], [130.860548, 33.267285], [130.859733, 33.268186], [130.859057, 33.268444], [130.857379, 33.270429], [130.857568, 33.271815], [130.856993, 33.273534], [130.856933, 33.274294], [130.856489, 33.275348], [130.856326, 33.275402], [130.85574, 33.275219], [130.855422, 33.275273], [130.853961, 33.275939], [130.853275, 33.276503], [130.852977, 33.276911], [130.852074, 33.277469], [130.853009, 33.27978], [130.853625, 33.280289], [130.854647, 33.281546], [130.855064, 33.282532], [130.856446, 33.284397], [130.857128, 33.284973], [130.858977, 33.285921], [130.859633, 33.28643], [130.860229, 33.286641], [130.861412, 33.287895], [130.861915, 33.287999], [130.862641, 33.288649], [130.863038, 33.288618], [130.863973, 33.289166], [130.864688, 33.289958], [130.864838, 33.290365], [130.865901, 33.291375], [130.866348, 33.292112], [130.866139, 33.292809], [130.866419, 33.293257], [130.866379, 33.293413], [130.86611, 33.293774], [130.865564, 33.294126], [130.865136, 33.295223], [130.865275, 33.296742], [130.864163, 33.298267], [130.863457, 33.298768], [130.862771, 33.299575], [130.862533, 33.300037], [130.862524, 33.300596], [130.862375, 33.300894], [130.86149, 33.302046], [130.86158, 33.303189], [130.862544, 33.303863], [130.863051, 33.30485], [130.862196, 33.307061], [130.862146, 33.308009], [130.861897, 33.308956], [130.862149, 33.309569], [130.860767, 33.309843], [130.86034, 33.310149], [130.860181, 33.310924], [130.859127, 33.313062], [130.858988, 33.31459], [130.858292, 33.314339], [130.858202, 33.314417], [130.85738, 33.316346], [130.856783, 33.317223], [130.856664, 33.317991], [130.856237, 33.318711], [130.856117, 33.320372], [130.855312, 33.321165], [130.855083, 33.321979], [130.854288, 33.323389], [130.854189, 33.323953], [130.854378, 33.324662], [130.855571, 33.325539], [130.856614, 33.326032], [130.857299, 33.326901], [130.855144, 33.328785], [130.854399, 33.329615], [130.853892, 33.330594], [130.853414, 33.332106], [130.852338, 33.334178], [130.850601, 33.336659], [130.849484, 33.337589], [130.847404, 33.338496], [130.846427, 33.338711], [130.845029, 33.338697], [130.844018, 33.337364], [130.843911, 33.336586], [130.844493, 33.336255], [130.845351, 33.335494], [130.8457, 33.334864], [130.845754, 33.334268], [130.845514, 33.333734], [130.845172, 33.333483], [130.844367, 33.333355], [130.843983, 33.333454], [130.843268, 33.333975], [130.842824, 33.334604], [130.842662, 33.335002], [130.842656, 33.335503], [130.84229, 33.336], [130.842086, 33.336658], [130.841161, 33.337412], [130.8409, 33.337816], [130.840102, 33.338523], [130.838102, 33.339421], [130.837396, 33.340007], [130.835348, 33.343546]]]}}, {"type": "Feature", "properties": {"pref_code": "40", "pref_name": "福岡県", "municipality_code": "40226", "municipality_name": "宮若市", "ward_name": "", "display_name": "宮若市", "geometry_key": "40226"}, "geometry": {"type": "Polygon", "coordinates": [[[130.639816, 33.790618], [130.638678, 33.790046], [130.638108, 33.789444], [130.637699, 33.789269], [130.637004, 33.789782], [130.636575, 33.790754], [130.636411, 33.790819], [130.635468, 33.790462], [130.63488, 33.790509], [130.633876, 33.791009], [130.633639, 33.790782], [130.633618, 33.790447], [130.634349, 33.789562], [130.634427, 33.789097], [130.634892, 33.78854], [130.632781, 33.787525], [130.632603, 33.786803], [130.631947, 33.786513], [130.631711, 33.785524], [130.631327, 33.785001], [130.631332, 33.783377], [130.631477, 33.782692], [130.632337, 33.781843], [130.632461, 33.781508], [130.632432, 33.780176], [130.632104, 33.779939], [130.63126, 33.779781], [130.630716, 33.779846], [130.629811, 33.780156], [130.629499, 33.78058], [130.627303, 33.780874], [130.626863, 33.781161], [130.625419, 33.781313], [130.624184, 33.781076], [130.622648, 33.781019], [130.622348, 33.781187], [130.622257, 33.781706], [130.620754, 33.782836], [130.619946, 33.783072], [130.619188, 33.783055], [130.616319, 33.782216], [130.615426, 33.781612], [130.613878, 33.779419], [130.613553, 33.778585], [130.613329, 33.777427], [130.613154, 33.77724], [130.612636, 33.777129], [130.611596, 33.777224], [130.610078, 33.777007], [130.608863, 33.776574], [130.607087, 33.777037], [130.606292, 33.776775], [130.605418, 33.777008], [130.602479, 33.773632], [130.601611, 33.772182], [130.601311, 33.771863], [130.60058, 33.771522], [130.600878, 33.770613], [130.601394, 33.770267], [130.602772, 33.769867], [130.603429, 33.769336], [130.60382, 33.768223], [130.603621, 33.76736], [130.604058, 33.766267], [130.603928, 33.765756], [130.604128, 33.764581], [130.605121, 33.762453], [130.603129, 33.762919], [130.601613, 33.762902], [130.599622, 33.762263], [130.598678, 33.761824], [130.598517, 33.761929], [130.598258, 33.762768], [130.597099, 33.763377], [130.596875, 33.763433], [130.595209, 33.763137], [130.594069, 33.7636], [130.593513, 33.762921], [130.593153, 33.763131], [130.593303, 33.763639], [130.593024, 33.763931], [130.592683, 33.764141], [130.592256, 33.764141], [130.591816, 33.763242], [130.591896, 33.762828], [130.591393, 33.761788], [130.590368, 33.761241], [130.589562, 33.760484], [130.589094, 33.760304], [130.588405, 33.760291], [130.587753, 33.760997], [130.587424, 33.761114], [130.584607, 33.759792], [130.584251, 33.758711], [130.584425, 33.757784], [130.584408, 33.756846], [130.584168, 33.756506], [130.583406, 33.756339], [130.582924, 33.755949], [130.582504, 33.755962], [130.581473, 33.756801], [130.580067, 33.75669], [130.579483, 33.756316], [130.578665, 33.756188], [130.578003, 33.755789], [130.577153, 33.755871], [130.575145, 33.756463], [130.574712, 33.756467], [130.571917, 33.755487], [130.570906, 33.755432], [130.56999, 33.755209], [130.568234, 33.755235], [130.567147, 33.754937], [130.566371, 33.754989], [130.563693, 33.756352], [130.563137, 33.755399], [130.56263, 33.754875], [130.562054, 33.754891], [130.561064, 33.754511], [130.560368, 33.75497], [130.559907, 33.755019], [130.559446, 33.754692], [130.559027, 33.754112], [130.557419, 33.753466], [130.557292, 33.753276], [130.557347, 33.752762], [130.557232, 33.752661], [130.555072, 33.751462], [130.554852, 33.750984], [130.555111, 33.750515], [130.555367, 33.749869], [130.554605, 33.748647], [130.554748, 33.747972], [130.554183, 33.747232], [130.553253, 33.746615], [130.553012, 33.745772], [130.55254, 33.745372], [130.552278, 33.744814], [130.552362, 33.744382], [130.55326, 33.743777], [130.553001, 33.742882], [130.553756, 33.742107], [130.553914, 33.74171], [130.554011, 33.740135], [130.553875, 33.739787], [130.553365, 33.73921], [130.553491, 33.738527], [130.552854, 33.737645], [130.551325, 33.737128], [130.550877, 33.736453], [130.549993, 33.735852], [130.549533, 33.735064], [130.549599, 33.734667], [130.548851, 33.734081], [130.548614, 33.732059], [130.547737, 33.730612], [130.54778, 33.730487], [130.548446, 33.730135], [130.54884, 33.729612], [130.549333, 33.729444], [130.550431, 33.729438], [130.551388, 33.72869], [130.552639, 33.728351], [130.552922, 33.728141], [130.553667, 33.728032], [130.553856, 33.727517], [130.554989, 33.725928], [130.556734, 33.724658], [130.557196, 33.723894], [130.558235, 33.723569], [130.558448, 33.722784], [130.557993, 33.722256], [130.557927, 33.721895], [130.558056, 33.721716], [130.558599, 33.72172], [130.558784, 33.721595], [130.559057, 33.720617], [130.558689, 33.720047], [130.557741, 33.719815], [130.555567, 33.718809], [130.552674, 33.718966], [130.55239, 33.718829], [130.552083, 33.718182], [130.55146, 33.717828], [130.550825, 33.718095], [130.550322, 33.718118], [130.548929, 33.717583], [130.548289, 33.717631], [130.547838, 33.717375], [130.547316, 33.716738], [130.547246, 33.716174], [130.547364, 33.715806], [130.547844, 33.715235], [130.547921, 33.714606], [130.547092, 33.713982], [130.545796, 33.713269], [130.545499, 33.712104], [130.545135, 33.711342], [130.545058, 33.710722], [130.544716, 33.710166], [130.544901, 33.708967], [130.544758, 33.708527], [130.543559, 33.707751], [130.5433, 33.707459], [130.542611, 33.707462], [130.541992, 33.707321], [130.541608, 33.706293], [130.54251, 33.705238], [130.542555, 33.704287], [130.542762, 33.703427], [130.542314, 33.702838], [130.542251, 33.702224], [130.542465, 33.701622], [130.542426, 33.701229], [130.541681, 33.700855], [130.541388, 33.700541], [130.541279, 33.700315], [130.541318, 33.699446], [130.540965, 33.698347], [130.541752, 33.697182], [130.541787, 33.696706], [130.542014, 33.696368], [130.541923, 33.695821], [130.542035, 33.695489], [130.541878, 33.694755], [130.542207, 33.694341], [130.542753, 33.694033], [130.543767, 33.694033], [130.54453, 33.693796], [130.544887, 33.693823], [130.545471, 33.692927], [130.545031, 33.692139], [130.544587, 33.691781], [130.543898, 33.690872], [130.543832, 33.690478], [130.544302, 33.689958], [130.544334, 33.689203], [130.542167, 33.688283], [130.541898, 33.687877], [130.541621, 33.68682], [130.541026, 33.68639], [130.541038, 33.685991], [130.541766, 33.684938], [130.541077, 33.684213], [130.540906, 33.683444], [130.540136, 33.682411], [130.539728, 33.681488], [130.540127, 33.680956], [130.541075, 33.680667], [130.540879, 33.679692], [130.54098, 33.679535], [130.541645, 33.679712], [130.541931, 33.67963], [130.542039, 33.679427], [130.54206, 33.678774], [130.541801, 33.678376], [130.541416, 33.676384], [130.542154, 33.675356], [130.543431, 33.674903], [130.543977, 33.67489], [130.545811, 33.675563], [130.546238, 33.675615], [130.547215, 33.675016], [130.548065, 33.674809], [130.548555, 33.673999], [130.549276, 33.673437], [130.549699, 33.673267], [130.549748, 33.672912], [130.550111, 33.672324], [130.550314, 33.671166], [130.550793, 33.670285], [130.550265, 33.670082], [130.551309, 33.668079], [130.551543, 33.668008], [130.551886, 33.668151], [130.552142, 33.667716], [130.553807, 33.668029], [130.555798, 33.666684], [130.556725, 33.666777], [130.557485, 33.667216], [130.557922, 33.667177], [130.559376, 33.666715], [130.559804, 33.666301], [130.560488, 33.666411], [130.560969, 33.666246], [130.561838, 33.66625], [130.562049, 33.665748], [130.562749, 33.665392], [130.564494, 33.665544], [130.565197, 33.665329], [130.565649, 33.665417], [130.566234, 33.664927], [130.567112, 33.664666], [130.568413, 33.663955], [130.570529, 33.663259], [130.571024, 33.662271], [130.572647, 33.66092], [130.57343, 33.659979], [130.574028, 33.659776], [130.574337, 33.659218], [130.574256, 33.658479], [130.57489, 33.658357], [130.575201, 33.657859], [130.575133, 33.656198], [130.573959, 33.654107], [130.572925, 33.653495], [130.571174, 33.653018], [130.571219, 33.652756], [130.57102, 33.652084], [130.568819, 33.650928], [130.567629, 33.649736], [130.567489, 33.648622], [130.566819, 33.648386], [130.565959, 33.647664], [130.566112, 33.647061], [130.566423, 33.646542], [130.567363, 33.645769], [130.568151, 33.645334], [130.568466, 33.644773], [130.569037, 33.644558], [130.569346, 33.643818], [130.570373, 33.643645], [130.570647, 33.643286], [130.571052, 33.643151], [130.571385, 33.642864], [130.571625, 33.642191], [130.571913, 33.641883], [130.572728, 33.641647], [130.573114, 33.641389], [130.573497, 33.640537], [130.573749, 33.639513], [130.574649, 33.638644], [130.574883, 33.638125], [130.575059, 33.638066], [130.576123, 33.640274], [130.576725, 33.640914], [130.576968, 33.641559], [130.578579, 33.6426], [130.578804, 33.643115], [130.5792, 33.643583], [130.579839, 33.643655], [130.580603, 33.643963], [130.580636, 33.645116], [130.581318, 33.646143], [130.582388, 33.647074], [130.582797, 33.647146], [130.583535, 33.647631], [130.58511, 33.648032], [130.585697, 33.648549], [130.588186, 33.648815], [130.589072, 33.649241], [130.589862, 33.649349], [130.591496, 33.65005], [130.592509, 33.650007], [130.593576, 33.650354], [130.594543, 33.650219], [130.594836, 33.650464], [130.59507, 33.650949], [130.595493, 33.651143], [130.596483, 33.650843], [130.597191, 33.650996], [130.59912, 33.651749], [130.600538, 33.652682], [130.600776, 33.652779], [130.601307, 33.652703], [130.601611, 33.652833], [130.601895, 33.653474], [130.601854, 33.654293], [130.603763, 33.653453], [130.606176, 33.65315], [130.607234, 33.651977], [130.607662, 33.651761], [130.608988, 33.650589], [130.609371, 33.650726], [130.609668, 33.651251], [130.610308, 33.651609], [130.611015, 33.652728], [130.612378, 33.654326], [130.613485, 33.654798], [130.613995, 33.65486], [130.615395, 33.65556], [130.615867, 33.655949], [130.61647, 33.656008], [130.618048, 33.657398], [130.618403, 33.65839], [130.619816, 33.659397], [130.620329, 33.660452], [130.619964, 33.661737], [130.620391, 33.662264], [130.620976, 33.663523], [130.619661, 33.664828], [130.620444, 33.665424], [130.620998, 33.666416], [130.620912, 33.667749], [130.62116, 33.668317], [130.622366, 33.668503], [130.623321, 33.668103], [130.624024, 33.667962], [130.625934, 33.668205], [130.626372, 33.667155], [130.626902, 33.666724], [130.627395, 33.665962], [130.627897, 33.665969], [130.630098, 33.666781], [130.631571, 33.667823], [130.632429, 33.668131], [130.633554, 33.66932], [130.633868, 33.670825], [130.634338, 33.671386], [130.634496, 33.67189], [130.6349, 33.671944], [130.63532, 33.672282], [130.635608, 33.6723], [130.636199, 33.672152], [130.637099, 33.671663], [130.638393, 33.672654], [130.638214, 33.673662], [130.637788, 33.674565], [130.638062, 33.675005], [130.638276, 33.676116], [130.63872, 33.676244], [130.638969, 33.676686], [130.63941, 33.677009], [130.638691, 33.677393], [130.638761, 33.678029], [130.639123, 33.678476], [130.638717, 33.679886], [130.637957, 33.68063], [130.637979, 33.681099], [130.638319, 33.681644], [130.638469, 33.682321], [130.638856, 33.682731], [130.639028, 33.683422], [130.639616, 33.683731], [130.63993, 33.684466], [130.64033, 33.684879], [130.640554, 33.685329], [130.641164, 33.685693], [130.641541, 33.686168], [130.642199, 33.686526], [130.642746, 33.687426], [130.643457, 33.687918], [130.644065, 33.687945], [130.645047, 33.688343], [130.645645, 33.687995], [130.646486, 33.688054], [130.647397, 33.687965], [130.64978, 33.687007], [130.650381, 33.687282], [130.651755, 33.687141], [130.652328, 33.687543], [130.653179, 33.687533], [130.654939, 33.688168], [130.655619, 33.688788], [130.656769, 33.688972], [130.656818, 33.689464], [130.657892, 33.68981], [130.659014, 33.690454], [130.659224, 33.690921], [130.659146, 33.691744], [130.659331, 33.69233], [130.659377, 33.693322], [130.659887, 33.693316], [130.660438, 33.693509], [130.660969, 33.693317], [130.661521, 33.692647], [130.6623, 33.692581], [130.662993, 33.692023], [130.664567, 33.691777], [130.664914, 33.691562], [130.665249, 33.690833], [130.665089, 33.690318], [130.665483, 33.689671], [130.665422, 33.689353], [130.66561, 33.689087], [130.666287, 33.689083], [130.667283, 33.690157], [130.667881, 33.690399], [130.668644, 33.691078], [130.669519, 33.691533], [130.669786, 33.691533], [130.670141, 33.691753], [130.670351, 33.691676], [130.670736, 33.690631], [130.671121, 33.691083], [130.671111, 33.691641], [130.671549, 33.692153], [130.671841, 33.693714], [130.672888, 33.694583], [130.672567, 33.695154], [130.672724, 33.696089], [130.673388, 33.696496], [130.673888, 33.696339], [130.67492, 33.696287], [130.675099, 33.696634], [130.675162, 33.697267], [130.67567, 33.697894], [130.676245, 33.697958], [130.67708, 33.697695], [130.677454, 33.698006], [130.677955, 33.698034], [130.678669, 33.698546], [130.679103, 33.698655], [130.679251, 33.69906], [130.680666, 33.699241], [130.68102, 33.700174], [130.681388, 33.700579], [130.681619, 33.701929], [130.682199, 33.702512], [130.682353, 33.702979], [130.683062, 33.703493], [130.683492, 33.703553], [130.684563, 33.703432], [130.684789, 33.703339], [130.685033, 33.70295], [130.685149, 33.70214], [130.685448, 33.701555], [130.685356, 33.701196], [130.684975, 33.700801], [130.684898, 33.700287], [130.685335, 33.699061], [130.685406, 33.698024], [130.685547, 33.697812], [130.686053, 33.697852], [130.686462, 33.698873], [130.687568, 33.69894], [130.688324, 33.699216], [130.690182, 33.699291], [130.691413, 33.699631], [130.693849, 33.699174], [130.695086, 33.699147], [130.695874, 33.698846], [130.69655, 33.698989], [130.697354, 33.699379], [130.698085, 33.699926], [130.698879, 33.701084], [130.698684, 33.703083], [130.698965, 33.703855], [130.698768, 33.704093], [130.69853, 33.704135], [130.697583, 33.703899], [130.697129, 33.703941], [130.696788, 33.704862], [130.69672, 33.705263], [130.696916, 33.706158], [130.696784, 33.70696], [130.697132, 33.707828], [130.696841, 33.708676], [130.697036, 33.709081], [130.696816, 33.709712], [130.696623, 33.71158], [130.696949, 33.712066], [130.696967, 33.712998], [130.697339, 33.713492], [130.697723, 33.713631], [130.69787, 33.714191], [130.697631, 33.714841], [130.697289, 33.715178], [130.696934, 33.715214], [130.696419, 33.714946], [130.696229, 33.715091], [130.695372, 33.719839], [130.695668, 33.720133], [130.696946, 33.720655], [130.696944, 33.722074], [130.697111, 33.722426], [130.697971, 33.722363], [130.698876, 33.722446], [130.699249, 33.722767], [130.699853, 33.723721], [130.700235, 33.723785], [130.70075, 33.724146], [130.701081, 33.724189], [130.701316, 33.72473], [130.702638, 33.725245], [130.702942, 33.725748], [130.703923, 33.725818], [130.705358, 33.725458], [130.70609, 33.725367], [130.706892, 33.725428], [130.707455, 33.725225], [130.70779, 33.725601], [130.709281, 33.725112], [130.710721, 33.724823], [130.710681, 33.725268], [130.711021, 33.725385], [130.711374, 33.725103], [130.711788, 33.725208], [130.712063, 33.725773], [130.711911, 33.726765], [130.711488, 33.727066], [130.710575, 33.727292], [130.710349, 33.727738], [130.710664, 33.728272], [130.71016, 33.730321], [130.710347, 33.730924], [130.710908, 33.731061], [130.711313, 33.731881], [130.711967, 33.731984], [130.712336, 33.731467], [130.712214, 33.731174], [130.712296, 33.731063], [130.712501, 33.731079], [130.712801, 33.731238], [130.712918, 33.731526], [130.712621, 33.731719], [130.712429, 33.732312], [130.712692, 33.732247], [130.713027, 33.732332], [130.713804, 33.732133], [130.714313, 33.732544], [130.714841, 33.733212], [130.715214, 33.735246], [130.715112, 33.735512], [130.714826, 33.735578], [130.714274, 33.735462], [130.713858, 33.735232], [130.712856, 33.73526], [130.711842, 33.734872], [130.710554, 33.735066], [130.710316, 33.736109], [130.709898, 33.736636], [130.710116, 33.736877], [130.710117, 33.737191], [130.709739, 33.737406], [130.709926, 33.737514], [130.71, 33.737744], [130.709846, 33.738347], [130.709383, 33.739029], [130.709299, 33.739902], [130.708961, 33.74025], [130.707394, 33.742843], [130.706894, 33.743169], [130.705417, 33.743571], [130.705008, 33.743563], [130.704873, 33.743398], [130.704351, 33.743334], [130.703641, 33.744148], [130.703093, 33.744485], [130.705369, 33.747318], [130.705399, 33.747421], [130.704989, 33.74758], [130.705262, 33.748006], [130.704823, 33.748091], [130.704326, 33.747749], [130.703077, 33.747467], [130.702336, 33.746761], [130.701617, 33.745435], [130.699614, 33.746429], [130.698009, 33.746978], [130.697502, 33.747026], [130.696933, 33.746899], [130.695654, 33.747205], [130.694126, 33.747169], [130.693032, 33.746716], [130.692581, 33.746044], [130.692392, 33.745946], [130.691566, 33.745913], [130.691295, 33.745778], [130.690627, 33.745034], [130.690399, 33.744418], [130.689876, 33.743775], [130.689257, 33.743525], [130.688322, 33.743537], [130.688012, 33.743376], [130.686509, 33.743565], [130.686559, 33.74408], [130.68598, 33.744744], [130.686046, 33.746096], [130.685483, 33.74653], [130.685011, 33.747105], [130.684198, 33.748225], [130.684251, 33.748444], [130.683387, 33.748689], [130.682547, 33.748304], [130.68206, 33.748448], [130.681601, 33.748383], [130.680933, 33.747387], [130.680767, 33.746412], [130.680269, 33.745828], [130.680263, 33.745276], [130.679854, 33.744563], [130.679471, 33.743459], [130.678856, 33.743784], [130.678669, 33.744241], [130.678408, 33.744447], [130.677316, 33.744872], [130.675879, 33.744381], [130.674552, 33.74362], [130.673847, 33.743494], [130.673214, 33.743082], [130.672377, 33.742745], [130.671987, 33.742234], [130.670992, 33.741656], [130.670787, 33.741205], [130.67006, 33.741304], [130.669689, 33.741186], [130.669441, 33.741444], [130.668726, 33.74141], [130.667758, 33.740507], [130.666832, 33.740424], [130.665685, 33.740961], [130.664919, 33.741041], [130.664125, 33.740878], [130.663177, 33.740941], [130.661225, 33.74006], [130.660307, 33.74064], [130.660117, 33.740529], [130.659868, 33.740056], [130.659552, 33.739869], [130.657465, 33.739599], [130.65742, 33.739737], [130.657717, 33.74036], [130.657275, 33.741081], [130.657245, 33.741711], [130.656669, 33.741837], [130.656084, 33.742652], [130.65515, 33.743109], [130.654822, 33.743964], [130.654542, 33.744197], [130.65451, 33.7448], [130.653937, 33.745664], [130.653895, 33.746028], [130.654216, 33.746383], [130.654692, 33.747523], [130.65316, 33.74908], [130.652577, 33.749944], [130.652017, 33.750314], [130.651984, 33.750821], [130.652787, 33.75129], [130.65297, 33.752227], [130.652673, 33.752692], [130.652134, 33.753076], [130.651794, 33.753725], [130.652083, 33.755014], [130.651988, 33.755672], [130.652487, 33.75694], [130.652622, 33.758112], [130.652549, 33.758794], [130.651815, 33.760006], [130.651796, 33.76105], [130.651909, 33.761433], [130.652418, 33.762025], [130.652504, 33.762606], [130.652387, 33.762874], [130.651969, 33.763157], [130.651759, 33.763481], [130.651488, 33.76483], [130.651696, 33.765752], [130.650544, 33.767456], [130.650398, 33.768286], [130.65014, 33.768595], [130.649961, 33.769229], [130.649393, 33.769559], [130.649285, 33.77024], [130.649368, 33.770676], [130.650088, 33.770851], [130.650768, 33.77162], [130.650895, 33.772085], [130.650611, 33.773069], [130.650488, 33.773401], [130.649891, 33.773922], [130.649794, 33.774566], [130.649587, 33.77468], [130.648887, 33.774633], [130.648548, 33.774774], [130.648507, 33.776064], [130.648208, 33.776755], [130.646793, 33.778526], [130.646304, 33.779554], [130.645946, 33.781096], [130.645056, 33.781836], [130.644501, 33.784052], [130.644877, 33.784698], [130.644767, 33.785174], [130.64418, 33.786105], [130.643451, 33.786724], [130.643439, 33.787046], [130.642298, 33.787893], [130.641534, 33.789216], [130.641155, 33.789472], [130.640992, 33.789702], [130.640968, 33.790529], [130.639816, 33.790618]]]}}, {"type": "Feature", "properties": {"pref_code": "40", "pref_name": "福岡県", "municipality_code": "40227", "municipality_name": "嘉麻市", "ward_name": "", "display_name": "嘉麻市", "geometry_key": "40227"}, "geometry": {"type": "Polygon", "coordinates": [[[130.762097, 33.586287], [130.761749, 33.586311], [130.761669, 33.58585], [130.761492, 33.585697], [130.760359, 33.585874], [130.759461, 33.585835], [130.758619, 33.586482], [130.758615, 33.586609], [130.758905, 33.586631], [130.757289, 33.586872], [130.756912, 33.587169], [130.755963, 33.587101], [130.755687, 33.587403], [130.755483, 33.587452], [130.754084, 33.587549], [130.753921, 33.587921], [130.753185, 33.587823], [130.752641, 33.5882], [130.752246, 33.588253], [130.751831, 33.588553], [130.751365, 33.588653], [130.750689, 33.58943], [130.750308, 33.590696], [130.749284, 33.590993], [130.748476, 33.591599], [130.74816, 33.593085], [130.747939, 33.593359], [130.747375, 33.59363], [130.747104, 33.594334], [130.746628, 33.5946], [130.746357, 33.594651], [130.745667, 33.594509], [130.745156, 33.594711], [130.744532, 33.595625], [130.74422, 33.59577], [130.743799, 33.596391], [130.743313, 33.596724], [130.74332, 33.597535], [130.742694, 33.598366], [130.742644, 33.599074], [130.742148, 33.599346], [130.741561, 33.600268], [130.740939, 33.600806], [130.740865, 33.6019], [130.740566, 33.602567], [130.740684, 33.603342], [130.740359, 33.603638], [130.739122, 33.603691], [130.738895, 33.603816], [130.738844, 33.606198], [130.738529, 33.606938], [130.738584, 33.607944], [130.738891, 33.608576], [130.738652, 33.60932], [130.739255, 33.609834], [130.739884, 33.612591], [130.73694, 33.612928], [130.736797, 33.61395], [130.73663, 33.614079], [130.735718, 33.614063], [130.733841, 33.613341], [130.732574, 33.613129], [130.732384, 33.613182], [130.731761, 33.613603], [130.731002, 33.613769], [130.728582, 33.614928], [130.726646, 33.615526], [130.726391, 33.616465], [130.726176, 33.616659], [130.724367, 33.617155], [130.723837, 33.617766], [130.723076, 33.61796], [130.722311, 33.618543], [130.720619, 33.618656], [130.7203, 33.61752], [130.717647, 33.616569], [130.714828, 33.616147], [130.713483, 33.617413], [130.712461, 33.619137], [130.71112, 33.620064], [130.708709, 33.621248], [130.706677, 33.623266], [130.705598, 33.623855], [130.704866, 33.623916], [130.704407, 33.623824], [130.70205, 33.624349], [130.702071, 33.62415], [130.702824, 33.623344], [130.701169, 33.622496], [130.700912, 33.621781], [130.698941, 33.621305], [130.698996, 33.620858], [130.699483, 33.620174], [130.698497, 33.618964], [130.698077, 33.618817], [130.698041, 33.617955], [130.699304, 33.616127], [130.700065, 33.615446], [130.700534, 33.615221], [130.700594, 33.614914], [130.699922, 33.610053], [130.69814, 33.605777], [130.697269, 33.604687], [130.698406, 33.604005], [130.698652, 33.603583], [130.698643, 33.602897], [130.698093, 33.602284], [130.698278, 33.601633], [130.698832, 33.600739], [130.69968, 33.600243], [130.70011, 33.599507], [130.700432, 33.598476], [130.700258, 33.597669], [130.700325, 33.597474], [130.700939, 33.597446], [130.70155, 33.597146], [130.702032, 33.597259], [130.702933, 33.596885], [130.703054, 33.596687], [130.703118, 33.595204], [130.702651, 33.593798], [130.703105, 33.592955], [130.704074, 33.592374], [130.705147, 33.590724], [130.70514, 33.590341], [130.704868, 33.58987], [130.704962, 33.588907], [130.703918, 33.587465], [130.703713, 33.586965], [130.704172, 33.58609], [130.704049, 33.585432], [130.704269, 33.584229], [130.704089, 33.581963], [130.701513, 33.581503], [130.701321, 33.577049], [130.700674, 33.576209], [130.700763, 33.575534], [130.700318, 33.574993], [130.699265, 33.574972], [130.699376, 33.573632], [130.700357, 33.573507], [130.700486, 33.573006], [130.699899, 33.572093], [130.698691, 33.56963], [130.696524, 33.569131], [130.696234, 33.568634], [130.695693, 33.568137], [130.695522, 33.568198], [130.694194, 33.567366], [130.693891, 33.56731], [130.693697, 33.567015], [130.692977, 33.566785], [130.692654, 33.566345], [130.692257, 33.566094], [130.692628, 33.565581], [130.69262, 33.565214], [130.692969, 33.564241], [130.693213, 33.562858], [130.693143, 33.561481], [130.693993, 33.560051], [130.694006, 33.559294], [130.693971, 33.558773], [130.69361, 33.558374], [130.693599, 33.557461], [130.693035, 33.556991], [130.692922, 33.555973], [130.692076, 33.554294], [130.691614, 33.552622], [130.691755, 33.552311], [130.692138, 33.552087], [130.691936, 33.551679], [130.691205, 33.550854], [130.690288, 33.550437], [130.689243, 33.550286], [130.68777, 33.550279], [130.686511, 33.550686], [130.685593, 33.550404], [130.684718, 33.549727], [130.684345, 33.549151], [130.684463, 33.548808], [130.684702, 33.548544], [130.685738, 33.548318], [130.685976, 33.547868], [130.685596, 33.546586], [130.684933, 33.545839], [130.68514, 33.545204], [130.684961, 33.544659], [130.685232, 33.544044], [130.68467, 33.543383], [130.685048, 33.542226], [130.685021, 33.541959], [130.684663, 33.54171], [130.682958, 33.542346], [130.681414, 33.541957], [130.681323, 33.541822], [130.681464, 33.541343], [130.68075, 33.540462], [130.680435, 33.539177], [130.679851, 33.538845], [130.679059, 33.538139], [130.679183, 33.537887], [130.679411, 33.537844], [130.679974, 33.537982], [130.680521, 33.537933], [130.680681, 33.53784], [130.680704, 33.537567], [130.679863, 33.536386], [130.679758, 33.535974], [130.679583, 33.535834], [130.678953, 33.535801], [130.678728, 33.535563], [130.678744, 33.535375], [130.679407, 33.53489], [130.679487, 33.534656], [130.679296, 33.534403], [130.678579, 33.534044], [130.678399, 33.53328], [130.677424, 33.532776], [130.677306, 33.532584], [130.677545, 33.531901], [130.677448, 33.531354], [130.677056, 33.531086], [130.675095, 33.531211], [130.674689, 33.531002], [130.674157, 33.531119], [130.673589, 33.531053], [130.673018, 33.53034], [130.673179, 33.529688], [130.672789, 33.529297], [130.672223, 33.529076], [130.671437, 33.529612], [130.670749, 33.529879], [130.669935, 33.529343], [130.669479, 33.529788], [130.668964, 33.529423], [130.668157, 33.529401], [130.667427, 33.529099], [130.666858, 33.528565], [130.666316, 33.527326], [130.666485, 33.527038], [130.666896, 33.52695], [130.666998, 33.526744], [130.666528, 33.526005], [130.665775, 33.525546], [130.665767, 33.524834], [130.665516, 33.524269], [130.664437, 33.523693], [130.663773, 33.522786], [130.663467, 33.522729], [130.664049, 33.521586], [130.663745, 33.520801], [130.664091, 33.520562], [130.664933, 33.519116], [130.664644, 33.518637], [130.664699, 33.518339], [130.66565, 33.517956], [130.665764, 33.517633], [130.665694, 33.517392], [130.665893, 33.517084], [130.665799, 33.516854], [130.665403, 33.516593], [130.665211, 33.515643], [130.665624, 33.513844], [130.664967, 33.513373], [130.664886, 33.512982], [130.66501, 33.511657], [130.6648, 33.511005], [130.665543, 33.509513], [130.665401, 33.508115], [130.664971, 33.507553], [130.665156, 33.506781], [130.664948, 33.505874], [130.6644, 33.505806], [130.664201, 33.505674], [130.663772, 33.505254], [130.663321, 33.504529], [130.662652, 33.50389], [130.662385, 33.503817], [130.663065, 33.503428], [130.663741, 33.503368], [130.664209, 33.503049], [130.664566, 33.502323], [130.665684, 33.501518], [130.666339, 33.500748], [130.667375, 33.500742], [130.667397, 33.500015], [130.668063, 33.499842], [130.668595, 33.499042], [130.668743, 33.498598], [130.668676, 33.498091], [130.669801, 33.49865], [130.670868, 33.498758], [130.672317, 33.499364], [130.673678, 33.499386], [130.673966, 33.499274], [130.674205, 33.498599], [130.674746, 33.498315], [130.675145, 33.497622], [130.675913, 33.49745], [130.676509, 33.497122], [130.677399, 33.496985], [130.677624, 33.496769], [130.677807, 33.496163], [130.678624, 33.4959], [130.679243, 33.495849], [130.679671, 33.495625], [130.680506, 33.495509], [130.681043, 33.494764], [130.681584, 33.494609], [130.682173, 33.493309], [130.682192, 33.491976], [130.682274, 33.491588], [130.682459, 33.491429], [130.683888, 33.492022], [130.684486, 33.491988], [130.686038, 33.491445], [130.687158, 33.491206], [130.689116, 33.494104], [130.690251, 33.494414], [130.690505, 33.494267], [130.690316, 33.493119], [130.690688, 33.493002], [130.691668, 33.493037], [130.692051, 33.492413], [130.6923, 33.492288], [130.694616, 33.493192], [130.695117, 33.492757], [130.695796, 33.492783], [130.695882, 33.491858], [130.696123, 33.49117], [130.696718, 33.490899], [130.697144, 33.490989], [130.697989, 33.491842], [130.699038, 33.492555], [130.699778, 33.492189], [130.700208, 33.492151], [130.701221, 33.492357], [130.702599, 33.491973], [130.704702, 33.491742], [130.706087, 33.491815], [130.707568, 33.491252], [130.707914, 33.490417], [130.708566, 33.490279], [130.709091, 33.49046], [130.709935, 33.491144], [130.710396, 33.491252], [130.711118, 33.490891], [130.711578, 33.490882], [130.71177, 33.489699], [130.711731, 33.488769], [130.711903, 33.488589], [130.712727, 33.488584], [130.71289, 33.488808], [130.713152, 33.488877], [130.71406, 33.488571], [130.714417, 33.488305], [130.714795, 33.487689], [130.715842, 33.487486], [130.716282, 33.486578], [130.716885, 33.485955], [130.719142, 33.485173], [130.719297, 33.484976], [130.720628, 33.485085], [130.721193, 33.485023], [130.72309, 33.484285], [130.724533, 33.483913], [130.726939, 33.483591], [130.728219, 33.483862], [130.729544, 33.48448], [130.730669, 33.484485], [130.731626, 33.484977], [130.732916, 33.485358], [130.733721, 33.485328], [130.734215, 33.485466], [130.73476, 33.485843], [130.73486, 33.486541], [130.735382, 33.486763], [130.737206, 33.487084], [130.738691, 33.487633], [130.73984, 33.487446], [130.740653, 33.488031], [130.741009, 33.488074], [130.741794, 33.488066], [130.743131, 33.487631], [130.743689, 33.487304], [130.744966, 33.487076], [130.745705, 33.486689], [130.746264, 33.486174], [130.747069, 33.48594], [130.747806, 33.485121], [130.748274, 33.483901], [130.748593, 33.484919], [130.748834, 33.484967], [130.749188, 33.485571], [130.750092, 33.486517], [130.750558, 33.486436], [130.752897, 33.487269], [130.754171, 33.487357], [130.754905, 33.487724], [130.756217, 33.487813], [130.757391, 33.488147], [130.758718, 33.48831], [130.762171, 33.488454], [130.764017, 33.4878], [130.765666, 33.487961], [130.766236, 33.487876], [130.766434, 33.487736], [130.76677, 33.487015], [130.767768, 33.48664], [130.768183, 33.486182], [130.772312, 33.484949], [130.773201, 33.484454], [130.774107, 33.483668], [130.774726, 33.483682], [130.775413, 33.483934], [130.77598, 33.483876], [130.776353, 33.48364], [130.7773, 33.483337], [130.778022, 33.482776], [130.778805, 33.482539], [130.779921, 33.481589], [130.782687, 33.481628], [130.783446, 33.481966], [130.783788, 33.481867], [130.784318, 33.481377], [130.784947, 33.481375], [130.78577, 33.48103], [130.786238, 33.480503], [130.786439, 33.47994], [130.787277, 33.479575], [130.788104, 33.477744], [130.788778, 33.477415], [130.788687, 33.476776], [130.788925, 33.47597], [130.789352, 33.475247], [130.789542, 33.473996], [130.789898, 33.473079], [130.790745, 33.472232], [130.791229, 33.470991], [130.791799, 33.471421], [130.793883, 33.472414], [130.796051, 33.472462], [130.7983, 33.47166], [130.798986, 33.471813], [130.799614, 33.472131], [130.802228, 33.472251], [130.802753, 33.471966], [130.803238, 33.472397], [130.803421, 33.472426], [130.804081, 33.472295], [130.805197, 33.471721], [130.805832, 33.471778], [130.806353, 33.472042], [130.807737, 33.473306], [130.808157, 33.474037], [130.808429, 33.474254], [130.808546, 33.474645], [130.80909, 33.475137], [130.809371, 33.476141], [130.809855, 33.476363], [130.809684, 33.476983], [130.809834, 33.477948], [130.809616, 33.478333], [130.809538, 33.479149], [130.809621, 33.479984], [130.809282, 33.480508], [130.808903, 33.481885], [130.809063, 33.48237], [130.808422, 33.482882], [130.808247, 33.483243], [130.808521, 33.483685], [130.808998, 33.483834], [130.809327, 33.484115], [130.809455, 33.484563], [130.809376, 33.485034], [130.810447, 33.484974], [130.811184, 33.485362], [130.811409, 33.485749], [130.811168, 33.486574], [130.811718, 33.487302], [130.812877, 33.487604], [130.813668, 33.487545], [130.814189, 33.488213], [130.814534, 33.488218], [130.815034, 33.488032], [130.8159, 33.488344], [130.817096, 33.488459], [130.817626, 33.488845], [130.817233, 33.489016], [130.817125, 33.489577], [130.817324, 33.490029], [130.817296, 33.490883], [130.816904, 33.491296], [130.816763, 33.4917], [130.816213, 33.492132], [130.81533, 33.492196], [130.814892, 33.492746], [130.814029, 33.493062], [130.814586, 33.493943], [130.814585, 33.494643], [130.814852, 33.495356], [130.815292, 33.495741], [130.815354, 33.496382], [130.814648, 33.497012], [130.813838, 33.497116], [130.813624, 33.497532], [130.813261, 33.497764], [130.813231, 33.498299], [130.812811, 33.499004], [130.812184, 33.499193], [130.812277, 33.499693], [130.81152, 33.500709], [130.810718, 33.502262], [130.810412, 33.50429], [130.810577, 33.504901], [130.810284, 33.507502], [130.810806, 33.508267], [130.810702, 33.508577], [130.810191, 33.508834], [130.810185, 33.509344], [130.810335, 33.509671], [130.809137, 33.510861], [130.808922, 33.511321], [130.808311, 33.511642], [130.806505, 33.511771], [130.80419, 33.511212], [130.804039, 33.511261], [130.804294, 33.512851], [130.804286, 33.514076], [130.803598, 33.515145], [130.804263, 33.516046], [130.804263, 33.516563], [130.804102, 33.517002], [130.803645, 33.517477], [130.804373, 33.518502], [130.804458, 33.519618], [130.803861, 33.520201], [130.803791, 33.520512], [130.804269, 33.52164], [130.804056, 33.522135], [130.804307, 33.524331], [130.804828, 33.525666], [130.804692, 33.526441], [130.805171, 33.528198], [130.805602, 33.528831], [130.805943, 33.529947], [130.806014, 33.530686], [130.806127, 33.53094], [130.806476, 33.531219], [130.80615, 33.531591], [130.805314, 33.531847], [130.805084, 33.533429], [130.805229, 33.533892], [130.806339, 33.534896], [130.806714, 33.536587], [130.806646, 33.536873], [130.806145, 33.537154], [130.805076, 33.537394], [130.803613, 33.538492], [130.803445, 33.539282], [130.803443, 33.540515], [130.803115, 33.541091], [130.803083, 33.541604], [130.803294, 33.542585], [130.803716, 33.543491], [130.802541, 33.546411], [130.802669, 33.547234], [130.801371, 33.548124], [130.800683, 33.548873], [130.800085, 33.549089], [130.799537, 33.550042], [130.798534, 33.550199], [130.797801, 33.550781], [130.797688, 33.551985], [130.797317, 33.552415], [130.797178, 33.552882], [130.79599, 33.553362], [130.795409, 33.554462], [130.793858, 33.555172], [130.79291, 33.555958], [130.791534, 33.556083], [130.791591, 33.558324], [130.792314, 33.560307], [130.791925, 33.560769], [130.791843, 33.561212], [130.791002, 33.561398], [130.790728, 33.561864], [130.789492, 33.56192], [130.789317, 33.562601], [130.788966, 33.562713], [130.788804, 33.562917], [130.78904, 33.563978], [130.788889, 33.564998], [130.788022, 33.565833], [130.787782, 33.566227], [130.787492, 33.566264], [130.785844, 33.567387], [130.785144, 33.56831], [130.782674, 33.568136], [130.780821, 33.56815], [130.779853, 33.567299], [130.779415, 33.567187], [130.779104, 33.567515], [130.778914, 33.568665], [130.77699, 33.568639], [130.776682, 33.56883], [130.776493, 33.569127], [130.775666, 33.569241], [130.775173, 33.569456], [130.774348, 33.569909], [130.773836, 33.570463], [130.772876, 33.570783], [130.772353, 33.571327], [130.772312, 33.5718], [130.7743, 33.571985], [130.776007, 33.573239], [130.776781, 33.574248], [130.775616, 33.574515], [130.775316, 33.574733], [130.774558, 33.577798], [130.773564, 33.577855], [130.773431, 33.577264], [130.773026, 33.576557], [130.771842, 33.575941], [130.771343, 33.576785], [130.770531, 33.577616], [130.77013, 33.578726], [130.769832, 33.579169], [130.767029, 33.57986], [130.764371, 33.582139], [130.76405, 33.582896], [130.763994, 33.583973], [130.764153, 33.584179], [130.763553, 33.584476], [130.763037, 33.585294], [130.762097, 33.586287]]]}}, {"type": "Feature", "properties": {"pref_code": "40", "pref_name": "福岡県", "municipality_code": "40228", "municipality_name": "朝倉市", "ward_name": "", "display_name": "朝倉市", "geometry_key": "40228"}, "geometry": {"type": "MultiPolygon", "coordinates": [[[[130.791229, 33.470991], [130.790745, 33.472232], [130.789898, 33.473079], [130.789542, 33.473996], [130.789352, 33.475247], [130.788925, 33.47597], [130.788687, 33.476776], [130.788778, 33.477415], [130.788104, 33.477744], [130.787277, 33.479575], [130.786439, 33.47994], [130.786238, 33.480503], [130.78577, 33.48103], [130.784947, 33.481375], [130.784318, 33.481377], [130.783788, 33.481867], [130.783446, 33.481966], [130.782687, 33.481628], [130.779921, 33.481589], [130.778805, 33.482539], [130.778022, 33.482776], [130.7773, 33.483337], [130.776353, 33.48364], [130.77598, 33.483876], [130.775413, 33.483934], [130.774726, 33.483682], [130.774107, 33.483668], [130.773201, 33.484454], [130.772312, 33.484949], [130.768183, 33.486182], [130.767768, 33.48664], [130.76677, 33.487015], [130.766434, 33.487736], [130.766236, 33.487876], [130.765666, 33.487961], [130.764017, 33.4878], [130.762171, 33.488454], [130.758718, 33.48831], [130.757391, 33.488147], [130.756217, 33.487813], [130.754905, 33.487724], [130.754171, 33.487357], [130.752897, 33.487269], [130.750558, 33.486436], [130.750092, 33.486517], [130.749188, 33.485571], [130.748834, 33.484967], [130.748593, 33.484919], [130.748274, 33.483901], [130.747806, 33.485121], [130.747069, 33.48594], [130.746264, 33.486174], [130.745705, 33.486689], [130.744966, 33.487076], [130.743689, 33.487304], [130.743131, 33.487631], [130.741794, 33.488066], [130.741009, 33.488074], [130.740653, 33.488031], [130.73984, 33.487446], [130.738691, 33.487633], [130.737206, 33.487084], [130.735382, 33.486763], [130.73486, 33.486541], [130.73476, 33.485843], [130.734215, 33.485466], [130.733721, 33.485328], [130.732916, 33.485358], [130.731626, 33.484977], [130.730669, 33.484485], [130.729544, 33.48448], [130.728219, 33.483862], [130.726939, 33.483591], [130.724533, 33.483913], [130.72309, 33.484285], [130.721193, 33.485023], [130.720628, 33.485085], [130.719297, 33.484976], [130.719142, 33.485173], [130.716885, 33.485955], [130.716282, 33.486578], [130.715842, 33.487486], [130.714795, 33.487689], [130.714417, 33.488305], [130.71406, 33.488571], [130.713152, 33.488877], [130.71289, 33.488808], [130.712727, 33.488584], [130.711903, 33.488589], [130.711731, 33.488769], [130.71177, 33.489699], [130.711578, 33.490882], [130.711118, 33.490891], [130.710396, 33.491252], [130.709935, 33.491144], [130.709091, 33.49046], [130.708566, 33.490279], [130.707914, 33.490417], [130.707568, 33.491252], [130.706087, 33.491815], [130.704702, 33.491742], [130.702599, 33.491973], [130.701221, 33.492357], [130.700208, 33.492151], [130.699778, 33.492189], [130.699038, 33.492555], [130.697989, 33.491842], [130.697144, 33.490989], [130.696718, 33.490899], [130.696123, 33.49117], [130.695882, 33.491858], [130.695796, 33.492783], [130.695117, 33.492757], [130.694616, 33.493192], [130.6923, 33.492288], [130.692051, 33.492413], [130.691668, 33.493037], [130.690688, 33.493002], [130.690316, 33.493119], [130.690505, 33.494267], [130.690251, 33.494414], [130.689116, 33.494104], [130.687158, 33.491206], [130.686038, 33.491445], [130.684486, 33.491988], [130.683888, 33.492022], [130.682459, 33.491429], [130.682274, 33.491588], [130.682192, 33.491976], [130.682173, 33.493309], [130.681584, 33.494609], [130.681043, 33.494764], [130.680506, 33.495509], [130.679671, 33.495625], [130.679243, 33.495849], [130.678624, 33.4959], [130.677807, 33.496163], [130.677624, 33.496769], [130.677399, 33.496985], [130.676509, 33.497122], [130.675913, 33.49745], [130.675145, 33.497622], [130.674746, 33.498315], [130.674205, 33.498599], [130.673966, 33.499274], [130.673678, 33.499386], [130.672317, 33.499364], [130.670868, 33.498758], [130.669801, 33.49865], [130.668676, 33.498091], [130.668125, 33.497546], [130.666266, 33.496536], [130.666038, 33.495863], [130.665511, 33.495081], [130.665719, 33.494397], [130.665648, 33.494234], [130.665064, 33.494395], [130.664874, 33.494219], [130.664995, 33.493276], [130.664558, 33.492722], [130.664567, 33.492545], [130.665057, 33.492037], [130.66663, 33.491004], [130.666535, 33.490764], [130.665958, 33.490212], [130.666044, 33.489586], [130.665745, 33.488878], [130.665509, 33.488629], [130.665026, 33.488582], [130.663688, 33.488737], [130.663348, 33.489001], [130.66317, 33.488995], [130.662185, 33.488139], [130.662561, 33.487351], [130.662959, 33.486886], [130.663454, 33.486787], [130.664363, 33.48607], [130.66479, 33.486206], [130.665904, 33.48572], [130.665227, 33.483474], [130.664667, 33.482667], [130.664575, 33.482136], [130.664724, 33.481306], [130.664666, 33.480495], [130.664857, 33.480092], [130.664183, 33.479672], [130.663204, 33.479332], [130.662984, 33.47911], [130.662806, 33.478586], [130.662833, 33.477839], [130.661983, 33.477048], [130.661331, 33.476045], [130.661163, 33.475518], [130.661107, 33.474289], [130.660758, 33.474111], [130.660311, 33.47406], [130.660137, 33.473875], [130.660171, 33.473307], [130.66003, 33.473135], [130.659461, 33.473058], [130.658747, 33.47357], [130.658446, 33.473591], [130.657347, 33.473497], [130.656362, 33.472907], [130.656317, 33.472601], [130.656531, 33.471795], [130.655784, 33.47109], [130.655536, 33.470543], [130.654701, 33.470164], [130.654426, 33.46976], [130.654531, 33.469103], [130.65411, 33.468646], [130.654059, 33.468358], [130.654241, 33.467834], [130.653833, 33.467009], [130.654254, 33.465954], [130.654191, 33.465802], [130.653477, 33.465398], [130.653386, 33.465129], [130.653547, 33.464333], [130.653353, 33.463922], [130.652308, 33.463174], [130.651466, 33.462823], [130.650738, 33.462182], [130.650042, 33.462271], [130.649674, 33.462028], [130.649278, 33.461526], [130.648899, 33.460876], [130.649025, 33.459662], [130.648926, 33.459309], [130.648518, 33.458635], [130.64835, 33.457676], [130.647711, 33.45612], [130.647802, 33.455466], [130.648364, 33.454307], [130.648011, 33.453459], [130.649386, 33.451986], [130.649563, 33.451654], [130.649533, 33.45128], [130.648753, 33.450694], [130.648519, 33.449897], [130.647347, 33.448021], [130.648736, 33.447162], [130.649845, 33.446817], [130.65058, 33.445942], [130.652718, 33.446395], [130.653821, 33.446245], [130.654304, 33.44668], [130.654778, 33.446801], [130.655053, 33.446396], [130.654653, 33.445775], [130.656228, 33.443422], [130.656537, 33.443049], [130.65842, 33.44208], [130.658166, 33.441649], [130.659191, 33.441107], [130.657587, 33.438841], [130.656841, 33.439129], [130.655876, 33.437738], [130.657801, 33.43676], [130.658448, 33.436196], [130.656686, 33.434534], [130.656406, 33.433633], [130.654716, 33.432479], [130.654432, 33.431782], [130.653962, 33.431204], [130.651814, 33.430993], [130.651591, 33.431553], [130.651022, 33.431802], [130.647166, 33.4261], [130.645537, 33.423413], [130.645813, 33.423186], [130.645205, 33.421887], [130.645207, 33.420465], [130.644994, 33.420341], [130.642609, 33.421421], [130.641648, 33.419281], [130.640833, 33.418956], [130.638834, 33.415867], [130.638376, 33.415394], [130.637627, 33.413998], [130.636874, 33.413444], [130.63624, 33.41334], [130.636046, 33.413207], [130.636253, 33.412531], [130.635986, 33.411896], [130.635731, 33.411814], [130.635333, 33.411929], [130.634483, 33.411726], [130.63382, 33.412117], [130.633335, 33.412125], [130.632694, 33.411692], [130.632311, 33.411592], [130.63049, 33.411659], [130.628656, 33.411899], [130.6282, 33.411626], [130.626533, 33.411851], [130.624608, 33.411825], [130.623813, 33.412268], [130.61646, 33.407161], [130.617737, 33.405872], [130.616312, 33.404899], [130.616133, 33.404749], [130.618692, 33.402114], [130.615478, 33.399918], [130.618235, 33.397011], [130.617772, 33.39675], [130.617169, 33.397444], [130.616858, 33.397361], [130.617024, 33.396883], [130.617507, 33.396572], [130.617729, 33.396103], [130.618305, 33.395992], [130.618768, 33.395476], [130.619281, 33.39534], [130.619884, 33.39539], [130.620208, 33.395045], [130.620619, 33.39494], [130.623157, 33.394959], [130.623442, 33.394464], [130.624379, 33.394376], [130.624343, 33.393728], [130.624613, 33.392428], [130.624354, 33.391776], [130.62504, 33.39173], [130.625323, 33.391596], [130.625527, 33.390718], [130.626169, 33.390557], [130.627188, 33.390626], [130.628466, 33.390032], [130.628889, 33.389959], [130.629519, 33.390009], [130.630077, 33.390304], [130.630603, 33.389951], [130.633777, 33.388793], [130.635283, 33.388395], [130.638661, 33.387931], [130.641411, 33.387079], [130.644793, 33.386961], [130.644659, 33.385945], [130.645925, 33.385918], [130.645653, 33.385009], [130.645728, 33.383824], [130.647033, 33.383824], [130.646496, 33.382486], [130.64571, 33.382428], [130.644892, 33.380124], [130.644947, 33.37933], [130.643623, 33.377244], [130.642696, 33.378022], [130.642376, 33.377926], [130.642527, 33.376274], [130.641283, 33.374613], [130.640838, 33.374251], [130.640856, 33.374088], [130.641146, 33.374059], [130.641113, 33.373937], [130.64031, 33.373382], [130.639568, 33.373144], [130.639378, 33.37398], [130.638864, 33.373953], [130.638822, 33.372891], [130.639381, 33.372767], [130.6395, 33.371494], [130.640689, 33.371467], [130.640689, 33.371748], [130.643328, 33.372249], [130.647326, 33.372282], [130.648846, 33.373117], [130.651767, 33.373527], [130.652237, 33.37377], [130.652732, 33.373727], [130.653201, 33.37343], [130.653442, 33.372918], [130.654515, 33.372664], [130.654952, 33.372379], [130.65466, 33.37109], [130.654326, 33.370864], [130.653554, 33.370901], [130.652838, 33.370259], [130.652372, 33.369402], [130.65242, 33.368928], [130.653866, 33.368755], [130.653815, 33.368539], [130.654168, 33.368432], [130.654072, 33.368135], [130.653718, 33.368216], [130.653577, 33.367801], [130.655515, 33.366917], [130.656013, 33.366809], [130.656347, 33.366539], [130.656926, 33.366544], [130.658198, 33.366312], [130.658311, 33.365423], [130.658472, 33.365304], [130.660593, 33.364409], [130.662406, 33.364075], [130.665973, 33.363012], [130.666794, 33.362192], [130.672966, 33.361561], [130.679649, 33.361623], [130.683878, 33.36182], [130.6842, 33.362792], [130.696612, 33.36247], [130.697193, 33.362052], [130.697988, 33.361799], [130.698409, 33.361788], [130.700178, 33.362086], [130.701371, 33.362769], [130.702028, 33.362879], [130.702945, 33.363619], [130.70548, 33.364148], [130.706979, 33.360806], [130.707275, 33.360442], [130.707709, 33.360188], [130.709106, 33.359946], [130.709264, 33.360122], [130.709684, 33.360177], [130.714096, 33.360156], [130.714179, 33.359317], [130.719676, 33.359218], [130.719672, 33.360884], [130.7227, 33.360884], [130.722802, 33.367255], [130.724908, 33.367847], [130.726838, 33.372717], [130.728739, 33.372789], [130.728775, 33.373236], [130.730745, 33.373116], [130.731861, 33.373176], [130.738404, 33.365214], [130.738566, 33.364489], [130.738785, 33.364199], [130.739469, 33.363897], [130.739347, 33.363656], [130.739873, 33.363378], [130.739545, 33.362834], [130.74356, 33.361191], [130.746516, 33.36049], [130.747171, 33.363112], [130.747771, 33.362984], [130.748275, 33.364887], [130.753516, 33.363884], [130.756144, 33.363957], [130.759253, 33.364641], [130.759758, 33.364536], [130.760116, 33.364144], [130.761218, 33.364003], [130.761334, 33.363757], [130.762331, 33.363592], [130.762188, 33.362634], [130.763303, 33.362501], [130.763099, 33.361313], [130.764004, 33.361204], [130.763938, 33.360911], [130.764074, 33.360863], [130.766289, 33.360893], [130.766471, 33.360976], [130.766556, 33.361547], [130.767683, 33.361427], [130.768094, 33.363591], [130.769688, 33.362486], [130.772614, 33.361084], [130.773435, 33.360393], [130.774789, 33.358389], [130.776907, 33.35342], [130.777803, 33.351995], [130.778627, 33.351016], [130.781887, 33.349021], [130.783224, 33.348667], [130.784703, 33.348465], [130.785983, 33.348435], [130.787619, 33.348726], [130.788613, 33.34908], [130.791248, 33.350936], [130.793611, 33.353036], [130.795242, 33.354717], [130.795623, 33.354935], [130.797581, 33.35586], [130.801931, 33.357542], [130.808179, 33.360178], [130.808856, 33.360426], [130.809773, 33.360479], [130.812764, 33.360164], [130.813671, 33.359863], [130.814578, 33.359269], [130.818549, 33.355568], [130.821081, 33.354291], [130.825922, 33.352424], [130.827656, 33.351312], [130.828815, 33.350391], [130.83048, 33.348773], [130.835348, 33.343546], [130.836854, 33.343835], [130.83767, 33.344486], [130.838518, 33.3448], [130.838976, 33.345386], [130.840186, 33.345793], [130.840486, 33.346332], [130.841103, 33.346653], [130.841239, 33.347237], [130.841701, 33.347372], [130.841902, 33.347854], [130.842708, 33.348854], [130.842743, 33.349096], [130.842307, 33.349601], [130.842246, 33.350111], [130.842312, 33.350368], [130.842646, 33.350654], [130.843921, 33.351314], [130.844804, 33.351282], [130.845914, 33.351444], [130.847197, 33.352016], [130.847754, 33.352407], [130.848421, 33.352577], [130.849323, 33.353061], [130.850196, 33.353768], [130.852616, 33.356538], [130.85359, 33.35687], [130.855181, 33.357913], [130.85706, 33.358681], [130.857136, 33.358878], [130.856824, 33.359174], [130.856794, 33.359388], [130.857191, 33.359679], [130.857728, 33.35977], [130.857988, 33.360485], [130.859035, 33.360966], [130.859973, 33.360816], [130.861158, 33.361657], [130.861799, 33.362599], [130.861438, 33.363895], [130.860696, 33.365043], [130.860581, 33.36579], [130.859904, 33.36623], [130.860129, 33.366681], [130.86024, 33.367459], [130.859984, 33.368472], [130.859908, 33.369787], [130.859632, 33.370429], [130.860254, 33.371105], [130.860329, 33.371972], [130.859719, 33.372962], [130.859592, 33.37419], [130.859171, 33.374629], [130.859296, 33.37494], [130.859301, 33.375993], [130.859507, 33.376456], [130.859261, 33.377198], [130.859656, 33.377761], [130.859847, 33.378713], [130.859646, 33.379573], [130.860158, 33.38024], [130.86066, 33.380501], [130.861182, 33.381485], [130.860359, 33.382142], [130.860103, 33.383031], [130.858939, 33.383554], [130.858312, 33.383681], [130.858668, 33.384191], [130.860028, 33.384759], [130.860434, 33.386338], [130.860354, 33.386559], [130.85975, 33.386771], [130.858794, 33.386842], [130.858448, 33.386992], [130.858659, 33.3879], [130.858514, 33.388685], [130.857937, 33.390038], [130.857374, 33.390662], [130.856948, 33.392948], [130.856636, 33.393321], [130.856697, 33.393499], [130.856897, 33.393578], [130.857434, 33.393447], [130.857986, 33.393538], [130.858694, 33.394352], [130.858633, 33.395779], [130.859041, 33.396806], [130.858944, 33.39729], [130.859017, 33.398022], [130.859352, 33.398382], [130.859304, 33.398852], [130.859608, 33.399409], [130.859572, 33.399635], [130.858822, 33.399812], [130.858688, 33.398939], [130.858493, 33.398871], [130.858244, 33.399893], [130.857982, 33.400118], [130.857519, 33.400161], [130.857092, 33.399806], [130.856647, 33.398962], [130.85591, 33.398463], [130.855751, 33.398837], [130.856446, 33.399499], [130.856208, 33.399706], [130.856745, 33.399874], [130.856836, 33.400199], [130.856641, 33.400314], [130.856391, 33.400266], [130.85605, 33.40053], [130.855538, 33.400304], [130.855495, 33.40065], [130.854977, 33.400856], [130.854684, 33.401207], [130.854124, 33.401283], [130.853977, 33.401504], [130.854325, 33.401638], [130.854813, 33.4016], [130.855623, 33.401053], [130.857129, 33.400535], [130.857409, 33.400722], [130.858043, 33.401542], [130.858061, 33.402036], [130.857422, 33.402788], [130.857214, 33.402793], [130.856824, 33.402558], [130.85641, 33.402615], [130.857031, 33.403201], [130.856916, 33.403369], [130.855544, 33.403292], [130.855276, 33.403086], [130.854435, 33.402999], [130.854069, 33.403186], [130.854203, 33.403369], [130.855331, 33.403628], [130.856824, 33.403753], [130.856323, 33.404613], [130.85495, 33.404521], [130.854923, 33.404784], [130.855523, 33.404994], [130.855656, 33.405109], [130.85559, 33.405214], [130.85495, 33.405277], [130.854897, 33.40492], [130.854512, 33.405045], [130.853419, 33.40493], [130.853066, 33.404368], [130.852732, 33.404683], [130.853059, 33.404909], [130.852832, 33.405113], [130.853039, 33.405323], [130.852526, 33.405612], [130.853584, 33.405396], [130.854843, 33.405485], [130.855237, 33.405936], [130.85509, 33.406471], [130.854024, 33.407719], [130.852945, 33.407713], [130.852434, 33.407911], [130.852107, 33.407906], [130.852167, 33.408163], [130.851207, 33.408908], [130.850881, 33.409436], [130.849935, 33.409551], [130.848482, 33.409247], [130.848096, 33.409304], [130.848102, 33.409488], [130.849142, 33.409918], [130.848835, 33.410343], [130.849029, 33.410485], [130.849002, 33.4106], [130.848695, 33.410952], [130.848849, 33.411009], [130.849422, 33.410789], [130.849589, 33.410868], [130.849609, 33.411135], [130.849189, 33.411613], [130.849642, 33.411985], [130.849868, 33.412394], [130.850328, 33.412169], [130.850368, 33.41187], [130.849895, 33.411744], [130.850075, 33.410652], [130.851275, 33.409892], [130.851481, 33.410081], [130.851428, 33.410826], [130.851129, 33.411608], [130.850708, 33.411854], [130.851007, 33.411998], [130.85083, 33.413957], [130.850354, 33.413888], [130.850143, 33.414107], [130.850252, 33.414412], [130.850601, 33.414729], [130.849827, 33.415304], [130.849114, 33.416156], [130.849017, 33.416904], [130.848718, 33.417119], [130.848674, 33.417292], [130.848621, 33.417617], [130.848753, 33.418012], [130.847662, 33.418019], [130.846438, 33.418184], [130.845733, 33.417946], [130.843928, 33.416994], [130.842343, 33.416471], [130.841609, 33.416925], [130.840471, 33.417898], [130.83869, 33.418453], [130.838724, 33.418966], [130.83677, 33.420932], [130.836286, 33.421872], [130.836628, 33.423006], [130.836635, 33.423439], [130.836508, 33.423601], [130.835503, 33.423901], [130.835219, 33.424307], [130.834916, 33.425074], [130.834763, 33.426815], [130.834023, 33.428385], [130.834341, 33.429347], [130.834397, 33.430254], [130.834676, 33.430737], [130.834614, 33.431007], [130.834105, 33.431458], [130.833948, 33.431822], [130.834069, 33.433307], [130.833282, 33.433932], [130.832929, 33.43507], [130.832581, 33.435346], [130.832642, 33.436315], [130.832367, 33.436481], [130.83183, 33.436521], [130.831645, 33.436677], [130.831638, 33.437414], [130.830747, 33.438911], [130.830337, 33.439128], [130.829217, 33.439201], [130.829014, 33.439455], [130.828048, 33.440046], [130.82813, 33.440544], [130.827784, 33.442062], [130.828331, 33.442799], [130.828719, 33.443105], [130.828866, 33.443429], [130.828875, 33.443886], [130.828588, 33.444227], [130.828425, 33.445363], [130.828737, 33.445909], [130.828812, 33.446472], [130.828799, 33.446665], [130.828465, 33.44704], [130.828788, 33.447354], [130.828707, 33.447605], [130.82832, 33.447992], [130.828417, 33.448431], [130.827749, 33.449619], [130.826549, 33.449576], [130.82623, 33.449796], [130.826074, 33.450108], [130.825354, 33.450443], [130.825108, 33.450736], [130.825072, 33.451143], [130.824714, 33.45176], [130.824428, 33.451781], [130.823919, 33.45149], [130.823448, 33.451649], [130.82337, 33.452052], [130.823063, 33.45235], [130.823013, 33.452872], [130.822451, 33.453496], [130.82208, 33.454526], [130.821119, 33.454937], [130.820556, 33.455349], [130.820298, 33.455642], [130.820334, 33.456012], [130.819615, 33.456281], [130.819659, 33.456655], [130.818614, 33.456702], [130.818147, 33.457246], [130.816954, 33.456852], [130.816556, 33.457031], [130.81502, 33.457308], [130.81454, 33.45762], [130.812971, 33.457276], [130.812413, 33.457268], [130.811585, 33.457934], [130.810731, 33.458088], [130.809621, 33.457352], [130.808335, 33.45699], [130.80746, 33.456123], [130.806958, 33.456041], [130.806459, 33.456149], [130.806066, 33.456002], [130.805639, 33.455644], [130.804913, 33.454587], [130.804352, 33.454484], [130.803868, 33.45475], [130.803154, 33.454768], [130.802257, 33.45569], [130.80174, 33.455603], [130.799834, 33.456769], [130.798808, 33.456901], [130.798598, 33.45718], [130.798314, 33.457288], [130.797153, 33.456929], [130.796147, 33.456805], [130.794653, 33.456287], [130.794443, 33.456134], [130.793695, 33.454852], [130.793292, 33.454641], [130.792839, 33.454572], [130.792089, 33.454151], [130.790971, 33.453912], [130.790673, 33.453704], [130.789798, 33.453714], [130.789518, 33.454069], [130.787844, 33.454407], [130.787264, 33.4549], [130.786919, 33.454901], [130.78623, 33.454536], [130.785262, 33.454237], [130.785106, 33.454039], [130.785103, 33.453553], [130.784699, 33.4529], [130.783468, 33.452596], [130.783021, 33.451927], [130.781919, 33.451713], [130.781521, 33.451504], [130.780362, 33.451337], [130.779084, 33.450825], [130.778076, 33.450695], [130.777537, 33.450486], [130.776392, 33.450976], [130.774974, 33.451788], [130.774602, 33.452131], [130.774091, 33.452029], [130.773723, 33.452314], [130.77272, 33.452527], [130.771958, 33.452397], [130.771099, 33.452472], [130.770687, 33.452637], [130.769731, 33.452674], [130.76734, 33.453483], [130.766676, 33.453507], [130.765545, 33.454379], [130.764838, 33.454437], [130.76445, 33.454697], [130.76445, 33.454807], [130.76603, 33.455582], [130.767258, 33.455441], [130.768999, 33.455839], [130.770095, 33.455844], [130.770994, 33.455991], [130.771394, 33.456252], [130.771959, 33.456344], [130.772329, 33.456658], [130.772939, 33.456893], [130.773589, 33.4574], [130.774862, 33.458081], [130.776254, 33.459837], [130.776922, 33.461538], [130.777544, 33.461785], [130.77763, 33.461934], [130.77777, 33.463026], [130.777315, 33.464011], [130.778333, 33.464441], [130.778406, 33.465275], [130.779936, 33.467521], [130.780319, 33.467853], [130.781587, 33.46833], [130.781979, 33.46895], [130.782846, 33.469101], [130.783638, 33.469459], [130.784692, 33.469135], [130.786906, 33.4691], [130.787784, 33.469598], [130.789904, 33.469836], [130.791229, 33.470991]]], [[[130.617659, 33.411832], [130.618428, 33.410911], [130.620257, 33.412021], [130.619188, 33.412243], [130.618595, 33.412206], [130.617659, 33.411832]]]]}}, {"type": "Feature", "properties": {"pref_code": "40", "pref_name": "福岡県", "municipality_code": "40229", "municipality_name": "みやま市", "ward_name": "", "display_name": "みやま市", "geometry_key": "40229"}, "geometry": {"type": "Polygon", "coordinates": [[[130.535919, 33.184468], [130.531928, 33.183654], [130.526843, 33.181704], [130.52608, 33.181536], [130.519574, 33.182057], [130.51763, 33.181921], [130.513582, 33.181287], [130.511654, 33.181456], [130.508867, 33.182306], [130.50771, 33.182523], [130.505396, 33.182507], [130.503654, 33.181785], [130.502007, 33.180429], [130.499348, 33.176995], [130.497789, 33.175543], [130.497789, 33.173882], [130.495753, 33.172686], [130.494464, 33.172666], [130.492642, 33.173035], [130.488093, 33.172679], [130.487645, 33.173165], [130.487009, 33.174494], [130.485427, 33.17517], [130.485508, 33.175728], [130.485755, 33.175927], [130.487951, 33.177092], [130.488133, 33.176898], [130.488791, 33.177269], [130.488968, 33.177174], [130.489814, 33.177722], [130.489547, 33.178177], [130.490685, 33.178922], [130.491118, 33.17968], [130.487251, 33.179883], [130.487081, 33.18068], [130.487416, 33.181471], [130.487513, 33.183051], [130.486714, 33.183206], [130.486707, 33.18348], [130.486284, 33.18352], [130.486271, 33.183721], [130.486492, 33.183963], [130.487538, 33.183947], [130.487518, 33.18459], [130.487101, 33.184614], [130.486691, 33.184133], [130.486249, 33.184324], [130.485891, 33.184186], [130.485505, 33.183743], [130.485969, 33.18322], [130.485981, 33.182963], [130.48519, 33.18284], [130.483625, 33.182768], [130.482874, 33.18304], [130.47682, 33.183162], [130.476861, 33.178294], [130.475645, 33.178257], [130.475743, 33.176244], [130.476757, 33.17617], [130.476803, 33.174277], [130.476564, 33.172376], [130.476853, 33.172097], [130.47643, 33.171351], [130.476035, 33.170977], [130.476278, 33.170256], [130.475869, 33.17013], [130.475746, 33.169014], [130.475096, 33.168372], [130.474432, 33.167977], [130.475374, 33.167228], [130.474527, 33.166502], [130.474658, 33.165818], [130.473445, 33.165549], [130.473268, 33.166372], [130.472953, 33.166502], [130.473185, 33.166904], [130.472876, 33.167038], [130.473144, 33.167582], [130.472979, 33.167731], [130.472069, 33.167582], [130.471259, 33.167325], [130.470326, 33.166689], [130.470066, 33.165753], [130.470406, 33.16539], [130.470235, 33.164851], [130.469176, 33.164677], [130.469419, 33.166148], [130.469299, 33.166562], [130.469639, 33.167161], [130.469021, 33.167354], [130.469204, 33.167686], [130.468815, 33.167782], [130.468718, 33.167267], [130.468472, 33.167277], [130.4683, 33.166482], [130.467454, 33.166684], [130.467574, 33.167094], [130.464996, 33.167149], [130.464924, 33.167729], [130.46277, 33.16776], [130.462775, 33.16713], [130.461516, 33.167784], [130.459076, 33.16783], [130.459087, 33.166141], [130.458578, 33.166102], [130.458747, 33.165628], [130.458701, 33.163833], [130.453917, 33.163938], [130.453885, 33.163176], [130.453256, 33.163195], [130.453253, 33.161975], [130.457139, 33.16056], [130.457304, 33.160189], [130.457619, 33.159915], [130.458498, 33.159431], [130.460598, 33.159008], [130.460584, 33.158692], [130.461133, 33.158144], [130.461107, 33.157775], [130.460409, 33.156764], [130.462137, 33.154955], [130.461365, 33.152774], [130.461067, 33.149401], [130.46071, 33.147974], [130.460189, 33.147444], [130.459522, 33.147143], [130.458349, 33.146898], [130.454258, 33.147297], [130.453136, 33.147052], [130.452423, 33.146558], [130.451988, 33.145822], [130.451848, 33.145309], [130.45186, 33.143687], [130.45222, 33.142936], [130.454255, 33.140364], [130.454401, 33.139644], [130.454155, 33.138932], [130.453373, 33.137938], [130.452306, 33.137122], [130.448747, 33.135134], [130.447554, 33.134102], [130.446984, 33.133094], [130.446741, 33.132336], [130.446215, 33.129746], [130.443723, 33.126509], [130.443627, 33.124518], [130.443226, 33.123661], [130.442517, 33.122886], [130.441616, 33.122181], [130.439184, 33.120963], [130.437435, 33.119907], [130.436171, 33.118621], [130.43593, 33.118024], [130.435716, 33.115601], [130.435427, 33.114694], [130.432946, 33.111775], [130.431959, 33.109496], [130.430889, 33.107666], [130.427928, 33.104146], [130.424692, 33.099811], [130.423113, 33.096678], [130.420844, 33.093667], [130.418666, 33.091696], [130.416818, 33.090242], [130.411714, 33.086678], [130.41383, 33.085107], [130.412575, 33.084178], [130.412161, 33.083636], [130.412121, 33.082966], [130.412321, 33.082915], [130.412261, 33.081388], [130.412408, 33.080942], [130.412582, 33.080638], [130.414923, 33.079144], [130.415004, 33.076721], [130.417476, 33.07181], [130.418394, 33.072088], [130.418547, 33.07179], [130.419318, 33.071949], [130.426199, 33.073892], [130.428264, 33.07529], [130.429426, 33.075677], [130.430041, 33.075756], [130.431103, 33.07526], [130.431735, 33.075092], [130.432638, 33.075039], [130.433884, 33.075468], [130.435851, 33.075513], [130.437477, 33.076078], [130.439147, 33.075939], [130.44059, 33.076489], [130.443767, 33.07816], [130.444745, 33.078804], [130.446544, 33.080504], [130.447616, 33.081169], [130.448915, 33.083909], [130.45075, 33.085488], [130.449853, 33.086172], [130.449769, 33.087516], [130.449593, 33.087889], [130.451723, 33.087679], [130.452513, 33.087742], [130.453763, 33.087952], [130.454767, 33.087981], [130.455434, 33.088417], [130.455812, 33.088331], [130.456806, 33.088701], [130.457584, 33.088686], [130.457714, 33.088973], [130.458386, 33.088815], [130.459132, 33.088466], [130.459564, 33.088572], [130.459869, 33.088953], [130.461007, 33.088879], [130.461482, 33.089099], [130.462391, 33.088836], [130.463588, 33.089183], [130.464485, 33.088996], [130.464997, 33.088592], [130.465404, 33.087987], [130.46571, 33.087846], [130.465768, 33.087643], [130.466364, 33.087605], [130.468467, 33.088211], [130.469908, 33.088302], [130.470718, 33.088581], [130.471167, 33.088968], [130.471801, 33.089074], [130.472365, 33.088939], [130.472601, 33.088348], [130.473099, 33.087967], [130.473508, 33.088041], [130.474606, 33.088655], [130.475382, 33.088764], [130.476166, 33.087674], [130.476586, 33.087603], [130.477058, 33.087706], [130.477807, 33.087313], [130.478155, 33.086909], [130.479207, 33.087038], [130.479933, 33.087284], [130.481183, 33.086854], [130.481472, 33.086676], [130.481715, 33.08619], [130.482004, 33.085936], [130.482627, 33.085623], [130.482765, 33.085215], [130.482955, 33.085067], [130.483483, 33.085018], [130.48488, 33.085294], [130.486179, 33.085251], [130.486871, 33.085616], [130.487176, 33.085567], [130.487944, 33.085856], [130.488715, 33.08582], [130.490156, 33.086442], [130.491298, 33.086574], [130.49299, 33.087235], [130.494829, 33.088373], [130.495542, 33.089413], [130.495759, 33.090005], [130.497127, 33.090034], [130.497579, 33.089769], [130.499915, 33.090123], [130.500565, 33.090071], [130.501317, 33.090345], [130.502948, 33.090685], [130.503302, 33.090929], [130.503774, 33.0909], [130.505361, 33.091329], [130.506792, 33.09198], [130.506231, 33.093016], [130.50587, 33.094874], [130.506696, 33.095199], [130.507257, 33.095606], [130.507286, 33.096827], [130.507699, 33.097493], [130.507839, 33.098019], [130.508304, 33.098278], [130.509691, 33.098566], [130.511521, 33.098581], [130.512348, 33.098263], [130.513609, 33.098078], [130.514185, 33.097789], [130.515129, 33.097071], [130.516716, 33.096612], [130.517151, 33.096376], [130.517542, 33.095798], [130.517837, 33.094969], [130.517866, 33.094222], [130.518368, 33.093697], [130.518265, 33.093001], [130.519121, 33.092031], [130.520398, 33.091077], [130.519933, 33.089626], [130.520191, 33.088975], [130.520228, 33.08842], [130.519653, 33.087058], [130.52049, 33.086109], [130.520729, 33.085445], [130.522159, 33.083921], [130.522521, 33.083], [130.525197, 33.08261], [130.525675, 33.082769], [130.526253, 33.08274], [130.527538, 33.083177], [130.528229, 33.083022], [130.528627, 33.083332], [130.529163, 33.08346], [130.529386, 33.083695], [130.531088, 33.083876], [130.531688, 33.084497], [130.532112, 33.084476], [130.532386, 33.085382], [130.533402, 33.085444], [130.533916, 33.085752], [130.534082, 33.086259], [130.534033, 33.086676], [130.533786, 33.086961], [130.533804, 33.08743], [130.534066, 33.087719], [130.534885, 33.088192], [130.535335, 33.088844], [130.535534, 33.089487], [130.535394, 33.090124], [130.535549, 33.090509], [130.53594, 33.090664], [130.536338, 33.090501], [130.539044, 33.090618], [130.538869, 33.089658], [130.539916, 33.087164], [130.540749, 33.086055], [130.541279, 33.086267], [130.541509, 33.086037], [130.541836, 33.085275], [130.54218, 33.085036], [130.542092, 33.083911], [130.542453, 33.081735], [130.543187, 33.08172], [130.544118, 33.082316], [130.544888, 33.081796], [130.545499, 33.081061], [130.546308, 33.080656], [130.546631, 33.080569], [130.548077, 33.080744], [130.548455, 33.080979], [130.548553, 33.081356], [130.548029, 33.082482], [130.54802, 33.082916], [130.549078, 33.084079], [130.54975, 33.084491], [130.55009, 33.084587], [130.550348, 33.08443], [130.550716, 33.083839], [130.551505, 33.083598], [130.551894, 33.083239], [130.552464, 33.082971], [130.552731, 33.083054], [130.553081, 33.083562], [130.553983, 33.083904], [130.555956, 33.086091], [130.556445, 33.085962], [130.557723, 33.08593], [130.558381, 33.085667], [130.559209, 33.085648], [130.559761, 33.086045], [130.560203, 33.086147], [130.563888, 33.086492], [130.564226, 33.086771], [130.565388, 33.087004], [130.565721, 33.087252], [130.565775, 33.088216], [130.565256, 33.088783], [130.564823, 33.090134], [130.564923, 33.090569], [130.565388, 33.091221], [130.565426, 33.091633], [130.564428, 33.092169], [130.563986, 33.093178], [130.563769, 33.093403], [130.563119, 33.093605], [130.562778, 33.093885], [130.562213, 33.095259], [130.561401, 33.095687], [130.561199, 33.095912], [130.56123, 33.098218], [130.561556, 33.099795], [130.562639, 33.100284], [130.562028, 33.1011], [130.562353, 33.10228], [130.562322, 33.102917], [130.562276, 33.103166], [130.561919, 33.103344], [130.56178, 33.103585], [130.561796, 33.104189], [130.560454, 33.10436], [130.560103, 33.1045], [130.558711, 33.105341], [130.558477, 33.105845], [130.557992, 33.105919], [130.557616, 33.106434], [130.556703, 33.106274], [130.556429, 33.106898], [130.555938, 33.107361], [130.55664, 33.108122], [130.556988, 33.108814], [130.557364, 33.109232], [130.557364, 33.109427], [130.556594, 33.110668], [130.556468, 33.111384], [130.556919, 33.112191], [130.557512, 33.112425], [130.557712, 33.112946], [130.557421, 33.114216], [130.557387, 33.116385], [130.557644, 33.117569], [130.557558, 33.118462], [130.556965, 33.120213], [130.555909, 33.120991], [130.555516, 33.121089], [130.554112, 33.12221], [130.553296, 33.123629], [130.552646, 33.124384], [130.552269, 33.125214], [130.552298, 33.127006], [130.551756, 33.129145], [130.552389, 33.130204], [130.55252, 33.130725], [130.551859, 33.132865], [130.552092, 33.134146], [130.552845, 33.13532], [130.552691, 33.136121], [130.553769, 33.136887], [130.553826, 33.137225], [130.553667, 33.137734], [130.553844, 33.13877], [130.553627, 33.139354], [130.553033, 33.139823], [130.553022, 33.140252], [130.552651, 33.14099], [130.552155, 33.141545], [130.551527, 33.141814], [130.551202, 33.142524], [130.550141, 33.143508], [130.549804, 33.144332], [130.549787, 33.144795], [130.549953, 33.146232], [130.550552, 33.147943], [130.550768, 33.148252], [130.551561, 33.148852], [130.551368, 33.149339], [130.551601, 33.149819], [130.551293, 33.150541], [130.55159, 33.152372], [130.551544, 33.152904], [130.551801, 33.153511], [130.55171, 33.153865], [130.552183, 33.154129], [130.55256, 33.154678], [130.552645, 33.155142], [130.55228, 33.156372], [130.551321, 33.157041], [130.550819, 33.157837], [130.550643, 33.157934], [130.549462, 33.157866], [130.546826, 33.158043], [130.546358, 33.157871], [130.54565, 33.157379], [130.544521, 33.157047], [130.543933, 33.157053], [130.543186, 33.156767], [130.542781, 33.156463], [130.542473, 33.155994], [130.541731, 33.155445], [130.541423, 33.155382], [130.540961, 33.155994], [130.540812, 33.156463], [130.540248, 33.15735], [130.539295, 33.158603], [130.538661, 33.160022], [130.538806, 33.16097], [130.538575, 33.161774], [130.538718, 33.162443], [130.539393, 33.163304], [130.53947, 33.163674], [130.539238, 33.164892], [130.539791, 33.165356], [130.5404, 33.165415], [130.540538, 33.166481], [130.541131, 33.16733], [130.540972, 33.167867], [130.54003, 33.168657], [130.539962, 33.169802], [130.539772, 33.170002], [130.540293, 33.170604], [130.54056, 33.171128], [130.54144, 33.173584], [130.541429, 33.174019], [130.541664, 33.174591], [130.541373, 33.176088], [130.541986, 33.177923], [130.542237, 33.179256], [130.542692, 33.179867], [130.543587, 33.180628], [130.546106, 33.182138], [130.545656, 33.18229], [130.543953, 33.183469], [130.543053, 33.183951], [130.541535, 33.184521], [130.540121, 33.184825], [130.539463, 33.184857], [130.535919, 33.184468]]]}}, {"type": "Feature", "properties": {"pref_code": "40", "pref_name": "福岡県", "municipality_code": "40230", "municipality_name": "糸島市", "ward_name": "", "display_name": "糸島市", "geometry_key": "40230"}, "geometry": {"type": "MultiPolygon", "coordinates": [[[[130.196414, 33.640708], [130.196552, 33.640536], [130.19676, 33.640571], [130.196652, 33.64075], [130.196414, 33.640708]]], [[[130.196109, 33.640497], [130.196204, 33.640349], [130.19649, 33.640337], [130.196412, 33.640566], [130.196109, 33.640497]]], [[[130.197796, 33.639796], [130.197134, 33.63949], [130.196902, 33.638986], [130.196648, 33.638766], [130.195872, 33.63876], [130.195634, 33.638299], [130.195158, 33.637963], [130.194568, 33.63778], [130.194113, 33.637939], [130.193714, 33.637897], [130.192649, 33.637525], [130.192629, 33.637378], [130.19206, 33.637171], [130.191392, 33.636403], [130.190396, 33.635815], [130.189246, 33.635264], [130.189002, 33.635239], [130.188889, 33.635339], [130.1884, 33.635224], [130.188195, 33.634971], [130.188212, 33.634651], [130.187992, 33.634241], [130.187575, 33.633767], [130.183878, 33.632548], [130.18287, 33.632586], [130.18264, 33.632868], [130.182257, 33.632595], [130.181875, 33.632756], [130.181688, 33.63264], [130.181653, 33.632425], [130.181336, 33.632399], [130.180562, 33.632968], [130.179832, 33.632816], [130.17978, 33.632682], [130.179411, 33.63257], [130.179356, 33.632279], [130.17879, 33.632451], [130.178416, 33.632276], [130.178158, 33.632419], [130.17804, 33.632363], [130.178, 33.632015], [130.17769, 33.632004], [130.17737, 33.631837], [130.177263, 33.631937], [130.177216, 33.631604], [130.176664, 33.6316], [130.176587, 33.631301], [130.176808, 33.630941], [130.17674, 33.630744], [130.176182, 33.630184], [130.175403, 33.629822], [130.171806, 33.629528], [130.170346, 33.62966], [130.169634, 33.630029], [130.169626, 33.630247], [130.169184, 33.6305], [130.16858, 33.630352], [130.168028, 33.63065], [130.167564, 33.631335], [130.167939, 33.631948], [130.167455, 33.632388], [130.167455, 33.632659], [130.167336, 33.632722], [130.167206, 33.632526], [130.166698, 33.632672], [130.166652, 33.632513], [130.166068, 33.63233], [130.165996, 33.631986], [130.16581, 33.632023], [130.165958, 33.631895], [130.16573, 33.631686], [130.165241, 33.631578], [130.164824, 33.63176], [130.164582, 33.631654], [130.164298, 33.631373], [130.16394, 33.631246], [130.163858, 33.630977], [130.16342, 33.630986], [130.16323, 33.630662], [130.162817, 33.630617], [130.162726, 33.630355], [130.162258, 33.630375], [130.162089, 33.630111], [130.161844, 33.630216], [130.161476, 33.630124], [130.161503, 33.630295], [130.161266, 33.630589], [130.16115, 33.630571], [130.16119, 33.63028], [130.16102, 33.630106], [130.160812, 33.630152], [130.160766, 33.630283], [130.160548, 33.630204], [130.160444, 33.630515], [130.160054, 33.630559], [130.15985, 33.630355], [130.16002, 33.630194], [130.159991, 33.629918], [130.159598, 33.630236], [130.159566, 33.630015], [130.159759, 33.629767], [130.159384, 33.629654], [130.158385, 33.62896], [130.15822, 33.628979], [130.157646, 33.628642], [130.157237, 33.628601], [130.15697, 33.628414], [130.156809, 33.627992], [130.15667, 33.627934], [130.156539, 33.62731], [130.156155, 33.626836], [130.156198, 33.625456], [130.155994, 33.624945], [130.156347, 33.624351], [130.15598, 33.624256], [130.156311, 33.624063], [130.156348, 33.623796], [130.155972, 33.62267], [130.155496, 33.621982], [130.155274, 33.621921], [130.154924, 33.622058], [130.154686, 33.621932], [130.154195, 33.621209], [130.154476, 33.620543], [130.154771, 33.620272], [130.154634, 33.620095], [130.154947, 33.619942], [130.15466, 33.619903], [130.154645, 33.619786], [130.154954, 33.619755], [130.154868, 33.619625], [130.154996, 33.619517], [130.155396, 33.619512], [130.155508, 33.619098], [130.15573, 33.619038], [130.155836, 33.618592], [130.156152, 33.618252], [130.155938, 33.618138], [130.156367, 33.617949], [130.156333, 33.617677], [130.156512, 33.617477], [130.156196, 33.617192], [130.156214, 33.617087], [130.156452, 33.617092], [130.155187, 33.61618], [130.155139, 33.615251], [130.156484, 33.613944], [130.156573, 33.614014], [130.155251, 33.615277], [130.155312, 33.616155], [130.156366, 33.61691], [130.156836, 33.616519], [130.156685, 33.616395], [130.157112, 33.615996], [130.156698, 33.615693], [130.15705, 33.615353], [130.157474, 33.615665], [130.157958, 33.61519], [130.159134, 33.615218], [130.159163, 33.614236], [130.159317, 33.614236], [130.15937, 33.615673], [130.160056, 33.615771], [130.160805, 33.615423], [130.161088, 33.614948], [130.161063, 33.614556], [130.159954, 33.614547], [130.159954, 33.614411], [130.161556, 33.614192], [130.161776, 33.614025], [130.162128, 33.612466], [130.161924, 33.611121], [130.160793, 33.608609], [130.16021, 33.607824], [130.159434, 33.607278], [130.158967, 33.606102], [130.158633, 33.605686], [130.158174, 33.605535], [130.15796, 33.605046], [130.157326, 33.604802], [130.15735, 33.604624], [130.156836, 33.604182], [130.156775, 33.603743], [130.156187, 33.603511], [130.15636, 33.603056], [130.1562, 33.602642], [130.1543, 33.601429], [130.154034, 33.600897], [130.15376, 33.600655], [130.15222, 33.599562], [130.151002, 33.598397], [130.149022, 33.5969], [130.147132, 33.59553], [130.14472, 33.594195], [130.141226, 33.592696], [130.139456, 33.592084], [130.136146, 33.591205], [130.133666, 33.590749], [130.133356, 33.590595], [130.132124, 33.590525], [130.131168, 33.590264], [130.129432, 33.59001], [130.12852, 33.589991], [130.127984, 33.589823], [130.126094, 33.589784], [130.124633, 33.589992], [130.122694, 33.589999], [130.122004, 33.590556], [130.119734, 33.59106], [130.117139, 33.592007], [130.11333, 33.594521], [130.111734, 33.595162], [130.110561, 33.595371], [130.11022, 33.595547], [130.109768, 33.595404], [130.109344, 33.595487], [130.108478, 33.596003], [130.108527, 33.596353], [130.108092, 33.596283], [130.10813, 33.597101], [130.10765, 33.597074], [130.107346, 33.596956], [130.107158, 33.596486], [130.10716, 33.595925], [130.107462, 33.595755], [130.107572, 33.595517], [130.107466, 33.594926], [130.106567, 33.593339], [130.106334, 33.592647], [130.106302, 33.592027], [130.106672, 33.590666], [130.107779, 33.589262], [130.108418, 33.589616], [130.108988, 33.589284], [130.108756, 33.589031], [130.108302, 33.589339], [130.1079, 33.589052], [130.108415, 33.588303], [130.108669, 33.588381], [130.109152, 33.586971], [130.108775, 33.586051], [130.10797, 33.585339], [130.106862, 33.584875], [130.10625, 33.584923], [130.10545, 33.585397], [130.105458, 33.585512], [130.105682, 33.58559], [130.10565, 33.585973], [130.105271, 33.586203], [130.104899, 33.586067], [130.104822, 33.585528], [130.104456, 33.585414], [130.104162, 33.585481], [130.103586, 33.585841], [130.103306, 33.586529], [130.102852, 33.586653], [130.102849, 33.587101], [130.102462, 33.587554], [130.102676, 33.587687], [130.102644, 33.587907], [130.102554, 33.587953], [130.102357, 33.587729], [130.102298, 33.588136], [130.101982, 33.588135], [130.101633, 33.587887], [130.101909, 33.587817], [130.101953, 33.587617], [130.10154, 33.587169], [130.09949, 33.586104], [130.097942, 33.585907], [130.097264, 33.586031], [130.097226, 33.586128], [130.096436, 33.586164], [130.095862, 33.585849], [130.095808, 33.585955], [130.095491, 33.585961], [130.092864, 33.585225], [130.0924, 33.585343], [130.092036, 33.585276], [130.091574, 33.584831], [130.09098, 33.584674], [130.09047, 33.584147], [130.08961, 33.583878], [130.089097, 33.583467], [130.088468, 33.583597], [130.088344, 33.583201], [130.088414, 33.583014], [130.087826, 33.582231], [130.087404, 33.581297], [130.087066, 33.579435], [130.08811, 33.577776], [130.088794, 33.577452], [130.089248, 33.576986], [130.09003, 33.576969], [130.090365, 33.576831], [130.091154, 33.575952], [130.091724, 33.575747], [130.092128, 33.575396], [130.092724, 33.575343], [130.093271, 33.575004], [130.093592, 33.574634], [130.093692, 33.574697], [130.09322, 33.575373], [130.094024, 33.57567], [130.093922, 33.575902], [130.094446, 33.576037], [130.0959, 33.575586], [130.096946, 33.574807], [130.097328, 33.57434], [130.097378, 33.573713], [130.097644, 33.573142], [130.097877, 33.572034], [130.097764, 33.571606], [130.098013, 33.571065], [130.098108, 33.570437], [130.098563, 33.569893], [130.098704, 33.568736], [130.098624, 33.567422], [130.097965, 33.564771], [130.097972, 33.564384], [130.098162, 33.564157], [130.098332, 33.564163], [130.098621, 33.564459], [130.099207, 33.564581], [130.100284, 33.563891], [130.100265, 33.563798], [130.101324, 33.563723], [130.101413, 33.563636], [130.102068, 33.564521], [130.102772, 33.564684], [130.103092, 33.564612], [130.103902, 33.564697], [130.104651, 33.56522], [130.104865, 33.565683], [130.104867, 33.566059], [130.104762, 33.566112], [130.104896, 33.566367], [130.105394, 33.566542], [130.106378, 33.56657], [130.106657, 33.5669], [130.106856, 33.566938], [130.107105, 33.568155], [130.107864, 33.569157], [130.108296, 33.570033], [130.110643, 33.570901], [130.11158, 33.57152], [130.113204, 33.571751], [130.114116, 33.571699], [130.115449, 33.571888], [130.115923, 33.572219], [130.116476, 33.572312], [130.117258, 33.572791], [130.118429, 33.572598], [130.119085, 33.572261], [130.119202, 33.572416], [130.118844, 33.572593], [130.118694, 33.573081], [130.11844, 33.573194], [130.118936, 33.573971], [130.11926, 33.57388], [130.119684, 33.574578], [130.121364, 33.574183], [130.121252, 33.573636], [130.121795, 33.573525], [130.121997, 33.574086], [130.12306, 33.573809], [130.12491, 33.572681], [130.12538, 33.573162], [130.126574, 33.572164], [130.128325, 33.570337], [130.129292, 33.568666], [130.129752, 33.567538], [130.13027, 33.567024], [130.131022, 33.567304], [130.131003, 33.567812], [130.131311, 33.568116], [130.131882, 33.568401], [130.132746, 33.56835], [130.133536, 33.568101], [130.134682, 33.56752], [130.135498, 33.566911], [130.136316, 33.567275], [130.136783, 33.567629], [130.136952, 33.567509], [130.136718, 33.567096], [130.135066, 33.566223], [130.135164, 33.563441], [130.134962, 33.561853], [130.134724, 33.561307], [130.1333, 33.559222], [130.132106, 33.55835], [130.131458, 33.558057], [130.129278, 33.557796], [130.12727, 33.558693], [130.126624, 33.560164], [130.126766, 33.561179], [130.126544, 33.561532], [130.126077, 33.561649], [130.124804, 33.561326], [130.124528, 33.561116], [130.123684, 33.560887], [130.123562, 33.5607], [130.12339, 33.560683], [130.12294, 33.560001], [130.122592, 33.559837], [130.122274, 33.559377], [130.121342, 33.558832], [130.120693, 33.558724], [130.120326, 33.558525], [130.119336, 33.556399], [130.11915, 33.556195], [130.118572, 33.555977], [130.118158, 33.555488], [130.117602, 33.555187], [130.117404, 33.554941], [130.117473, 33.554556], [130.116996, 33.553902], [130.117529, 33.552977], [130.117298, 33.552362], [130.117439, 33.551607], [130.117318, 33.551202], [130.116804, 33.550591], [130.11617, 33.550777], [130.115449, 33.550519], [130.114778, 33.550434], [130.114662, 33.550293], [130.115276, 33.549779], [130.11653, 33.549516], [130.116716, 33.549241], [130.116724, 33.548979], [130.116211, 33.548193], [130.116274, 33.547607], [130.115777, 33.547054], [130.115525, 33.546599], [130.115576, 33.546368], [130.115858, 33.546427], [130.116639, 33.547128], [130.116994, 33.547221], [130.117062, 33.547344], [130.118134, 33.547592], [130.118453, 33.547899], [130.11886, 33.548063], [130.119161, 33.547971], [130.11955, 33.547585], [130.119954, 33.547599], [130.120218, 33.547787], [130.120304, 33.548173], [130.120688, 33.548401], [130.120754, 33.54887], [130.120454, 33.548987], [130.120822, 33.549508], [130.120659, 33.549852], [130.120785, 33.550173], [130.121266, 33.550683], [130.122305, 33.551455], [130.123297, 33.552866], [130.123792, 33.554003], [130.125002, 33.553663], [130.125216, 33.554225], [130.125606, 33.554169], [130.12599, 33.555119], [130.12503, 33.555556], [130.125204, 33.556294], [130.126038, 33.556686], [130.126724, 33.556834], [130.127432, 33.556699], [130.126826, 33.555826], [130.127932, 33.555562], [130.128168, 33.556091], [130.130812, 33.555399], [130.131139, 33.556266], [130.132536, 33.555693], [130.132782, 33.555678], [130.133214, 33.556031], [130.133882, 33.555928], [130.134354, 33.555676], [130.134668, 33.555654], [130.135034, 33.555797], [130.135812, 33.555551], [130.137784, 33.554132], [130.139289, 33.552627], [130.140844, 33.550453], [130.141686, 33.548972], [130.141806, 33.548273], [130.1421, 33.548062], [130.142506, 33.548627], [130.142616, 33.549133], [130.143336, 33.549561], [130.1432, 33.550348], [130.1435, 33.550774], [130.144097, 33.55116], [130.145112, 33.551426], [130.146948, 33.551392], [130.148222, 33.552076], [130.14845, 33.552527], [130.148324, 33.552751], [130.148388, 33.553008], [130.149673, 33.553894], [130.15038, 33.554624], [130.150512, 33.555077], [130.150332, 33.555072], [130.150506, 33.555756], [130.155674, 33.559939], [130.160986, 33.560923], [130.162344, 33.560688], [130.163964, 33.561104], [130.164126, 33.560967], [130.164235, 33.560541], [130.1646, 33.560253], [130.165003, 33.558068], [130.164662, 33.558037], [130.164702, 33.557837], [130.165044, 33.557864], [130.16523, 33.556914], [130.165191, 33.554962], [130.163926, 33.550556], [130.162274, 33.550243], [130.162607, 33.548781], [130.161868, 33.548639], [130.161615, 33.549448], [130.161148, 33.549338], [130.16138, 33.548562], [130.159154, 33.548135], [130.15917, 33.547948], [130.159044, 33.548121], [130.158731, 33.548078], [130.158908, 33.547486], [130.158868, 33.547038], [130.159206, 33.546026], [130.159237, 33.545075], [130.158838, 33.544488], [130.157878, 33.544449], [130.157374, 33.544149], [130.156685, 33.543993], [130.156476, 33.543747], [130.155024, 33.542859], [130.154564, 33.542861], [130.1543, 33.543143], [130.153811, 33.543194], [130.153646, 33.543106], [130.153966, 33.542793], [130.154596, 33.542714], [130.154806, 33.542553], [130.154839, 33.540732], [130.154502, 33.537867], [130.154277, 33.537737], [130.154197, 33.537305], [130.153986, 33.537073], [130.153395, 33.537047], [130.152894, 33.536834], [130.151974, 33.537081], [130.151627, 33.536963], [130.151962, 33.536857], [130.151575, 33.536785], [130.151408, 33.536614], [130.15077, 33.536813], [130.150095, 33.536444], [130.148278, 33.536354], [130.147926, 33.535971], [130.147548, 33.535986], [130.147662, 33.535697], [130.147534, 33.535263], [130.147147, 33.535099], [130.146814, 33.53523], [130.146612, 33.535176], [130.146234, 33.534717], [130.145795, 33.534695], [130.14575, 33.534796], [130.144468, 33.534958], [130.14379, 33.534819], [130.143253, 33.534891], [130.14257, 33.5344], [130.142232, 33.534395], [130.142591, 33.534068], [130.142722, 33.533707], [130.142185, 33.532559], [130.141898, 33.532366], [130.140186, 33.532089], [130.1396, 33.531615], [130.138812, 33.530338], [130.137399, 33.529346], [130.135789, 33.528842], [130.134933, 33.528697], [130.134514, 33.528778], [130.134382, 33.529002], [130.134167, 33.528814], [130.134242, 33.528689], [130.134066, 33.528655], [130.133405, 33.52892], [130.132814, 33.528902], [130.13271, 33.528999], [130.131878, 33.52885], [130.130874, 33.529062], [130.13064, 33.528988], [130.130138, 33.528522], [130.12887, 33.528345], [130.128734, 33.52812], [130.129083, 33.527309], [130.128925, 33.526938], [130.128347, 33.526422], [130.126958, 33.526301], [130.126618, 33.526176], [130.126077, 33.526258], [130.125394, 33.526042], [130.125236, 33.526103], [130.124556, 33.525763], [130.124448, 33.525568], [130.124183, 33.525636], [130.124276, 33.525422], [130.124625, 33.525193], [130.124789, 33.524665], [130.125102, 33.524264], [130.125988, 33.523811], [130.126685, 33.523688], [130.127208, 33.523962], [130.127728, 33.524055], [130.129203, 33.523615], [130.129818, 33.523633], [130.130114, 33.523432], [130.130202, 33.523024], [130.131484, 33.523117], [130.13188, 33.522965], [130.131999, 33.522704], [130.132168, 33.522737], [130.132296, 33.522402], [130.13211, 33.522349], [130.132306, 33.521899], [130.132916, 33.521961], [130.133286, 33.521698], [130.13421, 33.521509], [130.134092, 33.521153], [130.133698, 33.521159], [130.133658, 33.519907], [130.133203, 33.517741], [130.131919, 33.51552], [130.131279, 33.514578], [130.129242, 33.512294], [130.127446, 33.510677], [130.126579, 33.510107], [130.126362, 33.510077], [130.125556, 33.510361], [130.125188, 33.510337], [130.124764, 33.510095], [130.124536, 33.50968], [130.123236, 33.508935], [130.12229, 33.508719], [130.121356, 33.508725], [130.120076, 33.50808], [130.118985, 33.507797], [130.117964, 33.50794], [130.116853, 33.507764], [130.116427, 33.508065], [130.116164, 33.507858], [130.114696, 33.507733], [130.113847, 33.507801], [130.113536, 33.50806], [130.113128, 33.50814], [130.112352, 33.508959], [130.112442, 33.509411], [130.111996, 33.510032], [130.111164, 33.51062], [130.110356, 33.51084], [130.110032, 33.510816], [130.109818, 33.510567], [130.109301, 33.509442], [130.108276, 33.509274], [130.107075, 33.509359], [130.10645, 33.509554], [130.105316, 33.510278], [130.104096, 33.511656], [130.103812, 33.512293], [130.103848, 33.511896], [130.103255, 33.511896], [130.102758, 33.512179], [130.10259, 33.512893], [130.103262, 33.5134], [130.103702, 33.513433], [130.103768, 33.512966], [130.104144, 33.513807], [130.105607, 33.514119], [130.105349, 33.514481], [130.104764, 33.514865], [130.103656, 33.514644], [130.102997, 33.514681], [130.102342, 33.515726], [130.101744, 33.516088], [130.101164, 33.516141], [130.100572, 33.515752], [130.099602, 33.515714], [130.099216, 33.515508], [130.098875, 33.515022], [130.098571, 33.514184], [130.098634, 33.513941], [130.09842, 33.513669], [130.09866, 33.512719], [130.099052, 33.512624], [130.099326, 33.512857], [130.099724, 33.512865], [130.100083, 33.512279], [130.099794, 33.511111], [130.099188, 33.510126], [130.098272, 33.509293], [130.095127, 33.507493], [130.091788, 33.505977], [130.09081, 33.50566], [130.089929, 33.50558], [130.087784, 33.505953], [130.087776, 33.505476], [130.086544, 33.505495], [130.086556, 33.505998], [130.085852, 33.506022], [130.085843, 33.50509], [130.085026, 33.505113], [130.085018, 33.50534], [130.083836, 33.506331], [130.084146, 33.507323], [130.083474, 33.507376], [130.083236, 33.506442], [130.0829, 33.506005], [130.082463, 33.50595], [130.080206, 33.504987], [130.080342, 33.504195], [130.08014, 33.50402], [130.078764, 33.503619], [130.076721, 33.503407], [130.07531, 33.502873], [130.072228, 33.502771], [130.07082, 33.502579], [130.069195, 33.501827], [130.068729, 33.501732], [130.066698, 33.500538], [130.06636, 33.500566], [130.065796, 33.500333], [130.065436, 33.499564], [130.065166, 33.499284], [130.064882, 33.499121], [130.064306, 33.499047], [130.063976, 33.498578], [130.063594, 33.498544], [130.063337, 33.498236], [130.062594, 33.497789], [130.06197, 33.497573], [130.060323, 33.497201], [130.05948, 33.497355], [130.059076, 33.497209], [130.05891, 33.49695], [130.058662, 33.496835], [130.056818, 33.496303], [130.049768, 33.495115], [130.04797, 33.495191], [130.047636, 33.495405], [130.047576, 33.495744], [130.047244, 33.496114], [130.046642, 33.496316], [130.046412, 33.496552], [130.045388, 33.496306], [130.04495, 33.495586], [130.045066, 33.495287], [130.044416, 33.494855], [130.044332, 33.494495], [130.044474, 33.49426], [130.045456, 33.493943], [130.04565, 33.493581], [130.04591, 33.493569], [130.045988, 33.493414], [130.046377, 33.493658], [130.046905, 33.493686], [130.047851, 33.493142], [130.048082, 33.492306], [130.048048, 33.491194], [130.048534, 33.490845], [130.049622, 33.4907], [130.049955, 33.490098], [130.049914, 33.489439], [130.049476, 33.488211], [130.048306, 33.486752], [130.04683, 33.485504], [130.045768, 33.484836], [130.045393, 33.484625], [130.04511, 33.484787], [130.044926, 33.484727], [130.04492, 33.484299], [130.045114, 33.483733], [130.045388, 33.483431], [130.045382, 33.483182], [130.043888, 33.481729], [130.044011, 33.481582], [130.043536, 33.48031], [130.042313, 33.478746], [130.042132, 33.477621], [130.042324, 33.476337], [130.04226, 33.4758], [130.042196, 33.475614], [130.041745, 33.475274], [130.041814, 33.474983], [130.041304, 33.474285], [130.041637, 33.473696], [130.041637, 33.473246], [130.04124, 33.472541], [130.04095, 33.472349], [130.040616, 33.47062], [130.040322, 33.470358], [130.040204, 33.470055], [130.039903, 33.4701], [130.039572, 33.469798], [130.040736, 33.469269], [130.042977, 33.467994], [130.044926, 33.467437], [130.045602, 33.467542], [130.046354, 33.468049], [130.047672, 33.46856], [130.048583, 33.468485], [130.049409, 33.468666], [130.051054, 33.469506], [130.051341, 33.469416], [130.051658, 33.468829], [130.052005, 33.468623], [130.052487, 33.469137], [130.052828, 33.469227], [130.05374, 33.469243], [130.054487, 33.469554], [130.055095, 33.469406], [130.056709, 33.470828], [130.057356, 33.471169], [130.058129, 33.471184], [130.058733, 33.471029], [130.059431, 33.470445], [130.059808, 33.470344], [130.0606, 33.470364], [130.061985, 33.470808], [130.06247, 33.471154], [130.063352, 33.470919], [130.064009, 33.471119], [130.065785, 33.472005], [130.068069, 33.472504], [130.068621, 33.472218], [130.069348, 33.471428], [130.070162, 33.471092], [130.070363, 33.470799], [130.071262, 33.470127], [130.072146, 33.469918], [130.073101, 33.469509], [130.073556, 33.469154], [130.074526, 33.469279], [130.075123, 33.469801], [130.076366, 33.470044], [130.077333, 33.469841], [130.078173, 33.469387], [130.078622, 33.469417], [130.078939, 33.468619], [130.079473, 33.468429], [130.079904, 33.468469], [130.080913, 33.468838], [130.081356, 33.468858], [130.081828, 33.469194], [130.082816, 33.469104], [130.083274, 33.469517], [130.083808, 33.469206], [130.084088, 33.469196], [130.084657, 33.469257], [130.085806, 33.469708], [130.08657, 33.469309], [130.088012, 33.469109], [130.089093, 33.468404], [130.090063, 33.468454], [130.090907, 33.468635], [130.091964, 33.469068], [130.093658, 33.468943], [130.094313, 33.469226], [130.096765, 33.469766], [130.098965, 33.469944], [130.101429, 33.471191], [130.102034, 33.471738], [130.102481, 33.472814], [130.10275, 33.474831], [130.103037, 33.475367], [130.102992, 33.475621], [130.10313, 33.475887], [130.10419, 33.476067], [130.104856, 33.475892], [130.105419, 33.476047], [130.10576, 33.476399], [130.106314, 33.47745], [130.106926, 33.477829], [130.107902, 33.477718], [130.10828, 33.477151], [130.109289, 33.476166], [130.110748, 33.475726], [130.112351, 33.475521], [130.113576, 33.475192], [130.114204, 33.475297], [130.11598, 33.474984], [130.117255, 33.475135], [130.117995, 33.475062], [130.118869, 33.475659], [130.120085, 33.47587], [130.121854, 33.475336], [130.124465, 33.475775], [130.126035, 33.475909], [130.12704, 33.475449], [130.127799, 33.475414], [130.129559, 33.475626], [130.130545, 33.47462], [130.131667, 33.474473], [130.131949, 33.474337], [130.13254, 33.473464], [130.134667, 33.472424], [130.135589, 33.472454], [130.137515, 33.47157], [130.138966, 33.470398], [130.139413, 33.470706], [130.139847, 33.471474], [130.140695, 33.471729], [130.141173, 33.472056], [130.141934, 33.473108], [130.142546, 33.474312], [130.142997, 33.474461], [130.144486, 33.474175], [130.145953, 33.474483], [130.147952, 33.475803], [130.148332, 33.476332], [130.148583, 33.477397], [130.150059, 33.477427], [130.150822, 33.477617], [130.151446, 33.476993], [130.152488, 33.477029], [130.153652, 33.476599], [130.154499, 33.476677], [130.155266, 33.476465], [130.156022, 33.476754], [130.156767, 33.476722], [130.15715, 33.476393], [130.157695, 33.475522], [130.158038, 33.475481], [130.158718, 33.47584], [130.159126, 33.475739], [130.159518, 33.47547], [130.159965, 33.474931], [130.161231, 33.474164], [130.161999, 33.473015], [130.162562, 33.472492], [130.16393, 33.472346], [130.164424, 33.471284], [130.164176, 33.470259], [130.164617, 33.469333], [130.164862, 33.46918], [130.165818, 33.469035], [130.166714, 33.46873], [130.168786, 33.467646], [130.170895, 33.46764], [130.172029, 33.46719], [130.172863, 33.467387], [130.17483, 33.467386], [130.175279, 33.467105], [130.175667, 33.466631], [130.175935, 33.465923], [130.17768, 33.46668], [130.178263, 33.466657], [130.179245, 33.466299], [130.179808, 33.466308], [130.181828, 33.466485], [130.183154, 33.466768], [130.183906, 33.467253], [130.185859, 33.468059], [130.186474, 33.46847], [130.186387, 33.47064], [130.18653, 33.470836], [130.187267, 33.471084], [130.18863, 33.470824], [130.188853, 33.470959], [130.188419, 33.472511], [130.188662, 33.473128], [130.188566, 33.473954], [130.188789, 33.474892], [130.190612, 33.475602], [130.190893, 33.476125], [130.191519, 33.476428], [130.191847, 33.476485], [130.192527, 33.476104], [130.192916, 33.476054], [130.193698, 33.476185], [130.194531, 33.476109], [130.19495, 33.476485], [130.19597, 33.478085], [130.198253, 33.477272], [130.198488, 33.477299], [130.198734, 33.47752], [130.19909, 33.478141], [130.197955, 33.479344], [130.198191, 33.479899], [130.197929, 33.480374], [130.197929, 33.480529], [130.198666, 33.4812], [130.199918, 33.480663], [130.201088, 33.480396], [130.201584, 33.480041], [130.203332, 33.480747], [130.203884, 33.481573], [130.204521, 33.481279], [130.205587, 33.481404], [130.207689, 33.481232], [130.20928, 33.480847], [130.209913, 33.480964], [130.210155, 33.480749], [130.212321, 33.480757], [130.213488, 33.480382], [130.214651, 33.479752], [130.215185, 33.479709], [130.216033, 33.479915], [130.216306, 33.479837], [130.21668, 33.479477], [130.21776, 33.479052], [130.218175, 33.478186], [130.220824, 33.477689], [130.221662, 33.477656], [130.222522, 33.477892], [130.223342, 33.478279], [130.224585, 33.477479], [130.22562, 33.477247], [130.226114, 33.476909], [130.226802, 33.476695], [130.227258, 33.47679], [130.230347, 33.478471], [130.231891, 33.478371], [130.232792, 33.478618], [130.233314, 33.478923], [130.233887, 33.478231], [130.234519, 33.478084], [130.235529, 33.47816], [130.236478, 33.477782], [130.23687, 33.477444], [130.237375, 33.476396], [130.237788, 33.476066], [130.237668, 33.475841], [130.237813, 33.475302], [130.237566, 33.474571], [130.237915, 33.474092], [130.238231, 33.474026], [130.238901, 33.474284], [130.239964, 33.474328], [130.241402, 33.474756], [130.242272, 33.474859], [130.242705, 33.474799], [130.243156, 33.474449], [130.244201, 33.474406], [130.245377, 33.473464], [130.245767, 33.472439], [130.246408, 33.471459], [130.246676, 33.471254], [130.247685, 33.4707], [130.248535, 33.470876], [130.249918, 33.470497], [130.250549, 33.470755], [130.251973, 33.47083], [130.25237, 33.470964], [130.252944, 33.471655], [130.253711, 33.472213], [130.254959, 33.473762], [130.255247, 33.473982], [130.255912, 33.474195], [130.256583, 33.475232], [130.257328, 33.475773], [130.257589, 33.476127], [130.260021, 33.476718], [130.260612, 33.476752], [130.262185, 33.477555], [130.262634, 33.478005], [130.262868, 33.478017], [130.26456, 33.477434], [130.264679, 33.477684], [130.265134, 33.477876], [130.266102, 33.477905], [130.267017, 33.478634], [130.267859, 33.478596], [130.268281, 33.478984], [130.268937, 33.479296], [130.270479, 33.479585], [130.271039, 33.479931], [130.272114, 33.479351], [130.272732, 33.480967], [130.272844, 33.481999], [130.273363, 33.482669], [130.273527, 33.483115], [130.273529, 33.483744], [130.27304, 33.484727], [130.272854, 33.485489], [130.272742, 33.487079], [130.272605, 33.487416], [130.272693, 33.488226], [130.273061, 33.488316], [130.273872, 33.488186], [130.274518, 33.488815], [130.274603, 33.489127], [130.275274, 33.489141], [130.276034, 33.489423], [130.275687, 33.489889], [130.275242, 33.491245], [130.274818, 33.491751], [130.274435, 33.492689], [130.273743, 33.493271], [130.272531, 33.493806], [130.271868, 33.49532], [130.272593, 33.49556], [130.273987, 33.497209], [130.274875, 33.497474], [130.274719, 33.498364], [130.274884, 33.499182], [130.275588, 33.499197], [130.275929, 33.499375], [130.276178, 33.499703], [130.276261, 33.50013], [130.277074, 33.500671], [130.277888, 33.50161], [130.278396, 33.503297], [130.278391, 33.504122], [130.27863, 33.505171], [130.279507, 33.506656], [130.280925, 33.506772], [130.281413, 33.507099], [130.282747, 33.506846], [130.285347, 33.506932], [130.285607, 33.507068], [130.285261, 33.50959], [130.284774, 33.510511], [130.284319, 33.512385], [130.28537, 33.511483], [130.286025, 33.511133], [130.286747, 33.511042], [130.287504, 33.51117], [130.287282, 33.510793], [130.287323, 33.510594], [130.288163, 33.510119], [130.289189, 33.509048], [130.289677, 33.50954], [130.289589, 33.509952], [130.289681, 33.510499], [130.290033, 33.510806], [130.290016, 33.51119], [130.290314, 33.512242], [130.29094, 33.512464], [130.291401, 33.512981], [130.291799, 33.513006], [130.291336, 33.515524], [130.291364, 33.516562], [130.291471, 33.516852], [130.292042, 33.517503], [130.292065, 33.517669], [130.291723, 33.518188], [130.292243, 33.518859], [130.292211, 33.519071], [130.291459, 33.519637], [130.290961, 33.520527], [130.290813, 33.520547], [130.290273, 33.520156], [130.289558, 33.520574], [130.288889, 33.521341], [130.288596, 33.52222], [130.288346, 33.522557], [130.288082, 33.522615], [130.287011, 33.522479], [130.286655, 33.522542], [130.286586, 33.522708], [130.286956, 33.523676], [130.287254, 33.526074], [130.287645, 33.526875], [130.288191, 33.527561], [130.288288, 33.52806], [130.288177, 33.528769], [130.288584, 33.529516], [130.288773, 33.530362], [130.289343, 33.531716], [130.289005, 33.53308], [130.289059, 33.533533], [130.2893, 33.533991], [130.289296, 33.534441], [130.288555, 33.535136], [130.288094, 33.536461], [130.288982, 33.537663], [130.28903, 33.538031], [130.288894, 33.53839], [130.286889, 33.54009], [130.286357, 33.539482], [130.285724, 33.539576], [130.284377, 33.539385], [130.283809, 33.539527], [130.280783, 33.541696], [130.279359, 33.542471], [130.278991, 33.543186], [130.278573, 33.543236], [130.277581, 33.544027], [130.275561, 33.544716], [130.274283, 33.545512], [130.273199, 33.546007], [130.272251, 33.545953], [130.271733, 33.546094], [130.271438, 33.546415], [130.271095, 33.547145], [130.270879, 33.547215], [130.270578, 33.547083], [130.269899, 33.547178], [130.268985, 33.547793], [130.268714, 33.548081], [130.268583, 33.548547], [130.267226, 33.549248], [130.26644, 33.550007], [130.266384, 33.551488], [130.266982, 33.551999], [130.267073, 33.552387], [130.266268, 33.553604], [130.266169, 33.554771], [130.265625, 33.555352], [130.265696, 33.55633], [130.265583, 33.556565], [130.264852, 33.556866], [130.264384, 33.556552], [130.263926, 33.55642], [130.263467, 33.556507], [130.262849, 33.556849], [130.26245, 33.556767], [130.261943, 33.556841], [130.260024, 33.555826], [130.257704, 33.555208], [130.25733, 33.555364], [130.256266, 33.556531], [130.25546, 33.557026], [130.255, 33.557707], [130.254808, 33.557777], [130.254094, 33.557715], [130.253224, 33.557319], [130.252155, 33.557265], [130.251517, 33.556638], [130.250611, 33.556448], [130.250109, 33.556077], [130.249813, 33.556011], [130.249426, 33.556984], [130.248707, 33.557554], [130.248411, 33.557616], [130.247682, 33.557355], [130.246799, 33.557763], [130.245222, 33.557704], [130.242723, 33.556514], [130.242839, 33.556207], [130.242384, 33.556058], [130.24237, 33.555622], [130.242602, 33.555066], [130.242317, 33.554959], [130.242909, 33.553532], [130.241905, 33.553228], [130.241625, 33.552389], [130.241087, 33.551848], [130.240905, 33.551895], [130.240431, 33.551727], [130.239539, 33.552721], [130.238739, 33.552464], [130.237982, 33.55394], [130.237486, 33.554454], [130.236331, 33.555221], [130.236266, 33.555364], [130.23665, 33.555951], [130.236221, 33.55649], [130.236393, 33.5569], [130.23592, 33.557766], [130.239384, 33.558904], [130.238224, 33.561276], [130.238985, 33.561608], [130.238948, 33.561813], [130.236656, 33.566425], [130.239333, 33.567444], [130.238849, 33.568269], [130.240025, 33.568692], [130.239219, 33.570464], [130.241103, 33.571051], [130.240252, 33.572854], [130.241067, 33.573077], [130.240616, 33.574095], [130.239026, 33.577335], [130.237711, 33.580441], [130.237331, 33.580329], [130.236836, 33.581314], [130.235334, 33.580901], [130.234676, 33.58093], [130.23472, 33.581368], [130.234524, 33.581532], [130.231836, 33.580908], [130.229908, 33.580283], [130.229255, 33.581344], [130.227181, 33.580699], [130.2267, 33.581393], [130.224872, 33.580819], [130.223772, 33.580233], [130.223289, 33.580299], [130.222629, 33.579436], [130.219187, 33.580556], [130.218987, 33.581106], [130.218061, 33.581746], [130.217525, 33.582855], [130.216399, 33.583389], [130.216127, 33.584919], [130.215552, 33.585787], [130.214913, 33.586161], [130.214121, 33.58642], [130.213211, 33.587241], [130.212429, 33.588311], [130.211913, 33.588618], [130.211781, 33.589303], [130.211932, 33.590459], [130.211732, 33.591478], [130.211481, 33.591847], [130.210711, 33.592316], [130.210524, 33.592944], [130.210015, 33.593334], [130.209834, 33.59407], [130.209846, 33.594732], [130.210278, 33.595488], [130.210214, 33.596157], [130.210005, 33.596424], [130.209723, 33.596547], [130.207665, 33.596488], [130.207426, 33.596606], [130.207303, 33.596899], [130.207398, 33.597809], [130.207898, 33.598335], [130.207954, 33.598765], [130.209159, 33.600137], [130.209527, 33.600286], [130.209781, 33.600581], [130.210413, 33.601751], [130.210551, 33.602312], [130.210371, 33.602832], [130.210287, 33.603804], [130.210321, 33.604192], [130.210588, 33.604687], [130.210021, 33.605458], [130.210119, 33.606053], [130.209552, 33.606892], [130.208886, 33.607387], [130.208622, 33.607428], [130.208306, 33.608112], [130.207834, 33.608328], [130.207457, 33.60872], [130.206555, 33.608843], [130.205957, 33.609543], [130.206061, 33.609861], [130.206951, 33.61082], [130.207212, 33.611286], [130.207492, 33.612408], [130.204913, 33.614432], [130.205126, 33.614732], [130.20611, 33.614732], [130.205926, 33.615218], [130.206186, 33.616348], [130.205752, 33.617024], [130.205668, 33.617351], [130.205867, 33.618097], [130.205609, 33.618447], [130.206009, 33.619236], [130.205939, 33.619921], [130.205579, 33.620924], [130.205327, 33.621269], [130.204969, 33.62271], [130.205126, 33.623215], [130.205598, 33.623647], [130.205783, 33.624054], [130.205436, 33.626219], [130.206216, 33.627354], [130.206737, 33.628541], [130.206703, 33.628705], [130.206552, 33.628841], [130.206049, 33.628906], [130.205755, 33.629596], [130.205414, 33.629619], [130.205285, 33.629736], [130.205332, 33.630491], [130.205106, 33.631363], [130.204714, 33.631625], [130.203904, 33.631724], [130.203783, 33.632367], [130.204083, 33.633608], [130.204044, 33.635016], [130.203982, 33.635245], [130.202978, 33.635925], [130.202933, 33.636692], [130.202776, 33.636963], [130.202094, 33.637398], [130.201832, 33.637964], [130.201149, 33.637959], [130.200319, 33.63849], [130.199128, 33.638803], [130.198381, 33.63925], [130.197796, 33.639796]]], [[[130.167406, 33.633064], [130.167494, 33.633044], [130.167492, 33.63307], [130.167406, 33.633064]]], [[[130.167214, 33.632984], [130.167232, 33.632946], [130.167302, 33.632964], [130.167214, 33.632984]]], [[[130.167204, 33.632831], [130.16727, 33.632807], [130.167258, 33.632847], [130.167204, 33.632831]]], [[[130.165984, 33.632412], [130.166088, 33.632406], [130.166063, 33.632456], [130.165984, 33.632412]]], [[[130.165448, 33.63216], [130.165564, 33.632134], [130.165486, 33.632192], [130.165448, 33.63216]]], [[[130.17622, 33.631408], [130.176232, 33.631362], [130.176315, 33.631402], [130.17622, 33.631408]]], [[[130.176448, 33.631386], [130.176488, 33.631341], [130.176522, 33.631366], [130.176448, 33.631386]]], [[[130.159782, 33.630803], [130.159884, 33.630815], [130.159806, 33.630853], [130.159782, 33.630803]]], [[[130.16008, 33.630754], [130.160178, 33.630686], [130.160175, 33.630791], [130.16008, 33.630754]]], [[[130.169347, 33.630582], [130.169563, 33.630487], [130.169478, 33.630606], [130.169347, 33.630582]]], [[[130.159736, 33.630561], [130.159782, 33.630491], [130.159808, 33.630565], [130.159736, 33.630561]]], [[[130.161571, 33.630551], [130.161759, 33.630292], [130.161654, 33.630573], [130.161571, 33.630551]]], [[[130.158852, 33.63033], [130.159461, 33.629916], [130.159118, 33.630391], [130.158852, 33.63033]]], [[[130.158234, 33.62948], [130.158329, 33.629441], [130.158292, 33.629498], [130.158234, 33.62948]]], [[[130.158587, 33.629474], [130.158679, 33.629439], [130.158616, 33.629498], [130.158587, 33.629474]]], [[[130.15691, 33.629037], [130.156934, 33.628867], [130.157082, 33.628887], [130.157014, 33.629063], [130.15691, 33.629037]]], [[[130.15581, 33.624751], [130.155904, 33.624727], [130.155863, 33.624824], [130.15581, 33.624751]]], [[[130.155752, 33.624026], [130.155822, 33.62401], [130.155872, 33.624062], [130.155752, 33.624026]]], [[[130.155388, 33.623864], [130.155481, 33.623814], [130.155447, 33.623897], [130.155388, 33.623864]]], [[[130.153936, 33.62136], [130.154002, 33.621319], [130.15403, 33.621384], [130.153936, 33.62136]]], [[[130.15398, 33.620809], [130.154061, 33.620775], [130.154082, 33.620835], [130.15398, 33.620809]]], [[[130.144224, 33.608677], [130.144778, 33.608575], [130.14478, 33.608478], [130.144552, 33.608405], [130.144929, 33.608354], [130.145417, 33.608479], [130.145534, 33.608773], [130.145416, 33.608926], [130.14522, 33.608834], [130.145222, 33.608973], [130.144962, 33.608981], [130.144853, 33.608918], [130.144934, 33.608803], [130.144224, 33.608677]]], [[[130.157698, 33.607912], [130.157982, 33.607747], [130.158262, 33.607793], [130.158223, 33.607929], [130.157823, 33.608092], [130.157698, 33.607912]]], [[[130.157474, 33.607926], [130.157614, 33.607871], [130.1576, 33.608053], [130.157474, 33.607926]]], [[[130.158286, 33.607901], [130.15842, 33.607839], [130.158393, 33.607929], [130.158286, 33.607901]]], [[[130.10841, 33.596882], [130.10847, 33.596842], [130.108511, 33.59688], [130.10841, 33.596882]]], [[[130.10828, 33.596644], [130.10834, 33.596599], [130.108368, 33.596692], [130.10828, 33.596644]]], [[[130.108512, 33.596544], [130.108583, 33.596552], [130.108571, 33.596613], [130.108512, 33.596544]]], [[[130.092751, 33.586469], [130.09294, 33.586507], [130.092856, 33.586548], [130.092751, 33.586469]]], [[[130.098381, 33.586449], [130.098485, 33.586413], [130.098522, 33.586471], [130.098381, 33.586449]]], [[[130.090646, 33.586354], [130.0908, 33.586335], [130.090728, 33.586402], [130.090646, 33.586354]]], [[[130.098789, 33.586266], [130.098913, 33.586225], [130.09889, 33.586313], [130.098789, 33.586266]]], [[[130.097434, 33.586238], [130.09754, 33.586106], [130.09754, 33.586287], [130.097434, 33.586238]]], [[[130.096406, 33.586251], [130.096434, 33.586224], [130.096484, 33.586262], [130.096406, 33.586251]]], [[[130.095029, 33.586116], [130.095128, 33.58611], [130.09506, 33.586157], [130.095029, 33.586116]]], [[[130.094346, 33.585878], [130.094412, 33.585803], [130.094468, 33.585857], [130.094346, 33.585878]]], [[[130.094102, 33.585772], [130.094202, 33.585788], [130.094147, 33.585816], [130.094102, 33.585772]]], [[[130.09383, 33.585676], [130.093866, 33.585657], [130.093906, 33.585708], [130.09383, 33.585676]]], [[[130.093006, 33.585652], [130.093101, 33.585619], [130.093074, 33.585686], [130.093006, 33.585652]]], [[[130.093359, 33.585506], [130.093434, 33.585511], [130.093443, 33.585576], [130.093359, 33.585506]]], [[[130.093067, 33.585464], [130.093157, 33.585463], [130.093116, 33.585494], [130.093067, 33.585464]]], [[[130.091956, 33.585422], [130.092055, 33.585355], [130.092149, 33.585429], [130.091956, 33.585422]]], [[[130.092846, 33.585441], [130.092918, 33.585401], [130.09296, 33.585453], [130.092846, 33.585441]]], [[[130.091755, 33.585288], [130.0918, 33.585246], [130.091882, 33.585316], [130.091755, 33.585288]]], [[[130.091264, 33.584984], [130.091315, 33.584916], [130.091415, 33.585008], [130.091264, 33.584984]]], [[[130.087426, 33.582589], [130.087524, 33.582529], [130.087562, 33.582644], [130.087426, 33.582589]]], [[[130.087135, 33.581484], [130.087202, 33.581411], [130.087293, 33.581527], [130.087135, 33.581484]]], [[[130.086987, 33.581086], [130.087092, 33.580995], [130.087118, 33.581131], [130.086987, 33.581086]]], [[[130.086974, 33.580664], [130.087082, 33.580646], [130.08709, 33.580764], [130.086974, 33.580664]]], [[[130.08694, 33.579162], [130.086982, 33.579087], [130.087036, 33.579153], [130.08694, 33.579162]]], [[[130.086639, 33.578897], [130.086726, 33.578862], [130.08676, 33.578932], [130.086639, 33.578897]]], [[[130.087326, 33.578601], [130.087388, 33.5785], [130.087398, 33.578585], [130.087326, 33.578601]]], [[[130.087541, 33.578121], [130.08761, 33.578031], [130.087684, 33.578074], [130.087541, 33.578121]]], [[[130.08694, 33.578027], [130.086964, 33.577956], [130.087026, 33.577981], [130.08694, 33.578027]]], [[[130.087996, 33.57759], [130.088042, 33.577523], [130.088104, 33.577545], [130.087996, 33.57759]]], [[[130.087932, 33.577501], [130.088015, 33.577418], [130.088034, 33.577467], [130.087932, 33.577501]]], [[[130.088541, 33.577061], [130.088592, 33.576984], [130.088597, 33.577038], [130.088541, 33.577061]]], [[[130.088409, 33.576897], [130.088506, 33.576892], [130.088443, 33.576939], [130.088409, 33.576897]]], [[[130.048902, 33.57657], [130.049055, 33.576495], [130.049014, 33.576644], [130.048902, 33.57657]]], [[[130.048715, 33.576369], [130.048861, 33.576353], [130.048769, 33.576473], [130.048715, 33.576369]]], [[[130.046354, 33.576396], [130.046446, 33.576371], [130.046463, 33.576437], [130.046354, 33.576396]]], [[[130.088531, 33.576405], [130.088706, 33.576398], [130.088666, 33.576454], [130.088531, 33.576405]]], [[[130.04391, 33.571206], [130.044036, 33.569825], [130.044206, 33.569418], [130.044696, 33.568861], [130.046433, 33.567475], [130.047436, 33.56696], [130.04797, 33.566888], [130.049678, 33.565988], [130.049844, 33.565837], [130.04943, 33.565361], [130.051169, 33.563873], [130.051268, 33.564363], [130.05115, 33.564951], [130.051337, 33.565316], [130.050998, 33.565044], [130.050222, 33.565691], [130.050908, 33.566374], [130.051352, 33.566055], [130.051478, 33.566176], [130.050838, 33.566659], [130.05133, 33.56728], [130.051741, 33.567537], [130.05237, 33.567039], [130.052567, 33.5665], [130.053124, 33.565826], [130.053298, 33.565933], [130.052766, 33.566564], [130.052567, 33.567132], [130.051854, 33.567699], [130.052027, 33.568003], [130.05362, 33.569567], [130.054107, 33.570421], [130.054532, 33.571481], [130.054818, 33.5728], [130.054632, 33.57344], [130.053407, 33.574454], [130.0524, 33.574903], [130.052242, 33.575292], [130.052011, 33.575141], [130.051594, 33.575116], [130.051122, 33.575269], [130.050921, 33.575468], [130.051098, 33.575859], [130.050836, 33.575771], [130.050632, 33.575399], [130.050148, 33.575523], [130.05004, 33.575792], [130.049832, 33.575439], [130.049675, 33.575717], [130.049446, 33.575689], [130.049345, 33.575548], [130.049077, 33.575789], [130.048469, 33.575831], [130.048192, 33.575729], [130.048258, 33.576002], [130.047963, 33.576291], [130.047822, 33.576284], [130.047966, 33.576019], [130.047936, 33.575676], [130.047643, 33.575671], [130.047406, 33.576002], [130.046254, 33.57561], [130.045992, 33.575366], [130.045682, 33.574581], [130.045295, 33.574127], [130.045108, 33.574174], [130.044687, 33.573281], [130.044045, 33.572523], [130.04391, 33.571206]]], [[[130.088984, 33.576261], [130.089082, 33.576136], [130.089054, 33.576271], [130.088984, 33.576261]]], [[[130.087016, 33.576162], [130.08709, 33.57613], [130.087126, 33.576211], [130.087016, 33.576162]]], [[[130.046904, 33.576039], [130.047046, 33.576082], [130.046935, 33.576121], [130.046904, 33.576039]]], [[[130.087735, 33.576061], [130.08782, 33.57598], [130.087808, 33.576083], [130.087735, 33.576061]]], [[[130.04757, 33.576002], [130.047772, 33.576072], [130.047608, 33.576067], [130.04757, 33.576002]]], [[[130.089314, 33.575985], [130.089628, 33.576037], [130.089484, 33.576077], [130.089314, 33.575985]]], [[[130.050112, 33.575943], [130.050242, 33.576062], [130.050126, 33.576043], [130.050112, 33.575943]]], [[[130.047711, 33.57583], [130.047816, 33.575792], [130.047838, 33.575952], [130.047711, 33.57583]]], [[[130.091058, 33.575557], [130.091209, 33.575531], [130.091147, 33.575613], [130.091058, 33.575557]]], [[[130.052375, 33.575329], [130.052529, 33.575291], [130.052421, 33.575381], [130.052375, 33.575329]]], [[[130.052652, 33.574923], [130.052838, 33.574927], [130.0527, 33.574991], [130.052652, 33.574923]]], [[[130.052959, 33.574857], [130.053052, 33.574887], [130.053026, 33.57494], [130.052959, 33.574857]]], [[[130.053098, 33.574751], [130.053285, 33.574701], [130.05315, 33.574817], [130.053098, 33.574751]]], [[[130.093692, 33.574535], [130.093898, 33.574365], [130.093984, 33.574444], [130.093779, 33.57461], [130.093692, 33.574535]]], [[[130.092048, 33.571354], [130.092158, 33.571306], [130.092301, 33.571434], [130.092048, 33.571354]]], [[[130.097802, 33.570702], [130.097858, 33.570661], [130.097896, 33.570732], [130.097802, 33.570702]]], [[[130.09777, 33.570567], [130.097816, 33.570492], [130.097844, 33.570562], [130.09777, 33.570567]]], [[[130.09815, 33.569852], [130.098262, 33.569765], [130.098218, 33.569896], [130.09815, 33.569852]]], [[[130.098406, 33.569421], [130.098447, 33.569375], [130.098442, 33.569516], [130.098406, 33.569421]]], [[[130.098145, 33.569189], [130.098256, 33.569089], [130.098227, 33.56923], [130.098145, 33.569189]]], [[[130.089708, 33.569013], [130.08978, 33.569001], [130.089832, 33.569051], [130.089708, 33.569013]]], [[[130.089822, 33.56856], [130.0899, 33.568531], [130.090092, 33.568627], [130.089822, 33.56856]]], [[[130.088497, 33.56841], [130.088613, 33.568429], [130.088554, 33.568448], [130.088497, 33.56841]]], [[[130.08866, 33.56798], [130.088812, 33.567984], [130.088758, 33.568032], [130.08866, 33.56798]]], [[[130.088236, 33.567576], [130.08841, 33.567531], [130.088516, 33.567623], [130.088326, 33.567699], [130.088236, 33.567576]]], [[[130.128551, 33.567069], [130.12869, 33.56699], [130.129114, 33.567318], [130.129096, 33.567416], [130.12889, 33.567384], [130.128551, 33.567069]]], [[[130.128407, 33.566896], [130.128519, 33.566796], [130.128532, 33.566905], [130.128407, 33.566896]]], [[[130.05151, 33.564571], [130.051587, 33.56452], [130.052652, 33.565395], [130.05255, 33.56548], [130.05151, 33.564571]]], [[[130.099192, 33.564469], [130.099274, 33.564446], [130.099266, 33.564537], [130.099192, 33.564469]]], [[[130.099791, 33.564078], [130.099886, 33.564107], [130.099826, 33.564141], [130.099791, 33.564078]]], [[[130.098194, 33.563965], [130.098332, 33.563977], [130.098228, 33.56404], [130.098194, 33.563965]]], [[[130.097778, 33.563771], [130.098018, 33.563648], [130.09814, 33.563812], [130.097778, 33.563771]]], [[[130.100682, 33.563638], [130.100728, 33.563599], [130.100805, 33.563645], [130.100682, 33.563638]]], [[[130.112208, 33.555058], [130.112343, 33.555026], [130.112366, 33.555134], [130.112208, 33.555058]]], [[[130.11213, 33.554849], [130.1123, 33.554862], [130.11222, 33.554932], [130.11213, 33.554849]]], [[[130.11693, 33.552605], [130.117057, 33.552575], [130.116998, 33.552654], [130.11693, 33.552605]]], [[[130.116785, 33.55252], [130.117001, 33.552482], [130.116928, 33.552558], [130.116785, 33.55252]]], [[[130.115026, 33.546155], [130.115116, 33.546019], [130.115256, 33.546032], [130.115663, 33.546251], [130.115316, 33.546317], [130.115026, 33.546155]]], [[[130.146239, 33.537462], [130.146728, 33.537331], [130.14713, 33.537394], [130.147172, 33.537508], [130.146498, 33.537664], [130.146239, 33.537462]]], [[[130.098006, 33.513001], [130.098164, 33.512891], [130.098125, 33.51307], [130.098006, 33.513001]]], [[[130.069638, 33.510408], [130.069726, 33.51031], [130.069896, 33.510382], [130.069828, 33.510505], [130.069638, 33.510408]]], [[[130.06884, 33.506992], [130.069016, 33.506697], [130.069247, 33.506676], [130.069532, 33.506292], [130.06961, 33.507613], [130.070061, 33.50854], [130.070462, 33.508706], [130.070382, 33.509014], [130.070616, 33.509202], [130.070619, 33.509872], [130.070254, 33.510221], [130.069984, 33.509785], [130.069645, 33.509621], [130.06956, 33.509353], [130.069657, 33.509137], [130.069176, 33.508239], [130.06937, 33.508005], [130.06884, 33.506992]]], [[[130.069638, 33.510114], [130.069692, 33.510057], [130.069742, 33.510144], [130.069638, 33.510114]]], [[[130.07072, 33.509362], [130.070826, 33.509339], [130.070902, 33.509455], [130.07072, 33.509362]]], [[[130.083547, 33.508188], [130.083634, 33.508178], [130.083672, 33.508244], [130.083547, 33.508188]]], [[[130.083102, 33.508135], [130.08321, 33.508028], [130.083372, 33.508156], [130.083102, 33.508135]]], [[[130.083693, 33.508059], [130.083844, 33.50796], [130.083813, 33.508123], [130.083693, 33.508059]]], [[[130.082978, 33.507966], [130.083053, 33.5079], [130.083049, 33.50801], [130.082978, 33.507966]]], [[[130.083652, 33.507708], [130.083728, 33.507686], [130.083746, 33.507765], [130.083652, 33.507708]]], [[[130.067133, 33.506487], [130.06727, 33.506368], [130.067456, 33.506461], [130.067508, 33.506789], [130.067311, 33.506796], [130.067133, 33.506487]]], [[[130.061924, 33.505588], [130.062077, 33.505577], [130.062096, 33.505697], [130.061924, 33.505588]]], [[[130.070076, 33.502715], [130.070185, 33.50263], [130.070274, 33.502766], [130.070076, 33.502715]]], [[[130.063621, 33.500454], [130.063682, 33.500414], [130.063709, 33.500482], [130.063621, 33.500454]]], [[[130.063694, 33.500164], [130.064035, 33.500083], [130.064159, 33.500291], [130.063804, 33.500441], [130.063694, 33.500164]]], [[[130.063558, 33.500327], [130.063646, 33.500272], [130.063644, 33.500329], [130.063558, 33.500327]]], [[[130.06346, 33.500189], [130.063568, 33.500227], [130.063497, 33.500248], [130.06346, 33.500189]]], [[[130.065002, 33.499852], [130.065231, 33.499733], [130.065446, 33.499914], [130.06518, 33.500077], [130.065002, 33.499852]]], [[[130.063894, 33.499723], [130.064054, 33.499415], [130.064163, 33.499413], [130.064173, 33.49975], [130.063998, 33.499814], [130.063894, 33.499723]]], [[[130.063623, 33.4996], [130.063754, 33.499394], [130.06396, 33.499398], [130.063731, 33.499676], [130.063623, 33.4996]]], [[[130.040682, 33.472051], [130.040786, 33.472063], [130.040696, 33.4721], [130.040682, 33.472051]]], [[[130.039368, 33.469959], [130.039487, 33.469924], [130.039478, 33.470014], [130.039368, 33.469959]]]]}}, {"type": "Feature", "properties": {"pref_code": "40", "pref_name": "福岡県", "municipality_code": "40305", "municipality_name": "那珂川町", "ward_name": "", "display_name": "那珂川町", "geometry_key": "40305"}, "geometry": {"type": "Polygon", "coordinates": [[[130.434046, 33.522906], [130.433726, 33.522952], [130.432551, 33.524249], [130.430738, 33.523225], [130.430211, 33.523276], [130.428356, 33.522675], [130.428117, 33.523134], [130.427396, 33.523663], [130.427134, 33.524219], [130.427184, 33.524446], [130.427855, 33.525195], [130.428006, 33.526038], [130.426804, 33.53039], [130.425923, 33.530094], [130.425298, 33.53007], [130.424938, 33.529933], [130.424624, 33.529542], [130.42444, 33.528738], [130.424239, 33.528474], [130.423559, 33.528502], [130.423379, 33.528454], [130.423418, 33.528261], [130.420728, 33.527791], [130.420273, 33.527543], [130.419429, 33.525582], [130.418798, 33.525191], [130.418457, 33.524634], [130.418104, 33.524775], [130.417902, 33.524726], [130.416829, 33.523512], [130.416577, 33.523487], [130.416278, 33.523652], [130.414677, 33.52474], [130.413225, 33.524545], [130.413159, 33.524661], [130.412636, 33.524586], [130.412187, 33.524204], [130.411501, 33.523322], [130.411343, 33.522876], [130.410756, 33.522262], [130.410468, 33.522274], [130.410378, 33.522699], [130.409468, 33.522365], [130.409497, 33.522082], [130.407918, 33.521733], [130.407603, 33.521307], [130.406361, 33.520936], [130.406028, 33.519663], [130.405654, 33.519166], [130.404606, 33.518895], [130.403925, 33.518501], [130.403817, 33.518261], [130.40421, 33.51665], [130.403998, 33.514874], [130.404027, 33.514451], [130.404276, 33.513943], [130.404204, 33.513816], [130.403766, 33.513495], [130.401515, 33.513535], [130.401289, 33.51279], [130.400719, 33.512451], [130.400294, 33.511987], [130.399493, 33.512933], [130.398436, 33.51307], [130.398102, 33.513015], [130.397788, 33.512235], [130.397249, 33.511834], [130.397107, 33.511528], [130.397452, 33.510078], [130.396268, 33.509033], [130.3962, 33.507161], [130.39569, 33.506857], [130.394509, 33.506496], [130.394168, 33.506187], [130.393694, 33.506218], [130.393448, 33.50718], [130.393131, 33.507513], [130.392283, 33.508063], [130.391723, 33.50823], [130.39123, 33.508626], [130.391073, 33.508631], [130.390379, 33.508206], [130.389929, 33.508315], [130.389488, 33.508089], [130.389376, 33.507372], [130.389128, 33.506968], [130.38874, 33.507056], [130.388008, 33.50701], [130.387433, 33.507175], [130.386844, 33.507003], [130.38599, 33.507126], [130.385375, 33.506779], [130.383959, 33.506647], [130.383146, 33.505958], [130.382177, 33.50552], [130.381899, 33.5056], [130.381017, 33.506347], [130.380876, 33.507139], [130.380724, 33.507221], [130.380171, 33.507329], [130.378832, 33.507875], [130.377202, 33.508203], [130.37696, 33.508148], [130.375338, 33.506611], [130.373481, 33.506074], [130.372951, 33.505643], [130.371233, 33.504775], [130.371218, 33.504246], [130.37135, 33.50405], [130.372676, 33.503299], [130.373335, 33.502479], [130.373479, 33.501964], [130.374685, 33.501348], [130.37515, 33.500669], [130.375874, 33.500429], [130.376397, 33.499432], [130.378114, 33.497868], [130.378379, 33.497493], [130.378522, 33.496939], [130.37924, 33.495856], [130.379326, 33.494571], [130.379166, 33.49408], [130.3787, 33.493575], [130.37862, 33.493199], [130.379648, 33.492116], [130.380303, 33.489844], [130.381079, 33.488819], [130.380929, 33.488107], [130.381418, 33.48712], [130.381239, 33.485671], [130.381854, 33.484011], [130.381412, 33.482562], [130.381268, 33.480381], [130.38171, 33.479385], [130.382377, 33.479202], [130.382457, 33.479058], [130.382423, 33.478278], [130.3829, 33.477859], [130.382601, 33.47733], [130.383153, 33.476536], [130.382825, 33.476002], [130.382894, 33.475462], [130.383035, 33.475239], [130.384083, 33.474553], [130.384327, 33.473568], [130.38435, 33.472615], [130.385947, 33.470214], [130.385953, 33.468837], [130.386981, 33.46747], [130.387874, 33.466731], [130.388096, 33.466094], [130.388004, 33.46555], [130.387352, 33.465249], [130.386771, 33.464604], [130.385812, 33.462101], [130.386025, 33.461393], [130.386728, 33.460972], [130.386918, 33.460626], [130.38672, 33.460022], [130.386068, 33.459162], [130.386011, 33.458782], [130.387435, 33.45729], [130.387619, 33.456674], [130.387461, 33.455921], [130.38782, 33.454961], [130.389173, 33.453991], [130.390554, 33.452781], [130.390994, 33.452576], [130.391821, 33.452499], [130.393406, 33.45131], [130.394498, 33.451142], [130.395075, 33.450745], [130.396284, 33.450622], [130.396727, 33.450352], [130.396988, 33.449965], [130.398129, 33.449751], [130.398916, 33.449313], [130.399355, 33.448791], [130.39949, 33.447826], [130.399315, 33.447491], [130.39887, 33.44528], [130.399203, 33.444125], [130.399677, 33.443347], [130.400018, 33.44296], [130.400403, 33.442835], [130.402049, 33.443251], [130.402296, 33.443227], [130.402578, 33.441976], [130.403299, 33.441222], [130.404381, 33.440604], [130.404568, 33.440082], [130.404212, 33.438898], [130.403118, 33.438082], [130.403037, 33.437033], [130.402578, 33.43723], [130.40146, 33.438075], [130.399499, 33.438803], [130.398735, 33.438789], [130.397548, 33.440159], [130.396974, 33.440274], [130.395986, 33.440255], [130.395983, 33.439083], [130.395791, 33.437747], [130.395903, 33.436681], [130.396247, 33.435584], [130.396227, 33.434624], [130.397003, 33.433579], [130.397776, 33.432802], [130.396871, 33.432304], [130.39592, 33.431984], [130.396569, 33.430877], [130.396885, 33.430762], [130.397506, 33.430805], [130.397638, 33.430588], [130.397514, 33.430052], [130.396658, 33.428281], [130.396061, 33.428112], [130.39582, 33.427852], [130.395837, 33.427481], [130.396164, 33.427406], [130.396484, 33.427551], [130.397029, 33.427098], [130.397951, 33.426586], [130.398107, 33.426287], [130.398127, 33.425457], [130.398865, 33.425166], [130.399123, 33.424887], [130.399095, 33.424492], [130.39815, 33.423546], [130.398012, 33.423209], [130.39846, 33.422069], [130.399046, 33.421587], [130.400881, 33.421782], [130.401134, 33.421619], [130.401258, 33.420832], [130.402102, 33.42062], [130.402521, 33.420341], [130.403026, 33.419332], [130.403654, 33.418867], [130.403687, 33.418539], [130.403431, 33.417627], [130.404146, 33.417054], [130.404766, 33.416241], [130.407459, 33.415494], [130.40734, 33.41454], [130.407554, 33.414245], [130.40932, 33.413307], [130.410045, 33.413375], [130.410379, 33.413247], [130.411816, 33.412154], [130.413513, 33.411465], [130.413854, 33.411102], [130.414154, 33.410983], [130.415257, 33.410962], [130.416809, 33.410449], [130.416796, 33.410309], [130.416542, 33.410239], [130.41568, 33.410393], [130.415222, 33.410232], [130.415193, 33.410075], [130.415535, 33.409485], [130.415093, 33.409289], [130.414575, 33.408297], [130.413902, 33.407482], [130.413713, 33.407336], [130.413155, 33.407217], [130.412632, 33.406536], [130.412605, 33.406186], [130.411404, 33.404701], [130.410948, 33.40373], [130.410233, 33.403569], [130.409719, 33.402972], [130.407704, 33.402056], [130.407768, 33.401455], [130.407533, 33.399341], [130.407683, 33.398604], [130.409511, 33.396616], [130.410477, 33.396075], [130.410946, 33.395449], [130.410971, 33.39504], [130.411435, 33.3951], [130.411664, 33.395348], [130.413037, 33.395764], [130.413357, 33.396012], [130.414038, 33.397039], [130.41398, 33.397294], [130.413646, 33.397616], [130.413749, 33.398335], [130.414278, 33.398873], [130.414473, 33.398982], [130.415422, 33.398985], [130.415966, 33.399114], [130.416947, 33.400082], [130.417884, 33.400481], [130.418698, 33.401075], [130.419006, 33.40112], [130.419285, 33.401005], [130.420155, 33.400338], [130.420568, 33.399422], [130.421386, 33.398975], [130.421876, 33.3985], [130.424511, 33.39828], [130.425007, 33.397997], [130.425721, 33.397843], [130.427, 33.397787], [130.428018, 33.396998], [130.428472, 33.396879], [130.428757, 33.396876], [130.430113, 33.397365], [130.430713, 33.397886], [130.432243, 33.398609], [130.433155, 33.398721], [130.434273, 33.398539], [130.435839, 33.398861], [130.436586, 33.399454], [130.437244, 33.399528], [130.43815, 33.400069], [130.43835, 33.400338], [130.438281, 33.400622], [130.437904, 33.401942], [130.43789, 33.402515], [130.437263, 33.403818], [130.437036, 33.404852], [130.438212, 33.405271], [130.438783, 33.405652], [130.43936, 33.406543], [130.439389, 33.407057], [130.440201, 33.408908], [130.440842, 33.409701], [130.441188, 33.409792], [130.441229, 33.410201], [130.440059, 33.410841], [130.439786, 33.411197], [130.441117, 33.412227], [130.441175, 33.412517], [130.441477, 33.412881], [130.44156, 33.413171], [130.441452, 33.41366], [130.441154, 33.414222], [130.442214, 33.415634], [130.442903, 33.415819], [130.443636, 33.416245], [130.444023, 33.416304], [130.444408, 33.41685], [130.445347, 33.417671], [130.446684, 33.418575], [130.447684, 33.418946], [130.448831, 33.419071], [130.449597, 33.41882], [130.450544, 33.418775], [130.45109, 33.418971], [130.45175, 33.419463], [130.4529, 33.41983], [130.456054, 33.419456], [130.457298, 33.419519], [130.458081, 33.419781], [130.458261, 33.419975], [130.458176, 33.42218], [130.458619, 33.423061], [130.458038, 33.424769], [130.458067, 33.425169], [130.458274, 33.42541], [130.459101, 33.425698], [130.459865, 33.427099], [130.460951, 33.427729], [130.461413, 33.428237], [130.460706, 33.429301], [130.459049, 33.428783], [130.458388, 33.428832], [130.457653, 33.429053], [130.456811, 33.428978], [130.456584, 33.429852], [130.457894, 33.4308], [130.457627, 33.431938], [130.456903, 33.43305], [130.456751, 33.433674], [130.456346, 33.434239], [130.456395, 33.434747], [130.456102, 33.435989], [130.455504, 33.43621], [130.454835, 33.436034], [130.453939, 33.43602], [130.453692, 33.436111], [130.453686, 33.437685], [130.453772, 33.437926], [130.454206, 33.438342], [130.45524, 33.438929], [130.45667, 33.441274], [130.456851, 33.441969], [130.45738, 33.442239], [130.457811, 33.442027], [130.458017, 33.442066], [130.458485, 33.44278], [130.459591, 33.443374], [130.459813, 33.444243], [130.461177, 33.444977], [130.461338, 33.445521], [130.461185, 33.446482], [130.460636, 33.446821], [130.460071, 33.447468], [130.460421, 33.448643], [130.460159, 33.449661], [130.460518, 33.450241], [130.460335, 33.450424], [130.459389, 33.450715], [130.459097, 33.451008], [130.458249, 33.451454], [130.458106, 33.451747], [130.458132, 33.45226], [130.457908, 33.452669], [130.458275, 33.453627], [130.458221, 33.45426], [130.458531, 33.454534], [130.459464, 33.454869], [130.459528, 33.455398], [130.459361, 33.455624], [130.458456, 33.455857], [130.458318, 33.455987], [130.457936, 33.456924], [130.45748, 33.457456], [130.457925, 33.457834], [130.459272, 33.4585], [130.459774, 33.458883], [130.459973, 33.459805], [130.460533, 33.460192], [130.461041, 33.461008], [130.462038, 33.461501], [130.464388, 33.462156], [130.464276, 33.462823], [130.464531, 33.463591], [130.464281, 33.464412], [130.464359, 33.464948], [130.464755, 33.465208], [130.46562, 33.465384], [130.466258, 33.466351], [130.465528, 33.466616], [130.465269, 33.467039], [130.465178, 33.467882], [130.465763, 33.468286], [130.465804, 33.469032], [130.465491, 33.469617], [130.464839, 33.469519], [130.463773, 33.469035], [130.463233, 33.468929], [130.462495, 33.469417], [130.462291, 33.470113], [130.461705, 33.470271], [130.46099, 33.470697], [130.458962, 33.471145], [130.458657, 33.470996], [130.458103, 33.470416], [130.457468, 33.470567], [130.456443, 33.470444], [130.45569, 33.470627], [130.455337, 33.471154], [130.45561, 33.472249], [130.455211, 33.472906], [130.454596, 33.47318], [130.454582, 33.474126], [130.454099, 33.474588], [130.455418, 33.475149], [130.45607, 33.475729], [130.456144, 33.477], [130.455725, 33.477356], [130.455291, 33.478287], [130.453896, 33.479577], [130.453548, 33.480234], [130.453419, 33.481103], [130.452979, 33.481741], [130.453005, 33.482325], [130.453427, 33.483223], [130.452985, 33.484662], [130.452985, 33.485177], [130.452922, 33.485293], [130.452247, 33.485536], [130.452195, 33.486017], [130.452416, 33.486833], [130.45341, 33.488464], [130.453444, 33.488965], [130.453229, 33.4898], [130.452635, 33.490861], [130.451854, 33.49089], [130.451635, 33.491006], [130.451512, 33.492004], [130.451101, 33.49257], [130.451268, 33.494235], [130.450751, 33.495107], [130.450894, 33.495424], [130.4515, 33.495999], [130.451629, 33.496502], [130.450883, 33.49772], [130.450823, 33.498209], [130.450337, 33.498803], [130.449579, 33.498694], [130.449211, 33.498767], [130.448088, 33.499448], [130.447709, 33.50003], [130.447683, 33.501265], [130.447396, 33.501862], [130.447189, 33.502006], [130.446089, 33.502182], [130.445408, 33.503051], [130.445588, 33.503327], [130.446172, 33.503695], [130.446511, 33.5045], [130.447168, 33.504675], [130.447484, 33.505382], [130.448115, 33.505862], [130.448243, 33.506846], [130.447991, 33.507954], [130.448313, 33.508568], [130.443208, 33.511244], [130.4423, 33.511617], [130.440543, 33.512959], [130.439805, 33.513069], [130.439593, 33.513855], [130.438949, 33.513993], [130.438928, 33.514166], [130.438715, 33.514306], [130.438435, 33.515453], [130.437967, 33.515526], [130.437881, 33.515905], [130.437624, 33.515941], [130.437464, 33.516352], [130.436671, 33.516627], [130.436435, 33.516897], [130.435421, 33.519172], [130.435631, 33.519286], [130.435423, 33.519872], [130.434607, 33.520937], [130.434746, 33.521942], [130.434285, 33.522313], [130.434046, 33.522906]]]}}, {"type": "Feature", "properties": {"pref_code": "40", "pref_name": "福岡県", "municipality_code": "40341", "municipality_name": "宇美町", "ward_name": "", "display_name": "宇美町", "geometry_key": "40341"}, "geometry": {"type": "Polygon", "coordinates": [[[130.562909, 33.593323], [130.562153, 33.593424], [130.559799, 33.593357], [130.558278, 33.592521], [130.556131, 33.591745], [130.554836, 33.591112], [130.554021, 33.590444], [130.553481, 33.5897], [130.549725, 33.587496], [130.548869, 33.587276], [130.548321, 33.586949], [130.548179, 33.586627], [130.548353, 33.586398], [130.548228, 33.585911], [130.547034, 33.584955], [130.546793, 33.58412], [130.546359, 33.583589], [130.54673, 33.583159], [130.548022, 33.582372], [130.546556, 33.580888], [130.546461, 33.579989], [130.545756, 33.579543], [130.545873, 33.579242], [130.54578, 33.578927], [130.543729, 33.578162], [130.54303, 33.578284], [130.542754, 33.578113], [130.541243, 33.577801], [130.54051, 33.577965], [130.53922, 33.577896], [130.538976, 33.577804], [130.538836, 33.577467], [130.538408, 33.577346], [130.536261, 33.577562], [130.535329, 33.577247], [130.534633, 33.577264], [130.534128, 33.576776], [130.532794, 33.576209], [130.531938, 33.576012], [130.52991, 33.576035], [130.529293, 33.575639], [130.528891, 33.575806], [130.527937, 33.575721], [130.527175, 33.576265], [130.525019, 33.575607], [130.523095, 33.57578], [130.523004, 33.576006], [130.522781, 33.576107], [130.521569, 33.576009], [130.519952, 33.576061], [130.519701, 33.576113], [130.519272, 33.576585], [130.518591, 33.5767], [130.516018, 33.576713], [130.515884, 33.575396], [130.513596, 33.576653], [130.512596, 33.577374], [130.512289, 33.577301], [130.512156, 33.576613], [130.511961, 33.576613], [130.510906, 33.577485], [130.510864, 33.577256], [130.510416, 33.577275], [130.509345, 33.577965], [130.507466, 33.579511], [130.505732, 33.580327], [130.504858, 33.581132], [130.502672, 33.580936], [130.502218, 33.581316], [130.501833, 33.581367], [130.50058, 33.581089], [130.500063, 33.581322], [130.499693, 33.581139], [130.499118, 33.580467], [130.500364, 33.579911], [130.500528, 33.579612], [130.500759, 33.578304], [130.499903, 33.578314], [130.499471, 33.578016], [130.498873, 33.578334], [130.497776, 33.577342], [130.496855, 33.576747], [130.499648, 33.573496], [130.499117, 33.573425], [130.497664, 33.57289], [130.496754, 33.572695], [130.495877, 33.572672], [130.494756, 33.57326], [130.49345, 33.574557], [130.492629, 33.573621], [130.491444, 33.572671], [130.490347, 33.571571], [130.48933, 33.570733], [130.48819, 33.570037], [130.487311, 33.568621], [130.486968, 33.567708], [130.487114, 33.566997], [130.487631, 33.566942], [130.488485, 33.566527], [130.487761, 33.565767], [130.487735, 33.565514], [130.488018, 33.56517], [130.488253, 33.564001], [130.487901, 33.563826], [130.487765, 33.563482], [130.488113, 33.562527], [130.487723, 33.56218], [130.486937, 33.560834], [130.485641, 33.560283], [130.485669, 33.560186], [130.486601, 33.560118], [130.487487, 33.560754], [130.488458, 33.56044], [130.488551, 33.560265], [130.488286, 33.559666], [130.488708, 33.558904], [130.489107, 33.558589], [130.489886, 33.559394], [130.491557, 33.560001], [130.49319, 33.558917], [130.493469, 33.559081], [130.494859, 33.559189], [130.495543, 33.559514], [130.49642, 33.5602], [130.498023, 33.560443], [130.498766, 33.560666], [130.499965, 33.560467], [130.501858, 33.559822], [130.501979, 33.559101], [130.502544, 33.558624], [130.503009, 33.557979], [130.503444, 33.556869], [130.503479, 33.555964], [130.504339, 33.55422], [130.504131, 33.553969], [130.504278, 33.55311], [130.504146, 33.552783], [130.503267, 33.551859], [130.502948, 33.551319], [130.502888, 33.550774], [130.503024, 33.550267], [130.504565, 33.549633], [130.505193, 33.549016], [130.505628, 33.549007], [130.507115, 33.547954], [130.508944, 33.548058], [130.509045, 33.547954], [130.509383, 33.54722], [130.509388, 33.546931], [130.509019, 33.545377], [130.509075, 33.545017], [130.508292, 33.542666], [130.508479, 33.541916], [130.50912, 33.541116], [130.510072, 33.540888], [130.512164, 33.539883], [130.513434, 33.538229], [130.514576, 33.537883], [130.514321, 33.536976], [130.514201, 33.536016], [130.513949, 33.535273], [130.513977, 33.534326], [130.514346, 33.533428], [130.514865, 33.533104], [130.515213, 33.533056], [130.516102, 33.532228], [130.515976, 33.531425], [130.516339, 33.530992], [130.516766, 33.530829], [130.517255, 33.530973], [130.517674, 33.531255], [130.51831, 33.531301], [130.518881, 33.530581], [130.519293, 33.530443], [130.52016, 33.529814], [130.521244, 33.530686], [130.522081, 33.530672], [130.522193, 33.531099], [130.52257, 33.531394], [130.524091, 33.531805], [130.52472, 33.532743], [130.526244, 33.533444], [130.526887, 33.534427], [130.527751, 33.53521], [130.528373, 33.535374], [130.529239, 33.535839], [130.529561, 33.536186], [130.529617, 33.536658], [130.528498, 33.537419], [130.528484, 33.53791], [130.528715, 33.538647], [130.527624, 33.540253], [130.527974, 33.540607], [130.528169, 33.541826], [130.528497, 33.542111], [130.52877, 33.542622], [130.529546, 33.542917], [130.52986, 33.54335], [130.530846, 33.543769], [130.531076, 33.543763], [130.531405, 33.543382], [130.531566, 33.54335], [130.532744, 33.543736], [130.533296, 33.543402], [130.534247, 33.543782], [130.534785, 33.544628], [130.535652, 33.545303], [130.536121, 33.545504], [130.536429, 33.546061], [130.53717, 33.546487], [130.537457, 33.546533], [130.538295, 33.547228], [130.538673, 33.547149], [130.538966, 33.547267], [130.539023, 33.54747], [130.54069, 33.547769], [130.541368, 33.548417], [130.541333, 33.548863], [130.541676, 33.549276], [130.541717, 33.551862], [130.540662, 33.552616], [130.539872, 33.552793], [130.539711, 33.553075], [130.540798, 33.554102], [130.540466, 33.554535], [130.540672, 33.554906], [130.541766, 33.554971], [130.543316, 33.554767], [130.543893, 33.555141], [130.544707, 33.555452], [130.547072, 33.555832], [130.549195, 33.556441], [130.55031, 33.555913], [130.55105, 33.555166], [130.551462, 33.555232], [130.553264, 33.554888], [130.553827, 33.554901], [130.554389, 33.554419], [130.554466, 33.553854], [130.554623, 33.553726], [130.555949, 33.552832], [130.556481, 33.552658], [130.556712, 33.552304], [130.557549, 33.552108], [130.557903, 33.551832], [130.558056, 33.551564], [130.558636, 33.551096], [130.558782, 33.55066], [130.560169, 33.549409], [130.560944, 33.548192], [130.561895, 33.548051], [130.561948, 33.547834], [130.56269, 33.547006], [130.563508, 33.546836], [130.564029, 33.546541], [130.564944, 33.546325], [130.565147, 33.546092], [130.565517, 33.545111], [130.565992, 33.544904], [130.566793, 33.544718], [130.567108, 33.544757], [130.568163, 33.544436], [130.570226, 33.544236], [130.57047, 33.544069], [130.570766, 33.543432], [130.572156, 33.542477], [130.572473, 33.542462], [130.573075, 33.542871], [130.574046, 33.543112], [130.574733, 33.543791], [130.574779, 33.544166], [130.575219, 33.544768], [130.575936, 33.547177], [130.576447, 33.547732], [130.577139, 33.54943], [130.57773, 33.55002], [130.57817, 33.55075], [130.578631, 33.551068], [130.578847, 33.552247], [130.579288, 33.553086], [130.580061, 33.553356], [130.580595, 33.553862], [130.581186, 33.554071], [130.582036, 33.55418], [130.583704, 33.554682], [130.584089, 33.554677], [130.584256, 33.555099], [130.582537, 33.556369], [130.582107, 33.557133], [130.58148, 33.557559], [130.580414, 33.558757], [130.58054, 33.559353], [130.580464, 33.559723], [130.580768, 33.560511], [130.580945, 33.561545], [130.580055, 33.563539], [130.579539, 33.564352], [130.579378, 33.565495], [130.577473, 33.567063], [130.576769, 33.567191], [130.575057, 33.567991], [130.574759, 33.568276], [130.574814, 33.568663], [130.575068, 33.569], [130.575037, 33.569209], [130.574718, 33.569792], [130.574693, 33.570554], [130.57444, 33.571616], [130.574132, 33.572056], [130.574116, 33.572611], [130.573813, 33.573028], [130.574015, 33.573929], [130.573732, 33.574292], [130.573434, 33.575198], [130.573813, 33.575762], [130.573859, 33.576089], [130.572706, 33.576941], [130.571983, 33.577136], [130.571619, 33.577397], [130.570772, 33.577628], [130.56929, 33.578282], [130.568522, 33.578807], [130.568511, 33.579021], [130.568178, 33.579338], [130.568653, 33.580537], [130.568279, 33.581258], [130.568269, 33.582508], [130.567409, 33.583523], [130.567182, 33.584806], [130.566542, 33.586628], [130.56651, 33.587208], [130.567006, 33.588134], [130.56719, 33.589414], [130.566811, 33.589829], [130.566296, 33.590935], [130.565961, 33.591085], [130.565352, 33.591646], [130.564885, 33.591706], [130.564262, 33.592769], [130.562909, 33.593323]]]}}, {"type": "Feature", "properties": {"pref_code": "40", "pref_name": "福岡県", "municipality_code": "40342", "municipality_name": "篠栗町", "ward_name": "", "display_name": "篠栗町", "geometry_key": "40342"}, "geometry": {"type": "Polygon", "coordinates": [[[130.575059, 33.638066], [130.574883, 33.638125], [130.574649, 33.638644], [130.573749, 33.639513], [130.573497, 33.640537], [130.573114, 33.641389], [130.572728, 33.641647], [130.571913, 33.641883], [130.571625, 33.642191], [130.571385, 33.642864], [130.571052, 33.643151], [130.570647, 33.643286], [130.570373, 33.643645], [130.569346, 33.643818], [130.569037, 33.644558], [130.568466, 33.644773], [130.568151, 33.645334], [130.567363, 33.645769], [130.566423, 33.646542], [130.566112, 33.647061], [130.565959, 33.647664], [130.566819, 33.648386], [130.567489, 33.648622], [130.567629, 33.649736], [130.568819, 33.650928], [130.57102, 33.652084], [130.571219, 33.652756], [130.571174, 33.653018], [130.572925, 33.653495], [130.573959, 33.654107], [130.575133, 33.656198], [130.575201, 33.657859], [130.57489, 33.658357], [130.574256, 33.658479], [130.574337, 33.659218], [130.574028, 33.659776], [130.57343, 33.659979], [130.572647, 33.66092], [130.571024, 33.662271], [130.570529, 33.663259], [130.568413, 33.663955], [130.567112, 33.664666], [130.566234, 33.664927], [130.565649, 33.665417], [130.565197, 33.665329], [130.564494, 33.665544], [130.562749, 33.665392], [130.562049, 33.665748], [130.561718, 33.664667], [130.561048, 33.663755], [130.560125, 33.663557], [130.559414, 33.662966], [130.558519, 33.662569], [130.557742, 33.661644], [130.556788, 33.660994], [130.55637, 33.660357], [130.555546, 33.659969], [130.55524, 33.659332], [130.554063, 33.658553], [130.551672, 33.657672], [130.550771, 33.657064], [130.549857, 33.656892], [130.549101, 33.656364], [130.548975, 33.654587], [130.547558, 33.65349], [130.547238, 33.652844], [130.547602, 33.65161], [130.548119, 33.650548], [130.548043, 33.64951], [130.548164, 33.648822], [130.547823, 33.647201], [130.546907, 33.646346], [130.546384, 33.646351], [130.545268, 33.646005], [130.544334, 33.64513], [130.543052, 33.644344], [130.542231, 33.644361], [130.541478, 33.644234], [130.540662, 33.644784], [130.53947, 33.643737], [130.538298, 33.643349], [130.537567, 33.643907], [130.537112, 33.643729], [130.536423, 33.643097], [130.53626, 33.642729], [130.536283, 33.640841], [130.536111, 33.638981], [130.535388, 33.638387], [130.534793, 33.638159], [130.534423, 33.637525], [130.533882, 33.637195], [130.53195, 33.636561], [130.530451, 33.636857], [130.529369, 33.636384], [130.528995, 33.636067], [130.528544, 33.636282], [130.527878, 33.637051], [130.527716, 33.637833], [130.527256, 33.638277], [130.526882, 33.638243], [130.526313, 33.637841], [130.525783, 33.637867], [130.525103, 33.638742], [130.524003, 33.638996], [130.523457, 33.638822], [130.521942, 33.637862], [130.520894, 33.638027], [130.520038, 33.637575], [130.519794, 33.637613], [130.518908, 33.638247], [130.516295, 33.63954], [130.515794, 33.639747], [130.515222, 33.639781], [130.514496, 33.639713], [130.513875, 33.639451], [130.513371, 33.638361], [130.512569, 33.637795], [130.511793, 33.637], [130.51118, 33.636805], [130.510914, 33.637312], [130.510414, 33.637791], [130.509922, 33.638129], [130.509168, 33.638336], [130.508437, 33.638133], [130.508122, 33.63793], [130.50667, 33.636683], [130.505998, 33.636793], [130.505383, 33.636485], [130.504914, 33.636497], [130.504337, 33.636742], [130.500259, 33.635061], [130.499523, 33.635228], [130.498499, 33.634822], [130.497962, 33.634889], [130.497963, 33.63465], [130.498401, 33.634284], [130.49803, 33.633788], [130.497661, 33.63236], [130.496936, 33.631291], [130.496212, 33.629789], [130.496157, 33.628154], [130.496458, 33.627432], [130.497662, 33.626897], [130.497985, 33.626891], [130.498951, 33.627273], [130.499151, 33.627247], [130.499435, 33.626239], [130.499839, 33.626266], [130.49998, 33.626088], [130.499924, 33.625263], [130.499559, 33.624485], [130.499656, 33.624212], [130.499473, 33.624149], [130.49987, 33.622949], [130.498434, 33.622577], [130.497598, 33.622652], [130.497621, 33.621774], [130.4979, 33.621591], [130.498138, 33.621182], [130.499, 33.620792], [130.499482, 33.61976], [130.499739, 33.616511], [130.499591, 33.615881], [130.499707, 33.615232], [130.499525, 33.614927], [130.500164, 33.614437], [130.500448, 33.613277], [130.500623, 33.613039], [130.501635, 33.612315], [130.501888, 33.612208], [130.503713, 33.612473], [130.504853, 33.611986], [130.505613, 33.611794], [130.506644, 33.611196], [130.506989, 33.610498], [130.508418, 33.609199], [130.508719, 33.609031], [130.509814, 33.608816], [130.511865, 33.607914], [130.51205, 33.607764], [130.512118, 33.607371], [130.5126, 33.606878], [130.514194, 33.606091], [130.514437, 33.605634], [130.514972, 33.605146], [130.515707, 33.603854], [130.516563, 33.603137], [130.518072, 33.60243], [130.519043, 33.60213], [130.519777, 33.60208], [130.520872, 33.602289], [130.523015, 33.601966], [130.524095, 33.601546], [130.524504, 33.600861], [130.524878, 33.600587], [130.525049, 33.600579], [130.525482, 33.600925], [130.52572, 33.600976], [130.526998, 33.600752], [130.527299, 33.600209], [130.528764, 33.600122], [130.529178, 33.600323], [130.529494, 33.600793], [130.529689, 33.600886], [130.530882, 33.600534], [130.531223, 33.600375], [130.531768, 33.599841], [130.532068, 33.598872], [130.533518, 33.598416], [130.534039, 33.598032], [130.535394, 33.595854], [130.535866, 33.595552], [130.53737, 33.595548], [130.538017, 33.595393], [130.539925, 33.595904], [130.541011, 33.596027], [130.543385, 33.597131], [130.54469, 33.597592], [130.545473, 33.597642], [130.546929, 33.59745], [130.547571, 33.597514], [130.547917, 33.597642], [130.5487, 33.598262], [130.549785, 33.598472], [130.550579, 33.598786], [130.55092, 33.598631], [130.551591, 33.598672], [130.553616, 33.598503], [130.555061, 33.598914], [130.556318, 33.598964], [130.558138, 33.599493], [130.558966, 33.599547], [130.559691, 33.599957], [130.560834, 33.600136], [130.561306, 33.600419], [130.562112, 33.601151], [130.563192, 33.602789], [130.564374, 33.603127], [130.564932, 33.603749], [130.566455, 33.604648], [130.567169, 33.605741], [130.567266, 33.606348], [130.56767, 33.606795], [130.568088, 33.606941], [130.569543, 33.60674], [130.570265, 33.605916], [130.570844, 33.605879], [130.571438, 33.605642], [130.572859, 33.605555], [130.573798, 33.605099], [130.573983, 33.604843], [130.575309, 33.604501], [130.576034, 33.604497], [130.57686, 33.603911], [130.576844, 33.603535], [130.577999, 33.603554], [130.578797, 33.603262], [130.579474, 33.602778], [130.580569, 33.60265], [130.580845, 33.602686], [130.580957, 33.602828], [130.581152, 33.60349], [130.580509, 33.604626], [130.580514, 33.604859], [130.580941, 33.605596], [130.581409, 33.605938], [130.581491, 33.607791], [130.581666, 33.607968], [130.582192, 33.607013], [130.582693, 33.606999], [130.584176, 33.60545], [130.584464, 33.604564], [130.58512, 33.603572], [130.585519, 33.603252], [130.585246, 33.602545], [130.585256, 33.602189], [130.585407, 33.601685], [130.585543, 33.601571], [130.585786, 33.601635], [130.586456, 33.602236], [130.587424, 33.602865], [130.587989, 33.603504], [130.588276, 33.603952], [130.588208, 33.604472], [130.589142, 33.605478], [130.589531, 33.605634], [130.589585, 33.606195], [130.58975, 33.606373], [130.589916, 33.606473], [130.59096, 33.606544], [130.591238, 33.606955], [130.591563, 33.608014], [130.593311, 33.608558], [130.593844, 33.609334], [130.593854, 33.609832], [130.594307, 33.609923], [130.594759, 33.610211], [130.595377, 33.611188], [130.596806, 33.612673], [130.597969, 33.612705], [130.598769, 33.612993], [130.598306, 33.613639], [130.597917, 33.61394], [130.597503, 33.614939], [130.596744, 33.615908], [130.596325, 33.616165], [130.595072, 33.616212], [130.594194, 33.61657], [130.593469, 33.617414], [130.592875, 33.617625], [130.592772, 33.617992], [130.591656, 33.618991], [130.590095, 33.618796], [130.589014, 33.618463], [130.587169, 33.619071], [130.586851, 33.619033], [130.586001, 33.618581], [130.585488, 33.618497], [130.584956, 33.618501], [130.584479, 33.618733], [130.583399, 33.620019], [130.584681, 33.620781], [130.584915, 33.622206], [130.586265, 33.624597], [130.587232, 33.625797], [130.587358, 33.626232], [130.587322, 33.626586], [130.586701, 33.627464], [130.586768, 33.627789], [130.586444, 33.628908], [130.586526, 33.629305], [130.586224, 33.62963], [130.585931, 33.630791], [130.585847, 33.632232], [130.585631, 33.632464], [130.585091, 33.632683], [130.58424, 33.632776], [130.582696, 33.633421], [130.582286, 33.634028], [130.581512, 33.634332], [130.579853, 33.635715], [130.578917, 33.636259], [130.577546, 33.637814], [130.575889, 33.637784], [130.575059, 33.638066]]]}}, {"type": "Feature", "properties": {"pref_code": "40", "pref_name": "福岡県", "municipality_code": "40343", "municipality_name": "志免町", "ward_name": "", "display_name": "志免町", "geometry_key": "40343"}, "geometry": {"type": "Polygon", "coordinates": [[[130.442411, 33.606678], [130.442278, 33.606395], [130.443082, 33.60592], [130.442984, 33.605732], [130.443383, 33.605301], [130.444024, 33.605456], [130.445214, 33.604857], [130.446769, 33.604848], [130.448013, 33.604078], [130.448869, 33.602922], [130.449366, 33.602694], [130.450086, 33.60278], [130.450439, 33.602677], [130.45064, 33.602394], [130.450516, 33.602106], [130.450544, 33.601306], [130.450852, 33.601202], [130.451567, 33.601224], [130.451656, 33.600932], [130.452187, 33.600795], [130.453747, 33.598781], [130.454078, 33.598153], [130.455126, 33.597344], [130.455507, 33.596154], [130.456152, 33.596304], [130.456079, 33.596611], [130.456724, 33.596627], [130.457591, 33.596947], [130.459242, 33.59688], [130.460382, 33.595622], [130.460453, 33.595039], [130.460701, 33.594522], [130.46203, 33.593605], [130.462335, 33.593213], [130.462547, 33.592869], [130.462612, 33.592291], [130.463145, 33.591921], [130.463526, 33.591193], [130.464369, 33.590682], [130.465025, 33.590026], [130.465791, 33.589807], [130.466017, 33.589345], [130.466402, 33.588985], [130.467384, 33.586953], [130.467882, 33.586761], [130.469276, 33.587125], [130.469849, 33.586543], [130.470529, 33.586193], [130.471207, 33.585582], [130.473048, 33.583583], [130.473179, 33.58354], [130.473414, 33.583716], [130.473836, 33.582499], [130.47392, 33.581737], [130.474304, 33.58131], [130.475206, 33.580848], [130.475289, 33.580698], [130.47529, 33.579967], [130.47512, 33.579712], [130.47523, 33.57936], [130.475759, 33.57875], [130.47585, 33.578372], [130.477044, 33.577696], [130.477526, 33.577723], [130.478494, 33.575878], [130.478978, 33.57526], [130.478737, 33.574882], [130.478698, 33.574416], [130.479211, 33.574088], [130.479331, 33.573805], [130.479188, 33.573319], [130.479383, 33.57259], [130.478507, 33.571866], [130.478456, 33.571531], [130.477618, 33.570265], [130.4773, 33.568996], [130.477457, 33.568966], [130.477234, 33.56832], [130.477407, 33.56829], [130.477279, 33.567211], [130.478218, 33.567156], [130.478941, 33.567277], [130.479641, 33.567033], [130.480696, 33.567604], [130.481439, 33.567769], [130.482509, 33.567422], [130.481596, 33.566198], [130.481647, 33.564881], [130.482402, 33.564216], [130.482578, 33.563308], [130.482793, 33.562926], [130.483449, 33.562302], [130.484868, 33.561515], [130.485641, 33.560283], [130.486937, 33.560834], [130.487723, 33.56218], [130.488113, 33.562527], [130.487765, 33.563482], [130.487901, 33.563826], [130.488253, 33.564001], [130.488018, 33.56517], [130.487735, 33.565514], [130.487761, 33.565767], [130.488485, 33.566527], [130.487631, 33.566942], [130.487114, 33.566997], [130.486968, 33.567708], [130.487311, 33.568621], [130.48819, 33.570037], [130.48933, 33.570733], [130.490347, 33.571571], [130.491444, 33.572671], [130.492629, 33.573621], [130.49345, 33.574557], [130.494756, 33.57326], [130.495877, 33.572672], [130.496754, 33.572695], [130.497664, 33.57289], [130.499117, 33.573425], [130.499648, 33.573496], [130.496855, 33.576747], [130.497776, 33.577342], [130.498873, 33.578334], [130.499471, 33.578016], [130.499903, 33.578314], [130.500759, 33.578304], [130.500528, 33.579612], [130.500364, 33.579911], [130.499118, 33.580467], [130.497663, 33.581654], [130.496907, 33.582099], [130.496729, 33.582166], [130.49601, 33.58197], [130.495845, 33.582595], [130.495444, 33.583072], [130.49424, 33.583643], [130.49357, 33.584447], [130.492567, 33.585221], [130.491808, 33.58547], [130.491859, 33.58619], [130.492031, 33.586262], [130.49224, 33.586715], [130.493071, 33.587154], [130.493418, 33.587501], [130.493774, 33.587596], [130.493816, 33.587955], [130.493285, 33.588362], [130.491526, 33.58925], [130.490686, 33.590077], [130.490111, 33.590088], [130.490406, 33.590488], [130.490785, 33.590668], [130.490694, 33.590942], [130.490059, 33.591029], [130.489689, 33.591264], [130.489567, 33.591429], [130.489606, 33.592194], [130.489434, 33.592536], [130.488619, 33.593267], [130.488738, 33.593439], [130.485745, 33.594948], [130.48458, 33.594658], [130.484276, 33.594772], [130.482575, 33.594841], [130.48178, 33.594316], [130.480982, 33.593967], [130.480258, 33.593416], [130.480097, 33.593149], [130.479408, 33.592835], [130.476406, 33.595975], [130.477213, 33.596491], [130.476758, 33.597121], [130.475209, 33.598668], [130.474834, 33.598652], [130.474319, 33.598303], [130.472843, 33.599867], [130.473486, 33.600313], [130.47352, 33.600746], [130.4733, 33.600948], [130.471971, 33.601451], [130.471219, 33.601264], [130.470492, 33.600671], [130.469081, 33.602042], [130.468461, 33.601682], [130.467578, 33.60202], [130.466628, 33.602644], [130.465801, 33.603567], [130.465102, 33.603802], [130.464397, 33.603444], [130.463702, 33.604127], [130.462269, 33.605122], [130.462272, 33.605405], [130.461699, 33.606252], [130.461107, 33.606639], [130.46073, 33.607224], [130.458949, 33.609066], [130.458683, 33.608936], [130.458039, 33.609671], [130.457404, 33.609559], [130.455745, 33.609964], [130.454231, 33.60983], [130.448669, 33.606508], [130.448531, 33.606438], [130.448409, 33.606579], [130.447601, 33.606095], [130.447147, 33.606517], [130.446466, 33.606155], [130.445774, 33.606432], [130.444469, 33.607469], [130.443978, 33.607266], [130.442976, 33.606581], [130.442411, 33.606678]]]}}, {"type": "Feature", "properties": {"pref_code": "40", "pref_name": "福岡県", "municipality_code": "40344", "municipality_name": "須恵町", "ward_name": "", "display_name": "須恵町", "geometry_key": "40344"}, "geometry": {"type": "Polygon", "coordinates": [[[130.558138, 33.599493], [130.556318, 33.598964], [130.555061, 33.598914], [130.553616, 33.598503], [130.551591, 33.598672], [130.55092, 33.598631], [130.550579, 33.598786], [130.549785, 33.598472], [130.5487, 33.598262], [130.547917, 33.597642], [130.547571, 33.597514], [130.546929, 33.59745], [130.545473, 33.597642], [130.54469, 33.597592], [130.543385, 33.597131], [130.541011, 33.596027], [130.539925, 33.595904], [130.538017, 33.595393], [130.53737, 33.595548], [130.535866, 33.595552], [130.535394, 33.595854], [130.534039, 33.598032], [130.533518, 33.598416], [130.532068, 33.598872], [130.531768, 33.599841], [130.531223, 33.600375], [130.530882, 33.600534], [130.529689, 33.600886], [130.529494, 33.600793], [130.529178, 33.600323], [130.528764, 33.600122], [130.527299, 33.600209], [130.526998, 33.600752], [130.52572, 33.600976], [130.525482, 33.600925], [130.525049, 33.600579], [130.524878, 33.600587], [130.524504, 33.600861], [130.524095, 33.601546], [130.523015, 33.601966], [130.520872, 33.602289], [130.519777, 33.60208], [130.519043, 33.60213], [130.518072, 33.60243], [130.516563, 33.603137], [130.515707, 33.603854], [130.514972, 33.605146], [130.514437, 33.605634], [130.514194, 33.606091], [130.5126, 33.606878], [130.512118, 33.607371], [130.51205, 33.607764], [130.511865, 33.607914], [130.509814, 33.608816], [130.508719, 33.609031], [130.508418, 33.609199], [130.506989, 33.610498], [130.506644, 33.611196], [130.505613, 33.611794], [130.504853, 33.611986], [130.503713, 33.612473], [130.501888, 33.612208], [130.501635, 33.612315], [130.500623, 33.613039], [130.500448, 33.613277], [130.500164, 33.614437], [130.499525, 33.614927], [130.499077, 33.614934], [130.498714, 33.614778], [130.497662, 33.615131], [130.495494, 33.614911], [130.495715, 33.614321], [130.495544, 33.613945], [130.495933, 33.613247], [130.495717, 33.612764], [130.495706, 33.612221], [130.493674, 33.611124], [130.492912, 33.610456], [130.492149, 33.61036], [130.490723, 33.60989], [130.490106, 33.609854], [130.489518, 33.609677], [130.489333, 33.609506], [130.489205, 33.608934], [130.489236, 33.60801], [130.489029, 33.607049], [130.489457, 33.605992], [130.489022, 33.604167], [130.488664, 33.603908], [130.488836, 33.603113], [130.488304, 33.60239], [130.489126, 33.601997], [130.489029, 33.601275], [130.489198, 33.600396], [130.489414, 33.599989], [130.490123, 33.599476], [130.490167, 33.598896], [130.491249, 33.59885], [130.491244, 33.598424], [130.491936, 33.598339], [130.491733, 33.596908], [130.492001, 33.596742], [130.492062, 33.596509], [130.491445, 33.596474], [130.491013, 33.595905], [130.491188, 33.595729], [130.490172, 33.594924], [130.490377, 33.594479], [130.489779, 33.594029], [130.4903, 33.593437], [130.491034, 33.593017], [130.490976, 33.592826], [130.48991, 33.593312], [130.489259, 33.593237], [130.488738, 33.593439], [130.488619, 33.593267], [130.489434, 33.592536], [130.489606, 33.592194], [130.489567, 33.591429], [130.489689, 33.591264], [130.490059, 33.591029], [130.490694, 33.590942], [130.490785, 33.590668], [130.490406, 33.590488], [130.490111, 33.590088], [130.490686, 33.590077], [130.491526, 33.58925], [130.493285, 33.588362], [130.493816, 33.587955], [130.493774, 33.587596], [130.493418, 33.587501], [130.493071, 33.587154], [130.49224, 33.586715], [130.492031, 33.586262], [130.491859, 33.58619], [130.491808, 33.58547], [130.492567, 33.585221], [130.49357, 33.584447], [130.49424, 33.583643], [130.495444, 33.583072], [130.495845, 33.582595], [130.49601, 33.58197], [130.496729, 33.582166], [130.496907, 33.582099], [130.497663, 33.581654], [130.499118, 33.580467], [130.499693, 33.581139], [130.500063, 33.581322], [130.50058, 33.581089], [130.501833, 33.581367], [130.502218, 33.581316], [130.502672, 33.580936], [130.504858, 33.581132], [130.505732, 33.580327], [130.507466, 33.579511], [130.509345, 33.577965], [130.510416, 33.577275], [130.510864, 33.577256], [130.510906, 33.577485], [130.511961, 33.576613], [130.512156, 33.576613], [130.512289, 33.577301], [130.512596, 33.577374], [130.513596, 33.576653], [130.515884, 33.575396], [130.516018, 33.576713], [130.518591, 33.5767], [130.519272, 33.576585], [130.519701, 33.576113], [130.519952, 33.576061], [130.521569, 33.576009], [130.522781, 33.576107], [130.523004, 33.576006], [130.523095, 33.57578], [130.525019, 33.575607], [130.527175, 33.576265], [130.527937, 33.575721], [130.528891, 33.575806], [130.529293, 33.575639], [130.52991, 33.576035], [130.531938, 33.576012], [130.532794, 33.576209], [130.534128, 33.576776], [130.534633, 33.577264], [130.535329, 33.577247], [130.536261, 33.577562], [130.538408, 33.577346], [130.538836, 33.577467], [130.538976, 33.577804], [130.53922, 33.577896], [130.54051, 33.577965], [130.541243, 33.577801], [130.542754, 33.578113], [130.54303, 33.578284], [130.543729, 33.578162], [130.54578, 33.578927], [130.545873, 33.579242], [130.545756, 33.579543], [130.546461, 33.579989], [130.546556, 33.580888], [130.548022, 33.582372], [130.54673, 33.583159], [130.546359, 33.583589], [130.546793, 33.58412], [130.547034, 33.584955], [130.548228, 33.585911], [130.548353, 33.586398], [130.548179, 33.586627], [130.548321, 33.586949], [130.548869, 33.587276], [130.549725, 33.587496], [130.553481, 33.5897], [130.554021, 33.590444], [130.554836, 33.591112], [130.556131, 33.591745], [130.558278, 33.592521], [130.559799, 33.593357], [130.562153, 33.593424], [130.562909, 33.593323], [130.562834, 33.593726], [130.560136, 33.596238], [130.559771, 33.596384], [130.559323, 33.597183], [130.558831, 33.597589], [130.558415, 33.598329], [130.558424, 33.598722], [130.558181, 33.599078], [130.558138, 33.599493]]]}}, {"type": "Feature", "properties": {"pref_code": "40", "pref_name": "福岡県", "municipality_code": "40345", "municipality_name": "新宮町", "ward_name": "", "display_name": "新宮町", "geometry_key": "40345"}, "geometry": {"type": "MultiPolygon", "coordinates": [[[[130.358966, 33.761105], [130.359378, 33.759138], [130.359735, 33.758276], [130.360174, 33.757668], [130.361044, 33.757025], [130.361732, 33.756772], [130.362285, 33.755639], [130.362663, 33.755222], [130.364674, 33.754901], [130.364957, 33.754918], [130.36516, 33.755177], [130.36522, 33.756056], [130.364849, 33.756738], [130.36491, 33.756822], [130.364323, 33.757301], [130.364357, 33.75751], [130.364208, 33.757431], [130.364121, 33.757521], [130.364283, 33.758147], [130.364829, 33.758812], [130.365126, 33.758671], [130.365294, 33.758846], [130.365342, 33.758947], [130.365106, 33.759155], [130.365808, 33.760029], [130.367177, 33.7607], [130.36711, 33.760947], [130.367825, 33.761196], [130.369269, 33.761122], [130.369478, 33.761043], [130.369572, 33.760784], [130.370234, 33.760412], [130.370874, 33.760344], [130.371589, 33.760068], [130.372123, 33.760041], [130.372669, 33.759747], [130.373128, 33.759747], [130.37333, 33.759623], [130.375145, 33.759883], [130.376326, 33.759821], [130.376724, 33.75964], [130.377486, 33.758795], [130.378384, 33.758254], [130.378296, 33.758114], [130.378458, 33.758074], [130.379018, 33.75822], [130.379929, 33.758107], [130.380448, 33.758215], [130.38086, 33.758575], [130.38086, 33.759246], [130.38115, 33.759494], [130.381035, 33.75977], [130.380718, 33.759928], [130.379828, 33.759764], [130.379295, 33.759843], [130.378627, 33.759477], [130.37806, 33.759618], [130.377797, 33.759792], [130.377331, 33.761291], [130.376704, 33.762272], [130.372474, 33.764932], [130.372075, 33.765101], [130.371603, 33.765124], [130.371239, 33.765377], [130.370132, 33.765771], [130.369538, 33.765771], [130.369275, 33.766053], [130.368216, 33.766363], [130.366327, 33.766279], [130.365544, 33.766673], [130.363412, 33.767169], [130.363163, 33.767017], [130.362002, 33.766808], [130.361543, 33.76638], [130.361631, 33.765901], [130.360767, 33.76505], [130.360363, 33.764436], [130.36041, 33.763399], [130.359829, 33.763078], [130.359647, 33.762779], [130.359364, 33.762627], [130.359148, 33.762221], [130.358966, 33.761105]]], [[[130.384288, 33.758891], [130.384416, 33.758756], [130.384584, 33.758784], [130.384632, 33.758643], [130.384848, 33.758632], [130.384976, 33.758908], [130.384537, 33.759032], [130.384288, 33.758891]]], [[[130.384429, 33.758626], [130.384591, 33.758542], [130.384544, 33.758626], [130.384429, 33.758626]]], [[[130.38424, 33.758446], [130.384328, 33.758434], [130.384281, 33.758525], [130.38424, 33.758446]]], [[[130.418032, 33.712544], [130.421513, 33.711732], [130.422808, 33.711131], [130.423753, 33.711086], [130.424332, 33.710879], [130.424258, 33.710565], [130.423143, 33.709117], [130.423257, 33.708679], [130.423544, 33.708455], [130.424016, 33.708949], [130.424813, 33.708933], [130.425269, 33.709084], [130.425214, 33.709637], [130.425332, 33.709856], [130.425499, 33.709858], [130.426205, 33.709566], [130.426492, 33.70852], [130.427024, 33.708363], [130.427259, 33.708796], [130.427816, 33.708976], [130.428051, 33.709384], [130.428102, 33.70979], [130.428301, 33.709768], [130.429051, 33.709317], [130.42879, 33.708773], [130.42877, 33.708334], [130.43057, 33.708244], [130.430481, 33.707441], [130.430035, 33.706964], [130.431279, 33.706179], [130.432425, 33.706169], [130.432608, 33.705804], [130.433319, 33.705247], [130.433501, 33.704722], [130.434594, 33.704044], [130.43557, 33.702933], [130.436018, 33.702631], [130.436646, 33.702432], [130.437741, 33.702527], [130.438835, 33.702216], [130.438887, 33.701239], [130.439066, 33.700913], [130.43981, 33.700756], [130.439984, 33.700864], [130.440314, 33.700802], [130.44041, 33.700498], [130.440306, 33.699575], [130.441232, 33.698869], [130.441518, 33.699301], [130.44182, 33.699136], [130.442371, 33.699804], [130.441589, 33.700251], [130.441904, 33.700658], [130.441591, 33.700848], [130.441684, 33.701073], [130.442214, 33.700771], [130.442344, 33.700914], [130.442961, 33.700659], [130.443846, 33.700082], [130.444317, 33.698963], [130.445418, 33.699006], [130.446131, 33.698529], [130.447844, 33.697819], [130.446978, 33.696322], [130.447697, 33.695805], [130.448324, 33.692126], [130.448536, 33.691789], [130.449169, 33.6914], [130.450139, 33.690307], [130.450187, 33.689948], [130.450872, 33.688862], [130.450987, 33.688474], [130.451545, 33.687847], [130.451741, 33.686633], [130.452342, 33.686024], [130.452363, 33.685301], [130.452807, 33.684997], [130.452949, 33.684744], [130.453022, 33.683842], [130.453271, 33.683149], [130.453595, 33.682845], [130.454133, 33.682604], [130.454513, 33.682077], [130.454381, 33.680944], [130.455161, 33.679529], [130.455898, 33.679888], [130.456966, 33.680076], [130.457637, 33.679923], [130.458428, 33.680175], [130.459343, 33.680205], [130.460093, 33.680408], [130.460556, 33.68072], [130.46078, 33.681383], [130.46097, 33.681556], [130.462249, 33.682239], [130.463198, 33.682297], [130.464183, 33.682917], [130.464636, 33.682989], [130.465274, 33.682872], [130.465999, 33.682398], [130.466176, 33.681517], [130.466975, 33.680267], [130.468771, 33.679537], [130.46923, 33.679527], [130.469622, 33.679351], [130.470096, 33.678821], [130.470298, 33.6783], [130.470649, 33.677967], [130.472129, 33.677103], [130.472834, 33.677085], [130.473208, 33.676932], [130.473574, 33.676622], [130.473783, 33.676119], [130.475253, 33.67558], [130.475929, 33.6755], [130.477539, 33.675857], [130.478564, 33.675714], [130.480205, 33.675829], [130.482067, 33.675777], [130.48345, 33.675487], [130.486263, 33.674113], [130.487605, 33.674295], [130.488563, 33.674274], [130.489584, 33.674701], [130.489823, 33.674918], [130.490048, 33.67554], [130.49125, 33.676255], [130.492308, 33.678234], [130.493403, 33.679342], [130.494075, 33.679808], [130.495174, 33.680157], [130.495599, 33.680408], [130.496245, 33.68189], [130.496573, 33.68198], [130.49766, 33.681466], [130.498233, 33.681695], [130.498649, 33.681544], [130.498817, 33.6816], [130.498926, 33.681961], [130.500029, 33.682052], [130.500389, 33.682607], [130.502894, 33.682669], [130.503256, 33.683176], [130.503189, 33.683868], [130.503326, 33.684078], [130.504965, 33.684441], [130.505448, 33.684156], [130.506971, 33.683677], [130.508983, 33.684429], [130.509249, 33.684691], [130.509224, 33.685289], [130.509004, 33.685607], [130.508238, 33.686205], [130.50815, 33.686424], [130.508368, 33.686993], [130.507983, 33.687269], [130.507231, 33.687419], [130.506942, 33.688093], [130.507057, 33.688703], [130.506014, 33.688575], [130.505444, 33.688847], [130.505026, 33.689243], [130.505107, 33.689715], [130.505397, 33.690207], [130.50532, 33.690434], [130.504554, 33.690854], [130.504128, 33.69148], [130.504229, 33.692215], [130.504544, 33.692547], [130.50466, 33.693619], [130.504537, 33.693767], [130.503544, 33.693839], [130.502986, 33.694371], [130.503143, 33.695162], [130.502748, 33.697013], [130.501986, 33.697249], [130.50123, 33.697009], [130.500282, 33.697278], [130.500069, 33.697432], [130.499578, 33.698537], [130.498848, 33.698481], [130.497854, 33.697342], [130.49784, 33.69706], [130.498099, 33.696619], [130.498015, 33.696524], [130.497372, 33.696216], [130.49696, 33.695702], [130.496351, 33.695512], [130.495896, 33.695221], [130.494129, 33.6933], [130.493148, 33.692857], [130.491224, 33.692306], [130.49065, 33.692394], [130.48924, 33.693413], [130.488338, 33.693474], [130.487317, 33.69382], [130.485776, 33.693464], [130.485203, 33.693483], [130.484337, 33.694172], [130.482163, 33.694201], [130.481803, 33.69471], [130.481591, 33.694784], [130.480717, 33.694412], [130.479712, 33.694573], [130.479101, 33.694988], [130.478106, 33.695116], [130.477281, 33.694813], [130.476938, 33.694482], [130.475209, 33.694252], [130.473939, 33.693829], [130.473459, 33.693782], [130.47184, 33.694283], [130.470763, 33.694411], [130.469181, 33.695073], [130.468771, 33.695369], [130.467279, 33.695651], [130.467751, 33.697791], [130.467279, 33.698101], [130.467301, 33.698549], [130.46706, 33.69913], [130.466271, 33.699952], [130.465717, 33.700971], [130.466642, 33.701344], [130.468041, 33.702473], [130.468168, 33.702716], [130.468175, 33.703594], [130.467995, 33.704237], [130.46807, 33.70591], [130.468737, 33.707056], [130.468502, 33.708036], [130.467742, 33.708751], [130.46746, 33.709623], [130.466462, 33.710579], [130.46585, 33.710853], [130.465108, 33.711587], [130.464924, 33.711953], [130.465006, 33.712491], [130.464759, 33.712737], [130.463486, 33.713357], [130.463048, 33.713801], [130.46238, 33.714075], [130.462056, 33.715487], [130.46097, 33.717277], [130.460231, 33.718157], [130.459121, 33.719161], [130.456459, 33.720482], [130.455257, 33.720946], [130.455327, 33.721163], [130.455053, 33.72146], [130.453635, 33.721971], [130.453003, 33.721998], [130.451656, 33.72233], [130.44965, 33.72354], [130.448541, 33.723984], [130.447098, 33.725057], [130.444277, 33.722897], [130.439929, 33.720158], [130.437429, 33.719019], [130.436754, 33.718366], [130.436188, 33.718011], [130.434854, 33.717633], [130.434254, 33.717075], [130.433229, 33.716726], [130.432528, 33.716173], [130.431693, 33.716044], [130.431126, 33.715796], [130.430014, 33.715592], [130.428592, 33.715131], [130.426833, 33.715147], [130.42626, 33.715553], [130.425714, 33.715699], [130.425485, 33.715998], [130.425038, 33.716249], [130.425262, 33.7165], [130.424454, 33.717069], [130.424177, 33.717035], [130.424117, 33.717452], [130.424339, 33.71752], [130.424319, 33.7177], [130.424899, 33.717796], [130.424885, 33.717954], [130.42415, 33.717841], [130.42385, 33.719113], [130.423599, 33.719097], [130.423521, 33.719547], [130.42542, 33.719745], [130.425914, 33.719508], [130.426202, 33.719104], [130.426406, 33.71915], [130.426117, 33.719567], [130.425381, 33.71991], [130.422952, 33.719622], [130.422492, 33.719369], [130.422182, 33.718895], [130.422061, 33.718957], [130.421016, 33.718506], [130.420881, 33.717683], [130.421097, 33.717424], [130.420976, 33.717001], [130.421117, 33.716268], [130.420976, 33.716196], [130.420976, 33.716032], [130.420834, 33.716015], [130.420854, 33.715711], [130.420571, 33.715637], [130.420491, 33.715372], [130.419904, 33.714972], [130.41956, 33.715057], [130.419304, 33.714646], [130.419041, 33.71464], [130.418873, 33.714865], [130.418691, 33.714403], [130.418394, 33.714223], [130.418212, 33.713822], [130.41801, 33.713817], [130.417936, 33.713687], [130.418212, 33.713501], [130.418414, 33.713005], [130.4183, 33.712735], [130.418032, 33.712544]]], [[[130.421279, 33.718917], [130.421394, 33.718833], [130.421616, 33.718889], [130.421711, 33.719104], [130.421367, 33.719064], [130.421279, 33.718917]]], [[[130.420457, 33.718405], [130.420518, 33.718331], [130.420578, 33.718523], [130.420457, 33.718405]]], [[[130.420686, 33.718331], [130.420753, 33.718106], [130.420787, 33.718309], [130.420686, 33.718331]]], [[[130.420524, 33.717824], [130.420652, 33.71783], [130.420538, 33.717892], [130.420524, 33.717824]]]]}}, {"type": "Feature", "properties": {"pref_code": "40", "pref_name": "福岡県", "municipality_code": "40348", "municipality_name": "久山町", "ward_name": "", "display_name": "久山町", "geometry_key": "40348"}, "geometry": {"type": "Polygon", "coordinates": [[[130.544716, 33.710166], [130.543975, 33.71032], [130.543345, 33.710287], [130.542215, 33.710763], [130.540791, 33.711051], [130.540476, 33.711037], [130.540172, 33.710834], [130.537582, 33.709946], [130.535191, 33.710674], [130.534511, 33.710426], [130.534106, 33.710117], [130.53286, 33.709802], [130.532136, 33.708792], [130.531344, 33.708545], [130.53104, 33.708155], [130.529665, 33.706997], [130.529274, 33.706842], [130.528184, 33.707126], [130.527852, 33.707057], [130.5276, 33.706653], [130.527782, 33.705573], [130.527149, 33.705485], [130.526383, 33.704753], [130.526493, 33.703972], [130.526158, 33.703362], [130.526284, 33.702752], [130.525119, 33.702099], [130.522638, 33.701558], [130.521574, 33.701693], [130.520851, 33.701244], [130.520271, 33.701172], [130.520093, 33.700952], [130.520215, 33.700752], [130.521033, 33.7002], [130.521201, 33.69977], [130.521194, 33.69918], [130.520597, 33.698342], [130.520674, 33.697811], [130.520331, 33.696978], [130.520579, 33.696173], [130.520296, 33.695986], [130.519785, 33.695877], [130.518739, 33.695195], [130.519366, 33.694447], [130.519324, 33.694227], [130.518712, 33.693765], [130.51866, 33.693542], [130.519184, 33.693276], [130.519391, 33.692977], [130.519324, 33.692731], [130.518929, 33.692439], [130.518597, 33.691929], [130.517729, 33.691851], [130.516644, 33.691262], [130.515339, 33.691327], [130.514808, 33.69055], [130.514248, 33.690028], [130.514166, 33.689466], [130.513586, 33.689141], [130.513019, 33.688429], [130.512704, 33.688341], [130.512386, 33.688416], [130.511959, 33.688993], [130.511603, 33.68808], [130.511152, 33.687667], [130.510264, 33.687365], [130.509391, 33.687464], [130.508936, 33.687309], [130.508667, 33.686962], [130.508368, 33.686993], [130.50815, 33.686424], [130.508238, 33.686205], [130.509004, 33.685607], [130.509224, 33.685289], [130.509249, 33.684691], [130.508983, 33.684429], [130.506971, 33.683677], [130.505448, 33.684156], [130.504965, 33.684441], [130.503326, 33.684078], [130.503189, 33.683868], [130.503256, 33.683176], [130.502894, 33.682669], [130.500389, 33.682607], [130.500029, 33.682052], [130.498926, 33.681961], [130.498817, 33.6816], [130.498649, 33.681544], [130.498233, 33.681695], [130.49766, 33.681466], [130.496573, 33.68198], [130.496245, 33.68189], [130.495599, 33.680408], [130.495174, 33.680157], [130.494075, 33.679808], [130.493403, 33.679342], [130.492308, 33.678234], [130.49125, 33.676255], [130.490048, 33.67554], [130.489823, 33.674918], [130.489584, 33.674701], [130.488563, 33.674274], [130.487605, 33.674295], [130.486263, 33.674113], [130.48345, 33.675487], [130.482067, 33.675777], [130.480205, 33.675829], [130.478564, 33.675714], [130.477539, 33.675857], [130.475929, 33.6755], [130.475253, 33.67558], [130.473783, 33.676119], [130.473574, 33.676622], [130.473208, 33.676932], [130.472834, 33.677085], [130.472129, 33.677103], [130.470649, 33.677967], [130.470298, 33.6783], [130.470096, 33.678821], [130.469622, 33.679351], [130.46923, 33.679527], [130.468771, 33.679537], [130.468888, 33.679279], [130.468618, 33.678366], [130.467663, 33.677845], [130.467541, 33.677126], [130.46708, 33.676349], [130.46717, 33.673503], [130.467364, 33.672979], [130.467715, 33.672614], [130.468083, 33.672434], [130.468428, 33.671825], [130.469245, 33.671437], [130.470451, 33.670151], [130.47083, 33.668785], [130.470051, 33.667942], [130.469205, 33.667565], [130.468968, 33.667131], [130.469279, 33.666237], [130.470626, 33.664492], [130.470897, 33.664286], [130.471653, 33.664031], [130.472924, 33.662589], [130.47352, 33.662099], [130.473775, 33.661535], [130.47445, 33.66084], [130.474654, 33.660279], [130.474683, 33.659581], [130.474831, 33.659362], [130.476677, 33.657726], [130.477539, 33.656765], [130.477796, 33.655312], [130.477994, 33.655171], [130.479106, 33.655131], [130.479323, 33.654952], [130.479596, 33.653775], [130.479044, 33.652496], [130.478791, 33.651392], [130.478834, 33.650846], [130.479151, 33.650296], [130.479057, 33.648739], [130.480463, 33.648494], [130.481111, 33.648987], [130.481753, 33.648961], [130.482639, 33.649313], [130.483183, 33.649647], [130.483415, 33.650775], [130.483612, 33.650983], [130.484352, 33.651344], [130.485321, 33.651307], [130.485553, 33.651118], [130.485573, 33.650724], [130.485021, 33.649951], [130.484892, 33.649354], [130.485261, 33.648997], [130.486048, 33.648893], [130.486163, 33.647972], [130.487029, 33.647214], [130.487496, 33.647356], [130.489081, 33.648412], [130.489784, 33.649226], [130.490341, 33.649409], [130.491186, 33.648674], [130.491602, 33.647987], [130.492652, 33.647545], [130.494859, 33.646057], [130.494902, 33.645924], [130.49461, 33.645426], [130.493054, 33.644091], [130.492862, 33.643577], [130.492983, 33.642436], [130.49217, 33.641745], [130.492318, 33.641281], [130.492742, 33.641327], [130.492991, 33.641196], [130.493758, 33.640503], [130.493699, 33.639325], [130.492814, 33.636514], [130.492939, 33.636301], [130.493687, 33.636262], [130.494488, 33.635622], [130.494728, 33.634805], [130.49425, 33.634694], [130.494498, 33.634049], [130.497661, 33.634928], [130.497962, 33.634889], [130.498499, 33.634822], [130.499523, 33.635228], [130.500259, 33.635061], [130.504337, 33.636742], [130.504914, 33.636497], [130.505383, 33.636485], [130.505998, 33.636793], [130.50667, 33.636683], [130.508122, 33.63793], [130.508437, 33.638133], [130.509168, 33.638336], [130.509922, 33.638129], [130.510414, 33.637791], [130.510914, 33.637312], [130.51118, 33.636805], [130.511793, 33.637], [130.512569, 33.637795], [130.513371, 33.638361], [130.513875, 33.639451], [130.514496, 33.639713], [130.515222, 33.639781], [130.515794, 33.639747], [130.516295, 33.63954], [130.518908, 33.638247], [130.519794, 33.637613], [130.520038, 33.637575], [130.520894, 33.638027], [130.521942, 33.637862], [130.523457, 33.638822], [130.524003, 33.638996], [130.525103, 33.638742], [130.525783, 33.637867], [130.526313, 33.637841], [130.526882, 33.638243], [130.527256, 33.638277], [130.527716, 33.637833], [130.527878, 33.637051], [130.528544, 33.636282], [130.528995, 33.636067], [130.529369, 33.636384], [130.530451, 33.636857], [130.53195, 33.636561], [130.533882, 33.637195], [130.534423, 33.637525], [130.534793, 33.638159], [130.535388, 33.638387], [130.536111, 33.638981], [130.536283, 33.640841], [130.53626, 33.642729], [130.536423, 33.643097], [130.537112, 33.643729], [130.537567, 33.643907], [130.538298, 33.643349], [130.53947, 33.643737], [130.540662, 33.644784], [130.541478, 33.644234], [130.542231, 33.644361], [130.543052, 33.644344], [130.544334, 33.64513], [130.545268, 33.646005], [130.546384, 33.646351], [130.546907, 33.646346], [130.547823, 33.647201], [130.548164, 33.648822], [130.548043, 33.64951], [130.548119, 33.650548], [130.547602, 33.65161], [130.547238, 33.652844], [130.547558, 33.65349], [130.548975, 33.654587], [130.549101, 33.656364], [130.549857, 33.656892], [130.550771, 33.657064], [130.551672, 33.657672], [130.554063, 33.658553], [130.55524, 33.659332], [130.555546, 33.659969], [130.55637, 33.660357], [130.556788, 33.660994], [130.557742, 33.661644], [130.558519, 33.662569], [130.559414, 33.662966], [130.560125, 33.663557], [130.561048, 33.663755], [130.561718, 33.664667], [130.562049, 33.665748], [130.561838, 33.66625], [130.560969, 33.666246], [130.560488, 33.666411], [130.559804, 33.666301], [130.559376, 33.666715], [130.557922, 33.667177], [130.557485, 33.667216], [130.556725, 33.666777], [130.555798, 33.666684], [130.553807, 33.668029], [130.552142, 33.667716], [130.551886, 33.668151], [130.551543, 33.668008], [130.551309, 33.668079], [130.550265, 33.670082], [130.550793, 33.670285], [130.550314, 33.671166], [130.550111, 33.672324], [130.549748, 33.672912], [130.549699, 33.673267], [130.549276, 33.673437], [130.548555, 33.673999], [130.548065, 33.674809], [130.547215, 33.675016], [130.546238, 33.675615], [130.545811, 33.675563], [130.543977, 33.67489], [130.543431, 33.674903], [130.542154, 33.675356], [130.541416, 33.676384], [130.541801, 33.678376], [130.54206, 33.678774], [130.542039, 33.679427], [130.541931, 33.67963], [130.541645, 33.679712], [130.54098, 33.679535], [130.540879, 33.679692], [130.541075, 33.680667], [130.540127, 33.680956], [130.539728, 33.681488], [130.540136, 33.682411], [130.540906, 33.683444], [130.541077, 33.684213], [130.541766, 33.684938], [130.541038, 33.685991], [130.541026, 33.68639], [130.541621, 33.68682], [130.541898, 33.687877], [130.542167, 33.688283], [130.544334, 33.689203], [130.544302, 33.689958], [130.543832, 33.690478], [130.543898, 33.690872], [130.544587, 33.691781], [130.545031, 33.692139], [130.545471, 33.692927], [130.544887, 33.693823], [130.54453, 33.693796], [130.543767, 33.694033], [130.542753, 33.694033], [130.542207, 33.694341], [130.541878, 33.694755], [130.542035, 33.695489], [130.541923, 33.695821], [130.542014, 33.696368], [130.541787, 33.696706], [130.541752, 33.697182], [130.540965, 33.698347], [130.541318, 33.699446], [130.541279, 33.700315], [130.541388, 33.700541], [130.541681, 33.700855], [130.542426, 33.701229], [130.542465, 33.701622], [130.542251, 33.702224], [130.542314, 33.702838], [130.542762, 33.703427], [130.542555, 33.704287], [130.54251, 33.705238], [130.541608, 33.706293], [130.541992, 33.707321], [130.542611, 33.707462], [130.5433, 33.707459], [130.543559, 33.707751], [130.544758, 33.708527], [130.544901, 33.708967], [130.544716, 33.710166]]]}}, {"type": "Feature", "properties": {"pref_code": "40", "pref_name": "福岡県", "municipality_code": "40349", "municipality_name": "粕屋町", "ward_name": "", "display_name": "粕屋町", "geometry_key": "40349"}, "geometry": {"type": "Polygon", "coordinates": [[[130.497962, 33.634889], [130.497661, 33.634928], [130.494498, 33.634049], [130.49425, 33.634694], [130.493439, 33.634616], [130.493379, 33.634473], [130.493438, 33.634023], [130.494267, 33.633437], [130.494266, 33.633204], [130.494107, 33.63316], [130.494494, 33.63189], [130.494364, 33.631604], [130.493688, 33.631401], [130.493721, 33.630667], [130.492743, 33.630633], [130.492542, 33.63036], [130.492169, 33.630262], [130.491459, 33.630371], [130.490815, 33.630075], [130.490577, 33.629769], [130.488841, 33.629191], [130.488131, 33.628551], [130.486991, 33.629269], [130.486617, 33.629375], [130.485798, 33.626791], [130.484532, 33.627136], [130.48456, 33.627264], [130.483495, 33.62752], [130.483583, 33.627737], [130.482164, 33.627998], [130.482328, 33.62849], [130.482498, 33.630206], [130.480718, 33.630777], [130.481113, 33.631893], [130.479739, 33.632389], [130.47949, 33.633213], [130.479032, 33.632992], [130.478816, 33.633071], [130.478495, 33.633556], [130.47755, 33.63287], [130.476523, 33.633766], [130.476278, 33.633846], [130.475918, 33.633739], [130.475425, 33.633901], [130.473793, 33.636309], [130.472674, 33.63679], [130.472162, 33.637199], [130.471738, 33.636072], [130.471206, 33.635466], [130.470653, 33.635338], [130.470164, 33.635389], [130.469779, 33.635577], [130.469544, 33.635537], [130.468773, 33.63502], [130.468874, 33.634837], [130.468695, 33.634527], [130.468362, 33.634673], [130.468147, 33.634501], [130.467801, 33.634056], [130.467725, 33.633693], [130.468314, 33.633214], [130.468668, 33.633258], [130.46818, 33.632128], [130.467809, 33.632086], [130.467764, 33.631722], [130.467607, 33.631657], [130.466732, 33.6316], [130.46671, 33.6312], [130.466445, 33.630807], [130.465144, 33.630714], [130.462168, 33.629932], [130.461534, 33.630071], [130.461179, 33.630027], [130.459673, 33.628821], [130.458955, 33.628072], [130.458459, 33.627379], [130.458142, 33.626556], [130.457761, 33.626188], [130.457138, 33.624505], [130.456044, 33.624805], [130.455918, 33.624491], [130.454097, 33.624927], [130.453487, 33.623381], [130.452467, 33.621483], [130.451618, 33.618877], [130.45066, 33.619179], [130.450348, 33.619522], [130.45003, 33.61937], [130.450365, 33.618674], [130.44671, 33.616047], [130.441086, 33.612691], [130.444753, 33.608884], [130.444029, 33.608486], [130.443817, 33.60806], [130.443024, 33.607825], [130.441934, 33.607193], [130.441735, 33.606921], [130.442411, 33.606678], [130.442976, 33.606581], [130.443978, 33.607266], [130.444469, 33.607469], [130.445774, 33.606432], [130.446466, 33.606155], [130.447147, 33.606517], [130.447601, 33.606095], [130.448409, 33.606579], [130.448531, 33.606438], [130.448669, 33.606508], [130.454231, 33.60983], [130.455745, 33.609964], [130.457404, 33.609559], [130.458039, 33.609671], [130.458683, 33.608936], [130.458949, 33.609066], [130.46073, 33.607224], [130.461107, 33.606639], [130.461699, 33.606252], [130.462272, 33.605405], [130.462269, 33.605122], [130.463702, 33.604127], [130.464397, 33.603444], [130.465102, 33.603802], [130.465801, 33.603567], [130.466628, 33.602644], [130.467578, 33.60202], [130.468461, 33.601682], [130.469081, 33.602042], [130.470492, 33.600671], [130.471219, 33.601264], [130.471971, 33.601451], [130.4733, 33.600948], [130.47352, 33.600746], [130.473486, 33.600313], [130.472843, 33.599867], [130.474319, 33.598303], [130.474834, 33.598652], [130.475209, 33.598668], [130.476758, 33.597121], [130.477213, 33.596491], [130.476406, 33.595975], [130.479408, 33.592835], [130.480097, 33.593149], [130.480258, 33.593416], [130.480982, 33.593967], [130.48178, 33.594316], [130.482575, 33.594841], [130.484276, 33.594772], [130.48458, 33.594658], [130.485745, 33.594948], [130.488738, 33.593439], [130.489259, 33.593237], [130.48991, 33.593312], [130.490976, 33.592826], [130.491034, 33.593017], [130.4903, 33.593437], [130.489779, 33.594029], [130.490377, 33.594479], [130.490172, 33.594924], [130.491188, 33.595729], [130.491013, 33.595905], [130.491445, 33.596474], [130.492062, 33.596509], [130.492001, 33.596742], [130.491733, 33.596908], [130.491936, 33.598339], [130.491244, 33.598424], [130.491249, 33.59885], [130.490167, 33.598896], [130.490123, 33.599476], [130.489414, 33.599989], [130.489198, 33.600396], [130.489029, 33.601275], [130.489126, 33.601997], [130.488304, 33.60239], [130.488836, 33.603113], [130.488664, 33.603908], [130.489022, 33.604167], [130.489457, 33.605992], [130.489029, 33.607049], [130.489236, 33.60801], [130.489205, 33.608934], [130.489333, 33.609506], [130.489518, 33.609677], [130.490106, 33.609854], [130.490723, 33.60989], [130.492149, 33.61036], [130.492912, 33.610456], [130.493674, 33.611124], [130.495706, 33.612221], [130.495717, 33.612764], [130.495933, 33.613247], [130.495544, 33.613945], [130.495715, 33.614321], [130.495494, 33.614911], [130.497662, 33.615131], [130.498714, 33.614778], [130.499077, 33.614934], [130.499525, 33.614927], [130.499707, 33.615232], [130.499591, 33.615881], [130.499739, 33.616511], [130.499482, 33.61976], [130.499, 33.620792], [130.498138, 33.621182], [130.4979, 33.621591], [130.497621, 33.621774], [130.497598, 33.622652], [130.498434, 33.622577], [130.49987, 33.622949], [130.499473, 33.624149], [130.499656, 33.624212], [130.499559, 33.624485], [130.499924, 33.625263], [130.49998, 33.626088], [130.499839, 33.626266], [130.499435, 33.626239], [130.499151, 33.627247], [130.498951, 33.627273], [130.497985, 33.626891], [130.497662, 33.626897], [130.496458, 33.627432], [130.496157, 33.628154], [130.496212, 33.629789], [130.496936, 33.631291], [130.497661, 33.63236], [130.49803, 33.633788], [130.498401, 33.634284], [130.497963, 33.63465], [130.497962, 33.634889]]]}}, {"type": "Feature", "properties": {"pref_code": "40", "pref_name": "福岡県", "municipality_code": "40381", "municipality_name": "芦屋町", "ward_name": "", "display_name": "芦屋町", "geometry_key": "40381"}, "geometry": {"type": "MultiPolygon", "coordinates": [[[[130.673209, 33.918659], [130.672793, 33.918658], [130.672184, 33.919041], [130.672063, 33.918877], [130.67236, 33.91846], [130.671982, 33.918212], [130.671651, 33.918426], [130.67159, 33.918178], [130.671693, 33.918086], [130.671023, 33.917716], [130.670578, 33.91824], [130.67049, 33.918206], [130.670591, 33.917711], [130.670044, 33.917936], [130.669699, 33.918471], [130.669045, 33.918758], [130.668815, 33.918651], [130.668633, 33.91873], [130.668538, 33.918533], [130.668369, 33.918725], [130.668187, 33.918736], [130.66818, 33.91811], [130.668891, 33.916843], [130.668795, 33.916493], [130.667471, 33.915146], [130.665689, 33.914605], [130.665324, 33.914718], [130.665108, 33.915051], [130.665014, 33.914926], [130.66446, 33.914943], [130.663569, 33.916183], [130.663271, 33.916256], [130.662859, 33.916149], [130.662454, 33.916876], [130.662292, 33.917028], [130.662103, 33.917], [130.662272, 33.916521], [130.662049, 33.914695], [130.662137, 33.914115], [130.662428, 33.913478], [130.662225, 33.913292], [130.662488, 33.913011], [130.66315, 33.911697], [130.663346, 33.911697], [130.663494, 33.911991], [130.664467, 33.911021], [130.664892, 33.91083], [130.664994, 33.910616], [130.66473, 33.909466], [130.663736, 33.908688], [130.663495, 33.908845], [130.663304, 33.90874], [130.662329, 33.909662], [130.661955, 33.909359], [130.662867, 33.908407], [130.661685, 33.907618], [130.659524, 33.909094], [130.660533, 33.909899], [130.660425, 33.91], [130.659248, 33.909088], [130.658619, 33.909567], [130.658228, 33.909708], [130.657897, 33.909742], [130.657856, 33.909472], [130.657478, 33.909736], [130.657269, 33.909686], [130.657451, 33.909252], [130.658417, 33.908581], [130.658971, 33.907612], [130.659376, 33.907612], [130.659592, 33.907341], [130.659984, 33.907161], [130.659869, 33.907505], [130.660679, 33.907319], [130.661131, 33.907426], [130.662118, 33.906862], [130.662097, 33.905521], [130.661537, 33.90409], [130.661375, 33.904028], [130.661429, 33.903594], [130.661658, 33.903357], [130.662077, 33.903217], [130.662091, 33.902569], [130.662509, 33.902467], [130.662617, 33.901926], [130.663198, 33.901611], [130.663893, 33.900202], [130.666122, 33.898129], [130.667384, 33.896314], [130.668816, 33.895689], [130.669322, 33.895734], [130.669687, 33.895464], [130.670254, 33.895413], [130.671942, 33.896157], [130.672192, 33.895948], [130.672476, 33.896022], [130.672638, 33.896224], [130.673839, 33.896416], [130.674562, 33.896388], [130.67531, 33.896166], [130.675129, 33.895019], [130.673455, 33.891029], [130.672023, 33.891598], [130.670727, 33.892342], [130.668768, 33.89317], [130.667215, 33.894094], [130.662563, 33.898303], [130.661766, 33.89872], [130.661186, 33.898461], [130.661044, 33.898664], [130.661456, 33.898923], [130.660328, 33.900484], [130.659275, 33.900501], [130.659315, 33.900354], [130.660281, 33.900326], [130.660855, 33.899543], [130.660314, 33.899255], [130.660078, 33.899486], [130.658194, 33.898534], [130.65837, 33.898258], [130.656418, 33.896821], [130.655095, 33.897954], [130.654365, 33.897627], [130.655169, 33.896487], [130.65502, 33.896229], [130.654993, 33.895672], [130.654439, 33.895198], [130.654176, 33.894454], [130.653467, 33.893851], [130.65315, 33.893175], [130.652758, 33.892882], [130.65213, 33.892691], [130.651515, 33.891868], [130.650928, 33.891536], [130.649854, 33.891231], [130.648956, 33.890674], [130.647781, 33.890403], [130.647268, 33.890037], [130.646532, 33.889783], [130.645579, 33.889135], [130.638374, 33.886329], [130.635652, 33.885404], [130.63643, 33.88365], [130.636866, 33.883128], [130.64074, 33.881737], [130.642582, 33.881293], [130.643556, 33.878932], [130.644082, 33.877072], [130.645211, 33.876632], [130.645253, 33.875084], [130.643809, 33.874951], [130.643491, 33.873906], [130.643413, 33.873226], [130.643531, 33.872446], [130.643924, 33.8711], [130.643827, 33.870334], [130.643312, 33.869173], [130.643329, 33.86802], [130.644082, 33.8686], [130.648403, 33.87067], [130.649452, 33.871089], [130.649585, 33.871016], [130.650024, 33.871155], [130.650243, 33.871478], [130.650358, 33.871368], [130.650261, 33.87117], [130.650548, 33.871254], [130.650585, 33.871162], [130.651546, 33.871048], [130.651647, 33.87118], [130.651633, 33.871864], [130.653735, 33.871052], [130.656931, 33.870536], [130.657659, 33.870155], [130.658131, 33.870235], [130.658193, 33.871526], [130.658919, 33.871438], [130.65911, 33.871759], [130.659504, 33.871811], [130.659526, 33.872177], [130.659766, 33.872304], [130.660211, 33.872347], [130.66078, 33.871624], [130.661821, 33.871687], [130.662002, 33.871837], [130.662302, 33.871864], [130.662619, 33.87227], [130.663055, 33.872136], [130.663401, 33.872449], [130.663854, 33.87252], [130.664444, 33.872336], [130.666499, 33.872882], [130.666432, 33.874144], [130.666526, 33.874374], [130.667844, 33.874832], [130.667914, 33.875247], [130.668839, 33.875695], [130.669105, 33.875977], [130.669369, 33.876744], [130.66975, 33.876863], [130.670114, 33.876829], [130.670528, 33.878306], [130.670601, 33.880093], [130.670985, 33.880871], [130.671649, 33.881682], [130.67295, 33.882447], [130.673247, 33.882746], [130.673769, 33.884017], [130.673758, 33.884804], [130.67499, 33.884988], [130.674654, 33.888486], [130.676571, 33.890499], [130.680063, 33.890681], [130.681669, 33.888812], [130.682767, 33.889671], [130.685229, 33.89336], [130.684579, 33.893851], [130.684154, 33.894386], [130.684048, 33.894721], [130.684181, 33.895108], [130.68455, 33.895464], [130.684884, 33.896247], [130.684918, 33.896646], [130.685455, 33.897217], [130.685484, 33.897914], [130.685061, 33.898426], [130.684419, 33.898025], [130.683939, 33.898185], [130.683771, 33.898538], [130.684131, 33.899272], [130.684023, 33.899582], [130.682986, 33.899387], [130.682824, 33.899786], [130.68253, 33.9], [130.681755, 33.90004], [130.681288, 33.900757], [130.68151, 33.901373], [130.681468, 33.902024], [130.68113, 33.902066], [130.680226, 33.90163], [130.679933, 33.90172], [130.679264, 33.902529], [130.679896, 33.9032], [130.679847, 33.903685], [130.678465, 33.905069], [130.676892, 33.905842], [130.676522, 33.906243], [130.67581, 33.906536], [130.675396, 33.906892], [130.675208, 33.907249], [130.675226, 33.907915], [130.675434, 33.908071], [130.676356, 33.908326], [130.676854, 33.908628], [130.676883, 33.909497], [130.677965, 33.912249], [130.677889, 33.912409], [130.677557, 33.912352], [130.677245, 33.912557], [130.677617, 33.914538], [130.676555, 33.916379], [130.675266, 33.917063], [130.674292, 33.917407], [130.673707, 33.91789], [130.673209, 33.918659]]], [[[130.66288, 33.917671], [130.663258, 33.917254], [130.663021, 33.917767], [130.662893, 33.917795], [130.66288, 33.917671]]], [[[130.662515, 33.917423], [130.662664, 33.91744], [130.662576, 33.917507], [130.662515, 33.917423]]], [[[130.659179, 33.917394], [130.659456, 33.917022], [130.65972, 33.916915], [130.659551, 33.917259], [130.659301, 33.917445], [130.659179, 33.917394]]], [[[130.662603, 33.917147], [130.662677, 33.917056], [130.662745, 33.917119], [130.662603, 33.917147]]], [[[130.663433, 33.917006], [130.663623, 33.916859], [130.663548, 33.917096], [130.663447, 33.91713], [130.663433, 33.917006]]], [[[130.662691, 33.916826], [130.662846, 33.916363], [130.663028, 33.916369], [130.663008, 33.916904], [130.662792, 33.916961], [130.662691, 33.916826]]], [[[130.663643, 33.916561], [130.663832, 33.916442], [130.663724, 33.916639], [130.663643, 33.916561]]], [[[130.658821, 33.91616], [130.659119, 33.915591], [130.659274, 33.915512], [130.659463, 33.915608], [130.659173, 33.916284], [130.658889, 33.916279], [130.658821, 33.91616]]], [[[130.65978, 33.914825], [130.659936, 33.914312], [130.660125, 33.914182], [130.660375, 33.914481], [130.66078, 33.914194], [130.660901, 33.914278], [130.660746, 33.914949], [130.660111, 33.915332], [130.659936, 33.915687], [130.659814, 33.915676], [130.659902, 33.914994], [130.65978, 33.914825]]], [[[130.66051, 33.915602], [130.660719, 33.915496], [130.660672, 33.915642], [130.66051, 33.915602]]], [[[130.660901, 33.915343], [130.661111, 33.915174], [130.661023, 33.9154], [130.660901, 33.915343]]], [[[130.659449, 33.915242], [130.659686, 33.91505], [130.659571, 33.915298], [130.659449, 33.915242]]], [[[130.661313, 33.915028], [130.661847, 33.914211], [130.661928, 33.91434], [130.661685, 33.914887], [130.661401, 33.915118], [130.661313, 33.915028]]], [[[130.659375, 33.914808], [130.659436, 33.914644], [130.659558, 33.914656], [130.659558, 33.914825], [130.659375, 33.914808]]], [[[130.661266, 33.914712], [130.661469, 33.914351], [130.661523, 33.914532], [130.661361, 33.914752], [130.661266, 33.914712]]], [[[130.661637, 33.913844], [130.661671, 33.91376], [130.662097, 33.91376], [130.661928, 33.914121], [130.661637, 33.913844]]], [[[130.660679, 33.913315], [130.660821, 33.913247], [130.660773, 33.913371], [130.660679, 33.913315]]], [[[130.661057, 33.913303], [130.661226, 33.913208], [130.661145, 33.91336], [130.661057, 33.913303]]], [[[130.660915, 33.913044], [130.660996, 33.913005], [130.66105, 33.913129], [130.660915, 33.913044]]], [[[130.661624, 33.912915], [130.661739, 33.912813], [130.661853, 33.912898], [130.661671, 33.913044], [130.661624, 33.912915]]], [[[130.661982, 33.912768], [130.662319, 33.912531], [130.662069, 33.912999], [130.661982, 33.912768]]], [[[130.657316, 33.910136], [130.657606, 33.909826], [130.657782, 33.909821], [130.657768, 33.910074], [130.65735, 33.91026], [130.657316, 33.910136]]], [[[130.661152, 33.904005], [130.661253, 33.903786], [130.661267, 33.904084], [130.661152, 33.904005]]], [[[130.661463, 33.903262], [130.661706, 33.903143], [130.66151, 33.903419], [130.661463, 33.903262]]]]}}, {"type": "Feature", "properties": {"pref_code": "40", "pref_name": "福岡県", "municipality_code": "40382", "municipality_name": "水巻町", "ward_name": "", "display_name": "水巻町", "geometry_key": "40382"}, "geometry": {"type": "Polygon", "coordinates": [[[130.681669, 33.888812], [130.680063, 33.890681], [130.676571, 33.890499], [130.679216, 33.869483], [130.680206, 33.858281], [130.68047, 33.85659], [130.681759, 33.852551], [130.68424, 33.846061], [130.685199, 33.843993], [130.688797, 33.836602], [130.689106, 33.836172], [130.691268, 33.834104], [130.695675, 33.83011], [130.696128, 33.830218], [130.697642, 33.831348], [130.697771, 33.832067], [130.699003, 33.832197], [130.698778, 33.833574], [130.699276, 33.834209], [130.699602, 33.834221], [130.701169, 33.833651], [130.702619, 33.833744], [130.703045, 33.833894], [130.703121, 33.834047], [130.702793, 33.834944], [130.701654, 33.841927], [130.702566, 33.841987], [130.702974, 33.84193], [130.703403, 33.841637], [130.703955, 33.84162], [130.705109, 33.841061], [130.705385, 33.840741], [130.705251, 33.840533], [130.705694, 33.840229], [130.706013, 33.839446], [130.706312, 33.83922], [130.706697, 33.839061], [130.707484, 33.839], [130.707672, 33.839266], [130.707729, 33.839742], [130.708085, 33.839842], [130.708503, 33.839518], [130.709227, 33.839222], [130.709434, 33.83884], [130.709134, 33.838214], [130.709505, 33.837822], [130.709247, 33.836602], [130.709435, 33.836264], [130.710297, 33.835996], [130.710621, 33.836098], [130.711072, 33.836413], [130.711176, 33.836651], [130.712068, 33.837031], [130.712014, 33.837322], [130.71378, 33.837987], [130.716394, 33.836603], [130.717052, 33.835314], [130.716927, 33.835121], [130.715982, 33.834598], [130.716459, 33.833776], [130.716826, 33.833713], [130.717822, 33.834039], [130.718458, 33.834449], [130.718151, 33.834971], [130.718258, 33.835136], [130.719253, 33.835198], [130.720161, 33.835616], [130.720611, 33.83554], [130.720902, 33.835745], [130.720988, 33.836001], [130.720627, 33.836244], [130.720617, 33.836371], [130.720921, 33.838161], [130.720895, 33.839031], [130.720859, 33.839138], [130.720702, 33.839113], [130.720063, 33.838491], [130.719859, 33.838579], [130.719874, 33.8393], [130.720118, 33.840252], [130.719734, 33.840895], [130.719652, 33.841402], [130.719303, 33.841837], [130.719263, 33.84256], [130.718463, 33.844152], [130.718673, 33.844247], [130.718663, 33.84448], [130.717293, 33.844929], [130.716816, 33.844694], [130.715794, 33.845358], [130.715546, 33.845362], [130.715432, 33.845986], [130.715049, 33.845702], [130.713115, 33.846702], [130.713769, 33.847583], [130.712611, 33.848205], [130.713119, 33.848797], [130.713045, 33.848917], [130.712469, 33.849367], [130.711696, 33.849328], [130.711635, 33.849805], [130.710591, 33.850278], [130.710138, 33.851004], [130.709846, 33.850916], [130.708289, 33.851415], [130.708069, 33.851581], [130.707981, 33.852039], [130.706141, 33.852724], [130.704246, 33.852276], [130.703636, 33.853931], [130.70541, 33.854015], [130.705299, 33.856532], [130.704841, 33.856507], [130.704716, 33.857266], [130.704158, 33.857612], [130.703137, 33.856841], [130.702774, 33.857764], [130.701695, 33.857414], [130.701456, 33.857771], [130.70047, 33.85755], [130.699485, 33.859506], [130.700275, 33.859767], [130.700172, 33.860368], [130.699217, 33.860785], [130.699053, 33.860981], [130.699079, 33.862308], [130.698365, 33.863066], [130.698062, 33.863201], [130.697054, 33.862551], [130.696271, 33.863506], [130.696234, 33.863662], [130.696433, 33.863826], [130.69639, 33.864096], [130.695612, 33.864113], [130.695341, 33.86439], [130.695921, 33.865265], [130.696012, 33.866097], [130.696204, 33.866337], [130.695786, 33.866634], [130.695401, 33.867167], [130.693305, 33.867766], [130.693354, 33.868581], [130.693126, 33.869141], [130.693164, 33.869418], [130.694751, 33.870205], [130.694699, 33.871586], [130.694934, 33.872079], [130.696221, 33.872839], [130.69575, 33.873648], [130.695844, 33.874073], [130.69549, 33.874204], [130.695014, 33.873972], [130.694554, 33.873999], [130.693782, 33.874152], [130.693471, 33.874333], [130.69268, 33.876152], [130.692555, 33.876899], [130.692723, 33.877813], [130.692338, 33.878306], [130.690237, 33.878584], [130.687764, 33.878235], [130.687548, 33.878886], [130.687768, 33.88018], [130.687615, 33.880881], [130.687067, 33.881519], [130.685887, 33.882455], [130.68533, 33.88308], [130.68383, 33.885391], [130.684001, 33.885599], [130.683905, 33.885762], [130.682343, 33.88807], [130.681669, 33.888812]]]}}, {"type": "Feature", "properties": {"pref_code": "40", "pref_name": "福岡県", "municipality_code": "40383", "municipality_name": "岡垣町", "ward_name": "", "display_name": "岡垣町", "geometry_key": "40383"}, "geometry": {"type": "Polygon", "coordinates": [[[130.635652, 33.885404], [130.632278, 33.884438], [130.631994, 33.8843], [130.631709, 33.8839], [130.628764, 33.88319], [130.626043, 33.882796], [130.623376, 33.882063], [130.618139, 33.880915], [130.609788, 33.879384], [130.603951, 33.878596], [130.601844, 33.878118], [130.590157, 33.877822], [130.581816, 33.878053], [130.576346, 33.87851], [130.575306, 33.879135], [130.574171, 33.878961], [130.573841, 33.879423], [130.573023, 33.879197], [130.572638, 33.879535], [130.571963, 33.879513], [130.571301, 33.879941], [130.56991, 33.880093], [130.569231, 33.880459], [130.568386, 33.881605], [130.566419, 33.882251], [130.566705, 33.882454], [130.566176, 33.883345], [130.565939, 33.883345], [130.565331, 33.885587], [130.565791, 33.885666], [130.565831, 33.885999], [130.566833, 33.885959], [130.566836, 33.886327], [130.565622, 33.886365], [130.56573, 33.887937], [130.566574, 33.887881], [130.566885, 33.887695], [130.567026, 33.887842], [130.566628, 33.888039], [130.565611, 33.888132], [130.565041, 33.890118], [130.563933, 33.891144], [130.563522, 33.891087], [130.563116, 33.890361], [130.562866, 33.89018], [130.561847, 33.889797], [130.561495, 33.889797], [130.560104, 33.890202], [130.557869, 33.8904], [130.556214, 33.890332], [130.555458, 33.890558], [130.554931, 33.890507], [130.551994, 33.889537], [130.549177, 33.889307], [130.547037, 33.888179], [130.546287, 33.887932], [130.544666, 33.887819], [130.544173, 33.887909], [130.543646, 33.888208], [130.543727, 33.888366], [130.543606, 33.888625], [130.543349, 33.888799], [130.543248, 33.88907], [130.542964, 33.889177], [130.542549, 33.887686], [130.541733, 33.886115], [130.541441, 33.884521], [130.541532, 33.884376], [130.5425, 33.883958], [130.543174, 33.882386], [130.543704, 33.88166], [130.544146, 33.881441], [130.545251, 33.880173], [130.546365, 33.879621], [130.546464, 33.878338], [130.547411, 33.877698], [130.548576, 33.876672], [130.548851, 33.874862], [130.549069, 33.874277], [130.550455, 33.872805], [130.550901, 33.871894], [130.551744, 33.870788], [130.552325, 33.869519], [130.553435, 33.869434], [130.554249, 33.86913], [130.554385, 33.868535], [130.555096, 33.868049], [130.556146, 33.866807], [130.555999, 33.865336], [130.556446, 33.864753], [130.557165, 33.864138], [130.559203, 33.864294], [130.561442, 33.863586], [130.564023, 33.86379], [130.564337, 33.863595], [130.564981, 33.862576], [130.565372, 33.862421], [130.566631, 33.861493], [130.567848, 33.860945], [130.567994, 33.859928], [130.567832, 33.859306], [130.569537, 33.857629], [130.569675, 33.857218], [130.569458, 33.856659], [130.568669, 33.855912], [130.568041, 33.855059], [130.567488, 33.854651], [130.567195, 33.853606], [130.567969, 33.852659], [130.568021, 33.852304], [130.567724, 33.851792], [130.568656, 33.850042], [130.568841, 33.849288], [130.569316, 33.849047], [130.570683, 33.848921], [130.570912, 33.848788], [130.571159, 33.848301], [130.571317, 33.847501], [130.57176, 33.846674], [130.571918, 33.845958], [130.572308, 33.845381], [130.574606, 33.844866], [130.576107, 33.844077], [130.57728, 33.843911], [130.578123, 33.843493], [130.579344, 33.842593], [130.580379, 33.842412], [130.580724, 33.842236], [130.581135, 33.841887], [130.581262, 33.841569], [130.582035, 33.841049], [130.582375, 33.840634], [130.582948, 33.8394], [130.582904, 33.838705], [130.583047, 33.837983], [130.582991, 33.837015], [130.582706, 33.83628], [130.582806, 33.835277], [130.582499, 33.833971], [130.582671, 33.833325], [130.583195, 33.832431], [130.582702, 33.832054], [130.581531, 33.831687], [130.581238, 33.831129], [130.58173, 33.830407], [130.582751, 33.829349], [130.583183, 33.829118], [130.585144, 33.828604], [130.58562, 33.828344], [130.586041, 33.827121], [130.586056, 33.825551], [130.586272, 33.824029], [130.586964, 33.823307], [130.587407, 33.822359], [130.588365, 33.8219], [130.588567, 33.821204], [130.589217, 33.820476], [130.58936, 33.819964], [130.591631, 33.817931], [130.591977, 33.817901], [130.592817, 33.818202], [130.594107, 33.818226], [130.596951, 33.818612], [130.597563, 33.818849], [130.600502, 33.821105], [130.600963, 33.821761], [130.601333, 33.822674], [130.602008, 33.823096], [130.602626, 33.82327], [130.603636, 33.823077], [130.604662, 33.822635], [130.605853, 33.822982], [130.606513, 33.822743], [130.607779, 33.821907], [130.608493, 33.821586], [130.60979, 33.822052], [130.610139, 33.822307], [130.610475, 33.822832], [130.612756, 33.822939], [130.618295, 33.821229], [130.618869, 33.821212], [130.61997, 33.821402], [130.624247, 33.820729], [130.624741, 33.820352], [130.624986, 33.819359], [130.627174, 33.817945], [130.627582, 33.816938], [130.628233, 33.816314], [130.629778, 33.81551], [130.630908, 33.815488], [130.63205, 33.815311], [130.632633, 33.814772], [130.633672, 33.814136], [130.634351, 33.813964], [130.634633, 33.813234], [130.635456, 33.813056], [130.635967, 33.812746], [130.637523, 33.813354], [130.638313, 33.813371], [130.639693, 33.812968], [130.640941, 33.81321], [130.641356, 33.813547], [130.641741, 33.814291], [130.642189, 33.814492], [130.64246, 33.814823], [130.642388, 33.815225], [130.642753, 33.815803], [130.642858, 33.816443], [130.643137, 33.816779], [130.643611, 33.81785], [130.644064, 33.818304], [130.64416, 33.819735], [130.643967, 33.820541], [130.643506, 33.820832], [130.643693, 33.822336], [130.643095, 33.824306], [130.642829, 33.824842], [130.642279, 33.825189], [130.641848, 33.825649], [130.64159, 33.827097], [130.641762, 33.827714], [130.641601, 33.828215], [130.64244, 33.8295], [130.642421, 33.83009], [130.642089, 33.830786], [130.642111, 33.831135], [130.642984, 33.832952], [130.642934, 33.833375], [130.642527, 33.833941], [130.642344, 33.834634], [130.642832, 33.834959], [130.643897, 33.835078], [130.644672, 33.835381], [130.645478, 33.836953], [130.644928, 33.837592], [130.644982, 33.837787], [130.645614, 33.838341], [130.646716, 33.838274], [130.646844, 33.839219], [130.647886, 33.841211], [130.648194, 33.842084], [130.648224, 33.842688], [130.647681, 33.843304], [130.647678, 33.843462], [130.648314, 33.844203], [130.648902, 33.844648], [130.65002, 33.844429], [130.650941, 33.84464], [130.651706, 33.84457], [130.652409, 33.844912], [130.652999, 33.846527], [130.652798, 33.848342], [130.652732, 33.850851], [130.651625, 33.852032], [130.650801, 33.851523], [130.650387, 33.850382], [130.649139, 33.849736], [130.64761, 33.849309], [130.646877, 33.849248], [130.645163, 33.849653], [130.644214, 33.850238], [130.64308, 33.850482], [130.642736, 33.849999], [130.642516, 33.849888], [130.640809, 33.850331], [130.640351, 33.850103], [130.640044, 33.849274], [130.639436, 33.848713], [130.638799, 33.848642], [130.63843, 33.848755], [130.638352, 33.84947], [130.638037, 33.849872], [130.638037, 33.850164], [130.638133, 33.850424], [130.638694, 33.850837], [130.638474, 33.851468], [130.638536, 33.851714], [130.639183, 33.852241], [130.639424, 33.852681], [130.639493, 33.854336], [130.639975, 33.854671], [130.639936, 33.855577], [130.640684, 33.85649], [130.641718, 33.856828], [130.642317, 33.857476], [130.642501, 33.858014], [130.642317, 33.85902], [130.642983, 33.860514], [130.64346, 33.861097], [130.643411, 33.861488], [130.643106, 33.861993], [130.643173, 33.862336], [130.643654, 33.86364], [130.644437, 33.863825], [130.644611, 33.864049], [130.644216, 33.864749], [130.643682, 33.865148], [130.64377, 33.865514], [130.644313, 33.866317], [130.644208, 33.866749], [130.643725, 33.867416], [130.64342, 33.867591], [130.643329, 33.86802], [130.643312, 33.869173], [130.643827, 33.870334], [130.643924, 33.8711], [130.643531, 33.872446], [130.643413, 33.873226], [130.643491, 33.873906], [130.643809, 33.874951], [130.645253, 33.875084], [130.645211, 33.876632], [130.644082, 33.877072], [130.643556, 33.878932], [130.642582, 33.881293], [130.64074, 33.881737], [130.636866, 33.883128], [130.63643, 33.88365], [130.635652, 33.885404]]]}}, {"type": "Feature", "properties": {"pref_code": "40", "pref_name": "福岡県", "municipality_code": "40384", "municipality_name": "遠賀町", "ward_name": "", "display_name": "遠賀町", "geometry_key": "40384"}, "geometry": {"type": "Polygon", "coordinates": [[[130.676571, 33.890499], [130.674654, 33.888486], [130.67499, 33.884988], [130.673758, 33.884804], [130.673769, 33.884017], [130.673247, 33.882746], [130.67295, 33.882447], [130.671649, 33.881682], [130.670985, 33.880871], [130.670601, 33.880093], [130.670528, 33.878306], [130.670114, 33.876829], [130.66975, 33.876863], [130.669369, 33.876744], [130.669105, 33.875977], [130.668839, 33.875695], [130.667914, 33.875247], [130.667844, 33.874832], [130.666526, 33.874374], [130.666432, 33.874144], [130.666499, 33.872882], [130.664444, 33.872336], [130.663854, 33.87252], [130.663401, 33.872449], [130.663055, 33.872136], [130.662619, 33.87227], [130.662302, 33.871864], [130.662002, 33.871837], [130.661821, 33.871687], [130.66078, 33.871624], [130.660211, 33.872347], [130.659766, 33.872304], [130.659526, 33.872177], [130.659504, 33.871811], [130.65911, 33.871759], [130.658919, 33.871438], [130.658193, 33.871526], [130.658131, 33.870235], [130.657659, 33.870155], [130.656931, 33.870536], [130.653735, 33.871052], [130.651633, 33.871864], [130.651647, 33.87118], [130.651546, 33.871048], [130.650585, 33.871162], [130.650548, 33.871254], [130.650261, 33.87117], [130.650358, 33.871368], [130.650243, 33.871478], [130.650024, 33.871155], [130.649585, 33.871016], [130.649452, 33.871089], [130.648403, 33.87067], [130.644082, 33.8686], [130.643329, 33.86802], [130.64342, 33.867591], [130.643725, 33.867416], [130.644208, 33.866749], [130.644313, 33.866317], [130.64377, 33.865514], [130.643682, 33.865148], [130.644216, 33.864749], [130.644611, 33.864049], [130.644437, 33.863825], [130.643654, 33.86364], [130.643173, 33.862336], [130.643106, 33.861993], [130.643411, 33.861488], [130.64346, 33.861097], [130.642983, 33.860514], [130.642317, 33.85902], [130.642501, 33.858014], [130.642317, 33.857476], [130.641718, 33.856828], [130.640684, 33.85649], [130.639936, 33.855577], [130.639975, 33.854671], [130.639493, 33.854336], [130.639424, 33.852681], [130.639183, 33.852241], [130.638536, 33.851714], [130.638474, 33.851468], [130.638694, 33.850837], [130.638133, 33.850424], [130.638037, 33.850164], [130.638037, 33.849872], [130.638352, 33.84947], [130.63843, 33.848755], [130.638799, 33.848642], [130.639436, 33.848713], [130.640044, 33.849274], [130.640351, 33.850103], [130.640809, 33.850331], [130.642516, 33.849888], [130.642736, 33.849999], [130.64308, 33.850482], [130.644214, 33.850238], [130.645163, 33.849653], [130.646877, 33.849248], [130.64761, 33.849309], [130.649139, 33.849736], [130.650387, 33.850382], [130.650801, 33.851523], [130.651625, 33.852032], [130.652732, 33.850851], [130.652798, 33.848342], [130.652999, 33.846527], [130.652409, 33.844912], [130.651706, 33.84457], [130.650941, 33.84464], [130.65002, 33.844429], [130.648902, 33.844648], [130.648314, 33.844203], [130.647678, 33.843462], [130.647681, 33.843304], [130.648224, 33.842688], [130.648194, 33.842084], [130.647886, 33.841211], [130.646844, 33.839219], [130.646716, 33.838274], [130.645614, 33.838341], [130.644982, 33.837787], [130.644928, 33.837592], [130.645478, 33.836953], [130.644672, 33.835381], [130.643897, 33.835078], [130.642832, 33.834959], [130.642344, 33.834634], [130.642527, 33.833941], [130.642934, 33.833375], [130.642984, 33.832952], [130.642111, 33.831135], [130.642089, 33.830786], [130.642421, 33.83009], [130.64244, 33.8295], [130.641601, 33.828215], [130.641762, 33.827714], [130.64159, 33.827097], [130.641848, 33.825649], [130.642279, 33.825189], [130.642829, 33.824842], [130.643095, 33.824306], [130.643693, 33.822336], [130.643506, 33.820832], [130.643967, 33.820541], [130.64416, 33.819735], [130.644064, 33.818304], [130.643611, 33.81785], [130.643137, 33.816779], [130.642858, 33.816443], [130.642753, 33.815803], [130.642388, 33.815225], [130.64246, 33.814823], [130.642189, 33.814492], [130.641741, 33.814291], [130.641356, 33.813547], [130.640941, 33.81321], [130.639693, 33.812968], [130.638313, 33.813371], [130.637523, 33.813354], [130.635967, 33.812746], [130.637453, 33.810634], [130.639201, 33.810162], [130.63959, 33.809893], [130.640938, 33.809485], [130.641424, 33.809069], [130.643701, 33.808824], [130.645047, 33.809177], [130.645519, 33.809494], [130.64736, 33.809332], [130.648451, 33.809479], [130.649006, 33.809637], [130.650035, 33.810241], [130.650974, 33.810858], [130.651662, 33.811522], [130.653196, 33.813987], [130.653156, 33.814726], [130.653429, 33.815179], [130.653139, 33.815627], [130.653631, 33.816384], [130.654037, 33.816649], [130.65541, 33.817151], [130.657991, 33.819147], [130.659934, 33.819366], [130.661118, 33.81988], [130.662038, 33.820038], [130.664001, 33.819726], [130.665423, 33.818918], [130.665729, 33.818887], [130.668638, 33.819172], [130.669754, 33.819628], [130.669005, 33.820637], [130.668711, 33.822536], [130.668464, 33.823218], [130.670112, 33.824052], [130.672123, 33.824881], [130.672701, 33.825509], [130.673782, 33.825856], [130.67425, 33.825647], [130.674589, 33.82585], [130.674544, 33.826098], [130.675302, 33.826349], [130.675206, 33.826751], [130.67578, 33.827791], [130.676907, 33.829543], [130.677201, 33.829642], [130.67723, 33.83055], [130.677772, 33.830698], [130.679241, 33.830803], [130.680196, 33.830517], [130.682727, 33.830927], [130.682987, 33.830689], [130.684819, 33.830684], [130.685144, 33.830517], [130.685385, 33.830623], [130.685632, 33.831377], [130.686378, 33.831495], [130.686731, 33.831737], [130.687113, 33.832394], [130.68762, 33.832321], [130.688106, 33.832794], [130.689145, 33.832624], [130.691268, 33.834104], [130.689106, 33.836172], [130.688797, 33.836602], [130.685199, 33.843993], [130.68424, 33.846061], [130.681759, 33.852551], [130.68047, 33.85659], [130.680206, 33.858281], [130.679216, 33.869483], [130.676571, 33.890499]]]}}, {"type": "Feature", "properties": {"pref_code": "40", "pref_name": "福岡県", "municipality_code": "40401", "municipality_name": "小竹町", "ward_name": "", "display_name": "小竹町", "geometry_key": "40401"}, "geometry": {"type": "Polygon", "coordinates": [[[130.727331, 33.706596], [130.727489, 33.707474], [130.727415, 33.708191], [130.727725, 33.708743], [130.727022, 33.709299], [130.726761, 33.710211], [130.72636, 33.710254], [130.726336, 33.710787], [130.726078, 33.711236], [130.726097, 33.711792], [130.726519, 33.71269], [130.725997, 33.712998], [130.726057, 33.71379], [130.725621, 33.714766], [130.724963, 33.71524], [130.724513, 33.715791], [130.724531, 33.716528], [130.72478, 33.716929], [130.725498, 33.717158], [130.725624, 33.717634], [130.726057, 33.718077], [130.72663, 33.718361], [130.726893, 33.725653], [130.726403, 33.725727], [130.726242, 33.725858], [130.725119, 33.727066], [130.725026, 33.727319], [130.725679, 33.727988], [130.727278, 33.729209], [130.727301, 33.729395], [130.726774, 33.730156], [130.72688, 33.730904], [130.726576, 33.73147], [130.726238, 33.731635], [130.724927, 33.731705], [130.724094, 33.731619], [130.723553, 33.731142], [130.722323, 33.73047], [130.720743, 33.729871], [130.719579, 33.729184], [130.718953, 33.729965], [130.718546, 33.730291], [130.717748, 33.730649], [130.716958, 33.731454], [130.716069, 33.731649], [130.715261, 33.731975], [130.714646, 33.732043], [130.714313, 33.732544], [130.713804, 33.732133], [130.713027, 33.732332], [130.712692, 33.732247], [130.712429, 33.732312], [130.712621, 33.731719], [130.712918, 33.731526], [130.712801, 33.731238], [130.712501, 33.731079], [130.712296, 33.731063], [130.712214, 33.731174], [130.712336, 33.731467], [130.711967, 33.731984], [130.711313, 33.731881], [130.710908, 33.731061], [130.710347, 33.730924], [130.71016, 33.730321], [130.710664, 33.728272], [130.710349, 33.727738], [130.710575, 33.727292], [130.711488, 33.727066], [130.711911, 33.726765], [130.712063, 33.725773], [130.711788, 33.725208], [130.711374, 33.725103], [130.711021, 33.725385], [130.710681, 33.725268], [130.710721, 33.724823], [130.709281, 33.725112], [130.70779, 33.725601], [130.707455, 33.725225], [130.706892, 33.725428], [130.70609, 33.725367], [130.705358, 33.725458], [130.703923, 33.725818], [130.702942, 33.725748], [130.702638, 33.725245], [130.701316, 33.72473], [130.701081, 33.724189], [130.70075, 33.724146], [130.700235, 33.723785], [130.699853, 33.723721], [130.699249, 33.722767], [130.698876, 33.722446], [130.697971, 33.722363], [130.697111, 33.722426], [130.696944, 33.722074], [130.696946, 33.720655], [130.695668, 33.720133], [130.695372, 33.719839], [130.696229, 33.715091], [130.696419, 33.714946], [130.696934, 33.715214], [130.697289, 33.715178], [130.697631, 33.714841], [130.69787, 33.714191], [130.697723, 33.713631], [130.697339, 33.713492], [130.696967, 33.712998], [130.696949, 33.712066], [130.696623, 33.71158], [130.696816, 33.709712], [130.697036, 33.709081], [130.696841, 33.708676], [130.697132, 33.707828], [130.696784, 33.70696], [130.696916, 33.706158], [130.69672, 33.705263], [130.696788, 33.704862], [130.697129, 33.703941], [130.697583, 33.703899], [130.69853, 33.704135], [130.698768, 33.704093], [130.698965, 33.703855], [130.698684, 33.703083], [130.698879, 33.701084], [130.698085, 33.699926], [130.697354, 33.699379], [130.69655, 33.698989], [130.695874, 33.698846], [130.695086, 33.699147], [130.693849, 33.699174], [130.691413, 33.699631], [130.690182, 33.699291], [130.688324, 33.699216], [130.687568, 33.69894], [130.686462, 33.698873], [130.686053, 33.697852], [130.685547, 33.697812], [130.685406, 33.698024], [130.685335, 33.699061], [130.684898, 33.700287], [130.684975, 33.700801], [130.685356, 33.701196], [130.685448, 33.701555], [130.685149, 33.70214], [130.685033, 33.70295], [130.684789, 33.703339], [130.684563, 33.703432], [130.683492, 33.703553], [130.683062, 33.703493], [130.682353, 33.702979], [130.682199, 33.702512], [130.681619, 33.701929], [130.681388, 33.700579], [130.68102, 33.700174], [130.680666, 33.699241], [130.679251, 33.69906], [130.679103, 33.698655], [130.678669, 33.698546], [130.677955, 33.698034], [130.677454, 33.698006], [130.67708, 33.697695], [130.676245, 33.697958], [130.67567, 33.697894], [130.675162, 33.697267], [130.675099, 33.696634], [130.67492, 33.696287], [130.673888, 33.696339], [130.673388, 33.696496], [130.672724, 33.696089], [130.672567, 33.695154], [130.672888, 33.694583], [130.671841, 33.693714], [130.671549, 33.692153], [130.671111, 33.691641], [130.671121, 33.691083], [130.671584, 33.690669], [130.671445, 33.690098], [130.672024, 33.689886], [130.672165, 33.689234], [130.672918, 33.688517], [130.673324, 33.688388], [130.674699, 33.688299], [130.675004, 33.68773], [130.674925, 33.686822], [130.675426, 33.686594], [130.677223, 33.684248], [130.67768, 33.683234], [130.678029, 33.683059], [130.67873, 33.683226], [130.678968, 33.683126], [130.679047, 33.682924], [130.679349, 33.683182], [130.681129, 33.683152], [130.681632, 33.683259], [130.681784, 33.683642], [130.682067, 33.683883], [130.682638, 33.685217], [130.682908, 33.685493], [130.685045, 33.685568], [130.685214, 33.685665], [130.685486, 33.686228], [130.686089, 33.686095], [130.686148, 33.685594], [130.686976, 33.685181], [130.68699, 33.685072], [130.686703, 33.685027], [130.685768, 33.685146], [130.68577, 33.684886], [130.687418, 33.684852], [130.687776, 33.684174], [130.688019, 33.684281], [130.688551, 33.684876], [130.688857, 33.684862], [130.689089, 33.685045], [130.689885, 33.68487], [130.689941, 33.684682], [130.689319, 33.68381], [130.689276, 33.683441], [130.689447, 33.683326], [130.689826, 33.683423], [130.690589, 33.68463], [130.691141, 33.685085], [130.691454, 33.685008], [130.691496, 33.684591], [130.691757, 33.684996], [130.692458, 33.685096], [130.692878, 33.684982], [130.693059, 33.684688], [130.692683, 33.684153], [130.693463, 33.684791], [130.69421, 33.684815], [130.695306, 33.68533], [130.696528, 33.685657], [130.69718, 33.685714], [130.698512, 33.685399], [130.700881, 33.683871], [130.701309, 33.68323], [130.702444, 33.683054], [130.702485, 33.682673], [130.702878, 33.682408], [130.704457, 33.682523], [130.706147, 33.683013], [130.707403, 33.683219], [130.709266, 33.684243], [130.710422, 33.685109], [130.710927, 33.68531], [130.711225, 33.68596], [130.712497, 33.687237], [130.714311, 33.691911], [130.714833, 33.692888], [130.714601, 33.69339], [130.713371, 33.694523], [130.71219, 33.696493], [130.713396, 33.698482], [130.713403, 33.699019], [130.712588, 33.699999], [130.712794, 33.700949], [130.713727, 33.701156], [130.713749, 33.70135], [130.714156, 33.701429], [130.714148, 33.701588], [130.714609, 33.701584], [130.715449, 33.701274], [130.716573, 33.70152], [130.717056, 33.700935], [130.717318, 33.701179], [130.717656, 33.700776], [130.719093, 33.700732], [130.720512, 33.69979], [130.721715, 33.69983], [130.723813, 33.700368], [130.724265, 33.700596], [130.72603, 33.702], [130.726235, 33.702885], [130.726069, 33.703471], [130.726875, 33.704504], [130.726757, 33.705643], [130.727331, 33.706596]]]}}, {"type": "Feature", "properties": {"pref_code": "40", "pref_name": "福岡県", "municipality_code": "40402", "municipality_name": "鞍手町", "ward_name": "", "display_name": "鞍手町", "geometry_key": "40402"}, "geometry": {"type": "Polygon", "coordinates": [[[130.669754, 33.819628], [130.668638, 33.819172], [130.665729, 33.818887], [130.665423, 33.818918], [130.664001, 33.819726], [130.662038, 33.820038], [130.661118, 33.81988], [130.659934, 33.819366], [130.657991, 33.819147], [130.65541, 33.817151], [130.654037, 33.816649], [130.653631, 33.816384], [130.653139, 33.815627], [130.653429, 33.815179], [130.653156, 33.814726], [130.653196, 33.813987], [130.651662, 33.811522], [130.650974, 33.810858], [130.650035, 33.810241], [130.649006, 33.809637], [130.648451, 33.809479], [130.64736, 33.809332], [130.645519, 33.809494], [130.645047, 33.809177], [130.643701, 33.808824], [130.641424, 33.809069], [130.640938, 33.809485], [130.63959, 33.809893], [130.639201, 33.810162], [130.637453, 33.810634], [130.635967, 33.812746], [130.635353, 33.812124], [130.635307, 33.811277], [130.635497, 33.810702], [130.636258, 33.809895], [130.636109, 33.80854], [130.636567, 33.808216], [130.636906, 33.807547], [130.637954, 33.80672], [130.637074, 33.806661], [130.636383, 33.806479], [130.635588, 33.805954], [130.634779, 33.805166], [130.633181, 33.804195], [130.633203, 33.803585], [130.633831, 33.802623], [130.633491, 33.801699], [130.634095, 33.801066], [130.634095, 33.800868], [130.633742, 33.800532], [130.633775, 33.800382], [130.634062, 33.800143], [130.634779, 33.799879], [130.635708, 33.799685], [130.635921, 33.798342], [130.636153, 33.798176], [130.636564, 33.798147], [130.636858, 33.797888], [130.636711, 33.797422], [130.636198, 33.796992], [130.636151, 33.796776], [130.636645, 33.796504], [130.63679, 33.796052], [130.637219, 33.796004], [130.637484, 33.795821], [130.637781, 33.795045], [130.638728, 33.794071], [130.638764, 33.792294], [130.638622, 33.791497], [130.638828, 33.791226], [130.639181, 33.791125], [130.639816, 33.790618], [130.640968, 33.790529], [130.640992, 33.789702], [130.641155, 33.789472], [130.641534, 33.789216], [130.642298, 33.787893], [130.643439, 33.787046], [130.643451, 33.786724], [130.64418, 33.786105], [130.644767, 33.785174], [130.644877, 33.784698], [130.644501, 33.784052], [130.645056, 33.781836], [130.645946, 33.781096], [130.646304, 33.779554], [130.646793, 33.778526], [130.648208, 33.776755], [130.648507, 33.776064], [130.648548, 33.774774], [130.648887, 33.774633], [130.649587, 33.77468], [130.649794, 33.774566], [130.649891, 33.773922], [130.650488, 33.773401], [130.650611, 33.773069], [130.650895, 33.772085], [130.650768, 33.77162], [130.650088, 33.770851], [130.649368, 33.770676], [130.649285, 33.77024], [130.649393, 33.769559], [130.649961, 33.769229], [130.65014, 33.768595], [130.650398, 33.768286], [130.650544, 33.767456], [130.651696, 33.765752], [130.651488, 33.76483], [130.651759, 33.763481], [130.651969, 33.763157], [130.652387, 33.762874], [130.652504, 33.762606], [130.652418, 33.762025], [130.651909, 33.761433], [130.651796, 33.76105], [130.651815, 33.760006], [130.652549, 33.758794], [130.652622, 33.758112], [130.652487, 33.75694], [130.651988, 33.755672], [130.652083, 33.755014], [130.651794, 33.753725], [130.652134, 33.753076], [130.652673, 33.752692], [130.65297, 33.752227], [130.652787, 33.75129], [130.651984, 33.750821], [130.652017, 33.750314], [130.652577, 33.749944], [130.65316, 33.74908], [130.654692, 33.747523], [130.654216, 33.746383], [130.653895, 33.746028], [130.653937, 33.745664], [130.65451, 33.7448], [130.654542, 33.744197], [130.654822, 33.743964], [130.65515, 33.743109], [130.656084, 33.742652], [130.656669, 33.741837], [130.657245, 33.741711], [130.657275, 33.741081], [130.657717, 33.74036], [130.65742, 33.739737], [130.657465, 33.739599], [130.659552, 33.739869], [130.659868, 33.740056], [130.660117, 33.740529], [130.660307, 33.74064], [130.661225, 33.74006], [130.663177, 33.740941], [130.664125, 33.740878], [130.664919, 33.741041], [130.665685, 33.740961], [130.666832, 33.740424], [130.667758, 33.740507], [130.668726, 33.74141], [130.669441, 33.741444], [130.669689, 33.741186], [130.67006, 33.741304], [130.670787, 33.741205], [130.670992, 33.741656], [130.671987, 33.742234], [130.672377, 33.742745], [130.673214, 33.743082], [130.673847, 33.743494], [130.674552, 33.74362], [130.675879, 33.744381], [130.677316, 33.744872], [130.678408, 33.744447], [130.678669, 33.744241], [130.678856, 33.743784], [130.679471, 33.743459], [130.679854, 33.744563], [130.680263, 33.745276], [130.680269, 33.745828], [130.680767, 33.746412], [130.680933, 33.747387], [130.681601, 33.748383], [130.68206, 33.748448], [130.682547, 33.748304], [130.683387, 33.748689], [130.684251, 33.748444], [130.684846, 33.74908], [130.685378, 33.750269], [130.68564, 33.750514], [130.685596, 33.750755], [130.685312, 33.751538], [130.684772, 33.751787], [130.684169, 33.752489], [130.683042, 33.753046], [130.683063, 33.753851], [130.682701, 33.754637], [130.682678, 33.755353], [130.681847, 33.756046], [130.681478, 33.756859], [130.681553, 33.75771], [130.681183, 33.759556], [130.681452, 33.760609], [130.681444, 33.76114], [130.680996, 33.762593], [130.680104, 33.763171], [130.680409, 33.764538], [130.680358, 33.76539], [130.680898, 33.766089], [130.681169, 33.766206], [130.683021, 33.765698], [130.684175, 33.765699], [130.685129, 33.765199], [130.685803, 33.765205], [130.686487, 33.765038], [130.688062, 33.766019], [130.688463, 33.766039], [130.689359, 33.765817], [130.691167, 33.766453], [130.69151, 33.766673], [130.69201, 33.767458], [130.692828, 33.767736], [130.693629, 33.767609], [130.69545, 33.766679], [130.696368, 33.766759], [130.698444, 33.767824], [130.698561, 33.768346], [130.699121, 33.769062], [130.699448, 33.770039], [130.698978, 33.771203], [130.69923, 33.772036], [130.699236, 33.773031], [130.699439, 33.773173], [130.700188, 33.773255], [130.700439, 33.773564], [130.699756, 33.774641], [130.699721, 33.776605], [130.698719, 33.776804], [130.698739, 33.778096], [130.697542, 33.779035], [130.697216, 33.780084], [130.696368, 33.780851], [130.696579, 33.781883], [130.696255, 33.782181], [130.69561, 33.782362], [130.695446, 33.782528], [130.695076, 33.783501], [130.695145, 33.784531], [130.696259, 33.784799], [130.696465, 33.785347], [130.696533, 33.786351], [130.697405, 33.787408], [130.697747, 33.787626], [130.698523, 33.787827], [130.699223, 33.788427], [130.699938, 33.788487], [130.699621, 33.789859], [130.700602, 33.790176], [130.700455, 33.790953], [130.702179, 33.79201], [130.70313, 33.792265], [130.703473, 33.792491], [130.704538, 33.794202], [130.704558, 33.794745], [130.704714, 33.794975], [130.707161, 33.796054], [130.705488, 33.798971], [130.704799, 33.800622], [130.703562, 33.801264], [130.701269, 33.802462], [130.700637, 33.803344], [130.700572, 33.806468], [130.700429, 33.806616], [130.697204, 33.806021], [130.695431, 33.805864], [130.693735, 33.806185], [130.692951, 33.80651], [130.692091, 33.807123], [130.691305, 33.808266], [130.691167, 33.810035], [130.690724, 33.810767], [130.68986, 33.811521], [130.687897, 33.812615], [130.686786, 33.812545], [130.685203, 33.812127], [130.683037, 33.810968], [130.681385, 33.810875], [130.680652, 33.811087], [130.680238, 33.811728], [130.680021, 33.812477], [130.679811, 33.813396], [130.679729, 33.814718], [130.679321, 33.815742], [130.678794, 33.816561], [130.6785, 33.816793], [130.676711, 33.817634], [130.674573, 33.821524], [130.669754, 33.819628]]]}}, {"type": "Feature", "properties": {"pref_code": "40", "pref_name": "福岡県", "municipality_code": "40421", "municipality_name": "桂川町", "ward_name": "", "display_name": "桂川町", "geometry_key": "40421"}, "geometry": {"type": "Polygon", "coordinates": [[[130.70011, 33.599507], [130.698784, 33.598935], [130.698544, 33.598411], [130.697964, 33.598043], [130.697353, 33.597829], [130.695958, 33.59765], [130.694785, 33.597883], [130.693805, 33.597563], [130.693167, 33.597049], [130.692774, 33.59642], [130.692555, 33.596334], [130.692129, 33.596456], [130.691812, 33.596391], [130.691204, 33.595682], [130.690798, 33.595889], [130.689776, 33.596848], [130.688975, 33.596818], [130.68832, 33.596572], [130.687699, 33.596501], [130.687093, 33.596632], [130.686547, 33.596905], [130.685221, 33.596734], [130.684888, 33.596809], [130.684069, 33.59751], [130.682723, 33.598961], [130.682232, 33.602414], [130.67966, 33.602488], [130.679422, 33.601222], [130.679578, 33.600615], [130.679209, 33.600028], [130.67919, 33.598862], [130.678971, 33.598267], [130.677064, 33.598964], [130.676856, 33.600481], [130.675628, 33.600541], [130.674433, 33.600916], [130.673955, 33.600959], [130.671434, 33.600602], [130.669986, 33.600275], [130.669537, 33.599493], [130.667457, 33.597091], [130.66663, 33.59645], [130.666364, 33.596509], [130.666218, 33.596699], [130.666032, 33.59735], [130.665646, 33.597962], [130.664318, 33.598003], [130.663789, 33.597792], [130.663398, 33.597358], [130.662792, 33.597056], [130.661975, 33.59634], [130.660179, 33.596414], [130.659522, 33.597563], [130.658632, 33.597348], [130.657903, 33.596323], [130.657391, 33.596256], [130.656576, 33.595938], [130.653749, 33.595464], [130.653379, 33.594935], [130.653278, 33.594519], [130.653392, 33.593833], [130.653059, 33.593695], [130.651599, 33.593754], [130.651096, 33.592694], [130.650142, 33.592085], [130.649771, 33.591249], [130.649742, 33.590317], [130.64903, 33.589499], [130.649163, 33.58871], [130.650746, 33.588564], [130.653134, 33.588975], [130.653388, 33.588929], [130.653755, 33.588385], [130.653965, 33.588336], [130.65509, 33.588982], [130.656069, 33.588888], [130.656537, 33.588656], [130.657581, 33.587791], [130.659789, 33.586902], [130.659422, 33.585584], [130.658847, 33.584451], [130.657971, 33.583495], [130.65739, 33.582563], [130.656426, 33.581756], [130.656768, 33.581039], [130.657775, 33.581117], [130.657923, 33.580865], [130.658211, 33.580793], [130.658377, 33.579827], [130.658554, 33.580077], [130.659376, 33.579718], [130.660519, 33.580661], [130.661756, 33.581264], [130.663366, 33.581762], [130.663684, 33.582303], [130.664251, 33.581944], [130.664487, 33.581936], [130.664933, 33.582892], [130.664506, 33.582811], [130.664433, 33.58298], [130.664523, 33.584125], [130.664718, 33.584258], [130.665014, 33.584145], [130.66515, 33.583855], [130.665787, 33.583635], [130.665931, 33.583877], [130.666056, 33.584385], [130.665804, 33.584521], [130.666088, 33.584628], [130.665857, 33.585021], [130.665203, 33.585239], [130.665746, 33.586517], [130.667347, 33.585699], [130.667067, 33.585328], [130.666737, 33.585183], [130.666686, 33.584262], [130.666329, 33.58379], [130.666744, 33.582669], [130.666363, 33.582169], [130.666601, 33.581996], [130.665723, 33.58092], [130.666116, 33.580594], [130.665692, 33.580102], [130.665743, 33.579356], [130.665582, 33.578909], [130.665064, 33.57799], [130.664291, 33.577026], [130.663712, 33.575507], [130.66338, 33.574942], [130.663068, 33.574688], [130.663104, 33.574031], [130.662723, 33.573523], [130.663034, 33.57195], [130.662835, 33.571076], [130.662964, 33.570278], [130.662736, 33.56946], [130.66068, 33.568731], [130.660285, 33.568384], [130.660284, 33.568206], [130.660549, 33.567856], [130.660628, 33.566764], [130.661005, 33.566286], [130.66182, 33.565909], [130.662076, 33.565603], [130.662101, 33.564906], [130.662634, 33.564382], [130.663025, 33.563455], [130.66368, 33.56277], [130.663964, 33.560864], [130.664663, 33.559864], [130.664576, 33.558845], [130.665106, 33.557652], [130.664745, 33.556608], [130.664743, 33.555782], [130.664917, 33.55521], [130.665239, 33.5549], [130.664949, 33.554255], [130.666077, 33.552135], [130.666011, 33.550245], [130.665853, 33.549552], [130.666026, 33.549544], [130.667027, 33.550249], [130.66759, 33.550974], [130.668083, 33.551256], [130.668732, 33.551966], [130.671337, 33.553166], [130.671631, 33.553396], [130.671744, 33.554069], [130.672088, 33.554202], [130.672982, 33.554315], [130.673979, 33.553553], [130.674664, 33.553585], [130.675999, 33.553964], [130.676313, 33.55394], [130.676986, 33.553646], [130.677516, 33.552755], [130.677731, 33.551663], [130.677557, 33.551155], [130.677699, 33.550813], [130.6755, 33.547775], [130.675579, 33.547287], [130.676066, 33.546929], [130.676291, 33.546538], [130.676849, 33.546175], [130.677131, 33.545539], [130.676703, 33.544205], [130.676257, 33.543576], [130.676076, 33.542988], [130.675152, 33.542399], [130.675003, 33.542049], [130.673515, 33.54194], [130.673229, 33.541654], [130.673172, 33.541299], [130.67189, 33.540224], [130.671662, 33.539829], [130.671646, 33.539462], [130.670598, 33.538402], [130.670609, 33.538084], [130.670912, 33.537661], [130.670688, 33.536903], [130.670642, 33.535628], [130.670236, 33.534975], [130.670062, 33.53483], [130.66934, 33.534644], [130.669235, 33.534447], [130.66943, 33.533536], [130.670272, 33.532904], [130.670531, 33.532215], [130.67058, 33.531151], [130.672338, 33.529458], [130.672223, 33.529076], [130.672789, 33.529297], [130.673179, 33.529688], [130.673018, 33.53034], [130.673589, 33.531053], [130.674157, 33.531119], [130.674689, 33.531002], [130.675095, 33.531211], [130.677056, 33.531086], [130.677448, 33.531354], [130.677545, 33.531901], [130.677306, 33.532584], [130.677424, 33.532776], [130.678399, 33.53328], [130.678579, 33.534044], [130.679296, 33.534403], [130.679487, 33.534656], [130.679407, 33.53489], [130.678744, 33.535375], [130.678728, 33.535563], [130.678953, 33.535801], [130.679583, 33.535834], [130.679758, 33.535974], [130.679863, 33.536386], [130.680704, 33.537567], [130.680681, 33.53784], [130.680521, 33.537933], [130.679974, 33.537982], [130.679411, 33.537844], [130.679183, 33.537887], [130.679059, 33.538139], [130.679851, 33.538845], [130.680435, 33.539177], [130.68075, 33.540462], [130.681464, 33.541343], [130.681323, 33.541822], [130.681414, 33.541957], [130.682958, 33.542346], [130.684663, 33.54171], [130.685021, 33.541959], [130.685048, 33.542226], [130.68467, 33.543383], [130.685232, 33.544044], [130.684961, 33.544659], [130.68514, 33.545204], [130.684933, 33.545839], [130.685596, 33.546586], [130.685976, 33.547868], [130.685738, 33.548318], [130.684702, 33.548544], [130.684463, 33.548808], [130.684345, 33.549151], [130.684718, 33.549727], [130.685593, 33.550404], [130.686511, 33.550686], [130.68777, 33.550279], [130.689243, 33.550286], [130.690288, 33.550437], [130.691205, 33.550854], [130.691936, 33.551679], [130.692138, 33.552087], [130.691755, 33.552311], [130.691614, 33.552622], [130.692076, 33.554294], [130.692922, 33.555973], [130.693035, 33.556991], [130.693599, 33.557461], [130.69361, 33.558374], [130.693971, 33.558773], [130.694006, 33.559294], [130.693993, 33.560051], [130.693143, 33.561481], [130.693213, 33.562858], [130.692969, 33.564241], [130.69262, 33.565214], [130.692628, 33.565581], [130.692257, 33.566094], [130.692654, 33.566345], [130.692977, 33.566785], [130.693697, 33.567015], [130.693891, 33.56731], [130.694194, 33.567366], [130.695522, 33.568198], [130.695693, 33.568137], [130.696234, 33.568634], [130.696524, 33.569131], [130.698691, 33.56963], [130.699899, 33.572093], [130.700486, 33.573006], [130.700357, 33.573507], [130.699376, 33.573632], [130.699265, 33.574972], [130.700318, 33.574993], [130.700763, 33.575534], [130.700674, 33.576209], [130.701321, 33.577049], [130.701513, 33.581503], [130.704089, 33.581963], [130.704269, 33.584229], [130.704049, 33.585432], [130.704172, 33.58609], [130.703713, 33.586965], [130.703918, 33.587465], [130.704962, 33.588907], [130.704868, 33.58987], [130.70514, 33.590341], [130.705147, 33.590724], [130.704074, 33.592374], [130.703105, 33.592955], [130.702651, 33.593798], [130.703118, 33.595204], [130.703054, 33.596687], [130.702933, 33.596885], [130.702032, 33.597259], [130.70155, 33.597146], [130.700939, 33.597446], [130.700325, 33.597474], [130.700258, 33.597669], [130.700432, 33.598476], [130.70011, 33.599507]]]}}, {"type": "Feature", "properties": {"pref_code": "40", "pref_name": "福岡県", "municipality_code": "40447", "municipality_name": "筑前町", "ward_name": "", "display_name": "筑前町", "geometry_key": "40447"}, "geometry": {"type": "Polygon", "coordinates": [[[130.662385, 33.503817], [130.662033, 33.504377], [130.661616, 33.504363], [130.660666, 33.504076], [130.660229, 33.504194], [130.659955, 33.504568], [130.660094, 33.50491], [130.660591, 33.505248], [130.660432, 33.505941], [130.659572, 33.506279], [130.659469, 33.506429], [130.659574, 33.507234], [130.658916, 33.508195], [130.658048, 33.508678], [130.657564, 33.509173], [130.657082, 33.509394], [130.656865, 33.509936], [130.655929, 33.51041], [130.655126, 33.510282], [130.654398, 33.510686], [130.653135, 33.510954], [130.652076, 33.510068], [130.651759, 33.509529], [130.650891, 33.509072], [130.650243, 33.509258], [130.64934, 33.50926], [130.648686, 33.509771], [130.648462, 33.509661], [130.647481, 33.509032], [130.64704, 33.508466], [130.646025, 33.508309], [130.64493, 33.506822], [130.642144, 33.505505], [130.641495, 33.505543], [130.64087, 33.505346], [130.637819, 33.505159], [130.636024, 33.504811], [130.635384, 33.505342], [130.635289, 33.505554], [130.635308, 33.507251], [130.634805, 33.507294], [130.634585, 33.507557], [130.634444, 33.507944], [130.634433, 33.508877], [130.634151, 33.509371], [130.633915, 33.509493], [130.633288, 33.509094], [130.633065, 33.508314], [130.633087, 33.507701], [130.632801, 33.506859], [130.63249, 33.506459], [130.631921, 33.506017], [130.631414, 33.505891], [130.630788, 33.50593], [130.62955, 33.506361], [130.628869, 33.505376], [130.628087, 33.504883], [130.627926, 33.50451], [130.627251, 33.504191], [130.626712, 33.504081], [130.626423, 33.504205], [130.626237, 33.504449], [130.625044, 33.504641], [130.624666, 33.504907], [130.62407, 33.504895], [130.623965, 33.505052], [130.623506, 33.505191], [130.622986, 33.505129], [130.622692, 33.50527], [130.622453, 33.505779], [130.621446, 33.506099], [130.620424, 33.505754], [130.618576, 33.504599], [130.617764, 33.503813], [130.616341, 33.502179], [130.616313, 33.50099], [130.614829, 33.50101], [130.614374, 33.500866], [130.614149, 33.500636], [130.614111, 33.499793], [130.612731, 33.498814], [130.612192, 33.498584], [130.611737, 33.498013], [130.611078, 33.497632], [130.61001, 33.495921], [130.609968, 33.495252], [130.610486, 33.494109], [130.610318, 33.492887], [130.608275, 33.492666], [130.606846, 33.491491], [130.606034, 33.491596], [130.605473, 33.491438], [130.604892, 33.491589], [130.604156, 33.491477], [130.602711, 33.490311], [130.601989, 33.489136], [130.601583, 33.488906], [130.600051, 33.488946], [130.598645, 33.488101], [130.598001, 33.487936], [130.596018, 33.488317], [130.595402, 33.488087], [130.594261, 33.487339], [130.592714, 33.487113], [130.592212, 33.486419], [130.59178, 33.486134], [130.591528, 33.486069], [130.591055, 33.486757], [130.589997, 33.486025], [130.589019, 33.485734], [130.58876, 33.48468], [130.589201, 33.483904], [130.589215, 33.483336], [130.589096, 33.482799], [130.588515, 33.481624], [130.588279, 33.481424], [130.586596, 33.481216], [130.586068, 33.481], [130.585655, 33.480971], [130.58547, 33.479106], [130.58382, 33.478122], [130.583303, 33.477491], [130.58318, 33.476743], [130.582785, 33.475757], [130.58067, 33.474189], [130.580517, 33.473817], [130.580877, 33.473656], [130.580086, 33.472733], [130.578768, 33.473514], [130.577932, 33.472569], [130.576388, 33.473456], [130.576327, 33.473301], [130.575323, 33.473616], [130.575365, 33.473734], [130.574211, 33.473954], [130.574277, 33.474425], [130.57449, 33.474521], [130.574369, 33.475126], [130.571563, 33.474315], [130.571339, 33.474367], [130.570282, 33.475069], [130.569558, 33.475961], [130.569079, 33.476312], [130.568192, 33.476525], [130.567954, 33.476785], [130.567027, 33.47684], [130.566485, 33.476722], [130.566313, 33.476807], [130.567462, 33.478433], [130.568399, 33.480678], [130.568211, 33.481419], [130.567808, 33.481727], [130.567252, 33.481898], [130.566783, 33.481862], [130.565617, 33.480794], [130.56461, 33.479446], [130.563751, 33.478779], [130.562782, 33.47776], [130.562246, 33.476779], [130.561653, 33.476381], [130.560911, 33.475383], [130.560848, 33.475173], [130.561062, 33.474769], [130.560851, 33.474322], [130.56189, 33.473902], [130.562226, 33.473561], [130.562516, 33.472428], [130.562401, 33.471192], [130.561586, 33.470234], [130.561758, 33.46959], [130.56174, 33.469056], [130.562481, 33.468142], [130.562691, 33.467692], [130.562548, 33.467305], [130.562069, 33.466742], [130.562356, 33.465909], [130.561869, 33.465003], [130.562119, 33.463636], [130.561836, 33.46317], [130.562016, 33.462758], [130.563067, 33.461602], [130.563008, 33.460642], [130.563719, 33.459049], [130.565874, 33.456544], [130.56855, 33.454255], [130.568926, 33.454023], [130.569552, 33.454459], [130.570252, 33.454069], [130.570667, 33.454529], [130.571038, 33.454309], [130.571013, 33.453503], [130.570852, 33.453358], [130.570961, 33.45297], [130.570639, 33.452661], [130.571608, 33.451464], [130.571971, 33.449565], [130.572709, 33.448171], [130.572904, 33.447324], [130.573124, 33.447957], [130.57388, 33.447466], [130.574036, 33.447664], [130.575016, 33.447074], [130.57459, 33.446598], [130.575522, 33.446047], [130.574973, 33.445517], [130.575571, 33.445113], [130.5759, 33.445189], [130.576054, 33.445044], [130.576951, 33.445038], [130.576973, 33.444409], [130.578537, 33.443839], [130.583648, 33.441609], [130.584409, 33.441247], [130.584619, 33.441027], [130.583808, 33.440134], [130.582644, 33.439254], [130.580754, 33.437205], [130.580523, 33.437031], [130.579766, 33.436971], [130.580951, 33.436416], [130.582497, 33.43732], [130.582773, 33.436911], [130.581533, 33.436006], [130.581298, 33.43559], [130.582708, 33.43406], [130.583166, 33.433387], [130.583306, 33.433348], [130.58411, 33.43371], [130.585013, 33.432096], [130.584208, 33.431689], [130.584355, 33.431324], [130.584729, 33.431427], [130.584943, 33.431042], [130.585128, 33.431068], [130.585338, 33.430656], [130.585761, 33.430633], [130.586024, 33.430125], [130.587536, 33.430353], [130.588061, 33.430143], [130.588551, 33.429743], [130.588345, 33.429639], [130.588341, 33.429458], [130.589649, 33.42845], [130.590188, 33.428276], [130.591038, 33.427505], [130.592227, 33.426665], [130.596009, 33.424772], [130.598354, 33.423403], [130.599677, 33.422114], [130.600586, 33.420768], [130.602637, 33.420327], [130.605055, 33.419291], [130.606336, 33.417773], [130.6067, 33.416906], [130.610167, 33.412372], [130.609316, 33.412306], [130.609339, 33.411956], [130.611049, 33.411971], [130.611334, 33.411527], [130.611678, 33.411319], [130.612029, 33.41128], [130.612164, 33.41146], [130.611718, 33.412241], [130.611713, 33.412847], [130.612375, 33.412961], [130.6128, 33.413648], [130.613105, 33.413631], [130.613409, 33.412715], [130.613184, 33.411671], [130.613525, 33.411046], [130.613465, 33.410208], [130.613081, 33.409775], [130.612131, 33.40925], [130.612131, 33.409067], [130.616312, 33.404899], [130.617737, 33.405872], [130.61646, 33.407161], [130.623813, 33.412268], [130.624608, 33.411825], [130.626533, 33.411851], [130.6282, 33.411626], [130.628656, 33.411899], [130.63049, 33.411659], [130.632311, 33.411592], [130.632694, 33.411692], [130.633335, 33.412125], [130.63382, 33.412117], [130.634483, 33.411726], [130.635333, 33.411929], [130.635731, 33.411814], [130.635986, 33.411896], [130.636253, 33.412531], [130.636046, 33.413207], [130.63624, 33.41334], [130.636874, 33.413444], [130.637627, 33.413998], [130.638376, 33.415394], [130.638834, 33.415867], [130.640833, 33.418956], [130.641648, 33.419281], [130.642609, 33.421421], [130.644994, 33.420341], [130.645207, 33.420465], [130.645205, 33.421887], [130.645813, 33.423186], [130.645537, 33.423413], [130.647166, 33.4261], [130.651022, 33.431802], [130.651591, 33.431553], [130.651814, 33.430993], [130.653962, 33.431204], [130.654432, 33.431782], [130.654716, 33.432479], [130.656406, 33.433633], [130.656686, 33.434534], [130.658448, 33.436196], [130.657801, 33.43676], [130.655876, 33.437738], [130.656841, 33.439129], [130.657587, 33.438841], [130.659191, 33.441107], [130.658166, 33.441649], [130.65842, 33.44208], [130.656537, 33.443049], [130.656228, 33.443422], [130.654653, 33.445775], [130.655053, 33.446396], [130.654778, 33.446801], [130.654304, 33.44668], [130.653821, 33.446245], [130.652718, 33.446395], [130.65058, 33.445942], [130.649845, 33.446817], [130.648736, 33.447162], [130.647347, 33.448021], [130.648519, 33.449897], [130.648753, 33.450694], [130.649533, 33.45128], [130.649563, 33.451654], [130.649386, 33.451986], [130.648011, 33.453459], [130.648364, 33.454307], [130.647802, 33.455466], [130.647711, 33.45612], [130.64835, 33.457676], [130.648518, 33.458635], [130.648926, 33.459309], [130.649025, 33.459662], [130.648899, 33.460876], [130.649278, 33.461526], [130.649674, 33.462028], [130.650042, 33.462271], [130.650738, 33.462182], [130.651466, 33.462823], [130.652308, 33.463174], [130.653353, 33.463922], [130.653547, 33.464333], [130.653386, 33.465129], [130.653477, 33.465398], [130.654191, 33.465802], [130.654254, 33.465954], [130.653833, 33.467009], [130.654241, 33.467834], [130.654059, 33.468358], [130.65411, 33.468646], [130.654531, 33.469103], [130.654426, 33.46976], [130.654701, 33.470164], [130.655536, 33.470543], [130.655784, 33.47109], [130.656531, 33.471795], [130.656317, 33.472601], [130.656362, 33.472907], [130.657347, 33.473497], [130.658446, 33.473591], [130.658747, 33.47357], [130.659461, 33.473058], [130.66003, 33.473135], [130.660171, 33.473307], [130.660137, 33.473875], [130.660311, 33.47406], [130.660758, 33.474111], [130.661107, 33.474289], [130.661163, 33.475518], [130.661331, 33.476045], [130.661983, 33.477048], [130.662833, 33.477839], [130.662806, 33.478586], [130.662984, 33.47911], [130.663204, 33.479332], [130.664183, 33.479672], [130.664857, 33.480092], [130.664666, 33.480495], [130.664724, 33.481306], [130.664575, 33.482136], [130.664667, 33.482667], [130.665227, 33.483474], [130.665904, 33.48572], [130.66479, 33.486206], [130.664363, 33.48607], [130.663454, 33.486787], [130.662959, 33.486886], [130.662561, 33.487351], [130.662185, 33.488139], [130.66317, 33.488995], [130.663348, 33.489001], [130.663688, 33.488737], [130.665026, 33.488582], [130.665509, 33.488629], [130.665745, 33.488878], [130.666044, 33.489586], [130.665958, 33.490212], [130.666535, 33.490764], [130.66663, 33.491004], [130.665057, 33.492037], [130.664567, 33.492545], [130.664558, 33.492722], [130.664995, 33.493276], [130.664874, 33.494219], [130.665064, 33.494395], [130.665648, 33.494234], [130.665719, 33.494397], [130.665511, 33.495081], [130.666038, 33.495863], [130.666266, 33.496536], [130.668125, 33.497546], [130.668676, 33.498091], [130.668743, 33.498598], [130.668595, 33.499042], [130.668063, 33.499842], [130.667397, 33.500015], [130.667375, 33.500742], [130.666339, 33.500748], [130.665684, 33.501518], [130.664566, 33.502323], [130.664209, 33.503049], [130.663741, 33.503368], [130.663065, 33.503428], [130.662385, 33.503817]], [[130.617659, 33.411832], [130.618595, 33.412206], [130.619188, 33.412243], [130.620257, 33.412021], [130.618428, 33.410911], [130.617659, 33.411832]]]}}, {"type": "Feature", "properties": {"pref_code": "40", "pref_name": "福岡県", "municipality_code": "40448", "municipality_name": "東峰村", "ward_name": "", "display_name": "東峰村", "geometry_key": "40448"}, "geometry": {"type": "Polygon", "coordinates": [[[130.817626, 33.488845], [130.817096, 33.488459], [130.8159, 33.488344], [130.815034, 33.488032], [130.814534, 33.488218], [130.814189, 33.488213], [130.813668, 33.487545], [130.812877, 33.487604], [130.811718, 33.487302], [130.811168, 33.486574], [130.811409, 33.485749], [130.811184, 33.485362], [130.810447, 33.484974], [130.809376, 33.485034], [130.809455, 33.484563], [130.809327, 33.484115], [130.808998, 33.483834], [130.808521, 33.483685], [130.808247, 33.483243], [130.808422, 33.482882], [130.809063, 33.48237], [130.808903, 33.481885], [130.809282, 33.480508], [130.809621, 33.479984], [130.809538, 33.479149], [130.809616, 33.478333], [130.809834, 33.477948], [130.809684, 33.476983], [130.809855, 33.476363], [130.809371, 33.476141], [130.80909, 33.475137], [130.808546, 33.474645], [130.808429, 33.474254], [130.808157, 33.474037], [130.807737, 33.473306], [130.806353, 33.472042], [130.805832, 33.471778], [130.805197, 33.471721], [130.804081, 33.472295], [130.803421, 33.472426], [130.803238, 33.472397], [130.802753, 33.471966], [130.802228, 33.472251], [130.799614, 33.472131], [130.798986, 33.471813], [130.7983, 33.47166], [130.796051, 33.472462], [130.793883, 33.472414], [130.791799, 33.471421], [130.791229, 33.470991], [130.789904, 33.469836], [130.787784, 33.469598], [130.786906, 33.4691], [130.784692, 33.469135], [130.783638, 33.469459], [130.782846, 33.469101], [130.781979, 33.46895], [130.781587, 33.46833], [130.780319, 33.467853], [130.779936, 33.467521], [130.778406, 33.465275], [130.778333, 33.464441], [130.777315, 33.464011], [130.77777, 33.463026], [130.77763, 33.461934], [130.777544, 33.461785], [130.776922, 33.461538], [130.776254, 33.459837], [130.774862, 33.458081], [130.773589, 33.4574], [130.772939, 33.456893], [130.772329, 33.456658], [130.771959, 33.456344], [130.771394, 33.456252], [130.770994, 33.455991], [130.770095, 33.455844], [130.768999, 33.455839], [130.767258, 33.455441], [130.76603, 33.455582], [130.76445, 33.454807], [130.76445, 33.454697], [130.764838, 33.454437], [130.765545, 33.454379], [130.766676, 33.453507], [130.76734, 33.453483], [130.769731, 33.452674], [130.770687, 33.452637], [130.771099, 33.452472], [130.771958, 33.452397], [130.77272, 33.452527], [130.773723, 33.452314], [130.774091, 33.452029], [130.774602, 33.452131], [130.774974, 33.451788], [130.776392, 33.450976], [130.777537, 33.450486], [130.778076, 33.450695], [130.779084, 33.450825], [130.780362, 33.451337], [130.781521, 33.451504], [130.781919, 33.451713], [130.783021, 33.451927], [130.783468, 33.452596], [130.784699, 33.4529], [130.785103, 33.453553], [130.785106, 33.454039], [130.785262, 33.454237], [130.78623, 33.454536], [130.786919, 33.454901], [130.787264, 33.4549], [130.787844, 33.454407], [130.789518, 33.454069], [130.789798, 33.453714], [130.790673, 33.453704], [130.790971, 33.453912], [130.792089, 33.454151], [130.792839, 33.454572], [130.793292, 33.454641], [130.793695, 33.454852], [130.794443, 33.456134], [130.794653, 33.456287], [130.796147, 33.456805], [130.797153, 33.456929], [130.798314, 33.457288], [130.798598, 33.45718], [130.798808, 33.456901], [130.799834, 33.456769], [130.80174, 33.455603], [130.802257, 33.45569], [130.803154, 33.454768], [130.803868, 33.45475], [130.804352, 33.454484], [130.804913, 33.454587], [130.805639, 33.455644], [130.806066, 33.456002], [130.806459, 33.456149], [130.806958, 33.456041], [130.80746, 33.456123], [130.808335, 33.45699], [130.809621, 33.457352], [130.810731, 33.458088], [130.811585, 33.457934], [130.812413, 33.457268], [130.812971, 33.457276], [130.81454, 33.45762], [130.81502, 33.457308], [130.816556, 33.457031], [130.816954, 33.456852], [130.818147, 33.457246], [130.818614, 33.456702], [130.819659, 33.456655], [130.819615, 33.456281], [130.820334, 33.456012], [130.820298, 33.455642], [130.820556, 33.455349], [130.821119, 33.454937], [130.82208, 33.454526], [130.822451, 33.453496], [130.823013, 33.452872], [130.823063, 33.45235], [130.82337, 33.452052], [130.823448, 33.451649], [130.823919, 33.45149], [130.824428, 33.451781], [130.824714, 33.45176], [130.825072, 33.451143], [130.825108, 33.450736], [130.825354, 33.450443], [130.826074, 33.450108], [130.82623, 33.449796], [130.826549, 33.449576], [130.827749, 33.449619], [130.828417, 33.448431], [130.82832, 33.447992], [130.828707, 33.447605], [130.828788, 33.447354], [130.828465, 33.44704], [130.828799, 33.446665], [130.828812, 33.446472], [130.828737, 33.445909], [130.828425, 33.445363], [130.828588, 33.444227], [130.828875, 33.443886], [130.828866, 33.443429], [130.828719, 33.443105], [130.828331, 33.442799], [130.827784, 33.442062], [130.82813, 33.440544], [130.828048, 33.440046], [130.829014, 33.439455], [130.829217, 33.439201], [130.830337, 33.439128], [130.830747, 33.438911], [130.831638, 33.437414], [130.831645, 33.436677], [130.83183, 33.436521], [130.832367, 33.436481], [130.832642, 33.436315], [130.832581, 33.435346], [130.832929, 33.43507], [130.833282, 33.433932], [130.834069, 33.433307], [130.833948, 33.431822], [130.834105, 33.431458], [130.834614, 33.431007], [130.834676, 33.430737], [130.834397, 33.430254], [130.834341, 33.429347], [130.834023, 33.428385], [130.834763, 33.426815], [130.834916, 33.425074], [130.835219, 33.424307], [130.835503, 33.423901], [130.836508, 33.423601], [130.836635, 33.423439], [130.836628, 33.423006], [130.836286, 33.421872], [130.83677, 33.420932], [130.838724, 33.418966], [130.83869, 33.418453], [130.840471, 33.417898], [130.841609, 33.416925], [130.842343, 33.416471], [130.843928, 33.416994], [130.845733, 33.417946], [130.846438, 33.418184], [130.847662, 33.418019], [130.848753, 33.418012], [130.848621, 33.417617], [130.848674, 33.417292], [130.848718, 33.417119], [130.849017, 33.416904], [130.849114, 33.416156], [130.849827, 33.415304], [130.850601, 33.414729], [130.850252, 33.414412], [130.850143, 33.414107], [130.850354, 33.413888], [130.85083, 33.413957], [130.851007, 33.411998], [130.850708, 33.411854], [130.851129, 33.411608], [130.851428, 33.410826], [130.851481, 33.410081], [130.851275, 33.409892], [130.850075, 33.410652], [130.849895, 33.411744], [130.850368, 33.41187], [130.850328, 33.412169], [130.849868, 33.412394], [130.849642, 33.411985], [130.849189, 33.411613], [130.849609, 33.411135], [130.849589, 33.410868], [130.849422, 33.410789], [130.848849, 33.411009], [130.848695, 33.410952], [130.849002, 33.4106], [130.849029, 33.410485], [130.848835, 33.410343], [130.849142, 33.409918], [130.848102, 33.409488], [130.848096, 33.409304], [130.848482, 33.409247], [130.849935, 33.409551], [130.850881, 33.409436], [130.851207, 33.408908], [130.852167, 33.408163], [130.852107, 33.407906], [130.852434, 33.407911], [130.852945, 33.407713], [130.854024, 33.407719], [130.85509, 33.406471], [130.855237, 33.405936], [130.854843, 33.405485], [130.853584, 33.405396], [130.852526, 33.405612], [130.853039, 33.405323], [130.852832, 33.405113], [130.853059, 33.404909], [130.852732, 33.404683], [130.853066, 33.404368], [130.853419, 33.40493], [130.854512, 33.405045], [130.854897, 33.40492], [130.85495, 33.405277], [130.85559, 33.405214], [130.855656, 33.405109], [130.855523, 33.404994], [130.854923, 33.404784], [130.85495, 33.404521], [130.856323, 33.404613], [130.856824, 33.403753], [130.855331, 33.403628], [130.854203, 33.403369], [130.854069, 33.403186], [130.854435, 33.402999], [130.855276, 33.403086], [130.855544, 33.403292], [130.856916, 33.403369], [130.857031, 33.403201], [130.85641, 33.402615], [130.856824, 33.402558], [130.857214, 33.402793], [130.857422, 33.402788], [130.858061, 33.402036], [130.858043, 33.401542], [130.857409, 33.400722], [130.857129, 33.400535], [130.855623, 33.401053], [130.854813, 33.4016], [130.854325, 33.401638], [130.853977, 33.401504], [130.854124, 33.401283], [130.854684, 33.401207], [130.854977, 33.400856], [130.855495, 33.40065], [130.855538, 33.400304], [130.85605, 33.40053], [130.856391, 33.400266], [130.856641, 33.400314], [130.856836, 33.400199], [130.856745, 33.399874], [130.856208, 33.399706], [130.856446, 33.399499], [130.855751, 33.398837], [130.85591, 33.398463], [130.856647, 33.398962], [130.857092, 33.399806], [130.857519, 33.400161], [130.857982, 33.400118], [130.858244, 33.399893], [130.858493, 33.398871], [130.858688, 33.398939], [130.858822, 33.399812], [130.859572, 33.399635], [130.859608, 33.399409], [130.859304, 33.398852], [130.859352, 33.398382], [130.859017, 33.398022], [130.858944, 33.39729], [130.859041, 33.396806], [130.858633, 33.395779], [130.858694, 33.394352], [130.857986, 33.393538], [130.857434, 33.393447], [130.856897, 33.393578], [130.856697, 33.393499], [130.856636, 33.393321], [130.856948, 33.392948], [130.857374, 33.390662], [130.857937, 33.390038], [130.858514, 33.388685], [130.858659, 33.3879], [130.858448, 33.386992], [130.858794, 33.386842], [130.85975, 33.386771], [130.860354, 33.386559], [130.860434, 33.386338], [130.860028, 33.384759], [130.858668, 33.384191], [130.858312, 33.383681], [130.858939, 33.383554], [130.860103, 33.383031], [130.860359, 33.382142], [130.861182, 33.381485], [130.86066, 33.380501], [130.860158, 33.38024], [130.859646, 33.379573], [130.859847, 33.378713], [130.859656, 33.377761], [130.859261, 33.377198], [130.859507, 33.376456], [130.859301, 33.375993], [130.859296, 33.37494], [130.859171, 33.374629], [130.859592, 33.37419], [130.859719, 33.372962], [130.861059, 33.37445], [130.862428, 33.376664], [130.863302, 33.377263], [130.864102, 33.377241], [130.864745, 33.377384], [130.865953, 33.377054], [130.86705, 33.377206], [130.868335, 33.376572], [130.86925, 33.376798], [130.870468, 33.377353], [130.872637, 33.377832], [130.873538, 33.377615], [130.876688, 33.378298], [130.877686, 33.378021], [130.878396, 33.376437], [130.87858, 33.376313], [130.878764, 33.376524], [130.878931, 33.378044], [130.879069, 33.378316], [130.880728, 33.378523], [130.881313, 33.378155], [130.883671, 33.378491], [130.884995, 33.378855], [130.88584, 33.379231], [130.88635, 33.379696], [130.88643, 33.380637], [130.88572, 33.3818], [130.886102, 33.382616], [130.885608, 33.383809], [130.885822, 33.384591], [130.88587, 33.385582], [130.884929, 33.38711], [130.884579, 33.389432], [130.885025, 33.390195], [130.88528, 33.391337], [130.885934, 33.392854], [130.886523, 33.394784], [130.886762, 33.396403], [130.886411, 33.397184], [130.887048, 33.398389], [130.887144, 33.399544], [130.887614, 33.400412], [130.886673, 33.402119], [130.887247, 33.403211], [130.887614, 33.404463], [130.88739, 33.405292], [130.888682, 33.40548], [130.8897, 33.405391], [130.890226, 33.405943], [130.891215, 33.405892], [130.892012, 33.40652], [130.891502, 33.408311], [130.890385, 33.409755], [130.890879, 33.411666], [130.890799, 33.412117], [130.890178, 33.412946], [130.889635, 33.413347], [130.889412, 33.413685], [130.889811, 33.414413], [130.88954, 33.415178], [130.889619, 33.415467], [130.890202, 33.416541], [130.891063, 33.417533], [130.891095, 33.419152], [130.891557, 33.419541], [130.892526, 33.419984], [130.892641, 33.420215], [130.892446, 33.420728], [130.892361, 33.422233], [130.891834, 33.423939], [130.892271, 33.425237], [130.892199, 33.425788], [130.891083, 33.426552], [130.89107, 33.427876], [130.891694, 33.429944], [130.892831, 33.430612], [130.893607, 33.431665], [130.89527, 33.433172], [130.895792, 33.433903], [130.895977, 33.434468], [130.895973, 33.435159], [130.897225, 33.43688], [130.897233, 33.437833], [130.897653, 33.438836], [130.897441, 33.439497], [130.897449, 33.440488], [130.896919, 33.44408], [130.895744, 33.445174], [130.894921, 33.446155], [130.897068, 33.446617], [130.899481, 33.447884], [130.89993, 33.449007], [130.900281, 33.449211], [130.899324, 33.451255], [130.898647, 33.451555], [130.896883, 33.451547], [130.894549, 33.452202], [130.89278, 33.452274], [130.890386, 33.452667], [130.889898, 33.452436], [130.888763, 33.4512], [130.888016, 33.450642], [130.887752, 33.450599], [130.884987, 33.450968], [130.881841, 33.451111], [130.881422, 33.451297], [130.880493, 33.452097], [130.879255, 33.451192], [130.878201, 33.451052], [130.877114, 33.450358], [130.875678, 33.450164], [130.874499, 33.449821], [130.872486, 33.449815], [130.871916, 33.449709], [130.871363, 33.450146], [130.871167, 33.450619], [130.870691, 33.450887], [130.86948, 33.450402], [130.868401, 33.450313], [130.866488, 33.450854], [130.864278, 33.451034], [130.863789, 33.450671], [130.863278, 33.450542], [130.862654, 33.450146], [130.861743, 33.449996], [130.861553, 33.4487], [130.861922, 33.447735], [130.861189, 33.446819], [130.858348, 33.448059], [130.857313, 33.447752], [130.856983, 33.447764], [130.857069, 33.447359], [130.856883, 33.447048], [130.855512, 33.446921], [130.855092, 33.446986], [130.854481, 33.447306], [130.85386, 33.447258], [130.853118, 33.447737], [130.853433, 33.448672], [130.85297, 33.449114], [130.852992, 33.449549], [130.852529, 33.450231], [130.852292, 33.450319], [130.85134, 33.450043], [130.850644, 33.450132], [130.850564, 33.451047], [130.850233, 33.451513], [130.850213, 33.452332], [130.849907, 33.45249], [130.849166, 33.453396], [130.848606, 33.453791], [130.848596, 33.455072], [130.847296, 33.456219], [130.846851, 33.456842], [130.846262, 33.457172], [130.846244, 33.45825], [130.845871, 33.458553], [130.845666, 33.459143], [130.845284, 33.45931], [130.844909, 33.459721], [130.844698, 33.461045], [130.844091, 33.46264], [130.843349, 33.462721], [130.842745, 33.462964], [130.842012, 33.463976], [130.841708, 33.464761], [130.841113, 33.465004], [130.840439, 33.465597], [130.839207, 33.466104], [130.837225, 33.467736], [130.836063, 33.46837], [130.835967, 33.468578], [130.835864, 33.4697], [130.8362, 33.471846], [130.836296, 33.47218], [130.836699, 33.472556], [130.836948, 33.473044], [130.837524, 33.473394], [130.838114, 33.473977], [130.839078, 33.473957], [130.839666, 33.474099], [130.840303, 33.473766], [130.840857, 33.473963], [130.841516, 33.47439], [130.842165, 33.47446], [130.842675, 33.474974], [130.84414, 33.476009], [130.844508, 33.476444], [130.847517, 33.478184], [130.847793, 33.478664], [130.847797, 33.479342], [130.847344, 33.479714], [130.847171, 33.480165], [130.846711, 33.48052], [130.846906, 33.480953], [130.846472, 33.481531], [130.846028, 33.4817], [130.845531, 33.482681], [130.844673, 33.48256], [130.844213, 33.482782], [130.843256, 33.482951], [130.843117, 33.48411], [130.84331, 33.484606], [130.842663, 33.485624], [130.841087, 33.485468], [130.840711, 33.484931], [130.839816, 33.484257], [130.839368, 33.484312], [130.838563, 33.484139], [130.837503, 33.484257], [130.837217, 33.484354], [130.836836, 33.484851], [130.835923, 33.484972], [130.835074, 33.4855], [130.834801, 33.486262], [130.834156, 33.486482], [130.834341, 33.487131], [130.833904, 33.487369], [130.832851, 33.486964], [130.8323, 33.487278], [130.831839, 33.487382], [130.831444, 33.487672], [130.830641, 33.487711], [130.829279, 33.488241], [130.828714, 33.488132], [130.828346, 33.487786], [130.828044, 33.487709], [130.827746, 33.487834], [130.827009, 33.488486], [130.826365, 33.488629], [130.82515, 33.488367], [130.82458, 33.487909], [130.823946, 33.487619], [130.823564, 33.487046], [130.822965, 33.48741], [130.821409, 33.487477], [130.820999, 33.488041], [130.82025, 33.488178], [130.820239, 33.488491], [130.819974, 33.488954], [130.819992, 33.489345], [130.819404, 33.489704], [130.819167, 33.489639], [130.81836, 33.488957], [130.817626, 33.488845]]]}}, {"type": "Feature", "properties": {"pref_code": "40", "pref_name": "福岡県", "municipality_code": "40503", "municipality_name": "大刀洗町", "ward_name": "", "display_name": "大刀洗町", "geometry_key": "40503"}, "geometry": {"type": "Polygon", "coordinates": [[[130.616312, 33.404899], [130.612131, 33.409067], [130.612131, 33.40925], [130.613081, 33.409775], [130.613465, 33.410208], [130.613525, 33.411046], [130.613184, 33.411671], [130.613409, 33.412715], [130.613105, 33.413631], [130.6128, 33.413648], [130.612375, 33.412961], [130.611713, 33.412847], [130.611718, 33.412241], [130.612164, 33.41146], [130.612029, 33.41128], [130.611678, 33.411319], [130.611334, 33.411527], [130.611049, 33.411971], [130.609339, 33.411956], [130.609316, 33.412306], [130.606383, 33.412007], [130.605554, 33.411647], [130.604438, 33.41148], [130.604212, 33.411364], [130.604095, 33.411058], [130.603025, 33.410546], [130.5998, 33.410023], [130.599109, 33.406659], [130.599206, 33.406529], [130.598936, 33.406282], [130.599144, 33.405969], [130.598704, 33.405521], [130.599156, 33.405009], [130.598757, 33.404604], [130.598513, 33.403187], [130.597978, 33.403291], [130.597902, 33.403084], [130.596873, 33.403222], [130.596712, 33.402963], [130.596113, 33.403002], [130.595819, 33.402771], [130.595378, 33.402934], [130.594429, 33.402142], [130.593066, 33.402522], [130.592149, 33.401068], [130.591738, 33.401201], [130.591562, 33.400989], [130.591301, 33.400489], [130.591418, 33.399661], [130.591633, 33.399027], [130.591979, 33.398658], [130.591389, 33.398227], [130.591471, 33.397946], [130.590998, 33.397574], [130.591069, 33.397342], [130.591486, 33.397421], [130.591533, 33.397066], [130.591186, 33.396948], [130.591019, 33.395398], [130.590396, 33.395329], [130.589541, 33.394075], [130.589456, 33.392722], [130.589106, 33.392202], [130.588941, 33.391393], [130.588304, 33.390602], [130.588081, 33.390041], [130.587584, 33.389373], [130.587382, 33.388857], [130.587646, 33.388606], [130.587611, 33.388468], [130.587182, 33.388143], [130.587117, 33.387665], [130.587355, 33.387066], [130.587361, 33.386622], [130.586697, 33.385972], [130.585636, 33.385698], [130.585578, 33.385279], [130.585801, 33.38489], [130.586036, 33.384742], [130.585516, 33.383976], [130.584952, 33.383685], [130.584077, 33.383626], [130.583351, 33.383131], [130.582858, 33.383052], [130.582611, 33.382559], [130.582444, 33.38129], [130.582267, 33.381285], [130.582241, 33.380124], [130.581636, 33.380139], [130.581612, 33.379336], [130.581077, 33.379336], [130.581074, 33.378683], [130.580637, 33.37731], [130.579732, 33.375275], [130.579532, 33.375087], [130.578836, 33.373562], [130.578325, 33.373567], [130.578337, 33.372843], [130.578102, 33.372862], [130.578152, 33.371081], [130.577937, 33.371073], [130.577952, 33.369302], [130.579027, 33.369287], [130.579018, 33.367964], [130.579189, 33.367569], [130.578431, 33.367072], [130.584825, 33.367164], [130.587147, 33.367092], [130.606024, 33.367445], [130.605886, 33.36666], [130.605313, 33.366573], [130.603697, 33.366686], [130.602629, 33.366564], [130.602639, 33.365405], [130.603791, 33.365436], [130.603817, 33.363612], [130.603953, 33.363438], [130.604941, 33.364013], [130.605378, 33.364577], [130.607419, 33.364575], [130.607028, 33.365764], [130.608318, 33.365761], [130.609116, 33.365578], [130.611745, 33.365585], [130.61174, 33.366503], [130.612308, 33.366634], [130.6153, 33.36663], [130.615332, 33.367426], [130.62234, 33.367563], [130.623623, 33.368398], [130.624194, 33.368116], [130.624133, 33.367917], [130.62443, 33.36769], [130.625472, 33.367702], [130.625656, 33.367339], [130.626621, 33.367481], [130.626864, 33.367172], [130.627245, 33.367296], [130.627561, 33.366668], [130.6294, 33.366871], [130.629605, 33.366175], [130.630464, 33.366083], [130.629668, 33.365017], [130.631543, 33.364469], [130.632094, 33.364131], [130.632105, 33.363872], [130.632436, 33.363841], [130.632458, 33.363318], [130.632927, 33.363256], [130.632417, 33.362492], [130.632248, 33.362696], [130.631474, 33.362529], [130.6314, 33.362714], [130.629044, 33.36224], [130.628431, 33.362203], [130.628372, 33.362412], [130.627425, 33.362203], [130.628075, 33.361556], [130.62831, 33.361144], [130.628446, 33.360122], [130.627587, 33.359844], [130.628468, 33.357738], [130.6286, 33.357769], [130.628714, 33.356913], [130.629352, 33.356962], [130.629506, 33.355989], [130.629191, 33.355946], [130.629275, 33.355367], [130.631333, 33.35284], [130.641304, 33.359141], [130.64589, 33.361261], [130.65059, 33.362846], [130.652496, 33.362886], [130.659589, 33.362006], [130.666794, 33.362192], [130.665973, 33.363012], [130.662406, 33.364075], [130.660593, 33.364409], [130.658472, 33.365304], [130.658311, 33.365423], [130.658198, 33.366312], [130.656926, 33.366544], [130.656347, 33.366539], [130.656013, 33.366809], [130.655515, 33.366917], [130.653577, 33.367801], [130.653718, 33.368216], [130.654072, 33.368135], [130.654168, 33.368432], [130.653815, 33.368539], [130.653866, 33.368755], [130.65242, 33.368928], [130.652372, 33.369402], [130.652838, 33.370259], [130.653554, 33.370901], [130.654326, 33.370864], [130.65466, 33.37109], [130.654952, 33.372379], [130.654515, 33.372664], [130.653442, 33.372918], [130.653201, 33.37343], [130.652732, 33.373727], [130.652237, 33.37377], [130.651767, 33.373527], [130.648846, 33.373117], [130.647326, 33.372282], [130.643328, 33.372249], [130.640689, 33.371748], [130.640689, 33.371467], [130.6395, 33.371494], [130.639381, 33.372767], [130.638822, 33.372891], [130.638864, 33.373953], [130.639378, 33.37398], [130.639568, 33.373144], [130.64031, 33.373382], [130.641113, 33.373937], [130.641146, 33.374059], [130.640856, 33.374088], [130.640838, 33.374251], [130.641283, 33.374613], [130.642527, 33.376274], [130.642376, 33.377926], [130.642696, 33.378022], [130.643623, 33.377244], [130.644947, 33.37933], [130.644892, 33.380124], [130.64571, 33.382428], [130.646496, 33.382486], [130.647033, 33.383824], [130.645728, 33.383824], [130.645653, 33.385009], [130.645925, 33.385918], [130.644659, 33.385945], [130.644793, 33.386961], [130.641411, 33.387079], [130.638661, 33.387931], [130.635283, 33.388395], [130.633777, 33.388793], [130.630603, 33.389951], [130.630077, 33.390304], [130.629519, 33.390009], [130.628889, 33.389959], [130.628466, 33.390032], [130.627188, 33.390626], [130.626169, 33.390557], [130.625527, 33.390718], [130.625323, 33.391596], [130.62504, 33.39173], [130.624354, 33.391776], [130.624613, 33.392428], [130.624343, 33.393728], [130.624379, 33.394376], [130.623442, 33.394464], [130.623157, 33.394959], [130.620619, 33.39494], [130.620208, 33.395045], [130.619884, 33.39539], [130.619281, 33.39534], [130.618768, 33.395476], [130.618305, 33.395992], [130.617729, 33.396103], [130.617507, 33.396572], [130.617024, 33.396883], [130.616858, 33.397361], [130.617169, 33.397444], [130.617772, 33.39675], [130.618235, 33.397011], [130.615478, 33.399918], [130.618692, 33.402114], [130.616133, 33.404749], [130.616312, 33.404899]]]}}, {"type": "Feature", "properties": {"pref_code": "40", "pref_name": "福岡県", "municipality_code": "40522", "municipality_name": "大木町", "ward_name": "", "display_name": "大木町", "geometry_key": "40522"}, "geometry": {"type": "Polygon", "coordinates": [[[130.463701, 33.224106], [130.461695, 33.224014], [130.461558, 33.224197], [130.46122, 33.224257], [130.461017, 33.225736], [130.461488, 33.225644], [130.461518, 33.226025], [130.460865, 33.226114], [130.46049, 33.227041], [130.459183, 33.228647], [130.458507, 33.229867], [130.458366, 33.230951], [130.458506, 33.233499], [130.458394, 33.234383], [130.457838, 33.235626], [130.457997, 33.236591], [130.457913, 33.23704], [130.457616, 33.237255], [130.457254, 33.237307], [130.455847, 33.237103], [130.455701, 33.237759], [130.455171, 33.238571], [130.452468, 33.239884], [130.452344, 33.240031], [130.45237, 33.240474], [130.452081, 33.240763], [130.451287, 33.240918], [130.450753, 33.241203], [130.449538, 33.240762], [130.449148, 33.240795], [130.448607, 33.241244], [130.448588, 33.241771], [130.448445, 33.241911], [130.447144, 33.242762], [130.446596, 33.242695], [130.446369, 33.242809], [130.446345, 33.243441], [130.445838, 33.243817], [130.445004, 33.243735], [130.444813, 33.243807], [130.444495, 33.244803], [130.44388, 33.245212], [130.443082, 33.24455], [130.441575, 33.244236], [130.441296, 33.243435], [130.441476, 33.242591], [130.4412, 33.242516], [130.441236, 33.24236], [130.441553, 33.241567], [130.442063, 33.241502], [130.44209, 33.240383], [130.441956, 33.240381], [130.442128, 33.239004], [130.441938, 33.238741], [130.441998, 33.23717], [130.435974, 33.237073], [130.435682, 33.236907], [130.435336, 33.236892], [130.435462, 33.235144], [130.435876, 33.235079], [130.435628, 33.234644], [130.435706, 33.233311], [130.435366, 33.233029], [130.435347, 33.232852], [130.435621, 33.231612], [130.436592, 33.23032], [130.437643, 33.230232], [130.437511, 33.228916], [130.434273, 33.229486], [130.432816, 33.229874], [130.429932, 33.230301], [130.42997, 33.230619], [130.428815, 33.230784], [130.428145, 33.229884], [130.427876, 33.229957], [130.427675, 33.230219], [130.426457, 33.230111], [130.426003, 33.229301], [130.42515, 33.228867], [130.42438, 33.22824], [130.424173, 33.227827], [130.424717, 33.227642], [130.424672, 33.227011], [130.424816, 33.226695], [130.424653, 33.226219], [130.424638, 33.225311], [130.424136, 33.225494], [130.42296, 33.225553], [130.422647, 33.224843], [130.422834, 33.224525], [130.422487, 33.224139], [130.421763, 33.224274], [130.421573, 33.223974], [130.421397, 33.223989], [130.421329, 33.224529], [130.420659, 33.224897], [130.421225, 33.225742], [130.420472, 33.226322], [130.419577, 33.226625], [130.419058, 33.226407], [130.418075, 33.225409], [130.417476, 33.225502], [130.416724, 33.226093], [130.416398, 33.226073], [130.416473, 33.225161], [130.416259, 33.224684], [130.415701, 33.224825], [130.415517, 33.224582], [130.415176, 33.224595], [130.414874, 33.224724], [130.414644, 33.225072], [130.414343, 33.225144], [130.413361, 33.224832], [130.412389, 33.22472], [130.412395, 33.224631], [130.41357, 33.224428], [130.413765, 33.224156], [130.413754, 33.223881], [130.412968, 33.223504], [130.413029, 33.223294], [130.423439, 33.220518], [130.422893, 33.218457], [130.423039, 33.218209], [130.422807, 33.217656], [130.422412, 33.217742], [130.421881, 33.216406], [130.421058, 33.216363], [130.42093, 33.215989], [130.420721, 33.215987], [130.420436, 33.215367], [130.420562, 33.215314], [130.41986, 33.213731], [130.419526, 33.213284], [130.419706, 33.213011], [130.419194, 33.211802], [130.419248, 33.211449], [130.420767, 33.211145], [130.42084, 33.209079], [130.420649, 33.207706], [130.419548, 33.20776], [130.419285, 33.207009], [130.416322, 33.207735], [130.416078, 33.207229], [130.41371, 33.207934], [130.413558, 33.207569], [130.414307, 33.207331], [130.414277, 33.207094], [130.414458, 33.206798], [130.41433, 33.20647], [130.415448, 33.206237], [130.416869, 33.20573], [130.420304, 33.204911], [130.420089, 33.204278], [130.419525, 33.204408], [130.419293, 33.203941], [130.419064, 33.203881], [130.418778, 33.203197], [130.419087, 33.203041], [130.418961, 33.202557], [130.418895, 33.202415], [130.418639, 33.202493], [130.418533, 33.202209], [130.419524, 33.201937], [130.419649, 33.202177], [130.419981, 33.202095], [130.419815, 33.201383], [130.420128, 33.201247], [130.420223, 33.201596], [130.4204, 33.20156], [130.420332, 33.201069], [130.420954, 33.200978], [130.421046, 33.201197], [130.421347, 33.201185], [130.421013, 33.1998], [130.422194, 33.199762], [130.421844, 33.198518], [130.422444, 33.198346], [130.421881, 33.197158], [130.421514, 33.197226], [130.42033, 33.194857], [130.420343, 33.194511], [130.426847, 33.196318], [130.428106, 33.196572], [130.428405, 33.194292], [130.430341, 33.194538], [130.431895, 33.191507], [130.432465, 33.189704], [130.432316, 33.187589], [130.433175, 33.187526], [130.433187, 33.186665], [130.434554, 33.186616], [130.434364, 33.185377], [130.434617, 33.185099], [130.434431, 33.184096], [130.434735, 33.184084], [130.434712, 33.182965], [130.435329, 33.182986], [130.435169, 33.181221], [130.435744, 33.181312], [130.437217, 33.181967], [130.441779, 33.183541], [130.443316, 33.183987], [130.444479, 33.184073], [130.444611, 33.184544], [130.445924, 33.184457], [130.446091, 33.184908], [130.448662, 33.185448], [130.452723, 33.186199], [130.453322, 33.185891], [130.453939, 33.186054], [130.457124, 33.185777], [130.457249, 33.186068], [130.458108, 33.186849], [130.458286, 33.18773], [130.458138, 33.188022], [130.458203, 33.188251], [130.458452, 33.188692], [130.458919, 33.189098], [130.459507, 33.190529], [130.457854, 33.191453], [130.456887, 33.191799], [130.454396, 33.192204], [130.453648, 33.1938], [130.453345, 33.193829], [130.453191, 33.194317], [130.453167, 33.195775], [130.452231, 33.201643], [130.45224, 33.202349], [130.451579, 33.204826], [130.458082, 33.206844], [130.458846, 33.210468], [130.459044, 33.210524], [130.459807, 33.214206], [130.459986, 33.21521], [130.460007, 33.216753], [130.460319, 33.218285], [130.460174, 33.218504], [130.460836, 33.220294], [130.460591, 33.220404], [130.460834, 33.220981], [130.461378, 33.221347], [130.461872, 33.222179], [130.462598, 33.222478], [130.462751, 33.222673], [130.463375, 33.222998], [130.463691, 33.22363], [130.463701, 33.224106]]]}}, {"type": "Feature", "properties": {"pref_code": "40", "pref_name": "福岡県", "municipality_code": "40544", "municipality_name": "広川町", "ward_name": "", "display_name": "広川町", "geometry_key": "40544"}, "geometry": {"type": "MultiPolygon", "coordinates": [[[[130.616755, 33.286178], [130.614297, 33.284289], [130.614219, 33.283464], [130.613804, 33.282549], [130.613245, 33.28251], [130.612561, 33.282684], [130.611836, 33.282547], [130.611695, 33.282396], [130.611591, 33.281599], [130.611218, 33.281141], [130.610251, 33.281237], [130.609816, 33.280931], [130.608556, 33.280716], [130.607536, 33.280249], [130.607086, 33.279669], [130.605651, 33.278437], [130.604145, 33.276067], [130.602337, 33.274561], [130.602114, 33.274481], [130.600034, 33.274672], [130.598824, 33.274593], [130.598067, 33.274934], [130.598239, 33.274331], [130.597975, 33.273694], [130.597767, 33.273498], [130.597235, 33.273414], [130.596666, 33.273616], [130.595943, 33.273041], [130.595564, 33.272881], [130.593424, 33.272678], [130.592733, 33.271774], [130.592129, 33.270531], [130.591791, 33.270239], [130.590301, 33.270077], [130.589747, 33.270169], [130.588829, 33.270592], [130.588027, 33.270586], [130.587431, 33.269673], [130.587244, 33.268836], [130.587022, 33.268501], [130.586809, 33.268445], [130.586102, 33.268644], [130.585656, 33.268641], [130.584003, 33.268347], [130.583451, 33.26793], [130.582704, 33.268005], [130.581963, 33.267663], [130.58122, 33.268035], [130.581099, 33.268327], [130.581594, 33.270033], [130.582452, 33.270219], [130.582639, 33.271735], [130.582066, 33.27226], [130.581713, 33.272828], [130.580505, 33.273688], [130.579784, 33.274913], [130.577997, 33.275281], [130.577485, 33.275675], [130.57673, 33.275822], [130.576442, 33.276081], [130.575884, 33.277158], [130.575622, 33.276626], [130.574937, 33.276277], [130.573163, 33.275845], [130.572235, 33.275502], [130.569919, 33.274351], [130.569119, 33.274252], [130.568244, 33.27379], [130.567252, 33.271104], [130.567262, 33.270665], [130.566146, 33.268592], [130.566148, 33.267977], [130.566368, 33.267155], [130.56611, 33.266383], [130.565871, 33.2661], [130.565036, 33.265747], [130.563333, 33.26551], [130.561566, 33.264783], [130.560986, 33.264783], [130.560497, 33.264455], [130.559765, 33.264482], [130.559752, 33.265259], [130.557001, 33.264806], [130.556519, 33.264193], [130.554019, 33.263009], [130.553977, 33.26283], [130.554156, 33.26283], [130.554425, 33.262146], [130.554224, 33.26197], [130.553844, 33.262611], [130.553578, 33.262739], [130.551554, 33.262133], [130.550583, 33.261647], [130.549552, 33.261305], [130.548184, 33.261139], [130.547666, 33.26085], [130.547, 33.260714], [130.545931, 33.260149], [130.54106, 33.261432], [130.540465, 33.261706], [130.539404, 33.26159], [130.538629, 33.262072], [130.53871, 33.262588], [130.539372, 33.26291], [130.539304, 33.263136], [130.537808, 33.262496], [130.537705, 33.262357], [130.538847, 33.261274], [130.538878, 33.260772], [130.538759, 33.260607], [130.536892, 33.260931], [130.537081, 33.261598], [130.537679, 33.261476], [130.537768, 33.261734], [130.537273, 33.261967], [130.53706, 33.262376], [130.53662, 33.262451], [130.536528, 33.261693], [130.536236, 33.261505], [130.536355, 33.260824], [130.536063, 33.260814], [130.535707, 33.26173], [130.535899, 33.262071], [130.536181, 33.262156], [130.536238, 33.262491], [130.535461, 33.262767], [130.534553, 33.262649], [130.53454, 33.262445], [130.534804, 33.26243], [130.534815, 33.261899], [130.535156, 33.261909], [130.535323, 33.262131], [130.535423, 33.262051], [130.535568, 33.260069], [130.535694, 33.259849], [130.536053, 33.259723], [130.536251, 33.259001], [130.535797, 33.258308], [130.534749, 33.258675], [130.534655, 33.25841], [130.534922, 33.25829], [130.534316, 33.257365], [130.533246, 33.257417], [130.533255, 33.258034], [130.533032, 33.258117], [130.532826, 33.257459], [130.532489, 33.257315], [130.532282, 33.257718], [130.5326, 33.259103], [130.532196, 33.259388], [130.532393, 33.259607], [130.532324, 33.259757], [130.531904, 33.259705], [130.531402, 33.259822], [130.531114, 33.258727], [130.530815, 33.258591], [130.529144, 33.258578], [130.529016, 33.258098], [130.528404, 33.25813], [130.528303, 33.258487], [130.527927, 33.258807], [130.528309, 33.258919], [130.528288, 33.259669], [130.529459, 33.260221], [130.52951, 33.26072], [130.529796, 33.260572], [130.529901, 33.260249], [130.530072, 33.260238], [130.530409, 33.260547], [130.531149, 33.260057], [130.532061, 33.259859], [130.531835, 33.260602], [130.531988, 33.260745], [130.531919, 33.261021], [130.531721, 33.261333], [130.531171, 33.26147], [130.531084, 33.261714], [130.53122, 33.26195], [130.531709, 33.261851], [130.532281, 33.262037], [130.531867, 33.262593], [130.5313, 33.262379], [130.530116, 33.26229], [130.529833, 33.262069], [130.529993, 33.261752], [130.529872, 33.26138], [130.529576, 33.261394], [130.529359, 33.261106], [130.528692, 33.260965], [130.528249, 33.260699], [130.52794, 33.260912], [130.527651, 33.260952], [130.5274, 33.260719], [130.527028, 33.260623], [130.526887, 33.260305], [130.526483, 33.260291], [130.526252, 33.259969], [130.525253, 33.259307], [130.524372, 33.259098], [130.523521, 33.259983], [130.52351, 33.260101], [130.523764, 33.260196], [130.523578, 33.261239], [130.523722, 33.261451], [130.523691, 33.261574], [130.523243, 33.261694], [130.523026, 33.262053], [130.522897, 33.261976], [130.523204, 33.261387], [130.523068, 33.261114], [130.523382, 33.260485], [130.522941, 33.260114], [130.523139, 33.259682], [130.523128, 33.259285], [130.523226, 33.259165], [130.523651, 33.259188], [130.523875, 33.258823], [130.524148, 33.258693], [130.523749, 33.258167], [130.523197, 33.257946], [130.521965, 33.256749], [130.521408, 33.256429], [130.521026, 33.256622], [130.521141, 33.257075], [130.521508, 33.257628], [130.521969, 33.257765], [130.521815, 33.258246], [130.521302, 33.258248], [130.520523, 33.258555], [130.519502, 33.258761], [130.519574, 33.259035], [130.519896, 33.258858], [130.520163, 33.259142], [130.519743, 33.259454], [130.519679, 33.259645], [130.519835, 33.259953], [130.520665, 33.260602], [130.521144, 33.260704], [130.520604, 33.260896], [130.519032, 33.259932], [130.518404, 33.260091], [130.518285, 33.259806], [130.518939, 33.259294], [130.518794, 33.258925], [130.518383, 33.25876], [130.517787, 33.258918], [130.517628, 33.258852], [130.517461, 33.258456], [130.517268, 33.258622], [130.516996, 33.258476], [130.517327, 33.257665], [130.516969, 33.257519], [130.516225, 33.257493], [130.516083, 33.257145], [130.516344, 33.256617], [130.517022, 33.256568], [130.517073, 33.256414], [130.516487, 33.256292], [130.515549, 33.256706], [130.51541, 33.256509], [130.515599, 33.256314], [130.515349, 33.255788], [130.515475, 33.255497], [130.515139, 33.255206], [130.514838, 33.255461], [130.515026, 33.256367], [130.514419, 33.256572], [130.515281, 33.257994], [130.514671, 33.258404], [130.514485, 33.259327], [130.513542, 33.259651], [130.512914, 33.260152], [130.512658, 33.259769], [130.512536, 33.259783], [130.511583, 33.260378], [130.51161, 33.260728], [130.511097, 33.260457], [130.512013, 33.259726], [130.511826, 33.259638], [130.51051, 33.260634], [130.510452, 33.260486], [130.510696, 33.260204], [130.510644, 33.259814], [130.510131, 33.259675], [130.510058, 33.259109], [130.510289, 33.259351], [130.510744, 33.259334], [130.511439, 33.258951], [130.511581, 33.258532], [130.513191, 33.257363], [130.513279, 33.257189], [130.513164, 33.257092], [130.513347, 33.256947], [130.513648, 33.257151], [130.513739, 33.257649], [130.513969, 33.257696], [130.51402, 33.257617], [130.51386, 33.256508], [130.5135, 33.256171], [130.512967, 33.256591], [130.513269, 33.256859], [130.513028, 33.257055], [130.512906, 33.256956], [130.512551, 33.257259], [130.511771, 33.256616], [130.512133, 33.256349], [130.511435, 33.255724], [130.511809, 33.255439], [130.511474, 33.255124], [130.512103, 33.254873], [130.511945, 33.254609], [130.513346, 33.254254], [130.513305, 33.254052], [130.512028, 33.254334], [130.512052, 33.253553], [130.512361, 33.253561], [130.512429, 33.253099], [130.512279, 33.252492], [130.511913, 33.252557], [130.511838, 33.252443], [130.512012, 33.251986], [130.511888, 33.250909], [130.512787, 33.250751], [130.512265, 33.249599], [130.51319, 33.247732], [130.514607, 33.247499], [130.51483, 33.247087], [130.514323, 33.246898], [130.514313, 33.24662], [130.514487, 33.246377], [130.514269, 33.24593], [130.51408, 33.245697], [130.513776, 33.24566], [130.513234, 33.244803], [130.513011, 33.2449], [130.51309, 33.245493], [130.513563, 33.246336], [130.512807, 33.246734], [130.512848, 33.247105], [130.512125, 33.247216], [130.511865, 33.246646], [130.510985, 33.246862], [130.510751, 33.245713], [130.511089, 33.245686], [130.511259, 33.246119], [130.511541, 33.246104], [130.511572, 33.245348], [130.511989, 33.245066], [130.511958, 33.244816], [130.512251, 33.244628], [130.512292, 33.244336], [130.512052, 33.244154], [130.511533, 33.244402], [130.511256, 33.24478], [130.510783, 33.244755], [130.510688, 33.244881], [130.510814, 33.245177], [130.510644, 33.245354], [130.510411, 33.245366], [130.509994, 33.24507], [130.509818, 33.244717], [130.510966, 33.244092], [130.511283, 33.243559], [130.510304, 33.242513], [130.509852, 33.242443], [130.509682, 33.242257], [130.510455, 33.242092], [130.510605, 33.242357], [130.511323, 33.242443], [130.512286, 33.241997], [130.512653, 33.241455], [130.51304, 33.241291], [130.513891, 33.241838], [130.514338, 33.241522], [130.513882, 33.241041], [130.513527, 33.24125], [130.512196, 33.240392], [130.511544, 33.240472], [130.511243, 33.240622], [130.510876, 33.241274], [130.511193, 33.241686], [130.511112, 33.241841], [130.510881, 33.241921], [130.509993, 33.241706], [130.508587, 33.238703], [130.511066, 33.23762], [130.511553, 33.238327], [130.511212, 33.238618], [130.511639, 33.239515], [130.51193, 33.239615], [130.512804, 33.239137], [130.512714, 33.238488], [130.513774, 33.238039], [130.513774, 33.237911], [130.513408, 33.237859], [130.513376, 33.237551], [130.514089, 33.23741], [130.514289, 33.237744], [130.514218, 33.238045], [130.514391, 33.238565], [130.514764, 33.238706], [130.514964, 33.239117], [130.515137, 33.239033], [130.514964, 33.238481], [130.515105, 33.238353], [130.515253, 33.238404], [130.515478, 33.238879], [130.516076, 33.238937], [130.516339, 33.238796], [130.516371, 33.238661], [130.516043, 33.23818], [130.51603, 33.237647], [130.516384, 33.237403], [130.515272, 33.237531], [130.514822, 33.237839], [130.514481, 33.237281], [130.514925, 33.236998], [130.515519, 33.235905], [130.516155, 33.235965], [130.516406, 33.236229], [130.515934, 33.237019], [130.51645, 33.237092], [130.516949, 33.235307], [130.516939, 33.234555], [130.518616, 33.233793], [130.518395, 33.233422], [130.518335, 33.231878], [130.518666, 33.231687], [130.518606, 33.231346], [130.518805, 33.231226], [130.520037, 33.231636], [130.520394, 33.232187], [130.520727, 33.232226], [130.520999, 33.231877], [130.521255, 33.231799], [130.521829, 33.231923], [130.522939, 33.232722], [130.524266, 33.232706], [130.524429, 33.232893], [130.52418, 33.23366], [130.524227, 33.234404], [130.524468, 33.234753], [130.524778, 33.234807], [130.527075, 33.234574], [130.526799, 33.234366], [130.525302, 33.234079], [130.52504, 33.233803], [130.525065, 33.232699], [130.526749, 33.231916], [130.526794, 33.23104], [130.52915, 33.231828], [130.529442, 33.232815], [130.529356, 33.233358], [130.530443, 33.233969], [130.531024, 33.234117], [130.534237, 33.23407], [130.535168, 33.233939], [130.537084, 33.232978], [130.541166, 33.231451], [130.543463, 33.230861], [130.544983, 33.230226], [130.545612, 33.230288], [130.547047, 33.230048], [130.547171, 33.230102], [130.547373, 33.230714], [130.550345, 33.230621], [130.550997, 33.231823], [130.55108, 33.232239], [130.554589, 33.231931], [130.560003, 33.23211], [130.562069, 33.232466], [130.562395, 33.232404], [130.563435, 33.232969], [130.564622, 33.232923], [130.566213, 33.23331], [130.566578, 33.233597], [130.568176, 33.234016], [130.569751, 33.234233], [130.570031, 33.234667], [130.571745, 33.234806], [130.572606, 33.235148], [130.573382, 33.234814], [130.574166, 33.23483], [130.575338, 33.235055], [130.576649, 33.234962], [130.577891, 33.235039], [130.582973, 33.237551], [130.583911, 33.237667], [130.58461, 33.237488], [130.584998, 33.237512], [130.585983, 33.237767], [130.586542, 33.238054], [130.586968, 33.238705], [130.587605, 33.239162], [130.588381, 33.239217], [130.589381, 33.239651], [130.589963, 33.240426], [130.590328, 33.240689], [130.591073, 33.240782], [130.59216, 33.240604], [130.59389, 33.241287], [130.594798, 33.242015], [130.594774, 33.243565], [130.594999, 33.243929], [130.595317, 33.244123], [130.596334, 33.244418], [130.596613, 33.244356], [130.597048, 33.24403], [130.597366, 33.24403], [130.597955, 33.244526], [130.599189, 33.244867], [130.600322, 33.24479], [130.601315, 33.244526], [130.601819, 33.244542], [130.602463, 33.244844], [130.602999, 33.244766], [130.603216, 33.244604], [130.603783, 33.243681], [130.604613, 33.242813], [130.605016, 33.242069], [130.605241, 33.241333], [130.604706, 33.240667], [130.605389, 33.240209], [130.605684, 33.23862], [130.605921, 33.238426], [130.606883, 33.23839], [130.607369, 33.238184], [130.607864, 33.237342], [130.608376, 33.237086], [130.609858, 33.236892], [130.610588, 33.236962], [130.611255, 33.23666], [130.612186, 33.23697], [130.613156, 33.236923], [130.613668, 33.23666], [130.615197, 33.236893], [130.615879, 33.236683], [130.616392, 33.236133], [130.616772, 33.236109], [130.617284, 33.236234], [130.618223, 33.237187], [130.619029, 33.23728], [130.619495, 33.237164], [130.620519, 33.236195], [130.6218, 33.236009], [130.623257, 33.236171], [130.62524, 33.23679], [130.625585, 33.23661], [130.626013, 33.236653], [130.626481, 33.237072], [130.6275, 33.237091], [130.627997, 33.237453], [130.628538, 33.237403], [130.628892, 33.23719], [130.629434, 33.237607], [130.629896, 33.237721], [130.630016, 33.238136], [130.629822, 33.239018], [130.630224, 33.239526], [130.63074, 33.239715], [130.631163, 33.240398], [130.630599, 33.241356], [130.630775, 33.241841], [130.631121, 33.242278], [130.631, 33.243201], [130.630324, 33.243834], [130.630077, 33.245834], [130.629062, 33.24627], [130.628054, 33.247256], [130.627356, 33.248227], [130.627765, 33.249812], [130.627102, 33.251522], [130.625833, 33.252332], [130.62584, 33.252663], [130.625692, 33.252832], [130.624797, 33.252747], [130.624451, 33.252881], [130.624254, 33.253328], [130.62266, 33.254913], [130.622487, 33.255399], [130.621685, 33.256388], [130.621293, 33.257177], [130.620808, 33.257569], [130.620142, 33.257769], [130.619803, 33.258075], [130.619677, 33.258462], [130.619718, 33.259045], [130.619248, 33.259662], [130.61961, 33.260026], [130.619543, 33.260367], [130.620144, 33.260569], [130.619937, 33.261262], [130.620354, 33.261475], [130.620165, 33.262026], [130.620548, 33.262374], [130.620555, 33.262549], [130.619914, 33.263082], [130.619956, 33.263224], [130.619576, 33.263451], [130.619156, 33.263484], [130.618669, 33.263972], [130.618065, 33.264046], [130.616814, 33.264494], [130.616494, 33.264763], [130.616542, 33.26542], [130.617215, 33.26579], [130.617499, 33.266194], [130.618118, 33.266103], [130.618201, 33.265834], [130.619011, 33.265629], [130.620384, 33.265607], [130.619756, 33.26611], [130.619599, 33.266562], [130.619604, 33.26711], [130.619846, 33.267272], [130.620743, 33.26741], [130.620969, 33.267706], [130.620278, 33.267788], [130.619656, 33.268043], [130.619353, 33.268321], [130.619044, 33.268996], [130.618362, 33.268856], [130.61842, 33.269608], [130.61754, 33.270502], [130.617386, 33.271411], [130.617841, 33.271843], [130.617817, 33.27258], [130.618083, 33.273441], [130.617798, 33.273941], [130.617891, 33.274239], [130.61781, 33.274512], [130.617225, 33.27508], [130.61646, 33.276197], [130.616444, 33.277344], [130.616741, 33.278202], [130.616582, 33.279062], [130.616903, 33.279599], [130.618348, 33.280648], [130.61883, 33.281371], [130.619173, 33.282442], [130.619378, 33.284133], [130.619132, 33.284702], [130.618757, 33.285043], [130.618285, 33.285365], [130.616941, 33.28593], [130.616755, 33.286178]]], [[[130.525645, 33.230288], [130.52634, 33.230137], [130.526891, 33.230214], [130.527876, 33.230604], [130.527806, 33.230861], [130.527575, 33.230973], [130.526852, 33.230781], [130.525171, 33.230884], [130.524599, 33.230721], [130.523684, 33.230686], [130.520705, 33.230874], [130.519869, 33.230651], [130.519394, 33.230338], [130.520936, 33.230062], [130.521884, 33.230166], [130.522101, 33.230032], [130.522408, 33.230319], [130.522694, 33.230001], [130.522924, 33.229943], [130.523205, 33.230084], [130.524065, 33.230012], [130.525645, 33.230288]]]]}}, {"type": "Feature", "properties": {"pref_code": "40", "pref_name": "福岡県", "municipality_code": "40601", "municipality_name": "香春町", "ward_name": "", "display_name": "香春町", "geometry_key": "40601"}, "geometry": {"type": "Polygon", "coordinates": [[[130.867835, 33.734293], [130.867315, 33.734838], [130.867155, 33.735389], [130.864891, 33.735794], [130.862944, 33.736374], [130.85912, 33.735742], [130.857986, 33.735952], [130.857378, 33.735748], [130.856664, 33.735839], [130.855179, 33.735697], [130.854891, 33.735231], [130.853957, 33.7353], [130.852751, 33.734856], [130.852054, 33.733983], [130.85133, 33.733824], [130.850938, 33.733502], [130.850213, 33.733286], [130.850139, 33.732486], [130.849503, 33.731176], [130.849441, 33.73067], [130.848964, 33.73018], [130.848606, 33.728897], [130.8478, 33.727283], [130.847402, 33.725784], [130.844596, 33.724407], [130.844406, 33.724397], [130.843594, 33.724916], [130.842301, 33.725215], [130.841578, 33.72562], [130.839808, 33.725259], [130.838573, 33.725718], [130.838088, 33.725767], [130.835628, 33.724939], [130.834648, 33.724768], [130.83355, 33.724391], [130.832299, 33.724194], [130.831537, 33.723918], [130.830733, 33.723824], [130.828878, 33.723952], [130.828003, 33.723806], [130.826939, 33.72381], [130.826014, 33.723504], [130.824924, 33.722846], [130.8236, 33.722472], [130.822025, 33.721264], [130.823914, 33.719591], [130.824213, 33.719037], [130.824709, 33.718645], [130.825087, 33.718133], [130.825093, 33.716974], [130.826004, 33.715236], [130.826626, 33.714735], [130.82673, 33.714472], [130.826815, 33.714023], [130.826575, 33.712872], [130.826926, 33.712668], [130.827899, 33.712504], [130.829414, 33.711809], [130.829937, 33.711424], [130.830452, 33.709251], [130.831012, 33.708381], [130.830579, 33.706402], [130.830629, 33.705002], [130.830996, 33.704501], [130.831004, 33.704047], [130.830822, 33.703664], [130.83006, 33.703103], [130.829817, 33.702663], [130.829363, 33.702232], [130.828778, 33.7021], [130.828643, 33.701954], [130.828746, 33.700939], [130.828274, 33.700473], [130.82841, 33.69991], [130.828024, 33.698832], [130.827638, 33.698235], [130.827672, 33.697403], [130.82754, 33.696724], [130.828529, 33.695095], [130.828409, 33.69412], [130.828091, 33.693492], [130.827774, 33.692309], [130.827353, 33.691531], [130.82594, 33.691078], [130.826279, 33.690252], [130.825821, 33.689597], [130.825578, 33.688782], [130.825724, 33.687969], [130.826463, 33.687706], [130.826976, 33.687174], [130.826956, 33.686527], [130.826543, 33.686062], [130.826455, 33.685725], [130.827345, 33.684376], [130.827202, 33.683745], [130.827308, 33.682628], [130.827684, 33.681383], [130.827585, 33.681046], [130.826972, 33.680413], [130.826797, 33.679883], [130.827094, 33.679223], [130.826565, 33.678557], [130.826571, 33.676936], [130.826209, 33.674556], [130.826029, 33.674357], [130.82553, 33.674196], [130.824718, 33.673297], [130.824767, 33.672291], [130.824291, 33.670762], [130.824559, 33.669341], [130.82641, 33.668921], [130.826473, 33.668721], [130.825694, 33.666975], [130.825809, 33.666632], [130.825372, 33.664715], [130.824958, 33.665005], [130.824789, 33.665002], [130.824755, 33.664406], [130.826833, 33.66334], [130.827553, 33.663206], [130.827835, 33.663039], [130.829171, 33.661609], [130.830024, 33.661093], [130.830714, 33.660949], [130.832285, 33.660888], [130.834196, 33.660466], [130.836639, 33.660512], [130.836585, 33.659115], [130.83694, 33.658231], [130.836789, 33.657783], [130.836088, 33.65742], [130.835717, 33.657366], [130.835643, 33.657184], [130.835764, 33.6568], [130.834436, 33.656228], [130.834171, 33.656455], [130.83266, 33.656237], [130.831231, 33.657319], [130.829844, 33.657693], [130.829196, 33.657539], [130.828911, 33.657302], [130.82874, 33.65648], [130.828356, 33.656205], [130.828162, 33.655879], [130.828101, 33.654717], [130.829099, 33.654394], [130.829796, 33.654397], [130.829991, 33.652934], [130.829436, 33.65183], [130.829279, 33.651742], [130.828939, 33.651834], [130.829034, 33.65149], [130.828377, 33.651206], [130.828186, 33.650846], [130.828375, 33.65086], [130.829506, 33.651557], [130.830106, 33.652439], [130.831506, 33.652252], [130.831605, 33.651942], [130.831032, 33.651426], [130.831136, 33.651143], [130.831529, 33.651431], [130.831709, 33.651894], [130.83203, 33.651951], [130.832605, 33.651553], [130.832556, 33.651093], [130.833956, 33.650267], [130.833907, 33.649813], [130.834957, 33.649252], [130.835227, 33.648628], [130.835751, 33.648655], [130.83609, 33.64839], [130.836879, 33.648156], [130.838543, 33.646504], [130.840262, 33.645765], [130.840864, 33.645043], [130.842228, 33.645014], [130.843258, 33.644808], [130.843991, 33.644706], [130.844844, 33.644882], [130.845129, 33.645002], [130.845398, 33.645307], [130.846483, 33.645697], [130.847658, 33.646336], [130.848105, 33.645552], [130.848639, 33.645403], [130.849507, 33.645646], [130.852936, 33.645776], [130.853439, 33.646095], [130.853907, 33.645924], [130.855464, 33.645709], [130.855848, 33.645829], [130.85559, 33.64646], [130.856589, 33.64693], [130.857511, 33.647847], [130.858387, 33.647909], [130.858831, 33.647254], [130.860201, 33.646166], [130.860562, 33.645564], [130.861316, 33.644811], [130.861216, 33.644489], [130.8615, 33.644208], [130.86372, 33.642804], [130.86437, 33.64309], [130.865621, 33.643058], [130.865928, 33.642766], [130.866522, 33.641447], [130.867223, 33.640899], [130.867721, 33.639874], [130.868185, 33.639516], [130.868571, 33.639531], [130.86914, 33.640043], [130.869428, 33.640062], [130.869878, 33.640312], [130.869996, 33.640523], [130.870329, 33.640567], [130.870721, 33.641129], [130.870993, 33.641287], [130.871685, 33.641233], [130.872458, 33.641637], [130.872938, 33.641379], [130.87354, 33.641324], [130.873588, 33.64091], [130.873772, 33.640782], [130.874353, 33.640982], [130.875302, 33.641099], [130.875952, 33.64102], [130.876904, 33.642064], [130.877457, 33.642376], [130.878166, 33.642407], [130.87846, 33.642886], [130.879305, 33.642676], [130.880777, 33.643254], [130.881413, 33.643946], [130.881438, 33.644318], [130.881773, 33.644866], [130.883197, 33.645272], [130.88369, 33.645072], [130.884861, 33.645671], [130.885434, 33.646256], [130.886447, 33.646572], [130.888874, 33.649134], [130.88923, 33.649237], [130.889627, 33.648937], [130.889958, 33.648986], [130.890418, 33.649427], [130.890531, 33.649909], [130.890234, 33.649916], [130.889077, 33.650408], [130.88854, 33.650956], [130.887533, 33.651077], [130.886696, 33.651624], [130.884733, 33.652324], [130.884561, 33.653347], [130.883913, 33.654081], [130.883667, 33.655441], [130.882951, 33.656036], [130.88248, 33.656943], [130.882285, 33.65774], [130.883841, 33.659249], [130.884641, 33.659665], [130.884917, 33.660196], [130.885811, 33.660924], [130.886281, 33.662438], [130.886153, 33.663385], [130.886261, 33.663959], [130.886595, 33.664339], [130.887883, 33.66527], [130.888512, 33.665976], [130.888929, 33.667433], [130.888835, 33.668012], [130.889252, 33.668346], [130.889743, 33.669172], [130.88878, 33.670641], [130.888543, 33.671831], [130.888682, 33.672696], [130.888088, 33.672997], [130.88766, 33.673581], [130.886908, 33.674117], [130.886812, 33.674805], [130.885892, 33.675386], [130.885235, 33.676184], [130.884326, 33.678549], [130.88373, 33.679415], [130.882502, 33.681858], [130.880857, 33.68345], [130.880342, 33.684197], [130.879845, 33.684354], [130.878987, 33.684134], [130.878745, 33.68497], [130.878223, 33.685457], [130.877551, 33.686488], [130.876788, 33.687238], [130.876673, 33.687647], [130.875512, 33.688813], [130.875403, 33.689516], [130.874856, 33.690621], [130.87483, 33.691149], [130.874634, 33.691596], [130.874964, 33.692466], [130.875217, 33.693848], [130.875925, 33.695101], [130.876048, 33.695601], [130.876615, 33.696439], [130.877242, 33.697886], [130.878066, 33.698875], [130.878439, 33.699722], [130.878069, 33.700409], [130.877321, 33.700731], [130.876481, 33.701905], [130.875117, 33.702721], [130.874437, 33.70357], [130.872517, 33.704963], [130.871572, 33.707075], [130.872056, 33.709216], [130.871566, 33.709777], [130.870559, 33.712392], [130.869808, 33.71324], [130.869144, 33.715073], [130.869849, 33.716011], [130.870673, 33.716406], [130.870896, 33.716837], [130.869904, 33.71882], [130.869133, 33.719687], [130.869342, 33.720034], [130.869431, 33.72205], [130.869797, 33.722854], [130.86954, 33.723828], [130.869448, 33.724865], [130.869104, 33.72576], [130.868848, 33.726979], [130.868717, 33.727985], [130.868874, 33.728829], [130.868526, 33.729099], [130.868314, 33.729561], [130.867582, 33.730481], [130.867844, 33.732451], [130.867714, 33.733511], [130.867835, 33.734293]]]}}, {"type": "Feature", "properties": {"pref_code": "40", "pref_name": "福岡県", "municipality_code": "40602", "municipality_name": "添田町", "ward_name": "", "display_name": "添田町", "geometry_key": "40602"}, "geometry": {"type": "Polygon", "coordinates": [[[130.868061, 33.584507], [130.866813, 33.583486], [130.866025, 33.583079], [130.865684, 33.582471], [130.865237, 33.582086], [130.8646, 33.581822], [130.862409, 33.581336], [130.861687, 33.581401], [130.859337, 33.582309], [130.858941, 33.583095], [130.858511, 33.583437], [130.857888, 33.583626], [130.856979, 33.583637], [130.857178, 33.584586], [130.857812, 33.585533], [130.857823, 33.586366], [130.857371, 33.586899], [130.857013, 33.587046], [130.856474, 33.589005], [130.856138, 33.589504], [130.856341, 33.590988], [130.854886, 33.592007], [130.853547, 33.591378], [130.853514, 33.591131], [130.852654, 33.590426], [130.851364, 33.588427], [130.849337, 33.587703], [130.849137, 33.587724], [130.848814, 33.588021], [130.847479, 33.587654], [130.845307, 33.586044], [130.844427, 33.586762], [130.842355, 33.588072], [130.841442, 33.587522], [130.839811, 33.587541], [130.839559, 33.587455], [130.838823, 33.588015], [130.838269, 33.588102], [130.837466, 33.589162], [130.836431, 33.590145], [130.836344, 33.590869], [130.835975, 33.591068], [130.835393, 33.590961], [130.833805, 33.590541], [130.833376, 33.590265], [130.832889, 33.590571], [130.832278, 33.590162], [130.8328, 33.5893], [130.832896, 33.588842], [130.833211, 33.588627], [130.833903, 33.587456], [130.833798, 33.586632], [130.834331, 33.585479], [130.833703, 33.585212], [130.832799, 33.585318], [130.832208, 33.584863], [130.831821, 33.584338], [130.832354, 33.583819], [130.832464, 33.582438], [130.83272, 33.582021], [130.833291, 33.581552], [130.835981, 33.58024], [130.837313, 33.579051], [130.837542, 33.578458], [130.837132, 33.577958], [130.83709, 33.577574], [130.836759, 33.577088], [130.836884, 33.576477], [130.836681, 33.575862], [130.836626, 33.574359], [130.836448, 33.573946], [130.836811, 33.572817], [130.837283, 33.572669], [130.837892, 33.572277], [130.838461, 33.571482], [130.838721, 33.570681], [130.838699, 33.570138], [130.838299, 33.5696], [130.837344, 33.569297], [130.837089, 33.569323], [130.836678, 33.569829], [130.83649, 33.569811], [130.83584, 33.569276], [130.835352, 33.568632], [130.834486, 33.568178], [130.832206, 33.567376], [130.832123, 33.566535], [130.831455, 33.565602], [130.831331, 33.564769], [130.830881, 33.564191], [130.830557, 33.563264], [130.830615, 33.562975], [130.83093, 33.562722], [130.831982, 33.562548], [130.832133, 33.561706], [130.832017, 33.56104], [130.832393, 33.560658], [130.83274, 33.55991], [130.832508, 33.559237], [130.832061, 33.558539], [130.832156, 33.557928], [130.831928, 33.556687], [130.832058, 33.555797], [130.831523, 33.555164], [130.831528, 33.55489], [130.831788, 33.554659], [130.832213, 33.554572], [130.832399, 33.554172], [130.832281, 33.553878], [130.831468, 33.553162], [130.830671, 33.551544], [130.830516, 33.550751], [130.830879, 33.549809], [130.83018, 33.547699], [130.830542, 33.546954], [130.831509, 33.546108], [130.831398, 33.545424], [130.831573, 33.545021], [130.831545, 33.544052], [130.832698, 33.542421], [130.831704, 33.540354], [130.831859, 33.53874], [130.831694, 33.538039], [130.831972, 33.537374], [130.831266, 33.536442], [130.831209, 33.536196], [130.831877, 33.534942], [130.831953, 33.534324], [130.831557, 33.533687], [130.831429, 33.533044], [130.831599, 33.532099], [130.831373, 33.531554], [130.830872, 33.531186], [130.830934, 33.529924], [130.830534, 33.529418], [130.829712, 33.528996], [130.829262, 33.528553], [130.829037, 33.528156], [130.828595, 33.526362], [130.828078, 33.525976], [130.827881, 33.525662], [130.828192, 33.52522], [130.827488, 33.523404], [130.827346, 33.521951], [130.827088, 33.520909], [130.825341, 33.519957], [130.823118, 33.519341], [130.821409, 33.517894], [130.821075, 33.517813], [130.819386, 33.517881], [130.818521, 33.51763], [130.817062, 33.517819], [130.814812, 33.517355], [130.814318, 33.51703], [130.813728, 33.516304], [130.813083, 33.515793], [130.811722, 33.515393], [130.811288, 33.514882], [130.810749, 33.513615], [130.810884, 33.51274], [130.810714, 33.512428], [130.811089, 33.510612], [130.810839, 33.510034], [130.810335, 33.509671], [130.810185, 33.509344], [130.810191, 33.508834], [130.810702, 33.508577], [130.810806, 33.508267], [130.810284, 33.507502], [130.810577, 33.504901], [130.810412, 33.50429], [130.810718, 33.502262], [130.81152, 33.500709], [130.812277, 33.499693], [130.812184, 33.499193], [130.812811, 33.499004], [130.813231, 33.498299], [130.813261, 33.497764], [130.813624, 33.497532], [130.813838, 33.497116], [130.814648, 33.497012], [130.815354, 33.496382], [130.815292, 33.495741], [130.814852, 33.495356], [130.814585, 33.494643], [130.814586, 33.493943], [130.814029, 33.493062], [130.814892, 33.492746], [130.81533, 33.492196], [130.816213, 33.492132], [130.816763, 33.4917], [130.816904, 33.491296], [130.817296, 33.490883], [130.817324, 33.490029], [130.817125, 33.489577], [130.817233, 33.489016], [130.817626, 33.488845], [130.81836, 33.488957], [130.819167, 33.489639], [130.819404, 33.489704], [130.819992, 33.489345], [130.819974, 33.488954], [130.820239, 33.488491], [130.82025, 33.488178], [130.820999, 33.488041], [130.821409, 33.487477], [130.822965, 33.48741], [130.823564, 33.487046], [130.823946, 33.487619], [130.82458, 33.487909], [130.82515, 33.488367], [130.826365, 33.488629], [130.827009, 33.488486], [130.827746, 33.487834], [130.828044, 33.487709], [130.828346, 33.487786], [130.828714, 33.488132], [130.829279, 33.488241], [130.830641, 33.487711], [130.831444, 33.487672], [130.831839, 33.487382], [130.8323, 33.487278], [130.832851, 33.486964], [130.833904, 33.487369], [130.834341, 33.487131], [130.834156, 33.486482], [130.834801, 33.486262], [130.835074, 33.4855], [130.835923, 33.484972], [130.836836, 33.484851], [130.837217, 33.484354], [130.837503, 33.484257], [130.838563, 33.484139], [130.839368, 33.484312], [130.839816, 33.484257], [130.840711, 33.484931], [130.841087, 33.485468], [130.842663, 33.485624], [130.84331, 33.484606], [130.843117, 33.48411], [130.843256, 33.482951], [130.844213, 33.482782], [130.844673, 33.48256], [130.845531, 33.482681], [130.846028, 33.4817], [130.846472, 33.481531], [130.846906, 33.480953], [130.846711, 33.48052], [130.847171, 33.480165], [130.847344, 33.479714], [130.847797, 33.479342], [130.847793, 33.478664], [130.847517, 33.478184], [130.844508, 33.476444], [130.84414, 33.476009], [130.842675, 33.474974], [130.842165, 33.47446], [130.841516, 33.47439], [130.840857, 33.473963], [130.840303, 33.473766], [130.839666, 33.474099], [130.839078, 33.473957], [130.838114, 33.473977], [130.837524, 33.473394], [130.836948, 33.473044], [130.836699, 33.472556], [130.836296, 33.47218], [130.8362, 33.471846], [130.835864, 33.4697], [130.835967, 33.468578], [130.836063, 33.46837], [130.837225, 33.467736], [130.839207, 33.466104], [130.840439, 33.465597], [130.841113, 33.465004], [130.841708, 33.464761], [130.842012, 33.463976], [130.842745, 33.462964], [130.843349, 33.462721], [130.844091, 33.46264], [130.844698, 33.461045], [130.844909, 33.459721], [130.845284, 33.45931], [130.845666, 33.459143], [130.845871, 33.458553], [130.846244, 33.45825], [130.846262, 33.457172], [130.846851, 33.456842], [130.847296, 33.456219], [130.848596, 33.455072], [130.848606, 33.453791], [130.849166, 33.453396], [130.849907, 33.45249], [130.850213, 33.452332], [130.850233, 33.451513], [130.850564, 33.451047], [130.850644, 33.450132], [130.85134, 33.450043], [130.852292, 33.450319], [130.852529, 33.450231], [130.852992, 33.449549], [130.85297, 33.449114], [130.853433, 33.448672], [130.853118, 33.447737], [130.85386, 33.447258], [130.854481, 33.447306], [130.855092, 33.446986], [130.855512, 33.446921], [130.856883, 33.447048], [130.857069, 33.447359], [130.856983, 33.447764], [130.857313, 33.447752], [130.858348, 33.448059], [130.861189, 33.446819], [130.861922, 33.447735], [130.861553, 33.4487], [130.861743, 33.449996], [130.862654, 33.450146], [130.863278, 33.450542], [130.863789, 33.450671], [130.864278, 33.451034], [130.866488, 33.450854], [130.868401, 33.450313], [130.86948, 33.450402], [130.870691, 33.450887], [130.871167, 33.450619], [130.871363, 33.450146], [130.871916, 33.449709], [130.872486, 33.449815], [130.874499, 33.449821], [130.875678, 33.450164], [130.877114, 33.450358], [130.878201, 33.451052], [130.879255, 33.451192], [130.880493, 33.452097], [130.881422, 33.451297], [130.881841, 33.451111], [130.884987, 33.450968], [130.887752, 33.450599], [130.888016, 33.450642], [130.888763, 33.4512], [130.889898, 33.452436], [130.890386, 33.452667], [130.89278, 33.452274], [130.894549, 33.452202], [130.896883, 33.451547], [130.898647, 33.451555], [130.899324, 33.451255], [130.900281, 33.449211], [130.901194, 33.449281], [130.901809, 33.448981], [130.90312, 33.449244], [130.904994, 33.449134], [130.905545, 33.449638], [130.906641, 33.450132], [130.907314, 33.449982], [130.907866, 33.449564], [130.908281, 33.449681], [130.908833, 33.450189], [130.9098, 33.449978], [130.91022, 33.449704], [130.910534, 33.449788], [130.91173, 33.450645], [130.912532, 33.450898], [130.915344, 33.453943], [130.915724, 33.454803], [130.917548, 33.45533], [130.919676, 33.45627], [130.920976, 33.456524], [130.922045, 33.45637], [130.923495, 33.456917], [130.924284, 33.456964], [130.924792, 33.457624], [130.926286, 33.457624], [130.92794, 33.458997], [130.928347, 33.459423], [130.928593, 33.460111], [130.929246, 33.460625], [130.92928, 33.461379], [130.929638, 33.462249], [130.929617, 33.462883], [130.930484, 33.463799], [130.930681, 33.466158], [130.930581, 33.466639], [130.929822, 33.466701], [130.941189, 33.48308], [130.941831, 33.483621], [130.942132, 33.485334], [130.942418, 33.485642], [130.943007, 33.485471], [130.943581, 33.485547], [130.944953, 33.486507], [130.946583, 33.487261], [130.948816, 33.487706], [130.949888, 33.487669], [130.949164, 33.489745], [130.948771, 33.490233], [130.948807, 33.490522], [130.948369, 33.491964], [130.948563, 33.492614], [130.948175, 33.49318], [130.947971, 33.494181], [130.947467, 33.494797], [130.947161, 33.495536], [130.946544, 33.495676], [130.94609, 33.495563], [130.945381, 33.495174], [130.944474, 33.495287], [130.943179, 33.495948], [130.943016, 33.496779], [130.942813, 33.49711], [130.942139, 33.497086], [130.941278, 33.497707], [130.938903, 33.498472], [130.937959, 33.499222], [130.938056, 33.500056], [130.938791, 33.5009], [130.938918, 33.501301], [130.938897, 33.502035], [130.938343, 33.503959], [130.939023, 33.505363], [130.938368, 33.505884], [130.938331, 33.506091], [130.938759, 33.506536], [130.939954, 33.507021], [130.939967, 33.507643], [130.939766, 33.508094], [130.940156, 33.508668], [130.940219, 33.509132], [130.939628, 33.509548], [130.938923, 33.510358], [130.938672, 33.511189], [130.938259, 33.511749], [130.936811, 33.512649], [130.936044, 33.512678], [130.935729, 33.513192], [130.935113, 33.513222], [130.93471, 33.515051], [130.934509, 33.515165], [130.934836, 33.515639], [130.934609, 33.516025], [130.934672, 33.516421], [130.935389, 33.516747], [130.934483, 33.518181], [130.934446, 33.518497], [130.934672, 33.518872], [130.934748, 33.519416], [130.935037, 33.519772], [130.934924, 33.520529], [130.934761, 33.520855], [130.934182, 33.521072], [130.93383, 33.521713], [130.933138, 33.522385], [130.933477, 33.523433], [130.9332, 33.523967], [130.933188, 33.524382], [130.932949, 33.524966], [130.932382, 33.525193], [130.931464, 33.525292], [130.931212, 33.525479], [130.931073, 33.526162], [130.931275, 33.526897], [130.931111, 33.527184], [130.931363, 33.527856], [130.931287, 33.528449], [130.93101, 33.529062], [130.931401, 33.529497], [130.931564, 33.53012], [130.931929, 33.530353], [130.931816, 33.530976], [130.931929, 33.531381], [130.933099, 33.53234], [130.933112, 33.532657], [130.932458, 33.533289], [130.932232, 33.533789], [130.931679, 33.534115], [130.931326, 33.535489], [130.931276, 33.536281], [130.930219, 33.5372], [130.930156, 33.537852], [130.928986, 33.539355], [130.928344, 33.539573], [130.927984, 33.540219], [130.927418, 33.540476], [130.92694, 33.540961], [130.925908, 33.542424], [130.925442, 33.543887], [130.924272, 33.544984], [130.923947, 33.54557], [130.923204, 33.546411], [130.922776, 33.547811], [130.9225, 33.547989], [130.922336, 33.548484], [130.921682, 33.549284], [130.921367, 33.550135], [130.921002, 33.550402], [130.920587, 33.551489], [130.920008, 33.552013], [130.920775, 33.553659], [130.921316, 33.554381], [130.921392, 33.555122], [130.921694, 33.555577], [130.921883, 33.556279], [130.922373, 33.556892], [130.922348, 33.55703], [130.922096, 33.557119], [130.922027, 33.557451], [130.921142, 33.557585], [130.920573, 33.557809], [130.920164, 33.558353], [130.919869, 33.559157], [130.919493, 33.559738], [130.919186, 33.55989], [130.918481, 33.559845], [130.917958, 33.560167], [130.91764, 33.560149], [130.917401, 33.559988], [130.917231, 33.560131], [130.916651, 33.561069], [130.915218, 33.562462], [130.915105, 33.563195], [130.914923, 33.563668], [130.914426, 33.564315], [130.914403, 33.564726], [130.913164, 33.564494], [130.912424, 33.564824], [130.911924, 33.56486], [130.910537, 33.565744], [130.909309, 33.566361], [130.908292, 33.567134], [130.905757, 33.567893], [130.905632, 33.568081], [130.905768, 33.569233], [130.905609, 33.569429], [130.90504, 33.569572], [130.904506, 33.569929], [130.903676, 33.571117], [130.903585, 33.57182], [130.901891, 33.57316], [130.901686, 33.57383], [130.899143, 33.574523], [130.897562, 33.575274], [130.897346, 33.575461], [130.896534, 33.577214], [130.895089, 33.578402], [130.894351, 33.578598], [130.893259, 33.578482], [130.891826, 33.578643], [130.890906, 33.579259], [130.890542, 33.579866], [130.889757, 33.580429], [130.889336, 33.580563], [130.888518, 33.580179], [130.888012, 33.579503], [130.88766, 33.579244], [130.885374, 33.578574], [130.883862, 33.578886], [130.883464, 33.578886], [130.883169, 33.578752], [130.882623, 33.57835], [130.883458, 33.577696], [130.883745, 33.577312], [130.884097, 33.576562], [130.88414, 33.57601], [130.883982, 33.575891], [130.88297, 33.575835], [130.881629, 33.575547], [130.88057, 33.575618], [130.878546, 33.57515], [130.877021, 33.574058], [130.876404, 33.574171], [130.875801, 33.572986], [130.874524, 33.572197], [130.874231, 33.571541], [130.873069, 33.573772], [130.872633, 33.574121], [130.871484, 33.575502], [130.871346, 33.575951], [130.871644, 33.577412], [130.871475, 33.577611], [130.871038, 33.577663], [130.870148, 33.579084], [130.870219, 33.580561], [130.86941, 33.581329], [130.868916, 33.582242], [130.868868, 33.584027], [130.868686, 33.584226], [130.868061, 33.584507]]]}}, {"type": "Feature", "properties": {"pref_code": "40", "pref_name": "福岡県", "municipality_code": "40604", "municipality_name": "糸田町", "ward_name": "", "display_name": "糸田町", "geometry_key": "40604"}, "geometry": {"type": "Polygon", "coordinates": [[[130.787814, 33.666245], [130.787986, 33.666309], [130.787087, 33.667385], [130.786736, 33.667589], [130.786272, 33.668164], [130.785653, 33.668471], [130.784935, 33.669204], [130.784475, 33.669442], [130.784466, 33.67057], [130.783923, 33.671462], [130.783069, 33.672309], [130.782967, 33.672628], [130.781621, 33.67407], [130.779988, 33.675099], [130.779732, 33.674895], [130.779244, 33.673054], [130.778925, 33.672744], [130.778029, 33.672396], [130.778725, 33.67054], [130.775176, 33.669305], [130.776117, 33.666766], [130.776046, 33.666395], [130.774971, 33.666139], [130.7746, 33.666985], [130.773764, 33.666631], [130.773474, 33.666827], [130.772981, 33.666713], [130.772816, 33.667096], [130.77227, 33.66742], [130.768686, 33.666376], [130.768081, 33.665558], [130.767199, 33.665371], [130.766162, 33.664933], [130.76553, 33.665219], [130.763647, 33.665551], [130.762627, 33.665202], [130.761589, 33.664339], [130.760735, 33.664381], [130.759657, 33.664776], [130.75926, 33.66481], [130.756513, 33.664047], [130.757159, 33.663612], [130.757005, 33.66291], [130.757644, 33.662305], [130.758234, 33.660998], [130.758251, 33.660573], [130.757992, 33.659915], [130.758404, 33.659553], [130.758289, 33.658938], [130.758779, 33.65828], [130.758862, 33.657954], [130.758814, 33.657598], [130.758378, 33.657301], [130.758267, 33.657044], [130.758925, 33.656658], [130.759576, 33.655902], [130.759899, 33.655052], [130.760494, 33.654324], [130.761172, 33.654132], [130.759337, 33.651881], [130.759038, 33.651669], [130.757791, 33.651266], [130.757282, 33.650367], [130.756841, 33.650225], [130.75622, 33.650293], [130.755461, 33.650026], [130.755009, 33.650409], [130.753856, 33.650057], [130.753617, 33.649264], [130.753395, 33.649031], [130.752676, 33.649048], [130.752426, 33.648629], [130.752623, 33.64837], [130.752426, 33.647694], [130.752058, 33.647164], [130.751608, 33.646082], [130.751741, 33.644053], [130.751108, 33.643066], [130.749969, 33.642352], [130.749741, 33.641542], [130.754591, 33.641592], [130.755021, 33.640797], [130.756184, 33.640476], [130.756751, 33.639979], [130.757563, 33.639717], [130.757989, 33.639279], [130.759361, 33.639313], [130.760008, 33.640197], [130.760912, 33.640558], [130.761773, 33.640704], [130.762491, 33.641173], [130.762918, 33.641106], [130.765083, 33.641309], [130.765005, 33.64163], [130.765228, 33.642633], [130.767733, 33.642685], [130.769025, 33.642878], [130.769622, 33.643161], [130.771114, 33.643576], [130.771642, 33.643971], [130.776715, 33.645619], [130.779179, 33.646304], [130.780954, 33.647035], [130.781345, 33.647454], [130.78212, 33.647319], [130.78402, 33.647839], [130.78488, 33.64834], [130.785157, 33.648691], [130.785823, 33.649016], [130.786879, 33.649044], [130.787317, 33.649243], [130.788019, 33.649239], [130.788553, 33.649412], [130.788515, 33.650779], [130.788679, 33.651456], [130.789996, 33.651309], [130.791477, 33.651406], [130.792111, 33.650922], [130.792441, 33.650984], [130.792631, 33.651289], [130.792663, 33.652251], [130.791612, 33.654194], [130.793029, 33.654558], [130.793048, 33.655124], [130.792739, 33.655327], [130.792063, 33.655283], [130.791817, 33.655458], [130.791731, 33.655583], [130.792732, 33.656129], [130.791057, 33.657975], [130.791716, 33.658352], [130.791468, 33.658772], [130.791906, 33.659047], [130.791384, 33.659856], [130.790331, 33.660118], [130.790343, 33.660243], [130.790834, 33.660541], [130.790181, 33.661516], [130.789264, 33.662039], [130.789, 33.662487], [130.788619, 33.662229], [130.788317, 33.662246], [130.787782, 33.662616], [130.787349, 33.662439], [130.787256, 33.662498], [130.787084, 33.662927], [130.786992, 33.663947], [130.786455, 33.664378], [130.786341, 33.664756], [130.78687, 33.665899], [130.787284, 33.666169], [130.787814, 33.666245]]]}}, {"type": "Feature", "properties": {"pref_code": "40", "pref_name": "福岡県", "municipality_code": "40605", "municipality_name": "川崎町", "ward_name": "", "display_name": "川崎町", "geometry_key": "40605"}, "geometry": {"type": "Polygon", "coordinates": [[[130.832217, 33.6055], [130.831986, 33.607349], [130.831649, 33.607992], [130.831573, 33.60849], [130.829846, 33.609869], [130.829058, 33.610086], [130.826255, 33.610433], [130.825444, 33.609827], [130.823956, 33.609742], [130.823263, 33.610504], [130.82336, 33.610916], [130.822638, 33.611958], [130.822662, 33.612868], [130.822008, 33.613176], [130.821865, 33.613762], [130.821296, 33.613997], [130.820725, 33.614067], [130.820823, 33.61466], [130.821225, 33.6152], [130.820779, 33.615446], [130.820605, 33.615512], [130.819387, 33.615274], [130.819038, 33.615953], [130.818239, 33.616205], [130.81786, 33.616741], [130.816974, 33.61717], [130.815908, 33.616538], [130.814537, 33.616928], [130.814104, 33.616894], [130.813853, 33.617061], [130.813131, 33.616977], [130.812824, 33.617866], [130.812844, 33.618428], [130.81057, 33.619503], [130.809356, 33.619503], [130.808075, 33.620294], [130.808534, 33.620807], [130.807937, 33.620822], [130.807979, 33.621181], [130.807206, 33.621128], [130.807429, 33.621557], [130.806045, 33.621525], [130.805297, 33.621992], [130.804434, 33.621769], [130.804134, 33.621792], [130.80364, 33.622065], [130.802768, 33.621802], [130.801701, 33.621772], [130.800972, 33.622961], [130.80038, 33.622991], [130.800164, 33.62311], [130.799688, 33.623828], [130.799312, 33.624126], [130.797668, 33.623423], [130.797222, 33.623827], [130.79725, 33.624212], [130.79647, 33.623942], [130.795742, 33.623393], [130.794838, 33.623119], [130.794484, 33.621592], [130.794049, 33.6205], [130.793873, 33.618684], [130.793552, 33.618099], [130.793675, 33.617222], [130.794652, 33.616008], [130.797688, 33.61475], [130.801446, 33.612441], [130.80164, 33.612213], [130.801458, 33.611532], [130.799436, 33.609248], [130.799159, 33.608765], [130.799171, 33.607974], [130.799523, 33.606357], [130.798761, 33.605579], [130.798588, 33.605014], [130.798068, 33.604652], [130.798376, 33.604147], [130.797373, 33.603582], [130.797513, 33.602295], [130.797417, 33.601667], [130.795986, 33.599415], [130.796429, 33.599086], [130.796726, 33.597842], [130.797914, 33.598031], [130.798718, 33.597892], [130.799153, 33.598029], [130.799249, 33.597952], [130.799385, 33.59751], [130.799208, 33.596967], [130.799399, 33.596752], [130.799717, 33.595261], [130.799721, 33.594022], [130.799493, 33.593377], [130.798898, 33.592798], [130.798872, 33.591599], [130.798544, 33.590584], [130.797916, 33.589952], [130.797369, 33.588873], [130.797356, 33.587849], [130.797913, 33.587464], [130.797959, 33.587054], [130.797382, 33.585989], [130.797548, 33.585104], [130.797929, 33.584493], [130.797956, 33.582361], [130.797443, 33.58193], [130.797053, 33.581021], [130.796071, 33.580066], [130.795132, 33.579923], [130.794231, 33.579348], [130.793861, 33.578966], [130.7931, 33.578783], [130.792901, 33.578436], [130.793124, 33.577172], [130.793572, 33.576746], [130.793929, 33.576158], [130.794306, 33.57602], [130.794841, 33.575588], [130.795224, 33.575481], [130.795225, 33.575185], [130.794613, 33.574871], [130.793423, 33.574542], [130.792341, 33.573391], [130.791606, 33.573326], [130.790775, 33.572977], [130.789461, 33.57305], [130.78964, 33.572637], [130.789397, 33.571598], [130.788841, 33.570585], [130.788658, 33.570421], [130.787041, 33.570095], [130.786618, 33.569742], [130.786351, 33.569141], [130.785678, 33.568876], [130.785144, 33.56831], [130.785844, 33.567387], [130.787492, 33.566264], [130.787782, 33.566227], [130.788022, 33.565833], [130.788889, 33.564998], [130.78904, 33.563978], [130.788804, 33.562917], [130.788966, 33.562713], [130.789317, 33.562601], [130.789492, 33.56192], [130.790728, 33.561864], [130.791002, 33.561398], [130.791843, 33.561212], [130.791925, 33.560769], [130.792314, 33.560307], [130.791591, 33.558324], [130.791534, 33.556083], [130.79291, 33.555958], [130.793858, 33.555172], [130.795409, 33.554462], [130.79599, 33.553362], [130.797178, 33.552882], [130.797317, 33.552415], [130.797688, 33.551985], [130.797801, 33.550781], [130.798534, 33.550199], [130.799537, 33.550042], [130.800085, 33.549089], [130.800683, 33.548873], [130.801371, 33.548124], [130.802669, 33.547234], [130.802541, 33.546411], [130.803716, 33.543491], [130.803294, 33.542585], [130.803083, 33.541604], [130.803115, 33.541091], [130.803443, 33.540515], [130.803445, 33.539282], [130.803613, 33.538492], [130.805076, 33.537394], [130.806145, 33.537154], [130.806646, 33.536873], [130.806714, 33.536587], [130.806339, 33.534896], [130.805229, 33.533892], [130.805084, 33.533429], [130.805314, 33.531847], [130.80615, 33.531591], [130.806476, 33.531219], [130.806127, 33.53094], [130.806014, 33.530686], [130.805943, 33.529947], [130.805602, 33.528831], [130.805171, 33.528198], [130.804692, 33.526441], [130.804828, 33.525666], [130.804307, 33.524331], [130.804056, 33.522135], [130.804269, 33.52164], [130.803791, 33.520512], [130.803861, 33.520201], [130.804458, 33.519618], [130.804373, 33.518502], [130.803645, 33.517477], [130.804102, 33.517002], [130.804263, 33.516563], [130.804263, 33.516046], [130.803598, 33.515145], [130.804286, 33.514076], [130.804294, 33.512851], [130.804039, 33.511261], [130.80419, 33.511212], [130.806505, 33.511771], [130.808311, 33.511642], [130.808922, 33.511321], [130.809137, 33.510861], [130.810335, 33.509671], [130.810839, 33.510034], [130.811089, 33.510612], [130.810714, 33.512428], [130.810884, 33.51274], [130.810749, 33.513615], [130.811288, 33.514882], [130.811722, 33.515393], [130.813083, 33.515793], [130.813728, 33.516304], [130.814318, 33.51703], [130.814812, 33.517355], [130.817062, 33.517819], [130.818521, 33.51763], [130.819386, 33.517881], [130.821075, 33.517813], [130.821409, 33.517894], [130.823118, 33.519341], [130.825341, 33.519957], [130.827088, 33.520909], [130.827346, 33.521951], [130.827488, 33.523404], [130.828192, 33.52522], [130.827881, 33.525662], [130.828078, 33.525976], [130.828595, 33.526362], [130.829037, 33.528156], [130.829262, 33.528553], [130.829712, 33.528996], [130.830534, 33.529418], [130.830934, 33.529924], [130.830872, 33.531186], [130.831373, 33.531554], [130.831599, 33.532099], [130.831429, 33.533044], [130.831557, 33.533687], [130.831953, 33.534324], [130.831877, 33.534942], [130.831209, 33.536196], [130.831266, 33.536442], [130.831972, 33.537374], [130.831694, 33.538039], [130.831859, 33.53874], [130.831704, 33.540354], [130.832698, 33.542421], [130.831545, 33.544052], [130.831573, 33.545021], [130.831398, 33.545424], [130.831509, 33.546108], [130.830542, 33.546954], [130.83018, 33.547699], [130.830879, 33.549809], [130.830516, 33.550751], [130.830671, 33.551544], [130.831468, 33.553162], [130.832281, 33.553878], [130.832399, 33.554172], [130.832213, 33.554572], [130.831788, 33.554659], [130.831528, 33.55489], [130.831523, 33.555164], [130.832058, 33.555797], [130.831928, 33.556687], [130.832156, 33.557928], [130.832061, 33.558539], [130.832508, 33.559237], [130.83274, 33.55991], [130.832393, 33.560658], [130.832017, 33.56104], [130.832133, 33.561706], [130.831982, 33.562548], [130.83093, 33.562722], [130.830615, 33.562975], [130.830557, 33.563264], [130.830881, 33.564191], [130.831331, 33.564769], [130.831455, 33.565602], [130.832123, 33.566535], [130.832206, 33.567376], [130.834486, 33.568178], [130.835352, 33.568632], [130.83584, 33.569276], [130.83649, 33.569811], [130.836678, 33.569829], [130.837089, 33.569323], [130.837344, 33.569297], [130.838299, 33.5696], [130.838699, 33.570138], [130.838721, 33.570681], [130.838461, 33.571482], [130.837892, 33.572277], [130.837283, 33.572669], [130.836811, 33.572817], [130.836448, 33.573946], [130.836626, 33.574359], [130.836681, 33.575862], [130.836884, 33.576477], [130.836759, 33.577088], [130.83709, 33.577574], [130.837132, 33.577958], [130.837542, 33.578458], [130.837313, 33.579051], [130.835981, 33.58024], [130.833291, 33.581552], [130.83272, 33.582021], [130.832464, 33.582438], [130.832354, 33.583819], [130.831821, 33.584338], [130.832208, 33.584863], [130.832799, 33.585318], [130.833703, 33.585212], [130.834331, 33.585479], [130.833798, 33.586632], [130.833903, 33.587456], [130.833211, 33.588627], [130.832896, 33.588842], [130.8328, 33.5893], [130.832278, 33.590162], [130.832889, 33.590571], [130.833376, 33.590265], [130.833805, 33.590541], [130.835393, 33.590961], [130.835975, 33.591068], [130.836344, 33.590869], [130.836763, 33.591015], [130.837468, 33.59187], [130.837069, 33.592864], [130.837382, 33.593598], [130.838918, 33.59398], [130.839968, 33.594769], [130.840102, 33.595209], [130.840008, 33.595896], [130.840369, 33.596547], [130.840262, 33.597065], [130.840963, 33.597909], [130.841446, 33.598275], [130.841545, 33.598546], [130.841058, 33.599132], [130.841322, 33.599859], [130.841229, 33.600023], [130.83984, 33.600922], [130.838285, 33.600872], [130.837724, 33.60099], [130.836619, 33.60071], [130.835405, 33.601939], [130.835654, 33.603308], [130.835354, 33.60374], [130.834765, 33.604026], [130.834442, 33.604433], [130.833082, 33.604496], [130.832841, 33.605288], [130.832217, 33.6055]]]}}, {"type": "Feature", "properties": {"pref_code": "40", "pref_name": "福岡県", "municipality_code": "40608", "municipality_name": "大任町", "ward_name": "", "display_name": "大任町", "geometry_key": "40608"}, "geometry": {"type": "Polygon", "coordinates": [[[130.855848, 33.645829], [130.855464, 33.645709], [130.853907, 33.645924], [130.853439, 33.646095], [130.852936, 33.645776], [130.849507, 33.645646], [130.848639, 33.645403], [130.848105, 33.645552], [130.847658, 33.646336], [130.846483, 33.645697], [130.845398, 33.645307], [130.845129, 33.645002], [130.844844, 33.644882], [130.843991, 33.644706], [130.843258, 33.644808], [130.843188, 33.64433], [130.842553, 33.643788], [130.842206, 33.643151], [130.842337, 33.642454], [130.842051, 33.641974], [130.842191, 33.640982], [130.842701, 33.640366], [130.84325, 33.639999], [130.843021, 33.639613], [130.843, 33.639121], [130.84215, 33.638552], [130.84137, 33.638715], [130.840863, 33.638679], [130.840243, 33.638469], [130.840093, 33.63829], [130.837615, 33.637567], [130.837613, 33.636341], [130.837424, 33.635848], [130.836242, 33.635755], [130.836049, 33.635211], [130.83565, 33.634722], [130.835943, 33.634219], [130.83612, 33.633384], [130.836009, 33.632419], [130.83631, 33.631909], [130.838184, 33.630026], [130.839298, 33.629313], [130.839559, 33.628798], [130.839579, 33.628205], [130.841204, 33.627242], [130.844185, 33.621377], [130.844401, 33.620535], [130.844841, 33.619888], [130.84595, 33.617444], [130.842728, 33.616151], [130.843076, 33.615526], [130.842249, 33.615359], [130.841634, 33.614831], [130.841232, 33.614702], [130.84129, 33.613982], [130.840944, 33.613837], [130.840734, 33.61321], [130.839847, 33.61261], [130.839851, 33.61221], [130.839638, 33.611693], [130.839733, 33.610886], [130.839347, 33.610216], [130.839097, 33.610044], [130.838745, 33.610139], [130.838258, 33.609974], [130.837949, 33.609446], [130.836781, 33.608887], [130.836838, 33.608355], [130.8356, 33.607919], [130.835198, 33.607517], [130.834108, 33.607246], [130.833877, 33.606975], [130.833734, 33.606456], [130.833211, 33.606295], [130.832217, 33.6055], [130.832841, 33.605288], [130.833082, 33.604496], [130.834442, 33.604433], [130.834765, 33.604026], [130.835354, 33.60374], [130.835654, 33.603308], [130.835405, 33.601939], [130.836619, 33.60071], [130.837724, 33.60099], [130.838285, 33.600872], [130.83984, 33.600922], [130.841229, 33.600023], [130.841322, 33.599859], [130.841058, 33.599132], [130.841545, 33.598546], [130.841446, 33.598275], [130.840963, 33.597909], [130.840262, 33.597065], [130.840369, 33.596547], [130.840008, 33.595896], [130.840102, 33.595209], [130.839968, 33.594769], [130.838918, 33.59398], [130.837382, 33.593598], [130.837069, 33.592864], [130.837468, 33.59187], [130.836763, 33.591015], [130.836344, 33.590869], [130.836431, 33.590145], [130.837466, 33.589162], [130.838269, 33.588102], [130.838823, 33.588015], [130.839559, 33.587455], [130.839811, 33.587541], [130.841442, 33.587522], [130.842355, 33.588072], [130.844427, 33.586762], [130.845307, 33.586044], [130.847479, 33.587654], [130.848814, 33.588021], [130.849137, 33.587724], [130.849337, 33.587703], [130.851364, 33.588427], [130.852654, 33.590426], [130.853514, 33.591131], [130.853547, 33.591378], [130.854886, 33.592007], [130.856341, 33.590988], [130.856138, 33.589504], [130.856474, 33.589005], [130.857013, 33.587046], [130.857371, 33.586899], [130.857823, 33.586366], [130.857812, 33.585533], [130.857178, 33.584586], [130.856979, 33.583637], [130.857888, 33.583626], [130.858511, 33.583437], [130.858941, 33.583095], [130.859337, 33.582309], [130.861687, 33.581401], [130.862409, 33.581336], [130.8646, 33.581822], [130.865237, 33.582086], [130.865684, 33.582471], [130.866025, 33.583079], [130.866813, 33.583486], [130.868061, 33.584507], [130.868266, 33.584752], [130.868284, 33.585235], [130.868766, 33.586633], [130.86881, 33.588115], [130.869516, 33.589053], [130.870081, 33.589405], [130.870524, 33.589863], [130.870464, 33.590629], [130.870828, 33.59092], [130.870957, 33.591276], [130.870819, 33.591764], [130.870177, 33.592479], [130.870263, 33.592986], [130.870174, 33.593611], [130.869733, 33.594353], [130.8696, 33.594487], [130.868918, 33.59463], [130.868737, 33.594835], [130.868607, 33.595279], [130.868798, 33.595546], [130.868796, 33.595825], [130.868208, 33.596279], [130.868014, 33.597265], [130.867582, 33.597745], [130.867336, 33.598581], [130.866936, 33.59898], [130.866429, 33.599204], [130.866293, 33.59978], [130.865527, 33.600472], [130.865016, 33.601221], [130.86464, 33.602515], [130.864212, 33.603232], [130.863633, 33.603527], [130.864549, 33.604521], [130.864153, 33.605062], [130.863621, 33.605499], [130.863506, 33.606255], [130.864604, 33.607044], [130.865116, 33.607683], [130.865111, 33.607853], [130.8641, 33.609327], [130.864093, 33.609537], [130.864407, 33.60974], [130.864099, 33.610477], [130.864176, 33.610716], [130.863786, 33.611492], [130.86307, 33.612375], [130.863212, 33.613471], [130.863468, 33.614014], [130.862271, 33.615649], [130.861703, 33.616196], [130.862312, 33.617632], [130.861744, 33.617958], [130.861166, 33.618906], [130.860234, 33.619892], [130.860182, 33.62025], [130.85989, 33.620676], [130.859998, 33.621171], [130.85987, 33.621612], [130.860048, 33.622159], [130.860063, 33.622843], [130.860128, 33.623052], [130.860584, 33.623444], [130.860495, 33.624127], [130.861423, 33.625117], [130.861255, 33.625296], [130.860644, 33.625401], [130.860474, 33.625834], [130.859204, 33.62692], [130.858988, 33.627507], [130.859441, 33.628321], [130.859438, 33.628909], [130.859128, 33.629774], [130.859514, 33.63076], [130.859034, 33.632539], [130.859526, 33.633997], [130.859509, 33.634356], [130.859407, 33.635029], [130.858908, 33.635246], [130.85887, 33.635699], [130.858504, 33.636066], [130.858893, 33.636575], [130.859044, 33.637012], [130.859465, 33.637129], [130.859695, 33.637625], [130.860428, 33.638094], [130.860533, 33.638575], [130.860035, 33.638837], [130.859952, 33.639299], [130.859141, 33.64025], [130.859179, 33.640651], [130.858961, 33.640964], [130.85783, 33.641828], [130.857255, 33.641999], [130.857174, 33.642495], [130.857477, 33.643099], [130.857424, 33.643519], [130.857583, 33.643885], [130.856687, 33.644045], [130.856358, 33.644696], [130.8561, 33.64492], [130.856206, 33.64555], [130.855848, 33.645829]]]}}, {"type": "Feature", "properties": {"pref_code": "40", "pref_name": "福岡県", "municipality_code": "40609", "municipality_name": "赤村", "ward_name": "", "display_name": "赤村", "geometry_key": "40609"}, "geometry": {"type": "Polygon", "coordinates": [[[130.922027, 33.557451], [130.923644, 33.560454], [130.922927, 33.561439], [130.922512, 33.561804], [130.921391, 33.563792], [130.921442, 33.564362], [130.920875, 33.565469], [130.921052, 33.566864], [130.920901, 33.568352], [130.920951, 33.569479], [130.920825, 33.569785], [130.920221, 33.570329], [130.920209, 33.570586], [130.92226, 33.572454], [130.921731, 33.573839], [130.922159, 33.574363], [130.922185, 33.57495], [130.921304, 33.575444], [130.920423, 33.575771], [130.919706, 33.576352], [130.919731, 33.577538], [130.920096, 33.578013], [130.920121, 33.579338], [130.920435, 33.579852], [130.919268, 33.580863], [130.918966, 33.581239], [130.918689, 33.581961], [130.918739, 33.582939], [130.919016, 33.583691], [130.918431, 33.586181], [130.918248, 33.58644], [130.917871, 33.58651], [130.914548, 33.586551], [130.914265, 33.586896], [130.914029, 33.587699], [130.913772, 33.587996], [130.912503, 33.588569], [130.911944, 33.588513], [130.911352, 33.589489], [130.911661, 33.589875], [130.911701, 33.590134], [130.911411, 33.590669], [130.91147, 33.591641], [130.911231, 33.592504], [130.911429, 33.593497], [130.911293, 33.59562], [130.911823, 33.596585], [130.910718, 33.597169], [130.910053, 33.598175], [130.909156, 33.598702], [130.908749, 33.599303], [130.906876, 33.600301], [130.906468, 33.600739], [130.906233, 33.601391], [130.905888, 33.601787], [130.905034, 33.602334], [130.903343, 33.60263], [130.903218, 33.60293], [130.903288, 33.603634], [130.903005, 33.604189], [130.90343, 33.60584], [130.903485, 33.606705], [130.904169, 33.607626], [130.903597, 33.608798], [130.902932, 33.609696], [130.903042, 33.610216], [130.901584, 33.611324], [130.901095, 33.611927], [130.900169, 33.612651], [130.899488, 33.612912], [130.899253, 33.612898], [130.898885, 33.613129], [130.898062, 33.614299], [130.898011, 33.61485], [130.898147, 33.615319], [130.898782, 33.616334], [130.89905, 33.617395], [130.899692, 33.618114], [130.901711, 33.619697], [130.902222, 33.620276], [130.9027, 33.621252], [130.902928, 33.622624], [130.903772, 33.623683], [130.903824, 33.623945], [130.903625, 33.624272], [130.903636, 33.624596], [130.904033, 33.625172], [130.90418, 33.625686], [130.905748, 33.626775], [130.905634, 33.627961], [130.905792, 33.629353], [130.906031, 33.629702], [130.906097, 33.630181], [130.907121, 33.631126], [130.907327, 33.631519], [130.906313, 33.633133], [130.906228, 33.633606], [130.906922, 33.6345], [130.907087, 33.635089], [130.907866, 33.635616], [130.907848, 33.636035], [130.90823, 33.6367], [130.908039, 33.636955], [130.906589, 33.637533], [130.905347, 33.638381], [130.903975, 33.639109], [130.902773, 33.639474], [130.902564, 33.639871], [130.902414, 33.640884], [130.900606, 33.640198], [130.900141, 33.639379], [130.898634, 33.639017], [130.897873, 33.638666], [130.897398, 33.638144], [130.89684, 33.637999], [130.894923, 33.636167], [130.89356, 33.635909], [130.893277, 33.636529], [130.892292, 33.637387], [130.892164, 33.637946], [130.891727, 33.638325], [130.891669, 33.63976], [130.891816, 33.640677], [130.890908, 33.640907], [130.890456, 33.641159], [130.890291, 33.641411], [130.890419, 33.641794], [130.890963, 33.642511], [130.891213, 33.643176], [130.891557, 33.643233], [130.891998, 33.643529], [130.892251, 33.644139], [130.892663, 33.644377], [130.892906, 33.647125], [130.893137, 33.647595], [130.893056, 33.648532], [130.893258, 33.649187], [130.893058, 33.649517], [130.892687, 33.649651], [130.892047, 33.649682], [130.891059, 33.649944], [130.890531, 33.649909], [130.890418, 33.649427], [130.889958, 33.648986], [130.889627, 33.648937], [130.88923, 33.649237], [130.888874, 33.649134], [130.886447, 33.646572], [130.885434, 33.646256], [130.884861, 33.645671], [130.88369, 33.645072], [130.883197, 33.645272], [130.881773, 33.644866], [130.881438, 33.644318], [130.881413, 33.643946], [130.880777, 33.643254], [130.879305, 33.642676], [130.87846, 33.642886], [130.878166, 33.642407], [130.877457, 33.642376], [130.876904, 33.642064], [130.875952, 33.64102], [130.875302, 33.641099], [130.874353, 33.640982], [130.873772, 33.640782], [130.873588, 33.64091], [130.87354, 33.641324], [130.872938, 33.641379], [130.872458, 33.641637], [130.871685, 33.641233], [130.870993, 33.641287], [130.870721, 33.641129], [130.870329, 33.640567], [130.869996, 33.640523], [130.869878, 33.640312], [130.869428, 33.640062], [130.86914, 33.640043], [130.868571, 33.639531], [130.868185, 33.639516], [130.867721, 33.639874], [130.867223, 33.640899], [130.866522, 33.641447], [130.865928, 33.642766], [130.865621, 33.643058], [130.86437, 33.64309], [130.86372, 33.642804], [130.8615, 33.644208], [130.861216, 33.644489], [130.861316, 33.644811], [130.860562, 33.645564], [130.860201, 33.646166], [130.858831, 33.647254], [130.858387, 33.647909], [130.857511, 33.647847], [130.856589, 33.64693], [130.85559, 33.64646], [130.855848, 33.645829], [130.856206, 33.64555], [130.8561, 33.64492], [130.856358, 33.644696], [130.856687, 33.644045], [130.857583, 33.643885], [130.857424, 33.643519], [130.857477, 33.643099], [130.857174, 33.642495], [130.857255, 33.641999], [130.85783, 33.641828], [130.858961, 33.640964], [130.859179, 33.640651], [130.859141, 33.64025], [130.859952, 33.639299], [130.860035, 33.638837], [130.860533, 33.638575], [130.860428, 33.638094], [130.859695, 33.637625], [130.859465, 33.637129], [130.859044, 33.637012], [130.858893, 33.636575], [130.858504, 33.636066], [130.85887, 33.635699], [130.858908, 33.635246], [130.859407, 33.635029], [130.859509, 33.634356], [130.859526, 33.633997], [130.859034, 33.632539], [130.859514, 33.63076], [130.859128, 33.629774], [130.859438, 33.628909], [130.859441, 33.628321], [130.858988, 33.627507], [130.859204, 33.62692], [130.860474, 33.625834], [130.860644, 33.625401], [130.861255, 33.625296], [130.861423, 33.625117], [130.860495, 33.624127], [130.860584, 33.623444], [130.860128, 33.623052], [130.860063, 33.622843], [130.860048, 33.622159], [130.85987, 33.621612], [130.859998, 33.621171], [130.85989, 33.620676], [130.860182, 33.62025], [130.860234, 33.619892], [130.861166, 33.618906], [130.861744, 33.617958], [130.862312, 33.617632], [130.861703, 33.616196], [130.862271, 33.615649], [130.863468, 33.614014], [130.863212, 33.613471], [130.86307, 33.612375], [130.863786, 33.611492], [130.864176, 33.610716], [130.864099, 33.610477], [130.864407, 33.60974], [130.864093, 33.609537], [130.8641, 33.609327], [130.865111, 33.607853], [130.865116, 33.607683], [130.864604, 33.607044], [130.863506, 33.606255], [130.863621, 33.605499], [130.864153, 33.605062], [130.864549, 33.604521], [130.863633, 33.603527], [130.864212, 33.603232], [130.86464, 33.602515], [130.865016, 33.601221], [130.865527, 33.600472], [130.866293, 33.59978], [130.866429, 33.599204], [130.866936, 33.59898], [130.867336, 33.598581], [130.867582, 33.597745], [130.868014, 33.597265], [130.868208, 33.596279], [130.868796, 33.595825], [130.868798, 33.595546], [130.868607, 33.595279], [130.868737, 33.594835], [130.868918, 33.59463], [130.8696, 33.594487], [130.869733, 33.594353], [130.870174, 33.593611], [130.870263, 33.592986], [130.870177, 33.592479], [130.870819, 33.591764], [130.870957, 33.591276], [130.870828, 33.59092], [130.870464, 33.590629], [130.870524, 33.589863], [130.870081, 33.589405], [130.869516, 33.589053], [130.86881, 33.588115], [130.868766, 33.586633], [130.868284, 33.585235], [130.868266, 33.584752], [130.868061, 33.584507], [130.868686, 33.584226], [130.868868, 33.584027], [130.868916, 33.582242], [130.86941, 33.581329], [130.870219, 33.580561], [130.870148, 33.579084], [130.871038, 33.577663], [130.871475, 33.577611], [130.871644, 33.577412], [130.871346, 33.575951], [130.871484, 33.575502], [130.872633, 33.574121], [130.873069, 33.573772], [130.874231, 33.571541], [130.874524, 33.572197], [130.875801, 33.572986], [130.876404, 33.574171], [130.877021, 33.574058], [130.878546, 33.57515], [130.88057, 33.575618], [130.881629, 33.575547], [130.88297, 33.575835], [130.883982, 33.575891], [130.88414, 33.57601], [130.884097, 33.576562], [130.883745, 33.577312], [130.883458, 33.577696], [130.882623, 33.57835], [130.883169, 33.578752], [130.883464, 33.578886], [130.883862, 33.578886], [130.885374, 33.578574], [130.88766, 33.579244], [130.888012, 33.579503], [130.888518, 33.580179], [130.889336, 33.580563], [130.889757, 33.580429], [130.890542, 33.579866], [130.890906, 33.579259], [130.891826, 33.578643], [130.893259, 33.578482], [130.894351, 33.578598], [130.895089, 33.578402], [130.896534, 33.577214], [130.897346, 33.575461], [130.897562, 33.575274], [130.899143, 33.574523], [130.901686, 33.57383], [130.901891, 33.57316], [130.903585, 33.57182], [130.903676, 33.571117], [130.904506, 33.569929], [130.90504, 33.569572], [130.905609, 33.569429], [130.905768, 33.569233], [130.905632, 33.568081], [130.905757, 33.567893], [130.908292, 33.567134], [130.909309, 33.566361], [130.910537, 33.565744], [130.911924, 33.56486], [130.912424, 33.564824], [130.913164, 33.564494], [130.914403, 33.564726], [130.914426, 33.564315], [130.914923, 33.563668], [130.915105, 33.563195], [130.915218, 33.562462], [130.916651, 33.561069], [130.917231, 33.560131], [130.917401, 33.559988], [130.91764, 33.560149], [130.917958, 33.560167], [130.918481, 33.559845], [130.919186, 33.55989], [130.919493, 33.559738], [130.919869, 33.559157], [130.920164, 33.558353], [130.920573, 33.557809], [130.921142, 33.557585], [130.922027, 33.557451]]]}}, {"type": "Feature", "properties": {"pref_code": "40", "pref_name": "福岡県", "municipality_code": "40610", "municipality_name": "福智町", "ward_name": "", "display_name": "福智町", "geometry_key": "40610"}, "geometry": {"type": "Polygon", "coordinates": [[[130.822025, 33.721264], [130.821941, 33.721142], [130.820898, 33.720997], [130.820731, 33.721517], [130.819563, 33.722854], [130.820004, 33.724106], [130.820933, 33.725489], [130.819633, 33.726268], [130.817938, 33.727012], [130.817033, 33.727727], [130.816256, 33.727865], [130.815639, 33.727672], [130.814935, 33.727689], [130.813961, 33.728093], [130.813859, 33.728901], [130.813235, 33.729487], [130.813285, 33.730571], [130.812588, 33.731359], [130.812109, 33.732134], [130.811057, 33.733064], [130.810661, 33.733617], [130.809737, 33.733705], [130.80824, 33.734215], [130.80707, 33.734328], [130.805637, 33.734656], [130.805143, 33.736711], [130.805301, 33.737375], [130.805641, 33.737855], [130.805608, 33.738125], [130.80447, 33.741246], [130.804029, 33.742036], [130.803128, 33.741612], [130.802059, 33.741605], [130.800443, 33.740923], [130.798624, 33.739851], [130.797532, 33.739026], [130.796099, 33.739444], [130.795178, 33.739932], [130.794454, 33.740547], [130.793793, 33.740773], [130.793105, 33.740576], [130.792122, 33.740753], [130.791109, 33.740111], [130.789883, 33.739991], [130.788795, 33.739667], [130.788556, 33.739141], [130.78868, 33.737606], [130.788618, 33.735903], [130.788173, 33.734451], [130.787753, 33.733846], [130.787442, 33.7337], [130.786326, 33.734057], [130.785993, 33.734302], [130.785592, 33.734201], [130.785486, 33.733231], [130.785051, 33.732123], [130.784886, 33.731861], [130.784489, 33.731762], [130.784207, 33.731434], [130.784339, 33.731069], [130.784285, 33.730024], [130.784032, 33.729172], [130.783601, 33.728603], [130.782495, 33.727528], [130.782039, 33.727408], [130.780089, 33.727711], [130.779447, 33.727659], [130.778362, 33.727092], [130.777622, 33.72614], [130.775694, 33.725746], [130.773886, 33.725173], [130.774039, 33.724681], [130.774425, 33.724144], [130.774476, 33.723719], [130.774112, 33.723059], [130.773298, 33.72257], [130.770632, 33.721658], [130.770104, 33.721638], [130.769163, 33.721231], [130.768382, 33.721335], [130.767277, 33.721043], [130.766509, 33.721152], [130.764733, 33.720904], [130.764114, 33.720266], [130.763375, 33.720085], [130.762924, 33.71968], [130.762524, 33.719724], [130.761975, 33.720025], [130.761612, 33.720041], [130.76129, 33.719908], [130.760951, 33.719463], [130.760425, 33.719295], [130.758939, 33.719081], [130.75849, 33.719304], [130.757563, 33.718719], [130.754943, 33.717865], [130.753423, 33.717557], [130.750889, 33.717518], [130.750379, 33.717361], [130.749597, 33.716898], [130.748891, 33.716236], [130.748193, 33.715902], [130.749549, 33.713303], [130.749084, 33.712299], [130.749302, 33.710977], [130.748978, 33.710594], [130.748323, 33.710407], [130.747484, 33.709693], [130.746715, 33.709286], [130.746352, 33.708572], [130.74646, 33.707379], [130.746749, 33.706889], [130.746699, 33.706147], [130.747029, 33.705688], [130.746933, 33.705287], [130.747145, 33.704607], [130.747018, 33.704456], [130.746177, 33.704136], [130.745699, 33.703642], [130.744905, 33.703493], [130.744654, 33.703049], [130.744032, 33.702455], [130.743817, 33.701759], [130.744148, 33.701528], [130.744568, 33.700715], [130.745398, 33.700747], [130.745796, 33.700602], [130.746163, 33.699738], [130.746361, 33.699572], [130.746723, 33.699512], [130.747179, 33.699614], [130.747363, 33.699951], [130.747809, 33.699772], [130.747991, 33.698252], [130.74785, 33.69646], [130.748244, 33.696136], [130.748946, 33.696061], [130.749253, 33.695493], [130.749642, 33.69524], [130.749595, 33.694621], [130.750101, 33.694349], [130.750045, 33.693678], [130.750442, 33.692977], [130.751142, 33.692382], [130.751388, 33.691409], [130.751869, 33.691019], [130.751956, 33.690647], [130.751674, 33.689446], [130.751929, 33.689209], [130.753043, 33.688845], [130.753397, 33.688562], [130.753996, 33.68832], [130.753843, 33.686884], [130.754061, 33.686173], [130.754246, 33.68599], [130.754893, 33.685857], [130.755282, 33.685527], [130.75515, 33.684864], [130.754838, 33.684374], [130.75193, 33.680992], [130.752173, 33.680115], [130.751922, 33.679], [130.75269, 33.678148], [130.752729, 33.677451], [130.752221, 33.676969], [130.751994, 33.676062], [130.752094, 33.675627], [130.751625, 33.675016], [130.751298, 33.674872], [130.751225, 33.673954], [130.751983, 33.67327], [130.752468, 33.673151], [130.75313, 33.672566], [130.75322, 33.671674], [130.752986, 33.670055], [130.753429, 33.669076], [130.753434, 33.668586], [130.753844, 33.667751], [130.753535, 33.667049], [130.753567, 33.666646], [130.754233, 33.665239], [130.755291, 33.664861], [130.756513, 33.664047], [130.75926, 33.66481], [130.759657, 33.664776], [130.760735, 33.664381], [130.761589, 33.664339], [130.762627, 33.665202], [130.763647, 33.665551], [130.76553, 33.665219], [130.766162, 33.664933], [130.767199, 33.665371], [130.768081, 33.665558], [130.768686, 33.666376], [130.77227, 33.66742], [130.772816, 33.667096], [130.772981, 33.666713], [130.773474, 33.666827], [130.773764, 33.666631], [130.7746, 33.666985], [130.774971, 33.666139], [130.776046, 33.666395], [130.776117, 33.666766], [130.775176, 33.669305], [130.778725, 33.67054], [130.778029, 33.672396], [130.778925, 33.672744], [130.779244, 33.673054], [130.779732, 33.674895], [130.779988, 33.675099], [130.781621, 33.67407], [130.782967, 33.672628], [130.783069, 33.672309], [130.783923, 33.671462], [130.784466, 33.67057], [130.784475, 33.669442], [130.784935, 33.669204], [130.785653, 33.668471], [130.786272, 33.668164], [130.786736, 33.667589], [130.787087, 33.667385], [130.787986, 33.666309], [130.787814, 33.666245], [130.788101, 33.665869], [130.788534, 33.665715], [130.790006, 33.666454], [130.790822, 33.666599], [130.791185, 33.666421], [130.791552, 33.666626], [130.792066, 33.66649], [130.792584, 33.666894], [130.792758, 33.667402], [130.792334, 33.669996], [130.792407, 33.670411], [130.792879, 33.670616], [130.792822, 33.671173], [130.792981, 33.671468], [130.793778, 33.671705], [130.795043, 33.672575], [130.795934, 33.670946], [130.796842, 33.670271], [130.79744, 33.670034], [130.79841, 33.670071], [130.801027, 33.670748], [130.802771, 33.670901], [130.802868, 33.670444], [130.802424, 33.670415], [130.802535, 33.67001], [130.80275, 33.669995], [130.805771, 33.670444], [130.805751, 33.670651], [130.806041, 33.670725], [130.806157, 33.671156], [130.80751, 33.67122], [130.806998, 33.672789], [130.806902, 33.672964], [130.806461, 33.673207], [130.806565, 33.67441], [130.806149, 33.674802], [130.805769, 33.674868], [130.80511, 33.675258], [130.804821, 33.675786], [130.804551, 33.677251], [130.803765, 33.678714], [130.80376, 33.679804], [130.803925, 33.680143], [130.805381, 33.681732], [130.80601, 33.68233], [130.806243, 33.682254], [130.806896, 33.682946], [130.806948, 33.684159], [130.806632, 33.684907], [130.806893, 33.685336], [130.806907, 33.685625], [130.806383, 33.686503], [130.806424, 33.68748], [130.806166, 33.688122], [130.806633, 33.689263], [130.806357, 33.690519], [130.808337, 33.690043], [130.808824, 33.689484], [130.809468, 33.690954], [130.810509, 33.692832], [130.810592, 33.69339], [130.811068, 33.693975], [130.81135, 33.694578], [130.812656, 33.694832], [130.813883, 33.694385], [130.81455, 33.693991], [130.816429, 33.694339], [130.817691, 33.69401], [130.819023, 33.694043], [130.819337, 33.694179], [130.820028, 33.695027], [130.821713, 33.695676], [130.82236, 33.695744], [130.822986, 33.696035], [130.824512, 33.695904], [130.825192, 33.695643], [130.825784, 33.695702], [130.82643, 33.69598], [130.827055, 33.696543], [130.82754, 33.696724], [130.827672, 33.697403], [130.827638, 33.698235], [130.828024, 33.698832], [130.82841, 33.69991], [130.828274, 33.700473], [130.828746, 33.700939], [130.828643, 33.701954], [130.828778, 33.7021], [130.829363, 33.702232], [130.829817, 33.702663], [130.83006, 33.703103], [130.830822, 33.703664], [130.831004, 33.704047], [130.830996, 33.704501], [130.830629, 33.705002], [130.830579, 33.706402], [130.831012, 33.708381], [130.830452, 33.709251], [130.829937, 33.711424], [130.829414, 33.711809], [130.827899, 33.712504], [130.826926, 33.712668], [130.826575, 33.712872], [130.826815, 33.714023], [130.82673, 33.714472], [130.826626, 33.714735], [130.826004, 33.715236], [130.825093, 33.716974], [130.825087, 33.718133], [130.824709, 33.718645], [130.824213, 33.719037], [130.823914, 33.719591], [130.822025, 33.721264]]]}}, {"type": "Feature", "properties": {"pref_code": "40", "pref_name": "福岡県", "municipality_code": "40621", "municipality_name": "苅田町", "ward_name": "", "display_name": "苅田町", "geometry_key": "40621"}, "geometry": {"type": "MultiPolygon", "coordinates": [[[[130.994944, 33.818229], [130.995733, 33.818291], [130.996179, 33.81855], [130.995369, 33.818511], [130.994944, 33.818229]]], [[[130.981271, 33.810609], [130.972809, 33.803915], [130.971894, 33.802544], [130.971365, 33.802399], [130.971075, 33.801837], [130.970293, 33.801053], [130.970094, 33.800574], [130.967492, 33.798096], [130.966835, 33.797684], [130.966644, 33.797057], [130.966322, 33.79658], [130.965241, 33.795687], [130.963611, 33.794815], [130.961433, 33.792112], [130.960561, 33.791302], [130.960333, 33.790792], [130.959658, 33.790431], [130.959008, 33.790448], [130.957721, 33.790811], [130.957566, 33.790755], [130.957314, 33.789344], [130.95655, 33.788771], [130.956073, 33.787587], [130.955311, 33.787094], [130.955149, 33.786826], [130.954922, 33.785853], [130.955224, 33.785349], [130.954728, 33.784907], [130.954293, 33.783679], [130.953462, 33.782131], [130.953238, 33.780834], [130.95222, 33.78063], [130.950553, 33.779897], [130.949902, 33.780204], [130.948541, 33.78028], [130.948033, 33.77989], [130.947809, 33.779307], [130.947592, 33.779132], [130.946542, 33.778571], [130.945542, 33.778398], [130.944472, 33.777657], [130.943835, 33.777689], [130.942888, 33.778375], [130.942223, 33.778499], [130.940686, 33.778206], [130.940123, 33.777882], [130.937829, 33.777184], [130.937668, 33.777084], [130.937418, 33.776519], [130.936921, 33.776232], [130.936171, 33.776567], [130.935438, 33.776581], [130.934574, 33.776384], [130.933744, 33.775846], [130.932326, 33.777617], [130.931191, 33.778484], [130.929872, 33.778932], [130.928189, 33.779207], [130.927627, 33.77969], [130.92692, 33.779918], [130.92653, 33.779425], [130.925629, 33.778849], [130.924129, 33.779099], [130.923659, 33.778711], [130.923394, 33.777966], [130.923159, 33.777687], [130.922113, 33.777314], [130.921108, 33.776747], [130.920023, 33.776502], [130.919722, 33.77606], [130.919439, 33.775091], [130.918932, 33.774764], [130.917743, 33.774733], [130.916824, 33.775037], [130.916412, 33.774923], [130.916092, 33.774409], [130.915666, 33.772664], [130.915802, 33.772423], [130.916545, 33.771851], [130.916633, 33.770958], [130.917367, 33.770453], [130.917562, 33.76895], [130.917189, 33.768401], [130.91663, 33.768001], [130.915553, 33.766568], [130.915101, 33.765754], [130.914379, 33.765325], [130.912493, 33.764629], [130.911891, 33.763966], [130.911725, 33.763269], [130.911931, 33.762206], [130.911821, 33.760948], [130.913008, 33.759074], [130.91314, 33.758304], [130.913059, 33.757597], [130.913416, 33.756699], [130.913265, 33.756382], [130.911833, 33.754788], [130.909358, 33.750723], [130.909246, 33.750214], [130.909853, 33.749413], [130.910041, 33.748878], [130.912069, 33.74771], [130.913401, 33.747459], [130.91524, 33.747475], [130.916498, 33.74775], [130.918061, 33.747661], [130.918782, 33.747204], [130.91984, 33.747062], [130.920133, 33.746922], [130.920983, 33.746215], [130.922353, 33.74595], [130.922558, 33.745434], [130.923723, 33.745013], [130.924847, 33.744864], [130.928134, 33.744806], [130.929112, 33.744664], [130.929964, 33.744277], [130.930654, 33.743667], [130.931086, 33.742499], [130.931112, 33.741661], [130.931436, 33.74109], [130.931981, 33.740521], [130.933241, 33.740142], [130.934471, 33.740083], [130.935271, 33.739835], [130.935556, 33.739851], [130.93626, 33.740191], [130.93665, 33.740222], [130.937814, 33.740023], [130.938696, 33.740135], [130.940526, 33.740007], [130.941338, 33.73974], [130.942161, 33.740023], [130.942926, 33.740014], [130.94317, 33.739829], [130.94347, 33.737457], [130.943808, 33.73738], [130.943928, 33.737013], [130.945588, 33.736379], [130.948147, 33.736199], [130.948169, 33.735767], [130.951374, 33.735664], [130.951674, 33.735799], [130.951976, 33.736489], [130.952641, 33.736843], [130.95274, 33.737211], [130.953069, 33.737524], [130.954672, 33.736991], [130.955559, 33.736322], [130.957416, 33.736115], [130.95741, 33.736329], [130.956977, 33.736398], [130.957009, 33.737312], [130.957234, 33.737482], [130.957177, 33.73784], [130.956791, 33.73827], [130.956995, 33.738681], [130.958627, 33.738435], [130.964375, 33.739049], [130.965157, 33.739298], [130.968197, 33.741071], [130.969292, 33.741526], [130.970408, 33.741808], [130.973563, 33.741805], [130.975084, 33.742228], [130.975525, 33.742419], [130.975909, 33.742756], [130.977258, 33.744773], [130.977731, 33.745154], [130.978351, 33.745327], [130.979127, 33.745138], [130.982437, 33.742771], [130.984423, 33.741531], [130.985546, 33.741219], [130.986478, 33.741312], [130.989864, 33.742503], [130.99177, 33.743402], [130.996027, 33.746036], [130.999354, 33.748338], [131.002464, 33.749505], [131.004196, 33.749925], [131.006402, 33.750634], [131.007469, 33.751132], [131.00823, 33.751705], [131.004319, 33.752071], [131.003303, 33.753286], [131.002683, 33.754591], [131.000536, 33.757197], [131.017699, 33.768114], [131.012346, 33.777283], [131.012064, 33.777125], [131.01164, 33.777606], [130.999297, 33.769437], [130.997707, 33.771113], [131.000135, 33.772736], [131.000004, 33.77289], [131.001928, 33.774182], [131.001239, 33.774922], [130.999321, 33.774033], [130.999201, 33.774277], [130.99873, 33.774187], [130.997617, 33.773657], [130.997178, 33.773547], [130.99705, 33.773705], [130.996423, 33.773468], [130.996376, 33.773282], [130.99587, 33.773119], [130.995141, 33.77322], [130.994473, 33.772859], [130.992581, 33.774317], [130.993701, 33.775034], [130.994422, 33.774971], [130.999198, 33.778188], [130.998987, 33.778434], [131.002948, 33.781063], [131.00367, 33.783363], [131.001671, 33.787401], [131.000345, 33.786987], [130.997809, 33.785396], [130.997629, 33.785623], [131.001504, 33.787998], [131.000678, 33.788922], [131.00151, 33.789811], [131.001238, 33.790142], [131.001465, 33.790436], [131.001012, 33.791346], [131.000326, 33.791222], [131.000164, 33.790002], [130.999896, 33.789788], [130.998264, 33.791578], [130.996551, 33.790496], [130.99566, 33.791087], [130.996058, 33.791668], [131.000102, 33.793061], [130.999961, 33.793343], [131.002434, 33.794165], [131.001928, 33.795118], [130.999017, 33.796671], [130.993542, 33.79484], [130.991026, 33.789171], [130.990176, 33.78938], [130.988719, 33.786016], [130.987588, 33.7864], [130.987342, 33.78605], [130.986918, 33.786191], [130.986756, 33.786067], [130.986135, 33.785419], [130.985858, 33.784917], [130.982951, 33.784173], [130.982693, 33.784152], [130.982617, 33.784317], [130.982424, 33.784359], [130.984939, 33.785651], [130.985021, 33.78556], [130.985994, 33.786034], [130.987045, 33.787222], [130.986859, 33.787524], [130.986897, 33.787751], [130.986317, 33.787977], [130.986452, 33.788039], [130.987383, 33.787808], [130.988658, 33.790586], [130.988921, 33.79129], [130.986904, 33.791938], [130.987234, 33.793938], [130.987598, 33.793944], [130.987888, 33.795944], [130.987571, 33.795989], [130.987843, 33.796541], [130.989103, 33.796581], [130.989191, 33.796169], [130.98942, 33.796158], [130.989858, 33.796181], [130.989878, 33.796564], [130.991288, 33.796603], [130.993272, 33.79879], [130.993494, 33.799082], [130.993366, 33.799201], [130.997495, 33.800615], [130.997441, 33.800751], [130.997616, 33.800818], [130.998046, 33.800945], [130.998183, 33.800637], [131.00017, 33.800492], [131.000615, 33.801739], [130.999606, 33.803836], [130.999231, 33.803905], [130.996199, 33.809935], [130.99711, 33.8102], [130.998652, 33.807171], [131.004218, 33.806235], [131.009291, 33.807961], [131.008615, 33.809422], [131.008898, 33.809519], [131.008832, 33.809668], [131.004048, 33.808035], [131.000313, 33.815588], [130.988691, 33.811461], [130.988482, 33.811647], [130.986843, 33.811095], [130.986876, 33.810836], [130.985324, 33.810289], [130.9855, 33.809743], [130.984994, 33.809529], [130.984893, 33.809314], [130.984046, 33.808768], [130.9838, 33.808869], [130.982865, 33.808547], [130.981568, 33.810047], [130.981749, 33.810038], [130.982876, 33.809011], [130.982822, 33.808774], [130.982984, 33.808734], [130.983139, 33.808892], [130.981271, 33.810609]]], [[[131.015166, 33.811887], [131.015239, 33.811739], [131.015726, 33.811923], [131.015656, 33.812065], [131.015166, 33.811887]]], [[[131.006301, 33.790029], [131.00825, 33.790525], [131.009171, 33.791072], [131.010244, 33.791517], [131.010702, 33.792165], [131.011269, 33.792345], [131.01319, 33.793532], [131.011818, 33.793606], [131.009961, 33.792922], [131.00961, 33.792715], [131.008776, 33.791681], [131.008244, 33.79136], [131.007406, 33.791155], [131.007053, 33.79093], [131.006301, 33.790029]]], [[[131.000693, 33.779418], [131.000784, 33.779312], [131.001153, 33.779538], [131.001071, 33.779642], [131.000693, 33.779418]]], [[[131.029063, 33.834196], [131.032068, 33.819648], [131.041518, 33.821039], [131.038606, 33.835545], [131.029063, 33.834196]]]]}}, {"type": "Feature", "properties": {"pref_code": "40", "pref_name": "福岡県", "municipality_code": "40625", "municipality_name": "みやこ町", "ward_name": "", "display_name": "みやこ町", "geometry_key": "40625"}, "geometry": {"type": "Polygon", "coordinates": [[[130.894338, 33.734144], [130.892984, 33.735139], [130.891769, 33.73542], [130.891219, 33.737601], [130.890308, 33.738164], [130.890262, 33.738825], [130.890407, 33.739208], [130.890272, 33.740224], [130.889428, 33.741439], [130.889456, 33.742455], [130.88914, 33.74258], [130.888728, 33.742568], [130.888066, 33.742184], [130.887719, 33.742367], [130.887293, 33.742409], [130.884631, 33.742152], [130.883023, 33.741487], [130.882652, 33.741841], [130.882483, 33.74375], [130.882026, 33.744018], [130.881699, 33.743933], [130.880586, 33.742984], [130.878452, 33.741945], [130.876765, 33.739746], [130.875244, 33.739634], [130.874057, 33.739339], [130.873241, 33.738262], [130.871701, 33.736836], [130.870694, 33.736606], [130.870417, 33.736122], [130.869557, 33.735768], [130.869443, 33.735411], [130.869103, 33.735062], [130.868341, 33.734637], [130.867934, 33.734554], [130.867835, 33.734293], [130.867714, 33.733511], [130.867844, 33.732451], [130.867582, 33.730481], [130.868314, 33.729561], [130.868526, 33.729099], [130.868874, 33.728829], [130.868717, 33.727985], [130.868848, 33.726979], [130.869104, 33.72576], [130.869448, 33.724865], [130.86954, 33.723828], [130.869797, 33.722854], [130.869431, 33.72205], [130.869342, 33.720034], [130.869133, 33.719687], [130.869904, 33.71882], [130.870896, 33.716837], [130.870673, 33.716406], [130.869849, 33.716011], [130.869144, 33.715073], [130.869808, 33.71324], [130.870559, 33.712392], [130.871566, 33.709777], [130.872056, 33.709216], [130.871572, 33.707075], [130.872517, 33.704963], [130.874437, 33.70357], [130.875117, 33.702721], [130.876481, 33.701905], [130.877321, 33.700731], [130.878069, 33.700409], [130.878439, 33.699722], [130.878066, 33.698875], [130.877242, 33.697886], [130.876615, 33.696439], [130.876048, 33.695601], [130.875925, 33.695101], [130.875217, 33.693848], [130.874964, 33.692466], [130.874634, 33.691596], [130.87483, 33.691149], [130.874856, 33.690621], [130.875403, 33.689516], [130.875512, 33.688813], [130.876673, 33.687647], [130.876788, 33.687238], [130.877551, 33.686488], [130.878223, 33.685457], [130.878745, 33.68497], [130.878987, 33.684134], [130.879845, 33.684354], [130.880342, 33.684197], [130.880857, 33.68345], [130.882502, 33.681858], [130.88373, 33.679415], [130.884326, 33.678549], [130.885235, 33.676184], [130.885892, 33.675386], [130.886812, 33.674805], [130.886908, 33.674117], [130.88766, 33.673581], [130.888088, 33.672997], [130.888682, 33.672696], [130.888543, 33.671831], [130.88878, 33.670641], [130.889743, 33.669172], [130.889252, 33.668346], [130.888835, 33.668012], [130.888929, 33.667433], [130.888512, 33.665976], [130.887883, 33.66527], [130.886595, 33.664339], [130.886261, 33.663959], [130.886153, 33.663385], [130.886281, 33.662438], [130.885811, 33.660924], [130.884917, 33.660196], [130.884641, 33.659665], [130.883841, 33.659249], [130.882285, 33.65774], [130.88248, 33.656943], [130.882951, 33.656036], [130.883667, 33.655441], [130.883913, 33.654081], [130.884561, 33.653347], [130.884733, 33.652324], [130.886696, 33.651624], [130.887533, 33.651077], [130.88854, 33.650956], [130.889077, 33.650408], [130.890234, 33.649916], [130.890531, 33.649909], [130.891059, 33.649944], [130.892047, 33.649682], [130.892687, 33.649651], [130.893058, 33.649517], [130.893258, 33.649187], [130.893056, 33.648532], [130.893137, 33.647595], [130.892906, 33.647125], [130.892663, 33.644377], [130.892251, 33.644139], [130.891998, 33.643529], [130.891557, 33.643233], [130.891213, 33.643176], [130.890963, 33.642511], [130.890419, 33.641794], [130.890291, 33.641411], [130.890456, 33.641159], [130.890908, 33.640907], [130.891816, 33.640677], [130.891669, 33.63976], [130.891727, 33.638325], [130.892164, 33.637946], [130.892292, 33.637387], [130.893277, 33.636529], [130.89356, 33.635909], [130.894923, 33.636167], [130.89684, 33.637999], [130.897398, 33.638144], [130.897873, 33.638666], [130.898634, 33.639017], [130.900141, 33.639379], [130.900606, 33.640198], [130.902414, 33.640884], [130.902564, 33.639871], [130.902773, 33.639474], [130.903975, 33.639109], [130.905347, 33.638381], [130.906589, 33.637533], [130.908039, 33.636955], [130.90823, 33.6367], [130.907848, 33.636035], [130.907866, 33.635616], [130.907087, 33.635089], [130.906922, 33.6345], [130.906228, 33.633606], [130.906313, 33.633133], [130.907327, 33.631519], [130.907121, 33.631126], [130.906097, 33.630181], [130.906031, 33.629702], [130.905792, 33.629353], [130.905634, 33.627961], [130.905748, 33.626775], [130.90418, 33.625686], [130.904033, 33.625172], [130.903636, 33.624596], [130.903625, 33.624272], [130.903824, 33.623945], [130.903772, 33.623683], [130.902928, 33.622624], [130.9027, 33.621252], [130.902222, 33.620276], [130.901711, 33.619697], [130.899692, 33.618114], [130.89905, 33.617395], [130.898782, 33.616334], [130.898147, 33.615319], [130.898011, 33.61485], [130.898062, 33.614299], [130.898885, 33.613129], [130.899253, 33.612898], [130.899488, 33.612912], [130.900169, 33.612651], [130.901095, 33.611927], [130.901584, 33.611324], [130.903042, 33.610216], [130.902932, 33.609696], [130.903597, 33.608798], [130.904169, 33.607626], [130.903485, 33.606705], [130.90343, 33.60584], [130.903005, 33.604189], [130.903288, 33.603634], [130.903218, 33.60293], [130.903343, 33.60263], [130.905034, 33.602334], [130.905888, 33.601787], [130.906233, 33.601391], [130.906468, 33.600739], [130.906876, 33.600301], [130.908749, 33.599303], [130.909156, 33.598702], [130.910053, 33.598175], [130.910718, 33.597169], [130.911823, 33.596585], [130.911293, 33.59562], [130.911429, 33.593497], [130.911231, 33.592504], [130.91147, 33.591641], [130.911411, 33.590669], [130.911701, 33.590134], [130.911661, 33.589875], [130.911352, 33.589489], [130.911944, 33.588513], [130.912503, 33.588569], [130.913772, 33.587996], [130.914029, 33.587699], [130.914265, 33.586896], [130.914548, 33.586551], [130.917871, 33.58651], [130.918248, 33.58644], [130.918431, 33.586181], [130.919016, 33.583691], [130.918739, 33.582939], [130.918689, 33.581961], [130.918966, 33.581239], [130.919268, 33.580863], [130.920435, 33.579852], [130.920121, 33.579338], [130.920096, 33.578013], [130.919731, 33.577538], [130.919706, 33.576352], [130.920423, 33.575771], [130.921304, 33.575444], [130.922185, 33.57495], [130.922159, 33.574363], [130.921731, 33.573839], [130.92226, 33.572454], [130.920209, 33.570586], [130.920221, 33.570329], [130.920825, 33.569785], [130.920951, 33.569479], [130.920901, 33.568352], [130.921052, 33.566864], [130.920875, 33.565469], [130.921442, 33.564362], [130.921391, 33.563792], [130.922512, 33.561804], [130.922927, 33.561439], [130.923644, 33.560454], [130.922027, 33.557451], [130.922096, 33.557119], [130.922348, 33.55703], [130.922373, 33.556892], [130.921883, 33.556279], [130.921694, 33.555577], [130.921392, 33.555122], [130.921316, 33.554381], [130.920775, 33.553659], [130.920008, 33.552013], [130.920587, 33.551489], [130.921002, 33.550402], [130.921367, 33.550135], [130.921682, 33.549284], [130.922336, 33.548484], [130.9225, 33.547989], [130.922776, 33.547811], [130.923204, 33.546411], [130.923947, 33.54557], [130.924272, 33.544984], [130.925442, 33.543887], [130.925908, 33.542424], [130.92694, 33.540961], [130.927418, 33.540476], [130.927984, 33.540219], [130.928344, 33.539573], [130.928986, 33.539355], [130.930156, 33.537852], [130.930219, 33.5372], [130.931276, 33.536281], [130.931326, 33.535489], [130.931679, 33.534115], [130.932232, 33.533789], [130.932458, 33.533289], [130.933112, 33.532657], [130.933099, 33.53234], [130.931929, 33.531381], [130.931816, 33.530976], [130.931929, 33.530353], [130.931564, 33.53012], [130.931401, 33.529497], [130.93101, 33.529062], [130.931287, 33.528449], [130.931363, 33.527856], [130.931111, 33.527184], [130.931275, 33.526897], [130.931073, 33.526162], [130.931212, 33.525479], [130.931464, 33.525292], [130.932382, 33.525193], [130.932949, 33.524966], [130.933188, 33.524382], [130.9332, 33.523967], [130.933477, 33.523433], [130.933138, 33.522385], [130.93383, 33.521713], [130.934182, 33.521072], [130.934761, 33.520855], [130.934924, 33.520529], [130.935037, 33.519772], [130.934748, 33.519416], [130.934672, 33.518872], [130.934446, 33.518497], [130.934483, 33.518181], [130.935389, 33.516747], [130.934672, 33.516421], [130.934609, 33.516025], [130.934836, 33.515639], [130.934509, 33.515165], [130.93471, 33.515051], [130.935113, 33.513222], [130.935729, 33.513192], [130.936044, 33.512678], [130.936811, 33.512649], [130.938259, 33.511749], [130.938672, 33.511189], [130.938923, 33.510358], [130.939628, 33.509548], [130.940219, 33.509132], [130.940156, 33.508668], [130.939766, 33.508094], [130.939967, 33.507643], [130.939954, 33.507021], [130.938759, 33.506536], [130.938331, 33.506091], [130.938368, 33.505884], [130.939023, 33.505363], [130.938343, 33.503959], [130.938897, 33.502035], [130.938918, 33.501301], [130.938791, 33.5009], [130.938056, 33.500056], [130.937959, 33.499222], [130.938903, 33.498472], [130.941278, 33.497707], [130.942139, 33.497086], [130.942813, 33.49711], [130.943016, 33.496779], [130.943179, 33.495948], [130.944474, 33.495287], [130.945381, 33.495174], [130.94609, 33.495563], [130.946544, 33.495676], [130.947161, 33.495536], [130.947467, 33.494797], [130.947971, 33.494181], [130.948175, 33.49318], [130.948563, 33.492614], [130.948369, 33.491964], [130.948807, 33.490522], [130.948771, 33.490233], [130.949164, 33.489745], [130.949888, 33.487669], [130.95026, 33.487841], [130.952111, 33.489664], [130.952621, 33.489925], [130.95338, 33.489985], [130.953874, 33.490201], [130.954491, 33.49063], [130.9552, 33.491359], [130.955694, 33.4916], [130.955868, 33.49186], [130.95624, 33.491996], [130.957295, 33.492004], [130.957993, 33.492569], [130.959442, 33.493243], [130.960721, 33.493322], [130.961587, 33.493582], [130.96175, 33.494112], [130.961521, 33.495162], [130.962387, 33.495927], [130.962301, 33.496364], [130.962627, 33.496724], [130.962718, 33.497262], [130.962606, 33.497691], [130.962938, 33.497803], [130.963815, 33.497827], [130.964411, 33.4985], [130.965309, 33.499142], [130.966242, 33.499547], [130.966715, 33.499955], [130.967979, 33.500022], [130.969691, 33.500511], [130.969854, 33.500646], [130.969978, 33.501188], [130.97084, 33.502287], [130.97172, 33.504424], [130.972316, 33.505154], [130.972891, 33.505519], [130.973436, 33.505662], [130.97489, 33.505463], [130.975445, 33.506082], [130.976767, 33.507097], [130.979018, 33.507366], [130.980122, 33.507288], [130.981523, 33.507761], [130.981339, 33.508533], [130.980466, 33.509509], [130.979514, 33.509745], [130.978598, 33.510126], [130.976609, 33.511153], [130.975834, 33.511901], [130.975736, 33.512289], [130.975084, 33.512815], [130.974943, 33.513189], [130.97415, 33.514047], [130.973438, 33.515098], [130.972478, 33.515645], [130.97187, 33.515479], [130.971764, 33.515555], [130.971332, 33.515915], [130.971006, 33.516926], [130.969774, 33.517775], [130.969386, 33.518295], [130.96876, 33.518655], [130.968611, 33.518998], [130.968717, 33.519601], [130.968108, 33.520307], [130.967729, 33.521103], [130.967765, 33.521986], [130.968064, 33.522394], [130.968373, 33.523634], [130.967113, 33.524596], [130.966885, 33.525223], [130.965704, 33.526587], [130.965695, 33.526968], [130.96598, 33.527561], [130.966109, 33.52849], [130.965686, 33.529395], [130.965977, 33.530094], [130.966048, 33.530835], [130.966664, 33.531761], [130.966602, 33.532246], [130.966066, 33.533184], [130.965863, 33.533891], [130.965316, 33.534286], [130.965255, 33.534472], [130.96566, 33.535082], [130.966409, 33.53782], [130.966718, 33.538229], [130.965908, 33.538917], [130.965582, 33.539478], [130.965388, 33.540164], [130.965238, 33.542127], [130.965017, 33.54266], [130.965238, 33.542965], [130.966595, 33.543914], [130.966789, 33.544613], [130.967406, 33.545525], [130.968358, 33.546017], [130.969711, 33.546207], [130.969958, 33.546387], [130.970205, 33.54708], [130.969253, 33.548423], [130.969103, 33.549032], [130.969297, 33.549549], [130.968786, 33.550373], [130.970477, 33.552254], [130.970539, 33.55276], [130.970812, 33.553258], [130.970706, 33.554003], [130.971121, 33.554682], [130.971685, 33.554972], [130.971764, 33.555658], [130.97209, 33.556073], [130.971993, 33.556679], [130.972522, 33.557746], [130.972645, 33.558445], [130.973156, 33.559442], [130.973438, 33.559745], [130.973596, 33.56032], [130.972036, 33.560874], [130.971252, 33.560874], [130.969827, 33.56119], [130.969466, 33.561411], [130.969246, 33.561771], [130.967791, 33.562187], [130.967421, 33.562422], [130.966671, 33.56245], [130.966258, 33.562734], [130.965389, 33.562987], [130.964586, 33.563471], [130.964075, 33.564067], [130.964004, 33.564323], [130.963758, 33.564455], [130.963159, 33.564372], [130.962947, 33.564469], [130.961766, 33.565632], [130.961986, 33.567657], [130.961872, 33.567955], [130.961229, 33.56827], [130.96112, 33.569307], [130.961403, 33.57013], [130.960956, 33.570796], [130.960757, 33.571949], [130.961631, 33.572966], [130.961574, 33.574461], [130.961898, 33.575487], [130.961905, 33.5761], [130.961747, 33.576411], [130.961951, 33.576822], [130.961624, 33.577417], [130.962109, 33.57835], [130.962373, 33.579257], [130.962109, 33.579921], [130.961976, 33.581006], [130.962699, 33.582121], [130.962646, 33.582418], [130.961686, 33.584146], [130.961739, 33.584444], [130.961474, 33.584867], [130.961448, 33.585199], [130.961774, 33.585756], [130.962996, 33.586634], [130.963318, 33.587699], [130.963965, 33.588657], [130.964629, 33.589337], [130.964729, 33.591033], [130.965917, 33.594085], [130.966163, 33.594343], [130.967336, 33.595005], [130.967614, 33.595592], [130.968863, 33.596651], [130.968899, 33.597696], [130.969884, 33.59915], [130.969674, 33.599875], [130.970615, 33.601416], [130.970724, 33.602006], [130.970467, 33.602764], [130.971445, 33.603894], [130.971103, 33.604871], [130.971206, 33.60557], [130.971103, 33.606533], [130.971401, 33.60785], [130.971547, 33.60824], [130.972054, 33.608864], [130.972171, 33.609299], [130.972792, 33.609983], [130.973031, 33.61079], [130.972333, 33.612634], [130.97245, 33.613358], [130.973133, 33.614589], [130.97416, 33.616042], [130.975244, 33.616928], [130.976011, 33.617855], [130.976731, 33.620203], [130.977293, 33.620889], [130.977811, 33.622537], [130.978399, 33.623199], [130.978579, 33.626241], [130.979014, 33.626813], [130.979713, 33.627072], [130.979897, 33.627279], [130.97961, 33.628889], [130.979937, 33.629696], [130.980933, 33.630108], [130.98271, 33.630092], [130.983453, 33.630537], [130.983497, 33.63123], [130.983291, 33.632533], [130.98458, 33.633426], [130.984646, 33.634619], [130.98419, 33.636325], [130.984554, 33.636594], [130.985061, 33.63657], [130.985634, 33.636704], [130.987279, 33.637895], [130.988275, 33.639125], [130.989786, 33.639994], [130.990602, 33.641511], [130.99087, 33.64308], [130.990782, 33.643717], [130.988182, 33.64617], [130.987954, 33.646656], [130.987836, 33.647535], [130.987906, 33.648914], [130.987759, 33.649579], [130.988038, 33.650383], [130.987883, 33.651093], [130.987979, 33.651689], [130.98899, 33.652906], [130.988978, 33.653868], [130.989143, 33.654327], [130.989962, 33.655162], [130.990146, 33.655844], [130.991134, 33.65693], [130.991434, 33.657375], [130.991589, 33.657961], [130.991611, 33.65822], [130.991401, 33.658513], [130.989976, 33.659427], [130.989594, 33.661082], [130.990732, 33.661617], [130.991581, 33.662175], [130.991971, 33.662675], [130.992118, 33.662637], [130.991982, 33.662854], [130.991985, 33.663254], [130.9923, 33.663772], [130.992738, 33.664158], [130.993564, 33.664362], [130.995654, 33.666045], [130.99615, 33.666327], [130.996304, 33.666248], [130.997014, 33.666736], [130.997308, 33.66716], [130.998501, 33.66788], [130.999363, 33.668811], [131.000445, 33.669571], [131.001363, 33.670436], [131.002337, 33.671071], [131.005304, 33.671776], [131.006966, 33.672735], [131.008186, 33.673254], [131.010104, 33.674979], [131.009393, 33.675347], [131.010723, 33.676238], [131.010529, 33.677329], [131.009704, 33.677329], [131.008437, 33.677061], [131.007411, 33.677534], [131.006269, 33.677582], [131.005686, 33.678042], [131.005262, 33.678606], [131.007286, 33.680204], [131.007785, 33.68098], [131.007401, 33.680712], [131.006754, 33.680743], [131.006536, 33.680517], [131.004358, 33.68112], [131.004984, 33.68179], [131.005356, 33.681597], [131.005577, 33.681748], [131.005951, 33.681684], [131.007169, 33.681962], [131.007563, 33.681716], [131.007112, 33.681265], [131.007214, 33.681155], [131.007497, 33.681233], [131.008178, 33.68157], [131.007981, 33.681933], [131.008638, 33.682457], [131.008614, 33.682586], [131.008428, 33.682625], [131.008048, 33.682309], [131.007739, 33.682345], [131.00807, 33.682849], [131.007799, 33.683079], [131.006928, 33.682496], [131.005519, 33.68226], [131.004749, 33.681989], [131.004199, 33.682494], [131.004683, 33.684137], [131.004657, 33.684926], [131.006067, 33.68627], [131.007824, 33.687157], [131.007577, 33.687723], [131.005786, 33.686607], [131.005224, 33.68645], [131.005142, 33.686252], [131.004542, 33.685804], [131.004434, 33.685861], [131.00343, 33.685072], [131.003264, 33.685118], [131.003044, 33.684952], [131.002459, 33.684341], [131.002254, 33.684546], [131.002222, 33.685148], [131.002706, 33.685635], [131.003251, 33.685933], [131.003667, 33.685804], [131.003865, 33.685921], [131.004071, 33.685782], [131.005019, 33.686432], [131.004803, 33.686742], [131.004227, 33.686492], [131.003372, 33.68667], [131.002222, 33.686179], [131.001804, 33.686201], [131.001698, 33.686456], [131.001909, 33.687227], [131.001696, 33.687615], [131.001282, 33.687972], [131.000991, 33.687717], [131.000541, 33.688057], [131.000713, 33.68827], [131.001257, 33.688276], [131.00161, 33.688156], [131.001772, 33.68827], [131.002683, 33.687645], [131.002864, 33.688731], [131.003678, 33.689378], [131.004229, 33.689362], [131.004287, 33.688818], [131.004931, 33.688857], [131.004936, 33.689498], [131.005183, 33.69013], [131.005597, 33.69053], [131.006132, 33.690666], [131.00609, 33.691168], [131.005223, 33.691084], [131.004411, 33.69124], [131.003556, 33.690945], [131.004209, 33.690359], [131.003307, 33.689549], [131.002848, 33.689558], [131.002182, 33.690019], [131.002053, 33.689799], [131.001723, 33.689817], [131.001863, 33.690121], [131.001591, 33.690283], [131.001635, 33.691201], [131.001469, 33.691336], [131.000746, 33.691129], [131.000019, 33.691539], [130.998733, 33.691905], [130.998249, 33.691294], [130.997009, 33.691455], [130.996531, 33.692719], [130.995235, 33.694564], [130.994217, 33.694412], [130.994003, 33.693791], [130.993391, 33.693155], [130.99239, 33.692875], [130.992418, 33.692475], [130.99215, 33.692329], [130.992095, 33.691663], [130.991706, 33.691577], [130.99178, 33.690877], [130.990841, 33.690327], [130.990778, 33.689711], [130.99008, 33.688882], [130.989692, 33.688987], [130.984097, 33.691874], [130.983221, 33.690502], [130.982512, 33.690712], [130.9822, 33.690534], [130.981929, 33.690679], [130.981665, 33.690607], [130.981576, 33.69033], [130.982154, 33.689664], [130.981951, 33.689465], [130.981497, 33.689976], [130.979692, 33.690562], [130.979441, 33.689717], [130.979031, 33.689701], [130.978046, 33.69], [130.977174, 33.689734], [130.976575, 33.689832], [130.976038, 33.690162], [130.975474, 33.690181], [130.974737, 33.690498], [130.973596, 33.690655], [130.973127, 33.690572], [130.97259, 33.690702], [130.971373, 33.691247], [130.970938, 33.691326], [130.970799, 33.691205], [130.97079, 33.6909], [130.97139, 33.688846], [130.970787, 33.688491], [130.969884, 33.6877], [130.96935, 33.686914], [130.969233, 33.686871], [130.968295, 33.687318], [130.967408, 33.68736], [130.96658, 33.686539], [130.965677, 33.68675], [130.965035, 33.686592], [130.963932, 33.685414], [130.963044, 33.68484], [130.962554, 33.684321], [130.962061, 33.684098], [130.96111, 33.684742], [130.959948, 33.684299], [130.960053, 33.683131], [130.959808, 33.682227], [130.958309, 33.680561], [130.958191, 33.680166], [130.958301, 33.679509], [130.958077, 33.679181], [130.957318, 33.679191], [130.955978, 33.678294], [130.955662, 33.67831], [130.955197, 33.678139], [130.953373, 33.679144], [130.952382, 33.679812], [130.951822, 33.680484], [130.950977, 33.680882], [130.950119, 33.679699], [130.948834, 33.678434], [130.946043, 33.678757], [130.945598, 33.678454], [130.945264, 33.677883], [130.944645, 33.67737], [130.943954, 33.676962], [130.943022, 33.67662], [130.941997, 33.676706], [130.941033, 33.677125], [130.940938, 33.677077], [130.940628, 33.676798], [130.940467, 33.676062], [130.939905, 33.675852], [130.939734, 33.675669], [130.939291, 33.67427], [130.938112, 33.674037], [130.93731, 33.673427], [130.936319, 33.67352], [130.934333, 33.672183], [130.933998, 33.672151], [130.933182, 33.672501], [130.93282, 33.672499], [130.931635, 33.671985], [130.930433, 33.672049], [130.929929, 33.671846], [130.929674, 33.671931], [130.928983, 33.67257], [130.927181, 33.67217], [130.926188, 33.672216], [130.926863, 33.673875], [130.927239, 33.675439], [130.928349, 33.677306], [130.928132, 33.677854], [130.926938, 33.678566], [130.926008, 33.679309], [130.926604, 33.680482], [130.927091, 33.681117], [130.928002, 33.681939], [130.928181, 33.682287], [130.928359, 33.683686], [130.927865, 33.683956], [130.928206, 33.685591], [130.927942, 33.685693], [130.929226, 33.686443], [130.929346, 33.689062], [130.932032, 33.689011], [130.932078, 33.690866], [130.930706, 33.690931], [130.930684, 33.690019], [130.929435, 33.690042], [130.929546, 33.692022], [130.926688, 33.691965], [130.928201, 33.693027], [130.929011, 33.694011], [130.930244, 33.694639], [130.929671, 33.696621], [130.929095, 33.697933], [130.929003, 33.698809], [130.928763, 33.699239], [130.928778, 33.699467], [130.92998, 33.700438], [130.930364, 33.70089], [130.931541, 33.702771], [130.931618, 33.703696], [130.932568, 33.704301], [130.933811, 33.705734], [130.934128, 33.706924], [130.934682, 33.707394], [130.934862, 33.707882], [130.936612, 33.709112], [130.937966, 33.709835], [130.938571, 33.710716], [130.938617, 33.711168], [130.935877, 33.713021], [130.935538, 33.713645], [130.936193, 33.714446], [130.936112, 33.714678], [130.935097, 33.714946], [130.935079, 33.715495], [130.934599, 33.716057], [130.933578, 33.716396], [130.933037, 33.717054], [130.932613, 33.717022], [130.932399, 33.717126], [130.931989, 33.717957], [130.931605, 33.719432], [130.931254, 33.719566], [130.9294, 33.719543], [130.927047, 33.719722], [130.925917, 33.720713], [130.925661, 33.720834], [130.925328, 33.720649], [130.924676, 33.720784], [130.924316, 33.720929], [130.923698, 33.721442], [130.923152, 33.719289], [130.922234, 33.718671], [130.921844, 33.719012], [130.920629, 33.718445], [130.920385, 33.718594], [130.919991, 33.719379], [130.920007, 33.72023], [130.91979, 33.720575], [130.919321, 33.720921], [130.918458, 33.721051], [130.913812, 33.720961], [130.913663, 33.719598], [130.912806, 33.718026], [130.912813, 33.716306], [130.913034, 33.715274], [130.912322, 33.713562], [130.912066, 33.711521], [130.911573, 33.711397], [130.910023, 33.712146], [130.908149, 33.712372], [130.907505, 33.712557], [130.905982, 33.713904], [130.905655, 33.714598], [130.905515, 33.715714], [130.904937, 33.716661], [130.904099, 33.717504], [130.903875, 33.718002], [130.903788, 33.71855], [130.904839, 33.719838], [130.903937, 33.719975], [130.902497, 33.720882], [130.898328, 33.721853], [130.897276, 33.722729], [130.896258, 33.723894], [130.895933, 33.724512], [130.896555, 33.725485], [130.896664, 33.726044], [130.896406, 33.726954], [130.895776, 33.727489], [130.895885, 33.728184], [130.896212, 33.728757], [130.895781, 33.730933], [130.895959, 33.732277], [130.895182, 33.733305], [130.894338, 33.734144]]]}}, {"type": "Feature", "properties": {"pref_code": "40", "pref_name": "福岡県", "municipality_code": "40642", "municipality_name": "吉富町", "ward_name": "", "display_name": "吉富町", "geometry_key": "40642"}, "geometry": {"type": "Polygon", "coordinates": [[[131.166175, 33.616875], [131.166024, 33.616104], [131.165295, 33.615135], [131.164981, 33.614405], [131.164876, 33.613552], [131.165153, 33.612956], [131.165051, 33.61249], [131.165364, 33.611509], [131.16514, 33.611436], [131.164509, 33.611621], [131.163235, 33.61137], [131.162576, 33.611006], [131.161468, 33.610084], [131.161151, 33.610189], [131.160821, 33.609716], [131.160955, 33.609509], [131.160849, 33.609109], [131.160235, 33.608483], [131.160072, 33.607553], [131.159575, 33.607243], [131.15861, 33.607019], [131.157841, 33.605789], [131.157381, 33.605348], [131.156815, 33.605751], [131.155602, 33.604894], [131.154788, 33.604792], [131.153729, 33.603814], [131.152858, 33.602421], [131.152907, 33.60223], [131.154274, 33.601621], [131.156261, 33.6008], [131.157328, 33.600516], [131.157084, 33.599074], [131.156652, 33.598253], [131.157051, 33.598101], [131.158501, 33.597069], [131.161167, 33.596529], [131.16188, 33.596096], [131.162938, 33.595774], [131.16337, 33.595508], [131.163797, 33.595524], [131.165051, 33.595192], [131.164994, 33.594828], [131.163939, 33.593715], [131.164449, 33.593339], [131.164949, 33.593169], [131.16532, 33.592729], [131.165572, 33.592287], [131.16545, 33.591339], [131.165047, 33.589664], [131.164127, 33.588917], [131.163838, 33.58823], [131.164925, 33.587872], [131.165743, 33.588338], [131.166126, 33.588875], [131.166403, 33.588945], [131.168609, 33.587779], [131.169493, 33.587568], [131.169765, 33.589136], [131.169969, 33.58941], [131.17025, 33.58879], [131.171198, 33.588611], [131.171361, 33.58842], [131.172696, 33.588424], [131.173096, 33.590261], [131.173586, 33.591395], [131.174268, 33.592127], [131.176727, 33.593763], [131.177468, 33.594677], [131.178176, 33.596031], [131.17838, 33.596817], [131.178356, 33.597597], [131.177338, 33.602575], [131.177916, 33.604825], [131.179495, 33.607713], [131.182157, 33.611797], [131.18473, 33.615222], [131.185414, 33.616411], [131.186301, 33.618537], [131.184339, 33.619153], [131.184634, 33.619431], [131.184802, 33.620369], [131.182004, 33.620728], [131.182099, 33.621178], [131.181342, 33.621259], [131.18141, 33.621555], [131.181281, 33.621567], [131.181119, 33.620787], [131.178707, 33.621117], [131.178884, 33.622003], [131.18138, 33.622177], [131.181346, 33.621916], [131.181466, 33.62191], [131.181493, 33.622092], [131.184225, 33.621786], [131.18426, 33.621479], [131.184423, 33.622314], [131.181513, 33.62263], [131.178271, 33.622248], [131.178018, 33.620738], [131.178304, 33.620568], [131.178869, 33.62048], [131.179044, 33.620317], [131.179515, 33.620394], [131.179522, 33.620031], [131.176723, 33.619421], [131.176762, 33.619613], [131.175439, 33.619465], [131.172116, 33.619639], [131.171546, 33.619477], [131.171109, 33.619203], [131.170988, 33.61907], [131.171177, 33.618928], [131.170515, 33.618126], [131.168175, 33.613627], [131.167883, 33.611671], [131.167203, 33.611671], [131.167933, 33.616737], [131.167758, 33.616841], [131.166175, 33.616875]]]}}, {"type": "Feature", "properties": {"pref_code": "40", "pref_name": "福岡県", "municipality_code": "40646", "municipality_name": "上毛町", "ward_name": "", "display_name": "上毛町", "geometry_key": "40646"}, "geometry": {"type": "Polygon", "coordinates": [[[131.172696, 33.588424], [131.171361, 33.58842], [131.171198, 33.588611], [131.17025, 33.58879], [131.169969, 33.58941], [131.169765, 33.589136], [131.169493, 33.587568], [131.168609, 33.587779], [131.166403, 33.588945], [131.166126, 33.588875], [131.165743, 33.588338], [131.164925, 33.587872], [131.163838, 33.58823], [131.164127, 33.588917], [131.165047, 33.589664], [131.16545, 33.591339], [131.165572, 33.592287], [131.16532, 33.592729], [131.164949, 33.593169], [131.164449, 33.593339], [131.163939, 33.593715], [131.164994, 33.594828], [131.165051, 33.595192], [131.163797, 33.595524], [131.16337, 33.595508], [131.162938, 33.595774], [131.16188, 33.596096], [131.161167, 33.596529], [131.158501, 33.597069], [131.157051, 33.598101], [131.156652, 33.598253], [131.155907, 33.59763], [131.155406, 33.596071], [131.155121, 33.595566], [131.155199, 33.594987], [131.154747, 33.594205], [131.153477, 33.59215], [131.152064, 33.590575], [131.150489, 33.589856], [131.149508, 33.589661], [131.148779, 33.588872], [131.146243, 33.587588], [131.145056, 33.586583], [131.14455, 33.586391], [131.143724, 33.58634], [131.142954, 33.586142], [131.141644, 33.585514], [131.140561, 33.584692], [131.138409, 33.582615], [131.138225, 33.582569], [131.137904, 33.582863], [131.137464, 33.582566], [131.137039, 33.582624], [131.136728, 33.582159], [131.136222, 33.582024], [131.135508, 33.581502], [131.135412, 33.581304], [131.135504, 33.580944], [131.135408, 33.580893], [131.134679, 33.580863], [131.132837, 33.580521], [131.132023, 33.580287], [131.131333, 33.579776], [131.130268, 33.578181], [131.129389, 33.576273], [131.128996, 33.575674], [131.128192, 33.574946], [131.128314, 33.574474], [131.128091, 33.574003], [131.127268, 33.573341], [131.126009, 33.572566], [131.125747, 33.572197], [131.125415, 33.571247], [131.124658, 33.570564], [131.122929, 33.568468], [131.121798, 33.56762], [131.121575, 33.56731], [131.121078, 33.566462], [131.120752, 33.565519], [131.120763, 33.563248], [131.119736, 33.5613], [131.119342, 33.560048], [131.118571, 33.558446], [131.118469, 33.558059], [131.118692, 33.557399], [131.118623, 33.557063], [131.116816, 33.554984], [131.116302, 33.554688], [131.11567, 33.554038], [131.114881, 33.552153], [131.114144, 33.55113], [131.113769, 33.549411], [131.113255, 33.548307], [131.113179, 33.54757], [131.112202, 33.546587], [131.111261, 33.54484], [131.10966, 33.543104], [131.109283, 33.542861], [131.108683, 33.542781], [131.107569, 33.542888], [131.106235, 33.543883], [131.105789, 33.543977], [131.104899, 33.542957], [131.104351, 33.542054], [131.104265, 33.541301], [131.103529, 33.540735], [131.1031, 33.540574], [131.102226, 33.539954], [131.101301, 33.539726], [131.099592, 33.538875], [131.097109, 33.537402], [131.09591, 33.537671], [131.09459, 33.53685], [131.09346, 33.535749], [131.093528, 33.53447], [131.093271, 33.533675], [131.093991, 33.53241], [131.094162, 33.531602], [131.094556, 33.531171], [131.094044, 33.530511], [131.093856, 33.529757], [131.09317, 33.529447], [131.093273, 33.52883], [131.092828, 33.528224], [131.092751, 33.527458], [131.09174, 33.526785], [131.091569, 33.526367], [131.091098, 33.525804], [131.091064, 33.525226], [131.090841, 33.524768], [131.090584, 33.524579], [131.09031, 33.524579], [131.090217, 33.524385], [131.089943, 33.524277], [131.089103, 33.52452], [131.0884, 33.523497], [131.087108, 33.522449], [131.087039, 33.522005], [131.08685, 33.521803], [131.085205, 33.52117], [131.0839, 33.521124], [131.083558, 33.520586], [131.082786, 33.520128], [131.082478, 33.519269], [131.082136, 33.518771], [131.081502, 33.518757], [131.080645, 33.518219], [131.079697, 33.518199], [131.078412, 33.51793], [131.077538, 33.518051], [131.076338, 33.517661], [131.07627, 33.517432], [131.075464, 33.517028], [131.075156, 33.516624], [131.074368, 33.516193], [131.073791, 33.51544], [131.07258, 33.514746], [131.072054, 33.514034], [131.070459, 33.512769], [131.069734, 33.511867], [131.069576, 33.511302], [131.068427, 33.509723], [131.067651, 33.509056], [131.067948, 33.50858], [131.068201, 33.507739], [131.069673, 33.506814], [131.071729, 33.506736], [131.072688, 33.507096], [131.073768, 33.507071], [131.073978, 33.506925], [131.074174, 33.506309], [131.074577, 33.506086], [131.075308, 33.5054], [131.075701, 33.505297], [131.078648, 33.506223], [131.078845, 33.506112], [131.079095, 33.505521], [131.079448, 33.50532], [131.081378, 33.50574], [131.082354, 33.505611], [131.083202, 33.50595], [131.084205, 33.505915], [131.085328, 33.506095], [131.086091, 33.506404], [131.08702, 33.506425], [131.087391, 33.506134], [131.088296, 33.506596], [131.08907, 33.506665], [131.089856, 33.506536], [131.090423, 33.506614], [131.090924, 33.506708], [131.091454, 33.507049], [131.092086, 33.507246], [131.092883, 33.507186], [131.09357, 33.507392], [131.094337, 33.507067], [131.094904, 33.507032], [131.095428, 33.506612], [131.096028, 33.506604], [131.096333, 33.506433], [131.096518, 33.506056], [131.096358, 33.505518], [131.096402, 33.505106], [131.096914, 33.504627], [131.097732, 33.504764], [131.098354, 33.504592], [131.098899, 33.504764], [131.099423, 33.504636], [131.100066, 33.504849], [131.100535, 33.504755], [131.101283, 33.505269], [131.102003, 33.505552], [131.102624, 33.505612], [131.103093, 33.505792], [131.103791, 33.505655], [131.104129, 33.505774], [131.105187, 33.50658], [131.105388, 33.507345], [131.105333, 33.507764], [131.106074, 33.507414], [131.106674, 33.507653], [131.10759, 33.507628], [131.109228, 33.507337], [131.111845, 33.506549], [131.112238, 33.505795], [131.112256, 33.504854], [131.112376, 33.504658], [131.113281, 33.504829], [131.113631, 33.504761], [131.114296, 33.503698], [131.11555, 33.503792], [131.116541, 33.502776], [131.117649, 33.502316], [131.118972, 33.502082], [131.119782, 33.502228], [131.121187, 33.502228], [131.122613, 33.501976], [131.126658, 33.502113], [131.12715, 33.501969], [131.127625, 33.501596], [131.128014, 33.501583], [131.128339, 33.501639], [131.128608, 33.501758], [131.129725, 33.501845], [131.129995, 33.502019], [131.130193, 33.502424], [131.129952, 33.503842], [131.129941, 33.504371], [131.130024, 33.504549], [131.130114, 33.50467], [131.131804, 33.505387], [131.132251, 33.505502], [131.133625, 33.505773], [131.138096, 33.504926], [131.138843, 33.50501], [131.139787, 33.504854], [131.140648, 33.504907], [131.141584, 33.504639], [131.142105, 33.504633], [131.145127, 33.505149], [131.146104, 33.505946], [131.146354, 33.506011], [131.146532, 33.505959], [131.14746, 33.505211], [131.148155, 33.505068], [131.148834, 33.505368], [131.149349, 33.505368], [131.150148, 33.50625], [131.150393, 33.506406], [131.150941, 33.506502], [131.151985, 33.506526], [131.154659, 33.506072], [131.154978, 33.506311], [131.155262, 33.507315], [131.155799, 33.507867], [131.155996, 33.507929], [131.157613, 33.508136], [131.158312, 33.507954], [131.159385, 33.507891], [131.163158, 33.508461], [131.163416, 33.508352], [131.163851, 33.507775], [131.165132, 33.506647], [131.16601, 33.506347], [131.167156, 33.505594], [131.169761, 33.505019], [131.170775, 33.505779], [131.172359, 33.505902], [131.173949, 33.506098], [131.174, 33.506109], [131.175954, 33.506558], [131.176855, 33.506938], [131.177274, 33.507174], [131.177289, 33.507185], [131.177487, 33.507335], [131.177558, 33.507571], [131.177361, 33.508285], [131.177029, 33.508856], [131.176358, 33.509431], [131.176192, 33.509667], [131.176168, 33.509709], [131.176116, 33.509845], [131.175805, 33.510652], [131.175623, 33.510974], [131.174526, 33.512338], [131.174139, 33.512623], [131.173595, 33.512815], [131.169791, 33.513874], [131.168929, 33.514464], [131.168385, 33.515226], [131.168061, 33.516154], [131.168101, 33.516868], [131.168606, 33.517964], [131.168851, 33.519451], [131.169648, 33.520921], [131.169806, 33.522991], [131.169273, 33.524462], [131.168799, 33.524955], [131.167615, 33.525578], [131.166402, 33.526854], [131.166275, 33.527357], [131.166356, 33.527952], [131.166711, 33.528712], [131.168979, 33.530701], [131.170201, 33.530973], [131.176938, 33.534517], [131.177617, 33.5354], [131.178, 33.536599], [131.178325, 33.537153], [131.178859, 33.537569], [131.18046, 33.538283], [131.180909, 33.538629], [131.183518, 33.540856], [131.184439, 33.541502], [131.186899, 33.544038], [131.187697, 33.545514], [131.188516, 33.547787], [131.188349, 33.549581], [131.190181, 33.555996], [131.19057, 33.558025], [131.190574, 33.559594], [131.190236, 33.561124], [131.189403, 33.563076], [131.186163, 33.567864], [131.184505, 33.568561], [131.183108, 33.569482], [131.176024, 33.574718], [131.174551, 33.576046], [131.173726, 33.577182], [131.173161, 33.578235], [131.172809, 33.579345], [131.172406, 33.582207], [131.172343, 33.583771], [131.172696, 33.588424]]]}}, {"type": "Feature", "properties": {"pref_code": "40", "pref_name": "福岡県", "municipality_code": "40647", "municipality_name": "築上町", "ward_name": "", "display_name": "築上町", "geometry_key": "40647"}, "geometry": {"type": "Polygon", "coordinates": [[[131.045855, 33.688538], [131.04602, 33.686681], [131.045971, 33.68565], [131.045879, 33.684969], [131.045342, 33.684033], [131.04279, 33.682505], [131.03929, 33.681499], [131.038917, 33.681296], [131.037656, 33.680112], [131.037229, 33.679927], [131.036765, 33.679806], [131.035336, 33.679774], [131.03307, 33.679997], [131.030994, 33.679361], [131.030289, 33.679271], [131.027745, 33.680404], [131.022868, 33.683471], [131.022008, 33.682939], [131.020466, 33.682586], [131.019647, 33.681856], [131.018491, 33.681596], [131.01776, 33.681171], [131.016856, 33.680307], [131.016559, 33.679387], [131.016139, 33.678989], [131.015991, 33.678536], [131.015067, 33.678137], [131.013485, 33.677918], [131.010723, 33.676238], [131.009393, 33.675347], [131.010104, 33.674979], [131.008186, 33.673254], [131.006966, 33.672735], [131.005304, 33.671776], [131.002337, 33.671071], [131.001363, 33.670436], [131.000445, 33.669571], [130.999363, 33.668811], [130.998501, 33.66788], [130.997308, 33.66716], [130.997014, 33.666736], [130.996304, 33.666248], [130.99615, 33.666327], [130.995654, 33.666045], [130.993564, 33.664362], [130.992738, 33.664158], [130.9923, 33.663772], [130.991985, 33.663254], [130.991982, 33.662854], [130.992118, 33.662637], [130.991971, 33.662675], [130.991581, 33.662175], [130.990732, 33.661617], [130.989594, 33.661082], [130.989976, 33.659427], [130.991401, 33.658513], [130.991611, 33.65822], [130.991589, 33.657961], [130.991434, 33.657375], [130.991134, 33.65693], [130.990146, 33.655844], [130.989962, 33.655162], [130.989143, 33.654327], [130.988978, 33.653868], [130.98899, 33.652906], [130.987979, 33.651689], [130.987883, 33.651093], [130.988038, 33.650383], [130.987759, 33.649579], [130.987906, 33.648914], [130.987836, 33.647535], [130.987954, 33.646656], [130.988182, 33.64617], [130.990782, 33.643717], [130.99087, 33.64308], [130.990602, 33.641511], [130.989786, 33.639994], [130.988275, 33.639125], [130.987279, 33.637895], [130.985634, 33.636704], [130.985061, 33.63657], [130.984554, 33.636594], [130.98419, 33.636325], [130.984646, 33.634619], [130.98458, 33.633426], [130.983291, 33.632533], [130.983497, 33.63123], [130.983453, 33.630537], [130.98271, 33.630092], [130.980933, 33.630108], [130.979937, 33.629696], [130.97961, 33.628889], [130.979897, 33.627279], [130.979713, 33.627072], [130.979014, 33.626813], [130.978579, 33.626241], [130.978399, 33.623199], [130.977811, 33.622537], [130.977293, 33.620889], [130.976731, 33.620203], [130.976011, 33.617855], [130.975244, 33.616928], [130.97416, 33.616042], [130.973133, 33.614589], [130.97245, 33.613358], [130.972333, 33.612634], [130.973031, 33.61079], [130.972792, 33.609983], [130.972171, 33.609299], [130.972054, 33.608864], [130.971547, 33.60824], [130.971401, 33.60785], [130.971103, 33.606533], [130.971206, 33.60557], [130.971103, 33.604871], [130.971445, 33.603894], [130.970467, 33.602764], [130.970724, 33.602006], [130.970615, 33.601416], [130.969674, 33.599875], [130.969884, 33.59915], [130.968899, 33.597696], [130.968863, 33.596651], [130.967614, 33.595592], [130.967336, 33.595005], [130.966163, 33.594343], [130.965917, 33.594085], [130.964729, 33.591033], [130.964629, 33.589337], [130.963965, 33.588657], [130.963318, 33.587699], [130.962996, 33.586634], [130.961774, 33.585756], [130.961448, 33.585199], [130.961474, 33.584867], [130.961739, 33.584444], [130.961686, 33.584146], [130.962646, 33.582418], [130.962699, 33.582121], [130.961976, 33.581006], [130.962109, 33.579921], [130.962373, 33.579257], [130.962109, 33.57835], [130.961624, 33.577417], [130.961951, 33.576822], [130.961747, 33.576411], [130.961905, 33.5761], [130.961898, 33.575487], [130.961574, 33.574461], [130.961631, 33.572966], [130.960757, 33.571949], [130.960956, 33.570796], [130.961403, 33.57013], [130.96112, 33.569307], [130.961229, 33.56827], [130.961872, 33.567955], [130.961986, 33.567657], [130.961766, 33.565632], [130.962947, 33.564469], [130.963159, 33.564372], [130.963758, 33.564455], [130.964004, 33.564323], [130.964075, 33.564067], [130.964586, 33.563471], [130.965389, 33.562987], [130.966258, 33.562734], [130.966671, 33.56245], [130.967421, 33.562422], [130.967791, 33.562187], [130.969246, 33.561771], [130.969466, 33.561411], [130.969827, 33.56119], [130.971252, 33.560874], [130.972036, 33.560874], [130.973596, 33.56032], [130.973438, 33.559745], [130.973156, 33.559442], [130.972645, 33.558445], [130.972522, 33.557746], [130.971993, 33.556679], [130.97209, 33.556073], [130.971764, 33.555658], [130.971685, 33.554972], [130.971121, 33.554682], [130.970706, 33.554003], [130.970812, 33.553258], [130.970539, 33.55276], [130.970477, 33.552254], [130.968786, 33.550373], [130.969297, 33.549549], [130.969103, 33.549032], [130.969253, 33.548423], [130.970205, 33.54708], [130.969958, 33.546387], [130.969711, 33.546207], [130.968358, 33.546017], [130.967406, 33.545525], [130.966789, 33.544613], [130.966595, 33.543914], [130.965238, 33.542965], [130.965017, 33.54266], [130.965238, 33.542127], [130.965388, 33.540164], [130.965582, 33.539478], [130.965908, 33.538917], [130.966718, 33.538229], [130.966409, 33.53782], [130.96566, 33.535082], [130.965255, 33.534472], [130.965316, 33.534286], [130.965863, 33.533891], [130.966066, 33.533184], [130.966602, 33.532246], [130.966664, 33.531761], [130.966048, 33.530835], [130.965977, 33.530094], [130.965686, 33.529395], [130.966109, 33.52849], [130.96598, 33.527561], [130.965695, 33.526968], [130.965704, 33.526587], [130.966885, 33.525223], [130.967113, 33.524596], [130.968373, 33.523634], [130.968064, 33.522394], [130.967765, 33.521986], [130.967729, 33.521103], [130.968108, 33.520307], [130.968717, 33.519601], [130.968611, 33.518998], [130.96876, 33.518655], [130.969386, 33.518295], [130.969774, 33.517775], [130.971006, 33.516926], [130.971332, 33.515915], [130.971764, 33.515555], [130.97187, 33.515479], [130.972478, 33.515645], [130.973438, 33.515098], [130.97415, 33.514047], [130.974943, 33.513189], [130.975084, 33.512815], [130.975736, 33.512289], [130.975834, 33.511901], [130.976609, 33.511153], [130.978598, 33.510126], [130.979514, 33.509745], [130.980466, 33.509509], [130.981339, 33.508533], [130.981523, 33.507761], [130.981929, 33.507771], [130.983332, 33.507288], [130.984129, 33.507407], [130.984685, 33.507319], [130.985583, 33.507526], [130.986633, 33.507327], [130.988222, 33.507929], [130.989895, 33.509094], [130.990229, 33.510113], [130.990684, 33.510842], [130.990976, 33.511961], [130.991027, 33.512349], [130.990805, 33.513134], [130.991168, 33.514733], [130.990976, 33.515582], [130.990159, 33.517426], [130.99027, 33.518441], [130.990784, 33.51962], [130.991481, 33.520207], [130.991944, 33.520925], [130.992801, 33.522699], [130.992861, 33.52323], [130.993598, 33.524293], [130.99381, 33.524896], [130.99378, 33.525456], [130.994173, 33.526098], [130.994476, 33.527082], [130.99502, 33.527626], [130.995788, 33.527952], [130.996968, 33.528879], [130.99714, 33.529101], [130.997392, 33.530241], [130.997623, 33.530686], [130.999184, 33.531961], [130.999413, 33.532702], [131.000313, 33.533184], [131.001441, 33.532971], [131.002184, 33.53305], [131.002646, 33.533766], [131.003189, 33.534147], [131.00411, 33.534495], [131.005165, 33.535744], [131.00588, 33.536194], [131.00738, 33.536732], [131.007909, 33.537237], [131.007971, 33.537454], [131.008414, 33.537488], [131.009057, 33.537948], [131.009272, 33.538509], [131.010186, 33.539194], [131.010691, 33.540246], [131.009906, 33.541223], [131.00947, 33.543801], [131.010047, 33.545946], [131.010833, 33.546743], [131.011261, 33.547821], [131.011847, 33.548112], [131.012218, 33.548985], [131.011946, 33.549467], [131.012832, 33.551458], [131.012046, 33.552299], [131.012018, 33.553425], [131.013339, 33.554772], [131.013974, 33.554748], [131.014831, 33.555478], [131.014938, 33.556255], [131.015594, 33.556581], [131.015552, 33.55712], [131.015209, 33.557535], [131.015437, 33.558006], [131.015565, 33.558766], [131.016008, 33.559272], [131.016051, 33.559552], [131.016351, 33.559799], [131.01655, 33.56037], [131.016907, 33.560707], [131.017722, 33.560381], [131.01825, 33.560381], [131.019308, 33.560639], [131.020619, 33.561407], [131.022262, 33.5629], [131.023995, 33.56412], [131.026804, 33.564594], [131.027647, 33.565043], [131.029033, 33.564987], [131.029533, 33.565111], [131.029861, 33.565526], [131.03009, 33.56666], [131.031061, 33.566952], [131.031861, 33.567457], [131.032119, 33.56813], [131.032452, 33.568379], [131.032581, 33.568704], [131.032666, 33.569726], [131.032995, 33.570477], [131.033066, 33.571117], [131.034485, 33.571911], [131.035828, 33.573089], [131.036114, 33.573931], [131.038134, 33.576083], [131.038305, 33.576352], [131.038448, 33.577194], [131.039211, 33.578099], [131.039511, 33.578817], [131.040454, 33.579715], [131.040682, 33.580501], [131.041268, 33.58104], [131.042038, 33.583044], [131.042009, 33.583863], [131.042309, 33.584514], [131.042538, 33.584817], [131.043624, 33.585244], [131.044038, 33.585524], [131.045566, 33.587172], [131.04645, 33.588903], [131.046791, 33.59034], [131.047259, 33.59107], [131.04791, 33.592742], [131.047914, 33.593602], [131.048421, 33.595115], [131.048695, 33.595751], [131.049793, 33.597158], [131.050729, 33.597829], [131.051528, 33.59896], [131.052002, 33.599072], [131.052565, 33.599511], [131.053822, 33.601089], [131.054246, 33.601273], [131.054439, 33.601664], [131.055191, 33.602201], [131.055546, 33.602733], [131.056557, 33.603628], [131.057026, 33.603959], [131.057664, 33.604122], [131.058062, 33.604377], [131.058852, 33.605114], [131.060159, 33.605546], [131.062546, 33.607314], [131.063297, 33.607666], [131.064704, 33.608772], [131.066153, 33.609491], [131.066498, 33.610364], [131.067956, 33.611894], [131.068045, 33.612251], [131.067943, 33.612568], [131.069168, 33.613741], [131.069344, 33.614128], [131.071252, 33.616341], [131.072645, 33.618832], [131.073565, 33.619445], [131.074116, 33.620093], [131.075789, 33.622667], [131.076869, 33.623928], [131.077683, 33.624259], [131.077743, 33.624413], [131.080632, 33.625559], [131.081346, 33.625969], [131.082698, 33.626392], [131.083317, 33.626807], [131.083657, 33.627856], [131.084007, 33.628107], [131.084131, 33.628411], [131.085087, 33.62943], [131.085114, 33.629535], [131.084789, 33.629782], [131.084832, 33.630161], [131.084366, 33.630474], [131.0847, 33.631352], [131.084671, 33.631929], [131.085108, 33.632149], [131.085975, 33.632308], [131.085925, 33.632811], [131.084703, 33.632757], [131.084618, 33.632965], [131.086186, 33.63319], [131.086265, 33.633582], [131.086655, 33.633674], [131.08666, 33.634721], [131.085853, 33.634438], [131.084929, 33.634576], [131.084659, 33.633777], [131.084148, 33.634071], [131.083965, 33.634715], [131.083782, 33.634664], [131.083454, 33.635158], [131.083259, 33.635121], [131.082635, 33.635532], [131.082544, 33.635868], [131.083887, 33.636266], [131.084066, 33.636529], [131.080431, 33.64784], [131.072685, 33.656443], [131.072183, 33.656608], [131.071644, 33.656498], [131.068496, 33.654643], [131.067776, 33.65519], [131.066876, 33.654547], [131.066297, 33.654333], [131.065446, 33.654209], [131.063416, 33.654191], [131.0635, 33.654328], [131.064021, 33.654491], [131.064693, 33.655847], [131.066386, 33.657941], [131.065832, 33.664997], [131.064812, 33.666689], [131.063384, 33.669574], [131.061517, 33.670756], [131.061509, 33.670959], [131.061236, 33.671207], [131.06135, 33.671909], [131.0617, 33.671987], [131.061845, 33.671748], [131.062017, 33.67183], [131.062731, 33.671075], [131.063062, 33.670455], [131.063065, 33.670207], [131.062745, 33.670238], [131.063099, 33.669987], [131.063352, 33.670052], [131.063395, 33.670308], [131.063173, 33.670739], [131.062068, 33.67201], [131.06129, 33.672519], [131.060966, 33.672197], [131.060732, 33.671638], [131.060518, 33.671544], [131.059985, 33.670802], [131.059674, 33.670825], [131.059974, 33.670994], [131.060202, 33.671399], [131.060411, 33.672275], [131.059258, 33.673126], [131.056792, 33.677448], [131.056814, 33.677901], [131.056562, 33.678191], [131.056208, 33.680835], [131.055722, 33.681247], [131.054954, 33.681266], [131.054163, 33.681879], [131.053749, 33.682317], [131.053606, 33.683009], [131.052766, 33.683807], [131.052481, 33.684467], [131.052214, 33.684743], [131.053004, 33.685532], [131.052555, 33.685806], [131.050575, 33.685175], [131.050528, 33.685307], [131.050999, 33.685448], [131.051706, 33.686046], [131.051288, 33.686003], [131.05081, 33.685786], [131.050157, 33.685732], [131.05016, 33.68611], [131.052322, 33.686747], [131.053422, 33.688392], [131.0564, 33.689286], [131.055823, 33.690517], [131.049428, 33.688646], [131.048221, 33.689737], [131.047261, 33.689445], [131.046767, 33.688854], [131.045855, 33.688538]]]}}]}