{"type": "FeatureCollection", "features": [{"type": "Feature", "properties": {"pref_code": "17", "pref_name": "石川県", "municipality_code": "17201", "municipality_name": "金沢市", "ward_name": "", "display_name": "金沢市", "geometry_key": "17201"}, "geometry": {"type": "Polygon", "coordinates": [[[136.78613, 36.629611], [136.785876, 36.630093], [136.785643, 36.630169], [136.784522, 36.629595], [136.783853, 36.62908], [136.782805, 36.628912], [136.781631, 36.629187], [136.779779, 36.629873], [136.779503, 36.630093], [136.779342, 36.630501], [136.779497, 36.630959], [136.77932, 36.631851], [136.778408, 36.632165], [136.778641, 36.632521], [136.778358, 36.633573], [136.778038, 36.633842], [136.777297, 36.633856], [136.776938, 36.634071], [136.776258, 36.633744], [136.776157, 36.633843], [136.776396, 36.634255], [136.776092, 36.634385], [136.773224, 36.634865], [136.771958, 36.633412], [136.771753, 36.633425], [136.77156, 36.633838], [136.770814, 36.633874], [136.769896, 36.633721], [136.768304, 36.633192], [136.767918, 36.633237], [136.766773, 36.634116], [136.766154, 36.634147], [136.765729, 36.634483], [136.765231, 36.634542], [136.765082, 36.635206], [136.764684, 36.635443], [136.764314, 36.635502], [136.763645, 36.635385], [136.762457, 36.635878], [136.762042, 36.635447], [136.761506, 36.635627], [136.761279, 36.635923], [136.761346, 36.636412], [136.761008, 36.636887], [136.761014, 36.637403], [136.760638, 36.637842], [136.760699, 36.63856], [136.760345, 36.638766], [136.759693, 36.638569], [136.75893, 36.63852], [136.756885, 36.638972], [136.756051, 36.638793], [136.755586, 36.639103], [136.755227, 36.63908], [136.754133, 36.638286], [136.754022, 36.637605], [136.754078, 36.636196], [136.753928, 36.635824], [136.75358, 36.635514], [136.753016, 36.635335], [136.750335, 36.637026], [136.749727, 36.637546], [136.749075, 36.638977], [136.748926, 36.639013], [136.748738, 36.638596], [136.749103, 36.638026], [136.749109, 36.637609], [136.748926, 36.637246], [136.748711, 36.637075], [136.747815, 36.636972], [136.746884, 36.636706], [136.745835, 36.635795], [136.745109, 36.63626], [136.744637, 36.636234], [136.742894, 36.638902], [136.742941, 36.63934], [136.743304, 36.640034], [136.744708, 36.64065], [136.744219, 36.64076], [136.744497, 36.641257], [136.744014, 36.641377], [136.743339, 36.641252], [136.742821, 36.641427], [136.742202, 36.641296], [136.741784, 36.641672], [136.74154, 36.64152], [136.741183, 36.641735], [136.740439, 36.641322], [136.739191, 36.642201], [136.73816, 36.641886], [136.738197, 36.641534], [136.738609, 36.641157], [136.738436, 36.640742], [136.738091, 36.640415], [136.737484, 36.640244], [136.73601, 36.640265], [136.736181, 36.640852], [136.735773, 36.640991], [136.735351, 36.641341], [136.734946, 36.642586], [136.733773, 36.643326], [136.732612, 36.643786], [136.732285, 36.643814], [136.731782, 36.643095], [136.731561, 36.643062], [136.729729, 36.643321], [136.728643, 36.643683], [136.726808, 36.643752], [136.726132, 36.643936], [136.721704, 36.645821], [136.718802, 36.646596], [136.717797, 36.646979], [136.716598, 36.646919], [136.714881, 36.647432], [136.71491, 36.647645], [136.714125, 36.648606], [136.713714, 36.64867], [136.714425, 36.649867], [136.713883, 36.650091], [136.712008, 36.646343], [136.711858, 36.646264], [136.710421, 36.646719], [136.70991, 36.645672], [136.709273, 36.645822], [136.709578, 36.644142], [136.70909, 36.643453], [136.708315, 36.642876], [136.70639, 36.644459], [136.708426, 36.646328], [136.708971, 36.647075], [136.708771, 36.647308], [136.707673, 36.648089], [136.705977, 36.648726], [136.706113, 36.649369], [136.705205, 36.649644], [136.703339, 36.652288], [136.698938, 36.65497], [136.689723, 36.660043], [136.696632, 36.668107], [136.685986, 36.674161], [136.673185, 36.659334], [136.672892, 36.659247], [136.671769, 36.657937], [136.671385, 36.657662], [136.666585, 36.652053], [136.653566, 36.644028], [136.649703, 36.640527], [136.647746, 36.638974], [136.643261, 36.634756], [136.640413, 36.632521], [136.639014, 36.630106], [136.636071, 36.627664], [136.632913, 36.625603], [136.632047, 36.626597], [136.631615, 36.628173], [136.631245, 36.628706], [136.630173, 36.629392], [136.629486, 36.629499], [136.629425, 36.629722], [136.628896, 36.629916], [136.627858, 36.630723], [136.625941, 36.631924], [136.621164, 36.636244], [136.620476, 36.637281], [136.618544, 36.638818], [136.61815, 36.638328], [136.616913, 36.637809], [136.616285, 36.637212], [136.613322, 36.6389], [136.603409, 36.628017], [136.608504, 36.62501], [136.607582, 36.623171], [136.606446, 36.622979], [136.607179, 36.622495], [136.607198, 36.622201], [136.606848, 36.621672], [136.60435, 36.619402], [136.603991, 36.61974], [136.602581, 36.619188], [136.602701, 36.619002], [136.602521, 36.618802], [136.603252, 36.618347], [136.602868, 36.617761], [136.602288, 36.61787], [136.602081, 36.618248], [136.601596, 36.617549], [136.601386, 36.616772], [136.600618, 36.616406], [136.599633, 36.61622], [136.599452, 36.615966], [136.599539, 36.615495], [136.597348, 36.616904], [136.596292, 36.615592], [136.595492, 36.614887], [136.594884, 36.614535], [136.593892, 36.614311], [136.592067, 36.615496], [136.586466, 36.60951], [136.587714, 36.607878], [136.588066, 36.607046], [136.588163, 36.606214], [136.587938, 36.605222], [136.587202, 36.604101], [136.586434, 36.603429], [136.586062, 36.602555], [136.585911, 36.602134], [136.586238, 36.602061], [136.586469, 36.601419], [136.585919, 36.600997], [136.58637, 36.600651], [136.585804, 36.599958], [136.585413, 36.598736], [136.584973, 36.598297], [136.584009, 36.597682], [136.583394, 36.596663], [136.582137, 36.595914], [136.58153, 36.594703], [136.581055, 36.594348], [136.579972, 36.59312], [136.579679, 36.592022], [136.578884, 36.591165], [136.578421, 36.590895], [136.577702, 36.590112], [136.576648, 36.589831], [136.576291, 36.589628], [136.575809, 36.588462], [136.575481, 36.588141], [136.574308, 36.587487], [136.573951, 36.586609], [136.572614, 36.586017], [136.572237, 36.584801], [136.571965, 36.584576], [136.5708, 36.584192], [136.570723, 36.583274], [136.570535, 36.582936], [136.569265, 36.5823], [136.568993, 36.581838], [136.568839, 36.581089], [136.567911, 36.580447], [136.567751, 36.579134], [136.564779, 36.576295], [136.563648, 36.575079], [136.563125, 36.574234], [136.562588, 36.573749], [136.561485, 36.573102], [136.560271, 36.571457], [136.558269, 36.569581], [136.556908, 36.567827], [136.564248, 36.564274], [136.565669, 36.563846], [136.566531, 36.563357], [136.567655, 36.563044], [136.5675, 36.561937], [136.567575, 36.561365], [136.569476, 36.561365], [136.569453, 36.561804], [136.569608, 36.56196], [136.574845, 36.562155], [136.576736, 36.562862], [136.576873, 36.562793], [136.577875, 36.559365], [136.577804, 36.558128], [136.578289, 36.558047], [136.578317, 36.557651], [136.579028, 36.557364], [136.580905, 36.557254], [136.581028, 36.557135], [136.580548, 36.555975], [136.580007, 36.552302], [136.580143, 36.550039], [136.579795, 36.54808], [136.5798, 36.54695], [136.579974, 36.547027], [136.580134, 36.547859], [136.580487, 36.548576], [136.581451, 36.549581], [136.581842, 36.551142], [136.583554, 36.551371], [136.58387, 36.551459], [136.583973, 36.551631], [136.584712, 36.551615], [136.588147, 36.550283], [136.588392, 36.549859], [136.588302, 36.548794], [136.589671, 36.548829], [136.589695, 36.548371], [136.590871, 36.548351], [136.590933, 36.547473], [136.591874, 36.546328], [136.592255, 36.54515], [136.594522, 36.545633], [136.594544, 36.552845], [136.596256, 36.553563], [136.598464, 36.553828], [136.598178, 36.554966], [136.600721, 36.554876], [136.600756, 36.554419], [136.601074, 36.553806], [136.601226, 36.552113], [136.603264, 36.544476], [136.603541, 36.544247], [136.604288, 36.544088], [136.604542, 36.543881], [136.604909, 36.541086], [136.605164, 36.540846], [136.605133, 36.540183], [136.60591, 36.540132], [136.606621, 36.540262], [136.606893, 36.540422], [136.606916, 36.540665], [136.607412, 36.541006], [136.610098, 36.540966], [136.610223, 36.541057], [136.610384, 36.540875], [136.610773, 36.541086], [136.611041, 36.540854], [136.611314, 36.541067], [136.611202, 36.541173], [136.611363, 36.541307], [136.611229, 36.541419], [136.611644, 36.541891], [136.611283, 36.542166], [136.611551, 36.542366], [136.611416, 36.542496], [136.611836, 36.542841], [136.611756, 36.543058], [136.611944, 36.543207], [136.61164, 36.54366], [136.611617, 36.544073], [136.611793, 36.544392], [136.611812, 36.545923], [136.611911, 36.546055], [136.613798, 36.546079], [136.614373, 36.545473], [136.61508, 36.545999], [136.617139, 36.547127], [136.619543, 36.545373], [136.62, 36.545892], [136.62, 36.546222], [136.620658, 36.546314], [136.620811, 36.546179], [136.621823, 36.546207], [136.622044, 36.544559], [136.622754, 36.542648], [136.623188, 36.541803], [136.623628, 36.541864], [136.62392, 36.540872], [136.623597, 36.540651], [136.623579, 36.539399], [136.624781, 36.538699], [136.624831, 36.537467], [136.625631, 36.537341], [136.625711, 36.536536], [136.62237, 36.536753], [136.622271, 36.536315], [136.6218, 36.535881], [136.621648, 36.535462], [136.621957, 36.534719], [136.622044, 36.533842], [136.623143, 36.533602], [136.624978, 36.533433], [136.629531, 36.533296], [136.629989, 36.531731], [136.630826, 36.531373], [136.628419, 36.524644], [136.62594, 36.524561], [136.625817, 36.524438], [136.625581, 36.524436], [136.625228, 36.524574], [136.623554, 36.524754], [136.623617, 36.525076], [136.619923, 36.52567], [136.619689, 36.525628], [136.619165, 36.525234], [136.618199, 36.523688], [136.617736, 36.523635], [136.617273, 36.522539], [136.616844, 36.522676], [136.616709, 36.523137], [136.615289, 36.523217], [136.615124, 36.522377], [136.615289, 36.521242], [136.614968, 36.518769], [136.615063, 36.517328], [136.614912, 36.51542], [136.615237, 36.513091], [136.614925, 36.511917], [136.615276, 36.51074], [136.615103, 36.510047], [136.613613, 36.506889], [136.613383, 36.505592], [136.612959, 36.504362], [136.612946, 36.503571], [136.613106, 36.503209], [136.613021, 36.502055], [136.613484, 36.496698], [136.613902, 36.496489], [136.614294, 36.496449], [136.619971, 36.496105], [136.619975, 36.495128], [136.620177, 36.49483], [136.62067, 36.494646], [136.621716, 36.494984], [136.622145, 36.494834], [136.62235, 36.494539], [136.622558, 36.493639], [136.623835, 36.492615], [136.625134, 36.492345], [136.625524, 36.492465], [136.62629, 36.492978], [136.629476, 36.492096], [136.630112, 36.491472], [136.630753, 36.491143], [136.630544, 36.490476], [136.629995, 36.49004], [136.629919, 36.489717], [136.630722, 36.489044], [136.630684, 36.488221], [136.630839, 36.487904], [136.631503, 36.487618], [136.631919, 36.487237], [136.632806, 36.486171], [136.63298, 36.485636], [136.633404, 36.485172], [136.634567, 36.484778], [136.635738, 36.483792], [136.63637, 36.483697], [136.637726, 36.483844], [136.638454, 36.484866], [136.638742, 36.485055], [136.640988, 36.485089], [136.642711, 36.484809], [136.643916, 36.484899], [136.643499, 36.484441], [136.642606, 36.483891], [136.642106, 36.482726], [136.641746, 36.482344], [136.640029, 36.482575], [136.639855, 36.481877], [136.640154, 36.480842], [136.641693, 36.480341], [136.640912, 36.479462], [136.640492, 36.478798], [136.640507, 36.478497], [136.642314, 36.477399], [136.642768, 36.477323], [136.643064, 36.477566], [136.6432, 36.478457], [136.642966, 36.479579], [136.643185, 36.479824], [136.644038, 36.480123], [136.645113, 36.479234], [136.645132, 36.478933], [136.644795, 36.477962], [136.644242, 36.477314], [136.644193, 36.476711], [136.643621, 36.476551], [136.641359, 36.476385], [136.640355, 36.476536], [136.638291, 36.477448], [136.637298, 36.47822], [136.636283, 36.4779], [136.636261, 36.477713], [136.636711, 36.477316], [136.635897, 36.477196], [136.635605, 36.476972], [136.635605, 36.476763], [136.635855, 36.476373], [136.636154, 36.475309], [136.636776, 36.474944], [136.637393, 36.474145], [136.638606, 36.473681], [136.639304, 36.473017], [136.639147, 36.471941], [136.639727, 36.471492], [136.640094, 36.470586], [136.640568, 36.469986], [136.641571, 36.469415], [136.642458, 36.469166], [136.643238, 36.469608], [136.644161, 36.469511], [136.645629, 36.468809], [136.646591, 36.468069], [136.646208, 36.465106], [136.64561, 36.463249], [136.644829, 36.462727], [136.643466, 36.462411], [136.642867, 36.462131], [136.642405, 36.461759], [136.642318, 36.461454], [136.643004, 36.461159], [136.644579, 36.460167], [136.645261, 36.459992], [136.646898, 36.460683], [136.647796, 36.461332], [136.648618, 36.460041], [136.648716, 36.459466], [136.649296, 36.458824], [136.64921, 36.457858], [136.64969, 36.456977], [136.650239, 36.456414], [136.650368, 36.455434], [136.650542, 36.455314], [136.651395, 36.455293], [136.65194, 36.454902], [136.654421, 36.451614], [136.653978, 36.450772], [136.653565, 36.450289], [136.651209, 36.44941], [136.650137, 36.448881], [136.649239, 36.447191], [136.648652, 36.446463], [136.648603, 36.445288], [136.649114, 36.443758], [136.64988, 36.442147], [136.650096, 36.441081], [136.650088, 36.439591], [136.650717, 36.438481], [136.65102, 36.438468], [136.651342, 36.438625], [136.652255, 36.439686], [136.65485, 36.44093], [136.65635, 36.441019], [136.657058, 36.440368], [136.656922, 36.438146], [136.657384, 36.436864], [136.657907, 36.436314], [136.658127, 36.43553], [136.658059, 36.434759], [136.657646, 36.433917], [136.658165, 36.432909], [136.658248, 36.432325], [136.657574, 36.431102], [136.657063, 36.427552], [136.656631, 36.426476], [136.656904, 36.424103], [136.657275, 36.423362], [136.658411, 36.422487], [136.658836, 36.421998], [136.659207, 36.420673], [136.659715, 36.419535], [136.660776, 36.418098], [136.661265, 36.417809], [136.661807, 36.417781], [136.662109, 36.417563], [136.662797, 36.417474], [136.66384, 36.416949], [136.664329, 36.416845], [136.66532, 36.416925], [136.665489, 36.416764], [136.665553, 36.415044], [136.665218, 36.414239], [136.665515, 36.413516], [136.665305, 36.413136], [136.665267, 36.412632], [136.665442, 36.411306], [136.665011, 36.410467], [136.664772, 36.409439], [136.663689, 36.408056], [136.663776, 36.407399], [136.663587, 36.407267], [136.662926, 36.407314], [136.662395, 36.407177], [136.662346, 36.406926], [136.662579, 36.406527], [136.662127, 36.406031], [136.662174, 36.405825], [136.66463, 36.404171], [136.66516, 36.403667], [136.665705, 36.403483], [136.667156, 36.403249], [136.668251, 36.403372], [136.66999, 36.402346], [136.670584, 36.402171], [136.671208, 36.402209], [136.672973, 36.402849], [136.673354, 36.402831], [136.674412, 36.40245], [136.675688, 36.401169], [136.675676, 36.400715], [136.676154, 36.399231], [136.676483, 36.398758], [136.677217, 36.398451], [136.678517, 36.398494], [136.68041, 36.397546], [136.680984, 36.397078], [136.682059, 36.397078], [136.682813, 36.396851], [136.684086, 36.395851], [136.684754, 36.394951], [136.684384, 36.39414], [136.684515, 36.393707], [136.686629, 36.391784], [136.686898, 36.391744], [136.687556, 36.39194], [136.688054, 36.391479], [136.689044, 36.391406], [136.689313, 36.391198], [136.689409, 36.390749], [136.689747, 36.390409], [136.689901, 36.389645], [136.692541, 36.389122], [136.69328, 36.388378], [136.694422, 36.388669], [136.694754, 36.389023], [136.694815, 36.389512], [136.695127, 36.389822], [136.695995, 36.389744], [136.696484, 36.389834], [136.697224, 36.390096], [136.698168, 36.390737], [136.702462, 36.391926], [136.705308, 36.39224], [136.705835, 36.392096], [136.70673, 36.39151], [136.707379, 36.391252], [136.709972, 36.391498], [136.710211, 36.391434], [136.710677, 36.390115], [136.710607, 36.389754], [136.710027, 36.388756], [136.71001, 36.388374], [136.710689, 36.386178], [136.710022, 36.384556], [136.709911, 36.382443], [136.710013, 36.380713], [136.710482, 36.379942], [136.710552, 36.379172], [136.710838, 36.378628], [136.710908, 36.378134], [136.712294, 36.378035], [136.713483, 36.377251], [136.715478, 36.377078], [136.715927, 36.376839], [136.715982, 36.376485], [136.715578, 36.375026], [136.715347, 36.373407], [136.715589, 36.37236], [136.71607, 36.371311], [136.71683, 36.37106], [136.718601, 36.370791], [136.719228, 36.369928], [136.720757, 36.368756], [136.722123, 36.369287], [136.722595, 36.369325], [136.723026, 36.369203], [136.72388, 36.368432], [136.724136, 36.368335], [136.725433, 36.368467], [136.726283, 36.368997], [136.7279, 36.368621], [136.729045, 36.367747], [136.730758, 36.366735], [136.731471, 36.366686], [136.732039, 36.366383], [136.732768, 36.366194], [136.734411, 36.366161], [136.734993, 36.365936], [136.73587, 36.365388], [136.737933, 36.363055], [136.73876, 36.3625], [136.742011, 36.362384], [136.742361, 36.361417], [136.743278, 36.359921], [136.744266, 36.359269], [136.745248, 36.358924], [136.745676, 36.358026], [136.747288, 36.357221], [136.747565, 36.35686], [136.747871, 36.355134], [136.748826, 36.354879], [136.749081, 36.354678], [136.749984, 36.3532], [136.750946, 36.352467], [136.75174, 36.352065], [136.751995, 36.351397], [136.752367, 36.351225], [136.75381, 36.349954], [136.755442, 36.348798], [136.757431, 36.349739], [136.759235, 36.349951], [136.763083, 36.348382], [136.764153, 36.348181], [136.764624, 36.347982], [136.765506, 36.347377], [136.765804, 36.346963], [136.76697, 36.346502], [136.767633, 36.346428], [136.768737, 36.346732], [136.769754, 36.346534], [136.770053, 36.346126], [136.770523, 36.343102], [136.771222, 36.341952], [136.77124, 36.340959], [136.770716, 36.339841], [136.770793, 36.339602], [136.770986, 36.339504], [136.771776, 36.339294], [136.773026, 36.339413], [136.774312, 36.338694], [136.774989, 36.338496], [136.777373, 36.338162], [136.779026, 36.339052], [136.779857, 36.339262], [136.780819, 36.339676], [136.783508, 36.341822], [136.784466, 36.34228], [136.784656, 36.343788], [136.784903, 36.344308], [136.785224, 36.344645], [136.785479, 36.345426], [136.786543, 36.34652], [136.786688, 36.347501], [136.786982, 36.348024], [136.787519, 36.348536], [136.788007, 36.348571], [136.788991, 36.348163], [136.790419, 36.34788], [136.790893, 36.348057], [136.791876, 36.34814], [136.79243, 36.348382], [136.793334, 36.348489], [136.793633, 36.348802], [136.794711, 36.349435], [136.795286, 36.349541], [136.795848, 36.350623], [136.795971, 36.351303], [136.796671, 36.352048], [136.798003, 36.352188], [136.798464, 36.352107], [136.801284, 36.352876], [136.802151, 36.354295], [136.802748, 36.354413], [136.803688, 36.354827], [136.804395, 36.355318], [136.804927, 36.355395], [136.805888, 36.355318], [136.806639, 36.356962], [136.807512, 36.358146], [136.808187, 36.358689], [136.807642, 36.359517], [136.807098, 36.360964], [136.806428, 36.361916], [136.806391, 36.362354], [136.806653, 36.363282], [136.805465, 36.36382], [136.803717, 36.365198], [136.803811, 36.365813], [136.803724, 36.366475], [136.803505, 36.366901], [136.800962, 36.368929], [136.800131, 36.370301], [136.800022, 36.372884], [136.800467, 36.373878], [136.800263, 36.375214], [136.800678, 36.376852], [136.800358, 36.379169], [136.800481, 36.380647], [136.799323, 36.382409], [136.799126, 36.383391], [136.798616, 36.383947], [136.798193, 36.384183], [136.796517, 36.384414], [136.79686, 36.384952], [136.797829, 36.385927], [136.797851, 36.386182], [136.797333, 36.389611], [136.796823, 36.390923], [136.797239, 36.391775], [136.797239, 36.392899], [136.795228, 36.394459], [136.795803, 36.395387], [136.795548, 36.397333], [136.795359, 36.397853], [136.79557, 36.399195], [136.79514, 36.401265], [136.793814, 36.401684], [136.792998, 36.402193], [136.792473, 36.403269], [136.791093, 36.40433], [136.786949, 36.408117], [136.785754, 36.409376], [136.78523, 36.409612], [136.784516, 36.409299], [136.784049, 36.409269], [136.783634, 36.409429], [136.782919, 36.410399], [136.781936, 36.411321], [136.780661, 36.412202], [136.780413, 36.412888], [136.779619, 36.413444], [136.778853, 36.414372], [136.77744, 36.414685], [136.775611, 36.414413], [136.774714, 36.414478], [136.773782, 36.414206], [136.77137, 36.414005], [136.769796, 36.414998], [136.769679, 36.415353], [136.769781, 36.416193], [136.770218, 36.417813], [136.771063, 36.418565], [136.771391, 36.419202], [136.771633, 36.420442], [136.771256, 36.422684], [136.770733, 36.422811], [136.770302, 36.423065], [136.768379, 36.42341], [136.769122, 36.426132], [136.769037, 36.427657], [136.768648, 36.428768], [136.769613, 36.430861], [136.771379, 36.431866], [136.774095, 36.432754], [136.774375, 36.432727], [136.775318, 36.431989], [136.775954, 36.431722], [136.777106, 36.431495], [136.777914, 36.430861], [136.778173, 36.430883], [136.779924, 36.432199], [136.780775, 36.433195], [136.781201, 36.434104], [136.782327, 36.434948], [136.783771, 36.436412], [136.786314, 36.438417], [136.786965, 36.439545], [136.788258, 36.439606], [136.788959, 36.439777], [136.790731, 36.441149], [136.795202, 36.4434], [136.796549, 36.444431], [136.796722, 36.444689], [136.7967, 36.445091], [136.79649, 36.445384], [136.791906, 36.44645], [136.791157, 36.446725], [136.790095, 36.447402], [136.788991, 36.449413], [136.788199, 36.452686], [136.788291, 36.453136], [136.788754, 36.453944], [136.789433, 36.454801], [136.792789, 36.457441], [136.793592, 36.458416], [136.795014, 36.459119], [136.796679, 36.460146], [136.798359, 36.461649], [136.79656, 36.463402], [136.794879, 36.463882], [136.796393, 36.464953], [136.796086, 36.465609], [136.796178, 36.465823], [136.797751, 36.467619], [136.7983, 36.468633], [136.798181, 36.468864], [136.796904, 36.469677], [136.7958, 36.471215], [136.795703, 36.471775], [136.796193, 36.47264], [136.796118, 36.472863], [136.795493, 36.473099], [136.795283, 36.47337], [136.795547, 36.474886], [136.796598, 36.476136], [136.796861, 36.476984], [136.797303, 36.477425], [136.797659, 36.478749], [136.798176, 36.479562], [136.798273, 36.480021], [136.799291, 36.480974], [136.799442, 36.481918], [136.799878, 36.483037], [136.800633, 36.483601], [136.801414, 36.48374], [136.801839, 36.484361], [136.802631, 36.484732], [136.802814, 36.485008], [136.802787, 36.485436], [136.802044, 36.485978], [136.801947, 36.486319], [136.802022, 36.486887], [136.802502, 36.487927], [136.802281, 36.488945], [136.802513, 36.490348], [136.80151, 36.490754], [136.800498, 36.49058], [136.799409, 36.490191], [136.79893, 36.490335], [136.798386, 36.491493], [136.797626, 36.49238], [136.79706, 36.492926], [136.796295, 36.493079], [136.795595, 36.493595], [136.795439, 36.494639], [136.794927, 36.496335], [136.793946, 36.496982], [136.794378, 36.497201], [136.795778, 36.497515], [136.796042, 36.497729], [136.79615, 36.498639], [136.797087, 36.501995], [136.796952, 36.502309], [136.796527, 36.502615], [136.796424, 36.502838], [136.796389, 36.503967], [136.795921, 36.504546], [136.795713, 36.505252], [136.795705, 36.505517], [136.796248, 36.506525], [136.79624, 36.506869], [136.795958, 36.507297], [136.795021, 36.508039], [136.794828, 36.50933], [136.795169, 36.510012], [136.795103, 36.510809], [136.796464, 36.511949], [136.79649, 36.512116], [136.796138, 36.512637], [136.797155, 36.512818], [136.79827, 36.51391], [136.79949, 36.515666], [136.799236, 36.516971], [136.800092, 36.518641], [136.799802, 36.521036], [136.800341, 36.520795], [136.801206, 36.520619], [136.801996, 36.521084], [136.802353, 36.521163], [136.803156, 36.522002], [136.803959, 36.522502], [136.804279, 36.52459], [136.805104, 36.524904], [136.805357, 36.525169], [136.805781, 36.526449], [136.806323, 36.52748], [136.807461, 36.528506], [136.807647, 36.53054], [136.808197, 36.531047], [136.808257, 36.531523], [136.808777, 36.532284], [136.809677, 36.532905], [136.810213, 36.533472], [136.811744, 36.536314], [136.811974, 36.537334], [136.812539, 36.537684], [136.812852, 36.5381], [136.812844, 36.538577], [136.812614, 36.539029], [136.812703, 36.540894], [136.813692, 36.542993], [136.814212, 36.543614], [136.814219, 36.544157], [136.814591, 36.544592], [136.815208, 36.546239], [136.815671, 36.547043], [136.81619, 36.547427], [136.816708, 36.548237], [136.816784, 36.548489], [136.816539, 36.55077], [136.81723, 36.552387], [136.817111, 36.552791], [136.815981, 36.554191], [136.815669, 36.555343], [136.815282, 36.556001], [136.813676, 36.557153], [136.812121, 36.559132], [136.811787, 36.559844], [136.811772, 36.560598], [136.810776, 36.561225], [136.809868, 36.561291], [136.809036, 36.561762], [136.807839, 36.562052], [136.807586, 36.562263], [136.805943, 36.564694], [136.805333, 36.565177], [136.805191, 36.565798], [136.804953, 36.566106], [136.804459, 36.566402], [136.803411, 36.566751], [136.802626, 36.567656], [136.802492, 36.567988], [136.802596, 36.568525], [136.80244, 36.568772], [136.801699, 36.569077], [136.800967, 36.56962], [136.799525, 36.569937], [136.799035, 36.569943], [136.798076, 36.569816], [136.797481, 36.569611], [136.796866, 36.568989], [136.796358, 36.568857], [136.793518, 36.568609], [136.792699, 36.568259], [136.79209, 36.568881], [136.791369, 36.569176], [136.791004, 36.569623], [136.79096, 36.570209], [136.791302, 36.571221], [136.792774, 36.573206], [136.792826, 36.573949], [136.793339, 36.575083], [136.793867, 36.575354], [136.793949, 36.575584], [136.794001, 36.576634], [136.793815, 36.577732], [136.793075, 36.580208], [136.793703, 36.581352], [136.794625, 36.582106], [136.795034, 36.582794], [136.795287, 36.583385], [136.795315, 36.584842], [136.795161, 36.585369], [136.794566, 36.586389], [136.79465, 36.587407], [136.793946, 36.588629], [136.793967, 36.58937], [136.794162, 36.589885], [136.793046, 36.590043], [136.792314, 36.59066], [136.79136, 36.590784], [136.790712, 36.591081], [136.790071, 36.591129], [136.790279, 36.59154], [136.78993, 36.592296], [136.789747, 36.592451], [136.788766, 36.592613], [136.788309, 36.593024], [136.788675, 36.593915], [136.788649, 36.595898], [136.788907, 36.596694], [136.789406, 36.597336], [136.789414, 36.597545], [136.789414, 36.597774], [136.789115, 36.598003], [136.788941, 36.598934], [136.789273, 36.60023], [136.78924, 36.60079], [136.788458, 36.602085], [136.788749, 36.602436], [136.78929, 36.602362], [136.790005, 36.602537], [136.790761, 36.602996], [136.790944, 36.603259], [136.790903, 36.6039], [136.790662, 36.604379], [136.789497, 36.605417], [136.788824, 36.606288], [136.787693, 36.607111], [136.787286, 36.60813], [136.786255, 36.608616], [136.786097, 36.608811], [136.78618, 36.609493], [136.785631, 36.610761], [136.785806, 36.611894], [136.785581, 36.612792], [136.785806, 36.613521], [136.784766, 36.613811], [136.784034, 36.614424], [136.783344, 36.615335], [136.783303, 36.615666], [136.783511, 36.61603], [136.783457, 36.616369], [136.783161, 36.616705], [136.783211, 36.617049], [136.783386, 36.617265], [136.783968, 36.617508], [136.783876, 36.618337], [136.784658, 36.619167], [136.784666, 36.619761], [136.784176, 36.620267], [136.784425, 36.621441], [136.784284, 36.621873], [136.784417, 36.622433], [136.784142, 36.624504], [136.784949, 36.625448], [136.785041, 36.625739], [136.784226, 36.627054], [136.784209, 36.627405], [136.784641, 36.627945], [136.784816, 36.628505], [136.785506, 36.628977], [136.785922, 36.629557], [136.78613, 36.629611]]]}}, {"type": "Feature", "properties": {"pref_code": "17", "pref_name": "石川県", "municipality_code": "17202", "municipality_name": "七尾市", "ward_name": "", "display_name": "七尾市", "geometry_key": "17202"}, "geometry": {"type": "MultiPolygon", "coordinates": [[[[136.821673, 37.198316], [136.821914, 37.198063], [136.821978, 37.197461], [136.821561, 37.196928], [136.820607, 37.196612], [136.818947, 37.19569], [136.818382, 37.195587], [136.817336, 37.195781], [136.816686, 37.195724], [136.816099, 37.195116], [136.815711, 37.194904], [136.815308, 37.194268], [136.814644, 37.193597], [136.813069, 37.193333], [136.812037, 37.193528], [136.81138, 37.193889], [136.809359, 37.193895], [136.809063, 37.193666], [136.808766, 37.192605], [136.808109, 37.192026], [136.808024, 37.191682], [136.808286, 37.190937], [136.808208, 37.190553], [136.805799, 37.190685], [136.804965, 37.190622], [136.803771, 37.191023], [136.803219, 37.190765], [136.803219, 37.19041], [136.803587, 37.19006], [136.803658, 37.189424], [136.804265, 37.189034], [136.804392, 37.188684], [136.803707, 37.187142], [136.803863, 37.185921], [136.803107, 37.185193], [136.802994, 37.184689], [136.802733, 37.184305], [136.801955, 37.183737], [136.801319, 37.182894], [136.801221, 37.179615], [136.801058, 37.179277], [136.800147, 37.178801], [136.800543, 37.177001], [136.800331, 37.176124], [136.800585, 37.175247], [136.800175, 37.174427], [136.80043, 37.173814], [136.799363, 37.173206], [136.799307, 37.17292], [136.798946, 37.172518], [136.798812, 37.171744], [136.79836, 37.171011], [136.79754, 37.170484], [136.797309, 37.169648], [136.797379, 37.169019], [136.796814, 37.168552], [136.796984, 37.167623], [136.796873, 37.167302], [136.796444, 37.166504], [136.795549, 37.165405], [136.794259, 37.164444], [136.793714, 37.163835], [136.793489, 37.16347], [136.79331, 37.162586], [136.792415, 37.162318], [136.7923, 37.161681], [136.791805, 37.161377], [136.79166, 37.160886], [136.79148, 37.160724], [136.790651, 37.16057], [136.790221, 37.160351], [136.790076, 37.160197], [136.789921, 37.159033], [136.789656, 37.158716], [136.788551, 37.158286], [136.787626, 37.158226], [136.787196, 37.15737], [136.786936, 37.157155], [136.786456, 37.156875], [136.785067, 37.156486], [136.784922, 37.156331], [136.785217, 37.155747], [136.785927, 37.155163], [136.786247, 37.154385], [136.786232, 37.154186], [136.785817, 37.153821], [136.785877, 37.153367], [136.785382, 37.152973], [136.785272, 37.15155], [136.785442, 37.151144], [136.785907, 37.150641], [136.785937, 37.150341], [136.784647, 37.149266], [136.783178, 37.147287], [136.782463, 37.146897], [136.782438, 37.146763], [136.782733, 37.146561], [136.782898, 37.146212], [136.782663, 37.145656], [136.782703, 37.144894], [136.782563, 37.14478], [136.781688, 37.144841], [136.781363, 37.144358], [136.781513, 37.143474], [136.781553, 37.141211], [136.782063, 37.13971], [136.781798, 37.139439], [136.781728, 37.138952], [136.782278, 37.138485], [136.782093, 37.137601], [136.783143, 37.136405], [136.784508, 37.135796], [136.784848, 37.135573], [136.785108, 37.135156], [136.785928, 37.134616], [136.786043, 37.134211], [136.785783, 37.133639], [136.784543, 37.132649], [136.784678, 37.1317], [136.785048, 37.130885], [136.785898, 37.130366], [136.785518, 37.129773], [136.785588, 37.129412], [136.784443, 37.128776], [136.784433, 37.128058], [136.784778, 37.127754], [136.784768, 37.127368], [136.784628, 37.12719], [136.783458, 37.126716], [136.783553, 37.126265], [136.783458, 37.126091], [136.782764, 37.125839], [136.781179, 37.126079], [136.779224, 37.125223], [136.779029, 37.124509], [136.778549, 37.124026], [136.779069, 37.123345], [136.778849, 37.122623], [136.779129, 37.122298], [136.778984, 37.121779], [136.778225, 37.121317], [136.777855, 37.120124], [136.777395, 37.119861], [136.776665, 37.119909], [136.776375, 37.119792], [136.776335, 37.119443], [136.776635, 37.118551], [136.776655, 37.117679], [136.77735, 37.11673], [136.777285, 37.115699], [136.777455, 37.115525], [136.778885, 37.115042], [136.7794, 37.114629], [136.779725, 37.114114], [136.779595, 37.113477], [136.77981, 37.113075], [136.780825, 37.111615], [136.781429, 37.111461], [136.781924, 37.110922], [136.782004, 37.110115], [136.782134, 37.109973], [136.783329, 37.109344], [136.784189, 37.109287], [136.784959, 37.108829], [136.785414, 37.108732], [136.786044, 37.10844], [136.786689, 37.107892], [136.786814, 37.107697], [136.786414, 37.107016], [136.786489, 37.105949], [136.786269, 37.105487], [136.786504, 37.104867], [136.786119, 37.104011], [136.786174, 37.103366], [136.786859, 37.102474], [136.787299, 37.101322], [136.787969, 37.100726], [136.788124, 37.100117], [136.788594, 37.099793], [136.789409, 37.098041], [136.791373, 37.097501], [136.792723, 37.096767], [136.794138, 37.096366], [136.795133, 37.095498], [136.796867, 37.094464], [136.798252, 37.093276], [136.799732, 37.093243], [136.800357, 37.092959], [136.801212, 37.093056], [136.803706, 37.092168], [136.804351, 37.091677], [136.804681, 37.091183], [136.804521, 37.090684], [136.804671, 37.090059], [136.805831, 37.088952], [136.806581, 37.088502], [136.807106, 37.088591], [136.80811, 37.088129], [136.808265, 37.08705], [136.808101, 37.086471], [136.808186, 37.086324], [136.809389, 37.085399], [136.810085, 37.085208], [136.810283, 37.084937], [136.810515, 37.084009], [136.81019, 37.083668], [136.809943, 37.082888], [136.810299, 37.08193], [136.809099, 37.081646], [136.808969, 37.08132], [136.809087, 37.081019], [136.810138, 37.080229], [136.810537, 37.079316], [136.810859, 37.079308], [136.811703, 37.080006], [136.812012, 37.080119], [136.81293, 37.079931], [136.813613, 37.079542], [136.813836, 37.080242], [136.814111, 37.080553], [136.814541, 37.080731], [136.815221, 37.080748], [136.815706, 37.081222], [136.816256, 37.081331], [136.817252, 37.080728], [136.817812, 37.079787], [136.818458, 37.079284], [136.818792, 37.078636], [136.819454, 37.078606], [136.820276, 37.078784], [136.821244, 37.07822], [136.822085, 37.078248], [136.823609, 37.077352], [136.825177, 37.07596], [136.82539, 37.075634], [136.826639, 37.076121], [136.828058, 37.075737], [136.828238, 37.075471], [136.827991, 37.074623], [136.828108, 37.074422], [136.828871, 37.074485], [136.829555, 37.074352], [136.832783, 37.072443], [136.83444, 37.072112], [136.835458, 37.071517], [136.835881, 37.071405], [136.836818, 37.071548], [136.837693, 37.071151], [136.837779, 37.070891], [136.837466, 37.070152], [136.836873, 37.069355], [136.836459, 37.069154], [136.835569, 37.069077], [136.834913, 37.068811], [136.834684, 37.067955], [136.834743, 37.06779], [136.835053, 37.067614], [136.835102, 37.06702], [136.835794, 37.066912], [136.836163, 37.066287], [136.836679, 37.065964], [136.836472, 37.065738], [136.835776, 37.065402], [136.835606, 37.064775], [136.83458, 37.063934], [136.834403, 37.063954], [136.834001, 37.064441], [136.833621, 37.064541], [136.833393, 37.064474], [136.833408, 37.064177], [136.832208, 37.062226], [136.832153, 37.061666], [136.83236, 37.061057], [136.833343, 37.060532], [136.833479, 37.060091], [136.834088, 37.059313], [136.834796, 37.059263], [136.835504, 37.059644], [136.83599, 37.059336], [136.836936, 37.059471], [136.837496, 37.059208], [136.837619, 37.05974], [136.838247, 37.06047], [136.837969, 37.060819], [136.838077, 37.061408], [136.838847, 37.061601], [136.839351, 37.061541], [136.840071, 37.06195], [136.840665, 37.061386], [136.84103, 37.061331], [136.841654, 37.061569], [136.842273, 37.062204], [136.842956, 37.061978], [136.843534, 37.059961], [136.843435, 37.059587], [136.842993, 37.05908], [136.843002, 37.058624], [136.842734, 37.058285], [136.842928, 37.057512], [136.843089, 37.05742], [136.843837, 37.057538], [136.843884, 37.056916], [136.844084, 37.056537], [136.844011, 37.055154], [136.844508, 37.054831], [136.845127, 37.054751], [136.845479, 37.05456], [136.845844, 37.053366], [136.846969, 37.052493], [136.847449, 37.051585], [136.847671, 37.051602], [136.849202, 37.052779], [136.849703, 37.053045], [136.850021, 37.053067], [136.850386, 37.052952], [136.8511, 37.051961], [136.851879, 37.051377], [136.852319, 37.051286], [136.853175, 37.051434], [136.854038, 37.051093], [136.855012, 37.050371], [136.854981, 37.049633], [136.855862, 37.04938], [136.856013, 37.04862], [136.856858, 37.048359], [136.856953, 37.0478], [136.858239, 37.046997], [136.858633, 37.045961], [136.859597, 37.044501], [136.860119, 37.044034], [136.86127, 37.043377], [136.862296, 37.04331], [136.861953, 37.042888], [136.859928, 37.042351], [136.859504, 37.041797], [136.859774, 37.041686], [136.860046, 37.040442], [136.859755, 37.039725], [136.857888, 37.038553], [136.857195, 37.037357], [136.856376, 37.037033], [136.856781, 37.036062], [136.856713, 37.035631], [136.855573, 37.035039], [136.855242, 37.034], [136.854729, 37.033461], [136.854398, 37.032864], [136.853838, 37.032462], [136.853829, 37.032312], [136.854351, 37.031655], [136.854191, 37.031467], [136.853452, 37.031249], [136.853334, 37.03104], [136.853649, 37.030541], [136.854342, 37.030265], [136.854438, 37.030047], [136.854225, 37.029753], [136.853811, 37.029573], [136.853792, 37.028823], [136.853096, 37.028579], [136.853987, 37.027977], [136.856976, 37.027254], [136.857671, 37.026875], [136.858117, 37.026234], [136.859428, 37.024897], [136.859478, 37.024663], [136.859316, 37.024543], [136.858941, 37.024532], [136.857574, 37.024652], [136.857588, 37.023637], [136.857287, 37.023118], [136.857602, 37.022881], [136.859145, 37.022231], [136.859645, 37.022231], [136.860072, 37.0219], [136.860521, 37.021122], [136.861508, 37.020404], [136.861911, 37.019445], [136.862384, 37.019283], [136.862982, 37.01949], [136.863584, 37.019509], [136.864321, 37.019332], [136.865062, 37.019513], [136.865405, 37.018896], [136.866012, 37.019219], [136.866522, 37.01934], [136.868144, 37.019092], [136.868987, 37.018573], [136.869098, 37.018295], [136.869024, 37.017641], [136.869279, 37.017381], [136.869937, 37.017051], [136.871263, 37.01681], [136.872862, 37.016656], [136.873322, 37.016923], [136.873355, 37.017538], [136.874464, 37.017609], [136.87521, 37.017404], [136.875791, 37.016861], [136.876417, 37.016844], [136.876878, 37.017137], [136.877503, 37.017262], [136.877909, 37.017039], [136.877975, 37.016603], [136.878118, 37.01655], [136.879764, 37.016657], [136.881026, 37.016363], [136.881673, 37.016514], [136.881991, 37.01647], [136.882452, 37.016283], [136.882661, 37.01639], [136.882803, 37.016772], [136.883209, 37.016906], [136.884449, 37.016879], [136.886753, 37.016594], [136.887971, 37.017173], [136.888619, 37.017244], [136.888937, 37.017156], [136.889958, 37.016426], [136.890363, 37.016292], [136.891247, 37.016339], [136.892339, 37.015711], [136.892652, 37.01613], [136.89365, 37.016286], [136.89382, 37.016219], [136.894363, 37.015645], [136.895181, 37.01556], [136.895368, 37.015369], [136.895724, 37.014407], [136.895933, 37.01418], [136.896245, 37.014114], [136.898078, 37.014644], [136.899466, 37.014586], [136.899817, 37.014701], [136.900349, 37.015075], [136.900876, 37.015805], [136.901079, 37.015618], [136.901616, 37.015859], [136.901896, 37.015774], [136.901852, 37.015311], [136.901501, 37.014902], [136.901775, 37.014612], [136.902308, 37.014724], [136.902796, 37.014661], [136.903268, 37.014942], [136.904069, 37.014879], [136.904886, 37.015227], [136.905111, 37.015534], [136.905676, 37.015414], [136.90583, 37.015231], [136.908014, 37.015454], [136.908014, 37.016415], [136.908244, 37.016482], [136.908617, 37.016357], [136.909714, 37.015503], [136.911338, 37.015218], [136.913506, 37.015498], [136.915278, 37.016215], [136.9157, 37.016553], [136.916852, 37.016731], [136.917829, 37.01723], [136.918235, 37.017163], [136.918751, 37.01662], [136.919754, 37.015979], [136.919716, 37.0148], [136.919156, 37.013816], [136.919349, 37.013424], [136.920116, 37.01269], [136.920128, 37.012142], [136.921176, 37.011123], [136.921823, 37.010731], [136.922432, 37.009975], [136.92247, 37.009561], [136.922179, 37.009147], [136.922152, 37.008857], [136.922728, 37.008105], [136.922915, 37.007477], [136.923442, 37.006583], [136.923689, 37.006396], [136.923815, 37.005265], [136.92523, 37.003387], [136.925153, 37.002677], [136.924614, 37.002114], [136.924473, 37.001386], [136.92461, 37.000787], [136.923952, 37.000508], [136.923856, 37.000213], [136.925886, 36.9989], [136.926311, 36.998466], [136.927189, 36.997276], [136.927648, 36.996319], [136.929246, 36.99515], [136.929651, 36.995178], [136.930144, 36.99549], [136.931763, 36.994165], [136.932065, 36.994844], [136.933724, 36.994471], [136.934321, 36.993971], [136.935754, 36.993353], [136.938004, 36.992813], [136.939588, 36.993108], [136.940267, 36.99357], [136.941384, 36.993203], [136.94183, 36.993242], [136.942928, 36.993854], [136.943401, 36.993887], [136.944272, 36.993292], [136.945061, 36.993019], [136.948496, 36.991183], [136.948736, 36.990994], [136.948832, 36.990527], [136.949758, 36.989759], [136.950712, 36.988652], [136.951281, 36.988351], [136.952275, 36.988307], [136.95318, 36.987339], [136.953187, 36.987116], [136.952755, 36.986749], [136.952632, 36.986459], [136.952748, 36.985747], [136.953366, 36.985035], [136.954785, 36.984122], [136.955258, 36.98336], [136.955677, 36.982976], [136.955807, 36.982559], [136.954847, 36.982498], [136.954607, 36.982386], [136.954401, 36.982075], [136.953791, 36.982152], [136.953256, 36.982002], [136.953119, 36.981557], [136.953414, 36.980811], [136.953318, 36.980556], [136.952598, 36.980338], [136.952069, 36.97991], [136.951788, 36.97981], [136.950904, 36.979804], [136.950705, 36.979587], [136.950122, 36.97937], [136.950191, 36.979059], [136.950671, 36.97863], [136.950643, 36.978408], [136.949436, 36.97799], [136.949032, 36.977233], [136.949155, 36.976966], [136.950561, 36.976204], [136.951096, 36.975603], [136.951933, 36.975497], [136.952111, 36.975731], [136.952728, 36.975703], [136.953002, 36.975419], [136.953088, 36.974578], [136.953661, 36.97419], [136.954305, 36.974157], [136.954923, 36.973967], [136.956555, 36.974229], [136.958454, 36.972643], [136.959565, 36.972393], [136.960388, 36.971848], [136.960964, 36.971731], [136.961938, 36.971914], [136.965477, 36.972154], [136.969098, 36.972054], [136.970092, 36.972349], [136.971841, 36.9732], [136.972479, 36.974129], [136.973548, 36.975304], [136.97505, 36.975982], [136.975894, 36.976595], [136.976353, 36.976711], [136.976669, 36.976572], [136.978733, 36.974775], [136.97922, 36.974185], [136.979782, 36.973289], [136.98066, 36.970663], [136.981024, 36.97009], [136.982299, 36.968777], [136.983259, 36.968098], [136.983897, 36.967319], [136.984432, 36.966351], [136.985523, 36.965327], [136.985878, 36.96516], [136.985994, 36.966596], [136.986643, 36.967201], [136.986944, 36.967298], [136.987473, 36.967298], [136.988459, 36.966966], [136.989853, 36.967259], [136.990851, 36.96722], [136.992535, 36.966879], [136.995264, 36.967103], [136.996262, 36.967016], [136.997327, 36.966223], [136.999571, 36.963543], [137.000857, 36.963109], [137.002042, 36.963036], [137.002691, 36.962786], [137.003477, 36.962694], [137.004263, 36.961446], [137.004741, 36.961197], [137.006723, 36.961132], [137.007839, 36.961446], [137.009126, 36.961372], [137.010732, 36.962851], [137.011051, 36.962915], [137.011802, 36.962564], [137.013226, 36.962481], [137.013795, 36.962611], [137.014638, 36.963064], [137.015435, 36.962694], [137.016084, 36.962851], [137.018191, 36.962823], [137.019102, 36.962952], [137.01982, 36.963479], [137.021471, 36.963858], [137.023624, 36.96348], [137.025389, 36.96299], [137.026266, 36.962602], [137.027234, 36.962426], [137.03032, 36.964441], [137.031698, 36.964977], [137.032621, 36.964986], [137.033281, 36.965374], [137.035274, 36.966039], [137.036231, 36.966159], [137.037131, 36.966935], [137.037666, 36.96712], [137.039818, 36.966039], [137.041322, 36.965448], [137.042267, 36.965328], [137.04262, 36.965171], [137.04311, 36.964635], [137.044351, 36.964071], [137.045103, 36.963914], [137.045445, 36.963646], [137.046048, 36.962464], [137.046447, 36.962149], [137.050468, 36.959729], [137.051731, 36.959156], [137.051819, 36.959536], [137.051494, 36.960327], [137.051972, 36.962259], [137.052588, 36.962519], [137.052633, 36.962423], [137.053086, 36.962575], [137.053037, 36.962679], [137.053505, 36.962867], [137.055566, 36.964559], [137.055822, 36.96631], [137.056636, 36.967902], [137.055649, 36.96957], [137.053949, 36.970986], [137.052662, 36.972605], [137.050295, 36.976217], [137.05033, 36.977625], [137.050596, 36.977589], [137.050907, 36.978549], [137.050246, 36.978672], [137.050344, 36.978889], [137.050698, 36.978883], [137.050971, 36.979018], [137.051286, 36.979959], [137.050978, 36.980691], [137.050914, 36.981417], [137.050613, 36.981552], [137.050648, 36.982487], [137.050045, 36.982955], [137.049011, 36.984614], [137.048683, 36.986731], [137.048841, 36.987099], [137.049572, 36.987307], [137.050058, 36.987725], [137.050103, 36.987915], [137.05064, 36.988246], [137.05067, 36.988471], [137.051113, 36.988959], [137.051286, 36.989783], [137.05202, 36.990291], [137.05223, 36.990258], [137.052539, 36.990432], [137.052838, 36.990844], [137.053011, 36.991892], [137.05336, 36.992594], [137.053304, 36.992751], [137.053696, 36.993226], [137.053851, 36.993647], [137.053815, 36.993751], [137.053643, 36.99374], [137.053753, 36.993927], [137.053639, 36.994004], [137.053755, 36.994385], [137.053662, 36.994549], [137.053869, 36.994973], [137.053549, 36.995628], [137.053238, 36.99561], [137.05332, 36.995749], [137.05308, 36.996227], [137.05274, 36.996234], [137.052688, 36.996089], [137.052464, 36.996136], [137.052464, 36.995726], [137.051882, 36.99631], [137.050339, 36.998194], [137.049688, 36.999201], [137.050029, 36.999645], [137.050048, 36.999992], [137.049839, 37.00034], [137.049032, 37.000901], [137.048855, 37.000801], [137.047285, 37.003009], [137.047402, 37.003999], [137.047136, 37.004751], [137.046581, 37.008592], [137.046954, 37.008718], [137.047119, 37.009323], [137.046453, 37.009453], [137.046223, 37.010924], [137.046549, 37.011836], [137.046831, 37.011871], [137.047561, 37.011391], [137.047769, 37.011586], [137.046996, 37.012169], [137.046511, 37.01226], [137.046772, 37.013242], [137.047289, 37.013524], [137.047593, 37.013286], [137.048585, 37.014168], [137.049369, 37.013588], [137.05004, 37.014172], [137.048931, 37.014985], [137.049299, 37.015509], [137.049688, 37.016586], [137.049667, 37.017066], [137.05012, 37.017944], [137.050594, 37.01816], [137.050994, 37.018813], [137.051336, 37.020323], [137.051032, 37.021539], [137.051197, 37.022183], [137.050952, 37.02281], [137.050679, 37.024549], [137.050072, 37.025634], [137.049011, 37.026755], [137.04875, 37.027217], [137.048286, 37.027538], [137.047428, 37.028706], [137.047657, 37.028896], [137.047246, 37.029731], [137.047379, 37.030596], [137.047624, 37.031111], [137.047566, 37.033273], [137.046835, 37.03493], [137.046276, 37.035202], [137.045903, 37.035777], [137.045577, 37.037715], [137.045876, 37.037789], [137.045854, 37.038156], [137.046217, 37.038796], [137.046798, 37.038935], [137.046841, 37.039121], [137.047011, 37.039177], [137.047139, 37.039856], [137.047528, 37.040587], [137.047272, 37.041284], [137.047448, 37.041284], [137.047501, 37.041664], [137.047016, 37.041682], [137.04675, 37.041932], [137.046728, 37.042361], [137.047011, 37.043131], [137.046739, 37.043187], [137.047789, 37.046937], [137.048242, 37.047028], [137.048258, 37.047482], [137.047512, 37.047482], [137.047347, 37.047672], [137.047837, 37.048663], [137.04853, 37.048831], [137.048733, 37.048433], [137.048701, 37.048996], [137.048402, 37.049229], [137.048397, 37.049731], [137.049106, 37.0507], [137.049122, 37.051691], [137.049404, 37.052828], [137.049761, 37.053248], [137.050076, 37.053321], [137.050086, 37.053464], [137.049943, 37.053498], [137.050161, 37.053827], [137.050092, 37.053996], [137.049879, 37.053987], [137.050172, 37.056466], [137.050054, 37.057166], [137.050241, 37.057231], [137.050385, 37.058352], [137.050204, 37.058352], [137.050097, 37.057716], [137.049857, 37.05769], [137.049399, 37.058274], [137.049148, 37.058139], [137.048908, 37.058646], [137.048881, 37.059411], [137.049105, 37.059939], [137.049585, 37.060177], [137.049863, 37.060476], [137.049953, 37.061033], [137.050774, 37.061245], [137.051216, 37.061825], [137.051958, 37.062439], [137.052517, 37.063399], [137.052314, 37.063944], [137.052538, 37.064532], [137.052501, 37.065627], [137.052043, 37.065986], [137.052144, 37.067469], [137.052677, 37.068339], [137.05281, 37.068335], [137.053327, 37.068888], [137.053796, 37.068763], [137.053978, 37.070156], [137.053636, 37.070207], [137.053823, 37.0709], [137.053775, 37.071341], [137.052837, 37.072643], [137.053188, 37.073266], [137.05386, 37.073542], [137.054425, 37.074645], [137.054436, 37.07516], [137.054206, 37.075865], [137.054404, 37.075965], [137.054239, 37.076285], [137.053934, 37.076129], [137.053599, 37.076177], [137.052938, 37.07676], [137.051946, 37.078132], [137.051909, 37.078867], [137.051461, 37.079351], [137.051381, 37.080052], [137.050981, 37.080489], [137.051083, 37.081129], [137.050448, 37.081786], [137.050453, 37.082344], [137.051637, 37.084797], [137.051274, 37.085316], [137.051551, 37.086177], [137.051349, 37.086229], [137.050912, 37.086086], [137.050653, 37.086286], [137.050641, 37.088066], [137.051684, 37.090539], [137.052111, 37.0909], [137.052227, 37.091175], [137.052806, 37.091341], [137.052842, 37.091724], [137.052494, 37.09205], [137.052049, 37.094146], [137.052601, 37.094493], [137.052815, 37.094797], [137.05269, 37.095064], [137.052316, 37.095072], [137.051871, 37.095267], [137.051648, 37.095671], [137.051354, 37.095802], [137.051113, 37.096141], [137.050133, 37.096206], [137.049741, 37.09745], [137.049538, 37.097719], [137.049472, 37.098652], [137.049643, 37.098904], [137.050243, 37.099219], [137.049736, 37.099362], [137.049513, 37.099572], [137.049447, 37.101155], [137.049803, 37.101646], [137.049964, 37.102095], [137.049907, 37.10238], [137.05015, 37.102749], [137.051045, 37.10246], [137.051231, 37.102825], [137.051805, 37.102657], [137.052369, 37.103925], [137.05495, 37.103249], [137.05508, 37.103556], [137.055331, 37.103319], [137.055657, 37.10328], [137.056487, 37.103627], [137.056916, 37.104013], [137.057366, 37.10547], [137.05793, 37.106074], [137.058344, 37.106922], [137.058369, 37.107186], [137.058101, 37.107837], [137.05689, 37.108223], [137.056403, 37.107905], [137.056416, 37.107577], [137.056234, 37.107428], [137.056093, 37.107483], [137.055147, 37.107132], [137.054702, 37.107186], [137.053957, 37.106435], [137.053139, 37.10638], [137.052778, 37.106082], [137.051634, 37.106229], [137.051339, 37.106456], [137.051433, 37.106523], [137.051298, 37.106666], [137.051189, 37.106603], [137.051112, 37.106712], [137.050993, 37.106993], [137.051288, 37.107115], [137.051169, 37.107304], [137.050848, 37.107199], [137.050776, 37.107346], [137.050599, 37.107367], [137.050222, 37.106951], [137.049436, 37.106938], [137.048421, 37.107451], [137.047304, 37.107308], [137.044966, 37.106577], [137.043249, 37.106515], [137.042711, 37.106811], [137.042541, 37.107281], [137.042581, 37.107668], [137.04238, 37.107844], [137.042253, 37.107722], [137.042368, 37.107601], [137.041971, 37.107287], [137.040555, 37.106762], [137.040339, 37.106879], [137.038364, 37.105896], [137.037773, 37.105846], [137.03743, 37.104809], [137.035781, 37.103795], [137.035649, 37.103871], [137.03488, 37.103526], [137.034869, 37.103378], [137.034343, 37.103449], [137.032685, 37.106032], [137.032411, 37.10621], [137.031702, 37.106373], [137.031704, 37.10672], [137.031472, 37.106873], [137.030521, 37.106986], [137.029896, 37.106667], [137.028541, 37.103351], [137.028309, 37.103391], [137.027595, 37.102978], [137.027518, 37.103063], [137.027147, 37.102978], [137.026876, 37.102857], [137.026893, 37.102641], [137.025771, 37.102139], [137.025321, 37.103043], [137.025478, 37.103087], [137.025399, 37.103261], [137.024957, 37.103135], [137.02504, 37.10296], [137.025228, 37.103009], [137.025665, 37.102107], [137.023464, 37.101214], [137.023397, 37.101071], [137.022374, 37.101259], [137.022346, 37.101133], [137.021389, 37.101007], [137.021196, 37.100644], [137.021074, 37.099603], [137.020881, 37.099594], [137.020908, 37.098768], [137.020477, 37.098315], [137.020587, 37.098229], [137.020471, 37.09752], [137.020322, 37.097596], [137.020139, 37.097067], [137.020261, 37.096869], [137.019708, 37.096466], [137.019863, 37.096353], [137.019714, 37.096138], [137.019531, 37.096223], [137.017711, 37.09511], [137.017534, 37.0952], [137.016987, 37.095038], [137.01707, 37.094692], [137.016804, 37.094374], [137.0164, 37.094387], [137.016251, 37.094504], [137.0152, 37.094141], [137.015316, 37.093894], [137.015239, 37.093135], [137.014641, 37.0927], [137.014348, 37.091865], [137.013889, 37.091578], [137.014, 37.090873], [137.013812, 37.090437], [137.013911, 37.090303], [137.013723, 37.09024], [137.013397, 37.090397], [137.012988, 37.089935], [137.013347, 37.089221], [137.013641, 37.089078], [137.013723, 37.088772], [137.013558, 37.088737], [137.013524, 37.088301], [137.013624, 37.087929], [137.013381, 37.087673], [137.012988, 37.087776], [137.012053, 37.087386], [137.011638, 37.08708], [137.011627, 37.086973], [137.011992, 37.086735], [137.011887, 37.086425], [137.011963, 37.084524], [137.011443, 37.083632], [137.011542, 37.083637], [137.011397, 37.082407], [137.011272, 37.082135], [137.011028, 37.082156], [137.009612, 37.081301], [137.010343, 37.081146], [137.010211, 37.080136], [137.011061, 37.080034], [137.011522, 37.078522], [137.01174, 37.077036], [137.011272, 37.076966], [137.011529, 37.076106], [137.011641, 37.073385], [137.011417, 37.073396], [137.011299, 37.076052], [137.010423, 37.07687], [137.00701, 37.076528], [137.005409, 37.072963], [137.006167, 37.072231], [137.005007, 37.072086], [137.003611, 37.068981], [137.002893, 37.069184], [137.00282, 37.069301], [137.003822, 37.071536], [137.003552, 37.071627], [137.001951, 37.068056], [137.003071, 37.067736], [137.002069, 37.065544], [137.002498, 37.065084], [137.002406, 37.064903], [137.001754, 37.064758], [137.001615, 37.064422], [137.006767, 37.063037], [137.006853, 37.063246], [137.007017, 37.063203], [137.00707, 37.062946], [137.007393, 37.06285], [137.006872, 37.061867], [137.007024, 37.061824], [137.005041, 37.056944], [137.004264, 37.057131], [137.000423, 37.055127], [137.000206, 37.055121], [136.999936, 37.05525], [136.99639, 37.059772], [136.995613, 37.059371], [136.995412, 37.059621], [136.994964, 37.059371], [136.99482, 37.059542], [136.988483, 37.056371], [136.990714, 37.053616], [136.989768, 37.053028], [136.993371, 37.055091], [136.995022, 37.052846], [136.994877, 37.052398], [136.993662, 37.051433], [136.992452, 37.052068], [136.992385, 37.051813], [136.993013, 37.0515], [136.993039, 37.051128], [136.992163, 37.050472], [136.991376, 37.050827], [136.990449, 37.051466], [136.991689, 37.052243], [136.99204, 37.052135], [136.992107, 37.052231], [136.991628, 37.052385], [136.988194, 37.050363], [136.98652, 37.051207], [136.985233, 37.050442], [136.986237, 37.049319], [136.985449, 37.048842], [136.986098, 37.048036], [136.985619, 37.047944], [136.984996, 37.048559], [136.982666, 37.047189], [136.982432, 37.046603], [136.982279, 37.046641], [136.982566, 37.047297], [136.984121, 37.048203], [136.983227, 37.049242], [136.983585, 37.049691], [136.983585, 37.049979], [136.980223, 37.050062], [136.979986, 37.050296], [136.980228, 37.052327], [136.978848, 37.052439], [136.978559, 37.051023], [136.977823, 37.050797], [136.976238, 37.053171], [136.975012, 37.05264], [136.976634, 37.050259], [136.97545, 37.049431], [136.9765, 37.048299], [136.97546, 37.047647], [136.972474, 37.046925], [136.97061, 37.047555], [136.970563, 37.04893], [136.970116, 37.049406], [136.969317, 37.049728], [136.968735, 37.049231], [136.968591, 37.049318], [136.968483, 37.049243], [136.968033, 37.049449], [136.967724, 37.049788], [136.966233, 37.050339], [136.966804, 37.05122], [136.962938, 37.053292], [136.961514, 37.053906], [136.959225, 37.055254], [136.959011, 37.055066], [136.958635, 37.055345], [136.95881, 37.055502], [136.95862, 37.055673], [136.956501, 37.056419], [136.955757, 37.057071], [136.956496, 37.05955], [136.958465, 37.058715], [136.959008, 37.059653], [136.958826, 37.059991], [136.959346, 37.060804], [136.959634, 37.060716], [136.960298, 37.061631], [136.960118, 37.061702], [136.962659, 37.064973], [136.963071, 37.065702], [136.962649, 37.067259], [136.959943, 37.067791], [136.958643, 37.067601], [136.956773, 37.067964], [136.956495, 37.067659], [136.955669, 37.067906], [136.955329, 37.068302], [136.955473, 37.068643], [136.955084, 37.0688], [136.954829, 37.068739], [136.954456, 37.068041], [136.953808, 37.068198], [136.952942, 37.067845], [136.95268, 37.067502], [136.952299, 37.067431], [136.951331, 37.067421], [136.950909, 37.067588], [136.950154, 37.067676], [136.949843, 37.067502], [136.949135, 37.067459], [136.94637, 37.068022], [136.945366, 37.068359], [136.943993, 37.067928], [136.941051, 37.067882], [136.940906, 37.067995], [136.940505, 37.067899], [136.93948, 37.068438], [136.938739, 37.069011], [136.93862, 37.069303], [136.937987, 37.069729], [136.937621, 37.07036], [136.936689, 37.071199], [136.936437, 37.071859], [136.936112, 37.074596], [136.935901, 37.075219], [136.936179, 37.075469], [136.935304, 37.078803], [136.93793, 37.079288], [136.938058, 37.078916], [136.938311, 37.079559], [136.938594, 37.079844], [136.940031, 37.080169], [136.940844, 37.080639], [136.940993, 37.081671], [136.941534, 37.082181], [136.941956, 37.082186], [136.942074, 37.081922], [136.942404, 37.081993], [136.942332, 37.082265], [136.942502, 37.082503], [136.942932, 37.082592], [136.94296, 37.082771], [136.943189, 37.082784], [136.943164, 37.083446], [136.943753, 37.083362], [136.943766, 37.083764], [136.943318, 37.084073], [136.942857, 37.083997], [136.94166, 37.083325], [136.940942, 37.083551], [136.941075, 37.083834], [136.940496, 37.083997], [136.939768, 37.084402], [136.937783, 37.085952], [136.93656, 37.086186], [136.935852, 37.08617], [136.935311, 37.086664], [136.934416, 37.08717], [136.933968, 37.087191], [136.932822, 37.086953], [136.932476, 37.08704], [136.93226, 37.087271], [136.931564, 37.087386], [136.928236, 37.085742], [136.928257, 37.085483], [136.928097, 37.085491], [136.928097, 37.085771], [136.927824, 37.085901], [136.926908, 37.085884], [136.926401, 37.086245], [136.926538, 37.086413], [136.925626, 37.08694], [136.925888, 37.087239], [136.925611, 37.087455], [136.925808, 37.087645], [136.925483, 37.087861], [136.925467, 37.088017], [136.925131, 37.088052], [136.925003, 37.087883], [136.923196, 37.088052], [136.917882, 37.089652], [136.918122, 37.089941], [136.916667, 37.090741], [136.9168, 37.090893], [136.91616, 37.091247], [136.915323, 37.090222], [136.915116, 37.090356], [136.915233, 37.090456], [136.914833, 37.090694], [136.914359, 37.090339], [136.913922, 37.090633], [136.913756, 37.090491], [136.913751, 37.089877], [136.914021, 37.089704], [136.913853, 37.089578], [136.913383, 37.089674], [136.913522, 37.089926], [136.913447, 37.090201], [136.911374, 37.090629], [136.909343, 37.089781], [136.907526, 37.089444], [136.906529, 37.088912], [136.907062, 37.087757], [136.906993, 37.087606], [136.906119, 37.087424], [136.903567, 37.083431], [136.90369, 37.083309], [136.903845, 37.082186], [136.904293, 37.081789], [136.905003, 37.081739], [136.905354, 37.080879], [136.905843, 37.080193], [136.905974, 37.078937], [136.905153, 37.078651], [136.904342, 37.078661], [136.904301, 37.078554], [136.90498, 37.07835], [136.905233, 37.077414], [136.904947, 37.077316], [136.903811, 37.077802], [136.903721, 37.07775], [136.903279, 37.077065], [136.902776, 37.075033], [136.902113, 37.074082], [136.901136, 37.073347], [136.898596, 37.071941], [136.897895, 37.071659], [136.896909, 37.0715], [136.895436, 37.071684], [136.892267, 37.072805], [136.892468, 37.073058], [136.891853, 37.073244], [136.889906, 37.074374], [136.889777, 37.074182], [136.890103, 37.073688], [136.889587, 37.073313], [136.889422, 37.072437], [136.889654, 37.071889], [136.889463, 37.070607], [136.889674, 37.070498], [136.889664, 37.070072], [136.88926, 37.069438], [136.888153, 37.068481], [136.888233, 37.068277], [136.886083, 37.06877], [136.885656, 37.06857], [136.885146, 37.068536], [136.884976, 37.068386], [136.885022, 37.068259], [136.884484, 37.068301], [136.884353, 37.068115], [136.882615, 37.068299], [136.881068, 37.068988], [136.881096, 37.069279], [136.879144, 37.069494], [136.878532, 37.069717], [136.875066, 37.070177], [136.874855, 37.069914], [136.873712, 37.070279], [136.873843, 37.070622], [136.87312, 37.070975], [136.870723, 37.071969], [136.870568, 37.07182], [136.868465, 37.072824], [136.868588, 37.072994], [136.867561, 37.073639], [136.867676, 37.073756], [136.866708, 37.074332], [136.866099, 37.074013], [136.859826, 37.075564], [136.859855, 37.0757], [136.859563, 37.075819], [136.859325, 37.076184], [136.858768, 37.077298], [136.859621, 37.080867], [136.860606, 37.080665], [136.861343, 37.08102], [136.860708, 37.081754], [136.862224, 37.08289], [136.862562, 37.082935], [136.862539, 37.083394], [136.862351, 37.083544], [136.862549, 37.083671], [136.86294, 37.083472], [136.863313, 37.083611], [136.863538, 37.083949], [136.864788, 37.084538], [136.864657, 37.084857], [136.864967, 37.085177], [136.864916, 37.08526], [136.865992, 37.085677], [136.866368, 37.085312], [136.867976, 37.08609], [136.869008, 37.086414], [136.87068, 37.086501], [136.871383, 37.086207], [136.871802, 37.086813], [136.871988, 37.087775], [136.871885, 37.088605], [136.871978, 37.088853], [136.871827, 37.089275], [136.871489, 37.088996], [136.871344, 37.088641], [136.870349, 37.089151], [136.868987, 37.089618], [136.868055, 37.091016], [136.868246, 37.091197], [136.867707, 37.092057], [136.867347, 37.091983], [136.867103, 37.09246], [136.867173, 37.092695], [136.867678, 37.09281], [136.867861, 37.093139], [136.867161, 37.095249], [136.866784, 37.095292], [136.866755, 37.095605], [136.866299, 37.095598], [136.866039, 37.095802], [136.866051, 37.096444], [136.865856, 37.096569], [136.865649, 37.097287], [136.865434, 37.097519], [136.865989, 37.097496], [136.866125, 37.097996], [136.865438, 37.098547], [136.865508, 37.098756], [136.866369, 37.098836], [136.867177, 37.099552], [136.867467, 37.099656], [136.867421, 37.100674], [136.867024, 37.101446], [136.866659, 37.10148], [136.866345, 37.102216], [136.86687, 37.105797], [136.863984, 37.105777], [136.860361, 37.104755], [136.860059, 37.104782], [136.859322, 37.1058], [136.859831, 37.105995], [136.859786, 37.106159], [136.861355, 37.106586], [136.862659, 37.107226], [136.865547, 37.106689], [136.867021, 37.106659], [136.867618, 37.11103], [136.867437, 37.111229], [136.868659, 37.11268], [136.87025, 37.112823], [136.870325, 37.113178], [136.870976, 37.112966], [136.871297, 37.113373], [136.871927, 37.113109], [136.871772, 37.112823], [136.872412, 37.112526], [136.872963, 37.112898], [136.873642, 37.114113], [136.87522, 37.113473], [136.874977, 37.112965], [136.875464, 37.11263], [136.875864, 37.112673], [136.876572, 37.112371], [136.876578, 37.112211], [136.876949, 37.112051], [136.877924, 37.110978], [136.87786, 37.110846], [136.878464, 37.11079], [136.880031, 37.109627], [136.880361, 37.109608], [136.880686, 37.109745], [136.881469, 37.110535], [136.882125, 37.113054], [136.882102, 37.114245], [136.883187, 37.115116], [136.883796, 37.115027], [136.883581, 37.11433], [136.883756, 37.114368], [136.883878, 37.114052], [136.884359, 37.113982], [136.884678, 37.113558], [136.885479, 37.11304], [136.886465, 37.112786], [136.887185, 37.11232], [136.887399, 37.112437], [136.887632, 37.112297], [136.88773, 37.111661], [136.888177, 37.111091], [136.889419, 37.111157], [136.889912, 37.110442], [136.890509, 37.110592], [136.892227, 37.110517], [136.892877, 37.110752], [136.892906, 37.111096], [136.892482, 37.112452], [136.89265, 37.116228], [136.893055, 37.116914], [136.892956, 37.117177], [136.893086, 37.117485], [136.892972, 37.117556], [136.892859, 37.118454], [136.892998, 37.118563], [136.893329, 37.118563], [136.894089, 37.11941], [136.894414, 37.119486], [136.894681, 37.119881], [136.894716, 37.120121], [136.894507, 37.120451], [136.894106, 37.120639], [136.894524, 37.121016], [136.894692, 37.121421], [136.894826, 37.121397], [136.895035, 37.122103], [136.894744, 37.123021], [136.894826, 37.123158], [136.895064, 37.123158], [136.895232, 37.123553], [136.894936, 37.123798], [136.894907, 37.124038], [136.895377, 37.124165], [136.895951, 37.124579], [136.896027, 37.125262], [136.895742, 37.125917], [136.896334, 37.127286], [136.896595, 37.127489], [136.895847, 37.128115], [136.895824, 37.128322], [136.896009, 37.128534], [136.896723, 37.128765], [136.897297, 37.129287], [136.897297, 37.129937], [136.896746, 37.130624], [136.897216, 37.131086], [136.898028, 37.130869], [136.898539, 37.131067], [136.898974, 37.131406], [136.899316, 37.132804], [136.898916, 37.133271], [136.899084, 37.133849], [136.899734, 37.134254], [136.899641, 37.134485], [136.900105, 37.135163], [136.900326, 37.13521], [136.900645, 37.136067], [136.900523, 37.136081], [136.90054, 37.136274], [136.900651, 37.136265], [136.900471, 37.136985], [136.899368, 37.137507], [136.898109, 37.137545], [136.89772, 37.13747], [136.897419, 37.13698], [136.896786, 37.137197], [136.896247, 37.136947], [136.896014, 37.137051], [136.89602, 37.137319], [136.896368, 37.13778], [136.896124, 37.138223], [136.895208, 37.138331], [136.8949, 37.138213], [136.8949, 37.13811], [136.894552, 37.138063], [136.894279, 37.138227], [136.894355, 37.138477], [136.894018, 37.139019], [136.893189, 37.138872], [136.89291, 37.139113], [136.893073, 37.139437], [136.892823, 37.139673], [136.89277, 37.140014], [136.891993, 37.140148], [136.89233, 37.140652], [136.89215, 37.141396], [136.89168, 37.141994], [136.891483, 37.141994], [136.891326, 37.142206], [136.891662, 37.142615], [136.89168, 37.143067], [136.891471, 37.143538], [136.890833, 37.14422], [136.889985, 37.143848], [136.889144, 37.143919], [136.888744, 37.143825], [136.888355, 37.143241], [136.887984, 37.143297], [136.887926, 37.143448], [136.887761, 37.143441], [136.887461, 37.143764], [136.886541, 37.144316], [136.886144, 37.144365], [136.885614, 37.144192], [136.885408, 37.143316], [136.88481, 37.14293], [136.883702, 37.142812], [136.884369, 37.142064], [136.884804, 37.141767], [136.885326, 37.140967], [136.886058, 37.140402], [136.886191, 37.140171], [136.886023, 37.140021], [136.886238, 37.139677], [136.886087, 37.139579], [136.885471, 37.139861], [136.883383, 37.140134], [136.881491, 37.140106], [136.88116, 37.139992], [136.880696, 37.139489], [136.881056, 37.138547], [136.880778, 37.137766], [136.88101, 37.136928], [136.880783, 37.136462], [136.880923, 37.135412], [136.879577, 37.135256], [136.879083, 37.136909], [136.878387, 37.137563], [136.878306, 37.137502], [136.877726, 37.137959], [136.877575, 37.138175], [136.877871, 37.138251], [136.877685, 37.138594], [136.87725, 37.138919], [136.876461, 37.139324], [136.876379, 37.139267], [136.874842, 37.140586], [136.875468, 37.141216], [136.875358, 37.14172], [136.875909, 37.14244], [136.875729, 37.142591], [136.876054, 37.144357], [136.875341, 37.144507], [136.874453, 37.144135], [136.873733, 37.144549], [136.873489, 37.144893], [136.872816, 37.144931], [136.872909, 37.145416], [136.873298, 37.145594], [136.873101, 37.145675], [136.87317, 37.145835], [136.874018, 37.146644], [136.876089, 37.146098], [136.876356, 37.146352], [136.876565, 37.146352], [136.876681, 37.146771], [136.8774, 37.147252], [136.877609, 37.14768], [136.877992, 37.147647], [136.879199, 37.147873], [136.879744, 37.148226], [136.87834, 37.149554], [136.878084, 37.150514], [136.878613, 37.150905], [136.878833, 37.150919], [136.879483, 37.151663], [136.879564, 37.152374], [136.879448, 37.152383], [136.879338, 37.153023], [136.879552, 37.153631], [136.879831, 37.153894], [136.880446, 37.154144], [136.8808, 37.154483], [136.880904, 37.154761], [136.880649, 37.156017], [136.880898, 37.15686], [136.881084, 37.156818], [136.881409, 37.157044], [136.881345, 37.157152], [136.882268, 37.157557], [136.882865, 37.158564], [136.882961, 37.160307], [136.88272, 37.161262], [136.883033, 37.162057], [136.883261, 37.162028], [136.883564, 37.16243], [136.883548, 37.162768], [136.883353, 37.162806], [136.883805, 37.163912], [136.883973, 37.164162], [136.884403, 37.164364], [136.884594, 37.164209], [136.884919, 37.164167], [136.885151, 37.16428], [136.884849, 37.164708], [136.885267, 37.164873], [136.88641, 37.164576], [136.887896, 37.165537], [136.888446, 37.165438], [136.88836, 37.165311], [136.888509, 37.165162], [136.888798, 37.165165], [136.888934, 37.165443], [136.889761, 37.165784], [136.889796, 37.165987], [136.889619, 37.166003], [136.889154, 37.166709], [136.889096, 37.16814], [136.889119, 37.168437], [136.889566, 37.16838], [136.889665, 37.168701], [136.889119, 37.168817], [136.889121, 37.16893], [136.888134, 37.169073], [136.887941, 37.169299], [136.886831, 37.169155], [136.886545, 37.16936], [136.886281, 37.169894], [136.886052, 37.169999], [136.885717, 37.17006], [136.883837, 37.169908], [136.883638, 37.1702], [136.883663, 37.170814], [136.882956, 37.172012], [136.882521, 37.173824], [136.882397, 37.173924], [136.881249, 37.173924], [136.880591, 37.173743], [136.879809, 37.173884], [136.879617, 37.174297], [136.879611, 37.174931], [136.878203, 37.17635], [136.877309, 37.176587], [136.877005, 37.177045], [136.87631, 37.177231], [136.876124, 37.177629], [136.875137, 37.177971], [136.873691, 37.178182], [136.873319, 37.178409], [136.873145, 37.178701], [136.871804, 37.179368], [136.870707, 37.178998], [136.87002, 37.178453], [136.869595, 37.178367], [136.869279, 37.178721], [136.869229, 37.179546], [136.868898, 37.179648], [136.868568, 37.179603], [136.867681, 37.179042], [136.867625, 37.178595], [136.867149, 37.178156], [136.866173, 37.177611], [136.86524, 37.17764], [136.86491, 37.177489], [136.864163, 37.176342], [136.863472, 37.175855], [136.861011, 37.175972], [136.86028, 37.176135], [136.858035, 37.175997], [136.85772, 37.175948], [136.856402, 37.174924], [136.855415, 37.175135], [136.855254, 37.175936], [136.854678, 37.176696], [136.854478, 37.178082], [136.853511, 37.179631], [136.853405, 37.180884], [136.855194, 37.181131], [136.855454, 37.181339], [136.855409, 37.181888], [136.854693, 37.182026], [136.854102, 37.182579], [136.852754, 37.18253], [136.851922, 37.183315], [136.85109, 37.183758], [136.850975, 37.183941], [136.850965, 37.184502], [136.850754, 37.185148], [136.85101, 37.185762], [136.851371, 37.186099], [136.851821, 37.186868], [136.851987, 37.188437], [136.851651, 37.189771], [136.850268, 37.190531], [136.849988, 37.190807], [136.850008, 37.191498], [136.850458, 37.192076], [136.850108, 37.192649], [136.850003, 37.193121], [136.850068, 37.193982], [136.849767, 37.194527], [136.850168, 37.19521], [136.850879, 37.19569], [136.850959, 37.195865], [136.850208, 37.196531], [136.84903, 37.197227], [136.848494, 37.197942], [136.847838, 37.198292], [136.847126, 37.198365], [136.84444, 37.197991], [136.843578, 37.198296], [136.842396, 37.199031], [136.840402, 37.199336], [136.840041, 37.199255], [136.839464, 37.198657], [136.839069, 37.198576], [136.838858, 37.19871], [136.838798, 37.199341], [136.838282, 37.199259], [136.837139, 37.19945], [136.836804, 37.199584], [136.836313, 37.200084], [136.8352, 37.199954], [136.834639, 37.200592], [136.833737, 37.200917], [136.83274, 37.200332], [136.832374, 37.200279], [136.831287, 37.201039], [136.830625, 37.200942], [136.830275, 37.200442], [136.830074, 37.200373], [136.829027, 37.200421], [136.828862, 37.199645], [136.828471, 37.199425], [136.8281, 37.199429], [136.827128, 37.199726], [136.825129, 37.199714], [136.82339, 37.199868], [136.823109, 37.199368], [136.823069, 37.198734], [136.822919, 37.19847], [136.821673, 37.198316]]], [[[136.901538, 37.147764], [136.901801, 37.146979], [136.902064, 37.146866], [136.902997, 37.145409], [136.904218, 37.145365], [136.904466, 37.145477], [136.904555, 37.146154], [136.904451, 37.146154], [136.904436, 37.146464], [136.905641, 37.14683], [136.906341, 37.145554], [136.906366, 37.145031], [136.905671, 37.144499], [136.905607, 37.143996], [136.905294, 37.143907], [136.904788, 37.14468], [136.904083, 37.14464], [136.903776, 37.144511], [136.903726, 37.144197], [136.903895, 37.143662], [136.903806, 37.142865], [136.902848, 37.141907], [136.901945, 37.141411], [136.901985, 37.140646], [136.902561, 37.140163], [136.903369, 37.140047], [136.90461, 37.140321], [136.904843, 37.139721], [136.905582, 37.139092], [136.906208, 37.138948], [136.906614, 37.138493], [136.906401, 37.138191], [136.906654, 37.137724], [136.905726, 37.137406], [136.905671, 37.137293], [136.905791, 37.135703], [136.906456, 37.135107], [136.906515, 37.134886], [136.906803, 37.134733], [136.906848, 37.134471], [136.906238, 37.134246], [136.906089, 37.133859], [136.906228, 37.133549], [136.906903, 37.133296], [136.907904, 37.133207], [136.908421, 37.133014], [136.909219, 37.132225], [136.909463, 37.132124], [136.910073, 37.132156], [136.912559, 37.133111], [136.912762, 37.133082], [136.912931, 37.13361], [136.914464, 37.133368], [136.914518, 37.13367], [136.914965, 37.133666], [136.915595, 37.132535], [136.916201, 37.13241], [136.916974, 37.132596], [136.917183, 37.132132], [136.917629, 37.132108], [136.917892, 37.13177], [136.918036, 37.131355], [136.917972, 37.130079], [136.918666, 37.129177], [136.918535, 37.129083], [136.918448, 37.128599], [136.91866, 37.12732], [136.918856, 37.127029], [136.918723, 37.126936], [136.918798, 37.126834], [136.918636, 37.126489], [136.919098, 37.126148], [136.919261, 37.12585], [136.920018, 37.125709], [136.920211, 37.125574], [136.920513, 37.125224], [136.920764, 37.124448], [136.923079, 37.123544], [136.924187, 37.123467], [136.924337, 37.123541], [136.924954, 37.123352], [136.925117, 37.123455], [136.925362, 37.123276], [136.926238, 37.123227], [136.927315, 37.123348], [136.928486, 37.123204], [136.928997, 37.122942], [136.92994, 37.12293], [136.93051, 37.122576], [136.931259, 37.122664], [136.93184, 37.122157], [136.931761, 37.122092], [136.932431, 37.121597], [136.932818, 37.120897], [136.933502, 37.120748], [136.934991, 37.119742], [136.93516, 37.118949], [136.935775, 37.117785], [136.935388, 37.117403], [136.935189, 37.117536], [136.93507, 37.117427], [136.936653, 37.115905], [136.936792, 37.115957], [136.937164, 37.115575], [136.938112, 37.116042], [136.938931, 37.115901], [136.940136, 37.114444], [136.940355, 37.114331], [136.940791, 37.113293], [136.940658, 37.112854], [136.94026, 37.112709], [136.939938, 37.111425], [136.940291, 37.110881], [136.940678, 37.111051], [136.941407, 37.109774], [136.942221, 37.110108], [136.942493, 37.10977], [136.941754, 37.109283], [136.942414, 37.108232], [136.942985, 37.108007], [136.943357, 37.106984], [136.943203, 37.106481], [136.943798, 37.106441], [136.943684, 37.105599], [136.942518, 37.105607], [136.942335, 37.104062], [136.942894, 37.103883], [136.943327, 37.104162], [136.943953, 37.103458], [136.944751, 37.103454], [136.945228, 37.102576], [136.946076, 37.101606], [136.945456, 37.101421], [136.945764, 37.100531], [136.946176, 37.100576], [136.946493, 37.098937], [136.946394, 37.098281], [136.946041, 37.098309], [136.945908, 37.096908], [136.945997, 37.096662], [136.945634, 37.096235], [136.945638, 37.095893], [136.945992, 37.095154], [136.946608, 37.094609], [136.946409, 37.093969], [136.945392, 37.093579], [136.945094, 37.093076], [136.944613, 37.092798], [136.945417, 37.092585], [136.945546, 37.092029], [136.945208, 37.091488], [136.945426, 37.09114], [136.945719, 37.091024], [136.94614, 37.091266], [136.946171, 37.091413], [136.946901, 37.091236], [136.948235, 37.092126], [136.948458, 37.092597], [136.949049, 37.092915], [136.949594, 37.093889], [136.950294, 37.094231], [136.950878, 37.094834], [136.950879, 37.09624], [136.951038, 37.097122], [136.951296, 37.097456], [136.952913, 37.098197], [136.952978, 37.098478], [136.954104, 37.098901], [136.9572, 37.101514], [136.95722, 37.101924], [136.957696, 37.102126], [136.958138, 37.101924], [136.958287, 37.101707], [136.959768, 37.101944], [136.959869, 37.102086], [136.960172, 37.102041], [136.960509, 37.102239], [136.96041, 37.102476], [136.960624, 37.102597], [136.960782, 37.102432], [136.961269, 37.102581], [136.961948, 37.103164], [136.962102, 37.102975], [136.962301, 37.102967], [136.962078, 37.103306], [136.962529, 37.103603], [136.962454, 37.103772], [136.962851, 37.103942], [136.963313, 37.103958], [136.963461, 37.104199], [136.965669, 37.10457], [136.967059, 37.103736], [136.967203, 37.103515], [136.967089, 37.103447], [136.967064, 37.102726], [136.968091, 37.102166], [136.968587, 37.100774], [136.968354, 37.09926], [136.968438, 37.098721], [136.969684, 37.097883], [136.969976, 37.097513], [136.970443, 37.097477], [136.970592, 37.097344], [136.970825, 37.097549], [136.970686, 37.097726], [136.9721, 37.098998], [136.972105, 37.099256], [136.972795, 37.099393], [136.973559, 37.09891], [136.973698, 37.099006], [136.97407, 37.098769], [136.975102, 37.097654], [136.975363, 37.096967], [136.975585, 37.096883], [136.975773, 37.097237], [136.976313, 37.097497], [136.976957, 37.098314], [136.976833, 37.098399], [136.977047, 37.098511], [136.977712, 37.099474], [136.978118, 37.100585], [136.978262, 37.101494], [136.978381, 37.103403], [136.978213, 37.103407], [136.978208, 37.103527], [136.978386, 37.103515], [136.978436, 37.104333], [136.979319, 37.104671], [136.980083, 37.105174], [136.979785, 37.105508], [136.979651, 37.105424], [136.979463, 37.105637], [136.97979, 37.106144], [136.980202, 37.106434], [136.980113, 37.106768], [136.981234, 37.107501], [136.982375, 37.107976], [136.982712, 37.10825], [136.982811, 37.108503], [136.984459, 37.110194], [136.986017, 37.111627], [136.986176, 37.111607], [136.986637, 37.112308], [136.986796, 37.1123], [136.987674, 37.113194], [136.988229, 37.113197], [136.990393, 37.114429], [136.991142, 37.114546], [136.991588, 37.114828], [136.991583, 37.115013], [136.991851, 37.115158], [136.992139, 37.11515], [136.992367, 37.115323], [136.99392, 37.117763], [136.995461, 37.118438], [136.995676, 37.118484], [136.995791, 37.118266], [136.996986, 37.118512], [136.998075, 37.118476], [136.999254, 37.118175], [137.000316, 37.117638], [137.000661, 37.117325], [136.999955, 37.117101], [136.999739, 37.11683], [137.000551, 37.116732], [137.000751, 37.116585], [137.000841, 37.116155], [137.000623, 37.115614], [137.001653, 37.114144], [137.002317, 37.113937], [137.003054, 37.112909], [137.004143, 37.112148], [137.004777, 37.112068], [137.006354, 37.112446], [137.006569, 37.112597], [137.006339, 37.112784], [137.006359, 37.112922], [137.005728, 37.113169], [137.005292, 37.113527], [137.005032, 37.114453], [137.004616, 37.114811], [137.005257, 37.116809], [137.005137, 37.117301], [137.005322, 37.11739], [137.004769, 37.118054], [137.004033, 37.118659], [137.004118, 37.118722], [137.003923, 37.119075], [137.00375, 37.119031], [137.003304, 37.120457], [137.004175, 37.120497], [137.004156, 37.119872], [137.003895, 37.119656], [137.004291, 37.119527], [137.004491, 37.119255], [137.004872, 37.119198], [137.005174, 37.119625], [137.00516, 37.12017], [137.005514, 37.120525], [137.005704, 37.120616], [137.006364, 37.120488], [137.006639, 37.120873], [137.007137, 37.120792], [137.007214, 37.120486], [137.006882, 37.119942], [137.006779, 37.119254], [137.006598, 37.119081], [137.00769, 37.117979], [137.007164, 37.117463], [137.006971, 37.117074], [137.007501, 37.116341], [137.007318, 37.115645], [137.007695, 37.115262], [137.008018, 37.115342], [137.008291, 37.115834], [137.009097, 37.115804], [137.009398, 37.116005], [137.009554, 37.115715], [137.009934, 37.115678], [137.010114, 37.115861], [137.010098, 37.116905], [137.010795, 37.117533], [137.011603, 37.117881], [137.012878, 37.117487], [137.013383, 37.116936], [137.013203, 37.116737], [137.012888, 37.116749], [137.012283, 37.115999], [137.012463, 37.115727], [137.012358, 37.115281], [137.012038, 37.115085], [137.011603, 37.114011], [137.011084, 37.113362], [137.012153, 37.11247], [137.012578, 37.112503], [137.012823, 37.112393], [137.013463, 37.112584], [137.014163, 37.112535], [137.014318, 37.111922], [137.015232, 37.112028], [137.015272, 37.112255], [137.015612, 37.112178], [137.015792, 37.11232], [137.015912, 37.112202], [137.016051, 37.112419], [137.0164, 37.112591], [137.016493, 37.112497], [137.017159, 37.112638], [137.017374, 37.112581], [137.017932, 37.113023], [137.018268, 37.113078], [137.018168, 37.113964], [137.018469, 37.113965], [137.018327, 37.114342], [137.019309, 37.114416], [137.020536, 37.114206], [137.020408, 37.113481], [137.020762, 37.113071], [137.020561, 37.112342], [137.020728, 37.11208], [137.021101, 37.111959], [137.021308, 37.111425], [137.021754, 37.111207], [137.022096, 37.111393], [137.022574, 37.111306], [137.023157, 37.111526], [137.023622, 37.113493], [137.024094, 37.113974], [137.024599, 37.114907], [137.025225, 37.115215], [137.026146, 37.116208], [137.027181, 37.116682], [137.027751, 37.116271], [137.028044, 37.116242], [137.028256, 37.115993], [137.028631, 37.116207], [137.029674, 37.116084], [137.02967, 37.11623], [137.030358, 37.116285], [137.030788, 37.116463], [137.031502, 37.117117], [137.032177, 37.117434], [137.032389, 37.117444], [137.032968, 37.117039], [137.033563, 37.117116], [137.033904, 37.116998], [137.034098, 37.117367], [137.03498, 37.11781], [137.036185, 37.117736], [137.036752, 37.117928], [137.037628, 37.117818], [137.037906, 37.117643], [137.038466, 37.117964], [137.040064, 37.117566], [137.04014, 37.117377], [137.040476, 37.117232], [137.041101, 37.117141], [137.042369, 37.117912], [137.042916, 37.118453], [137.042849, 37.118755], [137.043019, 37.11897], [137.043852, 37.11976], [137.044375, 37.119901], [137.045036, 37.119827], [137.045111, 37.119639], [137.045703, 37.119615], [137.046015, 37.119817], [137.045943, 37.120269], [137.04634, 37.120277], [137.047293, 37.121043], [137.048129, 37.121292], [137.048737, 37.121296], [137.048754, 37.121652], [137.048973, 37.121916], [137.048752, 37.122044], [137.050038, 37.123082], [137.050052, 37.123343], [137.049018, 37.123987], [137.048902, 37.123914], [137.048559, 37.124094], [137.048056, 37.124089], [137.047507, 37.125916], [137.047998, 37.12655], [137.049766, 37.125758], [137.050256, 37.129275], [137.049011, 37.130313], [137.045122, 37.130986], [137.044477, 37.130852], [137.044107, 37.131161], [137.044527, 37.131789], [137.044533, 37.132179], [137.043523, 37.133217], [137.043578, 37.133756], [137.043328, 37.134129], [137.042813, 37.134527], [137.042763, 37.135269], [137.042598, 37.135646], [137.042148, 37.135865], [137.042083, 37.136165], [137.041713, 37.136311], [137.041448, 37.136287], [137.041108, 37.13679], [137.041343, 37.136981], [137.041263, 37.137354], [137.041378, 37.137524], [137.041268, 37.13769], [137.040658, 37.137828], [137.040538, 37.138781], [137.040988, 37.13885], [137.040903, 37.139491], [137.041238, 37.140481], [137.042817, 37.141953], [137.043317, 37.142894], [137.043892, 37.143097], [137.043802, 37.143652], [137.043936, 37.143952], [137.043152, 37.144419], [137.044316, 37.145202], [137.044243, 37.145665], [137.047875, 37.148341], [137.048465, 37.148552], [137.048783, 37.148374], [137.04895, 37.148702], [137.050774, 37.149335], [137.052898, 37.149148], [137.05332, 37.148353], [137.053901, 37.148578], [137.054134, 37.148446], [137.054266, 37.148767], [137.054163, 37.149279], [137.05347, 37.150123], [137.053578, 37.150531], [137.053323, 37.150945], [137.053019, 37.151016], [137.052827, 37.150916], [137.052509, 37.151537], [137.051378, 37.152264], [137.051064, 37.152316], [137.0509, 37.152199], [137.050168, 37.152825], [137.050374, 37.153058], [137.050114, 37.153269], [137.049574, 37.153079], [137.049069, 37.153735], [137.048999, 37.153979], [137.049584, 37.154401], [137.049454, 37.156254], [137.050434, 37.156307], [137.050419, 37.156453], [137.050714, 37.156457], [137.050969, 37.154149], [137.051124, 37.154165], [137.050809, 37.157414], [137.049094, 37.157998], [137.048949, 37.158205], [137.048619, 37.158229], [137.048139, 37.158055], [137.047564, 37.158331], [137.046245, 37.158306], [137.04599, 37.158789], [137.045045, 37.159288], [137.0451, 37.159628], [137.044655, 37.159989], [137.044461, 37.160756], [137.044965, 37.161154], [137.0452, 37.161036], [137.045455, 37.16145], [137.04512, 37.161616], [137.045075, 37.161957], [137.04527, 37.162995], [137.045675, 37.163348], [137.04459, 37.163628], [137.043746, 37.163607], [137.043101, 37.164122], [137.041516, 37.166446], [137.040941, 37.16645], [137.040776, 37.167927], [137.039936, 37.168081], [137.039411, 37.167764], [137.037707, 37.168105], [137.036922, 37.168069], [137.036392, 37.167882], [137.036252, 37.167979], [137.035733, 37.167813], [137.035553, 37.166795], [137.035023, 37.166665], [137.034108, 37.167079], [137.034068, 37.166913], [137.033583, 37.16673], [137.033154, 37.166329], [137.032744, 37.165473], [137.032524, 37.1654], [137.032149, 37.164791], [137.032494, 37.163871], [137.032024, 37.163603], [137.031804, 37.16385], [137.031174, 37.163607], [137.031264, 37.163368], [137.031024, 37.163193], [137.030954, 37.162942], [137.030369, 37.162573], [137.03019, 37.162686], [137.02985, 37.162479], [137.029945, 37.162346], [137.029315, 37.161701], [137.02887, 37.161733], [137.02848, 37.161616], [137.02802, 37.16121], [137.027925, 37.160873], [137.028115, 37.160764], [137.027511, 37.16009], [137.027301, 37.159296], [137.025926, 37.158874], [137.025596, 37.158898], [137.025541, 37.158472], [137.025986, 37.157774], [137.025716, 37.157604], [137.026006, 37.157243], [137.025516, 37.156801], [137.025806, 37.1564], [137.025351, 37.155763], [137.025241, 37.15526], [137.025786, 37.154992], [137.025021, 37.153784], [137.024617, 37.152842], [137.025206, 37.152502], [137.024787, 37.151841], [137.024822, 37.151516], [137.023087, 37.150214], [137.022693, 37.14976], [137.022643, 37.149326], [137.023098, 37.148998], [137.023448, 37.148235], [137.024087, 37.148328], [137.024457, 37.148049], [137.024387, 37.147643], [137.024092, 37.147501], [137.024012, 37.146804], [137.023602, 37.146536], [137.023677, 37.146004], [137.024197, 37.145132], [137.023413, 37.144439], [137.023537, 37.144342], [137.023183, 37.143798], [137.022883, 37.143745], [137.022673, 37.143506], [137.022428, 37.14366], [137.022043, 37.143076], [137.022218, 37.142942], [137.022063, 37.142877], [137.022043, 37.142342], [137.020209, 37.142431], [137.019514, 37.143246], [137.018604, 37.143794], [137.017844, 37.14379], [137.017262, 37.144325], [137.016374, 37.144418], [137.016055, 37.144246], [137.01581, 37.143745], [137.015439, 37.143669], [137.014395, 37.143575], [137.01417, 37.143615], [137.013886, 37.143895], [137.013454, 37.143962], [137.013676, 37.143583], [137.01445, 37.143311], [137.01517, 37.14235], [137.01511, 37.141904], [137.01475, 37.141381], [137.013751, 37.140772], [137.012266, 37.141157], [137.012116, 37.140796], [137.011096, 37.141056], [137.011056, 37.140954], [137.010571, 37.141157], [137.010411, 37.141819], [137.009352, 37.142386], [137.008907, 37.142954], [137.008682, 37.143007], [137.008177, 37.142297], [137.008496, 37.141283], [137.008032, 37.140159], [137.008042, 37.139413], [137.007848, 37.139352], [137.008068, 37.137235], [137.007098, 37.136023], [137.004683, 37.135203], [137.00079, 37.134842], [137.000835, 37.135138], [137.00016, 37.13528], [137.000035, 37.136408], [137.000355, 37.136254], [137.000389, 37.13685], [137.000544, 37.13685], [137.000629, 37.137994], [137.00018, 37.138136], [137.00019, 37.138598], [136.999835, 37.138979], [136.9982, 37.139279], [136.996788, 37.139715], [136.995691, 37.139477], [136.995508, 37.139622], [136.993999, 37.138914], [136.991692, 37.140057], [136.990898, 37.140927], [136.988953, 37.142271], [136.988894, 37.142497], [136.989216, 37.143269], [136.988983, 37.14337], [136.989176, 37.14395], [136.988819, 37.145661], [136.988754, 37.14705], [136.987985, 37.14897], [136.987236, 37.149867], [136.986948, 37.150459], [136.986546, 37.15052], [136.986481, 37.150975], [136.98537, 37.151091], [136.983128, 37.150012], [136.982125, 37.149811], [136.981927, 37.149888], [136.981316, 37.149159], [136.980682, 37.147851], [136.979863, 37.147001], [136.979089, 37.146751], [136.978424, 37.146816], [136.977983, 37.147021], [136.977506, 37.147665], [136.976702, 37.149465], [136.974817, 37.150826], [136.97342, 37.152851], [136.972106, 37.153604], [136.97079, 37.154024], [136.970651, 37.153984], [136.970561, 37.154145], [136.970356, 37.154097], [136.970022, 37.154294], [136.968862, 37.154561], [136.968277, 37.15496], [136.967479, 37.155293], [136.967307, 37.155151], [136.967262, 37.154571], [136.967945, 37.153559], [136.967959, 37.153015], [136.968406, 37.152407], [136.968575, 37.151614], [136.968381, 37.150857], [136.968476, 37.150793], [136.968317, 37.150527], [136.967955, 37.150177], [136.967221, 37.149919], [136.966744, 37.149606], [136.966652, 37.148999], [136.966874, 37.148312], [136.967676, 37.147387], [136.968521, 37.147013], [136.969587, 37.146876], [136.97057, 37.146437], [136.973224, 37.145], [136.973343, 37.145028], [136.976038, 37.143185], [136.975998, 37.142947], [136.977467, 37.141655], [136.977412, 37.141144], [136.97775, 37.140705], [136.977249, 37.140367], [136.977283, 37.140193], [136.977045, 37.139988], [136.976068, 37.139896], [136.974837, 37.141232], [136.973259, 37.142246], [136.972679, 37.142955], [136.971954, 37.143575], [136.968908, 37.144718], [136.967464, 37.144952], [136.965313, 37.145709], [136.965261, 37.145863], [136.965013, 37.146018], [136.964857, 37.145983], [136.964807, 37.146151], [136.964641, 37.146143], [136.964494, 37.146366], [136.963533, 37.146908], [136.962931, 37.146705], [136.962838, 37.146147], [136.963117, 37.14496], [136.963683, 37.143937], [136.963028, 37.143209], [136.961574, 37.142612], [136.961539, 37.142484], [136.96083, 37.142629], [136.959991, 37.143187], [136.957943, 37.143303], [136.95714, 37.14352], [136.956538, 37.14317], [136.95528, 37.143187], [136.954971, 37.143688], [136.954047, 37.144449], [136.953627, 37.144474], [136.953293, 37.14435], [136.952738, 37.144549], [136.952564, 37.144457], [136.952407, 37.144517], [136.951776, 37.144218], [136.951695, 37.143672], [136.952279, 37.142719], [136.952333, 37.142331], [136.951676, 37.141989], [136.950165, 37.141622], [136.949856, 37.141402], [136.949663, 37.140004], [136.949787, 37.138914], [136.948913, 37.138667], [136.947533, 37.13917], [136.946689, 37.139887], [136.946248, 37.139963], [136.946193, 37.140068], [136.945464, 37.14004], [136.944174, 37.140696], [136.944511, 37.141722], [136.94463, 37.142705], [136.944759, 37.142692], [136.944779, 37.142898], [136.94465, 37.142918], [136.944948, 37.144665], [136.943509, 37.146203], [136.942948, 37.146062], [136.942273, 37.146207], [136.942209, 37.146098], [136.941425, 37.146332], [136.940894, 37.146167], [136.940388, 37.146199], [136.940041, 37.146102], [136.939272, 37.145515], [136.938577, 37.144653], [136.938294, 37.144005], [136.938299, 37.1432], [136.939113, 37.142036], [136.939669, 37.140772], [136.939123, 37.140245], [136.938944, 37.139854], [136.936275, 37.139226], [136.935412, 37.137773], [136.935293, 37.137801], [136.935099, 37.137056], [136.934668, 37.137052], [136.934345, 37.138502], [136.934211, 37.138542], [136.934171, 37.138981], [136.934033, 37.138973], [136.933844, 37.139774], [136.933373, 37.140305], [136.933451, 37.140458], [136.93327, 37.140617], [136.93303, 37.140637], [136.932961, 37.140426], [136.932618, 37.140329], [136.932519, 37.140164], [136.932534, 37.139202], [136.932256, 37.138707], [136.931839, 37.13855], [136.930852, 37.137664], [136.930907, 37.136215], [136.931607, 37.134641], [136.931468, 37.134572], [136.931924, 37.133928], [136.931661, 37.133578], [136.930966, 37.133602], [136.930614, 37.133932], [136.930505, 37.133876], [136.930376, 37.133474], [136.930564, 37.13291], [136.930153, 37.132628], [136.929701, 37.132636], [136.929359, 37.13297], [136.928997, 37.132938], [136.928456, 37.131984], [136.928044, 37.131746], [136.928074, 37.131601], [136.927851, 37.131593], [136.927563, 37.132314], [136.926531, 37.133836], [136.926263, 37.133924], [136.925494, 37.133586], [136.925325, 37.133043], [136.925509, 37.132165], [136.925231, 37.13196], [136.925395, 37.131332], [136.925682, 37.131223], [136.925593, 37.130277], [136.924779, 37.130168], [136.924422, 37.130675], [136.924149, 37.130776], [136.923856, 37.130369], [136.923341, 37.130333], [136.922026, 37.132414], [136.922045, 37.13268], [136.92277, 37.133195], [136.922785, 37.134774], [136.922968, 37.135172], [136.922666, 37.135466], [136.922209, 37.136436], [136.922244, 37.136758], [136.922541, 37.136947], [136.922884, 37.1389], [136.922735, 37.139383], [136.923067, 37.140031], [136.922998, 37.141666], [136.923762, 37.141815], [136.924526, 37.142435], [136.926044, 37.143039], [136.926213, 37.143332], [136.926599, 37.143501], [136.926545, 37.144045], [136.926677, 37.144197], [136.926455, 37.144486], [136.926054, 37.144431], [136.925161, 37.144604], [136.924883, 37.144697], [136.92459, 37.144999], [136.92397, 37.145848], [136.924134, 37.146971], [136.923867, 37.147205], [136.923639, 37.147154], [136.923578, 37.146814], [136.923393, 37.146801], [136.923374, 37.146271], [136.922645, 37.145957], [136.919638, 37.147583], [136.919097, 37.148058], [136.917857, 37.148566], [136.91742, 37.148368], [136.917153, 37.148855], [136.917569, 37.149101], [136.917524, 37.14927], [136.916954, 37.149685], [136.916041, 37.149991], [136.915753, 37.150598], [136.916487, 37.151327], [136.916254, 37.152225], [136.91657, 37.152873], [136.916271, 37.153176], [136.916003, 37.153216], [136.915698, 37.153098], [136.915281, 37.153203], [136.914939, 37.153521], [136.914919, 37.153759], [136.914567, 37.15394], [136.913758, 37.154064], [136.913098, 37.154507], [136.912597, 37.154463], [136.911371, 37.154966], [136.910647, 37.154861], [136.910384, 37.15396], [136.910642, 37.153553], [136.911317, 37.153279], [136.911501, 37.153074], [136.911163, 37.151943], [136.910608, 37.151681], [136.909005, 37.151697], [136.908598, 37.151476], [136.908355, 37.150554], [136.908097, 37.150526], [136.908355, 37.14968], [136.908122, 37.14966], [136.908142, 37.149221], [136.908033, 37.149205], [136.907874, 37.149419], [136.907968, 37.149439], [136.907849, 37.150192], [136.907467, 37.150763], [136.907194, 37.150699], [136.907021, 37.150807], [136.906738, 37.150695], [136.90647, 37.150852], [136.906569, 37.150952], [136.906098, 37.151528], [136.905914, 37.151431], [136.905765, 37.151737], [136.906038, 37.15249], [136.907104, 37.153581], [136.906936, 37.153968], [136.906489, 37.154012], [136.905467, 37.153126], [136.905363, 37.152699], [136.904951, 37.152337], [136.904832, 37.151601], [136.904475, 37.151375], [136.903334, 37.151737], [136.903091, 37.151636], [136.902778, 37.151934], [136.901796, 37.152264], [136.901575, 37.152163], [136.902277, 37.150211], [136.902347, 37.149495], [136.902257, 37.148525], [136.901672, 37.148042], [136.901538, 37.147764]]], [[[136.889228, 37.167868], [136.889299, 37.167811], [136.889378, 37.167857], [136.889228, 37.167868]]], [[[136.889375, 37.167697], [136.889538, 37.16766], [136.889425, 37.167764], [136.889375, 37.167697]]], [[[136.986278, 37.163903], [136.986452, 37.163551], [136.987204, 37.163391], [136.987323, 37.162925], [136.987468, 37.162905], [136.987762, 37.163334], [136.987536, 37.1639], [136.987298, 37.164066], [136.987127, 37.164762], [136.986766, 37.164576], [136.986278, 37.163903]]], [[[136.987234, 37.164588], [136.987328, 37.164499], [136.987303, 37.164685], [136.987234, 37.164588]]], [[[136.987288, 37.164301], [136.987438, 37.164212], [136.987393, 37.16435], [136.987288, 37.164301]]], [[[136.987665, 37.163038], [136.987711, 37.163002], [136.98776, 37.163062], [136.987665, 37.163038]]], [[[136.986891, 37.162327], [136.987114, 37.161681], [136.987333, 37.161488], [136.987431, 37.161532], [136.987816, 37.161066], [136.988179, 37.161591], [136.988431, 37.161875], [136.988311, 37.162099], [136.987197, 37.162557], [136.986891, 37.162327]]], [[[136.988709, 37.161898], [136.988983, 37.161654], [136.989175, 37.161851], [136.989073, 37.161961], [136.988923, 37.161839], [136.988709, 37.161898]]], [[[136.988481, 37.161812], [136.988614, 37.161759], [136.988647, 37.161832], [136.988481, 37.161812]]], [[[136.989107, 37.161698], [136.989159, 37.161656], [136.989239, 37.16174], [136.989107, 37.161698]]], [[[136.988268, 37.161677], [136.988305, 37.161636], [136.988425, 37.161698], [136.988344, 37.161734], [136.988284, 37.161704], [136.988268, 37.161677]]], [[[136.98906, 37.161303], [136.989153, 37.161252], [136.989136, 37.161303], [136.98906, 37.161303]]], [[[136.98917, 37.161126], [136.989313, 37.161084], [136.989239, 37.161164], [136.98917, 37.161126]]], [[[136.988508, 37.161092], [136.988858, 37.16093], [136.989078, 37.160954], [136.989003, 37.161154], [136.988508, 37.161092]]], [[[136.989193, 37.160912], [136.989285, 37.160815], [136.989273, 37.16095], [136.989193, 37.160912]]], [[[136.988889, 37.160852], [136.988987, 37.16081], [136.988924, 37.160871], [136.988889, 37.160852]]], [[[136.983037, 37.158506], [136.983044, 37.158009], [136.983324, 37.157773], [136.983589, 37.157924], [136.983568, 37.158132], [136.98322, 37.158674], [136.98307, 37.158702], [136.983037, 37.158506]]], [[[136.904509, 37.158011], [136.904592, 37.157776], [136.904826, 37.157682], [136.904891, 37.157813], [136.904703, 37.15814], [136.904509, 37.158011]]], [[[136.904887, 37.158096], [136.904997, 37.158071], [136.904948, 37.158151], [136.904887, 37.158096]]], [[[136.983609, 37.15781], [136.983812, 37.157813], [136.983734, 37.157891], [136.983609, 37.15781]]], [[[136.983388, 37.157673], [136.983453, 37.157631], [136.983543, 37.157739], [136.983388, 37.157673]]], [[[136.912537, 37.157668], [136.912612, 37.15737], [136.912876, 37.157367], [136.912846, 37.157599], [136.912638, 37.157727], [136.912537, 37.157668]]], [[[136.983425, 37.157255], [136.983489, 37.157299], [136.983475, 37.157407], [136.983425, 37.157255]]], [[[136.994491, 37.156953], [136.994598, 37.156946], [136.994644, 37.157045], [136.994491, 37.156953]]], [[[136.99394, 37.156665], [136.993988, 37.156574], [136.994018, 37.156741], [136.99394, 37.156665]]], [[[136.911544, 37.156537], [136.911721, 37.156572], [136.911645, 37.156622], [136.911544, 37.156537]]], [[[136.912529, 37.156509], [136.912751, 37.156484], [136.912689, 37.156607], [136.912529, 37.156509]]], [[[136.916912, 37.156067], [136.91702, 37.156002], [136.917364, 37.156274], [136.917266, 37.156589], [136.917061, 37.156481], [136.917103, 37.156296], [136.916912, 37.156067]]], [[[136.994161, 37.15647], [136.994211, 37.156411], [136.994354, 37.156504], [136.994161, 37.15647]]], [[[136.982246, 37.155554], [136.982651, 37.154965], [136.982789, 37.154985], [136.982977, 37.155617], [136.982844, 37.155954], [136.982402, 37.156128], [136.982246, 37.155554]]], [[[136.993418, 37.155644], [136.993541, 37.155641], [136.993483, 37.155715], [136.993418, 37.155644]]], [[[136.916231, 37.155631], [136.916321, 37.155621], [136.916321, 37.15568], [136.916231, 37.155631]]], [[[136.915899, 37.155577], [136.915929, 37.155509], [136.916014, 37.155563], [136.915899, 37.155577]]], [[[136.991873, 37.154593], [136.991969, 37.154322], [136.99294, 37.154331], [136.99311, 37.154427], [136.993215, 37.154677], [136.993072, 37.155032], [136.993398, 37.155368], [136.993395, 37.155544], [136.992799, 37.155491], [136.992049, 37.154925], [136.991873, 37.154593]]], [[[136.993464, 37.155421], [136.993571, 37.155436], [136.993559, 37.155504], [136.993464, 37.155421]]], [[[136.967456, 37.15543], [136.967551, 37.155421], [136.967486, 37.155485], [136.967456, 37.15543]]], [[[136.967693, 37.155302], [136.967761, 37.155268], [136.967773, 37.155353], [136.967693, 37.155302]]], [[[136.967884, 37.155249], [136.968017, 37.155222], [136.967961, 37.155294], [136.967884, 37.155249]]], [[[136.993311, 37.155151], [136.993411, 37.155176], [136.993464, 37.155284], [136.993311, 37.155151]]], [[[136.911115, 37.155104], [136.911275, 37.155076], [136.91115, 37.155157], [136.911115, 37.155104]]], [[[136.910857, 37.155095], [136.910979, 37.155104], [136.910906, 37.155155], [136.910857, 37.155095]]], [[[136.910725, 37.155027], [136.910801, 37.155011], [136.910784, 37.155084], [136.910725, 37.155027]]], [[[136.91054, 37.155044], [136.910578, 37.154991], [136.910641, 37.155027], [136.91054, 37.155044]]], [[[136.982685, 37.15483], [136.982776, 37.154735], [136.982826, 37.154833], [136.982685, 37.15483]]], [[[136.993326, 37.154754], [136.993426, 37.154757], [136.993342, 37.15481], [136.993326, 37.154754]]], [[[136.967095, 37.154659], [136.967216, 37.154649], [136.967169, 37.154712], [136.967095, 37.154659]]], [[[136.993201, 37.154509], [136.993308, 37.154478], [136.993265, 37.154546], [136.993201, 37.154509]]], [[[136.967139, 37.154438], [136.967226, 37.15439], [136.967234, 37.154454], [136.967139, 37.154438]]], [[[136.992242, 37.15423], [136.992425, 37.154211], [136.99236, 37.154277], [136.992242, 37.15423]]], [[[136.991974, 37.154214], [136.992097, 37.154211], [136.992054, 37.154261], [136.991974, 37.154214]]], [[[136.99257, 37.154239], [136.992681, 37.154208], [136.992635, 37.154258], [136.99257, 37.154239]]], [[[136.967268, 37.154212], [136.967342, 37.154195], [136.967316, 37.154251], [136.967268, 37.154212]]], [[[136.967441, 37.154006], [136.967522, 37.153987], [136.967474, 37.15405], [136.967441, 37.154006]]], [[[136.916402, 37.153926], [136.916512, 37.153924], [136.916429, 37.154005], [136.916402, 37.153926]]], [[[136.916101, 37.153367], [136.916209, 37.153298], [136.916201, 37.153383], [136.916101, 37.153367]]], [[[136.916374, 37.153309], [136.916485, 37.153244], [136.916496, 37.153358], [136.916374, 37.153309]]], [[[136.915638, 37.153318], [136.915793, 37.153313], [136.915652, 37.153372], [136.915638, 37.153318]]], [[[136.90524, 37.153225], [136.905362, 37.153228], [136.905327, 37.153276], [136.90524, 37.153225]]], [[[136.916565, 37.153014], [136.9167, 37.152976], [136.916669, 37.153038], [136.916565, 37.153014]]], [[[136.901589, 37.152309], [136.90167, 37.152332], [136.901634, 37.152355], [136.901589, 37.152309]]], [[[136.901459, 37.152198], [136.901561, 37.152229], [136.901497, 37.152261], [136.901459, 37.152198]]], [[[136.916356, 37.152036], [136.916432, 37.151969], [136.916419, 37.152075], [136.916356, 37.152036]]], [[[136.916559, 37.151499], [136.916653, 37.151468], [136.916622, 37.151541], [136.916559, 37.151499]]], [[[137.056139, 37.150657], [137.056487, 37.150576], [137.056356, 37.150854], [137.056139, 37.150657]]], [[[137.048951, 37.148234], [137.04923, 37.148121], [137.049109, 37.148336], [137.048951, 37.148234]]], [[[136.888639, 37.147503], [136.889203, 37.146955], [136.889538, 37.147301], [136.889517, 37.147551], [136.88907, 37.147935], [136.888804, 37.147917], [136.888639, 37.147503]]], [[[136.923793, 37.147342], [136.923923, 37.147285], [136.923884, 37.147378], [136.923793, 37.147342]]], [[[136.924296, 37.147182], [136.924441, 37.147123], [136.9244, 37.147209], [136.924296, 37.147182]]], [[[136.924216, 37.147037], [136.924322, 37.146992], [136.924317, 37.147064], [136.924216, 37.147037]]], [[[137.044285, 37.144224], [137.044463, 37.144054], [137.044678, 37.144046], [137.044769, 37.144161], [137.044479, 37.144281], [137.044285, 37.144224]]], [[[137.04417, 37.143599], [137.044379, 37.143504], [137.044508, 37.143629], [137.044219, 37.143732], [137.04417, 37.143599]]], [[[136.996313, 37.139825], [136.996396, 37.139774], [136.996454, 37.139872], [136.996313, 37.139825]]], [[[136.99582, 37.139754], [136.995891, 37.139713], [136.995916, 37.139781], [136.99582, 37.139754]]], [[[136.995586, 37.139716], [136.995674, 37.13971], [136.995611, 37.139774], [136.995586, 37.139716]]], [[[136.902729, 37.134207], [136.902826, 37.133935], [136.903068, 37.134324], [136.903753, 37.134683], [136.903988, 37.135488], [136.903891, 37.135609], [136.903705, 37.13563], [136.90355, 37.135483], [136.902729, 37.134207]]], [[[137.047833, 37.131232], [137.047945, 37.131234], [137.047874, 37.131276], [137.047833, 37.131232]]], [[[137.049405, 37.130857], [137.049568, 37.130635], [137.049866, 37.13072], [137.0497, 37.130985], [137.049405, 37.130857]]], [[[137.050388, 37.130834], [137.050591, 37.130624], [137.050573, 37.130872], [137.050388, 37.130834]]], [[[137.049605, 37.130247], [137.049759, 37.130211], [137.049847, 37.130396], [137.049677, 37.130404], [137.049605, 37.130247]]], [[[137.049979, 37.130038], [137.05012, 37.129926], [137.050306, 37.129992], [137.050173, 37.130144], [137.049979, 37.130038]]], [[[137.050051, 37.129645], [137.050347, 37.129607], [137.050401, 37.12974], [137.050149, 37.129833], [137.050051, 37.129645]]], [[[137.050182, 37.128139], [137.050544, 37.127629], [137.050925, 37.127669], [137.050963, 37.12797], [137.050793, 37.128351], [137.050513, 37.128473], [137.050182, 37.128139]]], [[[137.049874, 37.12617], [137.050099, 37.12604], [137.049966, 37.126232], [137.049874, 37.12617]]], [[[137.050219, 37.12363], [137.050408, 37.123433], [137.050577, 37.12354], [137.050458, 37.123697], [137.050219, 37.12363]]], [[[136.889544, 37.110392], [136.889691, 37.110333], [136.889661, 37.110411], [136.889544, 37.110392]]], [[[136.889794, 37.110299], [136.8899, 37.110253], [136.889913, 37.110364], [136.889794, 37.110299]]], [[[136.889505, 37.107963], [136.889926, 37.106952], [136.889793, 37.10601], [136.889833, 37.104239], [136.890378, 37.103582], [136.890604, 37.102956], [136.891968, 37.102886], [136.89203, 37.102583], [136.89164, 37.10214], [136.891228, 37.102115], [136.891095, 37.101944], [136.891313, 37.101501], [136.891625, 37.101514], [136.891851, 37.101773], [136.892093, 37.101602], [136.892334, 37.10164], [136.892638, 37.102089], [136.892445, 37.102541], [136.892139, 37.102696], [136.892061, 37.102949], [136.892544, 37.103803], [136.892505, 37.10484], [136.892848, 37.105846], [136.89256, 37.106452], [136.892684, 37.107142], [136.892536, 37.107742], [136.892638, 37.108122], [136.89256, 37.108615], [136.892443, 37.10871], [136.891632, 37.108672], [136.89111, 37.108463], [136.890503, 37.10864], [136.890097, 37.109032], [136.889824, 37.109057], [136.889544, 37.108956], [136.889505, 37.107963]]], [[[137.056982, 37.108536], [137.057158, 37.108306], [137.057429, 37.108239], [137.057697, 37.10836], [137.057824, 37.108651], [137.057662, 37.108879], [137.057143, 37.10896], [137.056982, 37.108536]]], [[[136.997563, 37.108225], [136.997671, 37.107855], [136.997854, 37.107722], [136.998168, 37.107683], [136.998362, 37.107809], [136.998345, 37.108155], [136.997954, 37.108469], [136.997636, 37.108441], [136.997563, 37.108225]]], [[[137.059282, 37.107892], [137.059464, 37.10777], [137.05959, 37.107816], [137.059508, 37.108031], [137.059282, 37.107892]]], [[[137.059567, 37.107602], [137.059725, 37.107449], [137.059782, 37.107725], [137.059567, 37.107602]]], [[[136.85978, 37.105597], [136.859998, 37.105162], [136.860246, 37.105123], [136.862201, 37.105901], [136.862484, 37.106151], [136.85992, 37.105703], [136.85978, 37.105597]]], [[[136.992662, 37.104667], [136.993131, 37.1046], [136.993305, 37.104117], [136.993503, 37.10403], [136.99383, 37.104216], [136.993894, 37.104759], [136.994522, 37.105103], [136.994198, 37.105452], [136.993741, 37.105588], [136.992982, 37.105302], [136.992662, 37.104667]]], [[[136.995364, 37.104827], [136.995604, 37.104636], [136.995768, 37.104788], [136.995552, 37.104946], [136.995364, 37.104827]]], [[[136.993075, 37.10205], [136.99317, 37.101772], [136.993406, 37.102125], [136.993159, 37.102196], [136.993075, 37.10205]]], [[[136.888711, 37.073975], [136.888781, 37.073555], [136.889208, 37.073783], [136.889185, 37.074489], [136.889044, 37.074501], [136.888711, 37.073975]]], [[[136.992439, 37.073375], [136.992604, 37.073303], [136.992479, 37.073164], [136.992573, 37.07308], [136.993046, 37.07311], [136.992991, 37.073287], [136.992743, 37.073326], [136.993434, 37.073511], [136.993574, 37.073695], [136.993305, 37.073774], [136.992834, 37.073677], [136.992439, 37.073375]]], [[[136.888923, 37.073461], [136.889121, 37.073041], [136.889209, 37.073622], [136.88899, 37.073607], [136.888923, 37.073461]]], [[[136.986093, 37.070823], [136.986173, 37.07072], [136.986326, 37.070752], [136.986429, 37.070935], [136.986247, 37.070999], [136.986093, 37.070823]]], [[[136.985898, 37.070941], [136.985962, 37.070893], [136.986021, 37.070967], [136.985898, 37.070941]]], [[[136.9859, 37.070751], [136.985987, 37.070566], [136.986021, 37.070736], [136.9859, 37.070751]]], [[[136.986128, 37.070536], [136.9862, 37.070533], [136.986178, 37.070576], [136.986128, 37.070536]]], [[[136.985947, 37.070449], [136.986026, 37.070453], [136.986019, 37.070489], [136.985947, 37.070449]]], [[[137.052762, 37.065293], [137.052965, 37.065125], [137.053237, 37.065143], [137.053183, 37.065294], [137.052899, 37.065422], [137.052762, 37.065293]]], [[[137.052709, 37.064989], [137.052865, 37.064811], [137.053141, 37.06481], [137.053087, 37.064952], [137.052709, 37.064989]]], [[[137.052963, 37.064642], [137.053185, 37.064429], [137.053317, 37.064468], [137.053167, 37.06468], [137.052963, 37.064642]]], [[[137.052666, 37.062478], [137.052805, 37.062344], [137.053061, 37.062435], [137.052842, 37.062569], [137.052666, 37.062478]]], [[[137.049423, 37.05063], [137.049516, 37.050545], [137.049623, 37.050649], [137.049584, 37.050882], [137.049423, 37.05063]]], [[[137.047746, 37.046072], [137.047997, 37.04612], [137.048013, 37.046444], [137.047794, 37.046297], [137.047746, 37.046072]]], [[[137.047783, 37.045255], [137.047885, 37.045147], [137.048082, 37.045229], [137.048183, 37.045415], [137.048095, 37.045578], [137.047848, 37.045484], [137.047783, 37.045255]]], [[[137.047384, 37.044796], [137.047474, 37.044654], [137.047746, 37.045008], [137.047479, 37.044959], [137.047384, 37.044796]]], [[[137.047114, 37.043673], [137.047272, 37.043516], [137.047309, 37.043793], [137.047114, 37.043673]]], [[[137.04612, 37.03724], [137.0462, 37.037058], [137.046468, 37.037047], [137.046296, 37.037339], [137.04612, 37.03724]]], [[[137.046884, 37.007296], [137.04699, 37.007118], [137.047161, 37.00714], [137.047033, 37.007477], [137.046884, 37.007296]]], [[[137.04698, 37.006742], [137.047023, 37.006615], [137.047172, 37.006672], [137.047108, 37.006785], [137.04698, 37.006742]]], [[[137.047108, 37.00602], [137.047294, 37.005795], [137.0473, 37.006054], [137.047108, 37.00602]]], [[[137.04719, 37.005193], [137.047406, 37.005013], [137.047476, 37.005107], [137.047326, 37.005297], [137.04719, 37.005193]]], [[[137.053104, 36.99127], [137.05324, 36.99118], [137.053559, 36.991426], [137.053547, 36.991631], [137.053342, 36.991612], [137.053246, 36.991854], [137.053104, 36.99127]]]]}}, {"type": "Feature", "properties": {"pref_code": "17", "pref_name": "石川県", "municipality_code": "17203", "municipality_name": "小松市", "ward_name": "", "display_name": "小松市", "geometry_key": "17203"}, "geometry": {"type": "Polygon", "coordinates": [[[136.578424, 36.393876], [136.577884, 36.394184], [136.577389, 36.394945], [136.57609, 36.395374], [136.575026, 36.396436], [136.574681, 36.396636], [136.572783, 36.396656], [136.571451, 36.397114], [136.570614, 36.397074], [136.569928, 36.397823], [136.56879, 36.397994], [136.567866, 36.397997], [136.567089, 36.398586], [136.566701, 36.398733], [136.566212, 36.398649], [136.565523, 36.398174], [136.564485, 36.397698], [136.563414, 36.397546], [136.56329, 36.397429], [136.563304, 36.397052], [136.562959, 36.396237], [136.563003, 36.395257], [136.562885, 36.394692], [136.562685, 36.393986], [136.56246, 36.39372], [136.560807, 36.394159], [136.559491, 36.394227], [136.557851, 36.395517], [136.557195, 36.396609], [136.556388, 36.396503], [136.55596, 36.396571], [136.555458, 36.397128], [136.554923, 36.397383], [136.554323, 36.398171], [136.554213, 36.398518], [136.554273, 36.399303], [136.554089, 36.399607], [136.553373, 36.400099], [136.552753, 36.400197], [136.552091, 36.400604], [136.552101, 36.401019], [136.553162, 36.402122], [136.553279, 36.402581], [136.554491, 36.403496], [136.554772, 36.403977], [136.554574, 36.404403], [136.553701, 36.405175], [136.552736, 36.405818], [136.552178, 36.406581], [136.551809, 36.406486], [136.550805, 36.405797], [136.550591, 36.405894], [136.55029, 36.406307], [136.549279, 36.40666], [136.548897, 36.407345], [136.547903, 36.407029], [136.547404, 36.407032], [136.546514, 36.407572], [136.54556, 36.408366], [136.543733, 36.408558], [136.542999, 36.408884], [136.542193, 36.409452], [136.541721, 36.409362], [136.541534, 36.409492], [136.541169, 36.409335], [136.540891, 36.409359], [136.53992, 36.408895], [136.537651, 36.407271], [136.537273, 36.406448], [136.536272, 36.405889], [136.535927, 36.405169], [136.534628, 36.404392], [136.534253, 36.404398], [136.534156, 36.404699], [136.534418, 36.406358], [136.534193, 36.407065], [136.53428, 36.407203], [136.535027, 36.407377], [136.535181, 36.407743], [136.535532, 36.40792], [136.535596, 36.408126], [136.535328, 36.408746], [136.535462, 36.408884], [136.535937, 36.409139], [136.536252, 36.409492], [136.537329, 36.410017], [136.537775, 36.410793], [136.539412, 36.41129], [136.53982, 36.41182], [136.541065, 36.412159], [136.542016, 36.412724], [136.542926, 36.413064], [136.543324, 36.413436], [136.544258, 36.413499], [136.545922, 36.414685], [136.545985, 36.414962], [136.545778, 36.415144], [136.545313, 36.415196], [136.544114, 36.41459], [136.543575, 36.414816], [136.541581, 36.414902], [136.540861, 36.414813], [136.540463, 36.414976], [136.539803, 36.415706], [136.53913, 36.416124], [136.538866, 36.416687], [136.537922, 36.417007], [136.53817, 36.417586], [136.538069, 36.417852], [136.537011, 36.418085], [136.536222, 36.418476], [136.535522, 36.418544], [136.535157, 36.419302], [136.534498, 36.419603], [136.533537, 36.419696], [136.53366, 36.420742], [136.533506, 36.421098], [136.533009, 36.421405], [136.532568, 36.421992], [136.53228, 36.423159], [136.531783, 36.423694], [136.529725, 36.424108], [136.529476, 36.424275], [136.529234, 36.426429], [136.528132, 36.42749], [136.52638, 36.428768], [136.525985, 36.428927], [136.525017, 36.429036], [136.524059, 36.428996], [136.523638, 36.429482], [136.522958, 36.429184], [136.521758, 36.427527], [136.521294, 36.427497], [136.520258, 36.426887], [136.51979, 36.426988], [136.519136, 36.427585], [136.51877, 36.427619], [136.518348, 36.427102], [136.518218, 36.426434], [136.518022, 36.426187], [136.514279, 36.42598], [136.513717, 36.425892], [136.513426, 36.425548], [136.51305, 36.425407], [136.509402, 36.425208], [136.508666, 36.423505], [136.508496, 36.422773], [136.508091, 36.422614], [136.507212, 36.422444], [136.505097, 36.422542], [136.503639, 36.422372], [136.50089, 36.422329], [136.498778, 36.421515], [136.49688, 36.421429], [136.494002, 36.420119], [136.494277, 36.420594], [136.494051, 36.4208], [136.493756, 36.42061], [136.493566, 36.421032], [136.493611, 36.422123], [136.493001, 36.42447], [136.489417, 36.424607], [136.488674, 36.421631], [136.488602, 36.41986], [136.488055, 36.417704], [136.487604, 36.416497], [136.487253, 36.416369], [136.484463, 36.416124], [136.484025, 36.415906], [136.483673, 36.415507], [136.482909, 36.415581], [136.482318, 36.415909], [136.483909, 36.423938], [136.483612, 36.423886], [136.482828, 36.424014], [136.481678, 36.424214], [136.481254, 36.424481], [136.478732, 36.424819], [136.481734, 36.429911], [136.483599, 36.432737], [136.484118, 36.433947], [136.48413, 36.435085], [136.487468, 36.435072], [136.487683, 36.437673], [136.487626, 36.438764], [136.488068, 36.440379], [136.489106, 36.441326], [136.485073, 36.44038], [136.484787, 36.440233], [136.484483, 36.439629], [136.483462, 36.439793], [136.483179, 36.439983], [136.482731, 36.440981], [136.481973, 36.441957], [136.480508, 36.443388], [136.476785, 36.442271], [136.475747, 36.442807], [136.475533, 36.441885], [136.473845, 36.44208], [136.472566, 36.435584], [136.470223, 36.43541], [136.464434, 36.435761], [136.461316, 36.435461], [136.459601, 36.435116], [136.459594, 36.435269], [136.454718, 36.43506], [136.454585, 36.435193], [136.454133, 36.435087], [136.451726, 36.435017], [136.448928, 36.435062], [136.448693, 36.434836], [136.444101, 36.434977], [136.441917, 36.435729], [136.440654, 36.43348], [136.440797, 36.433405], [136.440215, 36.432411], [136.440246, 36.43214], [136.438173, 36.430573], [136.437808, 36.430523], [136.433005, 36.428349], [136.431167, 36.427229], [136.426303, 36.430251], [136.42608, 36.430056], [136.425983, 36.429684], [136.425355, 36.428692], [136.423209, 36.426822], [136.419459, 36.423853], [136.418099, 36.42298], [136.417765, 36.421188], [136.41596, 36.419729], [136.415226, 36.418678], [136.414359, 36.417977], [136.413844, 36.417258], [136.412135, 36.416041], [136.410559, 36.414492], [136.408724, 36.413098], [136.40356, 36.40853], [136.396746, 36.403429], [136.392449, 36.399678], [136.390582, 36.397786], [136.387065, 36.395139], [136.385245, 36.394102], [136.38345, 36.392359], [136.380313, 36.390227], [136.379382, 36.389252], [136.375818, 36.386577], [136.374653, 36.385404], [136.373205, 36.384549], [136.372101, 36.38373], [136.373062, 36.382488], [136.373503, 36.382107], [136.374698, 36.382977], [136.374823, 36.382963], [136.376228, 36.381623], [136.376676, 36.381379], [136.380499, 36.377021], [136.381776, 36.375306], [136.38195, 36.374639], [136.382619, 36.374038], [136.38322, 36.373198], [136.383336, 36.372741], [136.382955, 36.371804], [136.382449, 36.371401], [136.381614, 36.371055], [136.380928, 36.370557], [136.380207, 36.36963], [136.38034, 36.36871], [136.379781, 36.367342], [136.379338, 36.366945], [136.379456, 36.366759], [136.379683, 36.366774], [136.380182, 36.367105], [136.380253, 36.367647], [136.38055, 36.368275], [136.381934, 36.368966], [136.382686, 36.369669], [136.383308, 36.369958], [136.383491, 36.370001], [136.384556, 36.368767], [136.384706, 36.36875], [136.386154, 36.369181], [136.386277, 36.368824], [136.386397, 36.368695], [136.386538, 36.368748], [136.386901, 36.369133], [136.386697, 36.369291], [136.387289, 36.369754], [136.389033, 36.368796], [136.389893, 36.367765], [136.39004, 36.367759], [136.390431, 36.368221], [136.391241, 36.367321], [136.392099, 36.366797], [136.391872, 36.366438], [136.39192, 36.366009], [136.393171, 36.365891], [136.394063, 36.365227], [136.393466, 36.36451], [136.394417, 36.364055], [136.387333, 36.353465], [136.397399, 36.344266], [136.396129, 36.342958], [136.39579, 36.342991], [136.395554, 36.342757], [136.39639, 36.341365], [136.397697, 36.340161], [136.397751, 36.339429], [136.397527, 36.338457], [136.398784, 36.33833], [136.399642, 36.338411], [136.399876, 36.339133], [136.400276, 36.339207], [136.4006, 36.340196], [136.401991, 36.340017], [136.403176, 36.340529], [136.403692, 36.340087], [136.404466, 36.340373], [136.406436, 36.340515], [136.406513, 36.340794], [136.408034, 36.340463], [136.408627, 36.340634], [136.408658, 36.340303], [136.409766, 36.339966], [136.410199, 36.33997], [136.41064, 36.339692], [136.411359, 36.339535], [136.410906, 36.339008], [136.411001, 36.338778], [136.411233, 36.338646], [136.411428, 36.337996], [136.41162, 36.338012], [136.411748, 36.337681], [136.412072, 36.337675], [136.412329, 36.337159], [136.412737, 36.337104], [136.412826, 36.336813], [136.411361, 36.336432], [136.411821, 36.336037], [136.412556, 36.33508], [136.413118, 36.334772], [136.413749, 36.33419], [136.415143, 36.333596], [136.415481, 36.333333], [136.415006, 36.332874], [136.415413, 36.332506], [136.414626, 36.331079], [136.415952, 36.330456], [136.415888, 36.330319], [136.415422, 36.330434], [136.415367, 36.329369], [136.415956, 36.328802], [136.41757, 36.328142], [136.417428, 36.327953], [136.415403, 36.327078], [136.415463, 36.326894], [136.417929, 36.32771], [136.418853, 36.327933], [136.419054, 36.327831], [136.418905, 36.327371], [136.417542, 36.326132], [136.417527, 36.325921], [136.417825, 36.32554], [136.417154, 36.324651], [136.417124, 36.324132], [136.416975, 36.323987], [136.417191, 36.322766], [136.416901, 36.322325], [136.416342, 36.321956], [136.415083, 36.321557], [136.414666, 36.320953], [136.413764, 36.320282], [136.41328, 36.3203], [136.412088, 36.319919], [136.411626, 36.319406], [136.410955, 36.319091], [136.410366, 36.318457], [136.409614, 36.318312], [136.408921, 36.31842], [136.40831, 36.318348], [136.407558, 36.317731], [136.407274, 36.317224], [136.406826, 36.316975], [136.405911, 36.31671], [136.405412, 36.315658], [136.405136, 36.315513], [136.403839, 36.315205], [136.403847, 36.31558], [136.403691, 36.315676], [136.402923, 36.315525], [136.402759, 36.314945], [136.402424, 36.314431], [136.403058, 36.314087], [136.403184, 36.313749], [136.40305, 36.313392], [136.402096, 36.31228], [136.401843, 36.311494], [136.402357, 36.311204], [136.403199, 36.311047], [136.403385, 36.310721], [136.403326, 36.310207], [136.404652, 36.311198], [136.405129, 36.310986], [136.40498, 36.310394], [136.405069, 36.310243], [136.405636, 36.310316], [136.406105, 36.310147], [136.407007, 36.309173], [136.407983, 36.308895], [136.408631, 36.308889], [136.409212, 36.309041], [136.409451, 36.308974], [136.410456, 36.308219], [136.411254, 36.307814], [136.411529, 36.307028], [136.412267, 36.306672], [136.412669, 36.306073], [136.413921, 36.305898], [136.414912, 36.30501], [136.414949, 36.304641], [136.414674, 36.30429], [136.414637, 36.303855], [136.415561, 36.302955], [136.415546, 36.302707], [136.414808, 36.302616], [136.413735, 36.302954], [136.413124, 36.302737], [136.412983, 36.301982], [136.413288, 36.301462], [136.412744, 36.299733], [136.413221, 36.299612], [136.413355, 36.299389], [136.414212, 36.298772], [136.4146, 36.298216], [136.415136, 36.296814], [136.415516, 36.296548], [136.415337, 36.296125], [136.413773, 36.295545], [136.413558, 36.295109], [136.413668, 36.294741], [136.413489, 36.2943], [136.414183, 36.292584], [136.414481, 36.292487], [136.415412, 36.292711], [136.415792, 36.292584], [136.415949, 36.29236], [136.415964, 36.292033], [136.415569, 36.291369], [136.415941, 36.290589], [136.415829, 36.290081], [136.415137, 36.289326], [136.414809, 36.288722], [136.413833, 36.28822], [136.413013, 36.287603], [136.412894, 36.286449], [136.411672, 36.285246], [136.412611, 36.283046], [136.413624, 36.282073], [136.414429, 36.281523], [136.415621, 36.281717], [136.4158, 36.28162], [136.415957, 36.280726], [136.415793, 36.280182], [136.416106, 36.279311], [136.415838, 36.278223], [136.415942, 36.277927], [136.41662, 36.277686], [136.417902, 36.277601], [136.418535, 36.277637], [136.419146, 36.277831], [136.421173, 36.276102], [136.420636, 36.274586], [136.420733, 36.273884], [136.420323, 36.273038], [136.420875, 36.272011], [136.421016, 36.270747], [136.42089, 36.270065], [136.420382, 36.269493], [136.420271, 36.267671], [136.420868, 36.267224], [136.422946, 36.266813], [136.424616, 36.265689], [136.425651, 36.26532], [136.427439, 36.265387], [136.427976, 36.265641], [136.428658, 36.265623], [136.428944, 36.26526], [136.429123, 36.264547], [136.429847, 36.263936], [136.430253, 36.264137], [136.433775, 36.264616], [136.434774, 36.264016], [136.435, 36.263989], [136.436231, 36.264316], [136.436761, 36.264697], [136.437114, 36.264737], [136.438676, 36.264459], [136.4393, 36.264589], [136.43994, 36.264544], [136.44041, 36.264383], [136.440934, 36.263846], [136.441696, 36.263689], [136.442469, 36.263269], [136.444599, 36.263609], [136.445632, 36.264934], [136.446719, 36.264979], [136.44705, 36.265176], [136.448027, 36.26544], [136.449021, 36.265136], [136.450395, 36.265042], [136.451604, 36.264616], [136.452891, 36.264616], [136.453365, 36.264375], [136.453989, 36.263766], [136.456269, 36.265543], [136.456876, 36.265512], [136.458201, 36.264894], [136.459321, 36.264589], [136.459824, 36.264598], [136.460796, 36.264863], [136.46127, 36.264272], [136.461922, 36.263829], [136.462866, 36.263466], [136.462976, 36.26334], [136.463042, 36.262176], [136.463279, 36.261831], [136.464063, 36.261218], [136.464008, 36.260864], [136.463655, 36.260269], [136.463219, 36.259834], [136.463153, 36.259396], [136.463716, 36.258187], [136.464583, 36.257399], [136.466763, 36.255921], [136.46806, 36.25602], [136.468922, 36.255926], [136.470213, 36.254573], [136.471897, 36.254304], [136.47246, 36.254072], [136.474353, 36.253906], [136.475894, 36.252654], [136.475441, 36.251833], [136.475057, 36.250107], [136.475332, 36.248726], [136.475261, 36.246907], [136.474169, 36.245666], [136.473995, 36.245248], [136.47414, 36.243731], [136.473956, 36.242585], [136.475873, 36.241256], [136.475794, 36.240019], [136.476308, 36.239071], [136.476368, 36.238207], [136.477273, 36.23705], [136.478016, 36.236375], [136.479273, 36.236032], [136.480303, 36.236217], [136.481856, 36.235676], [136.482507, 36.235583], [136.484143, 36.235967], [136.484613, 36.235849], [136.484844, 36.235645], [136.48496, 36.233213], [136.484788, 36.231708], [136.483773, 36.230282], [136.483495, 36.229094], [136.484043, 36.228114], [136.484593, 36.227596], [136.485013, 36.225732], [136.484918, 36.224372], [136.485037, 36.223875], [136.484496, 36.223137], [136.484395, 36.222204], [136.484487, 36.221752], [136.485052, 36.220785], [136.484682, 36.219287], [136.484859, 36.21891], [136.484856, 36.216188], [136.485152, 36.215321], [136.485747, 36.214421], [136.486114, 36.213415], [136.487235, 36.212176], [136.488064, 36.21004], [136.488176, 36.209891], [136.489543, 36.209377], [136.490259, 36.207735], [136.490842, 36.206775], [136.490901, 36.205596], [136.49067, 36.20472], [136.490806, 36.204408], [136.491466, 36.203719], [136.49151, 36.202977], [136.490741, 36.201741], [136.489969, 36.200937], [136.490141, 36.200015], [136.489368, 36.198567], [136.489439, 36.198051], [136.490146, 36.196954], [136.489989, 36.195939], [136.490259, 36.195103], [136.490306, 36.194359], [136.490016, 36.193221], [136.490936, 36.19229], [136.491451, 36.191394], [136.491383, 36.189623], [136.491084, 36.188477], [136.491235, 36.188144], [136.492025, 36.187476], [136.492841, 36.187141], [136.493992, 36.187152], [136.494293, 36.18678], [136.495243, 36.18607], [136.496436, 36.185606], [136.497063, 36.185604], [136.497417, 36.185463], [136.497939, 36.185132], [136.4981, 36.184851], [136.49824, 36.182097], [136.49862, 36.181481], [136.498569, 36.180701], [136.498722, 36.18037], [136.497598, 36.178581], [136.497131, 36.176271], [136.49709, 36.175526], [136.497453, 36.174674], [136.497074, 36.173509], [136.497211, 36.172977], [136.49718, 36.172212], [136.496924, 36.171483], [136.496893, 36.170149], [136.497064, 36.169553], [136.497402, 36.169036], [136.49712, 36.168432], [136.496778, 36.168208], [136.495699, 36.166841], [136.495621, 36.165317], [136.494789, 36.164753], [136.493746, 36.163479], [136.49333, 36.162753], [136.493326, 36.16206], [136.492986, 36.161838], [136.492681, 36.160851], [136.491626, 36.159981], [136.49162, 36.159544], [136.491998, 36.158902], [136.491692, 36.158291], [136.492525, 36.156708], [136.493246, 36.156232], [136.494176, 36.155117], [136.494884, 36.15358], [136.494823, 36.152979], [136.495403, 36.151748], [136.496326, 36.150217], [136.496882, 36.149697], [136.499656, 36.149767], [136.500581, 36.14989], [136.501769, 36.14967], [136.503164, 36.149644], [136.503921, 36.149269], [136.503898, 36.148836], [136.504105, 36.148454], [136.505086, 36.147206], [136.505699, 36.14663], [136.508546, 36.146643], [136.509933, 36.146229], [136.510714, 36.146125], [136.511758, 36.146171], [136.512372, 36.146585], [136.513616, 36.147859], [136.514453, 36.148383], [136.515155, 36.148402], [136.51647, 36.148939], [136.517347, 36.149651], [136.518456, 36.149754], [136.518878, 36.150084], [136.519731, 36.150265], [136.521525, 36.151378], [136.523343, 36.150569], [136.524411, 36.150304], [136.525065, 36.149968], [136.526676, 36.148125], [136.527481, 36.148609], [136.529067, 36.148758], [136.529721, 36.148946], [136.530518, 36.148344], [136.530654, 36.147678], [136.531005, 36.147297], [136.531388, 36.14729], [136.53189, 36.147504], [136.532759, 36.147491], [136.533198, 36.148202], [136.533827, 36.148519], [136.533931, 36.148681], [136.534106, 36.149599], [136.535183, 36.149677], [136.536147, 36.150117], [136.537686, 36.150382], [136.538475, 36.151948], [136.538419, 36.15251], [136.540708, 36.153513], [136.541792, 36.153623], [136.545292, 36.152821], [136.546217, 36.152847], [136.547094, 36.153093], [136.547572, 36.153403], [136.548051, 36.154005], [136.548497, 36.154276], [136.549454, 36.154516], [136.550833, 36.1546], [136.551829, 36.154909], [136.551469, 36.155666], [136.550726, 36.156657], [136.55081, 36.157463], [136.55106, 36.157998], [136.551594, 36.158642], [136.550685, 36.16036], [136.550857, 36.161325], [136.549954, 36.162549], [136.550216, 36.16376], [136.550722, 36.164424], [136.551628, 36.164429], [136.55159, 36.165767], [136.553127, 36.16706], [136.553214, 36.167435], [136.553095, 36.168276], [136.553683, 36.169168], [136.554113, 36.170718], [136.554147, 36.171197], [136.553972, 36.17173], [136.554525, 36.171936], [136.554975, 36.172334], [136.555607, 36.173304], [136.556521, 36.174344], [136.556644, 36.174854], [136.557411, 36.175704], [136.555916, 36.177961], [136.555988, 36.178493], [136.556637, 36.179589], [136.556328, 36.180773], [136.556434, 36.181501], [136.556967, 36.181947], [136.55709, 36.18254], [136.55764, 36.183346], [136.55741, 36.183886], [136.557468, 36.184165], [136.559065, 36.18652], [136.559938, 36.187359], [136.560728, 36.18866], [136.561026, 36.189332], [136.561174, 36.190291], [136.561971, 36.192846], [136.562222, 36.193239], [136.564684, 36.195051], [136.56511, 36.195759], [136.565618, 36.196283], [136.565818, 36.197498], [136.565842, 36.198824], [136.566498, 36.199791], [136.566635, 36.200402], [136.567216, 36.201021], [136.56658, 36.202096], [136.567408, 36.204053], [136.568366, 36.20526], [136.56918, 36.205652], [136.569551, 36.206118], [136.569888, 36.206266], [136.571121, 36.20633], [136.572265, 36.206996], [136.573391, 36.208011], [136.574494, 36.208774], [136.575064, 36.209535], [136.57605, 36.210001], [136.576658, 36.210845], [136.577451, 36.210734], [136.579276, 36.211311], [136.579444, 36.212473], [136.580539, 36.212936], [136.580918, 36.213677], [136.581824, 36.214111], [136.582481, 36.214978], [136.582868, 36.215042], [136.583641, 36.214925], [136.584569, 36.214661], [136.585163, 36.214817], [136.585713, 36.214677], [136.586434, 36.214265], [136.587217, 36.21412], [136.588918, 36.215319], [136.590876, 36.21548], [136.591607, 36.215734], [136.593696, 36.216138], [136.593991, 36.216495], [136.593988, 36.216905], [136.594334, 36.217498], [136.595176, 36.217833], [136.595382, 36.219965], [136.595533, 36.220386], [136.595468, 36.220823], [136.596052, 36.221729], [136.596162, 36.222816], [136.597113, 36.224633], [136.59745, 36.225637], [136.598199, 36.226593], [136.598164, 36.227376], [136.598333, 36.228206], [136.59892, 36.229658], [136.599188, 36.229943], [136.599119, 36.230762], [136.599456, 36.231264], [136.599913, 36.231621], [136.600019, 36.23191], [136.599745, 36.232234], [136.599202, 36.232133], [136.599113, 36.232211], [136.598189, 36.233602], [136.598116, 36.234644], [136.597855, 36.235179], [136.597928, 36.235492], [136.598254, 36.235798], [136.597996, 36.236601], [136.598298, 36.236935], [136.600239, 36.238148], [136.600037, 36.238828], [136.600301, 36.239773], [136.600329, 36.241272], [136.599982, 36.24203], [136.60014, 36.242473], [136.60048, 36.242824], [136.600549, 36.243502], [136.601023, 36.244187], [136.601236, 36.244756], [136.602489, 36.245383], [136.603094, 36.245497], [136.603613, 36.245952], [136.603176, 36.246919], [136.602421, 36.247911], [136.602294, 36.248524], [136.602328, 36.248898], [136.602678, 36.249586], [136.602946, 36.251152], [136.603657, 36.252371], [136.604753, 36.252967], [136.604932, 36.253185], [136.605405, 36.254383], [136.605627, 36.25542], [136.606278, 36.256091], [136.606622, 36.256699], [136.607272, 36.257047], [136.608176, 36.257773], [136.610234, 36.258972], [136.610548, 36.259618], [136.61074, 36.259724], [136.611498, 36.259724], [136.612064, 36.260077], [136.612217, 36.260307], [136.612187, 36.260742], [136.612332, 36.261077], [136.612386, 36.262046], [136.611652, 36.262631], [136.610548, 36.262568], [136.608888, 36.262822], [136.607403, 36.262425], [136.605298, 36.2623], [136.604479, 36.262002], [136.603191, 36.262139], [136.602585, 36.261557], [136.601983, 36.262095], [136.601838, 36.262505], [136.60108, 36.263045], [136.600123, 36.263294], [136.599671, 36.263697], [136.599403, 36.264095], [136.599419, 36.264909], [136.598975, 36.265778], [136.599411, 36.266417], [136.599201, 36.267216], [136.597474, 36.268063], [136.597344, 36.268218], [136.597321, 36.268814], [136.596923, 36.269088], [136.596854, 36.269783], [136.596364, 36.270286], [136.596319, 36.270671], [136.596081, 36.270988], [136.595247, 36.271367], [136.594681, 36.271901], [136.59478, 36.272379], [136.594466, 36.27318], [136.594428, 36.274081], [136.594757, 36.274838], [136.595377, 36.275329], [136.595538, 36.27613], [136.596004, 36.277055], [136.595981, 36.277509], [136.595706, 36.2778], [136.595476, 36.277806], [136.593662, 36.276887], [136.592506, 36.276484], [136.590861, 36.276154], [136.589889, 36.276173], [136.589169, 36.276415], [136.588809, 36.276713], [136.588273, 36.278222], [136.587378, 36.279582], [136.586804, 36.280042], [136.586635, 36.279999], [136.586184, 36.279377], [136.585862, 36.279154], [136.584928, 36.278986], [136.584201, 36.278551], [136.582004, 36.278384], [136.581132, 36.278148], [136.58091, 36.278334], [136.581063, 36.279961], [136.581254, 36.280601], [136.575865, 36.282538], [136.573974, 36.283556], [136.572933, 36.283631], [136.572406, 36.284376], [136.571602, 36.284668], [136.569657, 36.284487], [136.569206, 36.284631], [136.568915, 36.284581], [136.568157, 36.284158], [136.56671, 36.283637], [136.566044, 36.283525], [136.564613, 36.283506], [136.564077, 36.283904], [136.563649, 36.283897], [136.562868, 36.283295], [136.561891, 36.281909], [136.561191, 36.281177], [136.560533, 36.28091], [136.558191, 36.280649], [136.55728, 36.280277], [136.556423, 36.28073], [136.556201, 36.282227], [136.555535, 36.282984], [136.55516, 36.283052], [136.554134, 36.282748], [136.553468, 36.28268], [136.551187, 36.283419], [136.550093, 36.283425], [136.548676, 36.284263], [136.548477, 36.284692], [136.548538, 36.285213], [136.549426, 36.287623], [136.549893, 36.288101], [136.551646, 36.289008], [136.552572, 36.290175], [136.552794, 36.290517], [136.552963, 36.291299], [136.55382, 36.292119], [136.553927, 36.293088], [136.554608, 36.293783], [136.5547, 36.294299], [136.554593, 36.29464], [136.554731, 36.294932], [136.554562, 36.295516], [136.554738, 36.295932], [136.554693, 36.296329], [136.554088, 36.296733], [136.552465, 36.297453], [136.552113, 36.297764], [136.551906, 36.298118], [136.551921, 36.298708], [136.551638, 36.299372], [136.550727, 36.300241], [136.549426, 36.300887], [136.549281, 36.301254], [136.549617, 36.30185], [136.550919, 36.302756], [136.552848, 36.304769], [136.552863, 36.3057], [136.553138, 36.305868], [136.553934, 36.306017], [136.555197, 36.307172], [136.555534, 36.308141], [136.555886, 36.308662], [136.555557, 36.309215], [136.555121, 36.309488], [136.55408, 36.309526], [136.552229, 36.30926], [136.551623, 36.309414], [136.550987, 36.310544], [136.551125, 36.310916], [136.551738, 36.311246], [136.551959, 36.311506], [136.552181, 36.312196], [136.551669, 36.313456], [136.551653, 36.314046], [136.551975, 36.315686], [136.551898, 36.315804], [136.551301, 36.315853], [136.551071, 36.315996], [136.550758, 36.318579], [136.549181, 36.320331], [136.548959, 36.321063], [136.549135, 36.321454], [136.549836, 36.322661], [136.550114, 36.322914], [136.551477, 36.323373], [136.552656, 36.323448], [136.553896, 36.324143], [136.554485, 36.324261], [136.554539, 36.324771], [136.554684, 36.324864], [136.555564, 36.325348], [136.557141, 36.325622], [136.558917, 36.326932], [136.559399, 36.327149], [136.55946, 36.327279], [136.558756, 36.32877], [136.55848, 36.330422], [136.558235, 36.331011], [136.558825, 36.332353], [136.55897, 36.333011], [136.55959, 36.333936], [136.560088, 36.334421], [136.56047, 36.334576], [136.561297, 36.334452], [136.561718, 36.334564], [136.562851, 36.333726], [136.564994, 36.332694], [136.565989, 36.333055], [136.566548, 36.333837], [136.566555, 36.334216], [136.567183, 36.334601], [136.568224, 36.334042], [136.569464, 36.333992], [136.57013, 36.334912], [136.570421, 36.3357], [136.570666, 36.335849], [136.571776, 36.336073], [136.572227, 36.336597], [136.573994, 36.337227], [136.576844, 36.340257], [136.577474, 36.340571], [136.578912, 36.340779], [136.579176, 36.340942], [136.579287, 36.34119], [136.579312, 36.341812], [136.577612, 36.343021], [136.577037, 36.343644], [136.577185, 36.344506], [136.578796, 36.344647], [136.579773, 36.345522], [136.58023, 36.346351], [136.579987, 36.348635], [136.580831, 36.349407], [136.580704, 36.349929], [136.581025, 36.351082], [136.581071, 36.351998], [136.580844, 36.3526], [136.580399, 36.353017], [136.580386, 36.353188], [136.580662, 36.35493], [136.580353, 36.355685], [136.580349, 36.356341], [136.580687, 36.357487], [136.580469, 36.358166], [136.579982, 36.358634], [136.579315, 36.358955], [136.578474, 36.359062], [136.577329, 36.360352], [136.576703, 36.36084], [136.576723, 36.361636], [136.576352, 36.362217], [136.57634, 36.362599], [136.57655, 36.362839], [136.577127, 36.36307], [136.577782, 36.36304], [136.578643, 36.362806], [136.579022, 36.362859], [136.579327, 36.3631], [136.579937, 36.364798], [136.580365, 36.365551], [136.580398, 36.367433], [136.580221, 36.367787], [136.580213, 36.368355], [136.58079, 36.370435], [136.581177, 36.370692], [136.582347, 36.370639], [136.583077, 36.370851], [136.584065, 36.371257], [136.585417, 36.37209], [136.586035, 36.372307], [136.586851, 36.372872], [136.586908, 36.373203], [136.586554, 36.373815], [136.586501, 36.37444], [136.586888, 36.374975], [136.5876, 36.375597], [136.587625, 36.375797], [136.586846, 36.376339], [136.586274, 36.376937], [136.585742, 36.37789], [136.585985, 36.378528], [136.585936, 36.378762], [136.585071, 36.379762], [136.584543, 36.381086], [136.584547, 36.381423], [136.585165, 36.381707], [136.585495, 36.382292], [136.585318, 36.384352], [136.585087, 36.38478], [136.584671, 36.385167], [136.584205, 36.385271], [136.583484, 36.385218], [136.582289, 36.385826], [136.582005, 36.386317], [136.581865, 36.387096], [136.580851, 36.388109], [136.581152, 36.388674], [136.581271, 36.38944], [136.580773, 36.390222], [136.580159, 36.390501], [136.578523, 36.390774], [136.577876, 36.391412], [136.577526, 36.393645], [136.577633, 36.393796], [136.578424, 36.393876]], [[136.414343, 36.333976], [136.414666, 36.334505], [136.415746, 36.335174], [136.41604, 36.335679], [136.417208, 36.335707], [136.417752, 36.335392], [136.416319, 36.335309], [136.416251, 36.334955], [136.415785, 36.334792], [136.415863, 36.334533], [136.415481, 36.334191], [136.414343, 36.333976]]]}}, {"type": "Feature", "properties": {"pref_code": "17", "pref_name": "石川県", "municipality_code": "17204", "municipality_name": "輪島市", "ward_name": "", "display_name": "輪島市", "geometry_key": "17204"}, "geometry": {"type": "MultiPolygon", "coordinates": [[[[136.922243, 37.857646], [136.92241, 37.857652], [136.922409, 37.857824], [136.922243, 37.857646]]], [[[136.920522, 37.856132], [136.920608, 37.855973], [136.920861, 37.855948], [136.920894, 37.856372], [136.920522, 37.856132]]], [[[136.923866, 37.855632], [136.924257, 37.855485], [136.924157, 37.855671], [136.923921, 37.855716], [136.923866, 37.855632]]], [[[136.91903, 37.855391], [136.919206, 37.85539], [136.919235, 37.855592], [136.91903, 37.855391]]], [[[136.912007, 37.848451], [136.912067, 37.84824], [136.912451, 37.847986], [136.912376, 37.847733], [136.912802, 37.846537], [136.913125, 37.846038], [136.913029, 37.845621], [136.912376, 37.845492], [136.912607, 37.845365], [136.912525, 37.845191], [136.912944, 37.844473], [136.913462, 37.84425], [136.913838, 37.844349], [136.914146, 37.84465], [136.91432, 37.845084], [136.914622, 37.845357], [136.914977, 37.846255], [136.915367, 37.846601], [136.9163, 37.846886], [136.917315, 37.846629], [136.91751, 37.847038], [136.917645, 37.847117], [136.917865, 37.847032], [136.918053, 37.847626], [136.918459, 37.847892], [136.918724, 37.847699], [136.919689, 37.847736], [136.919859, 37.847641], [136.920057, 37.847694], [136.92001, 37.847801], [136.920513, 37.847896], [136.920504, 37.847994], [136.919498, 37.847859], [136.919326, 37.848507], [136.918866, 37.848295], [136.918285, 37.848922], [136.918476, 37.849511], [136.918624, 37.849701], [136.920215, 37.849257], [136.920444, 37.849598], [136.920026, 37.849779], [136.920219, 37.85013], [136.921185, 37.85016], [136.922169, 37.851115], [136.922342, 37.850999], [136.922431, 37.851076], [136.922647, 37.850796], [136.924165, 37.852086], [136.924621, 37.851764], [136.924273, 37.850803], [136.923305, 37.850215], [136.923417, 37.850106], [136.924423, 37.850726], [136.924826, 37.851809], [136.923371, 37.852917], [136.923591, 37.853294], [136.923626, 37.853922], [136.924024, 37.854446], [136.923758, 37.85451], [136.923609, 37.854716], [136.923967, 37.854693], [136.924301, 37.855099], [136.923893, 37.855296], [136.923499, 37.855133], [136.923445, 37.854964], [136.923279, 37.855161], [136.923161, 37.85493], [136.922906, 37.854829], [136.923059, 37.85471], [136.922668, 37.854586], [136.922697, 37.85426], [136.922143, 37.854186], [136.921831, 37.854251], [136.921838, 37.854581], [136.92231, 37.85493], [136.921866, 37.855439], [136.921646, 37.855259], [136.921309, 37.855279], [136.921614, 37.855093], [136.921721, 37.854848], [136.921533, 37.854761], [136.921366, 37.854848], [136.921161, 37.854603], [136.920628, 37.854713], [136.920621, 37.854569], [136.920355, 37.854488], [136.920075, 37.854597], [136.919727, 37.854479], [136.919656, 37.85462], [136.919784, 37.854817], [136.919649, 37.854848], [136.919386, 37.854772], [136.919404, 37.854575], [136.919159, 37.85442], [136.918851, 37.854567], [136.91867, 37.854339], [136.91895, 37.854375], [136.919209, 37.85424], [136.918961, 37.854108], [136.918968, 37.853936], [136.918666, 37.853941], [136.918592, 37.853663], [136.918152, 37.853711], [136.918141, 37.853494], [136.917861, 37.853452], [136.917456, 37.853961], [136.917034, 37.854066], [136.916956, 37.852936], [136.916676, 37.852708], [136.915711, 37.853097], [136.91559, 37.852973], [136.915619, 37.85248], [136.914799, 37.851959], [136.914441, 37.851965], [136.914664, 37.851576], [136.914919, 37.851439], [136.915799, 37.851455], [136.915924, 37.851033], [136.915831, 37.850819], [136.915683, 37.850709], [136.915072, 37.850642], [136.91427, 37.850954], [136.913174, 37.850611], [136.913068, 37.850472], [136.913203, 37.850219], [136.913823, 37.849918], [136.913696, 37.849451], [136.912812, 37.849377], [136.912695, 37.849054], [136.912351, 37.848854], [136.912365, 37.848741], [136.912188, 37.848747], [136.912007, 37.848451]]], [[[136.925316, 37.855151], [136.925494, 37.85516], [136.925396, 37.855305], [136.925316, 37.855151]]], [[[136.924721, 37.855251], [136.924931, 37.855158], [136.924841, 37.85526], [136.924721, 37.855251]]], [[[136.924839, 37.854937], [136.924941, 37.854923], [136.924886, 37.855061], [136.924839, 37.854937]]], [[[136.926135, 37.85493], [136.926547, 37.854552], [136.926557, 37.854832], [136.926135, 37.85493]]], [[[136.925367, 37.854681], [136.925487, 37.854621], [136.92542, 37.854847], [136.925367, 37.854681]]], [[[136.92465, 37.854742], [136.924946, 37.854794], [136.924738, 37.854818], [136.92465, 37.854742]]], [[[136.924203, 37.854532], [136.924386, 37.854429], [136.92432, 37.854565], [136.924203, 37.854532]]], [[[136.917628, 37.854234], [136.917687, 37.854146], [136.917887, 37.85418], [136.917628, 37.854234]]], [[[136.91823, 37.854044], [136.918541, 37.854131], [136.918357, 37.854202], [136.91823, 37.854044]]], [[[136.915443, 37.853402], [136.915588, 37.853289], [136.915606, 37.853376], [136.915443, 37.853402]]], [[[136.916487, 37.853293], [136.9166, 37.853191], [136.916688, 37.853212], [136.916487, 37.853293]]], [[[136.9148, 37.853039], [136.914948, 37.852952], [136.915123, 37.853171], [136.914973, 37.853204], [136.9148, 37.853039]]], [[[136.924886, 37.852986], [136.924953, 37.852883], [136.924963, 37.853021], [136.924886, 37.852986]]], [[[136.92468, 37.852797], [136.924746, 37.852777], [136.924738, 37.852907], [136.92468, 37.852797]]], [[[136.912868, 37.852065], [136.912907, 37.851799], [136.913136, 37.852054], [136.913021, 37.852245], [136.912868, 37.852065]]], [[[136.925392, 37.851473], [136.925497, 37.851469], [136.92562, 37.851602], [136.925392, 37.851473]]], [[[136.91345, 37.851054], [136.913839, 37.85098], [136.913789, 37.851137], [136.913938, 37.85133], [136.913695, 37.851303], [136.91345, 37.851054]]], [[[136.914811, 37.851064], [136.914867, 37.850989], [136.915044, 37.851075], [136.914811, 37.851064]]], [[[136.911331, 37.850399], [136.911589, 37.850461], [136.911681, 37.850667], [136.911331, 37.850399]]], [[[136.921936, 37.850004], [136.922064, 37.849859], [136.922295, 37.849989], [136.922167, 37.850125], [136.921936, 37.850004]]], [[[136.923688, 37.850059], [136.923786, 37.849968], [136.923854, 37.850008], [136.923688, 37.850059]]], [[[136.911857, 37.849716], [136.912141, 37.849807], [136.911975, 37.849929], [136.911857, 37.849716]]], [[[136.924558, 37.849846], [136.924629, 37.849745], [136.924859, 37.849792], [136.924558, 37.849846]]], [[[136.923714, 37.849804], [136.923851, 37.849798], [136.923736, 37.849863], [136.923714, 37.849804]]], [[[136.911003, 37.849702], [136.911264, 37.849645], [136.911079, 37.849779], [136.911003, 37.849702]]], [[[136.910467, 37.849621], [136.910675, 37.849559], [136.910569, 37.849717], [136.910467, 37.849621]]], [[[136.912801, 37.849536], [136.912915, 37.849508], [136.912879, 37.849579], [136.912801, 37.849536]]], [[[136.910507, 37.849346], [136.910574, 37.849254], [136.910923, 37.849443], [136.910768, 37.84952], [136.910507, 37.849346]]], [[[136.923292, 37.849484], [136.923481, 37.849389], [136.923439, 37.849522], [136.923292, 37.849484]]], [[[136.922763, 37.849353], [136.922966, 37.849324], [136.922895, 37.849409], [136.922763, 37.849353]]], [[[136.911702, 37.849162], [136.91184, 37.849249], [136.911782, 37.849361], [136.911702, 37.849162]]], [[[136.911429, 37.8483], [136.911598, 37.848113], [136.911613, 37.848301], [136.911485, 37.848381], [136.911429, 37.8483]]], [[[136.908879, 37.848159], [136.909116, 37.847843], [136.909204, 37.848024], [136.909038, 37.848268], [136.908879, 37.848159]]], [[[136.911698, 37.847947], [136.911795, 37.847848], [136.911806, 37.847916], [136.911698, 37.847947]]], [[[136.917922, 37.84691], [136.918004, 37.846778], [136.918071, 37.846892], [136.917922, 37.84691]]], [[[136.911204, 37.846692], [136.911434, 37.846747], [136.911423, 37.846864], [136.911204, 37.846692]]], [[[136.918988, 37.846714], [136.919193, 37.84659], [136.919152, 37.846726], [136.918988, 37.846714]]], [[[136.911415, 37.846382], [136.911596, 37.846373], [136.911439, 37.846428], [136.911415, 37.846382]]], [[[136.916984, 37.846164], [136.917165, 37.846158], [136.917129, 37.846305], [136.916984, 37.846164]]], [[[136.917487, 37.846112], [136.917537, 37.846026], [136.917797, 37.846093], [136.917585, 37.846188], [136.917487, 37.846112]]], [[[136.912848, 37.845691], [136.912911, 37.845659], [136.912948, 37.845732], [136.912848, 37.845691]]], [[[136.915093, 37.84551], [136.915193, 37.845409], [136.915141, 37.845542], [136.915093, 37.84551]]], [[[136.914758, 37.845341], [136.914951, 37.845417], [136.914786, 37.845388], [136.914758, 37.845341]]], [[[136.914938, 37.844943], [136.915073, 37.845064], [136.915025, 37.845119], [136.914938, 37.844943]]], [[[136.911482, 37.844994], [136.911548, 37.844934], [136.911559, 37.844964], [136.911482, 37.844994]]], [[[136.91131, 37.844775], [136.911387, 37.844744], [136.911341, 37.844816], [136.91131, 37.844775]]], [[[136.912052, 37.844361], [136.912114, 37.844277], [136.912121, 37.844351], [136.912052, 37.844361]]], [[[136.914346, 37.844223], [136.914446, 37.844138], [136.914607, 37.844246], [136.914346, 37.844223]]], [[[136.913864, 37.844234], [136.913976, 37.84389], [136.914077, 37.844042], [136.913864, 37.844234]]], [[[136.913561, 37.843925], [136.913782, 37.843862], [136.913736, 37.843973], [136.913561, 37.843925]]], [[[136.886865, 37.616509], [136.886938, 37.61644], [136.887227, 37.616672], [136.887034, 37.616694], [136.886865, 37.616509]]], [[[136.885755, 37.615914], [136.886397, 37.616277], [136.886593, 37.616608], [136.88624, 37.616426], [136.885755, 37.615914]]], [[[136.885489, 37.616054], [136.885603, 37.615974], [136.885714, 37.616069], [136.885575, 37.616141], [136.885489, 37.616054]]], [[[136.885473, 37.614854], [136.885968, 37.614804], [136.886803, 37.614949], [136.886863, 37.614802], [136.887426, 37.614805], [136.887879, 37.614904], [136.888211, 37.615229], [136.888129, 37.615358], [136.887799, 37.61541], [136.888067, 37.615779], [136.887604, 37.615894], [136.886996, 37.615795], [136.887076, 37.616075], [136.886635, 37.616055], [136.886373, 37.615914], [136.886515, 37.615797], [136.886078, 37.615658], [136.886768, 37.615671], [136.886435, 37.615421], [136.886014, 37.615466], [136.885788, 37.615254], [136.886003, 37.615173], [136.886016, 37.615012], [136.885684, 37.615036], [136.885473, 37.614854]]], [[[136.890142, 37.614729], [136.890418, 37.614577], [136.890736, 37.614622], [136.891132, 37.614931], [136.891002, 37.614999], [136.890823, 37.614893], [136.890789, 37.615049], [136.890142, 37.614729]]], [[[136.892646, 37.61432], [136.893229, 37.614345], [136.893426, 37.614565], [136.892996, 37.614529], [136.892646, 37.61432]]], [[[136.897144, 37.609884], [136.89738, 37.609601], [136.897983, 37.609255], [136.898237, 37.609242], [136.89855, 37.609485], [136.898589, 37.60984], [136.899069, 37.609728], [136.899658, 37.61009], [136.899777, 37.609886], [136.899679, 37.60954], [136.899805, 37.609388], [136.900215, 37.60905], [136.900781, 37.609145], [136.900814, 37.608577], [136.901018, 37.608488], [136.901667, 37.608426], [136.902098, 37.608609], [136.902293, 37.608567], [136.902693, 37.608991], [136.902358, 37.609102], [136.902452, 37.609534], [136.902099, 37.610064], [136.902301, 37.610069], [136.90234, 37.610202], [136.902078, 37.610407], [136.901749, 37.611072], [136.901477, 37.611257], [136.901106, 37.611306], [136.901378, 37.611928], [136.90136, 37.612231], [136.901086, 37.6125], [136.900793, 37.612433], [136.900566, 37.612538], [136.900059, 37.612244], [136.900296, 37.61259], [136.900078, 37.612728], [136.899415, 37.612689], [136.898903, 37.612435], [136.898924, 37.612141], [136.899288, 37.611865], [136.898942, 37.611522], [136.898991, 37.611257], [136.898546, 37.611317], [136.898226, 37.611179], [136.897635, 37.610655], [136.897144, 37.609884]]], [[[136.895139, 37.610531], [136.895476, 37.610416], [136.895281, 37.610143], [136.895417, 37.609829], [136.895231, 37.609791], [136.895188, 37.609563], [136.895296, 37.609445], [136.895552, 37.609443], [136.896197, 37.609904], [136.896119, 37.610239], [136.896424, 37.610202], [136.897786, 37.610849], [136.898089, 37.611193], [136.897952, 37.611228], [136.898024, 37.611515], [136.897458, 37.611877], [136.897027, 37.611922], [136.896968, 37.611817], [136.897148, 37.611684], [136.896876, 37.611626], [136.896842, 37.611484], [136.896995, 37.611301], [136.896712, 37.61113], [136.895763, 37.611153], [136.895298, 37.610827], [136.895139, 37.610531]]], [[[136.901667, 37.611552], [136.901721, 37.611216], [136.902088, 37.610629], [136.902338, 37.610494], [136.902519, 37.610536], [136.902467, 37.61172], [136.902063, 37.61182], [136.901667, 37.611552]]], [[[136.898419, 37.611773], [136.898488, 37.61162], [136.898734, 37.611568], [136.898899, 37.611711], [136.898811, 37.611804], [136.898419, 37.611773]]], [[[136.894775, 37.610813], [136.895002, 37.610867], [136.894856, 37.610889], [136.894775, 37.610813]]], [[[136.894618, 37.610606], [136.894692, 37.610588], [136.894746, 37.61067], [136.894618, 37.610606]]], [[[136.894576, 37.609652], [136.894679, 37.60955], [136.895004, 37.609557], [136.894901, 37.60971], [136.894576, 37.609652]]], [[[136.897017, 37.609296], [136.897238, 37.608925], [136.897655, 37.608937], [136.89793, 37.609134], [136.897526, 37.609445], [136.897262, 37.609445], [136.897017, 37.609296]]], [[[136.894536, 37.609392], [136.894767, 37.609286], [136.895, 37.609387], [136.894536, 37.609392]]], [[[136.899416, 37.609128], [136.900033, 37.608798], [136.900164, 37.608873], [136.899621, 37.609363], [136.899416, 37.609319], [136.899416, 37.609128]]], [[[136.861673, 37.592799], [136.861783, 37.592744], [136.862059, 37.592876], [136.861942, 37.593142], [136.861673, 37.592799]]], [[[136.862028, 37.592591], [136.862527, 37.592704], [136.862567, 37.592882], [136.862028, 37.592591]]], [[[136.862004, 37.592076], [136.862379, 37.591991], [136.862561, 37.591744], [136.863014, 37.591778], [136.863329, 37.591526], [136.863693, 37.591487], [136.864043, 37.591835], [136.863842, 37.592158], [136.864015, 37.592467], [136.863593, 37.592655], [136.862933, 37.592453], [136.862507, 37.592532], [136.862158, 37.592365], [136.862004, 37.592076]]], [[[136.859365, 37.59033], [136.859641, 37.590179], [136.859954, 37.590289], [136.859365, 37.59033]]], [[[136.874547, 37.58965], [136.874741, 37.589398], [136.875103, 37.589378], [136.874996, 37.589139], [136.875163, 37.588928], [136.87582, 37.588695], [136.875859, 37.588556], [136.875541, 37.588481], [136.875552, 37.588372], [136.875876, 37.588446], [136.875903, 37.588307], [136.876347, 37.588372], [136.875978, 37.587896], [136.876071, 37.587723], [136.875851, 37.587242], [136.875583, 37.587133], [136.875669, 37.586864], [136.875883, 37.58679], [136.87604, 37.58693], [136.876063, 37.586603], [136.876242, 37.586402], [136.876482, 37.586349], [136.876985, 37.586374], [136.877643, 37.586721], [136.877931, 37.587136], [136.877745, 37.587424], [136.877231, 37.587549], [136.876941, 37.588562], [136.877485, 37.588868], [136.877521, 37.589099], [136.877034, 37.589219], [136.876698, 37.589643], [136.876254, 37.589749], [136.875637, 37.590106], [136.875309, 37.590102], [136.874896, 37.589876], [136.874684, 37.589913], [136.874547, 37.58965]]], [[[136.878535, 37.588995], [136.878951, 37.589021], [136.879126, 37.589206], [136.878814, 37.589309], [136.878535, 37.588995]]], [[[136.877898, 37.589058], [136.878186, 37.588924], [136.878418, 37.589068], [136.878154, 37.589173], [136.877898, 37.589058]]], [[[136.874519, 37.589084], [136.874797, 37.589012], [136.874859, 37.589096], [136.874519, 37.589084]]], [[[136.853446, 37.588333], [136.853544, 37.588109], [136.854217, 37.587847], [136.854308, 37.587597], [136.85385, 37.58737], [136.853978, 37.58709], [136.85417, 37.587015], [136.854411, 37.58711], [136.855119, 37.586758], [136.855833, 37.586978], [136.855494, 37.587229], [136.855692, 37.587488], [136.85565, 37.587663], [136.856086, 37.587784], [136.855966, 37.588162], [136.856098, 37.588451], [136.855996, 37.588627], [136.855798, 37.588592], [136.85567, 37.588713], [136.855861, 37.588787], [136.855734, 37.588967], [136.85543, 37.589033], [136.85519, 37.588918], [136.854557, 37.588262], [136.854564, 37.588538], [136.855016, 37.588802], [136.85511, 37.589002], [136.854894, 37.589131], [136.854592, 37.589127], [136.854517, 37.588965], [136.854784, 37.589001], [136.854761, 37.588903], [136.854066, 37.58855], [136.8537, 37.588719], [136.853719, 37.588516], [136.853446, 37.588333]]], [[[136.858155, 37.588642], [136.858637, 37.588419], [136.859149, 37.588668], [136.859092, 37.58874], [136.858751, 37.588661], [136.858546, 37.58878], [136.858155, 37.588642]]], [[[136.877924, 37.58853], [136.87811, 37.588562], [136.878038, 37.588592], [136.877924, 37.58853]]], [[[136.859078, 37.588365], [136.859528, 37.588526], [136.859269, 37.588539], [136.859078, 37.588365]]], [[[136.858203, 37.588179], [136.858318, 37.588175], [136.85832, 37.588321], [136.858203, 37.588179]]], [[[136.877205, 37.588178], [136.877268, 37.588042], [136.877323, 37.588262], [136.877205, 37.588178]]], [[[136.856618, 37.588187], [136.856902, 37.588121], [136.856665, 37.588249], [136.856618, 37.588187]]], [[[136.877541, 37.588068], [136.877653, 37.58802], [136.877668, 37.588207], [136.877541, 37.588068]]], [[[136.856167, 37.588067], [136.856448, 37.587751], [136.856833, 37.587764], [136.856761, 37.58794], [136.856357, 37.588184], [136.856167, 37.588067]]], [[[136.853288, 37.587788], [136.853549, 37.587697], [136.853487, 37.587562], [136.853609, 37.587536], [136.854106, 37.587641], [136.853769, 37.58787], [136.853288, 37.587788]]], [[[136.877325, 37.587648], [136.877592, 37.587554], [136.877615, 37.587832], [136.877401, 37.58784], [136.877325, 37.587648]]], [[[136.856257, 37.587551], [136.856627, 37.587447], [136.856479, 37.587557], [136.856257, 37.587551]]], [[[136.85255, 37.587014], [136.852821, 37.586595], [136.85312, 37.586613], [136.852939, 37.586906], [136.85255, 37.587014]]], [[[136.855953, 37.586809], [136.856554, 37.586946], [136.85605, 37.586986], [136.855953, 37.586809]]], [[[136.853677, 37.586896], [136.853846, 37.586783], [136.853822, 37.586877], [136.853677, 37.586896]]], [[[136.854374, 37.58679], [136.854746, 37.586746], [136.854539, 37.586856], [136.854374, 37.58679]]], [[[136.857654, 37.58651], [136.857737, 37.586471], [136.857918, 37.586621], [136.857654, 37.58651]]], [[[136.860868, 37.586504], [136.860938, 37.586457], [136.861065, 37.586573], [136.860868, 37.586504]]], [[[136.860501, 37.586127], [136.860671, 37.586142], [136.860693, 37.586223], [136.860501, 37.586127]]], [[[136.860343, 37.586048], [136.860526, 37.585884], [136.860524, 37.585985], [136.860343, 37.586048]]], [[[136.860698, 37.585827], [136.860802, 37.585763], [136.86076, 37.58588], [136.860698, 37.585827]]], [[[136.866484, 37.585523], [136.866757, 37.58578], [136.866556, 37.58575], [136.866484, 37.585523]]], [[[136.864674, 37.585551], [136.864983, 37.585418], [136.865175, 37.585532], [136.865189, 37.585725], [136.864802, 37.58574], [136.864674, 37.585551]]], [[[136.866677, 37.585516], [136.866934, 37.585457], [136.867127, 37.585612], [136.866779, 37.585617], [136.866677, 37.585516]]], [[[136.864358, 37.584106], [136.864633, 37.583959], [136.864952, 37.584081], [136.865153, 37.584576], [136.865116, 37.585152], [136.864902, 37.585141], [136.864648, 37.5849], [136.864358, 37.584106]]], [[[136.863968, 37.584308], [136.864168, 37.584427], [136.86431, 37.58478], [136.864106, 37.584661], [136.863968, 37.584308]]], [[[136.863902, 37.584006], [136.864004, 37.583922], [136.86412, 37.584044], [136.863961, 37.584123], [136.863902, 37.584006]]], [[[136.859057, 37.583199], [136.859278, 37.583171], [136.859333, 37.58332], [136.859057, 37.583199]]], [[[136.858552, 37.583182], [136.858784, 37.583056], [136.858959, 37.583134], [136.85864, 37.583285], [136.858552, 37.583182]]], [[[137.085896, 37.465962], [137.085422, 37.465769], [137.084761, 37.465862], [137.084029, 37.465198], [137.081659, 37.464246], [137.081381, 37.463959], [137.080938, 37.462349], [137.080311, 37.461526], [137.079691, 37.461207], [137.077696, 37.460636], [137.077532, 37.460479], [137.076981, 37.460318], [137.076765, 37.460105], [137.076634, 37.460172], [137.075965, 37.459032], [137.075408, 37.458556], [137.074956, 37.45849], [137.074695, 37.458821], [137.073861, 37.458872], [137.073899, 37.458317], [137.074214, 37.457902], [137.073442, 37.457241], [137.073662, 37.456841], [137.073714, 37.45635], [137.072816, 37.455449], [137.072691, 37.455609], [137.072417, 37.455317], [137.07064, 37.454306], [137.068864, 37.453534], [137.068081, 37.453346], [137.067581, 37.452994], [137.067055, 37.452852], [137.064844, 37.451772], [137.062546, 37.450892], [137.061663, 37.450736], [137.060704, 37.450346], [137.058043, 37.449618], [137.051707, 37.448794], [137.050507, 37.448749], [137.049124, 37.448896], [137.048232, 37.449271], [137.048241, 37.449619], [137.047936, 37.449813], [137.048046, 37.44996], [137.047754, 37.450324], [137.047607, 37.45025], [137.047253, 37.450329], [137.046919, 37.450557], [137.046511, 37.450633], [137.04602, 37.450479], [137.045996, 37.450049], [137.046255, 37.449756], [137.04616, 37.449592], [137.046505, 37.449439], [137.046614, 37.449105], [137.046051, 37.448942], [137.045952, 37.448803], [137.046232, 37.44853], [137.046869, 37.448291], [137.046879, 37.446756], [137.046731, 37.446216], [137.045507, 37.444479], [137.042689, 37.442179], [137.041046, 37.441277], [137.040064, 37.440532], [137.039721, 37.440391], [137.039529, 37.440435], [137.039128, 37.43984], [137.038359, 37.439166], [137.038039, 37.439062], [137.037698, 37.438634], [137.037169, 37.438404], [137.03696, 37.438091], [137.037043, 37.437961], [137.036514, 37.43783], [137.035732, 37.437179], [137.03524, 37.436249], [137.034701, 37.435644], [137.034127, 37.435408], [137.032944, 37.435337], [137.032346, 37.435075], [137.031075, 37.433741], [137.029482, 37.432789], [137.028911, 37.432698], [137.028679, 37.432544], [137.028568, 37.432682], [137.027413, 37.432473], [137.026334, 37.432597], [137.024654, 37.431986], [137.024033, 37.431879], [137.022126, 37.432347], [137.022184, 37.432551], [137.021388, 37.432716], [137.021662, 37.433509], [137.023894, 37.433928], [137.023847, 37.434107], [137.021456, 37.433664], [137.021172, 37.43275], [137.020831, 37.432635], [137.018729, 37.433], [137.017429, 37.433007], [137.014132, 37.431769], [137.013946, 37.43189], [137.012807, 37.431239], [137.012421, 37.431148], [137.01236, 37.430966], [137.011559, 37.430843], [137.011314, 37.43097], [137.010874, 37.43081], [137.010053, 37.430761], [137.008815, 37.430486], [137.006881, 37.429547], [137.004088, 37.428546], [137.002569, 37.427027], [137.00211, 37.426779], [137.00133, 37.426709], [137.000364, 37.426847], [136.99988, 37.426769], [136.999277, 37.426435], [136.997881, 37.425228], [136.996486, 37.42465], [136.994186, 37.424058], [136.993404, 37.423596], [136.991958, 37.423089], [136.990836, 37.423005], [136.989616, 37.422064], [136.987315, 37.421259], [136.985581, 37.421101], [136.98398, 37.420476], [136.982648, 37.419626], [136.981504, 37.419257], [136.980068, 37.417807], [136.978164, 37.417159], [136.977523, 37.416753], [136.977105, 37.416661], [136.976683, 37.415053], [136.97626, 37.414662], [136.975678, 37.414404], [136.975224, 37.414799], [136.974901, 37.414378], [136.975015, 37.414098], [136.974939, 37.413469], [136.974382, 37.413106], [136.973551, 37.412915], [136.972855, 37.413196], [136.9726, 37.41283], [136.971976, 37.412413], [136.971261, 37.412086], [136.970056, 37.411813], [136.969244, 37.411883], [136.968399, 37.412553], [136.968014, 37.412705], [136.967208, 37.412822], [136.966507, 37.412705], [136.964577, 37.411751], [136.957101, 37.408969], [136.955228, 37.408458], [136.954273, 37.408029], [136.953481, 37.407648], [136.953188, 37.407281], [136.949889, 37.405341], [136.944002, 37.402712], [136.941429, 37.401231], [136.938846, 37.400362], [136.937074, 37.399618], [136.932268, 37.398508], [136.93003, 37.397468], [136.928445, 37.396334], [136.926697, 37.395504], [136.923951, 37.394892], [136.920525, 37.394793], [136.919988, 37.394737], [136.9199, 37.394614], [136.918656, 37.394508], [136.917102, 37.394882], [136.91556, 37.394806], [136.914451, 37.394923], [136.914148, 37.394779], [136.914079, 37.394907], [136.91387, 37.394889], [136.913673, 37.39547], [136.909417, 37.39739], [136.906889, 37.397988], [136.904553, 37.396927], [136.90421, 37.397144], [136.904171, 37.397516], [136.9032, 37.397395], [136.902818, 37.397742], [136.902726, 37.398171], [136.903439, 37.398983], [136.902323, 37.399059], [136.902107, 37.398853], [136.901748, 37.398942], [136.901803, 37.399475], [136.901559, 37.399665], [136.903084, 37.400985], [136.901913, 37.401748], [136.901822, 37.400884], [136.901706, 37.400874], [136.901685, 37.399983], [136.901139, 37.399451], [136.899066, 37.401059], [136.898918, 37.401911], [136.899524, 37.402711], [136.900708, 37.402016], [136.901014, 37.401674], [136.901233, 37.4018], [136.900896, 37.402135], [136.900981, 37.402216], [136.900092, 37.40277], [136.900814, 37.403631], [136.900493, 37.403811], [136.900902, 37.404311], [136.901509, 37.404025], [136.902152, 37.404186], [136.903764, 37.403654], [136.903976, 37.403378], [136.904128, 37.403444], [136.903903, 37.403745], [136.902286, 37.404289], [136.902161, 37.404688], [136.901919, 37.404922], [136.901755, 37.404922], [136.9016, 37.405515], [136.898996, 37.406017], [136.898107, 37.406352], [136.896614, 37.406266], [136.89743, 37.406667], [136.897758, 37.406714], [136.898077, 37.406606], [136.898213, 37.406896], [136.898899, 37.407004], [136.899112, 37.407445], [136.89852, 37.407278], [136.898814, 37.407561], [136.898019, 37.407432], [136.898505, 37.407172], [136.898332, 37.407041], [136.898065, 37.407066], [136.898232, 37.40716], [136.898174, 37.407241], [136.89703, 37.407007], [136.896608, 37.407086], [136.896578, 37.406608], [136.896201, 37.406687], [136.895707, 37.406477], [136.895868, 37.406404], [136.895768, 37.406261], [136.895959, 37.406226], [136.895652, 37.405941], [136.895664, 37.405653], [136.895224, 37.405594], [136.895594, 37.405468], [136.895321, 37.405441], [136.895267, 37.405323], [136.89618, 37.405155], [136.896405, 37.404985], [136.896441, 37.40469], [136.896408, 37.403816], [136.895898, 37.402809], [136.894599, 37.401819], [136.8932, 37.401268], [136.892527, 37.401179], [136.89131, 37.401514], [136.889279, 37.401674], [136.887738, 37.402304], [136.886967, 37.402334], [136.884239, 37.40336], [136.883999, 37.402934], [136.883684, 37.403077], [136.883881, 37.403471], [136.883147, 37.403776], [136.881198, 37.403953], [136.880883, 37.40417], [136.879987, 37.405268], [136.88033, 37.405433], [136.879617, 37.406282], [136.878692, 37.406319], [136.878082, 37.406501], [136.877678, 37.406437], [136.877429, 37.406179], [136.876953, 37.406216], [136.87553, 37.406713], [136.875417, 37.407023], [136.875174, 37.407228], [136.874959, 37.407247], [136.874443, 37.407053], [136.874613, 37.406804], [136.874455, 37.406482], [136.874112, 37.406329], [136.873694, 37.406322], [136.873038, 37.406671], [136.873053, 37.40692], [136.872225, 37.407035], [136.872249, 37.407166], [136.871983, 37.407364], [136.871022, 37.406819], [136.871259, 37.406362], [136.870642, 37.406112], [136.870233, 37.406376], [136.870367, 37.406759], [136.869775, 37.4069], [136.8689, 37.406883], [136.868378, 37.407055], [136.867659, 37.406745], [136.86713, 37.406326], [136.867356, 37.406275], [136.867645, 37.406463], [136.867567, 37.406106], [136.867888, 37.405664], [136.867814, 37.405413], [136.867518, 37.405149], [136.866347, 37.405143], [136.86464, 37.404721], [136.864065, 37.404768], [136.863164, 37.404492], [136.862641, 37.404549], [136.862291, 37.404157], [136.862009, 37.404168], [136.861646, 37.404006], [136.861537, 37.403769], [136.861101, 37.403605], [136.860912, 37.403261], [136.860652, 37.40329], [136.860201, 37.403014], [136.859873, 37.402513], [136.859442, 37.402192], [136.858589, 37.401989], [136.858363, 37.402074], [136.85837, 37.401859], [136.857496, 37.401899], [136.857419, 37.402496], [136.85673, 37.403028], [136.85636, 37.403109], [136.855725, 37.402727], [136.855298, 37.402886], [136.85466, 37.402851], [136.854334, 37.402694], [136.854353, 37.402604], [136.853856, 37.402467], [136.853541, 37.40267], [136.853167, 37.402732], [136.852331, 37.402472], [136.852269, 37.402377], [136.85258, 37.401752], [136.852516, 37.401228], [136.852704, 37.401127], [136.852693, 37.400992], [136.852192, 37.400772], [136.852361, 37.400491], [136.852044, 37.400316], [136.851211, 37.400367], [136.851007, 37.400845], [136.850612, 37.401037], [136.850661, 37.401155], [136.850053, 37.402025], [136.849871, 37.402034], [136.849829, 37.401837], [136.849503, 37.401867], [136.849192, 37.402192], [136.848947, 37.401842], [136.848489, 37.401972], [136.848319, 37.401713], [136.847685, 37.401685], [136.847346, 37.401409], [136.846853, 37.401386], [136.846923, 37.401132], [136.846719, 37.400896], [136.846197, 37.400711], [136.845698, 37.400747], [136.845788, 37.400451], [136.845477, 37.400186], [136.845407, 37.399911], [136.845633, 37.399756], [136.845435, 37.399617], [136.844987, 37.399774], [136.844457, 37.400154], [136.843566, 37.400288], [136.843447, 37.400546], [136.843121, 37.400654], [136.8431, 37.400288], [136.842734, 37.40026], [136.842653, 37.399703], [136.841986, 37.39982], [136.842056, 37.399522], [136.842295, 37.39934], [136.842033, 37.39905], [136.84157, 37.399375], [136.841415, 37.399316], [136.841924, 37.398547], [136.841654, 37.398494], [136.841412, 37.398859], [136.841212, 37.398841], [136.841189, 37.398542], [136.841396, 37.398431], [136.841351, 37.39826], [136.841521, 37.398147], [136.841323, 37.397641], [136.840547, 37.397365], [136.839946, 37.397445], [136.839923, 37.397304], [136.839631, 37.397258], [136.839836, 37.397088], [136.839503, 37.396886], [136.839348, 37.397055], [136.838784, 37.39692], [136.838683, 37.397069], [136.838491, 37.397069], [136.838478, 37.396766], [136.838255, 37.396548], [136.837705, 37.396514], [136.837183, 37.395833], [136.837557, 37.395208], [136.836901, 37.394774], [136.836548, 37.395033], [136.836555, 37.394645], [136.835906, 37.394312], [136.835624, 37.393929], [136.835251, 37.393907], [136.834983, 37.393276], [136.833862, 37.393625], [136.833498, 37.394], [136.833206, 37.393939], [136.832916, 37.394093], [136.832726, 37.394059], [136.832704, 37.393761], [136.833135, 37.392882], [136.833198, 37.392262], [136.833036, 37.39193], [136.832839, 37.391936], [136.832824, 37.391716], [136.832128, 37.391351], [136.831799, 37.391447], [136.831468, 37.391301], [136.831146, 37.390837], [136.831266, 37.390522], [136.830807, 37.390274], [136.830652, 37.390044], [136.829774, 37.389707], [136.829587, 37.389514], [136.829319, 37.389475], [136.829196, 37.389649], [136.828921, 37.389612], [136.828783, 37.38948], [136.828945, 37.389418], [136.828882, 37.389064], [136.828464, 37.388964], [136.82855, 37.388849], [136.828064, 37.388804], [136.828035, 37.388669], [136.827545, 37.388466], [136.827149, 37.388543], [136.826674, 37.388416], [136.826392, 37.388179], [136.826491, 37.388072], [136.826004, 37.387744], [136.825601, 37.387859], [136.825371, 37.387723], [136.824163, 37.387779], [136.823776, 37.388136], [136.823387, 37.388131], [136.822943, 37.387886], [136.822678, 37.388031], [136.822456, 37.387971], [136.822263, 37.388238], [136.82137, 37.388258], [136.821225, 37.388363], [136.821159, 37.388162], [136.821392, 37.388078], [136.821427, 37.387937], [136.820775, 37.387888], [136.820228, 37.387639], [136.820016, 37.387751], [136.819868, 37.387582], [136.819593, 37.38761], [136.819388, 37.387436], [136.819231, 37.387705], [136.81894, 37.387481], [136.818507, 37.38774], [136.818371, 37.387567], [136.818511, 37.387451], [136.818418, 37.387322], [136.818122, 37.387322], [136.817766, 37.387501], [136.81735, 37.387396], [136.817011, 37.387093], [136.816532, 37.386991], [136.816186, 37.386715], [136.815914, 37.387036], [136.815374, 37.386883], [136.814912, 37.387105], [136.81443, 37.387036], [136.814136, 37.387174], [136.81388, 37.386889], [136.813619, 37.386895], [136.813266, 37.386692], [136.812653, 37.386642], [136.812399, 37.386743], [136.811517, 37.386602], [136.811362, 37.386394], [136.811439, 37.386174], [136.811313, 37.385898], [136.810834, 37.385233], [136.81029, 37.385324], [136.810086, 37.385138], [136.809873, 37.3852], [136.809549, 37.385076], [136.809296, 37.384794], [136.809338, 37.383887], [136.809218, 37.383882], [136.809077, 37.383578], [136.80919, 37.383437], [136.809169, 37.382959], [136.809392, 37.38275], [136.809585, 37.382198], [136.80986, 37.382361], [136.810361, 37.382283], [136.810346, 37.382187], [136.810107, 37.381967], [136.80955, 37.382141], [136.808922, 37.382108], [136.808534, 37.381776], [136.80814, 37.382037], [136.807441, 37.382181], [136.805706, 37.382181], [136.805755, 37.381928], [136.806023, 37.381815], [136.805946, 37.381641], [136.805353, 37.381731], [136.805663, 37.381472], [136.805205, 37.381263], [136.805297, 37.380931], [136.805177, 37.380846], [136.804662, 37.380896], [136.804824, 37.380565], [136.804598, 37.380604], [136.804408, 37.380137], [136.804337, 37.380339], [136.804041, 37.38039], [136.804063, 37.379928], [136.804243, 37.379856], [136.804091, 37.379534], [136.803646, 37.379624], [136.803611, 37.379196], [136.803047, 37.379399], [136.802877, 37.379264], [136.803068, 37.37905], [136.803075, 37.378723], [136.802828, 37.378442], [136.803251, 37.378222], [136.80292, 37.376932], [136.802297, 37.376781], [136.80254, 37.376746], [136.802504, 37.376673], [136.801532, 37.376045], [136.801447, 37.376141], [136.800921, 37.375926], [136.800518, 37.37598], [136.799821, 37.376581], [136.799889, 37.376951], [136.800557, 37.376878], [136.800596, 37.377022], [136.799959, 37.377099], [136.799634, 37.377384], [136.799387, 37.377391], [136.799341, 37.377579], [136.799042, 37.377769], [136.799104, 37.377874], [136.798956, 37.378001], [136.798802, 37.377934], [136.798653, 37.37825], [136.798208, 37.378239], [136.798215, 37.378042], [136.797919, 37.377963], [136.798088, 37.377788], [136.79794, 37.377496], [136.797602, 37.377467], [136.797169, 37.377245], [136.797064, 37.377338], [136.796565, 37.377326], [136.796741, 37.377169], [136.796664, 37.377107], [136.796417, 37.377169], [136.796325, 37.376955], [136.796015, 37.376994], [136.795528, 37.376854], [136.795309, 37.376955], [136.793871, 37.376964], [136.793533, 37.377314], [136.792946, 37.377535], [136.792855, 37.377411], [136.792502, 37.377338], [136.792143, 37.377433], [136.792072, 37.377676], [136.791726, 37.37785], [136.791522, 37.377636], [136.791056, 37.377698], [136.791374, 37.376651], [136.791804, 37.376239], [136.791691, 37.375992], [136.792107, 37.375592], [136.791896, 37.375164], [136.792044, 37.37504], [136.791804, 37.374933], [136.791712, 37.374719], [136.791811, 37.374617], [136.792023, 37.374719], [136.791825, 37.374336], [136.789914, 37.374156], [136.789491, 37.374257], [136.789427, 37.374381], [136.789237, 37.374223], [136.788806, 37.374139], [136.788461, 37.374257], [136.788299, 37.374127], [136.788024, 37.37424], [136.78789, 37.373981], [136.787523, 37.374004], [136.787438, 37.373632], [136.786959, 37.373328], [136.785964, 37.373271], [136.785259, 37.372832], [136.78504, 37.372832], [136.784811, 37.373152], [136.784497, 37.373142], [136.784427, 37.37299], [136.784645, 37.372821], [136.784483, 37.372562], [136.784314, 37.372573], [136.784236, 37.372365], [136.783926, 37.372286], [136.783799, 37.372094], [136.783926, 37.371976], [136.783446, 37.371768], [136.783228, 37.371469], [136.783284, 37.37134], [136.783079, 37.37134], [136.782988, 37.371199], [136.782685, 37.369909], [136.782706, 37.369414], [136.782791, 37.369346], [136.783087, 37.369464], [136.78327, 37.369115], [136.782967, 37.36898], [136.783088, 37.368758], [136.782951, 37.368567], [136.782791, 37.368693], [136.782679, 37.368381], [136.782395, 37.368181], [136.782073, 37.368124], [136.781381, 37.368355], [136.780886, 37.368912], [136.780653, 37.369335], [136.780688, 37.369543], [136.780312, 37.369559], [136.779974, 37.37012], [136.779719, 37.370163], [136.779506, 37.369904], [136.779024, 37.369943], [136.778544, 37.370213], [136.778431, 37.370585], [136.778234, 37.370619], [136.777938, 37.370247], [136.77774, 37.370191], [136.777451, 37.370472], [136.776943, 37.370286], [136.777084, 37.370134], [136.776901, 37.370056], [136.776774, 37.369746], [136.776838, 37.369296], [136.776482, 37.369125], [136.776189, 37.369245], [136.775646, 37.369183], [136.775928, 37.369036], [136.775815, 37.368839], [136.776111, 37.36889], [136.776231, 37.368777], [136.776428, 37.368327], [136.77642, 37.367981], [136.775932, 37.367932], [136.775815, 37.36769], [136.776073, 37.367584], [136.775885, 37.367426], [136.776268, 37.367339], [136.776304, 37.367056], [136.775401, 37.366733], [136.775084, 37.366916], [136.774716, 37.366856], [136.774745, 37.367346], [136.774038, 37.367525], [136.773724, 37.367344], [136.773655, 37.36712], [136.773687, 37.366718], [136.773958, 37.366607], [136.77393, 37.36652], [136.773649, 37.366451], [136.773296, 37.36617], [136.773333, 37.366033], [136.773064, 37.365905], [136.772594, 37.365979], [136.772451, 37.366446], [136.772216, 37.366732], [136.77207, 37.366693], [136.77214, 37.367257], [136.771934, 37.367546], [136.771765, 37.367381], [136.771742, 37.36707], [136.771886, 37.366564], [136.771731, 37.366524], [136.771639, 37.366862], [136.771322, 37.367138], [136.771068, 37.367009], [136.771012, 37.366485], [136.770737, 37.366615], [136.770772, 37.366772], [136.770506, 37.367168], [136.770333, 37.366989], [136.770264, 37.366372], [136.769721, 37.366209], [136.769446, 37.366384], [136.769037, 37.36635], [136.768825, 37.366102], [136.768275, 37.366074], [136.768162, 37.365843], [136.767709, 37.365842], [136.767536, 37.365642], [136.766914, 37.365454], [136.766471, 37.365477], [136.7662, 37.365194], [136.765458, 37.365335], [136.765207, 37.365145], [136.764354, 37.365088], [136.764135, 37.365387], [136.763267, 37.365392], [136.761568, 37.364931], [136.761201, 37.364942], [136.761067, 37.365207], [136.760559, 37.365347], [136.760326, 37.365195], [136.759952, 37.36528], [136.759388, 37.364925], [136.758506, 37.364976], [136.756869, 37.364685], [136.756503, 37.364913], [136.756383, 37.36488], [136.756482, 37.364283], [136.756121, 37.364151], [136.756257, 37.363889], [136.755749, 37.363669], [136.755805, 37.363213], [136.75541, 37.363235], [136.755523, 37.362976], [136.755375, 37.362666], [136.755184, 37.362571], [136.754585, 37.3627], [136.754698, 37.362537], [136.754585, 37.362385], [136.754909, 37.36225], [136.7551, 37.362013], [136.754353, 37.361169], [136.754014, 37.361225], [136.753894, 37.361141], [136.754162, 37.360583], [136.754366, 37.360464], [136.75419, 37.360464], [136.753979, 37.360267], [136.75419, 37.360059], [136.754062, 37.360041], [136.754028, 37.359777], [136.754169, 37.359642], [136.754035, 37.359192], [136.754149, 37.358969], [136.753866, 37.358696], [136.753534, 37.358589], [136.753203, 37.358685], [136.752871, 37.358482], [136.753377, 37.358128], [136.753308, 37.357744], [136.752244, 37.357531], [136.752286, 37.357333], [136.752039, 37.357333], [136.751891, 37.357063], [136.751708, 37.357024], [136.75127, 37.357221], [136.750988, 37.357204], [136.750868, 37.357333], [136.750523, 37.357221], [136.750614, 37.35686], [136.750974, 37.356798], [136.751431, 37.356358], [136.751658, 37.355948], [136.751559, 37.355807], [136.751695, 37.35553], [136.752136, 37.355372], [136.752621, 37.355359], [136.752519, 37.354619], [136.752639, 37.354191], [136.753593, 37.35387], [136.753965, 37.353617], [136.754233, 37.353712], [136.754346, 37.353606], [136.754607, 37.353791], [136.755633, 37.353462], [136.755867, 37.353718], [136.755975, 37.353679], [136.756553, 37.353301], [136.756941, 37.352451], [136.756948, 37.352113], [136.756364, 37.350394], [136.756123, 37.349951], [136.755841, 37.350019], [136.755895, 37.34975], [136.756012, 37.349731], [136.755606, 37.349009], [136.754491, 37.347581], [136.754062, 37.346599], [136.753055, 37.345806], [136.752681, 37.345671], [136.752639, 37.345806], [136.752341, 37.345868], [136.752385, 37.345519], [136.751001, 37.344501], [136.750898, 37.344555], [136.749842, 37.344027], [136.748724, 37.343131], [136.746911, 37.342686], [136.745508, 37.342556], [136.744618, 37.34277], [136.744111, 37.343119], [136.74309, 37.344522], [136.743235, 37.345034], [136.743749, 37.345107], [136.743839, 37.345292], [136.743386, 37.345512], [136.742509, 37.345355], [136.742398, 37.345817], [136.742663, 37.345816], [136.742632, 37.345969], [136.74139, 37.347022], [136.740982, 37.347039], [136.740138, 37.347658], [136.739612, 37.347844], [136.739074, 37.347797], [136.738939, 37.347681], [136.7386, 37.347772], [136.738425, 37.347686], [136.73806, 37.347825], [136.737759, 37.347709], [136.737516, 37.348086], [136.737437, 37.347844], [136.737193, 37.347754], [136.73722, 37.347343], [136.737727, 37.347101], [136.737786, 37.346898], [136.737655, 37.346582], [136.737352, 37.346476], [136.737273, 37.346261], [136.737464, 37.346064], [136.737299, 37.345406], [136.737088, 37.345254], [136.736699, 37.345383], [136.736699, 37.345101], [136.737055, 37.344887], [136.736818, 37.344336], [136.736943, 37.344302], [136.737082, 37.344448], [136.737332, 37.344313], [136.737991, 37.343209], [136.738175, 37.343136], [136.738274, 37.342562], [136.739111, 37.341987], [136.738808, 37.341824], [136.738933, 37.341396], [136.739236, 37.341278], [136.739533, 37.341329], [136.739803, 37.34085], [136.739684, 37.339617], [136.739453, 37.33938], [136.739282, 37.339447], [136.738933, 37.339335], [136.738676, 37.338817], [136.738861, 37.33862], [136.738485, 37.338287], [136.738624, 37.337797], [136.738176, 37.337336], [136.737185, 37.335822], [136.736494, 37.335471], [136.736276, 37.335785], [136.735751, 37.335771], [136.735225, 37.335392], [136.734869, 37.335517], [136.734641, 37.335439], [136.73462, 37.335111], [136.734078, 37.334723], [136.7336, 37.334769], [136.733393, 37.334304], [136.732974, 37.334142], [136.732389, 37.33338], [136.731279, 37.332729], [136.730552, 37.331945], [136.72957, 37.331566], [136.729352, 37.331128], [136.729044, 37.330861], [136.728471, 37.330487], [136.728237, 37.330505], [136.727584, 37.329859], [136.727658, 37.32967], [136.727148, 37.329439], [136.725768, 37.328128], [136.725497, 37.328151], [136.725433, 37.327634], [136.725173, 37.327445], [136.725189, 37.327071], [136.724743, 37.327016], [136.72444, 37.326804], [136.724461, 37.32655], [136.724212, 37.326347], [136.723898, 37.325673], [136.723649, 37.325604], [136.723553, 37.325322], [136.723309, 37.325156], [136.723049, 37.325202], [136.722884, 37.324787], [136.722624, 37.324851], [136.722773, 37.324528], [136.722395, 37.324381], [136.722157, 37.323864], [136.722316, 37.323416], [136.722146, 37.323351], [136.722274, 37.323005], [136.722066, 37.322465], [136.722194, 37.322511], [136.72256, 37.322234], [136.722136, 37.321782], [136.722151, 37.321385], [136.721939, 37.321431], [136.721865, 37.321279], [136.721896, 37.321034], [136.722204, 37.320799], [136.72204, 37.320504], [136.721206, 37.320425], [136.721668, 37.320277], [136.721626, 37.320157], [136.722226, 37.32013], [136.72256, 37.319793], [136.722768, 37.319207], [136.723129, 37.319272], [136.723399, 37.31911], [136.724217, 37.318016], [136.724244, 37.31761], [136.724451, 37.317527], [136.724563, 37.317269], [136.724345, 37.316844], [136.724504, 37.316595], [136.72417, 37.315049], [136.723872, 37.314786], [136.724079, 37.314638], [136.723878, 37.314426], [136.723931, 37.314329], [136.724207, 37.314273], [136.724249, 37.314098], [136.723713, 37.313918], [136.724313, 37.313512], [136.725126, 37.31227], [136.725142, 37.310567], [136.724802, 37.310346], [136.724828, 37.309972], [136.724144, 37.309639], [136.724207, 37.309399], [136.724489, 37.309436], [136.724781, 37.309252], [136.724319, 37.309044], [136.724282, 37.308786], [136.724478, 37.308569], [136.724468, 37.308361], [136.724271, 37.308241], [136.724228, 37.30783], [136.723729, 37.307618], [136.723724, 37.307129], [136.723411, 37.306917], [136.723544, 37.30681], [136.724016, 37.30694], [136.724144, 37.306746], [136.724, 37.306538], [136.724691, 37.306894], [136.725291, 37.306889], [136.725738, 37.307154], [136.726138, 37.307147], [136.726774, 37.306816], [136.727116, 37.306439], [136.727484, 37.305836], [136.727635, 37.305188], [136.727622, 37.305014], [136.7263, 37.304166], [136.725886, 37.303617], [136.7257, 37.303571], [136.7257, 37.303335], [136.725429, 37.303377], [136.725355, 37.303178], [136.724691, 37.303183], [136.72459, 37.30309], [136.724845, 37.302763], [136.725896, 37.302606], [136.725838, 37.302481], [136.72502, 37.302407], [136.725041, 37.302264], [136.725758, 37.302218], [136.725928, 37.301913], [136.72673, 37.301262], [136.726757, 37.301106], [136.726204, 37.300187], [136.725912, 37.299957], [136.72519, 37.299689], [136.725217, 37.299481], [136.725631, 37.299417], [136.725466, 37.298323], [136.725806, 37.298364], [136.725928, 37.297727], [136.725451, 37.297261], [136.725249, 37.296121], [136.725328, 37.295535], [136.725159, 37.295106], [136.724898, 37.294857], [136.725334, 37.29451], [136.724989, 37.29428], [136.724861, 37.293956], [136.724766, 37.292941], [136.726088, 37.290634], [136.726284, 37.290721], [136.724968, 37.293043], [136.725068, 37.293758], [136.726093, 37.293906], [136.726502, 37.294672], [136.727984, 37.294104], [136.728244, 37.294173], [136.728424, 37.293347], [136.728579, 37.293371], [136.728483, 37.292789], [136.727952, 37.292535], [136.727575, 37.292152], [136.727649, 37.291847], [136.728462, 37.292484], [136.729152, 37.292369], [136.730416, 37.292932], [136.730745, 37.292872], [136.730835, 37.293034], [136.731781, 37.292835], [136.73222, 37.292386], [136.732391, 37.29197], [136.732753, 37.291762], [136.733128, 37.291249], [136.733634, 37.290551], [136.733753, 37.290134], [136.734299, 37.289751], [136.735101, 37.28827], [136.735003, 37.286761], [136.735141, 37.28591], [136.735246, 37.285916], [136.735204, 37.284629], [136.734701, 37.283132], [136.734303, 37.282613], [136.734026, 37.282526], [136.733523, 37.282598], [136.733253, 37.28203], [136.73245, 37.282253], [136.732351, 37.282131], [136.73268, 37.281985], [136.732484, 37.281658], [136.733612, 37.280807], [136.733853, 37.280124], [136.733811, 37.279342], [136.732313, 37.276443], [136.73128, 37.27526], [136.73057, 37.273255], [136.730202, 37.272574], [136.729695, 37.271993], [136.729406, 37.271177], [136.728249, 37.2692], [136.727532, 37.268209], [136.72721, 37.266587], [136.726657, 37.265083], [136.725928, 37.263895], [136.723407, 37.260557], [136.723297, 37.259952], [136.722738, 37.258854], [136.72087, 37.255897], [136.720121, 37.255345], [136.71939, 37.25503], [136.718772, 37.254314], [136.717918, 37.254187], [136.717734, 37.253339], [136.717189, 37.252314], [136.716549, 37.251798], [136.71631, 37.251774], [136.716252, 37.251564], [136.716378, 37.251462], [136.716235, 37.250956], [136.715407, 37.250284], [136.714658, 37.249931], [136.713938, 37.249187], [136.713679, 37.249068], [136.713256, 37.249089], [136.713147, 37.248844], [136.712314, 37.248324], [136.711896, 37.248277], [136.710034, 37.248746], [136.709711, 37.247978], [136.70887, 37.24864], [136.709151, 37.248762], [136.708916, 37.249139], [136.70854, 37.248983], [136.708297, 37.249299], [136.707284, 37.248857], [136.707179, 37.24897], [136.706347, 37.248572], [136.706736, 37.248032], [136.706498, 37.247903], [136.706544, 37.247812], [136.706334, 37.247703], [136.705782, 37.248206], [136.705498, 37.247999], [136.705485, 37.247706], [136.705341, 37.247615], [136.705418, 37.246362], [136.704334, 37.245754], [136.704389, 37.24607], [136.70424, 37.246161], [136.704248, 37.246334], [136.703973, 37.246489], [136.703674, 37.246414], [136.703645, 37.24602], [136.703221, 37.246049], [136.703466, 37.2458], [136.703087, 37.245677], [136.703055, 37.245504], [136.703213, 37.245292], [136.703142, 37.245157], [136.703418, 37.24497], [136.703468, 37.24407], [136.702694, 37.243408], [136.702614, 37.243588], [136.702171, 37.243513], [136.701937, 37.243062], [136.701937, 37.242926], [136.702146, 37.242889], [136.701715, 37.242111], [136.701342, 37.242216], [136.700296, 37.242036], [136.700076, 37.24211], [136.699899, 37.242667], [136.699744, 37.242647], [136.699617, 37.242445], [136.699676, 37.242216], [136.699526, 37.242091], [136.699706, 37.241874], [136.699631, 37.24168], [136.699803, 37.24158], [136.700384, 37.241792], [136.700548, 37.241693], [136.701552, 37.24171], [136.701405, 37.240322], [136.700413, 37.237911], [136.700001, 37.23797], [136.699577, 37.237833], [136.69947, 37.237676], [136.699963, 37.237409], [136.70046, 37.237525], [136.700797, 37.236756], [136.700591, 37.236657], [136.700565, 37.236332], [136.700359, 37.236222], [136.701159, 37.235935], [136.701385, 37.235972], [136.70151, 37.235861], [136.701126, 37.235607], [136.701171, 37.235399], [136.701895, 37.235521], [136.702306, 37.23494], [136.702142, 37.234713], [136.702432, 37.234534], [136.702778, 37.23401], [136.702958, 37.23399], [136.703029, 37.233552], [136.703456, 37.233827], [136.703921, 37.233379], [136.703787, 37.23329], [136.704682, 37.232523], [136.704787, 37.231328], [136.705294, 37.230937], [136.705435, 37.230523], [136.704876, 37.230785], [136.703784, 37.226666], [136.702612, 37.225001], [136.702293, 37.224766], [136.701621, 37.223585], [136.700941, 37.222963], [136.700709, 37.222842], [136.700332, 37.223178], [136.699748, 37.223262], [136.699424, 37.223008], [136.69942, 37.22261], [136.699171, 37.222654], [136.698599, 37.222357], [136.698206, 37.222374], [136.697587, 37.222676], [136.696879, 37.223484], [136.696768, 37.223487], [136.696821, 37.223117], [136.696079, 37.223582], [136.695681, 37.223612], [136.695325, 37.222844], [136.694878, 37.222394], [136.694803, 37.221819], [136.694948, 37.221315], [136.695354, 37.221285], [136.695502, 37.22148], [136.696011, 37.221213], [136.695401, 37.220372], [136.69594, 37.21977], [136.6962, 37.219791], [136.696366, 37.219644], [136.69737, 37.219633], [136.699013, 37.218923], [136.699946, 37.218689], [136.700718, 37.219061], [136.701285, 37.219521], [136.702959, 37.219224], [136.703881, 37.219646], [136.704654, 37.219391], [136.704938, 37.220073], [136.706375, 37.221581], [136.706823, 37.222518], [136.707936, 37.222836], [136.708495, 37.223209], [136.709332, 37.223162], [136.710646, 37.222501], [136.712341, 37.222359], [136.712877, 37.221787], [136.712789, 37.221527], [136.712918, 37.221277], [136.713613, 37.220784], [136.714464, 37.220583], [136.714948, 37.220102], [136.715113, 37.219768], [136.715154, 37.218568], [136.716118, 37.217971], [136.716159, 37.217804], [136.71571, 37.216859], [136.71483, 37.216052], [136.714835, 37.21563], [136.714505, 37.214622], [136.714567, 37.213811], [136.714283, 37.212954], [136.714165, 37.212837], [136.713331, 37.212649], [136.712934, 37.211692], [136.711831, 37.210948], [136.711605, 37.210497], [136.711486, 37.209293], [136.711275, 37.2091], [136.710755, 37.209063], [136.710631, 37.20895], [136.710611, 37.207537], [136.710915, 37.207065], [136.710909, 37.206597], [136.712501, 37.206208], [136.713068, 37.206275], [136.713145, 37.20592], [136.713573, 37.205828], [136.713872, 37.206032], [136.713944, 37.206685], [136.714119, 37.207036], [136.714356, 37.207182], [136.715546, 37.206731], [136.716422, 37.206656], [136.716891, 37.206747], [136.717489, 37.207203], [136.717751, 37.207191], [136.718843, 37.206263], [136.720688, 37.206643], [136.722857, 37.206079], [136.723872, 37.206267], [136.724274, 37.206631], [136.72465, 37.206785], [136.725881, 37.205657], [136.727014, 37.205435], [136.728153, 37.204583], [136.72957, 37.204662], [136.730363, 37.204838], [136.731378, 37.204378], [136.731621, 37.204211], [136.732023, 37.203266], [136.733285, 37.201899], [136.73364, 37.201891], [136.734712, 37.202229], [136.735392, 37.202083], [136.735989, 37.20248], [136.736922, 37.202627], [136.737267, 37.202564], [136.738014, 37.201807], [136.738704, 37.201757], [136.738344, 37.201147], [136.738133, 37.199947], [136.737808, 37.199726], [136.736932, 37.199529], [136.736819, 37.199354], [136.736876, 37.19889], [136.736307, 37.198753], [136.735964, 37.198514], [136.735639, 37.198196], [136.735521, 37.197765], [136.736258, 37.197531], [136.736819, 37.196971], [136.737762, 37.19662], [136.738153, 37.196645], [136.738288, 37.19652], [136.738215, 37.196269], [136.738344, 37.195972], [136.738854, 37.195797], [136.739009, 37.195462], [136.739421, 37.195212], [136.739771, 37.195157], [136.740039, 37.195279], [136.740923, 37.195089], [136.74143, 37.195366], [136.741574, 37.195324], [136.741724, 37.195036], [136.741497, 37.194785], [136.741384, 37.194288], [136.74159, 37.193916], [136.743182, 37.193895], [136.743816, 37.192896], [136.743203, 37.192198], [136.743373, 37.191738], [136.743244, 37.190886], [136.743584, 37.190505], [136.745088, 37.191128], [136.746258, 37.191416], [136.747006, 37.192357], [136.747629, 37.192466], [136.748985, 37.193016], [136.750059, 37.193039], [136.749918, 37.193681], [136.75102, 37.194301], [136.751388, 37.194266], [136.751416, 37.193716], [136.751656, 37.193383], [136.75191, 37.193303], [136.752871, 37.193607], [136.752963, 37.193894], [136.752673, 37.194266], [136.752751, 37.194604], [136.754072, 37.196261], [136.754065, 37.197316], [136.755909, 37.197064], [136.756665, 37.196553], [136.757683, 37.196473], [136.758926, 37.197201], [136.759661, 37.196955], [136.760608, 37.196938], [136.761003, 37.197282], [136.761251, 37.197328], [136.761752, 37.196857], [136.762035, 37.196789], [136.762883, 37.197236], [136.76354, 37.197414], [136.76361, 37.197546], [136.763059, 37.198566], [136.762996, 37.198933], [136.763377, 37.199168], [136.764274, 37.199076], [136.764571, 37.199179], [136.764854, 37.199409], [136.764974, 37.199844], [136.765737, 37.200773], [136.766599, 37.201174], [136.767524, 37.201146], [136.767863, 37.201357], [136.767984, 37.201661], [136.767644, 37.202613], [136.767863, 37.203031], [136.76869, 37.202871], [136.769135, 37.202298], [136.769481, 37.202298], [136.770096, 37.202607], [136.770796, 37.202636], [136.772159, 37.202137], [136.772943, 37.202223], [136.773198, 37.202533], [136.773092, 37.203559], [136.772526, 37.203719], [136.772357, 37.203943], [136.772837, 37.204728], [136.77283, 37.205107], [136.772569, 37.205668], [136.772639, 37.205829], [136.773946, 37.206534], [136.774639, 37.206712], [136.775034, 37.206976], [136.775409, 37.207457], [136.77514, 37.208208], [136.774123, 37.208409], [136.773763, 37.208678], [136.773734, 37.208867], [136.774731, 37.208861], [136.776214, 37.209085], [136.776419, 37.209079], [136.776688, 37.208879], [136.777013, 37.208873], [136.777535, 37.208993], [136.778023, 37.209269], [136.778334, 37.209601], [136.778186, 37.210724], [136.778369, 37.211361], [136.77868, 37.211596], [136.779818, 37.21206], [136.779909, 37.212811], [136.780128, 37.213086], [136.780368, 37.213218], [136.782219, 37.213064], [136.784466, 37.214347], [136.785561, 37.214634], [136.785943, 37.215099], [136.785957, 37.21652], [136.786134, 37.2173], [136.786452, 37.217776], [136.78713, 37.218097], [136.787646, 37.218607], [136.788331, 37.218515], [136.788903, 37.218572], [136.790217, 37.219513], [136.79175, 37.219868], [136.79228, 37.220201], [136.792819, 37.220655], [136.793096, 37.221272], [136.793049, 37.221478], [136.792867, 37.221555], [136.791836, 37.221478], [136.79106, 37.221986], [136.790117, 37.221896], [136.789293, 37.222597], [136.788794, 37.222455], [136.788833, 37.222957], [136.788207, 37.223676], [136.788144, 37.224499], [136.78858, 37.225194], [136.788429, 37.225753], [136.794934, 37.225522], [136.795283, 37.226056], [136.796012, 37.225978], [136.795616, 37.226293], [136.795584, 37.226493], [136.795822, 37.226705], [136.796535, 37.226898], [136.796638, 37.227078], [136.796242, 37.227239], [136.795703, 37.227933], [136.795584, 37.229225], [136.797034, 37.232047], [136.797715, 37.232575], [136.799054, 37.233134], [136.799934, 37.233385], [136.801107, 37.232999], [136.801669, 37.233533], [136.801669, 37.233874], [136.801408, 37.234111], [136.80136, 37.234368], [136.801566, 37.234754], [136.80113, 37.235725], [136.801962, 37.236143], [136.80262, 37.237139], [136.802802, 37.23784], [136.802754, 37.238078], [136.802414, 37.238342], [136.801962, 37.23903], [136.802556, 37.239711], [136.802564, 37.240026], [136.802113, 37.240946], [136.802279, 37.241338], [136.802628, 37.241601], [136.803468, 37.241878], [136.80422, 37.241871], [136.80665, 37.242366], [136.807603, 37.242292], [136.807936, 37.242476], [136.807976, 37.242675], [136.807691, 37.243022], [136.806787, 37.243401], [136.806296, 37.243768], [136.806256, 37.244276], [136.806779, 37.245009], [136.806573, 37.245395], [136.806011, 37.245774], [136.806161, 37.246584], [136.807247, 37.246996], [136.807508, 37.247272], [136.807675, 37.248005], [136.807904, 37.24823], [136.809061, 37.248416], [136.810187, 37.248185], [136.81067, 37.247941], [136.811589, 37.248365], [136.812334, 37.249317], [136.811779, 37.25005], [136.811676, 37.250744], [136.810797, 37.251914], [136.810012, 37.252177], [136.809664, 37.252563], [136.809767, 37.252972], [136.81031, 37.253259], [136.810459, 37.253603], [136.808814, 37.254716], [136.807975, 37.255127], [136.807975, 37.255916], [136.808274, 37.256078], [136.808473, 37.256509], [136.808656, 37.256489], [136.809047, 37.256125], [136.809504, 37.256112], [136.809778, 37.256172], [136.809753, 37.256617], [136.809911, 37.256752], [136.810634, 37.25686], [136.811773, 37.256456], [136.811873, 37.255793], [136.812004, 37.255707], [136.812819, 37.255963], [136.81307, 37.256639], [136.8125, 37.257194], [136.812454, 37.257413], [136.813144, 37.25804], [136.813659, 37.258316], [136.814906, 37.258654], [136.815179, 37.258883], [136.815562, 37.259692], [136.815986, 37.262739], [136.817124, 37.267122], [136.817897, 37.267338], [136.818188, 37.26692], [136.81847, 37.266792], [136.819733, 37.266616], [136.819875, 37.266292], [136.819825, 37.265929], [136.819567, 37.265625], [136.819559, 37.264991], [136.819359, 37.264513], [136.819526, 37.264236], [136.819484, 37.263441], [136.820033, 37.262666], [136.820614, 37.262571], [136.822077, 37.261331], [136.822044, 37.261135], [136.821753, 37.260939], [136.822185, 37.260629], [136.821188, 37.259652], [136.821462, 37.258189], [136.82157, 37.258141], [136.822011, 37.258634], [136.82236, 37.258654], [136.823741, 37.258093], [136.82472, 37.257332], [136.825119, 37.257177], [136.826116, 37.257076], [136.826349, 37.256834], [136.826706, 37.256004], [136.826473, 37.255506], [136.826656, 37.255162], [136.827238, 37.255114], [136.827911, 37.254737], [136.828792, 37.254791], [136.830038, 37.253571], [136.830223, 37.253015], [136.829356, 37.252827], [136.828362, 37.251896], [136.827495, 37.251611], [136.82615, 37.2506], [136.826177, 37.249347], [136.826746, 37.248988], [136.826945, 37.248087], [136.827351, 37.247955], [136.828633, 37.248065], [136.831135, 37.248607], [136.831586, 37.248856], [136.831966, 37.249626], [136.832336, 37.249537], [136.832887, 37.2489], [136.833528, 37.248673], [136.833943, 37.248263], [136.834295, 37.246914], [136.83407, 37.245632], [136.833826, 37.245383], [136.834178, 37.24435], [136.835208, 37.243259], [136.83537, 37.243178], [136.836273, 37.243222], [136.836815, 37.243464], [136.837926, 37.24427], [136.838802, 37.244534], [136.839172, 37.245302], [136.84003, 37.245911], [136.840102, 37.246893], [136.840373, 37.246959], [136.841754, 37.246783], [136.84254, 37.247083], [136.842531, 37.247501], [136.842829, 37.247911], [136.842784, 37.248109], [136.842585, 37.248182], [136.841809, 37.248051], [136.841628, 37.248094], [136.841565, 37.248307], [136.841962, 37.248695], [136.842098, 37.249091], [136.842929, 37.249479], [136.843299, 37.25008], [136.844364, 37.250439], [136.846369, 37.250197], [136.84655, 37.250615], [136.846432, 37.25137], [136.848455, 37.252359], [136.849051, 37.252198], [136.849385, 37.251795], [136.849629, 37.251721], [136.849828, 37.251721], [136.850496, 37.252124], [136.851245, 37.252973], [136.850543, 37.253464], [136.850533, 37.253625], [136.851201, 37.254378], [136.851614, 37.2553], [136.851746, 37.255424], [136.852924, 37.255437], [136.853026, 37.256094], [136.852709, 37.2564], [136.852608, 37.256871], [136.853046, 37.257363], [136.852903, 37.258021], [136.852979, 37.258228], [136.853769, 37.258732], [136.854493, 37.258856], [136.85564, 37.259269], [136.856308, 37.259117], [136.856506, 37.258968], [136.857103, 37.258989], [136.857475, 37.259543], [136.859248, 37.260076], [136.860364, 37.260597], [136.860681, 37.260916], [136.862056, 37.261689], [136.862301, 37.261867], [136.86253, 37.262809], [136.862851, 37.263082], [136.864013, 37.263099], [136.864161, 37.26319], [136.864258, 37.263835], [136.864722, 37.264869], [136.865349, 37.265212], [136.865521, 37.26546], [136.865537, 37.265765], [136.865002, 37.266267], [136.865062, 37.266499], [136.865553, 37.266812], [136.865843, 37.266556], [136.866169, 37.266498], [136.867299, 37.266778], [136.867474, 37.266891], [136.867414, 37.267189], [136.866684, 37.267718], [136.866714, 37.268074], [136.868147, 37.268458], [136.869538, 37.268586], [136.86967, 37.269136], [136.870384, 37.269149], [136.870608, 37.269306], [136.869451, 37.270364], [136.870343, 37.271133], [136.87071, 37.271196], [136.870934, 37.271382], [136.870893, 37.272159], [136.872493, 37.273535], [136.872972, 37.274572], [136.872944, 37.275055], [136.873273, 37.275629], [136.874792, 37.276552], [136.875796, 37.276604], [136.876206, 37.27678], [136.87664, 37.2768], [136.877428, 37.276284], [136.878569, 37.276187], [136.879228, 37.275684], [136.879854, 37.27545], [136.880015, 37.275072], [136.880457, 37.274798], [136.88053, 37.274361], [136.88184, 37.274028], [136.882466, 37.274257], [136.882707, 37.274217], [136.883198, 37.273207], [136.883358, 37.273259], [136.884066, 37.274472], [136.884708, 37.274681], [136.885151, 37.274087], [136.885793, 37.273911], [136.886798, 37.273337], [136.887256, 37.273298], [136.887899, 37.273435], [136.888437, 37.27337], [136.889699, 37.272836], [136.890076, 37.27279], [136.89035, 37.272849], [136.890687, 37.273142], [136.891451, 37.273207], [136.892046, 37.272327], [136.892496, 37.272059], [136.892881, 37.272027], [136.893419, 37.272581], [136.894818, 37.272718], [136.896626, 37.273886], [136.896626, 37.274733], [136.896987, 37.27562], [136.896819, 37.276252], [136.897019, 37.276611], [136.897951, 37.276989], [136.899382, 37.276663], [136.899469, 37.276841], [136.899044, 37.277185], [136.898916, 37.277452], [136.899124, 37.277641], [136.899285, 37.278098], [136.899944, 37.277987], [136.900121, 37.278169], [136.900105, 37.278496], [136.90025, 37.278554], [136.901166, 37.277928], [136.901587, 37.277969], [136.901392, 37.278805], [136.901961, 37.279148], [136.902534, 37.279802], [136.90352, 37.279947], [136.904669, 37.279552], [136.905248, 37.279611], [136.905698, 37.280126], [136.90569, 37.280634], [136.905851, 37.280876], [136.906847, 37.280934], [136.907409, 37.280621], [136.907827, 37.280569], [136.908583, 37.280954], [136.908518, 37.281404], [136.908663, 37.281476], [136.911049, 37.281515], [136.912303, 37.281834], [136.912649, 37.281476], [136.913123, 37.28158], [136.913517, 37.281189], [136.913918, 37.281039], [136.915044, 37.281339], [136.915453, 37.280941], [136.915807, 37.281482], [136.916176, 37.281534], [136.916434, 37.281313], [136.91649, 37.280745], [136.916594, 37.280713], [136.91702, 37.281039], [136.91743, 37.282193], [136.91788, 37.282578], [136.918105, 37.282604], [136.919351, 37.282121], [136.921327, 37.282656], [136.92275, 37.282343], [136.922951, 37.281182], [136.92316, 37.281052], [136.923859, 37.281091], [136.924261, 37.281241], [136.924622, 37.281541], [136.924895, 37.282043], [136.925209, 37.282239], [136.926077, 37.282291], [136.926913, 37.281998], [136.927628, 37.282232], [136.928359, 37.282285], [136.929058, 37.282102], [136.929018, 37.281809], [136.929516, 37.280707], [136.930658, 37.280466], [136.931742, 37.281066], [136.932795, 37.280401], [136.933277, 37.281007], [136.934997, 37.282467], [136.935905, 37.282565], [136.936427, 37.282748], [136.936797, 37.282565], [136.937456, 37.282546], [136.93883, 37.282878], [136.939851, 37.284163], [136.94026, 37.284985], [136.941425, 37.285709], [136.941876, 37.28668], [136.942631, 37.287424], [136.942856, 37.288108], [136.943603, 37.287874], [136.944085, 37.287997], [136.944391, 37.287626], [136.944672, 37.287593], [136.94517, 37.287834], [136.945644, 37.287834], [136.946119, 37.288284], [136.946311, 37.288799], [136.946681, 37.288799], [136.947251, 37.289073], [136.947959, 37.28906], [136.950788, 37.290084], [136.951648, 37.290156], [136.952997, 37.289778], [136.953568, 37.28996], [136.954219, 37.290365], [136.954846, 37.290397], [136.95487, 37.292184], [136.955087, 37.292966], [136.956035, 37.294375], [136.956292, 37.294577], [136.95724, 37.294753], [136.958824, 37.294479], [136.960382, 37.294864], [136.962038, 37.293945], [136.962488, 37.293841], [136.963396, 37.293977], [136.963733, 37.293677], [136.964915, 37.294206], [136.965413, 37.29416], [136.966249, 37.294343], [136.966851, 37.294245], [136.967221, 37.294845], [136.967189, 37.295504], [136.967478, 37.295777], [136.967559, 37.296507], [136.967976, 37.297055], [136.967719, 37.297466], [136.967221, 37.297844], [136.967133, 37.298659], [136.966819, 37.299605], [136.967711, 37.300322], [136.967623, 37.300811], [136.967872, 37.301202], [136.968691, 37.301404], [136.968981, 37.301854], [136.96968, 37.302148], [136.970242, 37.302787], [136.970724, 37.30312], [136.970764, 37.303563], [136.969414, 37.305102], [136.967469, 37.304547], [136.967598, 37.304926], [136.967542, 37.30535], [136.966553, 37.306647], [136.965814, 37.306654], [136.964802, 37.307143], [136.964448, 37.307488], [136.963018, 37.307807], [136.961989, 37.309053], [136.962431, 37.309386], [136.962784, 37.310233], [136.963805, 37.311146], [136.964191, 37.311707], [136.965099, 37.311974], [136.965854, 37.31245], [136.966417, 37.312457], [136.966658, 37.312353], [136.967188, 37.312542], [136.967751, 37.312457], [136.967879, 37.312581], [136.967734, 37.313461], [136.968586, 37.313637], [136.968828, 37.313807], [136.969784, 37.315763], [136.969623, 37.315972], [136.968996, 37.316017], [136.968667, 37.316265], [136.968916, 37.317041], [136.969744, 37.317465], [136.969784, 37.317582], [136.969711, 37.317908], [136.968996, 37.318417], [136.968876, 37.318991], [136.969084, 37.319551], [136.970008, 37.320849], [136.971053, 37.321397], [136.971005, 37.321821], [136.97131, 37.322271], [136.972226, 37.322707], [136.973167, 37.322642], [136.974244, 37.323144], [136.976076, 37.322975], [136.977828, 37.32349], [136.978133, 37.324181], [136.977851, 37.325466], [136.978133, 37.325883], [136.978808, 37.32632], [136.978623, 37.326764], [136.978832, 37.327089], [136.979611, 37.327064], [136.979989, 37.327533], [136.979997, 37.327846], [136.979201, 37.32855], [136.979258, 37.329482], [136.979121, 37.330363], [136.980294, 37.331504], [136.980455, 37.332228], [136.979459, 37.332449], [136.979796, 37.333447], [136.979539, 37.333662], [136.979009, 37.333773], [136.978478, 37.333617], [136.977723, 37.332821], [136.977546, 37.33273], [136.977329, 37.332795], [136.977016, 37.333754], [136.976357, 37.333916], [136.976116, 37.334523], [136.975424, 37.335273], [136.974765, 37.335442], [136.974749, 37.335657], [136.975006, 37.336088], [136.974659, 37.336301], [136.974248, 37.3372], [136.973701, 37.337619], [136.972792, 37.337687], [136.972232, 37.338174], [136.970819, 37.338335], [136.970338, 37.3387], [136.971848, 37.339384], [136.971799, 37.339549], [136.971194, 37.339824], [136.971199, 37.339982], [136.972536, 37.340691], [136.972668, 37.341439], [136.972902, 37.341801], [136.974363, 37.341937], [136.975519, 37.343144], [136.975533, 37.343316], [136.975078, 37.343752], [136.97521, 37.344239], [136.974636, 37.344744], [136.97506, 37.345378], [136.974937, 37.346076], [136.97619, 37.346599], [136.976936, 37.346556], [136.977695, 37.346806], [136.977814, 37.346964], [136.977496, 37.347508], [136.977584, 37.347845], [136.979146, 37.349123], [136.979314, 37.349667], [136.978983, 37.350118], [136.97844, 37.350279], [136.978198, 37.350763], [136.977536, 37.351178], [136.977121, 37.351651], [136.976675, 37.35188], [136.976004, 37.351801], [136.975766, 37.352009], [136.975638, 37.352385], [136.976106, 37.353158], [136.976326, 37.354455], [136.975788, 37.35502], [136.97577, 37.35545], [136.974976, 37.35613], [136.975187, 37.357004], [136.974901, 37.357104], [136.974159, 37.357075], [136.973541, 37.356749], [136.972531, 37.357254], [136.972297, 37.358361], [136.971688, 37.358783], [136.971344, 37.359438], [136.970055, 37.360932], [136.970059, 37.361057], [136.970589, 37.361433], [136.970695, 37.362049], [136.971308, 37.362697], [136.97054, 37.364559], [136.970655, 37.365329], [136.971092, 37.366374], [136.972539, 37.366363], [136.973572, 37.366797], [136.973748, 37.367173], [136.973126, 37.368852], [136.971612, 37.368003], [136.971153, 37.368197], [136.970584, 37.367871], [136.970218, 37.367853], [136.96941, 37.368318], [136.968863, 37.368845], [136.967773, 37.370302], [136.967742, 37.370639], [136.968616, 37.371408], [136.968479, 37.372357], [136.968187, 37.372572], [136.967751, 37.372651], [136.967411, 37.372994], [136.967742, 37.373546], [136.967675, 37.374495], [136.96783, 37.374795], [136.968638, 37.374806], [136.968761, 37.375293], [136.969666, 37.375923], [136.969741, 37.377248], [136.969926, 37.377517], [136.972737, 37.378193], [136.973814, 37.378176], [136.975248, 37.377943], [136.975478, 37.378015], [136.976034, 37.378756], [136.976285, 37.379894], [136.976832, 37.380356], [136.977221, 37.380897], [136.978205, 37.381627], [136.978399, 37.381957], [136.978368, 37.382383], [136.978716, 37.382734], [136.979401, 37.383049], [136.980169, 37.383203], [136.981272, 37.383078], [136.982256, 37.382731], [136.983929, 37.383078], [136.985023, 37.384081], [136.985019, 37.384342], [136.984767, 37.384743], [136.984895, 37.385191], [136.985879, 37.385789], [136.986779, 37.385742], [136.987106, 37.385448], [136.987419, 37.385355], [136.988593, 37.385402], [136.98933, 37.385262], [136.989559, 37.385366], [136.990155, 37.385925], [136.991038, 37.387364], [136.99215, 37.387883], [136.991903, 37.388664], [136.991925, 37.389094], [136.992627, 37.389874], [136.993024, 37.390043], [136.993911, 37.390036], [136.994264, 37.390445], [136.995263, 37.390996], [136.996391, 37.390967], [136.996616, 37.391382], [136.997297, 37.391846], [136.998038, 37.392993], [136.999388, 37.39407], [136.999633, 37.39491], [137.000486, 37.395684], [137.000748, 37.395788], [137.001089, 37.395732], [137.002518, 37.394676], [137.003211, 37.394564], [137.003755, 37.39407], [137.004806, 37.393958], [137.005296, 37.393356], [137.005616, 37.393162], [137.006384, 37.393378], [137.00744, 37.393348], [137.007984, 37.393923], [137.009046, 37.393469], [137.009813, 37.393456], [137.01016, 37.393664], [137.010666, 37.393266], [137.010992, 37.393201], [137.012037, 37.394001], [137.013466, 37.394092], [137.014501, 37.39372], [137.01601, 37.393456], [137.01625, 37.392881], [137.016437, 37.392786], [137.017738, 37.394036], [137.01858, 37.394404], [137.019002, 37.39443], [137.019316, 37.394274], [137.019796, 37.393742], [137.020223, 37.393668], [137.02097, 37.393158], [137.021305, 37.392487], [137.021732, 37.392149], [137.022495, 37.391903], [137.023993, 37.391951], [137.025017, 37.391656], [137.025364, 37.390709], [137.026196, 37.390129], [137.027033, 37.390211], [137.028163, 37.390657], [137.028782, 37.391397], [137.028739, 37.39173], [137.029038, 37.392051], [137.029662, 37.392085], [137.030312, 37.391804], [137.030835, 37.391735], [137.032872, 37.392046], [137.033293, 37.391769], [137.033528, 37.391129], [137.034568, 37.389852], [137.034728, 37.389333], [137.035986, 37.388819], [137.036552, 37.387707], [137.037026, 37.387348], [137.038898, 37.387824], [137.039287, 37.387322], [137.039735, 37.38701], [137.040327, 37.387002], [137.040999, 37.386647], [137.041287, 37.38682], [137.043073, 37.386396], [137.043265, 37.386119], [137.043164, 37.384951], [137.044497, 37.383298], [137.045804, 37.383328], [137.046796, 37.383073], [137.04751, 37.383043], [137.048193, 37.381961], [137.048966, 37.381438], [137.049441, 37.380724], [137.049734, 37.380616], [137.050422, 37.380646], [137.050849, 37.380313], [137.051329, 37.380374], [137.051611, 37.379499], [137.051851, 37.379283], [137.052582, 37.379335], [137.05343, 37.379638], [137.054512, 37.379257], [137.055531, 37.379197], [137.055984, 37.379045], [137.056954, 37.379366], [137.05881, 37.379634], [137.059306, 37.380932], [137.059279, 37.381841], [137.059941, 37.382623], [137.059877, 37.383649], [137.060436, 37.383986], [137.06114, 37.383896], [137.062298, 37.384536], [137.063156, 37.385267], [137.063812, 37.386596], [137.063961, 37.387201], [137.063321, 37.388927], [137.063294, 37.389715], [137.062991, 37.390749], [137.062692, 37.392713], [137.063598, 37.393583], [137.064126, 37.393791], [137.064995, 37.393856], [137.066462, 37.393293], [137.067454, 37.393475], [137.069144, 37.393371], [137.070045, 37.393808], [137.071314, 37.394664], [137.071938, 37.394933], [137.072269, 37.394954], [137.074644, 37.39412], [137.075597, 37.39405], [137.076578, 37.394232], [137.078962, 37.393553], [137.081735, 37.393021], [137.082578, 37.392549], [137.082807, 37.392043], [137.083655, 37.391242], [137.084231, 37.390308], [137.084588, 37.389992], [137.084684, 37.389702], [137.084593, 37.388971], [137.085084, 37.387863], [137.085164, 37.387188], [137.085911, 37.386583], [137.085874, 37.386453], [137.08525, 37.386098], [137.085324, 37.385869], [137.085676, 37.385726], [137.087457, 37.386539], [137.089351, 37.387145], [137.091761, 37.388153], [137.093707, 37.389837], [137.097301, 37.387258], [137.097872, 37.387081], [137.098438, 37.386518], [137.100075, 37.386003], [137.101163, 37.386228], [137.101712, 37.386176], [137.102378, 37.38638], [137.102869, 37.386942], [137.10337, 37.387267], [137.103626, 37.387678], [137.104436, 37.387912], [137.104703, 37.388184], [137.104533, 37.391373], [137.104004, 37.39155], [137.103935, 37.391706], [137.104436, 37.392627], [137.105087, 37.392961], [137.1041, 37.393354], [137.10434, 37.393566], [137.104223, 37.394657], [137.1049, 37.39592], [137.105503, 37.396072], [137.10675, 37.396097], [137.10906, 37.397002], [137.109667, 37.397361], [137.111944, 37.398027], [137.112749, 37.398014], [137.113784, 37.397175], [137.115416, 37.397318], [137.11621, 37.397577], [137.116823, 37.398105], [137.117677, 37.399684], [137.117522, 37.401147], [137.117724, 37.401835], [137.118615, 37.402566], [137.119521, 37.403046], [137.120791, 37.404478], [137.121961, 37.405401], [137.123149, 37.405989], [137.123354, 37.405912], [137.122531, 37.402149], [137.121392, 37.400771], [137.121638, 37.400494], [137.122912, 37.400351], [137.125128, 37.400659], [137.126204, 37.400428], [137.127613, 37.400775], [137.12842, 37.400672], [137.129061, 37.401089], [137.129434, 37.401763], [137.130573, 37.402072], [137.131143, 37.402547], [137.131675, 37.402532], [137.131943, 37.403261], [137.131809, 37.403704], [137.131967, 37.403862], [137.133401, 37.404444], [137.134531, 37.404434], [137.135479, 37.404976], [137.135892, 37.404976], [137.136427, 37.405489], [137.136731, 37.405499], [137.137204, 37.405282], [137.137484, 37.404986], [137.138274, 37.40472], [137.138529, 37.405035], [137.138323, 37.405863], [137.139659, 37.40609], [137.139635, 37.406721], [137.139222, 37.407145], [137.139562, 37.40746], [137.139574, 37.407806], [137.139732, 37.407963], [137.141275, 37.407953], [137.142016, 37.407352], [137.142296, 37.407382], [137.142393, 37.407934], [137.143633, 37.407687], [137.145662, 37.407707], [137.145832, 37.407826], [137.145694, 37.408114], [137.145784, 37.408187], [137.146257, 37.408368], [137.146828, 37.408338], [137.147473, 37.408644], [137.147946, 37.409137], [137.148068, 37.409748], [137.148785, 37.409955], [137.148967, 37.409876], [137.149489, 37.409166], [137.149878, 37.409117], [137.150644, 37.408713], [137.152054, 37.408792], [137.152929, 37.409058], [137.153998, 37.410448], [137.155176, 37.410685], [137.154982, 37.41173], [137.155188, 37.411927], [137.155699, 37.413691], [137.156088, 37.414372], [137.156683, 37.414549], [137.157594, 37.415535], [137.161106, 37.418276], [137.161859, 37.418966], [137.161689, 37.419301], [137.161993, 37.419629], [137.162764, 37.420143], [137.164195, 37.420158], [137.164915, 37.420387], [137.16564, 37.420419], [137.167728, 37.421568], [137.168399, 37.421786], [137.169013, 37.421904], [137.17039, 37.421928], [137.170896, 37.42267], [137.170774, 37.423282], [137.171027, 37.424313], [137.170706, 37.42457], [137.169777, 37.424961], [137.169597, 37.425249], [137.168784, 37.425363], [137.167689, 37.426236], [137.167056, 37.426927], [137.164681, 37.427306], [137.164209, 37.427752], [137.162715, 37.428546], [137.160559, 37.428155], [137.160164, 37.428297], [137.159897, 37.428669], [137.158622, 37.429285], [137.154208, 37.429585], [137.152894, 37.429956], [137.150519, 37.430071], [137.14902, 37.431425], [137.148109, 37.431342], [137.14663, 37.431547], [137.145189, 37.431381], [137.142532, 37.43214], [137.141369, 37.432866], [137.140955, 37.433901], [137.140454, 37.434482], [137.140041, 37.434568], [137.139072, 37.434304], [137.138026, 37.434292], [137.137183, 37.435457], [137.135091, 37.436053], [137.134054, 37.435832], [137.13331, 37.436488], [137.132331, 37.436645], [137.131806, 37.437372], [137.131913, 37.438138], [137.131669, 37.438549], [137.131046, 37.438703], [137.130608, 37.439133], [137.12929, 37.439658], [137.128521, 37.440215], [137.127396, 37.440507], [137.127411, 37.440693], [137.128185, 37.441479], [137.128258, 37.44204], [137.127907, 37.443473], [137.128068, 37.444105], [137.128043, 37.445108], [137.126899, 37.446944], [137.12688, 37.44805], [137.127007, 37.448477], [137.127265, 37.448844], [137.128403, 37.449732], [137.129946, 37.450455], [137.130447, 37.451269], [137.131119, 37.451691], [137.13162, 37.452872], [137.132404, 37.453567], [137.132744, 37.454144], [137.132515, 37.455092], [137.131654, 37.455799], [137.131264, 37.456742], [137.129683, 37.458006], [137.12886, 37.458187], [137.127532, 37.458891], [137.126982, 37.459325], [137.125746, 37.45968], [137.124889, 37.459712], [137.123819, 37.459392], [137.122869, 37.458768], [137.122358, 37.458701], [137.121857, 37.458808], [137.120753, 37.459331], [137.120081, 37.459335], [137.119174, 37.459167], [137.118601, 37.460363], [137.11795, 37.460837], [137.117508, 37.460855], [137.116306, 37.460532], [137.115197, 37.460789], [137.114427, 37.460461], [137.114514, 37.459729], [137.114153, 37.459191], [137.113962, 37.458329], [137.114017, 37.457788], [137.114356, 37.457283], [137.114328, 37.456995], [137.113853, 37.45668], [137.112919, 37.456339], [137.112296, 37.455718], [137.111384, 37.455661], [137.109488, 37.454358], [137.108368, 37.454327], [137.107472, 37.453702], [137.106866, 37.453547], [137.105041, 37.453679], [137.103926, 37.453307], [137.103145, 37.453342], [137.102025, 37.452651], [137.100982, 37.452452], [137.099916, 37.453329], [137.0992, 37.453134], [137.098769, 37.453147], [137.098021, 37.453262], [137.097463, 37.453608], [137.097037, 37.45356], [137.096731, 37.453706], [137.096343, 37.454229], [137.096299, 37.454721], [137.09513, 37.455824], [137.094939, 37.45648], [137.093988, 37.457384], [137.093857, 37.457757], [137.092551, 37.458785], [137.092256, 37.459791], [137.091803, 37.460487], [137.091448, 37.461675], [137.091054, 37.462366], [137.090497, 37.462814], [137.089978, 37.463026], [137.089196, 37.463833], [137.088388, 37.464241], [137.087984, 37.464236], [137.087694, 37.464374], [137.085896, 37.465962]]], [[[137.077564, 37.462153], [137.077628, 37.462087], [137.077696, 37.462135], [137.077564, 37.462153]]], [[[137.077543, 37.461711], [137.077604, 37.461448], [137.077892, 37.461441], [137.077955, 37.461921], [137.077815, 37.461942], [137.077543, 37.461711]]], [[[137.077213, 37.461871], [137.077324, 37.461754], [137.077491, 37.461895], [137.077213, 37.461871]]], [[[137.078424, 37.461349], [137.078474, 37.461327], [137.078518, 37.461369], [137.078424, 37.461349]]], [[[137.077203, 37.461174], [137.077283, 37.461079], [137.077456, 37.461375], [137.077306, 37.461385], [137.077203, 37.461174]]], [[[137.078829, 37.46126], [137.078911, 37.461249], [137.078909, 37.461311], [137.078829, 37.46126]]], [[[137.078128, 37.460998], [137.078288, 37.461002], [137.078199, 37.461058], [137.078128, 37.460998]]], [[[137.076909, 37.460962], [137.077146, 37.460799], [137.077118, 37.460997], [137.076909, 37.460962]]], [[[137.07676, 37.460457], [137.077, 37.460356], [137.077138, 37.460517], [137.077, 37.460592], [137.07676, 37.460457]]], [[[137.075103, 37.459655], [137.075161, 37.459604], [137.075159, 37.459672], [137.075103, 37.459655]]], [[[137.075369, 37.459414], [137.075422, 37.459397], [137.075447, 37.459452], [137.075369, 37.459414]]], [[[137.075078, 37.459351], [137.075119, 37.459339], [137.075158, 37.459397], [137.075078, 37.459351]]], [[[137.07539, 37.459184], [137.075477, 37.459009], [137.075524, 37.459221], [137.07539, 37.459184]]], [[[137.046588, 37.450828], [137.046945, 37.450686], [137.046703, 37.450874], [137.046588, 37.450828]]], [[[137.047542, 37.450726], [137.047742, 37.450449], [137.047705, 37.450702], [137.047542, 37.450726]]], [[[137.045739, 37.449796], [137.045829, 37.449734], [137.045819, 37.449797], [137.045739, 37.449796]]], [[[137.046111, 37.449086], [137.046329, 37.44906], [137.046298, 37.44912], [137.046111, 37.449086]]], [[[137.045431, 37.449059], [137.045753, 37.448881], [137.045718, 37.449028], [137.045431, 37.449059]]], [[[137.045592, 37.448566], [137.045745, 37.44832], [137.045959, 37.448387], [137.045891, 37.448651], [137.045592, 37.448566]]], [[[137.046072, 37.448582], [137.04613, 37.448587], [137.046098, 37.44861], [137.046072, 37.448582]]], [[[137.046166, 37.448398], [137.046189, 37.448371], [137.046255, 37.448415], [137.046166, 37.448398]]], [[[137.046146, 37.447852], [137.046211, 37.447874], [137.046174, 37.447888], [137.046146, 37.447852]]], [[[137.04589, 37.447728], [137.04594, 37.447716], [137.045957, 37.447769], [137.04589, 37.447728]]], [[[137.046096, 37.447651], [137.046135, 37.447631], [137.046153, 37.447653], [137.046096, 37.447651]]], [[[137.046406, 37.447589], [137.046448, 37.447549], [137.046464, 37.447607], [137.046406, 37.447589]]], [[[137.046113, 37.447472], [137.046161, 37.447473], [137.046135, 37.447494], [137.046113, 37.447472]]], [[[137.039071, 37.440403], [137.039126, 37.440377], [137.039109, 37.440427], [137.039071, 37.440403]]], [[[137.038805, 37.440165], [137.038837, 37.440144], [137.038852, 37.440175], [137.038805, 37.440165]]], [[[137.039055, 37.440107], [137.039086, 37.440088], [137.039098, 37.44011], [137.039055, 37.440107]]], [[[137.038547, 37.439938], [137.038599, 37.439912], [137.038596, 37.439955], [137.038547, 37.439938]]], [[[137.038814, 37.439904], [137.038883, 37.439898], [137.038864, 37.439931], [137.038814, 37.439904]]], [[[137.038401, 37.43978], [137.038428, 37.439747], [137.038461, 37.439763], [137.038401, 37.43978]]], [[[137.038608, 37.439726], [137.038661, 37.43973], [137.038618, 37.439748], [137.038608, 37.439726]]], [[[137.038397, 37.439509], [137.038422, 37.439469], [137.038464, 37.439495], [137.038397, 37.439509]]], [[[137.038011, 37.439412], [137.038045, 37.439358], [137.038076, 37.439429], [137.038011, 37.439412]]], [[[137.038219, 37.439351], [137.038265, 37.439324], [137.038269, 37.43937], [137.038219, 37.439351]]], [[[136.983911, 37.421043], [136.98401, 37.421003], [136.984074, 37.421089], [136.983911, 37.421043]]], [[[136.983527, 37.420963], [136.983674, 37.420912], [136.983759, 37.421025], [136.983527, 37.420963]]], [[[136.984133, 37.420847], [136.984255, 37.420824], [136.98431, 37.420943], [136.984133, 37.420847]]], [[[136.98374, 37.420794], [136.983842, 37.420767], [136.983955, 37.420894], [136.98374, 37.420794]]], [[[136.982932, 37.420812], [136.983056, 37.420745], [136.983115, 37.420847], [136.982932, 37.420812]]], [[[136.981785, 37.42021], [136.981921, 37.420294], [136.981816, 37.420316], [136.981785, 37.42021]]], [[[136.982612, 37.419992], [136.982654, 37.419823], [136.982914, 37.419946], [136.982896, 37.420058], [136.982612, 37.419992]]], [[[136.98202, 37.419974], [136.982137, 37.419892], [136.982246, 37.420005], [136.98202, 37.419974]]], [[[136.972876, 37.414006], [136.972937, 37.413929], [136.974006, 37.414454], [136.973944, 37.414531], [136.972876, 37.414006]]], [[[136.969997, 37.41262], [136.97005, 37.41254], [136.971786, 37.413298], [136.971733, 37.413374], [136.969997, 37.41262]]], [[[136.969141, 37.412773], [136.969202, 37.412693], [136.969833, 37.412979], [136.969779, 37.413062], [136.969141, 37.412773]]], [[[136.901943, 37.407937], [136.901974, 37.407854], [136.903594, 37.408251], [136.907596, 37.409332], [136.91217, 37.409305], [136.912174, 37.409388], [136.907588, 37.409417], [136.901943, 37.407937]]], [[[136.877813, 37.409031], [136.878016, 37.408999], [136.877938, 37.409077], [136.877813, 37.409031]]], [[[136.877513, 37.408988], [136.877616, 37.408951], [136.877599, 37.408997], [136.877513, 37.408988]]], [[[136.871174, 37.408616], [136.8713, 37.408651], [136.871202, 37.408661], [136.871174, 37.408616]]], [[[136.870926, 37.408546], [136.87104, 37.408571], [136.87096, 37.408606], [136.870926, 37.408546]]], [[[136.878163, 37.408447], [136.878365, 37.408511], [136.87824, 37.408557], [136.878163, 37.408447]]], [[[136.877943, 37.408487], [136.877995, 37.408469], [136.878074, 37.408532], [136.877943, 37.408487]]], [[[136.874282, 37.408512], [136.874344, 37.408484], [136.874406, 37.40853], [136.874282, 37.408512]]], [[[136.873853, 37.408433], [136.873893, 37.408383], [136.873959, 37.408413], [136.873853, 37.408433]]], [[[136.878432, 37.408425], [136.878484, 37.408394], [136.878545, 37.408425], [136.878432, 37.408425]]], [[[136.873527, 37.408394], [136.873625, 37.408281], [136.873697, 37.408401], [136.873527, 37.408394]]], [[[136.901113, 37.407843], [136.901265, 37.407726], [136.901447, 37.407897], [136.901453, 37.408199], [136.901134, 37.408192], [136.901113, 37.407843]]], [[[136.900869, 37.407967], [136.900976, 37.407942], [136.901055, 37.408005], [136.900869, 37.407967]]], [[[136.876734, 37.407829], [136.876794, 37.407776], [136.876872, 37.40788], [136.876734, 37.407829]]], [[[136.87645, 37.407822], [136.876606, 37.407831], [136.876512, 37.40788], [136.87645, 37.407822]]], [[[136.875777, 37.407729], [136.875877, 37.407689], [136.875937, 37.407732], [136.875777, 37.407729]]], [[[136.875071, 37.407711], [136.875169, 37.407668], [136.875197, 37.407743], [136.875071, 37.407711]]], [[[136.900413, 37.407575], [136.900512, 37.407353], [136.900856, 37.407542], [136.900674, 37.407556], [136.90052, 37.407759], [136.900413, 37.407575]]], [[[136.874601, 37.407598], [136.874699, 37.407567], [136.874877, 37.407719], [136.874601, 37.407598]]], [[[136.877049, 37.40764], [136.877143, 37.40764], [136.877191, 37.40772], [136.877049, 37.40764]]], [[[136.87545, 37.407706], [136.87551, 37.407668], [136.875546, 37.407728], [136.87545, 37.407706]]], [[[136.8781, 37.40764], [136.878211, 37.407586], [136.87819, 37.407667], [136.8781, 37.40764]]], [[[136.877834, 37.407635], [136.877976, 37.407564], [136.877983, 37.407611], [136.877834, 37.407635]]], [[[136.867518, 37.406911], [136.867694, 37.406849], [136.868555, 37.407148], [136.868619, 37.407604], [136.868117, 37.407547], [136.868435, 37.407328], [136.867518, 37.406911]]], [[[136.869854, 37.407581], [136.869921, 37.407538], [136.870008, 37.40761], [136.869854, 37.407581]]], [[[136.877329, 37.407531], [136.877428, 37.407503], [136.877467, 37.407563], [136.877329, 37.407531]]], [[[136.880126, 37.407411], [136.880147, 37.407258], [136.880226, 37.407382], [136.880716, 37.407456], [136.880262, 37.407577], [136.880126, 37.407411]]], [[[136.879361, 37.407559], [136.879409, 37.407517], [136.879452, 37.407538], [136.879361, 37.407559]]], [[[136.879514, 37.407439], [136.87968, 37.407399], [136.879649, 37.407509], [136.879514, 37.407439]]], [[[136.900207, 37.407302], [136.900336, 37.407321], [136.900247, 37.407514], [136.900207, 37.407302]]], [[[136.871545, 37.407457], [136.87163, 37.407362], [136.871714, 37.407435], [136.871545, 37.407457]]], [[[136.899622, 37.40745], [136.899724, 37.407422], [136.899693, 37.407498], [136.899622, 37.40745]]], [[[136.878136, 37.407454], [136.87833, 37.407458], [136.878278, 37.407482], [136.878136, 37.407454]]], [[[136.878218, 37.407335], [136.879025, 37.407248], [136.879353, 37.407328], [136.879245, 37.407447], [136.878542, 37.407444], [136.878218, 37.407335]]], [[[136.899164, 37.407097], [136.899797, 37.407114], [136.900126, 37.407284], [136.899896, 37.407445], [136.899828, 37.407323], [136.899344, 37.407241], [136.899164, 37.407097]]], [[[136.872392, 37.407401], [136.872458, 37.407312], [136.872628, 37.407371], [136.872392, 37.407401]]], [[[136.883411, 37.407292], [136.88372, 37.407311], [136.883601, 37.40738], [136.883411, 37.407292]]], [[[136.882912, 37.407202], [136.88326, 37.407272], [136.883073, 37.407375], [136.882912, 37.407202]]], [[[136.895674, 37.407328], [136.895777, 37.407266], [136.895756, 37.407343], [136.895674, 37.407328]]], [[[136.870621, 37.407283], [136.870676, 37.407123], [136.870736, 37.407229], [136.870621, 37.407283]]], [[[136.895414, 37.40714], [136.895661, 37.407138], [136.895596, 37.407291], [136.895465, 37.407307], [136.895414, 37.40714]]], [[[136.872621, 37.407214], [136.872847, 37.407195], [136.872693, 37.407304], [136.872621, 37.407214]]], [[[136.895538, 37.406795], [136.89591, 37.406646], [136.896178, 37.4069], [136.896202, 37.407174], [136.895775, 37.407257], [136.895828, 37.407037], [136.895538, 37.406795]]], [[[136.869993, 37.407209], [136.870112, 37.407233], [136.87005, 37.407277], [136.869993, 37.407209]]], [[[136.881866, 37.40711], [136.882163, 37.40699], [136.882761, 37.407195], [136.882646, 37.407275], [136.881866, 37.40711]]], [[[136.867437, 37.407153], [136.867533, 37.407103], [136.867554, 37.407267], [136.867437, 37.407153]]], [[[136.873981, 37.40707], [136.874128, 37.407068], [136.874057, 37.407121], [136.873981, 37.40707]]], [[[136.870349, 37.407076], [136.870431, 37.406991], [136.870508, 37.407026], [136.870349, 37.407076]]], [[[136.873262, 37.407044], [136.873369, 37.406951], [136.87349, 37.407017], [136.873262, 37.407044]]], [[[136.881596, 37.407034], [136.881765, 37.407051], [136.881679, 37.407085], [136.881596, 37.407034]]], [[[136.869923, 37.406984], [136.870057, 37.406917], [136.870096, 37.406991], [136.869923, 37.406984]]], [[[136.873836, 37.406989], [136.873858, 37.406946], [136.873932, 37.406986], [136.873836, 37.406989]]], [[[136.879286, 37.406993], [136.879427, 37.406898], [136.879634, 37.406945], [136.879286, 37.406993]]], [[[136.881303, 37.406979], [136.881432, 37.406935], [136.881372, 37.407008], [136.881303, 37.406979]]], [[[136.880867, 37.406969], [136.880921, 37.40692], [136.881007, 37.406937], [136.880867, 37.406969]]], [[[136.880647, 37.406925], [136.880779, 37.406937], [136.880689, 37.406977], [136.880647, 37.406925]]], [[[136.880009, 37.406866], [136.880061, 37.406821], [136.880138, 37.406897], [136.880009, 37.406866]]], [[[136.879785, 37.40686], [136.879843, 37.406704], [136.879946, 37.406729], [136.879785, 37.40686]]], [[[136.870374, 37.406889], [136.870384, 37.406813], [136.870442, 37.406804], [136.870374, 37.406889]]], [[[136.880649, 37.406755], [136.880762, 37.406738], [136.880775, 37.406774], [136.880649, 37.406755]]], [[[136.880354, 37.406689], [136.880501, 37.406716], [136.880388, 37.406738], [136.880354, 37.406689]]], [[[136.881198, 37.406591], [136.88134, 37.406609], [136.881355, 37.40665], [136.881198, 37.406591]]], [[[136.880781, 37.406612], [136.880921, 37.406611], [136.880875, 37.406646], [136.880781, 37.406612]]], [[[136.879726, 37.40657], [136.879768, 37.406517], [136.879894, 37.406531], [136.879726, 37.40657]]], [[[136.884841, 37.406349], [136.88511, 37.406254], [136.885345, 37.40637], [136.88512, 37.406436], [136.884841, 37.406349]]], [[[136.885631, 37.406216], [136.885749, 37.406122], [136.885877, 37.406155], [136.885631, 37.406216]]], [[[136.895591, 37.406064], [136.895663, 37.40609], [136.895613, 37.406102], [136.895591, 37.406064]]], [[[136.88524, 37.405952], [136.885389, 37.405941], [136.885282, 37.405984], [136.88524, 37.405952]]], [[[136.895489, 37.405897], [136.895589, 37.405888], [136.895557, 37.405931], [136.895489, 37.405897]]], [[[136.885888, 37.405855], [136.886157, 37.405792], [136.886079, 37.405872], [136.885888, 37.405855]]], [[[136.895448, 37.405751], [136.895529, 37.405759], [136.895495, 37.405781], [136.895448, 37.405751]]], [[[136.894964, 37.40567], [136.895118, 37.40567], [136.895028, 37.405709], [136.894964, 37.40567]]], [[[136.89371, 37.405384], [136.893874, 37.405233], [136.894015, 37.405274], [136.893957, 37.405558], [136.89371, 37.405384]]], [[[136.887275, 37.405435], [136.887341, 37.40536], [136.887536, 37.405484], [136.887385, 37.405553], [136.887275, 37.405435]]], [[[136.894553, 37.405483], [136.8947, 37.40532], [136.894951, 37.405377], [136.89486, 37.40551], [136.894553, 37.405483]]], [[[136.886384, 37.405384], [136.886613, 37.405107], [136.886991, 37.405213], [136.886384, 37.405384]]], [[[136.866213, 37.405278], [136.866422, 37.405295], [136.866272, 37.405335], [136.866213, 37.405278]]], [[[136.865705, 37.405201], [136.865801, 37.405162], [136.86585, 37.405306], [136.865705, 37.405201]]], [[[136.864704, 37.405148], [136.864859, 37.40516], [136.864744, 37.405195], [136.864704, 37.405148]]], [[[136.887486, 37.405145], [136.887589, 37.405073], [136.887553, 37.405145], [136.887486, 37.405145]]], [[[136.886825, 37.404993], [136.886964, 37.404899], [136.886901, 37.405002], [136.886825, 37.404993]]], [[[136.883117, 37.404422], [136.883538, 37.404362], [136.88345, 37.404461], [136.883117, 37.404422]]], [[[136.861938, 37.404293], [136.861986, 37.404234], [136.862131, 37.404294], [136.861938, 37.404293]]], [[[136.88731, 37.403309], [136.887424, 37.403178], [136.887419, 37.403358], [136.88731, 37.403309]]], [[[136.859379, 37.403295], [136.859456, 37.403171], [136.859583, 37.403239], [136.859379, 37.403295]]], [[[136.859893, 37.403069], [136.860028, 37.402952], [136.86027, 37.403176], [136.859893, 37.403069]]], [[[136.85525, 37.402986], [136.855368, 37.402956], [136.855412, 37.403025], [136.85525, 37.402986]]], [[[136.855501, 37.402987], [136.855563, 37.402951], [136.855609, 37.40301], [136.855501, 37.402987]]], [[[136.859699, 37.402949], [136.859792, 37.402857], [136.859809, 37.402934], [136.859699, 37.402949]]], [[[136.859471, 37.402732], [136.859569, 37.402693], [136.859583, 37.402789], [136.859471, 37.402732]]], [[[136.852114, 37.402687], [136.852173, 37.402563], [136.852306, 37.402595], [136.852269, 37.40271], [136.852114, 37.402687]]], [[[136.859297, 37.402615], [136.859372, 37.402575], [136.859449, 37.402642], [136.859297, 37.402615]]], [[[136.858653, 37.402436], [136.8588, 37.402479], [136.858723, 37.40249], [136.858653, 37.402436]]], [[[136.858462, 37.402321], [136.858513, 37.402281], [136.858568, 37.402333], [136.858462, 37.402321]]], [[[136.857898, 37.402287], [136.857978, 37.40223], [136.858035, 37.402273], [136.857898, 37.402287]]], [[[136.858187, 37.402181], [136.858391, 37.402209], [136.858229, 37.402237], [136.858187, 37.402181]]], [[[136.89009, 37.402051], [136.890368, 37.401779], [136.890309, 37.401949], [136.89009, 37.402051]]], [[[136.858051, 37.402004], [136.85819, 37.40203], [136.858074, 37.402051], [136.858051, 37.402004]]], [[[136.889849, 37.401963], [136.889992, 37.401783], [136.889965, 37.401945], [136.889849, 37.401963]]], [[[136.845423, 37.400315], [136.845498, 37.400327], [136.845472, 37.400395], [136.845423, 37.400315]]], [[[136.845068, 37.400319], [136.84526, 37.400269], [136.84528, 37.400361], [136.845068, 37.400319]]], [[[136.842056, 37.400029], [136.842571, 37.399849], [136.842677, 37.400113], [136.842374, 37.40035], [136.842056, 37.400029]]], [[[136.841767, 37.399651], [136.841901, 37.399522], [136.841852, 37.399679], [136.841767, 37.399651]]], [[[136.840851, 37.398925], [136.840982, 37.398889], [136.841061, 37.398967], [136.840851, 37.398925]]], [[[136.83946, 37.397694], [136.839567, 37.397618], [136.83975, 37.397735], [136.83946, 37.397694]]], [[[136.838662, 37.397574], [136.838691, 37.397431], [136.838893, 37.397504], [136.838743, 37.397673], [136.838662, 37.397574]]], [[[136.840301, 37.397474], [136.840453, 37.397465], [136.840486, 37.397521], [136.840301, 37.397474]]], [[[136.839511, 37.397359], [136.839652, 37.397399], [136.839541, 37.397419], [136.839511, 37.397359]]], [[[136.838308, 37.397211], [136.838445, 37.397111], [136.838833, 37.397173], [136.83861, 37.397279], [136.838308, 37.397211]]], [[[136.836929, 37.39701], [136.837056, 37.39693], [136.837111, 37.397142], [136.836929, 37.39701]]], [[[136.838047, 37.39691], [136.838207, 37.396772], [136.838234, 37.396886], [136.838047, 37.39691]]], [[[136.836858, 37.396769], [136.83692, 37.39674], [136.836922, 37.396841], [136.836858, 37.396769]]], [[[136.836934, 37.396191], [136.837287, 37.396149], [136.837549, 37.396469], [136.837446, 37.396762], [136.837352, 37.396503], [136.836934, 37.396191]]], [[[136.837087, 37.396539], [136.837225, 37.396513], [136.837229, 37.396663], [136.837087, 37.396539]]], [[[136.836706, 37.396552], [136.836774, 37.396419], [136.836868, 37.396547], [136.836706, 37.396552]]], [[[136.92657, 37.396244], [136.926785, 37.396291], [136.926721, 37.396362], [136.92657, 37.396244]]], [[[136.836986, 37.396036], [136.837126, 37.395907], [136.83715, 37.396036], [136.836986, 37.396036]]], [[[136.836729, 37.395881], [136.836811, 37.395827], [136.836874, 37.39599], [136.83676, 37.396024], [136.836729, 37.395881]]], [[[136.832422, 37.394971], [136.832457, 37.394876], [136.832584, 37.394864], [136.832422, 37.394971]]], [[[136.832523, 37.394654], [136.832676, 37.394696], [136.832563, 37.394735], [136.832523, 37.394654]]], [[[136.833064, 37.394431], [136.833254, 37.394386], [136.833205, 37.394436], [136.833064, 37.394431]]], [[[136.832623, 37.394416], [136.83269, 37.394318], [136.832775, 37.394391], [136.832623, 37.394416]]], [[[136.832718, 37.394189], [136.83282, 37.394144], [136.832873, 37.394197], [136.832718, 37.394189]]], [[[136.833608, 37.394054], [136.833777, 37.393894], [136.833671, 37.394126], [136.833608, 37.394054]]], [[[136.832916, 37.393], [136.833016, 37.392825], [136.832992, 37.393037], [136.832916, 37.393]]], [[[136.83053, 37.390752], [136.830683, 37.390704], [136.830624, 37.390798], [136.83053, 37.390752]]], [[[136.830323, 37.390719], [136.830349, 37.390629], [136.830419, 37.390641], [136.830323, 37.390719]]], [[[136.83004, 37.390636], [136.830123, 37.390539], [136.830095, 37.390663], [136.83004, 37.390636]]], [[[136.829575, 37.390321], [136.82978, 37.390304], [136.829623, 37.39044], [136.829575, 37.390321]]], [[[136.829805, 37.389992], [136.829996, 37.389953], [136.830042, 37.390061], [136.829805, 37.389992]]], [[[136.827295, 37.389103], [136.827498, 37.389189], [136.827388, 37.389341], [136.827295, 37.389103]]], [[[136.827624, 37.388797], [136.827865, 37.388885], [136.827716, 37.389081], [136.827624, 37.388797]]], [[[136.827281, 37.388692], [136.827489, 37.388598], [136.827361, 37.388778], [136.827281, 37.388692]]], [[[136.818986, 37.388714], [136.819103, 37.388526], [136.819177, 37.388691], [136.818986, 37.388714]]], [[[136.818485, 37.388434], [136.818523, 37.388319], [136.818716, 37.388331], [136.818701, 37.388472], [136.818485, 37.388434]]], [[[136.818848, 37.388279], [136.81905, 37.388371], [136.818968, 37.388423], [136.818848, 37.388279]]], [[[136.819085, 37.388264], [136.819386, 37.388259], [136.819289, 37.388397], [136.819085, 37.388264]]], [[[136.820367, 37.388242], [136.820588, 37.388236], [136.820461, 37.388359], [136.820367, 37.388242]]], [[[136.824502, 37.388309], [136.824558, 37.388202], [136.824723, 37.388229], [136.824702, 37.388331], [136.824502, 37.388309]]], [[[136.824873, 37.388168], [136.825008, 37.388112], [136.825049, 37.388218], [136.824873, 37.388168]]], [[[136.824367, 37.388024], [136.824467, 37.387914], [136.82471, 37.388007], [136.82451, 37.388125], [136.824367, 37.388024]]], [[[136.819635, 37.387768], [136.819724, 37.387657], [136.819819, 37.387712], [136.819692, 37.38783], [136.819852, 37.388032], [136.819635, 37.387768]]], [[[136.817102, 37.387717], [136.817214, 37.387654], [136.817268, 37.38777], [136.817102, 37.387717]]], [[[136.808233, 37.382443], [136.808428, 37.382401], [136.808407, 37.382477], [136.808233, 37.382443]]], [[[136.808442, 37.382283], [136.808576, 37.382271], [136.808559, 37.382382], [136.808442, 37.382283]]], [[[136.807574, 37.382319], [136.807779, 37.382243], [136.807737, 37.38235], [136.807574, 37.382319]]], [[[136.804138, 37.380683], [136.804191, 37.380652], [136.804228, 37.380715], [136.804138, 37.380683]]], [[[136.804272, 37.380595], [136.804316, 37.380523], [136.804358, 37.380637], [136.804272, 37.380595]]], [[[136.803222, 37.37982], [136.8033, 37.379721], [136.803468, 37.379789], [136.803374, 37.379907], [136.803222, 37.37982]]], [[[136.802856, 37.379609], [136.80299, 37.379489], [136.803192, 37.379605], [136.802997, 37.379759], [136.802856, 37.379609]]], [[[136.797404, 37.379562], [136.797579, 37.379384], [136.797722, 37.37945], [136.797479, 37.379646], [136.797404, 37.379562]]], [[[136.798109, 37.379219], [136.798349, 37.379101], [136.798314, 37.379191], [136.798109, 37.379219]]], [[[136.799076, 37.378926], [136.799224, 37.378915], [136.799259, 37.378994], [136.799076, 37.378926]]], [[[136.797736, 37.378977], [136.797905, 37.378844], [136.797877, 37.378982], [136.797736, 37.378977]]], [[[136.790866, 37.378717], [136.790993, 37.37852], [136.791155, 37.378543], [136.790979, 37.37883], [136.790866, 37.378717]]], [[[136.798599, 37.378647], [136.798681, 37.37847], [136.798808, 37.378492], [136.798885, 37.378723], [136.798709, 37.378819], [136.798599, 37.378647]]], [[[136.802444, 37.378788], [136.802543, 37.378654], [136.802714, 37.378727], [136.802444, 37.378788]]], [[[136.797873, 37.378712], [136.797983, 37.378509], [136.798208, 37.378492], [136.797954, 37.378779], [136.797873, 37.378712]]], [[[136.790689, 37.378267], [136.790852, 37.378143], [136.790803, 37.378334], [136.790689, 37.378267]]], [[[136.791254, 37.378019], [136.791437, 37.377935], [136.791719, 37.378047], [136.791324, 37.378194], [136.791254, 37.378019]]], [[[136.792206, 37.37816], [136.792361, 37.378014], [136.792396, 37.378137], [136.792206, 37.37816]]], [[[136.789886, 37.378112], [136.790214, 37.377697], [136.790485, 37.37767], [136.790132, 37.378121], [136.789886, 37.378112]]], [[[136.796501, 37.377946], [136.796561, 37.377829], [136.796732, 37.377921], [136.796501, 37.377946]]], [[[136.802474, 37.377602], [136.80271, 37.377616], [136.802707, 37.377744], [136.80251, 37.377777], [136.802474, 37.377602]]], [[[136.793952, 37.377599], [136.794023, 37.377557], [136.794146, 37.377614], [136.793952, 37.377599]]], [[[136.790365, 37.377292], [136.790584, 37.377281], [136.790408, 37.377411], [136.790365, 37.377292]]], [[[136.802051, 37.377121], [136.802199, 37.377079], [136.802222, 37.377186], [136.802051, 37.377121]]], [[[136.790456, 37.377136], [136.790739, 37.377039], [136.790638, 37.377189], [136.790456, 37.377136]]], [[[136.791621, 37.374967], [136.791738, 37.374924], [136.791741, 37.375051], [136.791621, 37.374967]]], [[[136.787065, 37.374216], [136.787244, 37.374131], [136.787335, 37.374209], [136.787065, 37.374216]]], [[[136.785336, 37.373886], [136.785442, 37.373773], [136.78559, 37.373807], [136.785548, 37.373959], [136.785336, 37.373886]]], [[[136.787226, 37.373795], [136.787325, 37.373749], [136.787368, 37.373829], [136.787226, 37.373795]]], [[[136.783616, 37.372703], [136.78425, 37.37277], [136.783862, 37.372877], [136.783672, 37.372849], [136.783616, 37.372703]]], [[[136.782776, 37.372691], [136.782917, 37.372567], [136.782945, 37.372765], [136.782776, 37.372691]]], [[[136.777246, 37.371047], [136.777388, 37.371081], [136.777317, 37.371126], [136.777246, 37.371047]]], [[[136.777246, 37.370776], [136.777508, 37.370703], [136.77767, 37.370985], [136.777486, 37.37103], [136.777246, 37.370776]]], [[[136.775857, 37.370371], [136.776125, 37.370309], [136.77652, 37.370416], [136.776421, 37.370771], [136.776062, 37.370658], [136.775857, 37.370371]]], [[[136.7798, 37.370337], [136.78019, 37.370217], [136.780242, 37.370337], [136.780159, 37.370489], [136.779898, 37.370512], [136.7798, 37.370337]]], [[[136.775455, 37.369599], [136.775596, 37.369566], [136.775653, 37.369717], [136.775455, 37.369599]]], [[[136.776231, 37.369464], [136.776577, 37.369419], [136.776612, 37.369594], [136.776231, 37.369464]]], [[[136.775617, 37.369509], [136.775681, 37.369447], [136.775871, 37.369571], [136.775617, 37.369509]]], [[[136.770969, 37.368096], [136.77116, 37.368045], [136.771279, 37.368237], [136.771047, 37.368237], [136.770969, 37.368096]]], [[[136.769629, 37.36796], [136.769827, 37.367949], [136.769791, 37.368079], [136.769629, 37.36796]]], [[[136.769538, 37.367527], [136.769622, 37.367426], [136.769904, 37.367437], [136.769791, 37.367544], [136.769538, 37.367527]]], [[[136.770991, 37.36733], [136.771068, 37.367291], [136.771096, 37.367347], [136.770991, 37.36733]]], [[[136.762259, 37.366344], [136.762548, 37.366316], [136.762534, 37.36649], [136.762273, 37.366468], [136.762259, 37.366344]]], [[[136.766253, 37.365706], [136.766326, 37.365611], [136.766515, 37.365689], [136.766434, 37.365832], [136.766253, 37.365706]]], [[[136.761709, 37.365663], [136.761941, 37.365635], [136.7618, 37.365713], [136.761709, 37.365663]]], [[[136.762929, 37.365488], [136.76307, 37.365421], [136.76314, 37.365517], [136.762929, 37.365488]]], [[[136.762321, 37.36546], [136.76245, 37.365342], [136.762734, 37.365393], [136.762545, 37.36552], [136.762321, 37.36546]]], [[[136.765271, 37.365454], [136.765403, 37.365383], [136.765505, 37.365497], [136.765271, 37.365454]]], [[[136.754053, 37.361609], [136.754218, 37.361332], [136.75443, 37.361402], [136.754318, 37.361629], [136.754103, 37.361686], [136.754053, 37.361609]]], [[[136.753428, 37.361236], [136.753555, 37.361107], [136.753739, 37.361197], [136.753527, 37.36149], [136.753428, 37.361236]]], [[[136.752187, 37.358939], [136.752829, 37.358877], [136.753009, 37.359029], [136.752794, 37.359113], [136.752187, 37.358939]]], [[[136.751651, 37.358544], [136.752051, 37.358336], [136.752452, 37.358478], [136.75199, 37.358612], [136.751651, 37.358544]]], [[[136.751214, 37.355852], [136.751298, 37.355824], [136.751341, 37.355926], [136.751214, 37.355852]]], [[[136.751453, 37.355869], [136.751504, 37.355766], [136.7515, 37.355888], [136.751453, 37.355869]]], [[[136.751341, 37.355599], [136.751376, 37.35552], [136.75151, 37.355588], [136.751341, 37.355599]]], [[[136.754635, 37.349664], [136.754691, 37.349607], [136.754825, 37.349697], [136.754635, 37.349664]]], [[[136.755056, 37.349039], [136.755225, 37.349039], [136.75523, 37.349149], [136.755056, 37.349039]]], [[[136.754705, 37.348988], [136.754839, 37.348971], [136.754832, 37.349061], [136.754705, 37.348988]]], [[[136.739124, 37.348097], [136.739256, 37.347951], [136.739381, 37.348041], [136.739163, 37.348266], [136.739124, 37.348097]]], [[[136.753814, 37.347934], [136.753941, 37.347847], [136.754046, 37.34794], [136.753814, 37.347934]]], [[[136.752519, 37.347625], [136.752646, 37.34754], [136.752724, 37.347658], [136.752519, 37.347625]]], [[[136.750643, 37.347185], [136.750841, 37.347005], [136.750735, 37.347253], [136.750643, 37.347185]]], [[[136.751919, 37.346182], [136.752132, 37.346113], [136.752054, 37.346262], [136.751919, 37.346182]]], [[[136.736568, 37.345698], [136.736765, 37.345732], [136.736673, 37.345974], [136.736568, 37.345698]]], [[[136.736139, 37.345597], [136.736238, 37.345541], [136.736265, 37.345681], [136.736139, 37.345597]]], [[[136.735289, 37.344893], [136.735408, 37.344837], [136.735336, 37.344966], [136.735289, 37.344893]]], [[[136.736713, 37.344848], [136.736785, 37.344752], [136.736818, 37.344893], [136.736713, 37.344848]]], [[[136.735356, 37.344735], [136.735566, 37.344718], [136.735388, 37.344809], [136.735356, 37.344735]]], [[[136.737299, 37.343772], [136.73747, 37.343665], [136.737378, 37.343857], [136.737299, 37.343772]]], [[[136.739012, 37.340816], [136.739071, 37.34072], [136.739084, 37.340839], [136.739012, 37.340816]]], [[[136.738749, 37.340596], [136.738808, 37.340703], [136.738749, 37.340692], [136.738749, 37.340596]]], [[[136.739006, 37.340444], [136.739091, 37.340467], [136.739071, 37.340568], [136.739006, 37.340444]]], [[[136.735955, 37.336688], [136.73614, 37.336609], [136.736166, 37.336682], [136.736001, 37.336801], [136.735955, 37.336688]]], [[[136.735725, 37.336576], [136.735824, 37.33644], [136.735975, 37.33644], [136.735725, 37.336576]]], [[[136.734138, 37.335562], [136.73425, 37.335421], [136.73429, 37.335612], [136.734138, 37.335562]]], [[[136.732777, 37.334412], [136.73306, 37.334334], [136.732863, 37.334514], [136.732777, 37.334412]]], [[[136.732303, 37.334294], [136.732376, 37.33421], [136.73254, 37.334255], [136.732303, 37.334294]]], [[[136.724077, 37.310066], [136.724169, 37.309947], [136.724576, 37.309987], [136.724077, 37.310066]]], [[[136.723781, 37.308246], [136.723925, 37.308117], [136.723886, 37.308286], [136.723781, 37.308246]]], [[[136.721091, 37.299646], [136.72119, 37.299596], [136.721315, 37.299747], [136.721091, 37.299646]]], [[[136.721782, 37.299353], [136.721966, 37.299229], [136.722183, 37.299415], [136.722051, 37.2995], [136.721782, 37.299353]]], [[[136.723367, 37.299111], [136.723472, 37.299027], [136.723775, 37.299077], [136.723814, 37.299235], [136.723505, 37.299269], [136.723367, 37.299111]]], [[[136.724689, 37.295907], [136.724794, 37.295856], [136.724873, 37.296042], [136.724689, 37.295907]]], [[[136.724281, 37.295343], [136.724301, 37.295321], [136.724334, 37.295326], [136.724281, 37.295343]]], [[[136.723676, 37.294172], [136.723795, 37.294161], [136.724137, 37.294617], [136.724354, 37.294617], [136.724229, 37.294864], [136.723906, 37.294757], [136.723676, 37.294172]]], [[[136.724722, 37.294419], [136.724847, 37.294386], [136.7249, 37.29456], [136.724722, 37.294419]]], [[[136.724544, 37.294003], [136.724663, 37.29398], [136.724768, 37.294121], [136.724544, 37.294003]]], [[[136.724328, 37.293192], [136.724617, 37.293344], [136.724498, 37.293609], [136.724328, 37.293192]]], [[[136.72707, 37.29153], [136.727103, 37.291344], [136.727235, 37.291373], [136.727314, 37.291772], [136.72707, 37.29153]]], [[[136.729859, 37.282609], [136.730511, 37.282266], [136.730754, 37.282317], [136.730418, 37.282677], [136.730004, 37.282779], [136.729859, 37.282609]]], [[[136.731181, 37.281793], [136.731438, 37.281213], [136.731701, 37.281241], [136.731773, 37.281331], [136.731596, 37.28163], [136.731353, 37.281855], [136.731181, 37.281793]]], [[[136.707342, 37.250142], [136.707589, 37.250128], [136.707577, 37.250413], [136.707386, 37.250357], [136.707342, 37.250142]]], [[[136.707724, 37.249979], [136.707797, 37.249855], [136.708051, 37.249911], [136.70832, 37.250226], [136.708247, 37.250329], [136.707918, 37.250349], [136.707724, 37.249979]]], [[[136.705667, 37.249463], [136.705744, 37.249242], [136.706048, 37.249085], [136.707086, 37.249545], [136.706833, 37.249646], [136.706926, 37.249965], [136.706783, 37.250114], [136.706199, 37.250085], [136.705869, 37.249848], [136.706056, 37.249659], [136.705667, 37.249463]]], [[[136.705313, 37.24988], [136.705488, 37.249869], [136.705407, 37.249973], [136.705313, 37.24988]]], [[[136.705139, 37.249706], [136.705251, 37.24963], [136.705304, 37.249698], [136.705139, 37.249706]]], [[[136.704916, 37.249539], [136.705026, 37.249505], [136.705043, 37.249611], [136.704916, 37.249539]]], [[[136.704611, 37.249394], [136.704701, 37.249364], [136.704785, 37.249465], [136.704611, 37.249394]]], [[[136.704957, 37.248997], [136.705046, 37.2488], [136.705295, 37.248716], [136.705748, 37.249136], [136.705048, 37.249317], [136.704957, 37.248997]]], [[[136.704641, 37.249014], [136.704728, 37.248976], [136.704796, 37.24905], [136.704641, 37.249014]]], [[[136.704616, 37.24865], [136.704682, 37.248597], [136.704759, 37.248654], [136.704616, 37.24865]]], [[[136.704692, 37.248207], [136.704861, 37.248079], [136.705189, 37.248203], [136.705179, 37.248581], [136.704843, 37.248526], [136.704692, 37.248207]]], [[[136.705108, 37.246958], [136.705269, 37.246729], [136.70526, 37.247078], [136.705108, 37.246958]]], [[[136.703229, 37.24649], [136.703345, 37.246326], [136.703533, 37.246363], [136.703377, 37.246639], [136.703229, 37.24649]]], [[[136.702088, 37.246116], [136.702267, 37.246029], [136.702419, 37.246203], [136.702254, 37.246304], [136.702088, 37.246116]]], [[[136.702701, 37.245397], [136.702759, 37.245317], [136.702831, 37.245422], [136.702701, 37.245397]]], [[[136.702894, 37.245281], [136.702898, 37.245205], [136.702992, 37.245223], [136.702894, 37.245281]]], [[[136.702374, 37.244922], [136.702455, 37.244871], [136.70258, 37.244965], [136.702374, 37.244922]]], [[[136.700742, 37.244399], [136.700854, 37.24437], [136.700863, 37.244482], [136.700742, 37.244399]]], [[[136.700218, 37.244166], [136.700406, 37.244087], [136.700312, 37.244402], [136.700218, 37.244166]]], [[[136.696798, 37.240156], [136.696934, 37.239859], [136.697071, 37.239863], [136.697025, 37.24034], [136.696798, 37.240156]]], [[[136.69715, 37.240256], [136.697159, 37.240056], [136.697409, 37.239895], [136.697708, 37.239994], [136.697729, 37.240136], [136.697356, 37.240364], [136.69715, 37.240256]]], [[[136.700639, 37.240025], [136.70083, 37.239969], [136.700879, 37.240111], [136.700639, 37.240025]]], [[[136.700336, 37.239921], [136.700551, 37.239779], [136.700525, 37.239938], [136.700336, 37.239921]]], [[[136.698496, 37.238036], [136.698633, 37.237928], [136.698782, 37.237988], [136.698629, 37.238164], [136.698496, 37.238036]]], [[[136.698778, 37.237556], [136.698863, 37.237484], [136.699102, 37.237574], [136.699212, 37.238051], [136.698877, 37.237841], [136.698778, 37.237556]]], [[[136.698321, 37.237825], [136.698501, 37.237778], [136.698377, 37.237916], [136.698321, 37.237825]]], [[[136.69945, 37.23703], [136.699578, 37.236893], [136.699888, 37.236968], [136.699841, 37.237139], [136.69945, 37.23703]]], [[[136.70002, 37.236123], [136.700147, 37.236057], [136.700174, 37.236104], [136.70002, 37.236123]]], [[[136.700277, 37.236012], [136.70041, 37.235979], [136.70033, 37.236053], [136.700277, 37.236012]]], [[[136.700041, 37.235507], [136.700211, 37.235506], [136.7001, 37.235558], [136.700041, 37.235507]]], [[[136.700987, 37.235319], [136.701022, 37.235259], [136.701146, 37.235287], [136.700987, 37.235319]]], [[[136.694687, 37.224353], [136.694719, 37.224284], [136.694802, 37.224336], [136.694687, 37.224353]]], [[[136.694387, 37.223908], [136.694519, 37.223787], [136.695105, 37.223748], [136.694892, 37.223969], [136.694541, 37.224009], [136.694387, 37.223908]]], [[[136.695744, 37.223889], [136.69616, 37.223709], [136.696101, 37.223839], [136.695744, 37.223889]]], [[[136.694877, 37.223381], [136.695118, 37.223361], [136.694958, 37.223458], [136.694877, 37.223381]]], [[[136.695269, 37.22314], [136.695362, 37.223166], [136.695366, 37.223306], [136.695269, 37.22314]]], [[[136.694178, 37.221864], [136.694649, 37.221505], [136.694715, 37.221869], [136.694283, 37.222027], [136.694178, 37.221864]]]]}}, {"type": "Feature", "properties": {"pref_code": "17", "pref_name": "石川県", "municipality_code": "17205", "municipality_name": "珠洲市", "ward_name": "", "display_name": "珠洲市", "geometry_key": "17205"}, "geometry": {"type": "MultiPolygon", "coordinates": [[[[137.278915, 37.535893], [137.279102, 37.535668], [137.279398, 37.535679], [137.279266, 37.535963], [137.278915, 37.535893]]], [[[137.290236, 37.534944], [137.290364, 37.534844], [137.290553, 37.534958], [137.290857, 37.535312], [137.290832, 37.535469], [137.2904, 37.535235], [137.290236, 37.534944]]], [[[137.288553, 37.534736], [137.288673, 37.534666], [137.288809, 37.534864], [137.288594, 37.534862], [137.288553, 37.534736]]], [[[137.273866, 37.533626], [137.273894, 37.533429], [137.274184, 37.533326], [137.274248, 37.533147], [137.276277, 37.533948], [137.276548, 37.534308], [137.276476, 37.534525], [137.276072, 37.534624], [137.274937, 37.534046], [137.274232, 37.533896], [137.273866, 37.533626]]], [[[137.288089, 37.53444], [137.288344, 37.534358], [137.288248, 37.534539], [137.288089, 37.53444]]], [[[137.274084, 37.534208], [137.274147, 37.534122], [137.274364, 37.534249], [137.274249, 37.534314], [137.274084, 37.534208]]], [[[137.287958, 37.534036], [137.288062, 37.533585], [137.288213, 37.533867], [137.288047, 37.534151], [137.287958, 37.534036]]], [[[137.288479, 37.534066], [137.288684, 37.533972], [137.288642, 37.534117], [137.288479, 37.534066]]], [[[137.274054, 37.533948], [137.274289, 37.533976], [137.274294, 37.534054], [137.274054, 37.533948]]], [[[137.27954, 37.53391], [137.279612, 37.533785], [137.279686, 37.533899], [137.27954, 37.53391]]], [[[137.288228, 37.533311], [137.288339, 37.533209], [137.288526, 37.533339], [137.288502, 37.533826], [137.288228, 37.533311]]], [[[137.291524, 37.533745], [137.291663, 37.533693], [137.291699, 37.533802], [137.291524, 37.533745]]], [[[137.280408, 37.533764], [137.280566, 37.533674], [137.280523, 37.533796], [137.280408, 37.533764]]], [[[137.287478, 37.53319], [137.287626, 37.533133], [137.287911, 37.533253], [137.287644, 37.533524], [137.287478, 37.53319]]], [[[137.287251, 37.53348], [137.287316, 37.533352], [137.287475, 37.533376], [137.287416, 37.533498], [137.287251, 37.53348]]], [[[137.238988, 37.373282], [137.239333, 37.373275], [137.239529, 37.373459], [137.239111, 37.373704], [137.237789, 37.378605], [137.237107, 37.383504], [137.237038, 37.386109], [137.237337, 37.388583], [137.237651, 37.389864], [137.238678, 37.392127], [137.239612, 37.393432], [137.241106, 37.394999], [137.243183, 37.396435], [137.244485, 37.397063], [137.245183, 37.397169], [137.244593, 37.398027], [137.243987, 37.399699], [137.244577, 37.399761], [137.244508, 37.402366], [137.243606, 37.402369], [137.24359, 37.402564], [137.243703, 37.402564], [137.243676, 37.403266], [137.244087, 37.40359], [137.243949, 37.403791], [137.243793, 37.406147], [137.243948, 37.408208], [137.244359, 37.410197], [137.244642, 37.410855], [137.245058, 37.411167], [137.24532, 37.4116], [137.246302, 37.412315], [137.246772, 37.412831], [137.24742, 37.415152], [137.247806, 37.417615], [137.248616, 37.420025], [137.251036, 37.424918], [137.253332, 37.428109], [137.256128, 37.430942], [137.25695, 37.431573], [137.259379, 37.433006], [137.26149, 37.429827], [137.262934, 37.429566], [137.263219, 37.430383], [137.26196, 37.432312], [137.262941, 37.432723], [137.262427, 37.433474], [137.264227, 37.434235], [137.264956, 37.433126], [137.265138, 37.433234], [137.264119, 37.434817], [137.266034, 37.435625], [137.266574, 37.434637], [137.266152, 37.43285], [137.2663, 37.432826], [137.266759, 37.434616], [137.266136, 37.435657], [137.269026, 37.437715], [137.271074, 37.438392], [137.271744, 37.438254], [137.272451, 37.438648], [137.273418, 37.438572], [137.274355, 37.439419], [137.276758, 37.440059], [137.284534, 37.441766], [137.287188, 37.442146], [137.287364, 37.442059], [137.290229, 37.442422], [137.293076, 37.442634], [137.294201, 37.442247], [137.294599, 37.442482], [137.294587, 37.44274], [137.294911, 37.442744], [137.294955, 37.442581], [137.295478, 37.442523], [137.296015, 37.442292], [137.297188, 37.442544], [137.297841, 37.442365], [137.298691, 37.442691], [137.299712, 37.442703], [137.300336, 37.44258], [137.300561, 37.442337], [137.301494, 37.442102], [137.301013, 37.441035], [137.301666, 37.440847], [137.301759, 37.441079], [137.302791, 37.440788], [137.302702, 37.440573], [137.304848, 37.439947], [137.304597, 37.439346], [137.30553, 37.439072], [137.305525, 37.438868], [137.305771, 37.438817], [137.305795, 37.439426], [137.306144, 37.440294], [137.306949, 37.440059], [137.306895, 37.439947], [137.308667, 37.439442], [137.308181, 37.438406], [137.309183, 37.438124], [137.309374, 37.438574], [137.310228, 37.438371], [137.310773, 37.437861], [137.310298, 37.436678], [137.309738, 37.43673], [137.309713, 37.436586], [137.310901, 37.436471], [137.311549, 37.437949], [137.311996, 37.438068], [137.312119, 37.438231], [137.314023, 37.438394], [137.329051, 37.439028], [137.335711, 37.439843], [137.340301, 37.440784], [137.344821, 37.441914], [137.346289, 37.442649], [137.348631, 37.443199], [137.351077, 37.444182], [137.351936, 37.444648], [137.352749, 37.445364], [137.354979, 37.446946], [137.355339, 37.446931], [137.355395, 37.447264], [137.355661, 37.447492], [137.35582, 37.447378], [137.35661, 37.447575], [137.356507, 37.447818], [137.357189, 37.448042], [137.359279, 37.449422], [137.360429, 37.450476], [137.360737, 37.45277], [137.358984, 37.456053], [137.359035, 37.456425], [137.359129, 37.456417], [137.35919, 37.457912], [137.357928, 37.458973], [137.357507, 37.459519], [137.357385, 37.459773], [137.357745, 37.459914], [137.357388, 37.459852], [137.357152, 37.460253], [137.357366, 37.46041], [137.357044, 37.460292], [137.356404, 37.46226], [137.356665, 37.463485], [137.357498, 37.464312], [137.357722, 37.464941], [137.356394, 37.46664], [137.355081, 37.467023], [137.353005, 37.468342], [137.350271, 37.47086], [137.348125, 37.472418], [137.344988, 37.475497], [137.343848, 37.477048], [137.342693, 37.479144], [137.340768, 37.482026], [137.339515, 37.484525], [137.339454, 37.485325], [137.339683, 37.48531], [137.339772, 37.485465], [137.339973, 37.486868], [137.340561, 37.48745], [137.341621, 37.489048], [137.341924, 37.489235], [137.342398, 37.489839], [137.342666, 37.489946], [137.34261, 37.490773], [137.34285, 37.490863], [137.342899, 37.491443], [137.343153, 37.491922], [137.343189, 37.492659], [137.343527, 37.49342], [137.344093, 37.49402], [137.346326, 37.494743], [137.346643, 37.495101], [137.346975, 37.496078], [137.347826, 37.496669], [137.34945, 37.49712], [137.349594, 37.497407], [137.34958, 37.497881], [137.348938, 37.498835], [137.348894, 37.499701], [137.349009, 37.499936], [137.349508, 37.500287], [137.350323, 37.501616], [137.351102, 37.501996], [137.350907, 37.502195], [137.351078, 37.502957], [137.350728, 37.504026], [137.350334, 37.504347], [137.348958, 37.504812], [137.348853, 37.505112], [137.348496, 37.505211], [137.348072, 37.505646], [137.347748, 37.506247], [137.347163, 37.506768], [137.347068, 37.507125], [137.34727, 37.507373], [137.347283, 37.507769], [137.346388, 37.507732], [137.346036, 37.508016], [137.345868, 37.508629], [137.346117, 37.509343], [137.345917, 37.509599], [137.344305, 37.510117], [137.343576, 37.510509], [137.343392, 37.510726], [137.344565, 37.512073], [137.344473, 37.512329], [137.343992, 37.512495], [137.343996, 37.512824], [137.344268, 37.513075], [137.344279, 37.513261], [137.345162, 37.513709], [137.345943, 37.514486], [137.346141, 37.514829], [137.345982, 37.515133], [137.346074, 37.515358], [137.345074, 37.515364], [137.344918, 37.515426], [137.344989, 37.515527], [137.344833, 37.515777], [137.344568, 37.515707], [137.344303, 37.515434], [137.343854, 37.515397], [137.343374, 37.515668], [137.343222, 37.516011], [137.343013, 37.516014], [137.343554, 37.516279], [137.343462, 37.51658], [137.342402, 37.516264], [137.342271, 37.516715], [137.341038, 37.516509], [137.340526, 37.51667], [137.340225, 37.516456], [137.339971, 37.51654], [137.339943, 37.516692], [137.339674, 37.516709], [137.339384, 37.516478], [137.338437, 37.516225], [137.338391, 37.516529], [137.338168, 37.516676], [137.337208, 37.516853], [137.33673, 37.5173], [137.336239, 37.517548], [137.335928, 37.517576], [137.335158, 37.517435], [137.334633, 37.517146], [137.333769, 37.517015], [137.333234, 37.517354], [137.333357, 37.517733], [137.333176, 37.51795], [137.332115, 37.517908], [137.331864, 37.518001], [137.331447, 37.518452], [137.331205, 37.518395], [137.329984, 37.518637], [137.328746, 37.519379], [137.328125, 37.520088], [137.327596, 37.521055], [137.327426, 37.52178], [137.327484, 37.52305], [137.327172, 37.524072], [137.32692, 37.524051], [137.326762, 37.524542], [137.326064, 37.524598], [137.326023, 37.524772], [137.326415, 37.52581], [137.326567, 37.525746], [137.327882, 37.527504], [137.328256, 37.528901], [137.328111, 37.529138], [137.32779, 37.529301], [137.326387, 37.529498], [137.325129, 37.529332], [137.323132, 37.528639], [137.320379, 37.528634], [137.319493, 37.528357], [137.318938, 37.527859], [137.318062, 37.527744], [137.317641, 37.527566], [137.316627, 37.527544], [137.316122, 37.527381], [137.315005, 37.527316], [137.313928, 37.527476], [137.313334, 37.527434], [137.312482, 37.527139], [137.311994, 37.526801], [137.310588, 37.526463], [137.309973, 37.52648], [137.309426, 37.526666], [137.308521, 37.527963], [137.308412, 37.528484], [137.308125, 37.528616], [137.306931, 37.528492], [137.30629, 37.528146], [137.304696, 37.528306], [137.304202, 37.528152], [137.302534, 37.527132], [137.298833, 37.526169], [137.29764, 37.526059], [137.295717, 37.526301], [137.294844, 37.526609], [137.293771, 37.527611], [137.293209, 37.528377], [137.293305, 37.528534], [137.293156, 37.528658], [137.292389, 37.528585], [137.291149, 37.529435], [137.290152, 37.529594], [137.289534, 37.529818], [137.288629, 37.529721], [137.288369, 37.529888], [137.287513, 37.529057], [137.287794, 37.528868], [137.287448, 37.528499], [137.284551, 37.527201], [137.28327, 37.527029], [137.282413, 37.527037], [137.281106, 37.527417], [137.27975, 37.527953], [137.278988, 37.528477], [137.278393, 37.528714], [137.277066, 37.530052], [137.276945, 37.530539], [137.276476, 37.531091], [137.276391, 37.531525], [137.276597, 37.531819], [137.277209, 37.532146], [137.277304, 37.532329], [137.278025, 37.532517], [137.277675, 37.532923], [137.277307, 37.532816], [137.27688, 37.533295], [137.276509, 37.533404], [137.275749, 37.533314], [137.275297, 37.533427], [137.274996, 37.533255], [137.27494, 37.532909], [137.274735, 37.532824], [137.274204, 37.53276], [137.273215, 37.532247], [137.273049, 37.532315], [137.272653, 37.532213], [137.272487, 37.532326], [137.272289, 37.532242], [137.272194, 37.532112], [137.272307, 37.53194], [137.27301, 37.53165], [137.272975, 37.531501], [137.272636, 37.531451], [137.272629, 37.531276], [137.272134, 37.531127], [137.271802, 37.530783], [137.270869, 37.530234], [137.269986, 37.530034], [137.269494, 37.529567], [137.269049, 37.529505], [137.269028, 37.529649], [137.268675, 37.529815], [137.268265, 37.529618], [137.268335, 37.529288], [137.268116, 37.529255], [137.268017, 37.529409], [137.267706, 37.529421], [137.267554, 37.529018], [137.266664, 37.528265], [137.265744, 37.528239], [137.265068, 37.529074], [137.264644, 37.530036], [137.264657, 37.530231], [137.265028, 37.530459], [137.265031, 37.530668], [137.264872, 37.530749], [137.26454, 37.530586], [137.26413, 37.531155], [137.263508, 37.531208], [137.263271, 37.530865], [137.2626, 37.53049], [137.262088, 37.529998], [137.261229, 37.529592], [137.260971, 37.529606], [137.260844, 37.529772], [137.260787, 37.529984], [137.260996, 37.53031], [137.260851, 37.530504], [137.260359, 37.530074], [137.259971, 37.530223], [137.259554, 37.530147], [137.258868, 37.529508], [137.258724, 37.529513], [137.258787, 37.529798], [137.25861, 37.529843], [137.257985, 37.529215], [137.25755, 37.529032], [137.257331, 37.528995], [137.257299, 37.529167], [137.257048, 37.529285], [137.256359, 37.529136], [137.256201, 37.528967], [137.256363, 37.528739], [137.256773, 37.528663], [137.256952, 37.528504], [137.256858, 37.528066], [137.255646, 37.526895], [137.254858, 37.526676], [137.254091, 37.526051], [137.253041, 37.525854], [137.252798, 37.525581], [137.252328, 37.525595], [137.251843, 37.525446], [137.251175, 37.524998], [137.250416, 37.524823], [137.249691, 37.524944], [137.249621, 37.524773], [137.248686, 37.524771], [137.248414, 37.52495], [137.248073, 37.524827], [137.247759, 37.525346], [137.247278, 37.525561], [137.246672, 37.52559], [137.246538, 37.525697], [137.246588, 37.526009], [137.246449, 37.526038], [137.246053, 37.525509], [137.246113, 37.525359], [137.246826, 37.525051], [137.247331, 37.524969], [137.24735, 37.524845], [137.246945, 37.524831], [137.246284, 37.525089], [137.246504, 37.524635], [137.246283, 37.524578], [137.246194, 37.524364], [137.245658, 37.524697], [137.245513, 37.524056], [137.245661, 37.523978], [137.245942, 37.524167], [137.246092, 37.523945], [137.24649, 37.523805], [137.246535, 37.523051], [137.24677, 37.522694], [137.247122, 37.522559], [137.247133, 37.5222], [137.247054, 37.521969], [137.246746, 37.521824], [137.246576, 37.52153], [137.245608, 37.520699], [137.245765, 37.520555], [137.245566, 37.520187], [137.244563, 37.519555], [137.243675, 37.519331], [137.242003, 37.519182], [137.241924, 37.519915], [137.24107, 37.519964], [137.241072, 37.520077], [137.238521, 37.520216], [137.237706, 37.520164], [137.236942, 37.520477], [137.237345, 37.521197], [137.237156, 37.521402], [137.235996, 37.521199], [137.235538, 37.520927], [137.235057, 37.520954], [137.234955, 37.520863], [137.236157, 37.520375], [137.236394, 37.519866], [137.236317, 37.519455], [137.235767, 37.519109], [137.235628, 37.5186], [137.235364, 37.518283], [137.234719, 37.51806], [137.234398, 37.517862], [137.234217, 37.517522], [137.233668, 37.517345], [137.233728, 37.517051], [137.234082, 37.516927], [137.233406, 37.516619], [137.232699, 37.516516], [137.23251, 37.516897], [137.231744, 37.516937], [137.231415, 37.516816], [137.23132, 37.51657], [137.231121, 37.516472], [137.230634, 37.516461], [137.230643, 37.51595], [137.23013, 37.515838], [137.22971, 37.515907], [137.22873, 37.516222], [137.228452, 37.516654], [137.227776, 37.517109], [137.227704, 37.517628], [137.227527, 37.517849], [137.227093, 37.517797], [137.226884, 37.517879], [137.226706, 37.518194], [137.226469, 37.518187], [137.22634, 37.517884], [137.226521, 37.51718], [137.226159, 37.517217], [137.225847, 37.516919], [137.226053, 37.516501], [137.225766, 37.516344], [137.225236, 37.516344], [137.225128, 37.516476], [137.224577, 37.516561], [137.224479, 37.516299], [137.224841, 37.516007], [137.224446, 37.515691], [137.223768, 37.514706], [137.223514, 37.514531], [137.223013, 37.51443], [137.222194, 37.514503], [137.22179, 37.514802], [137.220872, 37.514787], [137.220217, 37.514993], [137.219412, 37.514987], [137.219363, 37.515165], [137.220803, 37.516341], [137.220841, 37.516592], [137.220539, 37.516374], [137.220122, 37.516283], [137.219258, 37.515587], [137.217763, 37.514723], [137.21778, 37.514449], [137.218031, 37.514113], [137.218872, 37.513904], [137.219257, 37.513321], [137.21949, 37.512544], [137.219292, 37.511598], [137.218268, 37.510274], [137.216214, 37.508771], [137.21267, 37.507093], [137.210453, 37.506327], [137.210273, 37.506149], [137.208341, 37.505809], [137.207094, 37.506073], [137.206223, 37.506095], [137.206081, 37.505945], [137.205179, 37.506174], [137.205654, 37.506446], [137.205594, 37.506668], [137.204645, 37.506487], [137.203894, 37.506612], [137.203993, 37.506365], [137.204535, 37.506196], [137.203299, 37.506124], [137.20286, 37.506199], [137.202343, 37.506446], [137.202103, 37.507173], [137.202254, 37.507351], [137.202251, 37.507805], [137.202738, 37.508231], [137.20263, 37.508319], [137.202357, 37.508237], [137.201729, 37.507889], [137.20178, 37.508142], [137.201454, 37.50821], [137.201171, 37.508074], [137.201056, 37.507851], [137.200208, 37.507499], [137.199523, 37.506792], [137.199101, 37.506654], [137.198617, 37.506129], [137.198243, 37.506096], [137.198084, 37.505829], [137.19776, 37.505805], [137.197616, 37.50544], [137.19699, 37.504824], [137.195979, 37.504697], [137.195157, 37.504172], [137.194087, 37.503972], [137.193644, 37.503777], [137.192465, 37.504034], [137.190989, 37.504033], [137.190772, 37.503927], [137.190843, 37.503645], [137.190649, 37.503581], [137.190372, 37.503594], [137.190054, 37.503824], [137.18986, 37.503779], [137.189893, 37.50341], [137.189756, 37.503352], [137.189421, 37.503818], [137.189037, 37.503805], [137.188843, 37.503511], [137.188416, 37.503538], [137.187561, 37.503261], [137.187518, 37.503122], [137.187746, 37.503095], [137.187914, 37.502865], [137.188954, 37.50273], [137.188751, 37.502557], [137.188937, 37.502411], [137.188016, 37.501977], [137.187964, 37.502147], [137.187712, 37.502277], [137.187185, 37.50209], [137.187319, 37.501787], [137.187523, 37.501697], [137.185552, 37.500966], [137.183444, 37.500586], [137.182171, 37.500034], [137.181165, 37.499774], [137.180507, 37.499788], [137.180253, 37.499547], [137.178189, 37.499586], [137.176957, 37.500022], [137.175053, 37.501259], [137.174423, 37.501477], [137.174441, 37.501645], [137.173839, 37.501965], [137.173927, 37.502115], [137.173804, 37.50234], [137.172686, 37.502796], [137.172229, 37.502731], [137.172014, 37.502547], [137.171992, 37.502304], [137.1714, 37.502342], [137.171205, 37.50251], [137.171165, 37.502901], [137.168846, 37.502887], [137.168701, 37.502839], [137.168631, 37.502528], [137.167301, 37.502415], [137.167083, 37.502652], [137.166821, 37.502701], [137.166487, 37.502374], [137.163655, 37.502271], [137.158877, 37.501207], [137.158498, 37.501454], [137.158038, 37.501515], [137.157786, 37.501206], [137.157821, 37.500976], [137.155926, 37.500344], [137.155609, 37.500658], [137.155214, 37.500636], [137.155207, 37.500296], [137.149902, 37.499013], [137.146878, 37.498754], [137.146248, 37.499314], [137.145692, 37.499043], [137.145098, 37.499159], [137.144454, 37.499001], [137.143952, 37.49836], [137.144079, 37.498136], [137.143867, 37.497811], [137.143917, 37.497299], [137.143173, 37.496781], [137.142409, 37.496859], [137.142666, 37.497052], [137.142459, 37.497364], [137.142226, 37.497444], [137.141948, 37.49738], [137.141892, 37.497074], [137.142062, 37.496892], [137.141728, 37.496707], [137.140379, 37.496667], [137.140225, 37.496933], [137.139775, 37.497039], [137.138308, 37.496884], [137.138189, 37.496656], [137.138, 37.496597], [137.138195, 37.49641], [137.137995, 37.496188], [137.136863, 37.495893], [137.135531, 37.495722], [137.134519, 37.494988], [137.132184, 37.493752], [137.130998, 37.493536], [137.128231, 37.493565], [137.127173, 37.493265], [137.125705, 37.492477], [137.124171, 37.491929], [137.122971, 37.491718], [137.12117, 37.490584], [137.120852, 37.490193], [137.119802, 37.489424], [137.118597, 37.488745], [137.118238, 37.487734], [137.117572, 37.487147], [137.117082, 37.486902], [137.115383, 37.486538], [137.115439, 37.486707], [137.115867, 37.486829], [137.115946, 37.487006], [137.115358, 37.487003], [137.114986, 37.486867], [137.113863, 37.487181], [137.113374, 37.487113], [137.112912, 37.486763], [137.11172, 37.486934], [137.11102, 37.486716], [137.110474, 37.486684], [137.110469, 37.486494], [137.110748, 37.486422], [137.11069, 37.486098], [137.110209, 37.485975], [137.110019, 37.486043], [137.109927, 37.485861], [137.109444, 37.48566], [137.109367, 37.485423], [137.108831, 37.485029], [137.109058, 37.484886], [137.108411, 37.48429], [137.107958, 37.484553], [137.107714, 37.484433], [137.107576, 37.484512], [137.107251, 37.484395], [137.107301, 37.484164], [137.106862, 37.483894], [137.107418, 37.483147], [137.107324, 37.482087], [137.10658, 37.480745], [137.106143, 37.48035], [137.105469, 37.480006], [137.104174, 37.479824], [137.101414, 37.479844], [137.100943, 37.479549], [137.100767, 37.479223], [137.100291, 37.478915], [137.100066, 37.47857], [137.09908, 37.478189], [137.097881, 37.478341], [137.097766, 37.478581], [137.097138, 37.478812], [137.097121, 37.478998], [137.096226, 37.479121], [137.096175, 37.478829], [137.095614, 37.478905], [137.095752, 37.479016], [137.095637, 37.479076], [137.095036, 37.478973], [137.095011, 37.478752], [137.095435, 37.478024], [137.094986, 37.478403], [137.094769, 37.478822], [137.094547, 37.478829], [137.09434, 37.479104], [137.094046, 37.479168], [137.093744, 37.478987], [137.093665, 37.478749], [137.093859, 37.478683], [137.094345, 37.478096], [137.09458, 37.478046], [137.094268, 37.478476], [137.094718, 37.47806], [137.095089, 37.477909], [137.095109, 37.477221], [137.095283, 37.477123], [137.095181, 37.47703], [137.09426, 37.476974], [137.093964, 37.476829], [137.093865, 37.477], [137.093341, 37.477191], [137.093079, 37.477068], [137.093296, 37.476804], [137.093228, 37.476617], [137.092579, 37.477215], [137.092404, 37.477185], [137.092423, 37.476877], [137.092627, 37.476733], [137.092222, 37.476258], [137.092013, 37.476496], [137.09136, 37.476618], [137.091276, 37.476759], [137.090999, 37.47681], [137.090784, 37.476535], [137.090444, 37.476995], [137.090099, 37.476887], [137.090087, 37.476643], [137.090268, 37.47645], [137.091368, 37.476097], [137.090992, 37.475824], [137.091702, 37.475327], [137.091658, 37.475033], [137.092041, 37.474776], [137.09208, 37.474494], [137.092396, 37.474402], [137.09258, 37.474522], [137.093008, 37.47412], [137.092491, 37.472291], [137.093528, 37.472303], [137.093404, 37.471886], [137.092983, 37.471464], [137.092165, 37.471032], [137.09185, 37.471804], [137.089348, 37.471319], [137.088196, 37.469707], [137.088153, 37.469401], [137.087474, 37.468724], [137.087118, 37.468136], [137.086691, 37.467952], [137.086639, 37.467687], [137.085659, 37.467847], [137.085466, 37.467717], [137.085517, 37.467463], [137.085953, 37.467569], [137.086206, 37.467445], [137.085908, 37.466932], [137.085909, 37.466717], [137.0861, 37.466521], [137.085896, 37.465962], [137.087694, 37.464374], [137.087984, 37.464236], [137.088388, 37.464241], [137.089196, 37.463833], [137.089978, 37.463026], [137.090497, 37.462814], [137.091054, 37.462366], [137.091448, 37.461675], [137.091803, 37.460487], [137.092256, 37.459791], [137.092551, 37.458785], [137.093857, 37.457757], [137.093988, 37.457384], [137.094939, 37.45648], [137.09513, 37.455824], [137.096299, 37.454721], [137.096343, 37.454229], [137.096731, 37.453706], [137.097037, 37.45356], [137.097463, 37.453608], [137.098021, 37.453262], [137.098769, 37.453147], [137.0992, 37.453134], [137.099916, 37.453329], [137.100982, 37.452452], [137.102025, 37.452651], [137.103145, 37.453342], [137.103926, 37.453307], [137.105041, 37.453679], [137.106866, 37.453547], [137.107472, 37.453702], [137.108368, 37.454327], [137.109488, 37.454358], [137.111384, 37.455661], [137.112296, 37.455718], [137.112919, 37.456339], [137.113853, 37.45668], [137.114328, 37.456995], [137.114356, 37.457283], [137.114017, 37.457788], [137.113962, 37.458329], [137.114153, 37.459191], [137.114514, 37.459729], [137.114427, 37.460461], [137.115197, 37.460789], [137.116306, 37.460532], [137.117508, 37.460855], [137.11795, 37.460837], [137.118601, 37.460363], [137.119174, 37.459167], [137.120081, 37.459335], [137.120753, 37.459331], [137.121857, 37.458808], [137.122358, 37.458701], [137.122869, 37.458768], [137.123819, 37.459392], [137.124889, 37.459712], [137.125746, 37.45968], [137.126982, 37.459325], [137.127532, 37.458891], [137.12886, 37.458187], [137.129683, 37.458006], [137.131264, 37.456742], [137.131654, 37.455799], [137.132515, 37.455092], [137.132744, 37.454144], [137.132404, 37.453567], [137.13162, 37.452872], [137.131119, 37.451691], [137.130447, 37.451269], [137.129946, 37.450455], [137.128403, 37.449732], [137.127265, 37.448844], [137.127007, 37.448477], [137.12688, 37.44805], [137.126899, 37.446944], [137.128043, 37.445108], [137.128068, 37.444105], [137.127907, 37.443473], [137.128258, 37.44204], [137.128185, 37.441479], [137.127411, 37.440693], [137.127396, 37.440507], [137.128521, 37.440215], [137.12929, 37.439658], [137.130608, 37.439133], [137.131046, 37.438703], [137.131669, 37.438549], [137.131913, 37.438138], [137.131806, 37.437372], [137.132331, 37.436645], [137.13331, 37.436488], [137.134054, 37.435832], [137.135091, 37.436053], [137.137183, 37.435457], [137.138026, 37.434292], [137.139072, 37.434304], [137.140041, 37.434568], [137.140454, 37.434482], [137.140955, 37.433901], [137.141369, 37.432866], [137.142532, 37.43214], [137.145189, 37.431381], [137.14663, 37.431547], [137.148109, 37.431342], [137.14902, 37.431425], [137.150519, 37.430071], [137.152894, 37.429956], [137.154208, 37.429585], [137.158622, 37.429285], [137.159897, 37.428669], [137.160164, 37.428297], [137.160559, 37.428155], [137.162715, 37.428546], [137.164209, 37.427752], [137.164681, 37.427306], [137.167056, 37.426927], [137.167689, 37.426236], [137.168784, 37.425363], [137.169597, 37.425249], [137.169777, 37.424961], [137.170706, 37.42457], [137.171027, 37.424313], [137.170774, 37.423282], [137.170896, 37.42267], [137.17039, 37.421928], [137.169013, 37.421904], [137.168399, 37.421786], [137.167728, 37.421568], [137.16564, 37.420419], [137.164915, 37.420387], [137.164195, 37.420158], [137.162764, 37.420143], [137.161993, 37.419629], [137.161689, 37.419301], [137.161859, 37.418966], [137.161106, 37.418276], [137.157594, 37.415535], [137.156683, 37.414549], [137.156088, 37.414372], [137.155699, 37.413691], [137.155188, 37.411927], [137.154982, 37.41173], [137.155176, 37.410685], [137.153998, 37.410448], [137.152929, 37.409058], [137.152054, 37.408792], [137.150644, 37.408713], [137.149878, 37.409117], [137.149489, 37.409166], [137.148967, 37.409876], [137.148785, 37.409955], [137.148068, 37.409748], [137.147946, 37.409137], [137.147473, 37.408644], [137.146828, 37.408338], [137.146257, 37.408368], [137.145784, 37.408187], [137.145694, 37.408114], [137.145832, 37.407826], [137.145662, 37.407707], [137.143633, 37.407687], [137.142393, 37.407934], [137.142296, 37.407382], [137.142016, 37.407352], [137.141275, 37.407953], [137.139732, 37.407963], [137.139574, 37.407806], [137.139562, 37.40746], [137.139222, 37.407145], [137.139635, 37.406721], [137.139659, 37.40609], [137.138323, 37.405863], [137.138529, 37.405035], [137.138274, 37.40472], [137.137484, 37.404986], [137.137204, 37.405282], [137.136731, 37.405499], [137.136427, 37.405489], [137.135892, 37.404976], [137.135479, 37.404976], [137.134531, 37.404434], [137.133401, 37.404444], [137.131967, 37.403862], [137.131809, 37.403704], [137.131943, 37.403261], [137.131675, 37.402532], [137.132331, 37.402187], [137.13298, 37.40143], [137.134531, 37.400954], [137.133376, 37.399914], [137.13375, 37.398567], [137.134416, 37.397192], [137.134215, 37.396382], [137.133609, 37.396086], [137.133518, 37.395599], [137.132931, 37.395135], [137.132845, 37.39476], [137.132985, 37.394351], [137.132644, 37.393945], [137.132606, 37.393054], [137.132711, 37.392722], [137.133123, 37.392311], [137.133202, 37.391643], [137.133376, 37.391335], [137.133281, 37.391001], [137.132759, 37.390384], [137.13291, 37.389653], [137.13513, 37.387904], [137.135672, 37.386852], [137.136511, 37.385966], [137.137746, 37.385568], [137.138498, 37.384983], [137.138941, 37.38481], [137.139914, 37.384875], [137.140626, 37.385198], [137.141783, 37.385311], [137.142114, 37.384846], [137.142811, 37.384502], [137.143968, 37.383399], [137.144964, 37.383269], [137.145218, 37.383128], [137.145629, 37.382371], [137.145418, 37.381827], [137.145494, 37.381638], [137.146928, 37.380739], [137.145914, 37.379789], [137.145091, 37.379416], [137.145819, 37.378556], [137.146543, 37.378097], [137.147388, 37.377966], [137.147469, 37.37785], [137.1468, 37.375924], [137.147013, 37.375218], [137.146344, 37.374411], [137.146656, 37.37346], [137.146746, 37.373305], [137.147023, 37.373225], [137.147013, 37.373057], [137.146532, 37.372186], [137.14544, 37.372006], [137.144894, 37.370596], [137.145725, 37.370336], [137.14715, 37.370239], [137.147756, 37.370017], [137.149287, 37.369899], [137.150427, 37.370927], [137.150775, 37.370876], [137.151146, 37.370402], [137.151277, 37.368623], [137.150981, 37.36814], [137.15084, 37.367253], [137.150395, 37.366496], [137.150443, 37.366303], [137.150949, 37.365961], [137.151854, 37.366188], [137.152258, 37.365571], [137.152841, 37.365462], [137.153173, 37.36458], [137.153437, 37.364267], [137.153508, 37.363218], [137.153256, 37.362923], [137.152261, 37.362396], [137.152268, 37.361835], [137.151714, 37.360602], [137.151029, 37.360051], [137.150688, 37.359198], [137.150888, 37.358782], [137.151726, 37.358572], [137.1519, 37.358418], [137.152274, 37.357885], [137.152255, 37.357694], [137.151773, 37.357339], [137.150586, 37.357095], [137.149747, 37.356581], [137.149588, 37.356286], [137.149773, 37.35591], [137.150691, 37.355589], [137.151826, 37.355651], [137.152746, 37.355041], [137.153508, 37.354775], [137.15562, 37.35504], [137.157726, 37.355669], [137.158454, 37.355502], [137.159145, 37.355662], [137.159516, 37.355253], [137.160991, 37.355647], [137.161693, 37.355676], [137.162158, 37.356042], [137.162596, 37.357327], [137.163251, 37.35766], [137.163694, 37.357724], [137.16447, 37.358251], [137.165039, 37.358277], [137.165419, 37.358148], [137.165768, 37.358264], [137.167351, 37.358302], [137.168317, 37.358033], [137.168601, 37.358225], [137.169076, 37.35897], [137.170501, 37.35951], [137.171388, 37.359458], [137.174776, 37.360396], [137.177182, 37.360922], [137.177673, 37.360935], [137.178638, 37.361629], [137.179224, 37.361822], [137.180396, 37.362027], [137.18163, 37.361809], [137.182485, 37.361783], [137.183461, 37.362016], [137.184908, 37.36204], [137.186791, 37.361526], [137.187678, 37.361974], [137.188976, 37.36204], [137.189718, 37.362397], [137.190401, 37.362991], [137.191852, 37.363136], [137.193725, 37.364095], [137.194754, 37.364314], [137.195308, 37.364224], [137.197667, 37.364994], [137.198332, 37.365392], [137.199535, 37.365752], [137.200231, 37.366407], [137.200833, 37.366471], [137.201409, 37.366328], [137.2027, 37.366356], [137.203317, 37.366082], [137.20362, 37.366069], [137.206738, 37.366073], [137.207656, 37.36624], [137.208717, 37.366882], [137.210268, 37.368206], [137.210774, 37.368488], [137.21212, 37.368527], [137.213877, 37.368963], [137.214637, 37.369079], [137.215349, 37.369041], [137.216632, 37.36931], [137.220795, 37.36922], [137.224325, 37.36854], [137.224594, 37.368552], [137.225085, 37.368887], [137.226256, 37.369092], [137.227824, 37.369041], [137.228868, 37.369195], [137.230926, 37.370415], [137.232573, 37.371109], [137.233174, 37.371481], [137.233966, 37.372072], [137.233997, 37.372496], [137.23414, 37.37265], [137.235359, 37.373241], [137.235944, 37.373459], [137.236784, 37.373485], [137.238988, 37.373282]]], [[[137.278517, 37.532958], [137.278918, 37.532879], [137.279336, 37.533063], [137.279094, 37.533361], [137.278517, 37.532958]]], [[[137.273271, 37.533178], [137.273344, 37.532967], [137.273675, 37.533096], [137.273552, 37.533316], [137.273271, 37.533178]]], [[[137.279993, 37.533276], [137.280027, 37.533156], [137.280164, 37.533271], [137.279993, 37.533276]]], [[[137.289845, 37.532265], [137.290129, 37.53214], [137.290458, 37.53263], [137.290783, 37.532771], [137.290759, 37.533159], [137.290409, 37.533022], [137.289845, 37.532265]]], [[[137.287113, 37.532696], [137.287373, 37.532284], [137.28754, 37.53255], [137.287374, 37.532643], [137.287384, 37.532959], [137.287189, 37.532942], [137.287113, 37.532696]]], [[[137.273788, 37.532899], [137.273921, 37.532786], [137.274175, 37.532886], [137.273788, 37.532899]]], [[[137.285957, 37.531994], [137.286242, 37.531794], [137.286345, 37.532064], [137.286553, 37.532085], [137.28638, 37.532671], [137.286176, 37.532534], [137.285957, 37.531994]]], [[[137.28672, 37.532212], [137.286738, 37.531976], [137.286863, 37.53195], [137.28696, 37.532109], [137.28672, 37.532212]]], [[[137.287303, 37.532165], [137.287333, 37.532068], [137.287485, 37.53208], [137.287303, 37.532165]]], [[[137.289634, 37.531941], [137.28978, 37.531915], [137.289817, 37.532139], [137.289634, 37.531941]]], [[[137.289969, 37.531658], [137.290406, 37.531554], [137.290564, 37.531752], [137.290563, 37.532082], [137.290284, 37.532031], [137.289969, 37.531658]]], [[[137.287591, 37.531957], [137.287692, 37.531794], [137.287929, 37.531775], [137.287861, 37.531988], [137.287591, 37.531957]]], [[[137.286597, 37.531944], [137.28671, 37.531777], [137.286743, 37.531859], [137.286597, 37.531944]]], [[[137.265773, 37.531881], [137.265848, 37.531828], [137.26589, 37.531933], [137.265773, 37.531881]]], [[[137.271233, 37.531818], [137.271356, 37.531795], [137.271346, 37.531904], [137.271233, 37.531818]]], [[[137.289255, 37.531668], [137.289386, 37.531586], [137.289336, 37.531808], [137.289255, 37.531668]]], [[[137.272177, 37.531666], [137.272322, 37.531642], [137.272383, 37.531736], [137.272177, 37.531666]]], [[[137.286823, 37.531618], [137.286851, 37.531567], [137.286918, 37.531616], [137.286823, 37.531618]]], [[[137.265397, 37.531558], [137.265736, 37.531162], [137.265964, 37.531248], [137.265918, 37.531558], [137.265646, 37.531652], [137.265397, 37.531558]]], [[[137.264898, 37.53148], [137.264937, 37.531419], [137.265016, 37.531454], [137.264898, 37.53148]]], [[[137.264573, 37.531415], [137.264627, 37.531384], [137.264691, 37.531441], [137.264573, 37.531415]]], [[[137.287367, 37.531411], [137.287513, 37.531251], [137.287484, 37.531417], [137.287367, 37.531411]]], [[[137.257216, 37.531377], [137.257306, 37.531296], [137.257401, 37.53143], [137.257216, 37.531377]]], [[[137.289634, 37.531214], [137.289854, 37.531131], [137.289864, 37.531378], [137.289693, 37.531379], [137.289634, 37.531214]]], [[[137.28562, 37.531372], [137.285721, 37.531271], [137.285714, 37.531372], [137.28562, 37.531372]]], [[[137.271523, 37.531327], [137.271632, 37.531262], [137.271694, 37.531321], [137.271523, 37.531327]]], [[[137.256143, 37.531351], [137.256153, 37.531246], [137.256363, 37.531286], [137.256143, 37.531351]]], [[[137.289427, 37.531252], [137.289493, 37.531226], [137.289496, 37.531331], [137.289427, 37.531252]]], [[[137.264824, 37.531265], [137.264922, 37.531126], [137.265167, 37.531124], [137.264963, 37.531313], [137.264824, 37.531265]]], [[[137.264387, 37.531016], [137.264482, 37.530831], [137.26463, 37.530847], [137.264693, 37.530993], [137.264555, 37.53122], [137.264387, 37.531016]]], [[[137.270995, 37.531106], [137.271207, 37.531189], [137.271117, 37.531213], [137.270995, 37.531106]]], [[[137.327763, 37.53109], [137.327926, 37.531014], [137.327976, 37.531126], [137.327763, 37.53109]]], [[[137.300271, 37.530951], [137.300357, 37.530942], [137.300413, 37.531031], [137.300271, 37.530951]]], [[[137.271104, 37.530965], [137.271198, 37.530924], [137.271275, 37.53101], [137.271104, 37.530965]]], [[[137.265562, 37.530949], [137.265639, 37.530912], [137.265713, 37.53098], [137.265562, 37.530949]]], [[[137.327332, 37.530882], [137.327438, 37.530841], [137.327487, 37.530951], [137.327332, 37.530882]]], [[[137.285325, 37.530823], [137.285445, 37.53078], [137.285421, 37.530871], [137.285325, 37.530823]]], [[[137.290047, 37.530609], [137.290184, 37.530604], [137.290121, 37.530677], [137.290047, 37.530609]]], [[[137.285256, 37.530583], [137.285336, 37.530537], [137.285411, 37.53065], [137.285256, 37.530583]]], [[[137.265217, 37.530608], [137.265281, 37.530555], [137.265456, 37.530643], [137.265217, 37.530608]]], [[[137.261147, 37.530132], [137.261525, 37.530403], [137.261491, 37.530607], [137.261147, 37.530132]]], [[[137.26991, 37.530417], [137.270238, 37.530415], [137.270042, 37.530599], [137.26991, 37.530417]]], [[[137.269183, 37.530497], [137.269264, 37.530459], [137.269275, 37.530562], [137.269183, 37.530497]]], [[[137.327193, 37.530495], [137.32725, 37.530401], [137.327467, 37.530467], [137.327414, 37.530559], [137.327193, 37.530495]]], [[[137.270335, 37.530516], [137.270456, 37.530506], [137.270408, 37.530556], [137.270335, 37.530516]]], [[[137.269384, 37.53048], [137.269585, 37.530355], [137.269598, 37.530447], [137.269384, 37.53048]]], [[[137.28507, 37.530452], [137.285209, 37.530431], [137.285142, 37.530501], [137.28507, 37.530452]]], [[[137.268778, 37.530461], [137.268809, 37.530376], [137.268884, 37.530386], [137.268778, 37.530461]]], [[[137.298273, 37.530387], [137.298344, 37.530336], [137.298418, 37.530411], [137.298273, 37.530387]]], [[[137.267911, 37.5303], [137.267994, 37.530285], [137.268048, 37.530387], [137.267911, 37.5303]]], [[[137.261033, 37.529869], [137.261182, 37.529779], [137.261781, 37.530075], [137.26178, 37.530321], [137.26167, 37.530346], [137.261033, 37.529869]]], [[[137.268101, 37.530168], [137.268281, 37.530233], [137.268155, 37.530268], [137.268101, 37.530168]]], [[[137.289426, 37.529908], [137.289773, 37.529899], [137.289751, 37.530233], [137.289431, 37.530211], [137.289426, 37.529908]]], [[[137.268452, 37.530146], [137.26857, 37.530054], [137.268642, 37.530134], [137.268452, 37.530146]]], [[[137.291034, 37.52999], [137.291149, 37.529971], [137.291206, 37.530148], [137.291034, 37.52999]]], [[[137.291687, 37.530112], [137.291726, 37.530064], [137.291797, 37.530084], [137.291687, 37.530112]]], [[[137.297255, 37.529993], [137.297318, 37.529944], [137.297392, 37.530035], [137.297255, 37.529993]]], [[[137.291468, 37.529982], [137.291609, 37.529994], [137.291556, 37.530041], [137.291468, 37.529982]]], [[[137.268266, 37.529995], [137.268346, 37.529921], [137.268361, 37.529998], [137.268266, 37.529995]]], [[[137.267996, 37.529948], [137.268128, 37.529828], [137.268131, 37.529939], [137.267996, 37.529948]]], [[[137.269002, 37.529897], [137.269067, 37.529876], [137.269088, 37.529952], [137.269002, 37.529897]]], [[[137.291766, 37.529767], [137.291833, 37.529733], [137.291828, 37.529787], [137.291766, 37.529767]]], [[[137.311802, 37.52961], [137.311874, 37.529486], [137.312028, 37.529534], [137.311911, 37.529778], [137.311802, 37.52961]]], [[[137.291543, 37.529618], [137.291654, 37.529625], [137.291604, 37.529775], [137.291543, 37.529618]]], [[[137.328418, 37.529687], [137.328481, 37.529655], [137.328609, 37.529715], [137.328418, 37.529687]]], [[[137.311226, 37.529537], [137.311396, 37.529576], [137.31133, 37.529636], [137.311226, 37.529537]]], [[[137.329078, 37.5294], [137.329267, 37.529297], [137.329472, 37.529604], [137.329214, 37.52957], [137.329078, 37.5294]]], [[[137.296514, 37.529422], [137.296661, 37.529385], [137.296691, 37.529432], [137.296514, 37.529422]]], [[[137.284937, 37.529185], [137.28507, 37.529223], [137.284947, 37.529274], [137.284937, 37.529185]]], [[[137.296004, 37.52916], [137.296174, 37.529172], [137.296076, 37.529214], [137.296004, 37.52916]]], [[[137.285643, 37.529129], [137.285723, 37.529074], [137.285764, 37.529166], [137.285643, 37.529129]]], [[[137.312017, 37.529131], [137.312142, 37.529075], [137.312105, 37.529163], [137.312017, 37.529131]]], [[[137.286986, 37.52905], [137.287085, 37.529031], [137.287053, 37.529126], [137.286986, 37.52905]]], [[[137.312625, 37.528887], [137.312678, 37.528793], [137.312841, 37.528822], [137.312887, 37.529064], [137.312625, 37.528887]]], [[[137.296498, 37.528977], [137.296749, 37.529029], [137.296589, 37.529067], [137.296498, 37.528977]]], [[[137.293784, 37.528922], [137.293894, 37.528848], [137.293956, 37.528978], [137.293784, 37.528922]]], [[[137.292732, 37.528916], [137.292815, 37.528841], [137.292849, 37.528922], [137.292732, 37.528916]]], [[[137.3016, 37.528832], [137.301633, 37.528746], [137.301758, 37.528821], [137.3016, 37.528832]]], [[[137.292363, 37.528829], [137.29243, 37.528774], [137.292543, 37.528824], [137.292363, 37.528829]]], [[[137.328331, 37.528577], [137.328392, 37.52844], [137.328556, 37.528466], [137.3285, 37.528671], [137.328331, 37.528577]]], [[[137.255789, 37.528496], [137.25584, 37.528394], [137.256104, 37.528384], [137.256293, 37.528575], [137.255789, 37.528496]]], [[[137.312536, 37.528502], [137.312671, 37.52846], [137.31264, 37.528541], [137.312536, 37.528502]]], [[[137.256294, 37.528287], [137.256489, 37.528157], [137.256724, 37.528205], [137.256575, 37.528416], [137.256294, 37.528287]]], [[[137.255887, 37.52817], [137.256028, 37.528103], [137.256224, 37.52827], [137.255887, 37.52817]]], [[[137.328282, 37.528197], [137.328457, 37.528107], [137.328571, 37.528238], [137.328282, 37.528197]]], [[[137.293689, 37.528187], [137.293793, 37.52804], [137.293864, 37.528126], [137.293689, 37.528187]]], [[[137.254319, 37.528095], [137.254539, 37.527951], [137.254609, 37.528031], [137.254529, 37.52819], [137.254319, 37.528095]]], [[[137.255539, 37.528132], [137.255641, 37.528092], [137.255624, 37.528173], [137.255539, 37.528132]]], [[[137.255013, 37.527986], [137.255074, 37.527887], [137.255204, 37.527927], [137.255177, 37.528092], [137.255013, 37.527986]]], [[[137.328201, 37.527899], [137.328403, 37.527914], [137.328291, 37.527979], [137.328201, 37.527899]]], [[[137.328984, 37.527832], [137.329192, 37.527839], [137.329099, 37.527925], [137.328984, 37.527832]]], [[[137.328512, 37.527779], [137.328662, 37.527734], [137.32873, 37.527798], [137.328512, 37.527779]]], [[[137.310808, 37.526861], [137.310922, 37.526698], [137.311171, 37.526864], [137.311044, 37.527011], [137.310808, 37.526861]]], [[[137.247766, 37.526944], [137.247852, 37.526874], [137.247956, 37.526958], [137.247766, 37.526944]]], [[[137.247984, 37.526116], [137.248108, 37.525984], [137.248231, 37.526046], [137.248116, 37.526161], [137.247984, 37.526116]]], [[[137.251899, 37.525867], [137.25195, 37.525802], [137.252038, 37.525866], [137.251899, 37.525867]]], [[[137.247929, 37.525783], [137.247978, 37.525726], [137.248064, 37.525786], [137.247929, 37.525783]]], [[[137.248504, 37.525746], [137.248585, 37.525706], [137.248619, 37.525778], [137.248504, 37.525746]]], [[[137.248698, 37.525702], [137.248899, 37.525757], [137.248817, 37.525784], [137.248698, 37.525702]]], [[[137.25175, 37.52568], [137.251807, 37.525605], [137.251899, 37.525688], [137.25175, 37.52568]]], [[[137.248844, 37.525538], [137.248999, 37.525516], [137.24903, 37.525631], [137.248844, 37.525538]]], [[[137.248164, 37.525349], [137.248353, 37.525216], [137.248273, 37.525526], [137.248164, 37.525349]]], [[[137.248781, 37.525282], [137.248916, 37.525278], [137.248936, 37.525343], [137.248781, 37.525282]]], [[[137.245767, 37.525238], [137.245989, 37.52517], [137.245943, 37.525279], [137.245767, 37.525238]]], [[[137.250211, 37.525053], [137.25035, 37.52504], [137.250375, 37.52512], [137.250211, 37.525053]]], [[[137.245574, 37.524989], [137.245695, 37.524944], [137.245683, 37.525073], [137.245574, 37.524989]]], [[[137.246028, 37.524972], [137.246196, 37.524874], [137.246115, 37.525012], [137.246028, 37.524972]]], [[[137.235255, 37.522948], [137.235374, 37.522818], [137.235389, 37.522946], [137.235255, 37.522948]]], [[[137.23787, 37.522892], [137.237988, 37.522862], [137.237994, 37.522967], [137.23787, 37.522892]]], [[[137.245563, 37.522687], [137.245655, 37.522621], [137.245728, 37.522707], [137.245563, 37.522687]]], [[[137.236439, 37.522643], [137.236568, 37.522561], [137.236641, 37.522724], [137.236439, 37.522643]]], [[[137.245368, 37.522512], [137.245548, 37.522362], [137.245475, 37.522544], [137.245368, 37.522512]]], [[[137.245718, 37.522074], [137.245862, 37.521994], [137.245812, 37.522125], [137.245718, 37.522074]]], [[[137.234291, 37.521976], [137.234499, 37.52191], [137.234398, 37.522012], [137.234291, 37.521976]]], [[[137.235786, 37.521543], [137.235953, 37.521546], [137.235903, 37.521742], [137.235786, 37.521543]]], [[[137.245333, 37.521558], [137.245493, 37.521555], [137.245449, 37.521719], [137.245333, 37.521558]]], [[[137.234717, 37.521527], [137.234822, 37.521534], [137.234833, 37.521645], [137.234717, 37.521527]]], [[[137.234434, 37.521501], [137.234552, 37.52146], [137.234516, 37.521544], [137.234434, 37.521501]]], [[[137.23476, 37.521255], [137.234851, 37.521206], [137.234921, 37.521315], [137.234826, 37.521361], [137.23476, 37.521255]]], [[[137.235143, 37.521072], [137.235251, 37.520988], [137.235595, 37.521027], [137.235659, 37.521309], [137.235188, 37.521217], [137.235143, 37.521072]]], [[[137.233785, 37.521167], [137.233884, 37.521161], [137.233894, 37.521294], [137.233785, 37.521167]]], [[[137.234013, 37.520776], [137.234285, 37.520621], [137.234595, 37.52063], [137.234769, 37.521084], [137.234568, 37.521276], [137.234348, 37.521286], [137.234013, 37.520776]]], [[[137.245261, 37.520892], [137.245334, 37.520782], [137.245461, 37.520822], [137.245413, 37.520918], [137.245261, 37.520892]]], [[[137.23366, 37.520883], [137.233783, 37.520751], [137.233843, 37.520857], [137.23366, 37.520883]]], [[[137.24356, 37.520347], [137.243677, 37.520315], [137.243616, 37.520399], [137.24356, 37.520347]]], [[[137.227146, 37.520104], [137.227306, 37.519971], [137.227451, 37.520195], [137.227332, 37.520249], [137.227146, 37.520104]]], [[[137.243699, 37.520171], [137.243802, 37.520035], [137.243843, 37.520173], [137.243699, 37.520171]]], [[[137.23501, 37.51907], [137.235121, 37.519067], [137.235146, 37.51922], [137.23501, 37.51907]]], [[[137.232798, 37.519031], [137.232935, 37.518989], [137.232879, 37.51908], [137.232798, 37.519031]]], [[[137.226282, 37.518689], [137.226378, 37.518577], [137.226392, 37.518691], [137.226282, 37.518689]]], [[[137.23423, 37.51856], [137.234314, 37.518487], [137.234321, 37.518702], [137.23423, 37.51856]]], [[[137.331693, 37.518553], [137.331891, 37.518521], [137.33182, 37.518611], [137.331693, 37.518553]]], [[[137.332303, 37.518524], [137.332461, 37.51844], [137.332554, 37.518511], [137.332303, 37.518524]]], [[[137.333113, 37.518286], [137.333282, 37.518258], [137.333284, 37.518409], [137.333113, 37.518286]]], [[[137.225992, 37.51835], [137.226153, 37.51824], [137.226097, 37.518361], [137.225992, 37.51835]]], [[[137.332169, 37.518251], [137.332218, 37.518187], [137.332301, 37.518275], [137.332169, 37.518251]]], [[[137.332607, 37.51805], [137.332914, 37.518106], [137.332715, 37.51813], [137.332607, 37.51805]]], [[[137.333239, 37.518035], [137.33334, 37.517971], [137.333538, 37.518068], [137.333239, 37.518035]]], [[[137.335961, 37.51781], [137.336086, 37.517675], [137.336381, 37.517686], [137.336389, 37.518041], [137.336086, 37.518021], [137.335961, 37.51781]]], [[[137.333521, 37.517843], [137.333649, 37.517811], [137.333676, 37.517932], [137.333521, 37.517843]]], [[[137.336685, 37.517611], [137.336761, 37.517509], [137.336928, 37.517637], [137.336721, 37.517734], [137.336685, 37.517611]]], [[[137.221005, 37.517585], [137.221194, 37.51745], [137.221207, 37.517591], [137.221048, 37.517681], [137.221005, 37.517585]]], [[[137.224845, 37.517592], [137.224934, 37.517372], [137.224983, 37.517553], [137.224845, 37.517592]]], [[[137.224274, 37.517487], [137.224358, 37.517487], [137.224318, 37.517617], [137.224274, 37.517487]]], [[[137.337097, 37.517381], [137.337273, 37.517287], [137.337303, 37.517527], [137.337097, 37.517381]]], [[[137.232964, 37.517321], [137.233067, 37.517286], [137.233111, 37.517406], [137.232964, 37.517321]]], [[[137.337633, 37.517108], [137.337852, 37.517115], [137.337822, 37.517274], [137.337633, 37.517108]]], [[[137.224028, 37.516665], [137.224184, 37.516499], [137.224412, 37.516586], [137.224751, 37.516904], [137.224818, 37.517219], [137.224318, 37.517281], [137.224028, 37.516665]]], [[[137.221056, 37.517117], [137.221187, 37.517105], [137.221141, 37.517271], [137.221056, 37.517117]]], [[[137.339245, 37.517195], [137.339528, 37.51706], [137.339689, 37.517211], [137.339245, 37.517195]]], [[[137.219809, 37.517182], [137.219958, 37.517129], [137.219917, 37.517216], [137.219809, 37.517182]]], [[[137.338507, 37.517167], [137.338604, 37.517049], [137.338565, 37.51717], [137.338507, 37.517167]]], [[[137.233273, 37.517066], [137.233394, 37.517009], [137.23352, 37.517127], [137.233273, 37.517066]]], [[[137.231105, 37.517113], [137.231236, 37.517066], [137.231182, 37.517165], [137.231105, 37.517113]]], [[[137.232389, 37.517126], [137.232538, 37.517002], [137.232486, 37.517146], [137.232389, 37.517126]]], [[[137.338662, 37.517102], [137.338799, 37.517125], [137.338746, 37.517152], [137.338662, 37.517102]]], [[[137.231348, 37.517089], [137.231497, 37.517007], [137.231419, 37.517123], [137.231348, 37.517089]]], [[[137.225117, 37.517024], [137.225256, 37.517031], [137.225184, 37.517104], [137.225117, 37.517024]]], [[[137.341006, 37.516709], [137.341308, 37.516653], [137.341788, 37.516791], [137.341979, 37.516888], [137.341985, 37.517033], [137.341206, 37.516929], [137.341006, 37.516709]]], [[[137.338206, 37.517022], [137.338261, 37.516974], [137.338324, 37.517013], [137.338206, 37.517022]]], [[[137.342718, 37.516998], [137.342947, 37.516931], [137.342904, 37.517009], [137.342718, 37.516998]]], [[[137.339641, 37.516926], [137.339861, 37.516817], [137.339932, 37.5169], [137.339817, 37.516986], [137.339641, 37.516926]]], [[[137.337814, 37.516891], [137.337954, 37.516845], [137.338014, 37.516911], [137.337814, 37.516891]]], [[[137.218463, 37.515855], [137.218595, 37.515546], [137.219481, 37.516108], [137.219897, 37.516711], [137.219804, 37.516872], [137.219501, 37.516785], [137.219025, 37.516162], [137.218589, 37.516064], [137.218463, 37.515855]]], [[[137.342343, 37.516817], [137.342606, 37.516794], [137.342537, 37.51688], [137.342343, 37.516817]]], [[[137.343093, 37.516662], [137.343158, 37.516634], [137.343256, 37.51679], [137.343093, 37.516662]]], [[[137.220529, 37.516647], [137.220675, 37.516641], [137.220677, 37.516778], [137.220529, 37.516647]]], [[[137.218522, 37.516727], [137.218711, 37.516584], [137.218621, 37.516749], [137.218522, 37.516727]]], [[[137.342713, 37.516649], [137.342788, 37.51653], [137.342839, 37.516751], [137.342713, 37.516649]]], [[[137.225639, 37.516659], [137.225696, 37.516594], [137.225859, 37.5166], [137.225639, 37.516659]]], [[[137.219967, 37.516455], [137.220124, 37.516493], [137.220019, 37.516548], [137.219967, 37.516455]]], [[[137.230327, 37.516467], [137.230537, 37.516409], [137.230393, 37.516514], [137.230327, 37.516467]]], [[[137.218414, 37.516368], [137.218577, 37.516398], [137.218566, 37.516482], [137.218414, 37.516368]]], [[[137.223957, 37.516259], [137.224006, 37.516212], [137.224055, 37.51631], [137.223957, 37.516259]]], [[[137.343839, 37.515984], [137.34404, 37.515938], [137.344153, 37.516031], [137.344043, 37.516116], [137.343839, 37.515984]]], [[[137.224294, 37.515933], [137.224436, 37.515867], [137.224381, 37.515989], [137.224294, 37.515933]]], [[[137.21825, 37.515861], [137.21829, 37.51576], [137.218381, 37.515759], [137.21825, 37.515861]]], [[[137.343913, 37.515657], [137.343988, 37.515588], [137.344218, 37.515692], [137.344101, 37.515776], [137.343913, 37.515657]]], [[[137.345653, 37.515528], [137.346241, 37.515512], [137.346336, 37.515701], [137.345762, 37.515665], [137.345653, 37.515528]]], [[[137.217081, 37.515576], [137.217247, 37.515514], [137.217257, 37.515673], [137.217081, 37.515576]]], [[[137.223846, 37.51566], [137.22392, 37.515544], [137.224, 37.515579], [137.223846, 37.51566]]], [[[137.217562, 37.515615], [137.217678, 37.515559], [137.217651, 37.515649], [137.217562, 37.515615]]], [[[137.217893, 37.515592], [137.21815, 37.515557], [137.218059, 37.515639], [137.217893, 37.515592]]], [[[137.221886, 37.51545], [137.222166, 37.515457], [137.222109, 37.515528], [137.221886, 37.51545]]], [[[137.222327, 37.515453], [137.222452, 37.515436], [137.222479, 37.515499], [137.222327, 37.515453]]], [[[137.223513, 37.515422], [137.223564, 37.515337], [137.223753, 37.515417], [137.223513, 37.515422]]], [[[137.217284, 37.51516], [137.217967, 37.515186], [137.218206, 37.515267], [137.218205, 37.515436], [137.217588, 37.515445], [137.217327, 37.515324], [137.217284, 37.51516]]], [[[137.223328, 37.515286], [137.223403, 37.515249], [137.223463, 37.51532], [137.223328, 37.515286]]], [[[137.21677, 37.515271], [137.216921, 37.515274], [137.216859, 37.515332], [137.21677, 37.515271]]], [[[137.221471, 37.515281], [137.221573, 37.515196], [137.221549, 37.515322], [137.221471, 37.515281]]], [[[137.223156, 37.515196], [137.223303, 37.515152], [137.223248, 37.515259], [137.223156, 37.515196]]], [[[137.222932, 37.515188], [137.223061, 37.515114], [137.223024, 37.515224], [137.222932, 37.515188]]], [[[137.223057, 37.514777], [137.223138, 37.514722], [137.223312, 37.514914], [137.22321, 37.514964], [137.223057, 37.514777]]], [[[137.216404, 37.514807], [137.216482, 37.514731], [137.216531, 37.514886], [137.216404, 37.514807]]], [[[137.216836, 37.514356], [137.216967, 37.514314], [137.216933, 37.514462], [137.216836, 37.514356]]], [[[137.217611, 37.514399], [137.217742, 37.514324], [137.217711, 37.514427], [137.217611, 37.514399]]], [[[137.217779, 37.51418], [137.217879, 37.5141], [137.217868, 37.514216], [137.217779, 37.51418]]], [[[137.218038, 37.513911], [137.218181, 37.513757], [137.218145, 37.513894], [137.218038, 37.513911]]], [[[137.347427, 37.510631], [137.3475, 37.510347], [137.347876, 37.510612], [137.347427, 37.510631]]], [[[137.34678, 37.510236], [137.346791, 37.510134], [137.346927, 37.510184], [137.347057, 37.510392], [137.346906, 37.510421], [137.34678, 37.510236]]], [[[137.347729, 37.510029], [137.348222, 37.510137], [137.348317, 37.510342], [137.348073, 37.510339], [137.347729, 37.510029]]], [[[137.199717, 37.508254], [137.200379, 37.508056], [137.200465, 37.507927], [137.200791, 37.507908], [137.200805, 37.508489], [137.201113, 37.509165], [137.200985, 37.510081], [137.200675, 37.50991], [137.200512, 37.509918], [137.200445, 37.510089], [137.200162, 37.510039], [137.200139, 37.50978], [137.20032, 37.509463], [137.199987, 37.509582], [137.199839, 37.509474], [137.200013, 37.508848], [137.199717, 37.508254]]], [[[137.346408, 37.509865], [137.346566, 37.509842], [137.346642, 37.510011], [137.346408, 37.509865]]], [[[137.346998, 37.509678], [137.347073, 37.509601], [137.347344, 37.509685], [137.347673, 37.509956], [137.347297, 37.509907], [137.346998, 37.509678]]], [[[137.345842, 37.509796], [137.34605, 37.509688], [137.346183, 37.509842], [137.345987, 37.509929], [137.345842, 37.509796]]], [[[137.346681, 37.509403], [137.34698, 37.509512], [137.346758, 37.509494], [137.346681, 37.509403]]], [[[137.346213, 37.509291], [137.346425, 37.509297], [137.346476, 37.509377], [137.346213, 37.509291]]], [[[137.352528, 37.509067], [137.352739, 37.509135], [137.352698, 37.509333], [137.352528, 37.509067]]], [[[137.364323, 37.508469], [137.36468, 37.508393], [137.364863, 37.5085], [137.365242, 37.50892], [137.365228, 37.509122], [137.364623, 37.508825], [137.364323, 37.508469]]], [[[137.363867, 37.508583], [137.364055, 37.508615], [137.364045, 37.508752], [137.363867, 37.508583]]], [[[137.2022, 37.508495], [137.202384, 37.508348], [137.202821, 37.508576], [137.20258, 37.508742], [137.2022, 37.508495]]], [[[137.201857, 37.508257], [137.201973, 37.508243], [137.201925, 37.508399], [137.201857, 37.508257]]], [[[137.348304, 37.508148], [137.348824, 37.508232], [137.348906, 37.508356], [137.348491, 37.508332], [137.348304, 37.508148]]], [[[137.36327, 37.508184], [137.363364, 37.508012], [137.363548, 37.508008], [137.363629, 37.508286], [137.363451, 37.508361], [137.36327, 37.508184]]], [[[137.347441, 37.507813], [137.347792, 37.50787], [137.348054, 37.508068], [137.347691, 37.508036], [137.347441, 37.507813]]], [[[137.197971, 37.507911], [137.19808, 37.507783], [137.198084, 37.507952], [137.197971, 37.507911]]], [[[137.202725, 37.507803], [137.202938, 37.507863], [137.202854, 37.507892], [137.202725, 37.507803]]], [[[137.362561, 37.507505], [137.362601, 37.50734], [137.362768, 37.507299], [137.363106, 37.507694], [137.363081, 37.50786], [137.36272, 37.507721], [137.362561, 37.507505]]], [[[137.199585, 37.507726], [137.199635, 37.507675], [137.199656, 37.507786], [137.199585, 37.507726]]], [[[137.199364, 37.507554], [137.199439, 37.507446], [137.19946, 37.507547], [137.199364, 37.507554]]], [[[137.20428, 37.507409], [137.204376, 37.507351], [137.204454, 37.50753], [137.20428, 37.507409]]], [[[137.202398, 37.507421], [137.20251, 37.507414], [137.202509, 37.507493], [137.202398, 37.507421]]], [[[137.199049, 37.507344], [137.199153, 37.507334], [137.199186, 37.507395], [137.199049, 37.507344]]], [[[137.198458, 37.50726], [137.198554, 37.50726], [137.198562, 37.507324], [137.198458, 37.50726]]], [[[137.202602, 37.507248], [137.202658, 37.507176], [137.202733, 37.507212], [137.202602, 37.507248]]], [[[137.36204, 37.506982], [137.362196, 37.506909], [137.362377, 37.507102], [137.362335, 37.507251], [137.362105, 37.507159], [137.36204, 37.506982]]], [[[137.206194, 37.507138], [137.206384, 37.507001], [137.20641, 37.50708], [137.206194, 37.507138]]], [[[137.202452, 37.506992], [137.202567, 37.506974], [137.202514, 37.507042], [137.202452, 37.506992]]], [[[137.203735, 37.506946], [137.203864, 37.506916], [137.203781, 37.506983], [137.203735, 37.506946]]], [[[137.205524, 37.506883], [137.205721, 37.506883], [137.205559, 37.506969], [137.205524, 37.506883]]], [[[137.361754, 37.506791], [137.361878, 37.506756], [137.361879, 37.506898], [137.361754, 37.506791]]], [[[137.360545, 37.505569], [137.360681, 37.505484], [137.361192, 37.505749], [137.361295, 37.506054], [137.361695, 37.506357], [137.361648, 37.506643], [137.360624, 37.505847], [137.360545, 37.505569]]], [[[137.198019, 37.506406], [137.198097, 37.506363], [137.198166, 37.506459], [137.198019, 37.506406]]], [[[137.197094, 37.506126], [137.197235, 37.506032], [137.197198, 37.506126], [137.197094, 37.506126]]], [[[137.196301, 37.505874], [137.196446, 37.505995], [137.19632, 37.505986], [137.196301, 37.505874]]], [[[137.197487, 37.505745], [137.197596, 37.50567], [137.197592, 37.505826], [137.197487, 37.505745]]], [[[137.195504, 37.505506], [137.195605, 37.50543], [137.195598, 37.505491], [137.195504, 37.505506]]], [[[137.195031, 37.505394], [137.195184, 37.505267], [137.195136, 37.505391], [137.195031, 37.505394]]], [[[137.196532, 37.505117], [137.19666, 37.505021], [137.196633, 37.505157], [137.196532, 37.505117]]], [[[137.191234, 37.504874], [137.191394, 37.504799], [137.191349, 37.504895], [137.191234, 37.504874]]], [[[137.193962, 37.504845], [137.193998, 37.504764], [137.194096, 37.504795], [137.193962, 37.504845]]], [[[137.195575, 37.504771], [137.195679, 37.504787], [137.195616, 37.50488], [137.195575, 37.504771]]], [[[137.193373, 37.504516], [137.193656, 37.50459], [137.193691, 37.504738], [137.193569, 37.504752], [137.193373, 37.504516]]], [[[137.194599, 37.504643], [137.194711, 37.504543], [137.194697, 37.504667], [137.194599, 37.504643]]], [[[137.192369, 37.504466], [137.192477, 37.504472], [137.192433, 37.504602], [137.192369, 37.504466]]], [[[137.190454, 37.504442], [137.190595, 37.504406], [137.190514, 37.504468], [137.190454, 37.504442]]], [[[137.192941, 37.504356], [137.193029, 37.504322], [137.193067, 37.504414], [137.192941, 37.504356]]], [[[137.194924, 37.504363], [137.195044, 37.504296], [137.194978, 37.504419], [137.194924, 37.504363]]], [[[137.193879, 37.504291], [137.193984, 37.504298], [137.193955, 37.504381], [137.193879, 37.504291]]], [[[137.194728, 37.50433], [137.194858, 37.504234], [137.194815, 37.504349], [137.194728, 37.50433]]], [[[137.189427, 37.504238], [137.189533, 37.504139], [137.189563, 37.504274], [137.189427, 37.504238]]], [[[137.191666, 37.504277], [137.191687, 37.504157], [137.191788, 37.50414], [137.191666, 37.504277]]], [[[137.186727, 37.504189], [137.187066, 37.504076], [137.187017, 37.504276], [137.186727, 37.504189]]], [[[137.194044, 37.504178], [137.194096, 37.504136], [137.194149, 37.504219], [137.194044, 37.504178]]], [[[137.191103, 37.504214], [137.191168, 37.504154], [137.191239, 37.504176], [137.191103, 37.504214]]], [[[137.190822, 37.504165], [137.190959, 37.504142], [137.190904, 37.504213], [137.190822, 37.504165]]], [[[137.193566, 37.504119], [137.193686, 37.50414], [137.193589, 37.504175], [137.193566, 37.504119]]], [[[137.190464, 37.50411], [137.190648, 37.504005], [137.190672, 37.504118], [137.190464, 37.50411]]], [[[137.189084, 37.504066], [137.189183, 37.504043], [137.189166, 37.504145], [137.189084, 37.504066]]], [[[137.187981, 37.503878], [137.188057, 37.503794], [137.18815, 37.503824], [137.187981, 37.503878]]], [[[137.188579, 37.50372], [137.188598, 37.503654], [137.188724, 37.503672], [137.188579, 37.50372]]], [[[137.187457, 37.503547], [137.187532, 37.503464], [137.187551, 37.503569], [137.187457, 37.503547]]], [[[137.171022, 37.503537], [137.1711, 37.503434], [137.171105, 37.503501], [137.171022, 37.503537]]], [[[137.170409, 37.503431], [137.170465, 37.5034], [137.170501, 37.503524], [137.170409, 37.503431]]], [[[137.169516, 37.503429], [137.169569, 37.503379], [137.169633, 37.503449], [137.169516, 37.503429]]], [[[137.166735, 37.502795], [137.166811, 37.502737], [137.166864, 37.502856], [137.166735, 37.502795]]], [[[137.163702, 37.502765], [137.163879, 37.502821], [137.163749, 37.502851], [137.163702, 37.502765]]], [[[137.161504, 37.502726], [137.161552, 37.502682], [137.161652, 37.502739], [137.161504, 37.502726]]], [[[137.167425, 37.502709], [137.16748, 37.50261], [137.167621, 37.502672], [137.167557, 37.502769], [137.167425, 37.502709]]], [[[137.1629, 37.502716], [137.162967, 37.502662], [137.163035, 37.502708], [137.1629, 37.502716]]], [[[137.166419, 37.502687], [137.166491, 37.502614], [137.166589, 37.502673], [137.166419, 37.502687]]], [[[137.352349, 37.502601], [137.352383, 37.502523], [137.352438, 37.502572], [137.352349, 37.502601]]], [[[137.352173, 37.502291], [137.352208, 37.502233], [137.352274, 37.502288], [137.352173, 37.502291]]], [[[137.351572, 37.502235], [137.35184, 37.502244], [137.351727, 37.502316], [137.351572, 37.502235]]], [[[137.351308, 37.502211], [137.351419, 37.502185], [137.351443, 37.502239], [137.351308, 37.502211]]], [[[137.160795, 37.502135], [137.1609, 37.502168], [137.16083, 37.502189], [137.160795, 37.502135]]], [[[137.186423, 37.50196], [137.186682, 37.501819], [137.186961, 37.501894], [137.186966, 37.502025], [137.186725, 37.502164], [137.186477, 37.502099], [137.186423, 37.50196]]], [[[137.160508, 37.502038], [137.160615, 37.501998], [137.16063, 37.50209], [137.160508, 37.502038]]], [[[137.174506, 37.501815], [137.174848, 37.501754], [137.174789, 37.501916], [137.174506, 37.501815]]], [[[137.183312, 37.501669], [137.183456, 37.501671], [137.183358, 37.501734], [137.183312, 37.501669]]], [[[137.158456, 37.501604], [137.158541, 37.501552], [137.158519, 37.501646], [137.158456, 37.501604]]], [[[137.159284, 37.501515], [137.159372, 37.501459], [137.159384, 37.501579], [137.159284, 37.501515]]], [[[137.183981, 37.501474], [137.184111, 37.50146], [137.184062, 37.501522], [137.183981, 37.501474]]], [[[137.184706, 37.501467], [137.184777, 37.501424], [137.184841, 37.5015], [137.184706, 37.501467]]], [[[137.183111, 37.501486], [137.183231, 37.501463], [137.183161, 37.501519], [137.183111, 37.501486]]], [[[137.183716, 37.501235], [137.183817, 37.501241], [137.183776, 37.501271], [137.183716, 37.501235]]], [[[137.146767, 37.500859], [137.147074, 37.500677], [137.147238, 37.500726], [137.146976, 37.501034], [137.14682, 37.501009], [137.146767, 37.500859]]], [[[137.182821, 37.500823], [137.182875, 37.500793], [137.18291, 37.500857], [137.182821, 37.500823]]], [[[137.156226, 37.500727], [137.156309, 37.500674], [137.156315, 37.500766], [137.156226, 37.500727]]], [[[137.146422, 37.500294], [137.146605, 37.500088], [137.146922, 37.500196], [137.146613, 37.500677], [137.146481, 37.500639], [137.146422, 37.500294]]], [[[137.182514, 37.500562], [137.182553, 37.500503], [137.182626, 37.500548], [137.182514, 37.500562]]], [[[137.18169, 37.500362], [137.181731, 37.500312], [137.181814, 37.500365], [137.18169, 37.500362]]], [[[137.177313, 37.500304], [137.177448, 37.500347], [137.177355, 37.500386], [137.177313, 37.500304]]], [[[137.14528, 37.500273], [137.145365, 37.500214], [137.145458, 37.500304], [137.14528, 37.500273]]], [[[137.179278, 37.500274], [137.17938, 37.500271], [137.179399, 37.500326], [137.179278, 37.500274]]], [[[137.178102, 37.500219], [137.178221, 37.500177], [137.178251, 37.500284], [137.178102, 37.500219]]], [[[137.147492, 37.500152], [137.147525, 37.500104], [137.147655, 37.500129], [137.147492, 37.500152]]], [[[137.180765, 37.500096], [137.180808, 37.500038], [137.180918, 37.50011], [137.180765, 37.500096]]], [[[137.177896, 37.500039], [137.177947, 37.499997], [137.178016, 37.500086], [137.177896, 37.500039]]], [[[137.145038, 37.500002], [137.145344, 37.499929], [137.145126, 37.500081], [137.145038, 37.500002]]], [[[137.147728, 37.499963], [137.147915, 37.500045], [137.147806, 37.500066], [137.147728, 37.499963]]], [[[137.147409, 37.499939], [137.147709, 37.499826], [137.147457, 37.50003], [137.147409, 37.499939]]], [[[137.179055, 37.49984], [137.179103, 37.499802], [137.179196, 37.499891], [137.179055, 37.49984]]], [[[137.179408, 37.499812], [137.179569, 37.499684], [137.179911, 37.499675], [137.179485, 37.499868], [137.179408, 37.499812]]], [[[137.145804, 37.499822], [137.145943, 37.499676], [137.146058, 37.499712], [137.145804, 37.499822]]], [[[137.145004, 37.49969], [137.145119, 37.499614], [137.145406, 37.499686], [137.145004, 37.49969]]], [[[137.145857, 37.499452], [137.146149, 37.499383], [137.14594, 37.499507], [137.145857, 37.499452]]], [[[137.144797, 37.499325], [137.145031, 37.499273], [137.145201, 37.499365], [137.144797, 37.499325]]], [[[137.145408, 37.499304], [137.145671, 37.499234], [137.145598, 37.499351], [137.145408, 37.499304]]], [[[137.141218, 37.497146], [137.141262, 37.496994], [137.141524, 37.497066], [137.141491, 37.497241], [137.141325, 37.497288], [137.141218, 37.497146]]], [[[137.137438, 37.49713], [137.13754, 37.497089], [137.137577, 37.497181], [137.137438, 37.49713]]], [[[137.350645, 37.497099], [137.350707, 37.497059], [137.350731, 37.497133], [137.350645, 37.497099]]], [[[137.137267, 37.497009], [137.137323, 37.496783], [137.137475, 37.496734], [137.137434, 37.49701], [137.137267, 37.497009]]], [[[137.35049, 37.496898], [137.350571, 37.496849], [137.350614, 37.496924], [137.35049, 37.496898]]], [[[137.349766, 37.496578], [137.349868, 37.496526], [137.34984, 37.49659], [137.349766, 37.496578]]], [[[137.135069, 37.496391], [137.135255, 37.496282], [137.135189, 37.496414], [137.135069, 37.496391]]], [[[137.134831, 37.496122], [137.134964, 37.495975], [137.135122, 37.495995], [137.134916, 37.496224], [137.134831, 37.496122]]], [[[137.13298, 37.495277], [137.133142, 37.495172], [137.133278, 37.495265], [137.13311, 37.49537], [137.13298, 37.495277]]], [[[137.125581, 37.495152], [137.125706, 37.495081], [137.125811, 37.495169], [137.12563, 37.495249], [137.125581, 37.495152]]], [[[137.125194, 37.494767], [137.125426, 37.494569], [137.125579, 37.494598], [137.125482, 37.494807], [137.125194, 37.494767]]], [[[137.130971, 37.493776], [137.131081, 37.493613], [137.131141, 37.493784], [137.130971, 37.493776]]], [[[137.125349, 37.4933], [137.125437, 37.493118], [137.125565, 37.493125], [137.125512, 37.493354], [137.125349, 37.4933]]], [[[137.122638, 37.492807], [137.122698, 37.492627], [137.122863, 37.492648], [137.122769, 37.492868], [137.122638, 37.492807]]], [[[137.122983, 37.492371], [137.123196, 37.492217], [137.123149, 37.492455], [137.123028, 37.492483], [137.122983, 37.492371]]], [[[137.120095, 37.491833], [137.120258, 37.491598], [137.120501, 37.491597], [137.120639, 37.491436], [137.120695, 37.491245], [137.120437, 37.490886], [137.120485, 37.490628], [137.120935, 37.491049], [137.120952, 37.491545], [137.121429, 37.4917], [137.121773, 37.492182], [137.121631, 37.492338], [137.121233, 37.492437], [137.121036, 37.492234], [137.121222, 37.491972], [137.121085, 37.491885], [137.120871, 37.491851], [137.120452, 37.492023], [137.120095, 37.491833]]], [[[137.119767, 37.492257], [137.119822, 37.492061], [137.119957, 37.492093], [137.119949, 37.492354], [137.119841, 37.492391], [137.119767, 37.492257]]], [[[137.122547, 37.492272], [137.122768, 37.492191], [137.122631, 37.492351], [137.122547, 37.492272]]], [[[137.122032, 37.492122], [137.122123, 37.492086], [137.122156, 37.492215], [137.122032, 37.492122]]], [[[137.110305, 37.49211], [137.110381, 37.492082], [137.110397, 37.492164], [137.110305, 37.49211]]], [[[137.109905, 37.491903], [137.110172, 37.491724], [137.110107, 37.491957], [137.109905, 37.491903]]], [[[137.110536, 37.49171], [137.110631, 37.491718], [137.110573, 37.491772], [137.110536, 37.49171]]], [[[137.118791, 37.491491], [137.118819, 37.491301], [137.118958, 37.491313], [137.118932, 37.491576], [137.118791, 37.491491]]], [[[137.118359, 37.491362], [137.118585, 37.491287], [137.118508, 37.491536], [137.118359, 37.491362]]], [[[137.118815, 37.490388], [137.118945, 37.490352], [137.118911, 37.490447], [137.118815, 37.490388]]], [[[137.119454, 37.490402], [137.119503, 37.490359], [137.119564, 37.490404], [137.119454, 37.490402]]], [[[137.119713, 37.49028], [137.119753, 37.490256], [137.119789, 37.490315], [137.119713, 37.49028]]], [[[137.118947, 37.490255], [137.119066, 37.490229], [137.119074, 37.490302], [137.118947, 37.490255]]], [[[137.118196, 37.489683], [137.118311, 37.489421], [137.118487, 37.489459], [137.118673, 37.489295], [137.11903, 37.489438], [137.119526, 37.490029], [137.118955, 37.489917], [137.118796, 37.489779], [137.118319, 37.489824], [137.118196, 37.489683]]], [[[137.118143, 37.489984], [137.1182, 37.489937], [137.118251, 37.490012], [137.118143, 37.489984]]], [[[137.117918, 37.489736], [137.118042, 37.489691], [137.11799, 37.489773], [137.117918, 37.489736]]], [[[137.108882, 37.48955], [137.109006, 37.489512], [137.108982, 37.489576], [137.108882, 37.48955]]], [[[137.11725, 37.489093], [137.117355, 37.488977], [137.117551, 37.489004], [137.117441, 37.489271], [137.11725, 37.489093]]], [[[137.108463, 37.487517], [137.108621, 37.487414], [137.108576, 37.487532], [137.108463, 37.487517]]], [[[137.109646, 37.486435], [137.10968, 37.486386], [137.109726, 37.486446], [137.109646, 37.486435]]], [[[137.108618, 37.486114], [137.108699, 37.486054], [137.108829, 37.486147], [137.108618, 37.486114]]], [[[137.109027, 37.485824], [137.109208, 37.48583], [137.109103, 37.48589], [137.109027, 37.485824]]], [[[137.106779, 37.484752], [137.106853, 37.484402], [137.106997, 37.484385], [137.107068, 37.484526], [137.107169, 37.484474], [137.107492, 37.484681], [137.10742, 37.485078], [137.107107, 37.485222], [137.10684, 37.485037], [137.106779, 37.484752]]], [[[137.105985, 37.483953], [137.106129, 37.48385], [137.106519, 37.483869], [137.106799, 37.484076], [137.10681, 37.4843], [137.106347, 37.484332], [137.106029, 37.484197], [137.105985, 37.483953]]], [[[137.105316, 37.483948], [137.105773, 37.483893], [137.105875, 37.484124], [137.105389, 37.484075], [137.105316, 37.483948]]], [[[137.104868, 37.483837], [137.105118, 37.483759], [137.105144, 37.484021], [137.104868, 37.483837]]], [[[137.106254, 37.481655], [137.106373, 37.481494], [137.106299, 37.481288], [137.106481, 37.481219], [137.106678, 37.48141], [137.106684, 37.481844], [137.106367, 37.481829], [137.106254, 37.481655]]], [[[137.106112, 37.481321], [137.106235, 37.481346], [137.106166, 37.48139], [137.106112, 37.481321]]], [[[137.101897, 37.480222], [137.102424, 37.480173], [137.102559, 37.480059], [137.102917, 37.480214], [137.103166, 37.480184], [137.103383, 37.480349], [137.103109, 37.480636], [137.103031, 37.480427], [137.102077, 37.480381], [137.101897, 37.480222]]], [[[137.103327, 37.480593], [137.103367, 37.480553], [137.103379, 37.480613], [137.103327, 37.480593]]], [[[137.101251, 37.480479], [137.101388, 37.480531], [137.101366, 37.4806], [137.101251, 37.480479]]], [[[137.101677, 37.480564], [137.101728, 37.480482], [137.101791, 37.480538], [137.101677, 37.480564]]], [[[137.104394, 37.480401], [137.104637, 37.480249], [137.104988, 37.480486], [137.104709, 37.480551], [137.104394, 37.480401]]], [[[137.1039, 37.480514], [137.103931, 37.480471], [137.103983, 37.480496], [137.1039, 37.480514]]], [[[137.101022, 37.480462], [137.101052, 37.48043], [137.101103, 37.48049], [137.101022, 37.480462]]], [[[137.099282, 37.480441], [137.099294, 37.480357], [137.099431, 37.480417], [137.099282, 37.480441]]], [[[137.100822, 37.48037], [137.100883, 37.480325], [137.100873, 37.480399], [137.100822, 37.48037]]], [[[137.101557, 37.480367], [137.101637, 37.480292], [137.101619, 37.480385], [137.101557, 37.480367]]], [[[137.103325, 37.480171], [137.103591, 37.4801], [137.103706, 37.480264], [137.103325, 37.480171]]], [[[137.104044, 37.480216], [137.1042, 37.480155], [137.104272, 37.48019], [137.104044, 37.480216]]], [[[137.100156, 37.479789], [137.100416, 37.47955], [137.10068, 37.479542], [137.100992, 37.479904], [137.100868, 37.480202], [137.100648, 37.4802], [137.100156, 37.479789]]], [[[137.101394, 37.479962], [137.101558, 37.479969], [137.101416, 37.48003], [137.101394, 37.479962]]], [[[137.099852, 37.47978], [137.100026, 37.479834], [137.099917, 37.479889], [137.099852, 37.47978]]], [[[137.099566, 37.47957], [137.099704, 37.479454], [137.099711, 37.479611], [137.099566, 37.47957]]], [[[137.099344, 37.479471], [137.09943, 37.479429], [137.099429, 37.4795], [137.099344, 37.479471]]], [[[137.099841, 37.479324], [137.099912, 37.479324], [137.099875, 37.479361], [137.099841, 37.479324]]], [[[137.099608, 37.479337], [137.099635, 37.47933], [137.099647, 37.47935], [137.099608, 37.479337]]], [[[137.098651, 37.479093], [137.098955, 37.47896], [137.098841, 37.479172], [137.098651, 37.479093]]], [[[137.100041, 37.479019], [137.100188, 37.479094], [137.100107, 37.479113], [137.100041, 37.479019]]], [[[137.098019, 37.478604], [137.09824, 37.478441], [137.098457, 37.478458], [137.098541, 37.478691], [137.098417, 37.47906], [137.098272, 37.47903], [137.098019, 37.478604]]], [[[137.099374, 37.47899], [137.099406, 37.478942], [137.099476, 37.478988], [137.099374, 37.47899]]], [[[137.098712, 37.478862], [137.098845, 37.478861], [137.098751, 37.478924], [137.098712, 37.478862]]], [[[137.099728, 37.478788], [137.099836, 37.478783], [137.099911, 37.478859], [137.099728, 37.478788]]], [[[137.099171, 37.478773], [137.099207, 37.478759], [137.099201, 37.478785], [137.099171, 37.478773]]], [[[137.099321, 37.478604], [137.099378, 37.478564], [137.099409, 37.478636], [137.099321, 37.478604]]], [[[137.098606, 37.478531], [137.098717, 37.478489], [137.098668, 37.478559], [137.098606, 37.478531]]], [[[137.099032, 37.478453], [137.099109, 37.478432], [137.099122, 37.478479], [137.099032, 37.478453]]], [[[137.093269, 37.47739], [137.093731, 37.477083], [137.094005, 37.477061], [137.093674, 37.477527], [137.093349, 37.477528], [137.093269, 37.47739]]], [[[137.090959, 37.477319], [137.091071, 37.477247], [137.091108, 37.477423], [137.090959, 37.477319]]], [[[137.092711, 37.477212], [137.092844, 37.477109], [137.092993, 37.477226], [137.092892, 37.477315], [137.092711, 37.477212]]], [[[137.089583, 37.472314], [137.089689, 37.472313], [137.089624, 37.472361], [137.089583, 37.472314]]], [[[137.088703, 37.471969], [137.089023, 37.471949], [137.088946, 37.472266], [137.088703, 37.471969]]], [[[137.089118, 37.471919], [137.089236, 37.471908], [137.08917, 37.471965], [137.089118, 37.471919]]], [[[137.088606, 37.47072], [137.088649, 37.470691], [137.088641, 37.470742], [137.088606, 37.47072]]], [[[137.087817, 37.470541], [137.087869, 37.47051], [137.087916, 37.470579], [137.087817, 37.470541]]], [[[137.087934, 37.470279], [137.08801, 37.46991], [137.088285, 37.469903], [137.088412, 37.470238], [137.087934, 37.470279]]], [[[137.086504, 37.46939], [137.086536, 37.469373], [137.086552, 37.469427], [137.086504, 37.46939]]], [[[137.086036, 37.46922], [137.0861, 37.46917], [137.086084, 37.469238], [137.086036, 37.46922]]], [[[137.086259, 37.468657], [137.086298, 37.468641], [137.086298, 37.468701], [137.086259, 37.468657]]], [[[137.08641, 37.468142], [137.086443, 37.468113], [137.086519, 37.468154], [137.08641, 37.468142]]], [[[137.085636, 37.4681], [137.085681, 37.468094], [137.085702, 37.468144], [137.085636, 37.4681]]], [[[137.086129, 37.468064], [137.086218, 37.46804], [137.086184, 37.468089], [137.086129, 37.468064]]], [[[137.085465, 37.468028], [137.085526, 37.468009], [137.085502, 37.468052], [137.085465, 37.468028]]], [[[137.085156, 37.467965], [137.085361, 37.467899], [137.085291, 37.467969], [137.085156, 37.467965]]], [[[137.085197, 37.467533], [137.085318, 37.467554], [137.085259, 37.467596], [137.085197, 37.467533]]], [[[137.084804, 37.467463], [137.08489, 37.467487], [137.084834, 37.467512], [137.084804, 37.467463]]], [[[137.356307, 37.467375], [137.356423, 37.467293], [137.356388, 37.467418], [137.356307, 37.467375]]], [[[137.356658, 37.46691], [137.356816, 37.466921], [137.35679, 37.46696], [137.356658, 37.46691]]], [[[137.357433, 37.46691], [137.357566, 37.466894], [137.357502, 37.466954], [137.357433, 37.46691]]], [[[137.357778, 37.466595], [137.357863, 37.466556], [137.35792, 37.466633], [137.357778, 37.466595]]], [[[137.357253, 37.466543], [137.357395, 37.466566], [137.35735, 37.466615], [137.357253, 37.466543]]], [[[137.357643, 37.466368], [137.357693, 37.466329], [137.357792, 37.466361], [137.357643, 37.466368]]], [[[137.357476, 37.465758], [137.357587, 37.465759], [137.357538, 37.465806], [137.357476, 37.465758]]], [[[137.357602, 37.465327], [137.357664, 37.465301], [137.357708, 37.465354], [137.357602, 37.465327]]], [[[137.357808, 37.465192], [137.357928, 37.4652], [137.357859, 37.465259], [137.357808, 37.465192]]], [[[137.358394, 37.464518], [137.358427, 37.464482], [137.358488, 37.464511], [137.358394, 37.464518]]], [[[137.358648, 37.464362], [137.358735, 37.464311], [137.35871, 37.464374], [137.358648, 37.464362]]], [[[137.357611, 37.464055], [137.357713, 37.464068], [137.357643, 37.464103], [137.357611, 37.464055]]], [[[137.357123, 37.463718], [137.357206, 37.463717], [137.357168, 37.463757], [137.357123, 37.463718]]], [[[137.356935, 37.462993], [137.357016, 37.462984], [137.356977, 37.463038], [137.356935, 37.462993]]], [[[137.356823, 37.462365], [137.356891, 37.462328], [137.356951, 37.462401], [137.356823, 37.462365]]], [[[137.356783, 37.461656], [137.356864, 37.461636], [137.356846, 37.461684], [137.356783, 37.461656]]], [[[137.356868, 37.461041], [137.35697, 37.461045], [137.356911, 37.461089], [137.356868, 37.461041]]], [[[137.357027, 37.46064], [137.357105, 37.460633], [137.357073, 37.46067], [137.357027, 37.46064]]], [[[137.357698, 37.459744], [137.357788, 37.459694], [137.357849, 37.459767], [137.357698, 37.459744]]], [[[137.358121, 37.459134], [137.358194, 37.459108], [137.358208, 37.459159], [137.358121, 37.459134]]], [[[137.358197, 37.45903], [137.358337, 37.459042], [137.358293, 37.459075], [137.358197, 37.45903]]], [[[137.359089, 37.458323], [137.359154, 37.458292], [137.359204, 37.458339], [137.359089, 37.458323]]], [[[137.359402, 37.458192], [137.359535, 37.458184], [137.359477, 37.458235], [137.359402, 37.458192]]], [[[137.359499, 37.457876], [137.35958, 37.457827], [137.359573, 37.457937], [137.359499, 37.457876]]], [[[137.359489, 37.457429], [137.359591, 37.457414], [137.35955, 37.45752], [137.359489, 37.457429]]], [[[137.359842, 37.45713], [137.359969, 37.457114], [137.359993, 37.4572], [137.359842, 37.45713]]], [[[137.359446, 37.457107], [137.359582, 37.457128], [137.35953, 37.457171], [137.359446, 37.457107]]], [[[137.359858, 37.456296], [137.359926, 37.456262], [137.359912, 37.456395], [137.359858, 37.456296]]], [[[137.359963, 37.456161], [137.360014, 37.456127], [137.360125, 37.456227], [137.359963, 37.456161]]], [[[137.359332, 37.455864], [137.35944, 37.45582], [137.359396, 37.455957], [137.359332, 37.455864]]], [[[137.359594, 37.455751], [137.359647, 37.455709], [137.359612, 37.455784], [137.359594, 37.455751]]], [[[137.360301, 37.454269], [137.360363, 37.4542], [137.360381, 37.454237], [137.360301, 37.454269]]], [[[137.360446, 37.453688], [137.360552, 37.453657], [137.360507, 37.453725], [137.360446, 37.453688]]], [[[137.360931, 37.452697], [137.360994, 37.452652], [137.361003, 37.452759], [137.360931, 37.452697]]], [[[137.360837, 37.452502], [137.360922, 37.452506], [137.360911, 37.452577], [137.360837, 37.452502]]], [[[137.360723, 37.451724], [137.360802, 37.451617], [137.360801, 37.451756], [137.360723, 37.451724]]], [[[137.360878, 37.451277], [137.360964, 37.451241], [137.360915, 37.451309], [137.360878, 37.451277]]], [[[137.361104, 37.450784], [137.361207, 37.450707], [137.361169, 37.450794], [137.361104, 37.450784]]], [[[137.360866, 37.450748], [137.360945, 37.450684], [137.360913, 37.450791], [137.360866, 37.450748]]], [[[137.360903, 37.450181], [137.360968, 37.450156], [137.360983, 37.450226], [137.360903, 37.450181]]], [[[137.360289, 37.450058], [137.360358, 37.450027], [137.360427, 37.450133], [137.360289, 37.450058]]], [[[137.359876, 37.449705], [137.359928, 37.449674], [137.359949, 37.449778], [137.359876, 37.449705]]], [[[137.359402, 37.449087], [137.35952, 37.449116], [137.359498, 37.449186], [137.359402, 37.449087]]], [[[137.358928, 37.448834], [137.359004, 37.448825], [137.359047, 37.448889], [137.358928, 37.448834]]], [[[137.358236, 37.44857], [137.358302, 37.448525], [137.358328, 37.448644], [137.358236, 37.44857]]], [[[137.358105, 37.44841], [137.358193, 37.448382], [137.358179, 37.448442], [137.358105, 37.44841]]], [[[137.358232, 37.448381], [137.358299, 37.44834], [137.358315, 37.448422], [137.358232, 37.448381]]], [[[137.357338, 37.447997], [137.357409, 37.447965], [137.357435, 37.448069], [137.357338, 37.447997]]], [[[137.356758, 37.447601], [137.356804, 37.447558], [137.356851, 37.447622], [137.356758, 37.447601]]], [[[137.354049, 37.446094], [137.354135, 37.446081], [137.354151, 37.446154], [137.354049, 37.446094]]], [[[137.353425, 37.445619], [137.353544, 37.445664], [137.35349, 37.445702], [137.353425, 37.445619]]], [[[137.352836, 37.445269], [137.352881, 37.445243], [137.352912, 37.445299], [137.352836, 37.445269]]], [[[137.352378, 37.444809], [137.352455, 37.444792], [137.352428, 37.444833], [137.352378, 37.444809]]], [[[137.351095, 37.443996], [137.351148, 37.443978], [137.351176, 37.444018], [137.351095, 37.443996]]], [[[137.350443, 37.443668], [137.350537, 37.44367], [137.350554, 37.443716], [137.350443, 37.443668]]], [[[137.349833, 37.443415], [137.349914, 37.443395], [137.349929, 37.44344], [137.349833, 37.443415]]], [[[137.349225, 37.443196], [137.3493, 37.443184], [137.349314, 37.443233], [137.349225, 37.443196]]], [[[137.305711, 37.436363], [137.306138, 37.436408], [137.306613, 37.436944], [137.306638, 37.437124], [137.3063, 37.437367], [137.306291, 37.437215], [137.305906, 37.436956], [137.305711, 37.436363]]], [[[137.246293, 37.396702], [137.246526, 37.396336], [137.247189, 37.395871], [137.247589, 37.395788], [137.247972, 37.395867], [137.248023, 37.396048], [137.247887, 37.396242], [137.247213, 37.396671], [137.246427, 37.396821], [137.246293, 37.396702]]], [[[137.248087, 37.396474], [137.248223, 37.396401], [137.248168, 37.396624], [137.248087, 37.396474]]], [[[137.248868, 37.396224], [137.248974, 37.396052], [137.249173, 37.396202], [137.248868, 37.396224]]], [[[137.248412, 37.396155], [137.248555, 37.396005], [137.248706, 37.396062], [137.248412, 37.396155]]]]}}, {"type": "Feature", "properties": {"pref_code": "17", "pref_name": "石川県", "municipality_code": "17206", "municipality_name": "加賀市", "ward_name": "", "display_name": "加賀市", "geometry_key": "17206"}, "geometry": {"type": "MultiPolygon", "coordinates": [[[[136.491692, 36.158291], [136.491998, 36.158902], [136.49162, 36.159544], [136.491626, 36.159981], [136.492681, 36.160851], [136.492986, 36.161838], [136.493326, 36.16206], [136.49333, 36.162753], [136.493746, 36.163479], [136.494789, 36.164753], [136.495621, 36.165317], [136.495699, 36.166841], [136.496778, 36.168208], [136.49712, 36.168432], [136.497402, 36.169036], [136.497064, 36.169553], [136.496893, 36.170149], [136.496924, 36.171483], [136.49718, 36.172212], [136.497211, 36.172977], [136.497074, 36.173509], [136.497453, 36.174674], [136.49709, 36.175526], [136.497131, 36.176271], [136.497598, 36.178581], [136.498722, 36.18037], [136.498569, 36.180701], [136.49862, 36.181481], [136.49824, 36.182097], [136.4981, 36.184851], [136.497939, 36.185132], [136.497417, 36.185463], [136.497063, 36.185604], [136.496436, 36.185606], [136.495243, 36.18607], [136.494293, 36.18678], [136.493992, 36.187152], [136.492841, 36.187141], [136.492025, 36.187476], [136.491235, 36.188144], [136.491084, 36.188477], [136.491383, 36.189623], [136.491451, 36.191394], [136.490936, 36.19229], [136.490016, 36.193221], [136.490306, 36.194359], [136.490259, 36.195103], [136.489989, 36.195939], [136.490146, 36.196954], [136.489439, 36.198051], [136.489368, 36.198567], [136.490141, 36.200015], [136.489969, 36.200937], [136.490741, 36.201741], [136.49151, 36.202977], [136.491466, 36.203719], [136.490806, 36.204408], [136.49067, 36.20472], [136.490901, 36.205596], [136.490842, 36.206775], [136.490259, 36.207735], [136.489543, 36.209377], [136.488176, 36.209891], [136.488064, 36.21004], [136.487235, 36.212176], [136.486114, 36.213415], [136.485747, 36.214421], [136.485152, 36.215321], [136.484856, 36.216188], [136.484859, 36.21891], [136.484682, 36.219287], [136.485052, 36.220785], [136.484487, 36.221752], [136.484395, 36.222204], [136.484496, 36.223137], [136.485037, 36.223875], [136.484918, 36.224372], [136.485013, 36.225732], [136.484593, 36.227596], [136.484043, 36.228114], [136.483495, 36.229094], [136.483773, 36.230282], [136.484788, 36.231708], [136.48496, 36.233213], [136.484844, 36.235645], [136.484613, 36.235849], [136.484143, 36.235967], [136.482507, 36.235583], [136.481856, 36.235676], [136.480303, 36.236217], [136.479273, 36.236032], [136.478016, 36.236375], [136.477273, 36.23705], [136.476368, 36.238207], [136.476308, 36.239071], [136.475794, 36.240019], [136.475873, 36.241256], [136.473956, 36.242585], [136.47414, 36.243731], [136.473995, 36.245248], [136.474169, 36.245666], [136.475261, 36.246907], [136.475332, 36.248726], [136.475057, 36.250107], [136.475441, 36.251833], [136.475894, 36.252654], [136.474353, 36.253906], [136.47246, 36.254072], [136.471897, 36.254304], [136.470213, 36.254573], [136.468922, 36.255926], [136.46806, 36.25602], [136.466763, 36.255921], [136.464583, 36.257399], [136.463716, 36.258187], [136.463153, 36.259396], [136.463219, 36.259834], [136.463655, 36.260269], [136.464008, 36.260864], [136.464063, 36.261218], [136.463279, 36.261831], [136.463042, 36.262176], [136.462976, 36.26334], [136.462866, 36.263466], [136.461922, 36.263829], [136.46127, 36.264272], [136.460796, 36.264863], [136.459824, 36.264598], [136.459321, 36.264589], [136.458201, 36.264894], [136.456876, 36.265512], [136.456269, 36.265543], [136.453989, 36.263766], [136.453365, 36.264375], [136.452891, 36.264616], [136.451604, 36.264616], [136.450395, 36.265042], [136.449021, 36.265136], [136.448027, 36.26544], [136.44705, 36.265176], [136.446719, 36.264979], [136.445632, 36.264934], [136.444599, 36.263609], [136.442469, 36.263269], [136.441696, 36.263689], [136.440934, 36.263846], [136.44041, 36.264383], [136.43994, 36.264544], [136.4393, 36.264589], [136.438676, 36.264459], [136.437114, 36.264737], [136.436761, 36.264697], [136.436231, 36.264316], [136.435, 36.263989], [136.434774, 36.264016], [136.433775, 36.264616], [136.430253, 36.264137], [136.429847, 36.263936], [136.429123, 36.264547], [136.428944, 36.26526], [136.428658, 36.265623], [136.427976, 36.265641], [136.427439, 36.265387], [136.425651, 36.26532], [136.424616, 36.265689], [136.422946, 36.266813], [136.420868, 36.267224], [136.420271, 36.267671], [136.420382, 36.269493], [136.42089, 36.270065], [136.421016, 36.270747], [136.420875, 36.272011], [136.420323, 36.273038], [136.420733, 36.273884], [136.420636, 36.274586], [136.421173, 36.276102], [136.419146, 36.277831], [136.418535, 36.277637], [136.417902, 36.277601], [136.41662, 36.277686], [136.415942, 36.277927], [136.415838, 36.278223], [136.416106, 36.279311], [136.415793, 36.280182], [136.415957, 36.280726], [136.4158, 36.28162], [136.415621, 36.281717], [136.414429, 36.281523], [136.413624, 36.282073], [136.412611, 36.283046], [136.411672, 36.285246], [136.412894, 36.286449], [136.413013, 36.287603], [136.413833, 36.28822], [136.414809, 36.288722], [136.415137, 36.289326], [136.415829, 36.290081], [136.415941, 36.290589], [136.415569, 36.291369], [136.415964, 36.292033], [136.415949, 36.29236], [136.415792, 36.292584], [136.415412, 36.292711], [136.414481, 36.292487], [136.414183, 36.292584], [136.413489, 36.2943], [136.413668, 36.294741], [136.413558, 36.295109], [136.413773, 36.295545], [136.415337, 36.296125], [136.415516, 36.296548], [136.415136, 36.296814], [136.4146, 36.298216], [136.414212, 36.298772], [136.413355, 36.299389], [136.413221, 36.299612], [136.412744, 36.299733], [136.413288, 36.301462], [136.412983, 36.301982], [136.413124, 36.302737], [136.413735, 36.302954], [136.414808, 36.302616], [136.415546, 36.302707], [136.415561, 36.302955], [136.414637, 36.303855], [136.414674, 36.30429], [136.414949, 36.304641], [136.414912, 36.30501], [136.413921, 36.305898], [136.412669, 36.306073], [136.412267, 36.306672], [136.411529, 36.307028], [136.411254, 36.307814], [136.410456, 36.308219], [136.409451, 36.308974], [136.409212, 36.309041], [136.408631, 36.308889], [136.407983, 36.308895], [136.407007, 36.309173], [136.406105, 36.310147], [136.405636, 36.310316], [136.405069, 36.310243], [136.40498, 36.310394], [136.405129, 36.310986], [136.404652, 36.311198], [136.403326, 36.310207], [136.403385, 36.310721], [136.403199, 36.311047], [136.402357, 36.311204], [136.401843, 36.311494], [136.402096, 36.31228], [136.40305, 36.313392], [136.403184, 36.313749], [136.403058, 36.314087], [136.402424, 36.314431], [136.402759, 36.314945], [136.402923, 36.315525], [136.403691, 36.315676], [136.403847, 36.31558], [136.403839, 36.315205], [136.405136, 36.315513], [136.405412, 36.315658], [136.405911, 36.31671], [136.406826, 36.316975], [136.407274, 36.317224], [136.407558, 36.317731], [136.40831, 36.318348], [136.408921, 36.31842], [136.409614, 36.318312], [136.410366, 36.318457], [136.410955, 36.319091], [136.411626, 36.319406], [136.412088, 36.319919], [136.41328, 36.3203], [136.413764, 36.320282], [136.414666, 36.320953], [136.415083, 36.321557], [136.416342, 36.321956], [136.416901, 36.322325], [136.417191, 36.322766], [136.416975, 36.323987], [136.417124, 36.324132], [136.417154, 36.324651], [136.417825, 36.32554], [136.417527, 36.325921], [136.417542, 36.326132], [136.418905, 36.327371], [136.419054, 36.327831], [136.418853, 36.327933], [136.417929, 36.32771], [136.415463, 36.326894], [136.415403, 36.327078], [136.417428, 36.327953], [136.41757, 36.328142], [136.415956, 36.328802], [136.415367, 36.329369], [136.415422, 36.330434], [136.415888, 36.330319], [136.415952, 36.330456], [136.414626, 36.331079], [136.415413, 36.332506], [136.415006, 36.332874], [136.415481, 36.333333], [136.415143, 36.333596], [136.413749, 36.33419], [136.413118, 36.334772], [136.412556, 36.33508], [136.411821, 36.336037], [136.411361, 36.336432], [136.412826, 36.336813], [136.412737, 36.337104], [136.412329, 36.337159], [136.412072, 36.337675], [136.411748, 36.337681], [136.41162, 36.338012], [136.411428, 36.337996], [136.411233, 36.338646], [136.411001, 36.338778], [136.410906, 36.339008], [136.411359, 36.339535], [136.41064, 36.339692], [136.410199, 36.33997], [136.409766, 36.339966], [136.408658, 36.340303], [136.408627, 36.340634], [136.408034, 36.340463], [136.406513, 36.340794], [136.406436, 36.340515], [136.404466, 36.340373], [136.403692, 36.340087], [136.403176, 36.340529], [136.401991, 36.340017], [136.4006, 36.340196], [136.400276, 36.339207], [136.399876, 36.339133], [136.399642, 36.338411], [136.398784, 36.33833], [136.397527, 36.338457], [136.397751, 36.339429], [136.397697, 36.340161], [136.39639, 36.341365], [136.395554, 36.342757], [136.39579, 36.342991], [136.396129, 36.342958], [136.397399, 36.344266], [136.387333, 36.353465], [136.394417, 36.364055], [136.393466, 36.36451], [136.394063, 36.365227], [136.393171, 36.365891], [136.39192, 36.366009], [136.391872, 36.366438], [136.392099, 36.366797], [136.391241, 36.367321], [136.390431, 36.368221], [136.39004, 36.367759], [136.389893, 36.367765], [136.389033, 36.368796], [136.387289, 36.369754], [136.386697, 36.369291], [136.386901, 36.369133], [136.386538, 36.368748], [136.386397, 36.368695], [136.386277, 36.368824], [136.386154, 36.369181], [136.384706, 36.36875], [136.384556, 36.368767], [136.383491, 36.370001], [136.383308, 36.369958], [136.382686, 36.369669], [136.381934, 36.368966], [136.38055, 36.368275], [136.380253, 36.367647], [136.380182, 36.367105], [136.379683, 36.366774], [136.379456, 36.366759], [136.379338, 36.366945], [136.379781, 36.367342], [136.38034, 36.36871], [136.380207, 36.36963], [136.380928, 36.370557], [136.381614, 36.371055], [136.382449, 36.371401], [136.382955, 36.371804], [136.383336, 36.372741], [136.38322, 36.373198], [136.382619, 36.374038], [136.38195, 36.374639], [136.381776, 36.375306], [136.380499, 36.377021], [136.376676, 36.381379], [136.376228, 36.381623], [136.374823, 36.382963], [136.374698, 36.382977], [136.373503, 36.382107], [136.373062, 36.382488], [136.372101, 36.38373], [136.365231, 36.378281], [136.359962, 36.374405], [136.353699, 36.370012], [136.349306, 36.367431], [136.348044, 36.366914], [136.347412, 36.366865], [136.34687, 36.36589], [136.344712, 36.364528], [136.341024, 36.362832], [136.338764, 36.361621], [136.338207, 36.361211], [136.337465, 36.36092], [136.336751, 36.360304], [136.335557, 36.359692], [136.334064, 36.359126], [136.33337, 36.358713], [136.332373, 36.358507], [136.330723, 36.357824], [136.329585, 36.357574], [136.328717, 36.357048], [136.326502, 36.356196], [136.324993, 36.356055], [136.324565, 36.355895], [136.323483, 36.355964], [136.323205, 36.356249], [136.323012, 36.356736], [136.322832, 36.356822], [136.321818, 36.356082], [136.322105, 36.355443], [136.321292, 36.354731], [136.319932, 36.354173], [136.31853, 36.353995], [136.318601, 36.353566], [136.318051, 36.353504], [136.318042, 36.353635], [136.317721, 36.353604], [136.317735, 36.353469], [136.317634, 36.353472], [136.317577, 36.353858], [136.317385, 36.35384], [136.317442, 36.353439], [136.316407, 36.353333], [136.316304, 36.353975], [136.316044, 36.353942], [136.316132, 36.35331], [136.314606, 36.353138], [136.314464, 36.352797], [136.314119, 36.352711], [136.313575, 36.351923], [136.312273, 36.351964], [136.312149, 36.352607], [136.312725, 36.352711], [136.313685, 36.352651], [136.313977, 36.352844], [136.313963, 36.3534], [136.313461, 36.353392], [136.312732, 36.353847], [136.311961, 36.35368], [136.3113, 36.353152], [136.309863, 36.352693], [136.308498, 36.352616], [136.307501, 36.353089], [136.306525, 36.353117], [136.306302, 36.352693], [136.306343, 36.35215], [136.306145, 36.351936], [136.305852, 36.351755], [136.304106, 36.35123], [136.303062, 36.351264], [136.301949, 36.351842], [136.300815, 36.351777], [136.299946, 36.352377], [136.299449, 36.352412], [136.299398, 36.352016], [136.299528, 36.351648], [136.299321, 36.351252], [136.298702, 36.350779], [136.297275, 36.3503], [136.29719, 36.349766], [136.296805, 36.349175], [136.297038, 36.348652], [136.29659, 36.348443], [136.296194, 36.347921], [136.295004, 36.347143], [136.293509, 36.346527], [136.292563, 36.345744], [136.292075, 36.345755], [136.2919, 36.345612], [136.291364, 36.344209], [136.291421, 36.341415], [136.290756, 36.340289], [136.289935, 36.339531], [136.28959, 36.338802], [136.288263, 36.336881], [136.286112, 36.335201], [136.283802, 36.333169], [136.281391, 36.332017], [136.280368, 36.330576], [136.279538, 36.329702], [136.279221, 36.328957], [136.279087, 36.32802], [136.278698, 36.327276], [136.277442, 36.326263], [136.277436, 36.326007], [136.277707, 36.325779], [136.277504, 36.325482], [136.277852, 36.325342], [136.278049, 36.324777], [136.27772, 36.324668], [136.27768, 36.324369], [136.278044, 36.323878], [136.27859, 36.323541], [136.278477, 36.322699], [136.275138, 36.318653], [136.274825, 36.318562], [136.273671, 36.31758], [136.271747, 36.315529], [136.270469, 36.314391], [136.267996, 36.31252], [136.266947, 36.31112], [136.265216, 36.310074], [136.263388, 36.308474], [136.262122, 36.307864], [136.257576, 36.304128], [136.254347, 36.30222], [136.252934, 36.301182], [136.251387, 36.300509], [136.249137, 36.299986], [136.248636, 36.298974], [136.248302, 36.29862], [136.245939, 36.296853], [136.245035, 36.296323], [136.244534, 36.296295], [136.244397, 36.296038], [136.244616, 36.295806], [136.244053, 36.295274], [136.246012, 36.293836], [136.24755, 36.293197], [136.248557, 36.292071], [136.249245, 36.291762], [136.250541, 36.291772], [136.251751, 36.291598], [136.253881, 36.290392], [136.254416, 36.290542], [136.254993, 36.290452], [136.255202, 36.289919], [136.255601, 36.289725], [136.256719, 36.289481], [136.258475, 36.289431], [136.258592, 36.289321], [136.257302, 36.287632], [136.256768, 36.286696], [136.256633, 36.28569], [136.256737, 36.284699], [136.257419, 36.282955], [136.257437, 36.282357], [136.257051, 36.281341], [136.256197, 36.279911], [136.256265, 36.279657], [136.257683, 36.279239], [136.258739, 36.278696], [136.259845, 36.277899], [136.260699, 36.278397], [136.261325, 36.278601], [136.262424, 36.279582], [136.263315, 36.27906], [136.264218, 36.278327], [136.264254, 36.277914], [136.263253, 36.277351], [136.261896, 36.276205], [136.262136, 36.276076], [136.264285, 36.275707], [136.264322, 36.275463], [136.264064, 36.27494], [136.263628, 36.274562], [136.261528, 36.273356], [136.261466, 36.272932], [136.262228, 36.272265], [136.263493, 36.271857], [136.264046, 36.271408], [136.264027, 36.271099], [136.263395, 36.270372], [136.262977, 36.269446], [136.262928, 36.269221], [136.263131, 36.269032], [136.263764, 36.268972], [136.265581, 36.269296], [136.266939, 36.269959], [136.268179, 36.269989], [136.268376, 36.269894], [136.268265, 36.269271], [136.267301, 36.268041], [136.266841, 36.267064], [136.26646, 36.266771], [136.265938, 36.265974], [136.26681, 36.265102], [136.267473, 36.264808], [136.268155, 36.264684], [136.268364, 36.264758], [136.268751, 36.265421], [136.268769, 36.266034], [136.269186, 36.266382], [136.269739, 36.266188], [136.270194, 36.265849], [136.270633, 36.265943], [136.27118, 36.26626], [136.271397, 36.266223], [136.272522, 36.265361], [136.272859, 36.265311], [136.273154, 36.265366], [136.273701, 36.265809], [136.27418, 36.265964], [136.275064, 36.266178], [136.275629, 36.266178], [136.275917, 36.266044], [136.276458, 36.265062], [136.2769, 36.264823], [136.278473, 36.265032], [136.280002, 36.264355], [136.280407, 36.26437], [136.281298, 36.264893], [136.282207, 36.26574], [136.282834, 36.265918], [136.283131, 36.265614], [136.283177, 36.264256], [136.283398, 36.264006], [136.283631, 36.263842], [136.285298, 36.263786], [136.285345, 36.263095], [136.285037, 36.262194], [136.285118, 36.261929], [136.285469, 36.261675], [136.287321, 36.261494], [136.288078, 36.261137], [136.289079, 36.260435], [136.289484, 36.26041], [136.292733, 36.261112], [136.293931, 36.260968], [136.295098, 36.260549], [136.295424, 36.2603], [136.295958, 36.259464], [136.296461, 36.25909], [136.298162, 36.258741], [136.298508, 36.258467], [136.298807, 36.25789], [136.299097, 36.257838], [136.300613, 36.258293], [136.301202, 36.258218], [136.302111, 36.257516], [136.303248, 36.255917], [136.303616, 36.254891], [136.303524, 36.254268], [136.303162, 36.253501], [136.303227, 36.252928], [136.303826, 36.252285], [136.304942, 36.250471], [136.306008, 36.249529], [136.3067, 36.248677], [136.307965, 36.247687], [136.308418, 36.246818], [136.308667, 36.246729], [136.309553, 36.247053], [136.310096, 36.247037], [136.311032, 36.246539], [136.312212, 36.246483], [136.312979, 36.246596], [136.315295, 36.245885], [136.315355, 36.245024], [136.316102, 36.244184], [136.316435, 36.243336], [136.31656, 36.243174], [136.317217, 36.242932], [136.317376, 36.241384], [136.317616, 36.240778], [136.316331, 36.239097], [136.315639, 36.238499], [136.315394, 36.238035], [136.31538, 36.237841], [136.315892, 36.237231], [136.316674, 36.235081], [136.316968, 36.234758], [136.318138, 36.234285], [136.319139, 36.233639], [136.319797, 36.233614], [136.320394, 36.233174], [136.321346, 36.232956], [136.322018, 36.232552], [136.322606, 36.231812], [136.323582, 36.231699], [136.324627, 36.231889], [136.325753, 36.232265], [136.326813, 36.232298], [136.327491, 36.231542], [136.32769, 36.230851], [136.328497, 36.230382], [136.329567, 36.230059], [136.331539, 36.230092], [136.332281, 36.229781], [136.332391, 36.229134], [136.331873, 36.228096], [136.330434, 36.226544], [136.329772, 36.225182], [136.329005, 36.224297], [136.329154, 36.22214], [136.32904, 36.221267], [136.329946, 36.220362], [136.330374, 36.219271], [136.331176, 36.218378], [136.33142, 36.217424], [136.331326, 36.216996], [136.33022, 36.215897], [136.329886, 36.215376], [136.329842, 36.214855], [136.330141, 36.213534], [136.330076, 36.213085], [136.329593, 36.212681], [136.328851, 36.211667], [136.328552, 36.210681], [136.327865, 36.209905], [136.328004, 36.209392], [136.32793, 36.208709], [136.328537, 36.207646], [136.328652, 36.205679], [136.32904, 36.203275], [136.329364, 36.202551], [136.329398, 36.202019], [136.329633, 36.201671], [136.331212, 36.200887], [136.331665, 36.200325], [136.332317, 36.198729], [136.332402, 36.198026], [136.332247, 36.196761], [136.332751, 36.195699], [136.333463, 36.195097], [136.334383, 36.194887], [136.335599, 36.194798], [136.335977, 36.194632], [136.336257, 36.193008], [136.336819, 36.191651], [136.336959, 36.190794], [136.33656, 36.189606], [136.336809, 36.189093], [136.336844, 36.188661], [136.335813, 36.186701], [136.335664, 36.184871], [136.335883, 36.184576], [136.337213, 36.184071], [136.337606, 36.183727], [136.339294, 36.181279], [136.33923, 36.180463], [136.339409, 36.179982], [136.340231, 36.179424], [136.340644, 36.178867], [136.340764, 36.178221], [136.341601, 36.176911], [136.3417, 36.175873], [136.342124, 36.175162], [136.342084, 36.174903], [136.34437, 36.172827], [136.346541, 36.172099], [136.347965, 36.171279], [136.348438, 36.170689], [136.350007, 36.17012], [136.351434, 36.16935], [136.353288, 36.169376], [136.354333, 36.169234], [136.354864, 36.168999], [136.355329, 36.168581], [136.356283, 36.166946], [136.356806, 36.166292], [136.357967, 36.165141], [136.358191, 36.165094], [136.358755, 36.165296], [136.359543, 36.165363], [136.360332, 36.165606], [136.362663, 36.166003], [136.363658, 36.16605], [136.364314, 36.165929], [136.365708, 36.16607], [136.366836, 36.16708], [136.367424, 36.16881], [136.368005, 36.169079], [136.368893, 36.169835], [136.370421, 36.169909], [136.371663, 36.169809], [136.373411, 36.17007], [136.374018, 36.170043], [136.375593, 36.169461], [136.376837, 36.169213], [136.379442, 36.16823], [136.380791, 36.168757], [136.382241, 36.168417], [136.38341, 36.168435], [136.384456, 36.167908], [136.385813, 36.167674], [136.386657, 36.167246], [136.387141, 36.167469], [136.388822, 36.167703], [136.390092, 36.167404], [136.390712, 36.167527], [136.39217, 36.168189], [136.394565, 36.16895], [136.396837, 36.170388], [136.397694, 36.170529], [136.400388, 36.170627], [136.404813, 36.170277], [136.405989, 36.170741], [136.406619, 36.17133], [136.407489, 36.17174], [136.409304, 36.172227], [136.409457, 36.171518], [136.409966, 36.170469], [136.410402, 36.170042], [136.411646, 36.169764], [136.412017, 36.169031], [136.412614, 36.168465], [136.413264, 36.166954], [136.413298, 36.166555], [136.412901, 36.165708], [136.412739, 36.164816], [136.41226, 36.164138], [136.412341, 36.163071], [136.412031, 36.162382], [136.412004, 36.161584], [136.411364, 36.160747], [136.41138, 36.160575], [136.411634, 36.16008], [136.412624, 36.159769], [136.412975, 36.159473], [136.413514, 36.157997], [136.413993, 36.157324], [136.414283, 36.156624], [136.41528, 36.156427], [136.415975, 36.155788], [136.416838, 36.155525], [136.417613, 36.155679], [136.418415, 36.155487], [136.418873, 36.155536], [136.419183, 36.155492], [136.41983, 36.154946], [136.42012, 36.154842], [136.421306, 36.154689], [136.422681, 36.154869], [136.424346, 36.154481], [136.424602, 36.154153], [136.424649, 36.153644], [136.425364, 36.153048], [136.425998, 36.151911], [136.426847, 36.151058], [136.426975, 36.150637], [136.426685, 36.149658], [136.426806, 36.148898], [136.427588, 36.148231], [136.427764, 36.147886], [136.427784, 36.147307], [136.428795, 36.14682], [136.429873, 36.146087], [136.431761, 36.143473], [136.433931, 36.143091], [136.434646, 36.142795], [136.435542, 36.142839], [136.437833, 36.142325], [136.438251, 36.142074], [136.438615, 36.141713], [136.438655, 36.141505], [136.438527, 36.140231], [136.43912, 36.139449], [136.439444, 36.138213], [136.440387, 36.13736], [136.44069, 36.137251], [136.441668, 36.137344], [136.441998, 36.13748], [136.442086, 36.138153], [136.442665, 36.138355], [136.443623, 36.139044], [136.444775, 36.139394], [136.445631, 36.139991], [136.446332, 36.13987], [136.448637, 36.14074], [136.449972, 36.139739], [136.45074, 36.139493], [136.451016, 36.139242], [136.451286, 36.138695], [136.451926, 36.13806], [136.453328, 36.138], [136.453847, 36.137874], [136.45537, 36.137218], [136.456637, 36.136267], [136.457379, 36.136639], [136.458747, 36.136874], [136.459091, 36.136792], [136.45994, 36.136928], [136.461402, 36.136557], [136.463505, 36.137683], [136.464044, 36.137552], [136.464449, 36.137935], [136.464799, 36.139324], [136.465318, 36.140176], [136.465345, 36.140631], [136.465992, 36.141139], [136.466154, 36.141647], [136.467778, 36.142304], [136.468573, 36.143376], [136.469099, 36.143791], [136.470056, 36.145426], [136.470595, 36.145896], [136.471963, 36.146646], [136.472442, 36.146624], [136.473062, 36.146793], [136.474127, 36.146624], [136.474936, 36.147914], [136.475609, 36.148467], [136.475859, 36.149429], [136.47722, 36.150731], [136.477065, 36.151444], [136.481675, 36.15469], [136.482497, 36.155445], [136.483339, 36.156861], [136.483919, 36.157129], [136.48522, 36.157091], [136.486406, 36.157512], [136.486648, 36.157774], [136.486722, 36.15842], [136.486945, 36.158737], [136.488043, 36.159142], [136.489573, 36.158885], [136.491692, 36.158291]]], [[[136.318999, 36.357952], [136.319212, 36.357942], [136.319108, 36.358057], [136.318999, 36.357952]]], [[[136.319202, 36.357828], [136.319267, 36.357767], [136.319299, 36.35781], [136.319202, 36.357828]]], [[[136.319316, 36.357691], [136.319373, 36.35767], [136.319334, 36.357714], [136.319316, 36.357691]]], [[[136.321866, 36.356428], [136.322002, 36.356371], [136.322048, 36.356473], [136.321866, 36.356428]]], [[[136.299282, 36.353134], [136.299365, 36.352994], [136.299422, 36.35312], [136.299282, 36.353134]]], [[[136.305879, 36.352776], [136.306099, 36.35277], [136.305983, 36.352994], [136.305879, 36.352776]]], [[[136.298671, 36.35278], [136.298877, 36.352676], [136.298881, 36.352941], [136.298738, 36.352969], [136.298671, 36.35278]]], [[[136.299355, 36.352775], [136.299446, 36.352734], [136.299392, 36.352842], [136.299355, 36.352775]]], [[[136.298799, 36.352295], [136.298987, 36.352068], [136.299154, 36.352254], [136.298984, 36.352416], [136.298799, 36.352295]]], [[[136.290966, 36.344138], [136.291168, 36.34401], [136.291129, 36.344416], [136.290966, 36.344138]]], [[[136.414343, 36.333976], [136.415481, 36.334191], [136.415863, 36.334533], [136.415785, 36.334792], [136.416251, 36.334955], [136.416319, 36.335309], [136.417752, 36.335392], [136.417208, 36.335707], [136.41604, 36.335679], [136.415746, 36.335174], [136.414666, 36.334505], [136.414343, 36.333976]]], [[[136.244497, 36.297051], [136.244641, 36.296937], [136.244605, 36.29708], [136.244497, 36.297051]]], [[[136.244863, 36.296789], [136.24501, 36.296809], [136.244939, 36.296844], [136.244863, 36.296789]]], [[[136.244136, 36.296524], [136.244229, 36.296539], [136.244193, 36.296577], [136.244136, 36.296524]]]]}}, {"type": "Feature", "properties": {"pref_code": "17", "pref_name": "石川県", "municipality_code": "17207", "municipality_name": "羽咋市", "ward_name": "", "display_name": "羽咋市", "geometry_key": "17207"}, "geometry": {"type": "MultiPolygon", "coordinates": [[[[136.825526, 36.949076], [136.82515, 36.948492], [136.82458, 36.948277], [136.823658, 36.947433], [136.823201, 36.947271], [136.822817, 36.946932], [136.822274, 36.946099], [136.822168, 36.945185], [136.821518, 36.945056], [136.819696, 36.943975], [136.818801, 36.943631], [136.818152, 36.942846], [136.814646, 36.942281], [136.813009, 36.94169], [136.811869, 36.941442], [136.811478, 36.940975], [136.81118, 36.940996], [136.810935, 36.941232], [136.810577, 36.94127], [136.808867, 36.941007], [136.808357, 36.940743], [136.808178, 36.939684], [136.807615, 36.939716], [136.806428, 36.939507], [136.805374, 36.939872], [136.804606, 36.939522], [136.803473, 36.939533], [136.802353, 36.939829], [136.802107, 36.939738], [136.802068, 36.938888], [136.801697, 36.938684], [136.798589, 36.938506], [136.797011, 36.938189], [136.796342, 36.938184], [136.795998, 36.939641], [136.795123, 36.940641], [136.79501, 36.940947], [136.795096, 36.942501], [136.794917, 36.943915], [136.794612, 36.944878], [136.794837, 36.945082], [136.79501, 36.945039], [136.795149, 36.944071], [136.795586, 36.943114], [136.795381, 36.942969], [136.795599, 36.942523], [136.795586, 36.941759], [136.795845, 36.941555], [136.796156, 36.940205], [136.796508, 36.939829], [136.796759, 36.939167], [136.796938, 36.939028], [136.797329, 36.939028], [136.797528, 36.939302], [136.796329, 36.941947], [136.795692, 36.943862], [136.795831, 36.944028], [136.796627, 36.943437], [136.796806, 36.943125], [136.797223, 36.942227], [136.797495, 36.941093], [136.797886, 36.940334], [136.79888, 36.939366], [136.799954, 36.939421], [136.799715, 36.939754], [136.798595, 36.940173], [136.798164, 36.940662], [136.797694, 36.942071], [136.797197, 36.942921], [136.796965, 36.944157], [136.796806, 36.944249], [136.796898, 36.945034], [136.796249, 36.944959], [136.797707, 36.945287], [136.798164, 36.945502], [136.798847, 36.944093], [136.799298, 36.94355], [136.799384, 36.942184], [136.799636, 36.941867], [136.799211, 36.941566], [136.799318, 36.941496], [136.799781, 36.941706], [136.799961, 36.941103], [136.800173, 36.940904], [136.800835, 36.940776], [136.801153, 36.940474], [136.801465, 36.940533], [136.80169, 36.939329], [136.801982, 36.939835], [136.801902, 36.940845], [136.802181, 36.941071], [136.802519, 36.941034], [136.802923, 36.940523], [136.803135, 36.939942], [136.803055, 36.939792], [136.803354, 36.939711], [136.803407, 36.939797], [136.802989, 36.940636], [136.802552, 36.941163], [136.802631, 36.94134], [136.802943, 36.94134], [136.804308, 36.940157], [136.803287, 36.94127], [136.802591, 36.941555], [136.802538, 36.941722], [136.802963, 36.942082], [136.803248, 36.941706], [136.803559, 36.941636], [136.803851, 36.941179], [136.804461, 36.941329], [136.804613, 36.941474], [136.805203, 36.941362], [136.80568, 36.941593], [136.806449, 36.941701], [136.806879, 36.941701], [136.807483, 36.941303], [136.807549, 36.941389], [136.807045, 36.94205], [136.807052, 36.942206], [136.807389, 36.942405], [136.807873, 36.942351], [136.808264, 36.941894], [136.808596, 36.942039], [136.808291, 36.942625], [136.808264, 36.943007], [136.808006, 36.943066], [136.807184, 36.94376], [136.806429, 36.944061], [136.805706, 36.945007], [136.805673, 36.945217], [136.805965, 36.945282], [136.805898, 36.945755], [136.806316, 36.945615], [136.807582, 36.944609], [136.807654, 36.944669], [136.807443, 36.944927], [136.807191, 36.94519], [136.806753, 36.945368], [136.806296, 36.945846], [136.805328, 36.945991], [136.80505, 36.946325], [136.805149, 36.946583], [136.80558, 36.946507], [136.805865, 36.946814], [136.805951, 36.947588], [136.805858, 36.947761], [136.805381, 36.947314], [136.805567, 36.947196], [136.805236, 36.947083], [136.805203, 36.946841], [136.804706, 36.947158], [136.804235, 36.946814], [136.8033, 36.947766], [136.803201, 36.948126], [136.803493, 36.948674], [136.803619, 36.949954], [136.804566, 36.950626], [136.804878, 36.950901], [136.805083, 36.951336], [136.805242, 36.951352], [136.805607, 36.950874], [136.805222, 36.949836], [136.804785, 36.949223], [136.804898, 36.948992], [136.805686, 36.950207], [136.805832, 36.950664], [136.805825, 36.951035], [136.805302, 36.951535], [136.805368, 36.951863], [136.805567, 36.952116], [136.806243, 36.952369], [136.807946, 36.952793], [136.808006, 36.953519], [136.807489, 36.953465], [136.80731, 36.952987], [136.805858, 36.952675], [136.805858, 36.952471], [136.805381, 36.952256], [136.804354, 36.950734], [136.80332, 36.950056], [136.803174, 36.949411], [136.803035, 36.949363], [136.803108, 36.949244], [136.802923, 36.949185], [136.802624, 36.948266], [136.802266, 36.947857], [136.801849, 36.948083], [136.802034, 36.948492], [136.801696, 36.948599], [136.801405, 36.948207], [136.800484, 36.947916], [136.800404, 36.947749], [136.799987, 36.947631], [136.799722, 36.947755], [136.799324, 36.947637], [136.797946, 36.9464], [136.797369, 36.946185], [136.797581, 36.94583], [136.797548, 36.945696], [136.797303, 36.945615], [136.796852, 36.945625], [136.796031, 36.9459], [136.796004, 36.94619], [136.796567, 36.946319], [136.796892, 36.946652], [136.796866, 36.946739], [136.796209, 36.946539], [136.796084, 36.946357], [136.795865, 36.946443], [136.795878, 36.946615], [136.797051, 36.946959], [136.797117, 36.947072], [136.796866, 36.947325], [136.796454, 36.94719], [136.795931, 36.94747], [136.79611, 36.947964], [136.796375, 36.948088], [136.797349, 36.948152], [136.797436, 36.947922], [136.797336, 36.947459], [136.797436, 36.947384], [136.797926, 36.948572], [136.798436, 36.948911], [136.798489, 36.948083], [136.79888, 36.947556], [136.798993, 36.947782], [136.798648, 36.948266], [136.798741, 36.948948], [136.799052, 36.948685], [136.799384, 36.947819], [136.799516, 36.947959], [136.798774, 36.949422], [136.799291, 36.949368], [136.799649, 36.94954], [136.800159, 36.949319], [136.800345, 36.949018], [136.800378, 36.948546], [136.800743, 36.948379], [136.800815, 36.948465], [136.800504, 36.948583], [136.800517, 36.9489], [136.800192, 36.949416], [136.800199, 36.949717], [136.800312, 36.949809], [136.800868, 36.949761], [136.800875, 36.949889], [136.800331, 36.949873], [136.800848, 36.95025], [136.800756, 36.950347], [136.799536, 36.949604], [136.798701, 36.949932], [136.798622, 36.950583], [136.798913, 36.951261], [136.798721, 36.951739], [136.79835, 36.951653], [136.798489, 36.949976], [136.798204, 36.949432], [136.798297, 36.949137], [136.798092, 36.948932], [136.797144, 36.948518], [136.796309, 36.948416], [136.796534, 36.950029], [136.797151, 36.950696], [136.797018, 36.950906], [136.797548, 36.951513], [136.797541, 36.951686], [136.797117, 36.951825], [136.796978, 36.95139], [136.796004, 36.949911], [136.795679, 36.948567], [136.795918, 36.9484], [136.795209, 36.947609], [136.794811, 36.946056], [136.794506, 36.945959], [136.794129, 36.946174], [136.794228, 36.946663], [136.795414, 36.949013], [136.795931, 36.95061], [136.796574, 36.951664], [136.796684, 36.952418], [136.796302, 36.953723], [136.796408, 36.954594], [136.796322, 36.95546], [136.795069, 36.957412], [136.794884, 36.957836], [136.79497, 36.958213], [136.795427, 36.958536], [136.797442, 36.959289], [136.797985, 36.960471], [136.799099, 36.960219], [136.799363, 36.960283], [136.799456, 36.96052], [136.800431, 36.961208], [136.801252, 36.962369], [136.802399, 36.962843], [136.802419, 36.963332], [136.801351, 36.963639], [136.80102, 36.963859], [136.800908, 36.964106], [136.800967, 36.964515], [136.800728, 36.964805], [136.799277, 36.964918], [136.798237, 36.965773], [136.797574, 36.965714], [136.796699, 36.964725], [136.796441, 36.964687], [136.795394, 36.965327], [136.794559, 36.966139], [136.794088, 36.966182], [136.793584, 36.965838], [136.793366, 36.96587], [136.792657, 36.966596], [136.791749, 36.967047], [136.791417, 36.967472], [136.790721, 36.967268], [136.789893, 36.966827], [136.789621, 36.966306], [136.788846, 36.966133], [136.789376, 36.96537], [136.789787, 36.965219], [136.789967, 36.96472], [136.789847, 36.964519], [136.789085, 36.964176], [136.789301, 36.963847], [136.789103, 36.962435], [136.789503, 36.960501], [136.790137, 36.959822], [136.790835, 36.958246], [136.791175, 36.957899], [136.792641, 36.957713], [136.794267, 36.957881], [136.79451, 36.956297], [136.795218, 36.955612], [136.795553, 36.954981], [136.795719, 36.953431], [136.796261, 36.952353], [136.796178, 36.95191], [136.795062, 36.950576], [136.794763, 36.948544], [136.794221, 36.947374], [136.793762, 36.947012], [136.793642, 36.945939], [136.792476, 36.946178], [136.791029, 36.946178], [136.79, 36.947038], [136.789733, 36.947993], [136.789173, 36.948201], [136.788259, 36.948264], [136.787629, 36.948738], [136.786651, 36.949085], [136.786582, 36.950177], [136.785383, 36.952011], [136.783941, 36.953635], [136.783362, 36.955134], [136.782411, 36.955607], [136.782227, 36.957023], [136.782645, 36.957336], [136.783123, 36.95803], [136.783224, 36.959427], [136.782534, 36.959718], [136.781854, 36.960187], [136.781588, 36.960687], [136.781698, 36.961194], [136.78145, 36.961466], [136.781289, 36.961947], [136.780876, 36.962376], [136.7797, 36.962774], [136.778051, 36.963956], [136.777757, 36.964485], [136.777486, 36.964656], [136.768444, 36.963677], [136.767409, 36.959858], [136.766231, 36.956872], [136.765249, 36.955278], [136.764436, 36.954394], [136.763573, 36.953172], [136.760943, 36.951342], [136.759876, 36.950897], [136.759596, 36.950919], [136.7592, 36.951292], [136.759183, 36.950994], [136.758557, 36.951217], [136.758057, 36.95119], [136.757896, 36.951278], [136.758126, 36.951483], [136.756662, 36.951856], [136.756593, 36.951669], [136.756082, 36.951832], [136.756168, 36.952023], [136.75599, 36.952065], [136.755766, 36.951529], [136.756161, 36.950377], [136.757458, 36.950251], [136.758866, 36.950418], [136.759231, 36.950232], [136.759947, 36.949562], [136.760634, 36.948283], [136.761343, 36.947303], [136.761693, 36.946092], [136.761974, 36.945602], [136.762058, 36.944859], [136.761827, 36.943929], [136.761364, 36.943479], [136.759991, 36.942541], [136.759761, 36.94214], [136.759371, 36.941945], [136.757963, 36.94], [136.757816, 36.940004], [136.756871, 36.939034], [136.756388, 36.938735], [136.756204, 36.938427], [136.755761, 36.93826], [136.754409, 36.936746], [136.753413, 36.9359], [136.752564, 36.93545], [136.751416, 36.93447], [136.75084, 36.934165], [136.750708, 36.933845], [136.750148, 36.933455], [136.750089, 36.933152], [136.749798, 36.93299], [136.749378, 36.932189], [136.749366, 36.931909], [136.749205, 36.931807], [136.749282, 36.931654], [136.749096, 36.9314], [136.749161, 36.93115], [136.748807, 36.930043], [136.748909, 36.929799], [136.74876, 36.928872], [136.748858, 36.927886], [136.749138, 36.927541], [136.749334, 36.926801], [136.750167, 36.925728], [136.750493, 36.92559], [136.750748, 36.925221], [136.751494, 36.92507], [136.751533, 36.924769], [136.751762, 36.924824], [136.751755, 36.924585], [136.75204, 36.924587], [136.75218, 36.924281], [136.752366, 36.924375], [136.752492, 36.924065], [136.752702, 36.924154], [136.752807, 36.923926], [136.753057, 36.924], [136.753187, 36.923743], [136.753464, 36.923718], [136.755515, 36.924008], [136.757008, 36.924014], [136.757001, 36.924511], [136.757906, 36.924551], [136.757901, 36.923567], [136.757465, 36.923563], [136.756618, 36.923312], [136.756613, 36.923224], [136.756916, 36.923234], [136.756916, 36.922912], [136.756683, 36.922899], [136.756735, 36.921289], [136.75742, 36.921447], [136.759069, 36.923457], [136.759794, 36.923479], [136.761225, 36.922905], [136.762235, 36.922285], [136.762634, 36.921744], [136.762361, 36.921097], [136.762516, 36.920956], [136.762866, 36.921057], [136.763526, 36.921024], [136.763834, 36.920776], [136.763841, 36.920235], [136.764009, 36.920049], [136.764753, 36.920027], [136.765343, 36.919745], [136.76627, 36.91773], [136.767027, 36.914658], [136.767299, 36.912765], [136.767332, 36.906239], [136.767498, 36.905781], [136.767487, 36.904283], [136.766907, 36.902855], [136.76681, 36.90064], [136.765701, 36.894488], [136.763486, 36.885427], [136.761604, 36.878395], [136.758044, 36.866108], [136.767525, 36.866064], [136.768987, 36.866266], [136.770791, 36.866291], [136.773241, 36.866096], [136.776281, 36.866651], [136.77744, 36.866588], [136.778249, 36.866254], [136.781204, 36.865862], [136.782129, 36.865465], [136.782284, 36.865339], [136.782347, 36.864998], [136.784478, 36.864771], [136.785496, 36.867667], [136.784159, 36.869459], [136.783541, 36.872967], [136.78499, 36.873144], [136.785752, 36.873409], [136.785869, 36.874002], [136.786343, 36.874084], [136.786297, 36.874487], [136.787712, 36.874386], [136.788917, 36.873838], [136.790823, 36.873806], [136.790877, 36.875453], [136.791693, 36.878336], [136.79104, 36.878494], [136.791048, 36.879295], [136.791452, 36.880942], [136.790426, 36.881245], [136.790161, 36.882336], [136.792043, 36.882097], [136.792074, 36.882526], [136.793341, 36.88269], [136.793995, 36.883914], [136.793715, 36.884078], [136.794243, 36.885081], [136.794601, 36.885005], [136.79534, 36.886274], [136.795736, 36.886223], [136.796179, 36.886551], [136.796467, 36.886967], [136.796654, 36.887542], [136.796825, 36.889441], [136.796965, 36.889668], [136.797579, 36.890236], [136.797813, 36.890722], [136.798567, 36.891189], [136.799189, 36.891201], [136.802136, 36.890217], [136.800939, 36.887573], [136.801499, 36.887416], [136.803178, 36.88787], [136.803933, 36.887548], [136.805122, 36.887492], [136.806778, 36.887529], [136.806778, 36.887681], [136.810239, 36.887674], [136.814236, 36.887908], [136.814601, 36.888356], [136.816514, 36.888943], [136.817354, 36.888804], [136.818948, 36.888786], [136.819205, 36.888255], [136.819742, 36.888097], [136.820597, 36.887164], [136.82132, 36.886924], [136.821787, 36.886886], [136.82314, 36.887189], [136.823614, 36.887492], [136.825099, 36.887063], [136.825588, 36.887166], [136.826188, 36.887626], [136.826681, 36.887563], [136.827347, 36.886836], [136.827028, 36.886533], [136.827145, 36.885454], [136.828521, 36.884735], [136.828894, 36.88411], [136.828949, 36.883864], [136.828716, 36.882968], [136.828848, 36.882546], [136.828731, 36.881997], [136.828817, 36.881486], [136.829602, 36.881044], [136.830046, 36.879984], [136.830427, 36.87965], [136.831593, 36.879233], [136.831943, 36.878571], [136.832044, 36.877744], [136.833156, 36.877221], [136.834323, 36.876848], [136.834074, 36.875422], [136.833436, 36.874268], [136.832939, 36.873845], [136.832705, 36.873208], [136.832985, 36.872829], [136.833856, 36.872217], [136.834611, 36.871126], [136.835049, 36.871566], [136.835645, 36.87117], [136.836096, 36.871101], [136.837791, 36.871448], [136.839805, 36.871031], [136.842263, 36.871845], [136.8429, 36.871883], [136.844331, 36.871618], [136.846345, 36.872754], [136.847087, 36.873064], [136.847675, 36.873164], [136.850886, 36.872685], [136.852613, 36.872924], [136.8543, 36.873612], [136.854666, 36.873562], [136.85556, 36.873164], [136.85661, 36.873486], [136.857232, 36.873549], [136.857519, 36.873442], [136.857691, 36.873063], [136.857224, 36.872149], [136.858134, 36.872003], [136.858274, 36.870155], [136.858904, 36.870085], [136.859472, 36.869833], [136.859904, 36.868822], [136.860624, 36.868965], [136.861338, 36.869316], [136.861556, 36.86989], [136.862442, 36.870584], [136.862839, 36.870748], [136.864689, 36.870634], [136.864899, 36.870679], [136.865164, 36.87119], [136.866268, 36.870944], [136.86703, 36.871026], [136.86752, 36.870906], [136.868259, 36.870962], [136.868865, 36.870735], [136.869651, 36.870237], [136.870382, 36.870338], [136.871354, 36.86989], [136.871564, 36.869511], [136.872331, 36.868925], [136.873392, 36.867652], [136.873587, 36.867769], [136.87513, 36.867494], [136.87569, 36.867528], [136.876106, 36.867721], [136.877344, 36.868588], [136.877929, 36.869352], [136.878277, 36.870494], [136.879066, 36.871396], [136.879897, 36.872084], [136.88055, 36.873887], [136.880762, 36.874204], [136.881381, 36.874631], [136.882009, 36.875732], [136.882586, 36.876124], [136.883027, 36.876826], [136.883052, 36.877129], [136.882619, 36.878367], [136.882525, 36.879536], [136.882085, 36.880865], [136.882238, 36.881622], [136.882068, 36.882139], [136.883128, 36.882875], [136.883527, 36.884017], [136.885427, 36.884919], [136.885604, 36.885194], [136.885291, 36.885937], [136.883009, 36.886811], [136.882339, 36.887348], [136.880991, 36.8888], [136.880838, 36.889192], [136.880795, 36.890459], [136.880575, 36.890995], [136.880295, 36.891332], [136.879404, 36.891828], [136.879006, 36.892736], [136.879124, 36.893954], [136.878912, 36.895337], [136.878989, 36.895977], [136.878488, 36.896721], [136.878437, 36.897106], [136.878615, 36.897946], [136.878064, 36.898572], [136.877877, 36.898992], [136.877869, 36.899501], [136.878327, 36.901228], [136.878632, 36.901724], [136.878674, 36.902955], [136.879133, 36.904146], [136.878971, 36.906272], [136.879387, 36.906713], [136.880065, 36.906926], [136.881482, 36.907752], [136.882288, 36.908764], [136.882737, 36.90895], [136.883314, 36.910367], [136.884162, 36.911434], [136.885053, 36.91195], [136.885426, 36.912631], [136.885477, 36.913374], [136.885663, 36.913787], [136.885179, 36.914114], [136.883583, 36.914381], [136.882988, 36.914041], [136.882189, 36.91384], [136.881756, 36.913847], [136.881101, 36.913612], [136.880577, 36.913676], [136.880167, 36.913446], [136.879665, 36.913423], [136.879163, 36.913176], [136.878646, 36.913159], [136.877861, 36.913549], [136.877058, 36.914404], [136.876776, 36.914777], [136.876549, 36.915598], [136.876966, 36.918008], [136.876889, 36.919081], [136.87739, 36.92024], [136.877333, 36.920742], [136.877031, 36.92121], [136.876994, 36.921537], [136.876546, 36.922228], [136.875355, 36.923469], [136.874815, 36.924382], [136.874183, 36.926477], [136.873506, 36.927926], [136.872855, 36.928283], [136.872007, 36.928297], [136.870731, 36.929305], [136.870015, 36.930143], [136.869462, 36.93057], [136.869057, 36.93155], [136.866858, 36.932365], [136.866798, 36.932764], [136.867047, 36.934226], [136.865388, 36.936343], [136.864936, 36.936349], [136.864949, 36.936682], [136.864241, 36.936754], [136.864126, 36.936316], [136.85722, 36.937076], [136.857206, 36.937963], [136.856303, 36.937952], [136.855251, 36.93828], [136.853423, 36.938182], [136.852694, 36.938619], [136.8526, 36.938784], [136.852701, 36.938904], [136.853625, 36.938981], [136.853618, 36.939194], [136.85322, 36.939112], [136.853294, 36.939314], [136.852957, 36.939331], [136.852957, 36.93955], [136.85463, 36.939517], [136.854967, 36.94089], [136.853551, 36.941213], [136.853517, 36.940983], [136.853186, 36.940951], [136.853133, 36.940595], [136.854009, 36.940387], [136.853976, 36.940152], [136.852944, 36.940157], [136.85293, 36.940354], [136.852546, 36.940349], [136.85237, 36.941295], [136.852418, 36.942548], [136.852519, 36.942691], [136.852816, 36.942729], [136.85289, 36.942937], [136.853315, 36.942838], [136.853558, 36.943161], [136.855028, 36.942866], [136.854684, 36.944579], [136.854913, 36.944617], [136.854771, 36.945395], [136.85467, 36.945941], [136.854394, 36.946335], [136.855763, 36.946839], [136.854738, 36.948026], [136.848937, 36.944682], [136.848391, 36.945301], [136.847042, 36.944097], [136.846772, 36.944288], [136.845808, 36.943407], [136.845322, 36.943774], [136.845059, 36.943479], [136.843649, 36.942641], [136.843103, 36.943287], [136.842247, 36.942827], [136.84255, 36.942433], [136.84164, 36.941919], [136.84197, 36.941514], [136.841134, 36.941065], [136.840776, 36.941448], [136.840743, 36.941826], [136.840412, 36.942242], [136.840311, 36.942302], [136.839589, 36.942034], [136.839481, 36.942127], [136.839239, 36.942039], [136.838679, 36.942701], [136.836359, 36.942313], [136.834754, 36.941935], [136.834342, 36.941727], [136.8336, 36.941125], [136.833034, 36.940348], [136.832818, 36.940682], [136.832474, 36.940452], [136.832359, 36.9406], [136.832103, 36.940479], [136.832643, 36.939834], [136.832238, 36.939363], [136.830734, 36.938362], [136.830336, 36.937918], [136.826222, 36.934919], [136.826134, 36.934635], [136.826579, 36.934131], [136.825858, 36.933513], [136.825838, 36.933053], [136.825001, 36.932725], [136.822829, 36.935959], [136.823173, 36.936227], [136.826141, 36.937437], [136.82581, 36.937831], [136.826046, 36.938006], [136.826026, 36.938372], [136.826505, 36.938597], [136.82635, 36.939297], [136.826964, 36.939494], [136.826923, 36.939122], [136.827476, 36.939095], [136.828616, 36.939658], [136.828784, 36.939943], [136.827402, 36.942203], [136.829061, 36.942936], [136.827624, 36.945787], [136.826296, 36.94704], [136.825526, 36.949076]]], [[[136.810482, 36.955471], [136.810876, 36.955356], [136.811288, 36.954822], [136.811282, 36.954497], [136.811662, 36.954372], [136.811927, 36.953912], [136.81203, 36.954042], [136.81174, 36.954471], [136.811914, 36.954775], [136.811798, 36.955047], [136.81203, 36.955173], [136.812914, 36.954974], [136.814913, 36.954974], [136.815448, 36.955225], [136.8159, 36.955256], [136.8159, 36.955644], [136.816139, 36.955502], [136.816409, 36.95556], [136.816713, 36.955152], [136.816977, 36.955215], [136.817235, 36.955058], [136.817544, 36.955173], [136.817809, 36.954906], [136.818383, 36.954681], [136.818403, 36.954827], [136.818131, 36.955089], [136.817938, 36.955052], [136.817641, 36.955288], [136.816835, 36.955398], [136.816113, 36.9559], [136.816203, 36.956146], [136.816087, 36.956167], [136.815771, 36.955827], [136.814797, 36.955759], [136.812953, 36.955272], [136.811966, 36.955466], [136.81174, 36.955246], [136.811694, 36.95544], [136.811075, 36.955513], [136.810663, 36.955759], [136.810482, 36.955471]]], [[[136.800386, 36.955776], [136.801167, 36.955395], [136.802283, 36.955061], [136.802694, 36.954802], [136.802468, 36.953883], [136.802636, 36.953747], [136.802946, 36.954503], [136.802904, 36.954898], [136.80188, 36.955599], [136.802283, 36.956117], [136.80214, 36.956164], [136.801829, 36.956007], [136.801712, 36.956096], [136.80146, 36.955987], [136.801217, 36.956035], [136.800386, 36.955776]]], [[[136.806709, 36.950259], [136.806948, 36.950003], [136.80698, 36.949663], [136.807283, 36.949778], [136.807554, 36.949558], [136.807593, 36.949265], [136.807786, 36.949234], [136.808018, 36.948967], [136.808283, 36.947847], [136.809005, 36.947229], [136.809457, 36.945911], [136.809541, 36.945864], [136.809734, 36.946026], [136.809612, 36.946277], [136.809805, 36.946298], [136.809799, 36.946461], [136.809392, 36.947392], [136.809534, 36.947507], [136.80987, 36.947522], [136.809728, 36.947727], [136.809012, 36.948119], [136.808844, 36.948103], [136.80876, 36.948297], [136.808515, 36.948391], [136.808225, 36.949166], [136.807419, 36.950322], [136.807767, 36.951075], [136.808276, 36.951264], [136.808857, 36.951939], [136.808909, 36.952253], [136.809457, 36.952965], [136.810108, 36.953477], [136.809882, 36.954137], [136.809974, 36.954551], [136.809687, 36.954899], [136.809228, 36.954639], [136.809508, 36.954555], [136.809747, 36.953592], [136.809083, 36.952991], [136.809076, 36.952797], [136.808451, 36.952044], [136.807077, 36.95106], [136.806709, 36.950259]]], [[[136.812993, 36.953606], [136.814095, 36.953304], [136.814134, 36.953065], [136.814396, 36.952805], [136.814166, 36.952738], [136.814352, 36.952473], [136.814128, 36.952254], [136.814454, 36.952405], [136.814787, 36.952811], [136.814441, 36.953179], [136.814281, 36.953673], [136.813692, 36.953725], [136.813608, 36.953902], [136.813314, 36.953886], [136.812993, 36.953606]]], [[[136.754715, 36.951803], [136.754817, 36.951786], [136.754798, 36.951993], [136.754715, 36.951803]]], [[[136.755481, 36.95191], [136.755541, 36.951871], [136.755588, 36.951931], [136.755481, 36.95191]]], [[[136.754448, 36.951681], [136.754505, 36.951606], [136.754502, 36.951703], [136.754448, 36.951681]]], [[[136.75553, 36.951419], [136.755641, 36.951372], [136.755739, 36.951608], [136.75553, 36.951419]]], [[[136.754955, 36.951581], [136.755058, 36.95137], [136.755154, 36.951563], [136.754955, 36.951581]]], [[[136.755291, 36.951342], [136.755403, 36.951299], [136.755449, 36.951344], [136.755291, 36.951342]]], [[[136.75458, 36.951295], [136.754631, 36.951268], [136.754658, 36.951321], [136.75458, 36.951295]]], [[[136.754264, 36.951071], [136.754459, 36.951073], [136.754387, 36.951221], [136.754264, 36.951071]]], [[[136.754993, 36.951179], [136.755087, 36.951105], [136.755111, 36.951204], [136.754993, 36.951179]]], [[[136.754471, 36.951026], [136.754498, 36.950839], [136.754683, 36.950815], [136.754931, 36.951127], [136.754672, 36.951176], [136.754471, 36.951026]]], [[[136.753193, 36.950737], [136.753294, 36.950806], [136.753216, 36.950826], [136.753193, 36.950737]]], [[[136.754711, 36.950727], [136.754822, 36.950691], [136.75475, 36.950785], [136.754711, 36.950727]]], [[[136.754165, 36.950704], [136.754431, 36.950595], [136.754333, 36.950752], [136.754165, 36.950704]]], [[[136.753535, 36.950483], [136.753708, 36.950375], [136.753626, 36.950605], [136.753535, 36.950483]]], [[[136.753835, 36.950436], [136.753973, 36.950268], [136.754097, 36.950317], [136.753946, 36.950557], [136.753835, 36.950436]]], [[[136.752307, 36.950497], [136.752418, 36.950463], [136.752397, 36.95053], [136.752307, 36.950497]]], [[[136.753156, 36.950295], [136.753261, 36.950204], [136.753273, 36.95031], [136.753156, 36.950295]]]]}}, {"type": "Feature", "properties": {"pref_code": "17", "pref_name": "石川県", "municipality_code": "17209", "municipality_name": "かほく市", "ward_name": "", "display_name": "かほく市", "geometry_key": "17209"}, "geometry": {"type": "Polygon", "coordinates": [[[136.816611, 36.767497], [136.816403, 36.767431], [136.815267, 36.768841], [136.814004, 36.769237], [136.812659, 36.769963], [136.812564, 36.770318], [136.811834, 36.771275], [136.810819, 36.771594], [136.810267, 36.772057], [136.809734, 36.772809], [136.807545, 36.772165], [136.80731, 36.772803], [136.806428, 36.773323], [136.806168, 36.774111], [136.805077, 36.774574], [136.803635, 36.774586], [136.80337, 36.773992], [136.803516, 36.773431], [136.803294, 36.772834], [136.802508, 36.773117], [136.80068, 36.773086], [136.799931, 36.77339], [136.799318, 36.773356], [136.794506, 36.773863], [136.793764, 36.77412], [136.789672, 36.774835], [136.789107, 36.775334], [136.78919, 36.775911], [136.789697, 36.776348], [136.79075, 36.776698], [136.790877, 36.776878], [136.790331, 36.777269], [136.790401, 36.77869], [136.790173, 36.779158], [136.789634, 36.779467], [136.788853, 36.779554], [136.787001, 36.77941], [136.786321, 36.779214], [136.784837, 36.778138], [136.78195, 36.779332], [136.781494, 36.779332], [136.781119, 36.779641], [136.780491, 36.78064], [136.77992, 36.782734], [136.779476, 36.783424], [136.779317, 36.784057], [136.77945, 36.785478], [136.778632, 36.785931], [136.778086, 36.786018], [136.776779, 36.786811], [136.772611, 36.78732], [136.771507, 36.78679], [136.771209, 36.786383], [136.769261, 36.786121], [136.768062, 36.786532], [136.767542, 36.786584], [136.76666, 36.786409], [136.765537, 36.785987], [136.764496, 36.786409], [136.763431, 36.78627], [136.761978, 36.786455], [136.761292, 36.786126], [136.760734, 36.786094], [136.758875, 36.785374], [136.758857, 36.78525], [136.75946, 36.784796], [136.759262, 36.784705], [136.757352, 36.784232], [136.755722, 36.784051], [136.755817, 36.783506], [136.754973, 36.783197], [136.75451, 36.783949], [136.753812, 36.783974], [136.753088, 36.784273], [136.752308, 36.784154], [136.749846, 36.784865], [136.749567, 36.784525], [136.748831, 36.784566], [136.748508, 36.785184], [136.748, 36.78576], [136.748825, 36.786491], [136.74904, 36.786892], [136.749358, 36.790418], [136.748609, 36.791705], [136.745649, 36.791899], [136.744135, 36.79188], [136.74191, 36.792141], [136.741528, 36.791803], [136.741209, 36.791814], [136.74105, 36.791555], [136.740063, 36.791452], [136.739425, 36.79092], [136.736508, 36.790205], [136.733938, 36.789339], [136.732264, 36.78933], [136.729247, 36.788874], [136.727997, 36.788949], [136.724333, 36.789846], [136.722603, 36.787619], [136.720375, 36.783328], [136.719813, 36.782743], [136.719654, 36.782074], [136.718773, 36.780819], [136.718498, 36.780015], [136.71781, 36.778894], [136.717221, 36.777483], [136.716913, 36.777363], [136.715923, 36.775947], [136.715279, 36.774594], [136.712219, 36.769642], [136.712196, 36.769129], [136.7127, 36.769207], [136.713025, 36.768781], [136.712541, 36.768995], [136.712018, 36.768928], [136.711074, 36.767584], [136.710386, 36.766495], [136.710028, 36.765409], [136.708928, 36.763494], [136.708207, 36.762547], [136.708174, 36.762181], [136.707761, 36.761654], [136.706303, 36.758931], [136.704949, 36.756774], [136.704129, 36.755764], [136.703336, 36.754027], [136.701612, 36.751714], [136.700011, 36.748723], [136.699074, 36.747377], [136.69885, 36.746589], [136.698354, 36.745609], [136.697787, 36.744927], [136.697207, 36.743733], [136.696256, 36.74255], [136.694186, 36.738816], [136.693424, 36.737993], [136.692942, 36.736912], [136.691397, 36.734541], [136.689956, 36.73289], [136.688579, 36.730119], [136.686244, 36.727179], [136.685649, 36.725619], [136.684034, 36.723472], [136.683818, 36.722695], [136.681967, 36.720203], [136.681373, 36.719658], [136.680994, 36.718561], [136.680404, 36.717543], [136.679098, 36.715739], [136.677981, 36.714569], [136.677433, 36.713219], [136.675538, 36.710352], [136.6741, 36.708586], [136.673498, 36.707195], [136.672216, 36.705793], [136.671826, 36.704912], [136.671149, 36.703948], [136.670891, 36.703175], [136.669684, 36.701963], [136.669313, 36.701079], [136.675523, 36.698117], [136.681511, 36.695875], [136.685296, 36.695406], [136.68705, 36.694495], [136.681996, 36.688462], [136.692969, 36.682273], [136.694857, 36.684488], [136.695037, 36.685021], [136.695693, 36.694682], [136.700578, 36.694188], [136.700996, 36.699429], [136.705766, 36.699452], [136.706213, 36.694791], [136.706649, 36.694791], [136.706829, 36.694848], [136.706869, 36.699462], [136.710285, 36.699528], [136.710854, 36.699731], [136.711133, 36.699636], [136.719742, 36.700589], [136.720057, 36.70081], [136.721068, 36.700762], [136.721544, 36.700846], [136.721398, 36.70164], [136.721516, 36.701874], [136.722792, 36.7018], [136.723303, 36.702059], [136.724564, 36.702206], [136.72477, 36.701437], [136.724064, 36.700674], [136.724558, 36.700193], [136.724176, 36.699506], [136.724039, 36.699464], [136.723704, 36.699642], [136.722996, 36.700278], [136.722079, 36.700624], [136.721883, 36.700271], [136.722054, 36.699821], [136.72177, 36.698383], [136.724488, 36.698063], [136.725416, 36.698217], [136.725371, 36.699434], [136.725685, 36.69959], [136.726292, 36.699611], [136.728317, 36.699246], [136.72972, 36.699154], [136.729842, 36.700396], [136.730832, 36.700754], [136.731617, 36.701394], [136.732412, 36.700933], [136.733328, 36.700729], [136.733829, 36.700829], [136.735055, 36.701428], [136.734362, 36.702682], [136.735076, 36.702619], [136.735247, 36.702849], [136.735346, 36.704435], [136.735154, 36.70526], [136.735523, 36.705607], [136.736363, 36.705944], [136.735877, 36.706706], [136.736019, 36.706866], [136.736199, 36.706844], [136.736507, 36.706245], [136.737065, 36.705637], [136.737423, 36.705701], [136.738058, 36.706367], [136.738105, 36.70698], [136.737535, 36.707655], [136.737454, 36.707923], [136.737512, 36.708337], [136.738238, 36.70911], [136.738309, 36.709863], [136.738645, 36.710119], [136.739551, 36.710383], [136.740568, 36.711], [136.741521, 36.71017], [136.741901, 36.710076], [136.742195, 36.710147], [136.74237, 36.710351], [136.741805, 36.711707], [136.742125, 36.712117], [136.742241, 36.712565], [136.742647, 36.712164], [136.743734, 36.711571], [136.74396, 36.711651], [136.744222, 36.711967], [136.744359, 36.713011], [136.744222, 36.713342], [136.743517, 36.714], [136.743792, 36.714078], [136.744251, 36.713677], [136.744491, 36.713559], [136.744686, 36.713602], [136.744965, 36.714144], [136.745031, 36.715422], [136.745343, 36.716199], [136.74507, 36.716666], [136.742359, 36.716722], [136.742217, 36.716887], [136.742229, 36.717462], [136.742409, 36.718249], [136.744446, 36.719416], [136.746295, 36.719846], [136.748814, 36.721789], [136.750005, 36.721405], [136.750517, 36.721764], [136.750806, 36.722268], [136.751827, 36.722496], [136.752265, 36.722727], [136.752747, 36.723462], [136.752017, 36.723635], [136.751778, 36.723874], [136.75096, 36.724193], [136.750923, 36.724343], [136.751064, 36.724383], [136.752626, 36.723854], [136.752813, 36.723894], [136.753094, 36.724194], [136.753647, 36.725496], [136.753561, 36.725716], [136.753186, 36.725785], [136.752657, 36.726144], [136.751796, 36.726487], [136.751661, 36.726613], [136.751759, 36.726818], [136.752073, 36.726818], [136.753253, 36.726339], [136.753629, 36.725955], [136.754071, 36.725941], [136.754559, 36.726173], [136.754766, 36.726489], [136.754557, 36.727072], [136.754317, 36.727312], [136.753327, 36.727696], [136.753183, 36.727931], [136.753918, 36.727738], [136.754087, 36.728], [136.754735, 36.727157], [136.755055, 36.727157], [136.755812, 36.728325], [136.756788, 36.72871], [136.757675, 36.729283], [136.757982, 36.729757], [136.758523, 36.731233], [136.758955, 36.731462], [136.759962, 36.732915], [136.760074, 36.734175], [136.760561, 36.734597], [136.760567, 36.73482], [136.761589, 36.734751], [136.76201, 36.735262], [136.762661, 36.735248], [136.762681, 36.736103], [136.762903, 36.736226], [136.763227, 36.736041], [136.7633, 36.73644], [136.763879, 36.735833], [136.764632, 36.7355], [136.765149, 36.736051], [136.765622, 36.736922], [136.76627, 36.737024], [136.766215, 36.738128], [136.766859, 36.738401], [136.767246, 36.738217], [136.767721, 36.739272], [136.768245, 36.739376], [136.768245, 36.739635], [136.767793, 36.739813], [136.76799, 36.740414], [136.767691, 36.74068], [136.767086, 36.740542], [136.766142, 36.739317], [136.765312, 36.739553], [136.764273, 36.740141], [136.763774, 36.741082], [136.763364, 36.741515], [136.762729, 36.741567], [136.762168, 36.741433], [136.761944, 36.741535], [136.761019, 36.742148], [136.760882, 36.742662], [136.760964, 36.742822], [136.761343, 36.742907], [136.761835, 36.743236], [136.761881, 36.743428], [136.76163, 36.744835], [136.761233, 36.74559], [136.761562, 36.746834], [136.761046, 36.748048], [136.761247, 36.748244], [136.761589, 36.748318], [136.762846, 36.748291], [136.763478, 36.748418], [136.764267, 36.749051], [136.764299, 36.749562], [136.764071, 36.750398], [136.763491, 36.750369], [136.763186, 36.750561], [136.763081, 36.750898], [136.763409, 36.751879], [136.763601, 36.75357], [136.764588, 36.754128], [136.766652, 36.754014], [136.766851, 36.755259], [136.7678, 36.756043], [136.768639, 36.757264], [136.768685, 36.75824], [136.770346, 36.758456], [136.770809, 36.759161], [136.770948, 36.759165], [136.771266, 36.758902], [136.771509, 36.757776], [136.772696, 36.757475], [136.772783, 36.757311], [136.772459, 36.756949], [136.772962, 36.756241], [136.77339, 36.756212], [136.775121, 36.756898], [136.775428, 36.756922], [136.77563, 36.756771], [136.775751, 36.756292], [136.776029, 36.756156], [136.777001, 36.75633], [136.777412, 36.756109], [136.778043, 36.755992], [136.77872, 36.756138], [136.779189, 36.755598], [136.778962, 36.755189], [136.782794, 36.754269], [136.783251, 36.75488], [136.784369, 36.755654], [136.785271, 36.756011], [136.786301, 36.756776], [136.787019, 36.757105], [136.78765, 36.757837], [136.788049, 36.758021], [136.78879, 36.758086], [136.790086, 36.75872], [136.790943, 36.759542], [136.792134, 36.759931], [136.792546, 36.760213], [136.793564, 36.760607], [136.795543, 36.760344], [136.795966, 36.760748], [136.798228, 36.761209], [136.798911, 36.761622], [136.800028, 36.761899], [136.800833, 36.762795], [136.80184, 36.763072], [136.802349, 36.763457], [136.803281, 36.763199], [136.803639, 36.764105], [136.80357, 36.765049], [136.804126, 36.765532], [136.804496, 36.766096], [136.805074, 36.76596], [136.806423, 36.765227], [136.807355, 36.764035], [136.808223, 36.763411], [136.808813, 36.763434], [136.80938, 36.763608], [136.81026, 36.764782], [136.812476, 36.763702], [136.812887, 36.764265], [136.813507, 36.764519], [136.814855, 36.764702], [136.815839, 36.765111], [136.816683, 36.76504], [136.816851, 36.765787], [136.817311, 36.766494], [136.817149, 36.766994], [136.816611, 36.767497]]]}}, {"type": "Feature", "properties": {"pref_code": "17", "pref_name": "石川県", "municipality_code": "17210", "municipality_name": "白山市", "ward_name": "", "display_name": "白山市", "geometry_key": "17210"}, "geometry": {"type": "Polygon", "coordinates": [[[136.592255, 36.54515], [136.591874, 36.546328], [136.590933, 36.547473], [136.590871, 36.548351], [136.589695, 36.548371], [136.589671, 36.548829], [136.588302, 36.548794], [136.588392, 36.549859], [136.588147, 36.550283], [136.584712, 36.551615], [136.583973, 36.551631], [136.58387, 36.551459], [136.583554, 36.551371], [136.581842, 36.551142], [136.581451, 36.549581], [136.580487, 36.548576], [136.580134, 36.547859], [136.579974, 36.547027], [136.5798, 36.54695], [136.579795, 36.54808], [136.580143, 36.550039], [136.580007, 36.552302], [136.580548, 36.555975], [136.581028, 36.557135], [136.580905, 36.557254], [136.579028, 36.557364], [136.578317, 36.557651], [136.578289, 36.558047], [136.577804, 36.558128], [136.577875, 36.559365], [136.576873, 36.562793], [136.576736, 36.562862], [136.574845, 36.562155], [136.569608, 36.56196], [136.569453, 36.561804], [136.569476, 36.561365], [136.567575, 36.561365], [136.5675, 36.561937], [136.567655, 36.563044], [136.566531, 36.563357], [136.565669, 36.563846], [136.564248, 36.564274], [136.556908, 36.567827], [136.556001, 36.566844], [136.555045, 36.566128], [136.554459, 36.565368], [136.553022, 36.564348], [136.552652, 36.563588], [136.551933, 36.562985], [136.551703, 36.562365], [136.551173, 36.561594], [136.550552, 36.56107], [136.550021, 36.560817], [136.549512, 36.560011], [136.548682, 36.559588], [136.548619, 36.559115], [136.548284, 36.558619], [136.547335, 36.557899], [136.546505, 36.557577], [136.546546, 36.556992], [136.54626, 36.556423], [136.545295, 36.556237], [136.544991, 36.55606], [136.54477, 36.555326], [136.544082, 36.554892], [136.543943, 36.553888], [136.543172, 36.55303], [136.541346, 36.551249], [136.539753, 36.549981], [136.539024, 36.54921], [136.53889, 36.54889], [136.537688, 36.548056], [136.537336, 36.547289], [136.536439, 36.546802], [136.536305, 36.546297], [136.535858, 36.545748], [136.535053, 36.54529], [136.534768, 36.544507], [136.534074, 36.54426], [136.533977, 36.543505], [136.533538, 36.543133], [136.533451, 36.542467], [136.533658, 36.542242], [136.533356, 36.542288], [136.53249, 36.542122], [136.531909, 36.541596], [136.531322, 36.541676], [136.530984, 36.541329], [136.53104, 36.541016], [136.530799, 36.540766], [136.529447, 36.540456], [136.529341, 36.539469], [136.529028, 36.538796], [136.528494, 36.538268], [136.527061, 36.537411], [136.526678, 36.536436], [136.526348, 36.536147], [136.526521, 36.535461], [136.52601, 36.534855], [136.526102, 36.534091], [136.526256, 36.533931], [136.526019, 36.53397], [136.525956, 36.534573], [136.525817, 36.534717], [136.525851, 36.534438], [136.525642, 36.533981], [136.524882, 36.5337], [136.524477, 36.532748], [136.523535, 36.532382], [136.52343, 36.531841], [136.523186, 36.531486], [136.5223, 36.530923], [136.522035, 36.530467], [136.521009, 36.529999], [136.520835, 36.529599], [136.520333, 36.529436], [136.520339, 36.528889], [136.520144, 36.528602], [136.519809, 36.528394], [136.51909, 36.528231], [136.519119, 36.527487], [136.518533, 36.527076], [136.518316, 36.526518], [136.517563, 36.525994], [136.517235, 36.525273], [136.516209, 36.524732], [136.516111, 36.524054], [136.515344, 36.52364], [136.515334, 36.523261], [136.514809, 36.522694], [136.514779, 36.522472], [136.513788, 36.522096], [136.513346, 36.521207], [136.512393, 36.52075], [136.512218, 36.520136], [136.51185, 36.519762], [136.511046, 36.519505], [136.510893, 36.518869], [136.510209, 36.518486], [136.509929, 36.518018], [136.509393, 36.517725], [136.508967, 36.517674], [136.508709, 36.516999], [136.508101, 36.516711], [136.507948, 36.515974], [136.507048, 36.515506], [136.506727, 36.514903], [136.505939, 36.514571], [136.50568, 36.514058], [136.505157, 36.513743], [136.50501, 36.513298], [136.504355, 36.512898], [136.504194, 36.512346], [136.503685, 36.511957], [136.503692, 36.511704], [136.503476, 36.511732], [136.50321, 36.511456], [136.502841, 36.511467], [136.502603, 36.510718], [136.50178, 36.510413], [136.501563, 36.509799], [136.500852, 36.509529], [136.500665, 36.508704], [136.50044, 36.50851], [136.499805, 36.508335], [136.499596, 36.507811], [136.498845, 36.506915], [136.498172, 36.506589], [136.497426, 36.506453], [136.497348, 36.50556], [136.496553, 36.505225], [136.496103, 36.504306], [136.494268, 36.503057], [136.494079, 36.503057], [136.492665, 36.501169], [136.492031, 36.500797], [136.491256, 36.500809], [136.491201, 36.500195], [136.491034, 36.499958], [136.490615, 36.4998], [136.490058, 36.499214], [136.48941, 36.498944], [136.488971, 36.498538], [136.488497, 36.498448], [136.487965, 36.498597], [136.488016, 36.497891], [136.487695, 36.497614], [136.486963, 36.497659], [136.487151, 36.497197], [136.48704, 36.496707], [136.486782, 36.496521], [136.486106, 36.496454], [136.485994, 36.495789], [136.485438, 36.495651], [136.485277, 36.495006], [136.484886, 36.49464], [136.484559, 36.494082], [136.482949, 36.492882], [136.482314, 36.492927], [136.482356, 36.492229], [136.48145, 36.491496], [136.480836, 36.491502], [136.480356, 36.49166], [136.480488, 36.490798], [136.480244, 36.490342], [136.479666, 36.489778], [136.479267, 36.487848], [136.477559, 36.485781], [136.477235, 36.4857], [136.476481, 36.485114], [136.47563, 36.484274], [136.475135, 36.484077], [136.474627, 36.48335], [136.473574, 36.483097], [136.473267, 36.482139], [136.472759, 36.481587], [136.47218, 36.481266], [136.471623, 36.480421], [136.471128, 36.479936], [136.470026, 36.477711], [136.469225, 36.476827], [136.468883, 36.476117], [136.467914, 36.474939], [136.467399, 36.474545], [136.467238, 36.474134], [136.466834, 36.473661], [136.465914, 36.472832], [136.465168, 36.472466], [136.46506, 36.47182], [136.468093, 36.470455], [136.471015, 36.467629], [136.475452, 36.465774], [136.475637, 36.466038], [136.478882, 36.465907], [136.479116, 36.466163], [136.479202, 36.466702], [136.480719, 36.468212], [136.48177, 36.468688], [136.482209, 36.469043], [136.482373, 36.469489], [136.486392, 36.474791], [136.486555, 36.474527], [136.487059, 36.474402], [136.48742, 36.475381], [136.487921, 36.4753], [136.48922, 36.479565], [136.488785, 36.479668], [136.488048, 36.480102], [136.488311, 36.481034], [136.490703, 36.480852], [136.492765, 36.481692], [136.493158, 36.482007], [136.496351, 36.481159], [136.50208, 36.479049], [136.503039, 36.479517], [136.503495, 36.479464], [136.503524, 36.47884], [136.504662, 36.478795], [136.505151, 36.478564], [136.505571, 36.47852], [136.506768, 36.477641], [136.510645, 36.477414], [136.510671, 36.476597], [136.510795, 36.476517], [136.512721, 36.476576], [136.512754, 36.477325], [136.513082, 36.477313], [136.513812, 36.477594], [136.515136, 36.477597], [136.515304, 36.477443], [136.515683, 36.477748], [136.516883, 36.477716], [136.517525, 36.478337], [136.518879, 36.477681], [136.522049, 36.477021], [136.522235, 36.476541], [136.522881, 36.476044], [136.523709, 36.475123], [136.524198, 36.474283], [136.524643, 36.474087], [136.52469, 36.473857], [136.529352, 36.473164], [136.530414, 36.472605], [136.531821, 36.472264], [136.532226, 36.472347], [136.532453, 36.472643], [136.533554, 36.473457], [136.535831, 36.474751], [136.536378, 36.474662], [136.538293, 36.475485], [136.539136, 36.475334], [136.539537, 36.476033], [136.541021, 36.475633], [136.541302, 36.476346], [136.541529, 36.476414], [136.542112, 36.478182], [136.542309, 36.479096], [136.542214, 36.480141], [136.542802, 36.481766], [136.542977, 36.48184], [136.544377, 36.481766], [136.545063, 36.481408], [136.54661, 36.481071], [136.547467, 36.481239], [136.550243, 36.4806], [136.551651, 36.479875], [136.553059, 36.479718], [136.554191, 36.479422], [136.555405, 36.47862], [136.555821, 36.47841], [136.556339, 36.478336], [136.557083, 36.477737], [136.558178, 36.477489], [136.558853, 36.477128], [136.559878, 36.476317], [136.56072, 36.476142], [136.56199, 36.475127], [136.562526, 36.474446], [136.563464, 36.474411], [136.56512, 36.474133], [136.571001, 36.472005], [136.571132, 36.471886], [136.571132, 36.471016], [136.571474, 36.470708], [136.572668, 36.470466], [136.573569, 36.470658], [136.575276, 36.470259], [136.575491, 36.470075], [136.575462, 36.469415], [136.577184, 36.468642], [136.578548, 36.468716], [136.578479, 36.468412], [136.579942, 36.46795], [136.580372, 36.468098], [136.580106, 36.468175], [136.580321, 36.468337], [136.582922, 36.468074], [136.585691, 36.468915], [136.587796, 36.469054], [136.588682, 36.469193], [136.588529, 36.469332], [136.588752, 36.469371], [136.589904, 36.469238], [136.591466, 36.467974], [136.591947, 36.467924], [136.59283, 36.467308], [136.593698, 36.467059], [136.593932, 36.465733], [136.594308, 36.464691], [136.597335, 36.462424], [136.597295, 36.462114], [136.597496, 36.46161], [136.598047, 36.461332], [136.598886, 36.461234], [136.600469, 36.46082], [136.601516, 36.46019], [136.601618, 36.459941], [136.601246, 36.458198], [136.609946, 36.456348], [136.612106, 36.455605], [136.614827, 36.454232], [136.617746, 36.452204], [136.619008, 36.450869], [136.619836, 36.449644], [136.620212, 36.448116], [136.619865, 36.445346], [136.620081, 36.444642], [136.621372, 36.443754], [136.622276, 36.442841], [136.623898, 36.442413], [136.626188, 36.441567], [136.629176, 36.439975], [136.630985, 36.438648], [136.63185, 36.437694], [136.632078, 36.437194], [136.631622, 36.434311], [136.630402, 36.431992], [136.630004, 36.43054], [136.625995, 36.431541], [136.626315, 36.430886], [136.626226, 36.430238], [136.62562, 36.429468], [136.624273, 36.428579], [136.62461, 36.427929], [136.624493, 36.42727], [136.624008, 36.426843], [136.623193, 36.426428], [136.622819, 36.426049], [136.623046, 36.424751], [136.622877, 36.423864], [136.623011, 36.422296], [136.622461, 36.420885], [136.622002, 36.420398], [136.621785, 36.41892], [136.621052, 36.418341], [136.620833, 36.416549], [136.619873, 36.416436], [136.617933, 36.415811], [136.617006, 36.415011], [136.616882, 36.41448], [136.617101, 36.413116], [136.617064, 36.411719], [136.616845, 36.411241], [136.615341, 36.409349], [136.613594, 36.408523], [136.612991, 36.408093], [136.612671, 36.407704], [136.611954, 36.405955], [136.611592, 36.405527], [136.60907, 36.404912], [136.608564, 36.404578], [136.608102, 36.403966], [136.607719, 36.404136], [136.606829, 36.404952], [136.605564, 36.405404], [136.604892, 36.405143], [136.603669, 36.404166], [136.60275, 36.402084], [136.602614, 36.400924], [136.602915, 36.399513], [136.602915, 36.398905], [136.602202, 36.397721], [136.601757, 36.396381], [136.601699, 36.395378], [136.601522, 36.39496], [136.601221, 36.394816], [136.600328, 36.394706], [136.599631, 36.395027], [136.598613, 36.394582], [136.597851, 36.394866], [136.597464, 36.394859], [136.596578, 36.393927], [136.59596, 36.393579], [136.59563, 36.393539], [136.594971, 36.393692], [136.593941, 36.393475], [136.59317, 36.392376], [136.59329, 36.392054], [136.594291, 36.390881], [136.594254, 36.390313], [136.592981, 36.389758], [136.592149, 36.389059], [136.590682, 36.388581], [136.590237, 36.388711], [136.5898, 36.389076], [136.58905, 36.390095], [136.588193, 36.390817], [136.587295, 36.392037], [136.586772, 36.392248], [136.586063, 36.392138], [136.585198, 36.392241], [136.584324, 36.393277], [136.583344, 36.393822], [136.582623, 36.394578], [136.581172, 36.394518], [136.578424, 36.393876], [136.577633, 36.393796], [136.577526, 36.393645], [136.577876, 36.391412], [136.578523, 36.390774], [136.580159, 36.390501], [136.580773, 36.390222], [136.581271, 36.38944], [136.581152, 36.388674], [136.580851, 36.388109], [136.581865, 36.387096], [136.582005, 36.386317], [136.582289, 36.385826], [136.583484, 36.385218], [136.584205, 36.385271], [136.584671, 36.385167], [136.585087, 36.38478], [136.585318, 36.384352], [136.585495, 36.382292], [136.585165, 36.381707], [136.584547, 36.381423], [136.584543, 36.381086], [136.585071, 36.379762], [136.585936, 36.378762], [136.585985, 36.378528], [136.585742, 36.37789], [136.586274, 36.376937], [136.586846, 36.376339], [136.587625, 36.375797], [136.5876, 36.375597], [136.586888, 36.374975], [136.586501, 36.37444], [136.586554, 36.373815], [136.586908, 36.373203], [136.586851, 36.372872], [136.586035, 36.372307], [136.585417, 36.37209], [136.584065, 36.371257], [136.583077, 36.370851], [136.582347, 36.370639], [136.581177, 36.370692], [136.58079, 36.370435], [136.580213, 36.368355], [136.580221, 36.367787], [136.580398, 36.367433], [136.580365, 36.365551], [136.579937, 36.364798], [136.579327, 36.3631], [136.579022, 36.362859], [136.578643, 36.362806], [136.577782, 36.36304], [136.577127, 36.36307], [136.57655, 36.362839], [136.57634, 36.362599], [136.576352, 36.362217], [136.576723, 36.361636], [136.576703, 36.36084], [136.577329, 36.360352], [136.578474, 36.359062], [136.579315, 36.358955], [136.579982, 36.358634], [136.580469, 36.358166], [136.580687, 36.357487], [136.580349, 36.356341], [136.580353, 36.355685], [136.580662, 36.35493], [136.580386, 36.353188], [136.580399, 36.353017], [136.580844, 36.3526], [136.581071, 36.351998], [136.581025, 36.351082], [136.580704, 36.349929], [136.580831, 36.349407], [136.579987, 36.348635], [136.58023, 36.346351], [136.579773, 36.345522], [136.578796, 36.344647], [136.577185, 36.344506], [136.577037, 36.343644], [136.577612, 36.343021], [136.579312, 36.341812], [136.579287, 36.34119], [136.579176, 36.340942], [136.578912, 36.340779], [136.577474, 36.340571], [136.576844, 36.340257], [136.573994, 36.337227], [136.572227, 36.336597], [136.571776, 36.336073], [136.570666, 36.335849], [136.570421, 36.3357], [136.57013, 36.334912], [136.569464, 36.333992], [136.568224, 36.334042], [136.567183, 36.334601], [136.566555, 36.334216], [136.566548, 36.333837], [136.565989, 36.333055], [136.564994, 36.332694], [136.562851, 36.333726], [136.561718, 36.334564], [136.561297, 36.334452], [136.56047, 36.334576], [136.560088, 36.334421], [136.55959, 36.333936], [136.55897, 36.333011], [136.558825, 36.332353], [136.558235, 36.331011], [136.55848, 36.330422], [136.558756, 36.32877], [136.55946, 36.327279], [136.559399, 36.327149], [136.558917, 36.326932], [136.557141, 36.325622], [136.555564, 36.325348], [136.554684, 36.324864], [136.554539, 36.324771], [136.554485, 36.324261], [136.553896, 36.324143], [136.552656, 36.323448], [136.551477, 36.323373], [136.550114, 36.322914], [136.549836, 36.322661], [136.549135, 36.321454], [136.548959, 36.321063], [136.549181, 36.320331], [136.550758, 36.318579], [136.551071, 36.315996], [136.551301, 36.315853], [136.551898, 36.315804], [136.551975, 36.315686], [136.551653, 36.314046], [136.551669, 36.313456], [136.552181, 36.312196], [136.551959, 36.311506], [136.551738, 36.311246], [136.551125, 36.310916], [136.550987, 36.310544], [136.551623, 36.309414], [136.552229, 36.30926], [136.55408, 36.309526], [136.555121, 36.309488], [136.555557, 36.309215], [136.555886, 36.308662], [136.555534, 36.308141], [136.555197, 36.307172], [136.553934, 36.306017], [136.553138, 36.305868], [136.552863, 36.3057], [136.552848, 36.304769], [136.550919, 36.302756], [136.549617, 36.30185], [136.549281, 36.301254], [136.549426, 36.300887], [136.550727, 36.300241], [136.551638, 36.299372], [136.551921, 36.298708], [136.551906, 36.298118], [136.552113, 36.297764], [136.552465, 36.297453], [136.554088, 36.296733], [136.554693, 36.296329], [136.554738, 36.295932], [136.554562, 36.295516], [136.554731, 36.294932], [136.554593, 36.29464], [136.5547, 36.294299], [136.554608, 36.293783], [136.553927, 36.293088], [136.55382, 36.292119], [136.552963, 36.291299], [136.552794, 36.290517], [136.552572, 36.290175], [136.551646, 36.289008], [136.549893, 36.288101], [136.549426, 36.287623], [136.548538, 36.285213], [136.548477, 36.284692], [136.548676, 36.284263], [136.550093, 36.283425], [136.551187, 36.283419], [136.553468, 36.28268], [136.554134, 36.282748], [136.55516, 36.283052], [136.555535, 36.282984], [136.556201, 36.282227], [136.556423, 36.28073], [136.55728, 36.280277], [136.558191, 36.280649], [136.560533, 36.28091], [136.561191, 36.281177], [136.561891, 36.281909], [136.562868, 36.283295], [136.563649, 36.283897], [136.564077, 36.283904], [136.564613, 36.283506], [136.566044, 36.283525], [136.56671, 36.283637], [136.568157, 36.284158], [136.568915, 36.284581], [136.569206, 36.284631], [136.569657, 36.284487], [136.571602, 36.284668], [136.572406, 36.284376], [136.572933, 36.283631], [136.573974, 36.283556], [136.575865, 36.282538], [136.581254, 36.280601], [136.581063, 36.279961], [136.58091, 36.278334], [136.581132, 36.278148], [136.582004, 36.278384], [136.584201, 36.278551], [136.584928, 36.278986], [136.585862, 36.279154], [136.586184, 36.279377], [136.586635, 36.279999], [136.586804, 36.280042], [136.587378, 36.279582], [136.588273, 36.278222], [136.588809, 36.276713], [136.589169, 36.276415], [136.589889, 36.276173], [136.590861, 36.276154], [136.592506, 36.276484], [136.593662, 36.276887], [136.595476, 36.277806], [136.595706, 36.2778], [136.595981, 36.277509], [136.596004, 36.277055], [136.595538, 36.27613], [136.595377, 36.275329], [136.594757, 36.274838], [136.594428, 36.274081], [136.594466, 36.27318], [136.59478, 36.272379], [136.594681, 36.271901], [136.595247, 36.271367], [136.596081, 36.270988], [136.596319, 36.270671], [136.596364, 36.270286], [136.596854, 36.269783], [136.596923, 36.269088], [136.597321, 36.268814], [136.597344, 36.268218], [136.597474, 36.268063], [136.599201, 36.267216], [136.599411, 36.266417], [136.598975, 36.265778], [136.599419, 36.264909], [136.599403, 36.264095], [136.599671, 36.263697], [136.600123, 36.263294], [136.60108, 36.263045], [136.601838, 36.262505], [136.601983, 36.262095], [136.602585, 36.261557], [136.603191, 36.262139], [136.604479, 36.262002], [136.605298, 36.2623], [136.607403, 36.262425], [136.608888, 36.262822], [136.610548, 36.262568], [136.611652, 36.262631], [136.612386, 36.262046], [136.612332, 36.261077], [136.612187, 36.260742], [136.612217, 36.260307], [136.612064, 36.260077], [136.611498, 36.259724], [136.61074, 36.259724], [136.610548, 36.259618], [136.610234, 36.258972], [136.608176, 36.257773], [136.607272, 36.257047], [136.606622, 36.256699], [136.606278, 36.256091], [136.605627, 36.25542], [136.605405, 36.254383], [136.604932, 36.253185], [136.604753, 36.252967], [136.603657, 36.252371], [136.602946, 36.251152], [136.602678, 36.249586], [136.602328, 36.248898], [136.602294, 36.248524], [136.602421, 36.247911], [136.603176, 36.246919], [136.603613, 36.245952], [136.603094, 36.245497], [136.602489, 36.245383], [136.601236, 36.244756], [136.601023, 36.244187], [136.600549, 36.243502], [136.60048, 36.242824], [136.60014, 36.242473], [136.599982, 36.24203], [136.600329, 36.241272], [136.600301, 36.239773], [136.600037, 36.238828], [136.600239, 36.238148], [136.598298, 36.236935], [136.597996, 36.236601], [136.598254, 36.235798], [136.597928, 36.235492], [136.597855, 36.235179], [136.598116, 36.234644], [136.598189, 36.233602], [136.599113, 36.232211], [136.599202, 36.232133], [136.599745, 36.232234], [136.600019, 36.23191], [136.599913, 36.231621], [136.599456, 36.231264], [136.599119, 36.230762], [136.599188, 36.229943], [136.59892, 36.229658], [136.598333, 36.228206], [136.598164, 36.227376], [136.598199, 36.226593], [136.59745, 36.225637], [136.597113, 36.224633], [136.596162, 36.222816], [136.596052, 36.221729], [136.595468, 36.220823], [136.595533, 36.220386], [136.595382, 36.219965], [136.595176, 36.217833], [136.594334, 36.217498], [136.593988, 36.216905], [136.593991, 36.216495], [136.593696, 36.216138], [136.591607, 36.215734], [136.590876, 36.21548], [136.588918, 36.215319], [136.587217, 36.21412], [136.586434, 36.214265], [136.585713, 36.214677], [136.585163, 36.214817], [136.584569, 36.214661], [136.583641, 36.214925], [136.582868, 36.215042], [136.582481, 36.214978], [136.581824, 36.214111], [136.580918, 36.213677], [136.580539, 36.212936], [136.579444, 36.212473], [136.579276, 36.211311], [136.577451, 36.210734], [136.576658, 36.210845], [136.57605, 36.210001], [136.575064, 36.209535], [136.574494, 36.208774], [136.573391, 36.208011], [136.572265, 36.206996], [136.571121, 36.20633], [136.569888, 36.206266], [136.569551, 36.206118], [136.56918, 36.205652], [136.568366, 36.20526], [136.567408, 36.204053], [136.56658, 36.202096], [136.567216, 36.201021], [136.566635, 36.200402], [136.566498, 36.199791], [136.565842, 36.198824], [136.565818, 36.197498], [136.565618, 36.196283], [136.56511, 36.195759], [136.564684, 36.195051], [136.562222, 36.193239], [136.561971, 36.192846], [136.561174, 36.190291], [136.561026, 36.189332], [136.560728, 36.18866], [136.559938, 36.187359], [136.559065, 36.18652], [136.557468, 36.184165], [136.55741, 36.183886], [136.55764, 36.183346], [136.55709, 36.18254], [136.556967, 36.181947], [136.556434, 36.181501], [136.556328, 36.180773], [136.556637, 36.179589], [136.555988, 36.178493], [136.555916, 36.177961], [136.557411, 36.175704], [136.556644, 36.174854], [136.556521, 36.174344], [136.555607, 36.173304], [136.554975, 36.172334], [136.554525, 36.171936], [136.553972, 36.17173], [136.554147, 36.171197], [136.554113, 36.170718], [136.553683, 36.169168], [136.553095, 36.168276], [136.553214, 36.167435], [136.553127, 36.16706], [136.55159, 36.165767], [136.551628, 36.164429], [136.550722, 36.164424], [136.550216, 36.16376], [136.549954, 36.162549], [136.550857, 36.161325], [136.550685, 36.16036], [136.551594, 36.158642], [136.55106, 36.157998], [136.55081, 36.157463], [136.550726, 36.156657], [136.551469, 36.155666], [136.551829, 36.154909], [136.552069, 36.15482], [136.552691, 36.154218], [136.553847, 36.153824], [136.554174, 36.153358], [136.554796, 36.153022], [136.555505, 36.152931], [136.556598, 36.153009], [136.557339, 36.152711], [136.557689, 36.152782], [136.558248, 36.153196], [136.559292, 36.153074], [136.559794, 36.153158], [136.560089, 36.153016], [136.560337, 36.152511], [136.560488, 36.151353], [136.5617, 36.149257], [136.562163, 36.14808], [136.562218, 36.147699], [136.562027, 36.147252], [136.56304, 36.146023], [136.562992, 36.144742], [136.563159, 36.1446], [136.563789, 36.144561], [136.565519, 36.144018], [136.566556, 36.14418], [136.567313, 36.144161], [136.568517, 36.14451], [136.570893, 36.143359], [136.571594, 36.143397], [136.571889, 36.14354], [136.572392, 36.143191], [136.57389, 36.142964], [136.574393, 36.142388], [136.574839, 36.142194], [136.576409, 36.142201], [136.577438, 36.141308], [136.577941, 36.139827], [136.578483, 36.139018], [136.580181, 36.137679], [136.580524, 36.136839], [136.580946, 36.136567], [136.581712, 36.136334], [136.584861, 36.135946], [136.58518, 36.135274], [136.586057, 36.134446], [136.586934, 36.134212], [136.587046, 36.133837], [136.586798, 36.133223], [136.586847, 36.132964], [136.587492, 36.13257], [136.588425, 36.132608], [136.588856, 36.132486], [136.590482, 36.131218], [136.590929, 36.131166], [136.592627, 36.131509], [136.59399, 36.131612], [136.594915, 36.132007], [136.595369, 36.132072], [136.595968, 36.131962], [136.596278, 36.131787], [136.596813, 36.130824], [136.598016, 36.130804], [136.600097, 36.130487], [136.601437, 36.129724], [136.603462, 36.127861], [136.603414, 36.127641], [136.603095, 36.127376], [136.602984, 36.126729], [136.603598, 36.125862], [136.60461, 36.124918], [136.604722, 36.124608], [136.604642, 36.123663], [136.604275, 36.122408], [136.604539, 36.122092], [136.605711, 36.121445], [136.605774, 36.120494], [136.606348, 36.120151], [136.607967, 36.119543], [136.608326, 36.118864], [136.609833, 36.118431], [136.610311, 36.117758], [136.611156, 36.117008], [136.611786, 36.117027], [136.612272, 36.11682], [136.612535, 36.116122], [136.612814, 36.114556], [136.612719, 36.114181], [136.612105, 36.113204], [136.611515, 36.112959], [136.611428, 36.112765], [136.611898, 36.111684], [136.613198, 36.111652], [136.613373, 36.111555], [136.613389, 36.110773], [136.614888, 36.10816], [136.616762, 36.107487], [136.617519, 36.106756], [136.618308, 36.106614], [136.619656, 36.106743], [136.620772, 36.106691], [136.62234, 36.106402], [136.623157, 36.105575], [136.624449, 36.104842], [136.625039, 36.104208], [136.625861, 36.103893], [136.626933, 36.103917], [136.627188, 36.103832], [136.62852, 36.102883], [136.629504, 36.102597], [136.629603, 36.102522], [136.629556, 36.101934], [136.630124, 36.101371], [136.631085, 36.100774], [136.631966, 36.099623], [136.632261, 36.099411], [136.634027, 36.099092], [136.634896, 36.099092], [136.636297, 36.098354], [136.637125, 36.098406], [136.639071, 36.099102], [136.640032, 36.098984], [136.640519, 36.098749], [136.640947, 36.098345], [136.642071, 36.098072], [136.642673, 36.097471], [136.643623, 36.097072], [136.644399, 36.096283], [136.645505, 36.094756], [136.64803, 36.093492], [136.650746, 36.092543], [136.651342, 36.092233], [136.65173, 36.091608], [136.651649, 36.089639], [136.652721, 36.088526], [136.653416, 36.086942], [136.653352, 36.086448], [136.654671, 36.085413], [136.656816, 36.084573], [136.657227, 36.083512], [136.656702, 36.081574], [136.656368, 36.080851], [136.656535, 36.080044], [136.656473, 36.079571], [136.656165, 36.079077], [136.655072, 36.077975], [136.654976, 36.077383], [136.655249, 36.076382], [136.655609, 36.075711], [136.657186, 36.075136], [136.657743, 36.074418], [136.65817, 36.072753], [136.658566, 36.072154], [136.659024, 36.070667], [136.658665, 36.069911], [136.658673, 36.069508], [136.659019, 36.068913], [136.659513, 36.068799], [136.660159, 36.068449], [136.661648, 36.068056], [136.662288, 36.067629], [136.662809, 36.067608], [136.664178, 36.067667], [136.665193, 36.067997], [136.665979, 36.068001], [136.666765, 36.068234], [136.668259, 36.067786], [136.668629, 36.067786], [136.670488, 36.069366], [136.670743, 36.069412], [136.671164, 36.069302], [136.671971, 36.068589], [136.672346, 36.068458], [136.674236, 36.067229], [136.674928, 36.067871], [136.676183, 36.067976], [136.677448, 36.068804], [136.677563, 36.069873], [136.677781, 36.070122], [136.678515, 36.070541], [136.679715, 36.070823], [136.680832, 36.071301], [136.68204, 36.071064], [136.682998, 36.071369], [136.684861, 36.07128], [136.685892, 36.072151], [136.686845, 36.072227], [136.687693, 36.07259], [136.688495, 36.072738], [136.689625, 36.073322], [136.690146, 36.073241], [136.690583, 36.073025], [136.691276, 36.072205], [136.692259, 36.071741], [136.69317, 36.072324], [136.693967, 36.073414], [136.695373, 36.074381], [136.695596, 36.074444], [136.696252, 36.074343], [136.697418, 36.073706], [136.699423, 36.073984], [136.701443, 36.075074], [136.701672, 36.075349], [136.701922, 36.076291], [136.702203, 36.076646], [136.705067, 36.077942], [136.705968, 36.078956], [136.707103, 36.079556], [136.707743, 36.079387], [136.709076, 36.079434], [136.710518, 36.080262], [136.71083, 36.080891], [136.711096, 36.081119], [136.711741, 36.081166], [136.713407, 36.080896], [136.714543, 36.081821], [136.715323, 36.082066], [136.7179, 36.081669], [136.718431, 36.081757], [136.719759, 36.082273], [136.720399, 36.082286], [136.721409, 36.082041], [136.722008, 36.082129], [136.723653, 36.08207], [136.724757, 36.082349], [136.725424, 36.082138], [136.726178, 36.081551], [136.726964, 36.081157], [136.729052, 36.081656], [136.730937, 36.081322], [136.731765, 36.080693], [136.732478, 36.080376], [136.734259, 36.080613], [136.734733, 36.080773], [136.737253, 36.080237], [136.737544, 36.08022], [136.737919, 36.080452], [136.738726, 36.08036], [136.73959, 36.081314], [136.740855, 36.081724], [136.742386, 36.082704], [136.743037, 36.082662], [136.743995, 36.084051], [136.744744, 36.084808], [136.745296, 36.085146], [136.747042, 36.085489], [136.74846, 36.085543], [136.749971, 36.085991], [136.751095, 36.086072], [136.75201, 36.085976], [136.753064, 36.085461], [136.754282, 36.086291], [136.754781, 36.086945], [136.754774, 36.087828], [136.754191, 36.088979], [136.753967, 36.090199], [136.754142, 36.090649], [136.755027, 36.091595], [136.756368, 36.094728], [136.756396, 36.095053], [136.756021, 36.09605], [136.755746, 36.097355], [136.755792, 36.097796], [136.756166, 36.09833], [136.756176, 36.099112], [136.756637, 36.099528], [136.757538, 36.099895], [136.758703, 36.100829], [136.759717, 36.102223], [136.761582, 36.103844], [136.762263, 36.104211], [136.763635, 36.105241], [136.764954, 36.105609], [136.765438, 36.105998], [136.765338, 36.106851], [136.765443, 36.107288], [136.767061, 36.109398], [136.767147, 36.109676], [136.767047, 36.110429], [136.767814, 36.111037], [136.768185, 36.111597], [136.768811, 36.111867], [136.769062, 36.113225], [136.769716, 36.113892], [136.769935, 36.114686], [136.770547, 36.115746], [136.770456, 36.116328], [136.769724, 36.117348], [136.769578, 36.117978], [136.770314, 36.119576], [136.770286, 36.121], [136.770433, 36.122042], [136.770684, 36.122665], [136.770656, 36.12324], [136.771054, 36.12397], [136.772269, 36.125316], [136.772288, 36.126117], [136.773361, 36.126165], [136.774193, 36.126384], [136.774554, 36.126632], [136.775139, 36.127571], [136.775848, 36.128301], [136.777506, 36.129317], [136.778416, 36.12928], [136.778585, 36.129399], [136.778617, 36.129588], [136.778109, 36.130567], [136.777438, 36.131123], [136.777356, 36.13156], [136.77789, 36.13215], [136.778612, 36.132442], [136.778836, 36.133321], [136.779613, 36.13367], [136.779933, 36.133956], [136.779933, 36.135209], [136.779654, 36.136139], [136.78001, 36.137111], [136.77985, 36.137593], [136.779914, 36.139169], [136.779795, 36.139551], [136.780782, 36.141545], [136.780389, 36.142161], [136.77974, 36.142142], [136.778269, 36.142509], [136.777885, 36.142765], [136.777378, 36.143425], [136.776103, 36.143655], [136.775829, 36.143914], [136.775655, 36.145008], [136.775705, 36.146825], [136.775481, 36.147659], [136.776423, 36.148594], [136.776404, 36.149072], [136.775641, 36.150073], [136.773891, 36.150651], [136.773621, 36.150866], [136.773681, 36.151931], [136.773557, 36.152616], [136.77273, 36.15407], [136.771825, 36.155023], [136.771862, 36.155364], [136.772428, 36.156494], [136.772963, 36.156991], [136.7735, 36.157184], [136.77337, 36.157444], [136.772899, 36.157807], [136.772255, 36.157989], [136.771441, 36.158608], [136.769088, 36.158693], [136.768334, 36.158904], [136.767191, 36.160017], [136.766199, 36.160335], [136.765994, 36.161018], [136.766446, 36.162556], [136.767264, 36.16312], [136.76774, 36.16381], [136.768416, 36.164181], [136.769769, 36.164203], [136.769709, 36.163758], [136.770418, 36.163643], [136.771363, 36.163928], [136.773013, 36.164088], [136.774284, 36.164377], [136.775682, 36.165089], [136.777304, 36.16642], [136.779324, 36.166605], [136.782838, 36.166717], [136.784511, 36.166116], [136.785964, 36.166086], [136.786439, 36.16619], [136.787737, 36.167043], [136.788518, 36.167799], [136.790356, 36.169156], [136.791101, 36.169902], [136.79244, 36.170496], [136.795647, 36.171204], [136.797028, 36.17162], [136.797879, 36.172355], [136.798404, 36.172565], [136.798713, 36.173531], [136.799353, 36.174744], [136.799442, 36.175857], [136.80009, 36.176853], [136.800268, 36.177836], [136.800298, 36.178798], [136.799675, 36.18029], [136.799434, 36.181307], [136.799874, 36.18218], [136.800391, 36.18408], [136.801996, 36.185671], [136.802056, 36.18706], [136.802873, 36.187905], [136.804059, 36.188523], [136.805546, 36.189032], [136.805703, 36.189437], [136.806322, 36.190084], [136.806474, 36.190695], [136.807245, 36.192276], [136.80755, 36.192523], [136.809109, 36.193108], [136.809431, 36.194173], [136.810494, 36.195499], [136.810676, 36.19619], [136.81124, 36.196635], [136.812674, 36.197332], [136.813231, 36.197867], [136.814537, 36.198618], [136.815372, 36.199467], [136.816025, 36.199908], [136.816594, 36.200105], [136.817942, 36.20089], [136.818584, 36.201116], [136.819829, 36.200542], [136.821172, 36.200213], [136.8226, 36.201498], [136.822842, 36.201964], [136.822829, 36.20247], [136.82263, 36.202853], [136.821602, 36.203432], [136.820483, 36.204511], [136.819582, 36.206238], [136.819564, 36.206631], [136.820132, 36.207524], [136.820186, 36.208569], [136.820846, 36.209437], [136.8211, 36.210438], [136.820991, 36.210742], [136.822521, 36.211792], [136.823464, 36.212656], [136.825733, 36.213515], [136.826301, 36.214114], [136.826458, 36.214673], [136.827136, 36.215321], [136.830335, 36.216655], [136.831642, 36.217597], [136.831581, 36.218608], [136.832265, 36.220149], [136.832192, 36.2214], [136.832422, 36.222617], [136.832289, 36.223608], [136.833777, 36.22537], [136.835168, 36.22586], [136.835791, 36.226228], [136.837557, 36.229295], [136.838331, 36.229933], [136.839456, 36.230424], [136.840412, 36.231415], [136.840467, 36.231651], [136.839753, 36.232382], [136.839681, 36.232627], [136.840352, 36.23352], [136.841949, 36.234443], [136.842148, 36.235228], [136.842469, 36.235743], [136.843848, 36.236798], [136.843951, 36.237941], [136.844695, 36.239512], [136.845324, 36.239939], [136.846123, 36.241018], [136.846522, 36.242137], [136.846824, 36.242471], [136.846776, 36.243781], [136.847206, 36.244978], [136.847296, 36.245631], [136.847762, 36.246171], [136.849437, 36.246862], [136.850308, 36.247034], [136.851476, 36.246828], [136.851821, 36.247103], [136.851718, 36.24807], [136.851288, 36.24882], [136.850877, 36.249227], [136.850586, 36.250106], [136.850949, 36.251332], [136.850828, 36.251652], [136.850399, 36.251921], [136.847526, 36.252535], [136.846643, 36.253099], [136.845666, 36.253175], [136.845249, 36.253373], [136.844684, 36.254241], [136.844508, 36.254559], [136.844592, 36.255346], [136.844328, 36.255771], [136.844019, 36.25762], [136.844568, 36.258852], [136.844284, 36.259242], [136.843683, 36.259664], [136.842121, 36.259434], [136.841019, 36.260502], [136.839794, 36.260987], [136.838043, 36.260629], [136.836097, 36.261792], [136.835263, 36.263053], [136.834394, 36.263774], [136.833545, 36.264856], [136.833669, 36.265828], [136.831226, 36.266202], [136.830425, 36.266215], [136.827637, 36.265448], [136.826916, 36.265659], [136.825603, 36.265796], [136.824365, 36.266179], [136.822666, 36.266345], [136.822322, 36.266312], [136.820484, 36.265607], [136.819122, 36.265789], [136.817872, 36.265678], [136.817011, 36.265782], [136.814576, 36.266403], [136.814901, 36.2673], [136.815036, 36.268392], [136.815012, 36.268869], [136.814399, 36.270315], [136.812998, 36.271391], [136.811007, 36.273344], [136.810206, 36.273542], [136.809873, 36.273857], [136.807918, 36.274975], [136.806, 36.275807], [136.805812, 36.277103], [136.805415, 36.277874], [136.805601, 36.279371], [136.80557, 36.280502], [136.80589, 36.280975], [136.806024, 36.281542], [136.806048, 36.282225], [136.805868, 36.282855], [136.806112, 36.283644], [136.80594, 36.284376], [136.805684, 36.284701], [136.804546, 36.285097], [136.804021, 36.286049], [136.802668, 36.28679], [136.802219, 36.288538], [136.801205, 36.290023], [136.800857, 36.290345], [136.798238, 36.291202], [136.796976, 36.291996], [136.795458, 36.292496], [136.795318, 36.293035], [136.795378, 36.293731], [136.795193, 36.294335], [136.794124, 36.295537], [136.793703, 36.296818], [136.793383, 36.297361], [136.792297, 36.298504], [136.792284, 36.299212], [136.792053, 36.299794], [136.791128, 36.300558], [136.790635, 36.301887], [136.791095, 36.303021], [136.791103, 36.303606], [136.79039, 36.305319], [136.790118, 36.307606], [136.789741, 36.308555], [136.789805, 36.309124], [136.78936, 36.309995], [136.788748, 36.310323], [136.788355, 36.312334], [136.788956, 36.313413], [136.790165, 36.314392], [136.790626, 36.315935], [136.790089, 36.3173], [136.789913, 36.318324], [136.789448, 36.319149], [136.789184, 36.320007], [136.78948, 36.320553], [136.789777, 36.320683], [136.790313, 36.321303], [136.790417, 36.322077], [136.790105, 36.3231], [136.789119, 36.324868], [136.786425, 36.327044], [136.785715, 36.327864], [136.785018, 36.328208], [136.783968, 36.328985], [136.783648, 36.329592], [136.783816, 36.330087], [136.785258, 36.330684], [136.785478, 36.330873], [136.786215, 36.332446], [136.786928, 36.33343], [136.786944, 36.334298], [136.785858, 36.335289], [136.786104, 36.335799], [136.786089, 36.336205], [136.785552, 36.337314], [136.785537, 36.338449], [136.785363, 36.338957], [136.785909, 36.339596], [136.78604, 36.340016], [136.786004, 36.341003], [136.785734, 36.341731], [136.784466, 36.34228], [136.783508, 36.341822], [136.780819, 36.339676], [136.779857, 36.339262], [136.779026, 36.339052], [136.777373, 36.338162], [136.774989, 36.338496], [136.774312, 36.338694], [136.773026, 36.339413], [136.771776, 36.339294], [136.770986, 36.339504], [136.770793, 36.339602], [136.770716, 36.339841], [136.77124, 36.340959], [136.771222, 36.341952], [136.770523, 36.343102], [136.770053, 36.346126], [136.769754, 36.346534], [136.768737, 36.346732], [136.767633, 36.346428], [136.76697, 36.346502], [136.765804, 36.346963], [136.765506, 36.347377], [136.764624, 36.347982], [136.764153, 36.348181], [136.763083, 36.348382], [136.759235, 36.349951], [136.757431, 36.349739], [136.755442, 36.348798], [136.75381, 36.349954], [136.752367, 36.351225], [136.751995, 36.351397], [136.75174, 36.352065], [136.750946, 36.352467], [136.749984, 36.3532], [136.749081, 36.354678], [136.748826, 36.354879], [136.747871, 36.355134], [136.747565, 36.35686], [136.747288, 36.357221], [136.745676, 36.358026], [136.745248, 36.358924], [136.744266, 36.359269], [136.743278, 36.359921], [136.742361, 36.361417], [136.742011, 36.362384], [136.73876, 36.3625], [136.737933, 36.363055], [136.73587, 36.365388], [136.734993, 36.365936], [136.734411, 36.366161], [136.732768, 36.366194], [136.732039, 36.366383], [136.731471, 36.366686], [136.730758, 36.366735], [136.729045, 36.367747], [136.7279, 36.368621], [136.726283, 36.368997], [136.725433, 36.368467], [136.724136, 36.368335], [136.72388, 36.368432], [136.723026, 36.369203], [136.722595, 36.369325], [136.722123, 36.369287], [136.720757, 36.368756], [136.719228, 36.369928], [136.718601, 36.370791], [136.71683, 36.37106], [136.71607, 36.371311], [136.715589, 36.37236], [136.715347, 36.373407], [136.715578, 36.375026], [136.715982, 36.376485], [136.715927, 36.376839], [136.715478, 36.377078], [136.713483, 36.377251], [136.712294, 36.378035], [136.710908, 36.378134], [136.710838, 36.378628], [136.710552, 36.379172], [136.710482, 36.379942], [136.710013, 36.380713], [136.709911, 36.382443], [136.710022, 36.384556], [136.710689, 36.386178], [136.71001, 36.388374], [136.710027, 36.388756], [136.710607, 36.389754], [136.710677, 36.390115], [136.710211, 36.391434], [136.709972, 36.391498], [136.707379, 36.391252], [136.70673, 36.39151], [136.705835, 36.392096], [136.705308, 36.39224], [136.702462, 36.391926], [136.698168, 36.390737], [136.697224, 36.390096], [136.696484, 36.389834], [136.695995, 36.389744], [136.695127, 36.389822], [136.694815, 36.389512], [136.694754, 36.389023], [136.694422, 36.388669], [136.69328, 36.388378], [136.692541, 36.389122], [136.689901, 36.389645], [136.689747, 36.390409], [136.689409, 36.390749], [136.689313, 36.391198], [136.689044, 36.391406], [136.688054, 36.391479], [136.687556, 36.39194], [136.686898, 36.391744], [136.686629, 36.391784], [136.684515, 36.393707], [136.684384, 36.39414], [136.684754, 36.394951], [136.684086, 36.395851], [136.682813, 36.396851], [136.682059, 36.397078], [136.680984, 36.397078], [136.68041, 36.397546], [136.678517, 36.398494], [136.677217, 36.398451], [136.676483, 36.398758], [136.676154, 36.399231], [136.675676, 36.400715], [136.675688, 36.401169], [136.674412, 36.40245], [136.673354, 36.402831], [136.672973, 36.402849], [136.671208, 36.402209], [136.670584, 36.402171], [136.66999, 36.402346], [136.668251, 36.403372], [136.667156, 36.403249], [136.665705, 36.403483], [136.66516, 36.403667], [136.66463, 36.404171], [136.662174, 36.405825], [136.662127, 36.406031], [136.662579, 36.406527], [136.662346, 36.406926], [136.662395, 36.407177], [136.662926, 36.407314], [136.663587, 36.407267], [136.663776, 36.407399], [136.663689, 36.408056], [136.664772, 36.409439], [136.665011, 36.410467], [136.665442, 36.411306], [136.665267, 36.412632], [136.665305, 36.413136], [136.665515, 36.413516], [136.665218, 36.414239], [136.665553, 36.415044], [136.665489, 36.416764], [136.66532, 36.416925], [136.664329, 36.416845], [136.66384, 36.416949], [136.662797, 36.417474], [136.662109, 36.417563], [136.661807, 36.417781], [136.661265, 36.417809], [136.660776, 36.418098], [136.659715, 36.419535], [136.659207, 36.420673], [136.658836, 36.421998], [136.658411, 36.422487], [136.657275, 36.423362], [136.656904, 36.424103], [136.656631, 36.426476], [136.657063, 36.427552], [136.657574, 36.431102], [136.658248, 36.432325], [136.658165, 36.432909], [136.657646, 36.433917], [136.658059, 36.434759], [136.658127, 36.43553], [136.657907, 36.436314], [136.657384, 36.436864], [136.656922, 36.438146], [136.657058, 36.440368], [136.65635, 36.441019], [136.65485, 36.44093], [136.652255, 36.439686], [136.651342, 36.438625], [136.65102, 36.438468], [136.650717, 36.438481], [136.650088, 36.439591], [136.650096, 36.441081], [136.64988, 36.442147], [136.649114, 36.443758], [136.648603, 36.445288], [136.648652, 36.446463], [136.649239, 36.447191], [136.650137, 36.448881], [136.651209, 36.44941], [136.653565, 36.450289], [136.653978, 36.450772], [136.654421, 36.451614], [136.65194, 36.454902], [136.651395, 36.455293], [136.650542, 36.455314], [136.650368, 36.455434], [136.650239, 36.456414], [136.64969, 36.456977], [136.64921, 36.457858], [136.649296, 36.458824], [136.648716, 36.459466], [136.648618, 36.460041], [136.647796, 36.461332], [136.646898, 36.460683], [136.645261, 36.459992], [136.644579, 36.460167], [136.643004, 36.461159], [136.642318, 36.461454], [136.642405, 36.461759], [136.642867, 36.462131], [136.643466, 36.462411], [136.644829, 36.462727], [136.64561, 36.463249], [136.646208, 36.465106], [136.646591, 36.468069], [136.645629, 36.468809], [136.644161, 36.469511], [136.643238, 36.469608], [136.642458, 36.469166], [136.641571, 36.469415], [136.640568, 36.469986], [136.640094, 36.470586], [136.639727, 36.471492], [136.639147, 36.471941], [136.639304, 36.473017], [136.638606, 36.473681], [136.637393, 36.474145], [136.636776, 36.474944], [136.636154, 36.475309], [136.635855, 36.476373], [136.635605, 36.476763], [136.635605, 36.476972], [136.635897, 36.477196], [136.636711, 36.477316], [136.636261, 36.477713], [136.636283, 36.4779], [136.637298, 36.47822], [136.638291, 36.477448], [136.640355, 36.476536], [136.641359, 36.476385], [136.643621, 36.476551], [136.644193, 36.476711], [136.644242, 36.477314], [136.644795, 36.477962], [136.645132, 36.478933], [136.645113, 36.479234], [136.644038, 36.480123], [136.643185, 36.479824], [136.642966, 36.479579], [136.6432, 36.478457], [136.643064, 36.477566], [136.642768, 36.477323], [136.642314, 36.477399], [136.640507, 36.478497], [136.640492, 36.478798], [136.640912, 36.479462], [136.641693, 36.480341], [136.640154, 36.480842], [136.639855, 36.481877], [136.640029, 36.482575], [136.641746, 36.482344], [136.642106, 36.482726], [136.642606, 36.483891], [136.643499, 36.484441], [136.643916, 36.484899], [136.642711, 36.484809], [136.640988, 36.485089], [136.638742, 36.485055], [136.638454, 36.484866], [136.637726, 36.483844], [136.63637, 36.483697], [136.635738, 36.483792], [136.634567, 36.484778], [136.633404, 36.485172], [136.63298, 36.485636], [136.632806, 36.486171], [136.631919, 36.487237], [136.631503, 36.487618], [136.630839, 36.487904], [136.630684, 36.488221], [136.630722, 36.489044], [136.629919, 36.489717], [136.629995, 36.49004], [136.630544, 36.490476], [136.630753, 36.491143], [136.630112, 36.491472], [136.629476, 36.492096], [136.62629, 36.492978], [136.625524, 36.492465], [136.625134, 36.492345], [136.623835, 36.492615], [136.622558, 36.493639], [136.62235, 36.494539], [136.622145, 36.494834], [136.621716, 36.494984], [136.62067, 36.494646], [136.620177, 36.49483], [136.619975, 36.495128], [136.619971, 36.496105], [136.614294, 36.496449], [136.613902, 36.496489], [136.613484, 36.496698], [136.613263, 36.496446], [136.613344, 36.495496], [136.607994, 36.495525], [136.607817, 36.498642], [136.607247, 36.499344], [136.605344, 36.499685], [136.604321, 36.499269], [136.603453, 36.499246], [136.603529, 36.49877], [136.602988, 36.498734], [136.603069, 36.498019], [136.602847, 36.498157], [136.598164, 36.497718], [136.597793, 36.499517], [136.597509, 36.502671], [136.595808, 36.502433], [136.594986, 36.502074], [136.594395, 36.502726], [136.594049, 36.502846], [136.592059, 36.502351], [136.591718, 36.502371], [136.591004, 36.503987], [136.589291, 36.505907], [136.589089, 36.509271], [136.589343, 36.510042], [136.590623, 36.510439], [136.590401, 36.511217], [136.591676, 36.511198], [136.591813, 36.511336], [136.592048, 36.512374], [136.592481, 36.5125], [136.59258, 36.512832], [136.592909, 36.513115], [136.593168, 36.513065], [136.593262, 36.513153], [136.593446, 36.513813], [136.593488, 36.514989], [136.59337, 36.51565], [136.592698, 36.517209], [136.593667, 36.519143], [136.593742, 36.519891], [136.594801, 36.519918], [136.595281, 36.52017], [136.59538, 36.524915], [136.593375, 36.525098], [136.591658, 36.524922], [136.591615, 36.525793], [136.591479, 36.525873], [136.588166, 36.526026], [136.586153, 36.525797], [136.585451, 36.526037], [136.584496, 36.525858], [136.582779, 36.525812], [136.582586, 36.525541], [136.580393, 36.525553], [136.580351, 36.528954], [136.584755, 36.529176], [136.584877, 36.528118], [136.585404, 36.52808], [136.585479, 36.52795], [136.585451, 36.526999], [136.589164, 36.526755], [136.590152, 36.526908], [136.591333, 36.526916], [136.590519, 36.528786], [136.590467, 36.52942], [136.590782, 36.53029], [136.590646, 36.532073], [136.590491, 36.532409], [136.588966, 36.532352], [136.586717, 36.531684], [136.585442, 36.531394], [136.585258, 36.531508], [136.585202, 36.536868], [136.586279, 36.536929], [136.586345, 36.536116], [136.587319, 36.53654], [136.587571, 36.536197], [136.588147, 36.536513], [136.591648, 36.536818], [136.592053, 36.537086], [136.592834, 36.538719], [136.593375, 36.539155], [136.593379, 36.539541], [136.594288, 36.54093], [136.59441, 36.541499], [136.59369, 36.541663], [136.593539, 36.542049], [136.593163, 36.542457], [136.593144, 36.542827], [136.592368, 36.544179], [136.592377, 36.544988], [136.592255, 36.54515]]]}}, {"type": "Feature", "properties": {"pref_code": "17", "pref_name": "石川県", "municipality_code": "17211", "municipality_name": "能美市", "ward_name": "", "display_name": "能美市", "geometry_key": "17211"}, "geometry": {"type": "Polygon", "coordinates": [[[136.480719, 36.468212], [136.479202, 36.466702], [136.479116, 36.466163], [136.478882, 36.465907], [136.475637, 36.466038], [136.475452, 36.465774], [136.471015, 36.467629], [136.468093, 36.470455], [136.46506, 36.47182], [136.464848, 36.471604], [136.464213, 36.471362], [136.464158, 36.470759], [136.463377, 36.470038], [136.463112, 36.469475], [136.462387, 36.469193], [136.46208, 36.468585], [136.461384, 36.46828], [136.461251, 36.467322], [136.460575, 36.467001], [136.460275, 36.466325], [136.45962, 36.465745], [136.459327, 36.465075], [136.459034, 36.4649], [136.458616, 36.464956], [136.458491, 36.464877], [136.458226, 36.464224], [136.457438, 36.463649], [136.457292, 36.463266], [136.456602, 36.462613], [136.456177, 36.461886], [136.455577, 36.461571], [136.455417, 36.460787], [136.454706, 36.46063], [136.454497, 36.459835], [136.453807, 36.459463], [136.453626, 36.458928], [136.45297, 36.458156], [136.452078, 36.457457], [136.451744, 36.456956], [136.451109, 36.456517], [136.450712, 36.45583], [136.450161, 36.455486], [136.450015, 36.455047], [136.449436, 36.454528], [136.449004, 36.453841], [136.448496, 36.453497], [136.448154, 36.452821], [136.447603, 36.452331], [136.44653, 36.450979], [136.445359, 36.449109], [136.444369, 36.448506], [136.444021, 36.447706], [136.443735, 36.447436], [136.443108, 36.447171], [136.442376, 36.447182], [136.442522, 36.446286], [136.442348, 36.445926], [136.441937, 36.445678], [136.441309, 36.445666], [136.440626, 36.444404], [136.440104, 36.444089], [136.4394, 36.44392], [136.439295, 36.443221], [136.439072, 36.442793], [136.437866, 36.442213], [136.437623, 36.441379], [136.436863, 36.440912], [136.436396, 36.440387], [136.435727, 36.439959], [136.435364, 36.439148], [136.434723, 36.438652], [136.434312, 36.438134], [136.433071, 36.437171], [136.4322, 36.436883], [136.43167, 36.435937], [136.430764, 36.435244], [136.429837, 36.433656], [136.429258, 36.433216], [136.429056, 36.432681], [136.42838, 36.432224], [136.428199, 36.43152], [136.427858, 36.431323], [136.427335, 36.431317], [136.427035, 36.430472], [136.426819, 36.43032], [136.426303, 36.430251], [136.431167, 36.427229], [136.433005, 36.428349], [136.437808, 36.430523], [136.438173, 36.430573], [136.440246, 36.43214], [136.440215, 36.432411], [136.440797, 36.433405], [136.440654, 36.43348], [136.441917, 36.435729], [136.444101, 36.434977], [136.448693, 36.434836], [136.448928, 36.435062], [136.451726, 36.435017], [136.454133, 36.435087], [136.454585, 36.435193], [136.454718, 36.43506], [136.459594, 36.435269], [136.459601, 36.435116], [136.461316, 36.435461], [136.464434, 36.435761], [136.470223, 36.43541], [136.472566, 36.435584], [136.473845, 36.44208], [136.475533, 36.441885], [136.475747, 36.442807], [136.476785, 36.442271], [136.480508, 36.443388], [136.481973, 36.441957], [136.482731, 36.440981], [136.483179, 36.439983], [136.483462, 36.439793], [136.484483, 36.439629], [136.484787, 36.440233], [136.485073, 36.44038], [136.489106, 36.441326], [136.488068, 36.440379], [136.487626, 36.438764], [136.487683, 36.437673], [136.487468, 36.435072], [136.48413, 36.435085], [136.484118, 36.433947], [136.483599, 36.432737], [136.481734, 36.429911], [136.478732, 36.424819], [136.481254, 36.424481], [136.481678, 36.424214], [136.482828, 36.424014], [136.483612, 36.423886], [136.483909, 36.423938], [136.482318, 36.415909], [136.482909, 36.415581], [136.483673, 36.415507], [136.484025, 36.415906], [136.484463, 36.416124], [136.487253, 36.416369], [136.487604, 36.416497], [136.488055, 36.417704], [136.488602, 36.41986], [136.488674, 36.421631], [136.489417, 36.424607], [136.493001, 36.42447], [136.493611, 36.422123], [136.493566, 36.421032], [136.493756, 36.42061], [136.494051, 36.4208], [136.494277, 36.420594], [136.494002, 36.420119], [136.49688, 36.421429], [136.498778, 36.421515], [136.50089, 36.422329], [136.503639, 36.422372], [136.505097, 36.422542], [136.507212, 36.422444], [136.508091, 36.422614], [136.508496, 36.422773], [136.508666, 36.423505], [136.509402, 36.425208], [136.51305, 36.425407], [136.513426, 36.425548], [136.513717, 36.425892], [136.514279, 36.42598], [136.518022, 36.426187], [136.518218, 36.426434], [136.518348, 36.427102], [136.51877, 36.427619], [136.519136, 36.427585], [136.51979, 36.426988], [136.520258, 36.426887], [136.521294, 36.427497], [136.521758, 36.427527], [136.522958, 36.429184], [136.523638, 36.429482], [136.524059, 36.428996], [136.525017, 36.429036], [136.525985, 36.428927], [136.52638, 36.428768], [136.528132, 36.42749], [136.529234, 36.426429], [136.529476, 36.424275], [136.529725, 36.424108], [136.531783, 36.423694], [136.53228, 36.423159], [136.532568, 36.421992], [136.533009, 36.421405], [136.533506, 36.421098], [136.53366, 36.420742], [136.533537, 36.419696], [136.534498, 36.419603], [136.535157, 36.419302], [136.535522, 36.418544], [136.536222, 36.418476], [136.537011, 36.418085], [136.538069, 36.417852], [136.53817, 36.417586], [136.537922, 36.417007], [136.538866, 36.416687], [136.53913, 36.416124], [136.539803, 36.415706], [136.540463, 36.414976], [136.540861, 36.414813], [136.541581, 36.414902], [136.543575, 36.414816], [136.544114, 36.41459], [136.545313, 36.415196], [136.545778, 36.415144], [136.545985, 36.414962], [136.545922, 36.414685], [136.544258, 36.413499], [136.543324, 36.413436], [136.542926, 36.413064], [136.542016, 36.412724], [136.541065, 36.412159], [136.53982, 36.41182], [136.539412, 36.41129], [136.537775, 36.410793], [136.537329, 36.410017], [136.536252, 36.409492], [136.535937, 36.409139], [136.535462, 36.408884], [136.535328, 36.408746], [136.535596, 36.408126], [136.535532, 36.40792], [136.535181, 36.407743], [136.535027, 36.407377], [136.53428, 36.407203], [136.534193, 36.407065], [136.534418, 36.406358], [136.534156, 36.404699], [136.534253, 36.404398], [136.534628, 36.404392], [136.535927, 36.405169], [136.536272, 36.405889], [136.537273, 36.406448], [136.537651, 36.407271], [136.53992, 36.408895], [136.540891, 36.409359], [136.541169, 36.409335], [136.541534, 36.409492], [136.541721, 36.409362], [136.542193, 36.409452], [136.542999, 36.408884], [136.543733, 36.408558], [136.54556, 36.408366], [136.546514, 36.407572], [136.547404, 36.407032], [136.547903, 36.407029], [136.548897, 36.407345], [136.549279, 36.40666], [136.55029, 36.406307], [136.550591, 36.405894], [136.550805, 36.405797], [136.551809, 36.406486], [136.552178, 36.406581], [136.552736, 36.405818], [136.553701, 36.405175], [136.554574, 36.404403], [136.554772, 36.403977], [136.554491, 36.403496], [136.553279, 36.402581], [136.553162, 36.402122], [136.552101, 36.401019], [136.552091, 36.400604], [136.552753, 36.400197], [136.553373, 36.400099], [136.554089, 36.399607], [136.554273, 36.399303], [136.554213, 36.398518], [136.554323, 36.398171], [136.554923, 36.397383], [136.555458, 36.397128], [136.55596, 36.396571], [136.556388, 36.396503], [136.557195, 36.396609], [136.557851, 36.395517], [136.559491, 36.394227], [136.560807, 36.394159], [136.56246, 36.39372], [136.562685, 36.393986], [136.562885, 36.394692], [136.563003, 36.395257], [136.562959, 36.396237], [136.563304, 36.397052], [136.56329, 36.397429], [136.563414, 36.397546], [136.564485, 36.397698], [136.565523, 36.398174], [136.566212, 36.398649], [136.566701, 36.398733], [136.567089, 36.398586], [136.567866, 36.397997], [136.56879, 36.397994], [136.569928, 36.397823], [136.570614, 36.397074], [136.571451, 36.397114], [136.572783, 36.396656], [136.574681, 36.396636], [136.575026, 36.396436], [136.57609, 36.395374], [136.577389, 36.394945], [136.577884, 36.394184], [136.578424, 36.393876], [136.581172, 36.394518], [136.582623, 36.394578], [136.583344, 36.393822], [136.584324, 36.393277], [136.585198, 36.392241], [136.586063, 36.392138], [136.586772, 36.392248], [136.587295, 36.392037], [136.588193, 36.390817], [136.58905, 36.390095], [136.5898, 36.389076], [136.590237, 36.388711], [136.590682, 36.388581], [136.592149, 36.389059], [136.592981, 36.389758], [136.594254, 36.390313], [136.594291, 36.390881], [136.59329, 36.392054], [136.59317, 36.392376], [136.593941, 36.393475], [136.594971, 36.393692], [136.59563, 36.393539], [136.59596, 36.393579], [136.596578, 36.393927], [136.597464, 36.394859], [136.597851, 36.394866], [136.598613, 36.394582], [136.599631, 36.395027], [136.600328, 36.394706], [136.601221, 36.394816], [136.601522, 36.39496], [136.601699, 36.395378], [136.601757, 36.396381], [136.602202, 36.397721], [136.602915, 36.398905], [136.602915, 36.399513], [136.602614, 36.400924], [136.60275, 36.402084], [136.603669, 36.404166], [136.604892, 36.405143], [136.605564, 36.405404], [136.606829, 36.404952], [136.607719, 36.404136], [136.608102, 36.403966], [136.608564, 36.404578], [136.60907, 36.404912], [136.611592, 36.405527], [136.611954, 36.405955], [136.612671, 36.407704], [136.612991, 36.408093], [136.613594, 36.408523], [136.615341, 36.409349], [136.616845, 36.411241], [136.617064, 36.411719], [136.617101, 36.413116], [136.616882, 36.41448], [136.617006, 36.415011], [136.617933, 36.415811], [136.619873, 36.416436], [136.620833, 36.416549], [136.621052, 36.418341], [136.621785, 36.41892], [136.622002, 36.420398], [136.622461, 36.420885], [136.623011, 36.422296], [136.622877, 36.423864], [136.623046, 36.424751], [136.622819, 36.426049], [136.623193, 36.426428], [136.624008, 36.426843], [136.624493, 36.42727], [136.62461, 36.427929], [136.624273, 36.428579], [136.62562, 36.429468], [136.626226, 36.430238], [136.626315, 36.430886], [136.625995, 36.431541], [136.630004, 36.43054], [136.630402, 36.431992], [136.631622, 36.434311], [136.632078, 36.437194], [136.63185, 36.437694], [136.630985, 36.438648], [136.629176, 36.439975], [136.626188, 36.441567], [136.623898, 36.442413], [136.622276, 36.442841], [136.621372, 36.443754], [136.620081, 36.444642], [136.619865, 36.445346], [136.620212, 36.448116], [136.619836, 36.449644], [136.619008, 36.450869], [136.617746, 36.452204], [136.614827, 36.454232], [136.612106, 36.455605], [136.609946, 36.456348], [136.601246, 36.458198], [136.590343, 36.459391], [136.580861, 36.460153], [136.580763, 36.460235], [136.580829, 36.461315], [136.580211, 36.461382], [136.580156, 36.462118], [136.573622, 36.462167], [136.573529, 36.460241], [136.57337, 36.460142], [136.550967, 36.460817], [136.541586, 36.461659], [136.531909, 36.462083], [136.522945, 36.462234], [136.522813, 36.462318], [136.523557, 36.466304], [136.522686, 36.466332], [136.522666, 36.466504], [136.520574, 36.466968], [136.519151, 36.466981], [136.519095, 36.467877], [136.516848, 36.468201], [136.516696, 36.467744], [136.513514, 36.467691], [136.511171, 36.467503], [136.510216, 36.467276], [136.509728, 36.466903], [136.506401, 36.465391], [136.502123, 36.464041], [136.497058, 36.462262], [136.494494, 36.461743], [136.493125, 36.460949], [136.491454, 36.461498], [136.488846, 36.462005], [136.487039, 36.46409], [136.480719, 36.468212]]]}}, {"type": "Feature", "properties": {"pref_code": "17", "pref_name": "石川県", "municipality_code": "17212", "municipality_name": "野々市市", "ward_name": "", "display_name": "野々市市", "geometry_key": "17212"}, "geometry": {"type": "Polygon", "coordinates": [[[136.613484, 36.496698], [136.613021, 36.502055], [136.613106, 36.503209], [136.612946, 36.503571], [136.612959, 36.504362], [136.613383, 36.505592], [136.613613, 36.506889], [136.615103, 36.510047], [136.615276, 36.51074], [136.614925, 36.511917], [136.615237, 36.513091], [136.614912, 36.51542], [136.615063, 36.517328], [136.614968, 36.518769], [136.615289, 36.521242], [136.615124, 36.522377], [136.615289, 36.523217], [136.616709, 36.523137], [136.616844, 36.522676], [136.617273, 36.522539], [136.617736, 36.523635], [136.618199, 36.523688], [136.619165, 36.525234], [136.619689, 36.525628], [136.619923, 36.52567], [136.623617, 36.525076], [136.623554, 36.524754], [136.625228, 36.524574], [136.625581, 36.524436], [136.625817, 36.524438], [136.62594, 36.524561], [136.628419, 36.524644], [136.630826, 36.531373], [136.629989, 36.531731], [136.629531, 36.533296], [136.624978, 36.533433], [136.623143, 36.533602], [136.622044, 36.533842], [136.621957, 36.534719], [136.621648, 36.535462], [136.6218, 36.535881], [136.622271, 36.536315], [136.62237, 36.536753], [136.625711, 36.536536], [136.625631, 36.537341], [136.624831, 36.537467], [136.624781, 36.538699], [136.623579, 36.539399], [136.623597, 36.540651], [136.62392, 36.540872], [136.623628, 36.541864], [136.623188, 36.541803], [136.622754, 36.542648], [136.622044, 36.544559], [136.621823, 36.546207], [136.620811, 36.546179], [136.620658, 36.546314], [136.62, 36.546222], [136.62, 36.545892], [136.619543, 36.545373], [136.617139, 36.547127], [136.61508, 36.545999], [136.614373, 36.545473], [136.613798, 36.546079], [136.611911, 36.546055], [136.611812, 36.545923], [136.611793, 36.544392], [136.611617, 36.544073], [136.61164, 36.54366], [136.611944, 36.543207], [136.611756, 36.543058], [136.611836, 36.542841], [136.611416, 36.542496], [136.611551, 36.542366], [136.611283, 36.542166], [136.611644, 36.541891], [136.611229, 36.541419], [136.611363, 36.541307], [136.611202, 36.541173], [136.611314, 36.541067], [136.611041, 36.540854], [136.610773, 36.541086], [136.610384, 36.540875], [136.610223, 36.541057], [136.610098, 36.540966], [136.607412, 36.541006], [136.606916, 36.540665], [136.606893, 36.540422], [136.606621, 36.540262], [136.60591, 36.540132], [136.605133, 36.540183], [136.605164, 36.540846], [136.604909, 36.541086], [136.604542, 36.543881], [136.604288, 36.544088], [136.603541, 36.544247], [136.603264, 36.544476], [136.601226, 36.552113], [136.601074, 36.553806], [136.600756, 36.554419], [136.600721, 36.554876], [136.598178, 36.554966], [136.598464, 36.553828], [136.596256, 36.553563], [136.594544, 36.552845], [136.594522, 36.545633], [136.592255, 36.54515], [136.592377, 36.544988], [136.592368, 36.544179], [136.593144, 36.542827], [136.593163, 36.542457], [136.593539, 36.542049], [136.59369, 36.541663], [136.59441, 36.541499], [136.594288, 36.54093], [136.593379, 36.539541], [136.593375, 36.539155], [136.592834, 36.538719], [136.592053, 36.537086], [136.591648, 36.536818], [136.588147, 36.536513], [136.587571, 36.536197], [136.587319, 36.53654], [136.586345, 36.536116], [136.586279, 36.536929], [136.585202, 36.536868], [136.585258, 36.531508], [136.585442, 36.531394], [136.586717, 36.531684], [136.588966, 36.532352], [136.590491, 36.532409], [136.590646, 36.532073], [136.590782, 36.53029], [136.590467, 36.52942], [136.590519, 36.528786], [136.591333, 36.526916], [136.590152, 36.526908], [136.589164, 36.526755], [136.585451, 36.526999], [136.585479, 36.52795], [136.585404, 36.52808], [136.584877, 36.528118], [136.584755, 36.529176], [136.580351, 36.528954], [136.580393, 36.525553], [136.582586, 36.525541], [136.582779, 36.525812], [136.584496, 36.525858], [136.585451, 36.526037], [136.586153, 36.525797], [136.588166, 36.526026], [136.591479, 36.525873], [136.591615, 36.525793], [136.591658, 36.524922], [136.593375, 36.525098], [136.59538, 36.524915], [136.595281, 36.52017], [136.594801, 36.519918], [136.593742, 36.519891], [136.593667, 36.519143], [136.592698, 36.517209], [136.59337, 36.51565], [136.593488, 36.514989], [136.593446, 36.513813], [136.593262, 36.513153], [136.593168, 36.513065], [136.592909, 36.513115], [136.59258, 36.512832], [136.592481, 36.5125], [136.592048, 36.512374], [136.591813, 36.511336], [136.591676, 36.511198], [136.590401, 36.511217], [136.590623, 36.510439], [136.589343, 36.510042], [136.589089, 36.509271], [136.589291, 36.505907], [136.591004, 36.503987], [136.591718, 36.502371], [136.592059, 36.502351], [136.594049, 36.502846], [136.594395, 36.502726], [136.594986, 36.502074], [136.595808, 36.502433], [136.597509, 36.502671], [136.597793, 36.499517], [136.598164, 36.497718], [136.602847, 36.498157], [136.603069, 36.498019], [136.602988, 36.498734], [136.603529, 36.49877], [136.603453, 36.499246], [136.604321, 36.499269], [136.605344, 36.499685], [136.607247, 36.499344], [136.607817, 36.498642], [136.607994, 36.495525], [136.613344, 36.495496], [136.613263, 36.496446], [136.613484, 36.496698]]]}}, {"type": "Feature", "properties": {"pref_code": "17", "pref_name": "石川県", "municipality_code": "17324", "municipality_name": "川北町", "ward_name": "", "display_name": "川北町", "geometry_key": "17324"}, "geometry": {"type": "Polygon", "coordinates": [[[136.601246, 36.458198], [136.601618, 36.459941], [136.601516, 36.46019], [136.600469, 36.46082], [136.598886, 36.461234], [136.598047, 36.461332], [136.597496, 36.46161], [136.597295, 36.462114], [136.597335, 36.462424], [136.594308, 36.464691], [136.593932, 36.465733], [136.593698, 36.467059], [136.59283, 36.467308], [136.591947, 36.467924], [136.591466, 36.467974], [136.589904, 36.469238], [136.588752, 36.469371], [136.588529, 36.469332], [136.588682, 36.469193], [136.587796, 36.469054], [136.585691, 36.468915], [136.582922, 36.468074], [136.580321, 36.468337], [136.580106, 36.468175], [136.580372, 36.468098], [136.579942, 36.46795], [136.578479, 36.468412], [136.578548, 36.468716], [136.577184, 36.468642], [136.575462, 36.469415], [136.575491, 36.470075], [136.575276, 36.470259], [136.573569, 36.470658], [136.572668, 36.470466], [136.571474, 36.470708], [136.571132, 36.471016], [136.571132, 36.471886], [136.571001, 36.472005], [136.56512, 36.474133], [136.563464, 36.474411], [136.562526, 36.474446], [136.56199, 36.475127], [136.56072, 36.476142], [136.559878, 36.476317], [136.558853, 36.477128], [136.558178, 36.477489], [136.557083, 36.477737], [136.556339, 36.478336], [136.555821, 36.47841], [136.555405, 36.47862], [136.554191, 36.479422], [136.553059, 36.479718], [136.551651, 36.479875], [136.550243, 36.4806], [136.547467, 36.481239], [136.54661, 36.481071], [136.545063, 36.481408], [136.544377, 36.481766], [136.542977, 36.48184], [136.542802, 36.481766], [136.542214, 36.480141], [136.542309, 36.479096], [136.542112, 36.478182], [136.541529, 36.476414], [136.541302, 36.476346], [136.541021, 36.475633], [136.539537, 36.476033], [136.539136, 36.475334], [136.538293, 36.475485], [136.536378, 36.474662], [136.535831, 36.474751], [136.533554, 36.473457], [136.532453, 36.472643], [136.532226, 36.472347], [136.531821, 36.472264], [136.530414, 36.472605], [136.529352, 36.473164], [136.52469, 36.473857], [136.524643, 36.474087], [136.524198, 36.474283], [136.523709, 36.475123], [136.522881, 36.476044], [136.522235, 36.476541], [136.522049, 36.477021], [136.518879, 36.477681], [136.517525, 36.478337], [136.516883, 36.477716], [136.515683, 36.477748], [136.515304, 36.477443], [136.515136, 36.477597], [136.513812, 36.477594], [136.513082, 36.477313], [136.512754, 36.477325], [136.512721, 36.476576], [136.510795, 36.476517], [136.510671, 36.476597], [136.510645, 36.477414], [136.506768, 36.477641], [136.505571, 36.47852], [136.505151, 36.478564], [136.504662, 36.478795], [136.503524, 36.47884], [136.503495, 36.479464], [136.503039, 36.479517], [136.50208, 36.479049], [136.496351, 36.481159], [136.493158, 36.482007], [136.492765, 36.481692], [136.490703, 36.480852], [136.488311, 36.481034], [136.488048, 36.480102], [136.488785, 36.479668], [136.48922, 36.479565], [136.487921, 36.4753], [136.48742, 36.475381], [136.487059, 36.474402], [136.486555, 36.474527], [136.486392, 36.474791], [136.482373, 36.469489], [136.482209, 36.469043], [136.48177, 36.468688], [136.480719, 36.468212], [136.487039, 36.46409], [136.488846, 36.462005], [136.491454, 36.461498], [136.493125, 36.460949], [136.494494, 36.461743], [136.497058, 36.462262], [136.502123, 36.464041], [136.506401, 36.465391], [136.509728, 36.466903], [136.510216, 36.467276], [136.511171, 36.467503], [136.513514, 36.467691], [136.516696, 36.467744], [136.516848, 36.468201], [136.519095, 36.467877], [136.519151, 36.466981], [136.520574, 36.466968], [136.522666, 36.466504], [136.522686, 36.466332], [136.523557, 36.466304], [136.522813, 36.462318], [136.522945, 36.462234], [136.531909, 36.462083], [136.541586, 36.461659], [136.550967, 36.460817], [136.57337, 36.460142], [136.573529, 36.460241], [136.573622, 36.462167], [136.580156, 36.462118], [136.580211, 36.461382], [136.580829, 36.461315], [136.580763, 36.460235], [136.580861, 36.460153], [136.590343, 36.459391], [136.601246, 36.458198]]]}}, {"type": "Feature", "properties": {"pref_code": "17", "pref_name": "石川県", "municipality_code": "17361", "municipality_name": "津幡町", "ward_name": "", "display_name": "津幡町", "geometry_key": "17361"}, "geometry": {"type": "Polygon", "coordinates": [[[136.845116, 36.755679], [136.844243, 36.756114], [136.842632, 36.756562], [136.841947, 36.757056], [136.841636, 36.757689], [136.840906, 36.758265], [136.840519, 36.758914], [136.839663, 36.759665], [136.838241, 36.760365], [136.837207, 36.761214], [136.836484, 36.761502], [136.835209, 36.7623], [136.834028, 36.762686], [136.833749, 36.763731], [136.833571, 36.764122], [136.833153, 36.764529], [136.832975, 36.765239], [136.834098, 36.765892], [136.83531, 36.766361], [136.835526, 36.766603], [136.835716, 36.767226], [136.834675, 36.767194], [136.833711, 36.767509], [136.833489, 36.767967], [136.833406, 36.773448], [136.833273, 36.773751], [136.83241, 36.774688], [136.832493, 36.775985], [136.832378, 36.776875], [136.832613, 36.777519], [136.833228, 36.778239], [136.833768, 36.778734], [136.834364, 36.779047], [136.833806, 36.779366], [136.833184, 36.780241], [136.83246, 36.780674], [136.831959, 36.781209], [136.831344, 36.780545], [136.830982, 36.779917], [136.829866, 36.779897], [136.828965, 36.779402], [136.827816, 36.779243], [136.827581, 36.779413], [136.827023, 36.780524], [136.82649, 36.780596], [136.825665, 36.781142], [136.825202, 36.781615], [136.824688, 36.7816], [136.824295, 36.781265], [136.823667, 36.781049], [136.822975, 36.78108], [136.822721, 36.78125], [136.822423, 36.781893], [136.821573, 36.782006], [136.820488, 36.782459], [136.819923, 36.782922], [136.818997, 36.783427], [136.818578, 36.783473], [136.818483, 36.783226], [136.819346, 36.782418], [136.82111, 36.781178], [136.821351, 36.780895], [136.822119, 36.780478], [136.822721, 36.779824], [136.823235, 36.779675], [136.823965, 36.779824], [136.824961, 36.779227], [136.826046, 36.7788], [136.826179, 36.778208], [136.826579, 36.77792], [136.826401, 36.777519], [136.826554, 36.776865], [136.825951, 36.774426], [136.824226, 36.772506], [136.823413, 36.772238], [136.822316, 36.771579], [136.821504, 36.771435], [136.821028, 36.771054], [136.819765, 36.769268], [136.819765, 36.768944], [136.820076, 36.76845], [136.818483, 36.76792], [136.818128, 36.767534], [136.817291, 36.768022], [136.816611, 36.767497], [136.817149, 36.766994], [136.817311, 36.766494], [136.816851, 36.765787], [136.816683, 36.76504], [136.815839, 36.765111], [136.814855, 36.764702], [136.813507, 36.764519], [136.812887, 36.764265], [136.812476, 36.763702], [136.81026, 36.764782], [136.80938, 36.763608], [136.808813, 36.763434], [136.808223, 36.763411], [136.807355, 36.764035], [136.806423, 36.765227], [136.805074, 36.76596], [136.804496, 36.766096], [136.804126, 36.765532], [136.80357, 36.765049], [136.803639, 36.764105], [136.803281, 36.763199], [136.802349, 36.763457], [136.80184, 36.763072], [136.800833, 36.762795], [136.800028, 36.761899], [136.798911, 36.761622], [136.798228, 36.761209], [136.795966, 36.760748], [136.795543, 36.760344], [136.793564, 36.760607], [136.792546, 36.760213], [136.792134, 36.759931], [136.790943, 36.759542], [136.790086, 36.75872], [136.78879, 36.758086], [136.788049, 36.758021], [136.78765, 36.757837], [136.787019, 36.757105], [136.786301, 36.756776], [136.785271, 36.756011], [136.784369, 36.755654], [136.783251, 36.75488], [136.782794, 36.754269], [136.778962, 36.755189], [136.779189, 36.755598], [136.77872, 36.756138], [136.778043, 36.755992], [136.777412, 36.756109], [136.777001, 36.75633], [136.776029, 36.756156], [136.775751, 36.756292], [136.77563, 36.756771], [136.775428, 36.756922], [136.775121, 36.756898], [136.77339, 36.756212], [136.772962, 36.756241], [136.772459, 36.756949], [136.772783, 36.757311], [136.772696, 36.757475], [136.771509, 36.757776], [136.771266, 36.758902], [136.770948, 36.759165], [136.770809, 36.759161], [136.770346, 36.758456], [136.768685, 36.75824], [136.768639, 36.757264], [136.7678, 36.756043], [136.766851, 36.755259], [136.766652, 36.754014], [136.764588, 36.754128], [136.763601, 36.75357], [136.763409, 36.751879], [136.763081, 36.750898], [136.763186, 36.750561], [136.763491, 36.750369], [136.764071, 36.750398], [136.764299, 36.749562], [136.764267, 36.749051], [136.763478, 36.748418], [136.762846, 36.748291], [136.761589, 36.748318], [136.761247, 36.748244], [136.761046, 36.748048], [136.761562, 36.746834], [136.761233, 36.74559], [136.76163, 36.744835], [136.761881, 36.743428], [136.761835, 36.743236], [136.761343, 36.742907], [136.760964, 36.742822], [136.760882, 36.742662], [136.761019, 36.742148], [136.761944, 36.741535], [136.762168, 36.741433], [136.762729, 36.741567], [136.763364, 36.741515], [136.763774, 36.741082], [136.764273, 36.740141], [136.765312, 36.739553], [136.766142, 36.739317], [136.767086, 36.740542], [136.767691, 36.74068], [136.76799, 36.740414], [136.767793, 36.739813], [136.768245, 36.739635], [136.768245, 36.739376], [136.767721, 36.739272], [136.767246, 36.738217], [136.766859, 36.738401], [136.766215, 36.738128], [136.76627, 36.737024], [136.765622, 36.736922], [136.765149, 36.736051], [136.764632, 36.7355], [136.763879, 36.735833], [136.7633, 36.73644], [136.763227, 36.736041], [136.762903, 36.736226], [136.762681, 36.736103], [136.762661, 36.735248], [136.76201, 36.735262], [136.761589, 36.734751], [136.760567, 36.73482], [136.760561, 36.734597], [136.760074, 36.734175], [136.759962, 36.732915], [136.758955, 36.731462], [136.758523, 36.731233], [136.757982, 36.729757], [136.757675, 36.729283], [136.756788, 36.72871], [136.755812, 36.728325], [136.755055, 36.727157], [136.754735, 36.727157], [136.754087, 36.728], [136.753918, 36.727738], [136.753183, 36.727931], [136.753327, 36.727696], [136.754317, 36.727312], [136.754557, 36.727072], [136.754766, 36.726489], [136.754559, 36.726173], [136.754071, 36.725941], [136.753629, 36.725955], [136.753253, 36.726339], [136.752073, 36.726818], [136.751759, 36.726818], [136.751661, 36.726613], [136.751796, 36.726487], [136.752657, 36.726144], [136.753186, 36.725785], [136.753561, 36.725716], [136.753647, 36.725496], [136.753094, 36.724194], [136.752813, 36.723894], [136.752626, 36.723854], [136.751064, 36.724383], [136.750923, 36.724343], [136.75096, 36.724193], [136.751778, 36.723874], [136.752017, 36.723635], [136.752747, 36.723462], [136.752265, 36.722727], [136.751827, 36.722496], [136.750806, 36.722268], [136.750517, 36.721764], [136.750005, 36.721405], [136.748814, 36.721789], [136.746295, 36.719846], [136.744446, 36.719416], [136.742409, 36.718249], [136.742229, 36.717462], [136.742217, 36.716887], [136.742359, 36.716722], [136.74507, 36.716666], [136.745343, 36.716199], [136.745031, 36.715422], [136.744965, 36.714144], [136.744686, 36.713602], [136.744491, 36.713559], [136.744251, 36.713677], [136.743792, 36.714078], [136.743517, 36.714], [136.744222, 36.713342], [136.744359, 36.713011], [136.744222, 36.711967], [136.74396, 36.711651], [136.743734, 36.711571], [136.742647, 36.712164], [136.742241, 36.712565], [136.742125, 36.712117], [136.741805, 36.711707], [136.74237, 36.710351], [136.742195, 36.710147], [136.741901, 36.710076], [136.741521, 36.71017], [136.740568, 36.711], [136.739551, 36.710383], [136.738645, 36.710119], [136.738309, 36.709863], [136.738238, 36.70911], [136.737512, 36.708337], [136.737454, 36.707923], [136.737535, 36.707655], [136.738105, 36.70698], [136.738058, 36.706367], [136.737423, 36.705701], [136.737065, 36.705637], [136.736507, 36.706245], [136.736199, 36.706844], [136.736019, 36.706866], [136.735877, 36.706706], [136.736363, 36.705944], [136.735523, 36.705607], [136.735154, 36.70526], [136.735346, 36.704435], [136.735247, 36.702849], [136.735076, 36.702619], [136.734362, 36.702682], [136.735055, 36.701428], [136.733829, 36.700829], [136.733328, 36.700729], [136.732412, 36.700933], [136.731617, 36.701394], [136.730832, 36.700754], [136.729842, 36.700396], [136.72972, 36.699154], [136.728317, 36.699246], [136.726292, 36.699611], [136.725685, 36.69959], [136.725371, 36.699434], [136.725416, 36.698217], [136.724488, 36.698063], [136.72177, 36.698383], [136.722054, 36.699821], [136.721883, 36.700271], [136.722079, 36.700624], [136.722996, 36.700278], [136.723704, 36.699642], [136.724039, 36.699464], [136.724176, 36.699506], [136.724558, 36.700193], [136.724064, 36.700674], [136.72477, 36.701437], [136.724564, 36.702206], [136.723303, 36.702059], [136.722792, 36.7018], [136.721516, 36.701874], [136.721398, 36.70164], [136.721544, 36.700846], [136.721068, 36.700762], [136.720057, 36.70081], [136.719742, 36.700589], [136.711133, 36.699636], [136.710854, 36.699731], [136.710285, 36.699528], [136.706869, 36.699462], [136.706829, 36.694848], [136.706649, 36.694791], [136.706213, 36.694791], [136.705766, 36.699452], [136.700996, 36.699429], [136.700578, 36.694188], [136.695693, 36.694682], [136.695037, 36.685021], [136.694857, 36.684488], [136.692969, 36.682273], [136.685986, 36.674161], [136.696632, 36.668107], [136.689723, 36.660043], [136.698938, 36.65497], [136.703339, 36.652288], [136.705205, 36.649644], [136.706113, 36.649369], [136.705977, 36.648726], [136.707673, 36.648089], [136.708771, 36.647308], [136.708971, 36.647075], [136.708426, 36.646328], [136.70639, 36.644459], [136.708315, 36.642876], [136.70909, 36.643453], [136.709578, 36.644142], [136.709273, 36.645822], [136.70991, 36.645672], [136.710421, 36.646719], [136.711858, 36.646264], [136.712008, 36.646343], [136.713883, 36.650091], [136.714425, 36.649867], [136.713714, 36.64867], [136.714125, 36.648606], [136.71491, 36.647645], [136.714881, 36.647432], [136.716598, 36.646919], [136.717797, 36.646979], [136.718802, 36.646596], [136.721704, 36.645821], [136.726132, 36.643936], [136.726808, 36.643752], [136.728643, 36.643683], [136.729729, 36.643321], [136.731561, 36.643062], [136.731782, 36.643095], [136.732285, 36.643814], [136.732612, 36.643786], [136.733773, 36.643326], [136.734946, 36.642586], [136.735351, 36.641341], [136.735773, 36.640991], [136.736181, 36.640852], [136.73601, 36.640265], [136.737484, 36.640244], [136.738091, 36.640415], [136.738436, 36.640742], [136.738609, 36.641157], [136.738197, 36.641534], [136.73816, 36.641886], [136.739191, 36.642201], [136.740439, 36.641322], [136.741183, 36.641735], [136.74154, 36.64152], [136.741784, 36.641672], [136.742202, 36.641296], [136.742821, 36.641427], [136.743339, 36.641252], [136.744014, 36.641377], [136.744497, 36.641257], [136.744219, 36.64076], [136.744708, 36.64065], [136.743304, 36.640034], [136.742941, 36.63934], [136.742894, 36.638902], [136.744637, 36.636234], [136.745109, 36.63626], [136.745835, 36.635795], [136.746884, 36.636706], [136.747815, 36.636972], [136.748711, 36.637075], [136.748926, 36.637246], [136.749109, 36.637609], [136.749103, 36.638026], [136.748738, 36.638596], [136.748926, 36.639013], [136.749075, 36.638977], [136.749727, 36.637546], [136.750335, 36.637026], [136.753016, 36.635335], [136.75358, 36.635514], [136.753928, 36.635824], [136.754078, 36.636196], [136.754022, 36.637605], [136.754133, 36.638286], [136.755227, 36.63908], [136.755586, 36.639103], [136.756051, 36.638793], [136.756885, 36.638972], [136.75893, 36.63852], [136.759693, 36.638569], [136.760345, 36.638766], [136.760699, 36.63856], [136.760638, 36.637842], [136.761014, 36.637403], [136.761008, 36.636887], [136.761346, 36.636412], [136.761279, 36.635923], [136.761506, 36.635627], [136.762042, 36.635447], [136.762457, 36.635878], [136.763645, 36.635385], [136.764314, 36.635502], [136.764684, 36.635443], [136.765082, 36.635206], [136.765231, 36.634542], [136.765729, 36.634483], [136.766154, 36.634147], [136.766773, 36.634116], [136.767918, 36.633237], [136.768304, 36.633192], [136.769896, 36.633721], [136.770814, 36.633874], [136.77156, 36.633838], [136.771753, 36.633425], [136.771958, 36.633412], [136.773224, 36.634865], [136.776092, 36.634385], [136.776396, 36.634255], [136.776157, 36.633843], [136.776258, 36.633744], [136.776938, 36.634071], [136.777297, 36.633856], [136.778038, 36.633842], [136.778358, 36.633573], [136.778641, 36.632521], [136.778408, 36.632165], [136.77932, 36.631851], [136.779497, 36.630959], [136.779342, 36.630501], [136.779503, 36.630093], [136.779779, 36.629873], [136.781631, 36.629187], [136.782805, 36.628912], [136.783853, 36.62908], [136.784522, 36.629595], [136.785643, 36.630169], [136.785876, 36.630093], [136.78613, 36.629611], [136.78884, 36.63003], [136.791975, 36.631413], [136.792283, 36.63144], [136.793031, 36.631076], [136.793597, 36.631022], [136.794686, 36.631426], [136.794927, 36.631622], [136.794802, 36.632128], [136.794869, 36.632547], [136.796224, 36.633363], [136.797089, 36.633606], [136.797297, 36.633849], [136.797613, 36.634618], [136.797438, 36.635501], [136.798611, 36.635812], [136.799899, 36.636406], [136.800132, 36.636736], [136.800215, 36.637236], [136.800141, 36.638288], [136.799791, 36.639152], [136.799766, 36.640352], [136.799999, 36.641263], [136.799957, 36.641823], [136.799741, 36.642221], [136.799891, 36.643416], [136.799683, 36.644171], [136.799758, 36.644576], [136.800315, 36.645439], [136.80029, 36.646182], [136.800564, 36.646573], [136.801279, 36.647119], [136.80315, 36.647774], [136.803957, 36.647821], [136.804132, 36.647504], [136.805312, 36.647194], [136.806643, 36.647316], [136.807299, 36.647707], [136.807641, 36.648226], [136.807998, 36.649556], [136.808372, 36.650372], [136.809503, 36.651492], [136.808913, 36.651842], [136.808422, 36.651849], [136.807973, 36.651707], [136.807449, 36.652369], [136.80725, 36.652929], [136.807283, 36.653374], [136.807607, 36.654136], [136.808356, 36.654669], [136.808771, 36.655472], [136.809337, 36.655897], [136.810268, 36.657213], [136.810401, 36.65809], [136.811083, 36.658731], [136.811973, 36.658846], [136.812521, 36.659075], [136.814035, 36.659244], [136.814584, 36.65973], [136.814933, 36.660431], [136.81633, 36.661639], [136.816496, 36.662017], [136.816322, 36.662658], [136.815856, 36.663279], [136.815889, 36.66369], [136.817561, 36.665498], [136.817743, 36.666146], [136.818625, 36.667603], [136.819016, 36.667745], [136.820662, 36.667617], [136.821178, 36.667725], [136.823049, 36.668825], [136.823828, 36.669869], [136.823684, 36.670896], [136.823115, 36.672492], [136.822924, 36.673687], [136.822369, 36.673934], [136.821452, 36.67395], [136.821159, 36.674055], [136.820711, 36.674519], [136.820553, 36.674962], [136.820864, 36.676532], [136.821528, 36.677125], [136.821779, 36.677639], [136.821798, 36.678491], [136.821546, 36.679129], [136.821552, 36.679512], [136.822545, 36.680614], [136.822566, 36.680998], [136.822474, 36.681202], [136.821451, 36.682068], [136.820571, 36.683931], [136.819131, 36.684348], [136.817584, 36.685433], [136.817046, 36.685547], [136.816276, 36.685458], [136.814458, 36.684501], [136.813735, 36.684665], [136.811558, 36.68476], [136.811091, 36.684964], [136.810021, 36.686587], [136.810021, 36.686912], [136.811098, 36.688289], [136.811159, 36.68943], [136.811433, 36.690646], [136.812283, 36.691807], [136.812105, 36.692276], [136.811362, 36.693178], [136.811325, 36.693636], [136.811491, 36.694165], [136.812013, 36.695027], [136.813231, 36.696241], [136.813248, 36.696956], [136.813561, 36.697641], [136.813792, 36.698659], [136.813886, 36.69877], [136.814563, 36.698751], [136.814737, 36.698849], [136.815569, 36.700034], [136.815577, 36.700508], [136.814477, 36.701331], [136.812846, 36.703332], [136.812631, 36.703434], [136.81167, 36.703477], [136.810899, 36.703896], [136.808915, 36.704126], [136.807547, 36.704651], [136.806835, 36.705134], [136.804697, 36.707042], [136.804039, 36.708059], [136.803941, 36.708548], [136.801939, 36.708697], [136.79872, 36.709892], [136.797547, 36.711782], [136.796668, 36.712624], [136.795612, 36.713312], [136.794924, 36.713386], [136.793934, 36.713795], [136.793861, 36.714697], [136.793461, 36.715554], [136.793197, 36.715639], [136.792459, 36.715593], [136.791527, 36.716666], [136.789598, 36.717662], [136.789426, 36.717926], [136.789211, 36.719028], [136.789722, 36.719377], [136.790169, 36.719885], [136.790698, 36.720031], [136.79203, 36.720119], [136.793056, 36.720648], [136.793369, 36.72146], [136.793879, 36.722213], [136.793611, 36.722806], [136.793483, 36.724496], [136.793769, 36.726967], [136.794284, 36.727072], [136.794543, 36.727251], [136.795618, 36.728313], [136.795734, 36.7292], [136.796097, 36.729579], [136.796576, 36.729718], [136.798277, 36.729579], [136.799537, 36.730047], [136.801232, 36.729479], [136.80199, 36.728986], [136.804309, 36.729051], [136.804983, 36.728914], [136.806011, 36.728438], [136.806847, 36.728233], [136.807203, 36.728393], [136.807405, 36.72938], [136.807682, 36.729804], [136.807989, 36.730018], [136.808491, 36.730151], [136.811268, 36.730292], [136.812672, 36.730114], [136.813739, 36.730436], [136.814156, 36.730412], [136.8154, 36.730111], [136.815612, 36.729664], [136.815901, 36.729525], [136.817295, 36.730167], [136.818893, 36.730365], [136.819857, 36.730651], [136.820034, 36.730905], [136.820599, 36.734124], [136.820353, 36.734606], [136.820348, 36.734957], [136.820563, 36.735381], [136.821202, 36.735709], [136.821539, 36.736881], [136.821145, 36.737845], [136.821798, 36.738271], [136.822186, 36.738954], [136.82208, 36.739417], [136.821718, 36.739986], [136.821956, 36.740301], [136.822854, 36.741022], [136.825034, 36.742027], [136.825362, 36.742027], [136.825974, 36.741586], [136.826687, 36.741456], [136.827737, 36.741067], [136.828081, 36.741431], [136.828689, 36.741651], [136.830895, 36.742004], [136.831423, 36.741989], [136.831964, 36.741815], [136.832621, 36.742009], [136.833094, 36.742204], [136.833453, 36.743082], [136.834187, 36.743296], [136.835827, 36.744372], [136.837338, 36.744621], [136.839087, 36.745097], [136.839469, 36.745364], [136.839732, 36.745951], [136.840158, 36.746336], [136.840188, 36.746939], [136.840778, 36.747607], [136.840901, 36.748115], [136.8408, 36.748981], [136.842221, 36.749844], [136.84216, 36.750154], [136.842344, 36.750657], [136.843225, 36.751534], [136.843758, 36.752672], [136.844122, 36.752786], [136.844421, 36.75272], [136.844671, 36.752889], [136.844549, 36.753036], [136.844546, 36.753931], [136.845116, 36.755679]]]}}, {"type": "Feature", "properties": {"pref_code": "17", "pref_name": "石川県", "municipality_code": "17365", "municipality_name": "内灘町", "ward_name": "", "display_name": "内灘町", "geometry_key": "17365"}, "geometry": {"type": "Polygon", "coordinates": [[[136.692969, 36.682273], [136.681996, 36.688462], [136.68705, 36.694495], [136.685296, 36.695406], [136.681511, 36.695875], [136.675523, 36.698117], [136.669313, 36.701079], [136.667687, 36.698812], [136.666917, 36.6973], [136.665967, 36.695911], [136.664044, 36.693854], [136.663482, 36.692912], [136.662235, 36.691346], [136.660679, 36.688756], [136.657779, 36.685892], [136.657369, 36.684897], [136.655688, 36.682982], [136.65522, 36.682031], [136.654395, 36.681112], [136.653891, 36.680246], [136.652605, 36.679016], [136.651971, 36.677577], [136.65085, 36.67595], [136.650459, 36.675018], [136.649924, 36.674422], [136.649666, 36.673832], [136.648188, 36.672292], [136.647458, 36.671077], [136.646307, 36.669707], [136.64539, 36.668778], [136.644706, 36.668322], [136.644538, 36.667781], [136.644091, 36.667302], [136.64326, 36.666779], [136.643773, 36.666312], [136.643685, 36.666054], [136.642771, 36.665406], [136.642822, 36.66527], [136.642631, 36.665258], [136.642366, 36.665027], [136.641423, 36.663692], [136.639398, 36.661259], [136.638455, 36.659569], [136.637609, 36.658556], [136.636178, 36.657215], [136.634536, 36.654793], [136.633978, 36.654326], [136.633384, 36.65334], [136.632713, 36.652743], [136.632022, 36.65236], [136.631931, 36.651656], [136.631337, 36.650997], [136.631184, 36.650349], [136.629996, 36.649448], [136.629284, 36.648445], [136.628264, 36.647466], [136.627573, 36.646576], [136.624862, 36.643804], [136.623822, 36.643016], [136.623026, 36.642064], [136.622041, 36.641338], [136.621258, 36.640569], [136.6191, 36.639066], [136.618544, 36.638818], [136.620476, 36.637281], [136.621164, 36.636244], [136.625941, 36.631924], [136.627858, 36.630723], [136.628896, 36.629916], [136.629425, 36.629722], [136.629486, 36.629499], [136.630173, 36.629392], [136.631245, 36.628706], [136.631615, 36.628173], [136.632047, 36.626597], [136.632913, 36.625603], [136.636071, 36.627664], [136.639014, 36.630106], [136.640413, 36.632521], [136.643261, 36.634756], [136.647746, 36.638974], [136.649703, 36.640527], [136.653566, 36.644028], [136.666585, 36.652053], [136.671385, 36.657662], [136.671769, 36.657937], [136.672892, 36.659247], [136.673185, 36.659334], [136.685986, 36.674161], [136.692969, 36.682273]]]}}, {"type": "Feature", "properties": {"pref_code": "17", "pref_name": "石川県", "municipality_code": "17384", "municipality_name": "志賀町", "ward_name": "", "display_name": "志賀町", "geometry_key": "17384"}, "geometry": {"type": "MultiPolygon", "coordinates": [[[[136.79228, 37.220201], [136.79175, 37.219868], [136.790217, 37.219513], [136.788903, 37.218572], [136.788331, 37.218515], [136.787646, 37.218607], [136.78713, 37.218097], [136.786452, 37.217776], [136.786134, 37.2173], [136.785957, 37.21652], [136.785943, 37.215099], [136.785561, 37.214634], [136.784466, 37.214347], [136.782219, 37.213064], [136.780368, 37.213218], [136.780128, 37.213086], [136.779909, 37.212811], [136.779818, 37.21206], [136.77868, 37.211596], [136.778369, 37.211361], [136.778186, 37.210724], [136.778334, 37.209601], [136.778023, 37.209269], [136.777535, 37.208993], [136.777013, 37.208873], [136.776688, 37.208879], [136.776419, 37.209079], [136.776214, 37.209085], [136.774731, 37.208861], [136.773734, 37.208867], [136.773763, 37.208678], [136.774123, 37.208409], [136.77514, 37.208208], [136.775409, 37.207457], [136.775034, 37.206976], [136.774639, 37.206712], [136.773946, 37.206534], [136.772639, 37.205829], [136.772569, 37.205668], [136.77283, 37.205107], [136.772837, 37.204728], [136.772357, 37.203943], [136.772526, 37.203719], [136.773092, 37.203559], [136.773198, 37.202533], [136.772943, 37.202223], [136.772159, 37.202137], [136.770796, 37.202636], [136.770096, 37.202607], [136.769481, 37.202298], [136.769135, 37.202298], [136.76869, 37.202871], [136.767863, 37.203031], [136.767644, 37.202613], [136.767984, 37.201661], [136.767863, 37.201357], [136.767524, 37.201146], [136.766599, 37.201174], [136.765737, 37.200773], [136.764974, 37.199844], [136.764854, 37.199409], [136.764571, 37.199179], [136.764274, 37.199076], [136.763377, 37.199168], [136.762996, 37.198933], [136.763059, 37.198566], [136.76361, 37.197546], [136.76354, 37.197414], [136.762883, 37.197236], [136.762035, 37.196789], [136.761752, 37.196857], [136.761251, 37.197328], [136.761003, 37.197282], [136.760608, 37.196938], [136.759661, 37.196955], [136.758926, 37.197201], [136.757683, 37.196473], [136.756665, 37.196553], [136.755909, 37.197064], [136.754065, 37.197316], [136.754072, 37.196261], [136.752751, 37.194604], [136.752673, 37.194266], [136.752963, 37.193894], [136.752871, 37.193607], [136.75191, 37.193303], [136.751656, 37.193383], [136.751416, 37.193716], [136.751388, 37.194266], [136.75102, 37.194301], [136.749918, 37.193681], [136.750059, 37.193039], [136.748985, 37.193016], [136.747629, 37.192466], [136.747006, 37.192357], [136.746258, 37.191416], [136.745088, 37.191128], [136.743584, 37.190505], [136.743244, 37.190886], [136.743373, 37.191738], [136.743203, 37.192198], [136.743816, 37.192896], [136.743182, 37.193895], [136.74159, 37.193916], [136.741384, 37.194288], [136.741497, 37.194785], [136.741724, 37.195036], [136.741574, 37.195324], [136.74143, 37.195366], [136.740923, 37.195089], [136.740039, 37.195279], [136.739771, 37.195157], [136.739421, 37.195212], [136.739009, 37.195462], [136.738854, 37.195797], [136.738344, 37.195972], [136.738215, 37.196269], [136.738288, 37.19652], [136.738153, 37.196645], [136.737762, 37.19662], [136.736819, 37.196971], [136.736258, 37.197531], [136.735521, 37.197765], [136.735639, 37.198196], [136.735964, 37.198514], [136.736307, 37.198753], [136.736876, 37.19889], [136.736819, 37.199354], [136.736932, 37.199529], [136.737808, 37.199726], [136.738133, 37.199947], [136.738344, 37.201147], [136.738704, 37.201757], [136.738014, 37.201807], [136.737267, 37.202564], [136.736922, 37.202627], [136.735989, 37.20248], [136.735392, 37.202083], [136.734712, 37.202229], [136.73364, 37.201891], [136.733285, 37.201899], [136.732023, 37.203266], [136.731621, 37.204211], [136.731378, 37.204378], [136.730363, 37.204838], [136.72957, 37.204662], [136.728153, 37.204583], [136.727014, 37.205435], [136.725881, 37.205657], [136.72465, 37.206785], [136.724274, 37.206631], [136.723872, 37.206267], [136.722857, 37.206079], [136.720688, 37.206643], [136.718843, 37.206263], [136.717751, 37.207191], [136.717489, 37.207203], [136.716891, 37.206747], [136.716422, 37.206656], [136.715546, 37.206731], [136.714356, 37.207182], [136.714119, 37.207036], [136.713944, 37.206685], [136.713872, 37.206032], [136.713573, 37.205828], [136.713145, 37.20592], [136.713068, 37.206275], [136.712501, 37.206208], [136.710909, 37.206597], [136.710915, 37.207065], [136.710611, 37.207537], [136.710631, 37.20895], [136.710755, 37.209063], [136.711275, 37.2091], [136.711486, 37.209293], [136.711605, 37.210497], [136.711831, 37.210948], [136.712934, 37.211692], [136.713331, 37.212649], [136.714165, 37.212837], [136.714283, 37.212954], [136.714567, 37.213811], [136.714505, 37.214622], [136.714835, 37.21563], [136.71483, 37.216052], [136.71571, 37.216859], [136.716159, 37.217804], [136.716118, 37.217971], [136.715154, 37.218568], [136.715113, 37.219768], [136.714948, 37.220102], [136.714464, 37.220583], [136.713613, 37.220784], [136.712918, 37.221277], [136.712789, 37.221527], [136.712877, 37.221787], [136.712341, 37.222359], [136.710646, 37.222501], [136.709332, 37.223162], [136.708495, 37.223209], [136.707936, 37.222836], [136.706823, 37.222518], [136.706375, 37.221581], [136.704938, 37.220073], [136.704654, 37.219391], [136.703881, 37.219646], [136.702959, 37.219224], [136.701285, 37.219521], [136.700718, 37.219061], [136.699946, 37.218689], [136.699013, 37.218923], [136.69737, 37.219633], [136.696366, 37.219644], [136.696308, 37.219375], [136.69576, 37.21925], [136.695464, 37.218912], [136.695595, 37.218541], [136.695901, 37.218234], [136.695519, 37.217221], [136.695309, 37.217031], [136.695377, 37.216607], [136.69529, 37.21637], [136.695089, 37.216267], [136.695117, 37.216031], [136.69494, 37.216028], [136.694178, 37.215276], [136.693959, 37.215223], [136.693813, 37.214952], [136.693307, 37.214777], [136.693017, 37.214818], [136.692698, 37.215208], [136.691869, 37.215298], [136.69167, 37.215467], [136.691413, 37.215349], [136.691264, 37.215051], [136.690336, 37.214998], [136.690163, 37.214863], [136.690197, 37.214619], [136.690047, 37.214413], [136.689519, 37.214216], [136.689292, 37.214413], [136.689258, 37.214829], [136.688968, 37.214942], [136.688657, 37.214865], [136.688268, 37.214607], [136.688325, 37.214238], [136.688584, 37.214067], [136.688479, 37.213885], [136.68886, 37.213489], [136.689523, 37.213207], [136.68952, 37.212772], [136.689662, 37.212619], [136.689502, 37.212615], [136.689179, 37.212322], [136.689208, 37.211744], [136.688441, 37.211609], [136.687447, 37.210893], [136.686531, 37.210768], [136.686103, 37.211009], [136.685606, 37.211062], [136.685298, 37.210856], [136.685248, 37.210384], [136.684419, 37.210334], [136.6841, 37.20999], [136.683453, 37.210093], [136.683352, 37.210036], [136.683426, 37.209846], [136.683098, 37.209824], [136.682836, 37.209627], [136.682543, 37.208967], [136.682089, 37.208574], [136.681947, 37.208264], [136.681145, 37.207836], [136.68098, 37.207302], [136.679682, 37.20697], [136.679816, 37.206808], [136.680121, 37.206861], [136.680286, 37.206701], [136.680456, 37.206723], [136.680517, 37.206498], [136.680163, 37.206332], [136.680159, 37.206182], [136.680729, 37.206132], [136.679924, 37.205926], [136.679828, 37.205682], [136.679396, 37.205395], [136.679134, 37.204754], [136.679188, 37.204044], [136.679451, 37.203938], [136.680097, 37.203976], [136.680869, 37.204187], [136.681367, 37.204086], [136.68205, 37.203461], [136.682449, 37.201941], [136.682233, 37.201393], [136.68191, 37.201016], [136.68038, 37.201215], [136.680078, 37.20109], [136.680005, 37.200851], [136.680138, 37.200641], [136.679977, 37.20047], [136.67918, 37.200768], [136.678668, 37.200449], [136.678798, 37.200137], [136.678047, 37.200222], [136.677735, 37.199878], [136.678002, 37.199465], [136.678384, 37.199451], [136.678504, 37.199115], [136.678293, 37.198967], [136.678325, 37.198844], [136.67857, 37.198881], [136.678826, 37.199135], [136.679112, 37.199089], [136.680803, 37.198164], [136.682109, 37.196164], [136.682275, 37.194785], [136.682072, 37.194011], [136.681744, 37.193699], [136.681774, 37.192764], [136.681392, 37.192118], [136.680808, 37.191533], [136.680203, 37.191247], [136.679162, 37.191112], [136.678535, 37.190849], [136.678282, 37.190656], [136.678375, 37.190578], [136.678255, 37.190204], [136.677637, 37.189586], [136.677093, 37.189634], [136.676673, 37.189529], [136.676569, 37.189649], [136.676403, 37.189596], [136.676151, 37.189715], [136.675986, 37.18951], [136.67617, 37.189229], [136.675784, 37.188987], [136.675784, 37.188744], [136.676086, 37.188612], [136.676057, 37.188404], [136.676273, 37.188104], [136.67617, 37.187642], [136.676315, 37.187507], [136.676348, 37.187124], [136.676029, 37.186098], [136.675685, 37.185506], [136.675681, 37.184948], [136.675513, 37.184772], [136.675442, 37.184086], [136.674997, 37.184181], [136.674877, 37.184037], [136.675296, 37.183747], [136.675475, 37.183767], [136.675644, 37.182211], [136.676137, 37.181356], [136.676293, 37.177633], [136.676871, 37.176464], [136.676681, 37.175912], [136.676088, 37.175482], [136.675446, 37.174446], [136.675305, 37.173901], [136.675553, 37.172781], [136.675463, 37.17224], [136.673887, 37.170424], [136.673671, 37.169644], [136.673903, 37.169372], [136.673599, 37.169161], [136.674123, 37.168638], [136.67422, 37.168682], [136.675216, 37.167931], [136.676126, 37.166633], [136.67646, 37.165943], [136.676471, 37.165507], [136.675566, 37.16362], [136.674231, 37.162419], [136.674215, 37.162026], [136.673906, 37.161756], [136.674, 37.161589], [136.673876, 37.161257], [136.673989, 37.161244], [136.673639, 37.16096], [136.673822, 37.160597], [136.673225, 37.160169], [136.673516, 37.159593], [136.67309, 37.15944], [136.673187, 37.159248], [136.673004, 37.159042], [136.674016, 37.157239], [136.673973, 37.156688], [136.673591, 37.155553], [136.673274, 37.155217], [136.673031, 37.155225], [136.672967, 37.155051], [136.67273, 37.155055], [136.672719, 37.154876], [136.672462, 37.154802], [136.672412, 37.154627], [136.671974, 37.154406], [136.671734, 37.154094], [136.671617, 37.15374], [136.671809, 37.1535], [136.671621, 37.153212], [136.671653, 37.152343], [136.671287, 37.151617], [136.67083, 37.151495], [136.670712, 37.15115], [136.670997, 37.151032], [136.670695, 37.150429], [136.670491, 37.150268], [136.670321, 37.15033], [136.670206, 37.150176], [136.67005, 37.150246], [136.669561, 37.150011], [136.669586, 37.149724], [136.669952, 37.149569], [136.669771, 37.14935], [136.669947, 37.149102], [136.6699, 37.148886], [136.670245, 37.148846], [136.670399, 37.148329], [136.670399, 37.148202], [136.670131, 37.148143], [136.670295, 37.147787], [136.670179, 37.147639], [136.669958, 37.147674], [136.669935, 37.147477], [136.669734, 37.147482], [136.669663, 37.14733], [136.669743, 37.147071], [136.669989, 37.146982], [136.669878, 37.14668], [136.670195, 37.146591], [136.670421, 37.146119], [136.670561, 37.145459], [136.670283, 37.145464], [136.67022, 37.145028], [136.670469, 37.144804], [136.6704, 37.144628], [136.670679, 37.144603], [136.670771, 37.144433], [136.670981, 37.143612], [136.670628, 37.143358], [136.670561, 37.143079], [136.670671, 37.143025], [136.671108, 37.14329], [136.671272, 37.143087], [136.671072, 37.142826], [136.671433, 37.142839], [136.672192, 37.142415], [136.672375, 37.141974], [136.672166, 37.141638], [136.672424, 37.141411], [136.672824, 37.141487], [136.672797, 37.141224], [136.673019, 37.140931], [136.672818, 37.140681], [136.673149, 37.1407], [136.673245, 37.140601], [136.673233, 37.140327], [136.673521, 37.14015], [136.673497, 37.139891], [136.67377, 37.139686], [136.673686, 37.139409], [136.674149, 37.139082], [136.674666, 37.139134], [136.674723, 37.138842], [136.675141, 37.138891], [136.675111, 37.138617], [136.675333, 37.138403], [136.675609, 37.138467], [136.675438, 37.138723], [136.67551, 37.138821], [136.675754, 37.138699], [136.676066, 37.138211], [136.676291, 37.13834], [136.676453, 37.138138], [136.676661, 37.138167], [136.676706, 37.13826], [136.676357, 37.13864], [136.677363, 37.13836], [136.67733, 37.138077], [136.67764, 37.137781], [136.678025, 37.137799], [136.677977, 37.138111], [136.678343, 37.13796], [136.678407, 37.13836], [136.678202, 37.138426], [136.679053, 37.138925], [136.679632, 37.138903], [136.679428, 37.138756], [136.679653, 37.138524], [136.680022, 37.138713], [136.680437, 37.139197], [136.680672, 37.139132], [136.680954, 37.139256], [136.681423, 37.138927], [136.681609, 37.139059], [136.681299, 37.139329], [136.681464, 37.139447], [136.681876, 37.139534], [136.682197, 37.139214], [136.682823, 37.139378], [136.682985, 37.139631], [136.682883, 37.139765], [136.684081, 37.140442], [136.684052, 37.140786], [136.684717, 37.140689], [136.685226, 37.140786], [136.685736, 37.140594], [136.68546, 37.140044], [136.685295, 37.140007], [136.685097, 37.13968], [136.685357, 37.1394], [136.685399, 37.139154], [136.685609, 37.139084], [136.685399, 37.138699], [136.685074, 37.138525], [136.685393, 37.138382], [136.684959, 37.138034], [136.684915, 37.137787], [136.684744, 37.137939], [136.684579, 37.13777], [136.684675, 37.137363], [136.684325, 37.13757], [136.683788, 37.137048], [136.683973, 37.136828], [136.683993, 37.136461], [136.684577, 37.136274], [136.685075, 37.136258], [136.684787, 37.135805], [136.685061, 37.135743], [136.685572, 37.136451], [136.686162, 37.136498], [136.686285, 37.13673], [136.686458, 37.136759], [136.687045, 37.136607], [136.687154, 37.13675], [136.686324, 37.137262], [136.686911, 37.138071], [136.687417, 37.138001], [136.687364, 37.137424], [136.688549, 37.137104], [136.688359, 37.13737], [136.689072, 37.137832], [136.689734, 37.138026], [136.689804, 37.137865], [136.690137, 37.13787], [136.690786, 37.138491], [136.690803, 37.138407], [136.690981, 37.138446], [136.691274, 37.138972], [136.691328, 37.13938], [136.692169, 37.139497], [136.692222, 37.139279], [136.692457, 37.139383], [136.692451, 37.139268], [136.692692, 37.139302], [136.692874, 37.139191], [136.693377, 37.139534], [136.693396, 37.140013], [136.693765, 37.13986], [136.693933, 37.139166], [136.694165, 37.1393], [136.694218, 37.139706], [136.694473, 37.139375], [136.69471, 37.139845], [136.694824, 37.139844], [136.694833, 37.139572], [136.695062, 37.139354], [136.695048, 37.138939], [136.695442, 37.139314], [136.695688, 37.139864], [136.695565, 37.139985], [136.695277, 37.139789], [136.695241, 37.140007], [136.695433, 37.140361], [136.699071, 37.139049], [136.699095, 37.13913], [136.699948, 37.13884], [136.701759, 37.141359], [136.701654, 37.141408], [136.699884, 37.138977], [136.696238, 37.14024], [136.69681, 37.141053], [136.697421, 37.140828], [136.697654, 37.140852], [136.697703, 37.140683], [136.697904, 37.140691], [136.698129, 37.141134], [136.697936, 37.141214], [136.697759, 37.141053], [136.697598, 37.141094], [136.697711, 37.141263], [136.697083, 37.14148], [136.698104, 37.143577], [136.69835, 37.143528], [136.698407, 37.143342], [136.698848, 37.143349], [136.700608, 37.142773], [136.700651, 37.142864], [136.698821, 37.143435], [136.698519, 37.143435], [136.698455, 37.143587], [136.698247, 37.143646], [136.698941, 37.145356], [136.69831, 37.145961], [136.699083, 37.147225], [136.700098, 37.146865], [136.700291, 37.147252], [136.699289, 37.147657], [136.699904, 37.148615], [136.699615, 37.148799], [136.699781, 37.149009], [136.69995, 37.148948], [136.700116, 37.149198], [136.701668, 37.147958], [136.70171, 37.148085], [136.700187, 37.14938], [136.700739, 37.149496], [136.700904, 37.149391], [136.701444, 37.149735], [136.702605, 37.150001], [136.70517, 37.150001], [136.709409, 37.149226], [136.713262, 37.147748], [136.716719, 37.145932], [136.717733, 37.145221], [136.720784, 37.142497], [136.724468, 37.138703], [136.727329, 37.135332], [136.727675, 37.13441], [136.727624, 37.134097], [136.727364, 37.133804], [136.727226, 37.133818], [136.727322, 37.13352], [136.727052, 37.133448], [136.726662, 37.133056], [136.726996, 37.132971], [136.727052, 37.132848], [136.72696, 37.132691], [136.726785, 37.13269], [136.726686, 37.132436], [136.726909, 37.132367], [136.72685, 37.132031], [136.727009, 37.131743], [136.726879, 37.130645], [136.727273, 37.129089], [136.727235, 37.128916], [136.726986, 37.128833], [136.726769, 37.128536], [136.727052, 37.128451], [136.727636, 37.128566], [136.728309, 37.127844], [136.728306, 37.127491], [136.729069, 37.12698], [136.729347, 37.126701], [136.729389, 37.12646], [136.728788, 37.125511], [136.72817, 37.125398], [136.727561, 37.124884], [136.727276, 37.124882], [136.727214, 37.124765], [136.726911, 37.124848], [136.726653, 37.124539], [136.727148, 37.124476], [136.727195, 37.124347], [136.726915, 37.123773], [136.726598, 37.123719], [136.726843, 37.123493], [136.726856, 37.123273], [136.727185, 37.123192], [136.727193, 37.122835], [136.726778, 37.122493], [136.726881, 37.122391], [136.72712, 37.122414], [136.727221, 37.121382], [136.727171, 37.120992], [136.726756, 37.120744], [136.726809, 37.120664], [136.726988, 37.120716], [136.726999, 37.120601], [136.726442, 37.120183], [136.726865, 37.120181], [136.726301, 37.119194], [136.726432, 37.116665], [136.725581, 37.116232], [136.725431, 37.115565], [136.724714, 37.115286], [136.72495, 37.115172], [136.725401, 37.115266], [136.725673, 37.115206], [136.725903, 37.114853], [136.726241, 37.114683], [136.726488, 37.113432], [136.726822, 37.112541], [136.726556, 37.1119], [136.726625, 37.11134], [136.726364, 37.11108], [136.726288, 37.110749], [136.726536, 37.110642], [136.726548, 37.110224], [136.726766, 37.110098], [136.72715, 37.109347], [136.727086, 37.109142], [136.727236, 37.108767], [136.727104, 37.108247], [136.727247, 37.108172], [136.727115, 37.107926], [136.727169, 37.107792], [136.727408, 37.107731], [136.727233, 37.107366], [136.727443, 37.107131], [136.72733, 37.106907], [136.727473, 37.106598], [136.727664, 37.10651], [136.727468, 37.106078], [136.727703, 37.105677], [136.727976, 37.105629], [136.728164, 37.104987], [136.728385, 37.104899], [136.728711, 37.104399], [136.729346, 37.104096], [136.729468, 37.103685], [136.72938, 37.103055], [136.729056, 37.102984], [136.728791, 37.103065], [136.728428, 37.102909], [136.728079, 37.102554], [136.72809, 37.102259], [136.727926, 37.102085], [136.726167, 37.102116], [136.725954, 37.102004], [136.725908, 37.101775], [136.726003, 37.101596], [136.726212, 37.101591], [136.726356, 37.101308], [136.726861, 37.101427], [136.727341, 37.101159], [136.728473, 37.10098], [136.72829, 37.100646], [136.728743, 37.100456], [136.728356, 37.100373], [136.72829, 37.100278], [136.728411, 37.100204], [136.728292, 37.100117], [136.729067, 37.099559], [136.729556, 37.0986], [136.729602, 37.098112], [136.729234, 37.097142], [136.728583, 37.097142], [136.728482, 37.096939], [136.728307, 37.096932], [136.728273, 37.097098], [136.727989, 37.097129], [136.727851, 37.096664], [136.727505, 37.096322], [136.727313, 37.096247], [136.727053, 37.096376], [136.726832, 37.096196], [136.726245, 37.096032], [136.726151, 37.095766], [136.725821, 37.095532], [136.725637, 37.095209], [136.725758, 37.09485], [136.7259, 37.094796], [136.726185, 37.094925], [136.726438, 37.094689], [136.726218, 37.094423], [136.726381, 37.094294], [136.726063, 37.094165], [136.726406, 37.094009], [136.726276, 37.093738], [136.726861, 37.093664], [136.726953, 37.093748], [136.726861, 37.093901], [136.727124, 37.093908], [136.727354, 37.09304], [136.726728, 37.092674], [136.725854, 37.092734], [136.725478, 37.092545], [136.725492, 37.092431], [136.725996, 37.092297], [136.726301, 37.091884], [136.726205, 37.091443], [136.725955, 37.09128], [136.72437, 37.091481], [136.724308, 37.091647], [136.723993, 37.09177], [136.723788, 37.091722], [136.723706, 37.091574], [136.723841, 37.090927], [136.723653, 37.091043], [136.723519, 37.090992], [136.723476, 37.090602], [136.723038, 37.090161], [136.723352, 37.090056], [136.723733, 37.090265], [136.723633, 37.089719], [136.723838, 37.089587], [136.723826, 37.089357], [136.723437, 37.089162], [136.723289, 37.088705], [136.723592, 37.088087], [136.723384, 37.087942], [136.723056, 37.088184], [136.722623, 37.088142], [136.722399, 37.087922], [136.722164, 37.087936], [136.721924, 37.087762], [136.721833, 37.087785], [136.721936, 37.088053], [136.721679, 37.088036], [136.721559, 37.087806], [136.721632, 37.087302], [136.721304, 37.08681], [136.721298, 37.086377], [136.721491, 37.0862], [136.721692, 37.086203], [136.721771, 37.085882], [136.722055, 37.085844], [136.72219, 37.08608], [136.722411, 37.086129], [136.72232, 37.086322], [136.722462, 37.08649], [136.722667, 37.086445], [136.722834, 37.086008], [136.723288, 37.086445], [136.723269, 37.086123], [136.723694, 37.086379], [136.723642, 37.086097], [136.723508, 37.086039], [136.723591, 37.085851], [136.723859, 37.085656], [136.724271, 37.085818], [136.724324, 37.085575], [136.724717, 37.085742], [136.724954, 37.08603], [136.725466, 37.085716], [136.726284, 37.085658], [136.72634, 37.085831], [136.727228, 37.085941], [136.727248, 37.08533], [136.7269, 37.084993], [136.726125, 37.085111], [136.725552, 37.084699], [136.724817, 37.084961], [136.724446, 37.084714], [136.724552, 37.084555], [136.725261, 37.084365], [136.725294, 37.084149], [136.725771, 37.083927], [136.725837, 37.083642], [136.726993, 37.083594], [136.72792, 37.082813], [136.727947, 37.082649], [136.727764, 37.082309], [136.727321, 37.082214], [136.72682, 37.082867], [136.72585, 37.083031], [136.725472, 37.083203], [136.724775, 37.084019], [136.723779, 37.083877], [136.723766, 37.083621], [136.723605, 37.083483], [136.723269, 37.083711], [136.723189, 37.083463], [136.722589, 37.0829], [136.722672, 37.081896], [136.722577, 37.081816], [136.722358, 37.08192], [136.722108, 37.08155], [136.721947, 37.081577], [136.722012, 37.081362], [136.721194, 37.080801], [136.721132, 37.080616], [136.720814, 37.080882], [136.720524, 37.080938], [136.720432, 37.080796], [136.720561, 37.080646], [136.720225, 37.08078], [136.719938, 37.080385], [136.719882, 37.079768], [136.719406, 37.079439], [136.719593, 37.080039], [136.718523, 37.079668], [136.718309, 37.079351], [136.718489, 37.079038], [136.718882, 37.079013], [136.718916, 37.07886], [136.718778, 37.07874], [136.718368, 37.078857], [136.718192, 37.078718], [136.718221, 37.078591], [136.717907, 37.078453], [136.718016, 37.078216], [136.718401, 37.078409], [136.718677, 37.078373], [136.718288, 37.078089], [136.718221, 37.077812], [136.718451, 37.077423], [136.71833, 37.077368], [136.718309, 37.076986], [136.718543, 37.076368], [136.718448, 37.075713], [136.718678, 37.075047], [136.718326, 37.074934], [136.718564, 37.074719], [136.718448, 37.074537], [136.719, 37.074279], [136.719121, 37.074374], [136.719029, 37.074647], [136.71936, 37.074512], [136.719447, 37.074606], [136.719435, 37.074952], [136.719958, 37.074919], [136.720184, 37.075025], [136.720468, 37.07472], [136.719686, 37.073999], [136.719569, 37.074065], [136.71936, 37.073908], [136.718489, 37.073773], [136.71905, 37.073191], [136.719385, 37.073159], [136.719485, 37.073042], [136.719452, 37.072674], [136.71933, 37.072478], [136.719079, 37.072452], [136.718732, 37.071783], [136.718811, 37.071594], [136.719234, 37.071871], [136.719109, 37.07119], [136.719866, 37.070495], [136.720661, 37.070088], [136.72046, 37.069578], [136.720603, 37.069061], [136.720837, 37.068723], [136.721402, 37.068541], [136.721528, 37.068381], [136.721348, 37.068334], [136.721716, 37.068017], [136.721691, 37.067177], [136.721465, 37.066707], [136.72182, 37.066398], [136.721812, 37.066216], [136.72167, 37.066209], [136.721478, 37.064866], [136.721766, 37.064753], [136.721708, 37.064444], [136.722005, 37.063705], [136.721603, 37.063472], [136.721523, 37.063229], [136.722051, 37.063123], [136.722172, 37.062206], [136.722056, 37.061945], [136.722168, 37.061522], [136.721925, 37.061369], [136.7218, 37.061006], [136.722151, 37.060707], [136.719019, 37.060281], [136.719128, 37.059316], [136.720224, 37.059417], [136.720149, 37.060263], [136.722185, 37.060577], [136.72228, 37.060263], [136.721967, 37.060056], [136.722248, 37.059423], [136.722118, 37.059259], [136.722499, 37.059132], [136.722573, 37.058411], [136.722327, 37.058175], [136.722026, 37.05752], [136.722507, 37.057127], [136.722972, 37.056443], [136.722829, 37.056244], [136.72262, 37.0562], [136.72252, 37.055962], [136.721934, 37.055795], [136.721892, 37.055555], [136.721993, 37.055497], [136.722227, 37.055628], [136.722769, 37.055269], [136.723018, 37.05542], [136.723307, 37.055024], [136.723114, 37.054507], [136.723482, 37.054507], [136.723503, 37.054216], [136.723349, 37.053933], [136.722913, 37.053688], [136.723428, 37.053688], [136.724884, 37.052062], [136.725135, 37.051975], [136.725323, 37.052175], [136.72575, 37.051429], [136.725332, 37.051283], [136.725458, 37.051116], [136.725826, 37.051156], [136.72688, 37.050476], [136.72752, 37.050439], [136.729106, 37.051542], [136.729529, 37.051189], [136.729458, 37.050934], [136.729253, 37.05092], [136.728981, 37.05067], [136.729363, 37.050509], [136.729169, 37.050399], [136.729462, 37.050246], [136.729675, 37.050479], [136.729914, 37.050392], [136.730086, 37.050006], [136.730395, 37.050232], [136.730521, 37.050003], [136.730479, 37.049704], [136.730102, 37.049413], [136.730165, 37.048544], [136.730061, 37.048158], [136.730169, 37.047899], [136.730764, 37.048163], [136.730822, 37.048055], [136.730548, 37.047856], [136.730545, 37.047701], [136.730928, 37.047836], [136.730968, 37.048064], [136.732609, 37.049053], [136.732873, 37.049104], [136.73273, 37.049612], [136.733475, 37.049544], [136.733797, 37.04929], [136.733529, 37.048926], [136.733709, 37.048496], [136.733939, 37.048496], [136.733923, 37.048154], [136.734471, 37.047656], [136.733977, 37.047277], [136.733676, 37.047252], [136.733785, 37.047016], [136.733492, 37.046706], [136.733534, 37.046466], [136.733877, 37.046502], [136.733977, 37.04635], [136.733743, 37.046037], [136.73435, 37.045553], [136.7344, 37.045436], [136.734266, 37.045335], [136.734383, 37.045116], [136.735467, 37.044934], [136.735003, 37.044436], [136.734593, 37.044421], [136.73399, 37.043915], [136.734187, 37.043803], [136.734605, 37.043872], [136.734488, 37.043614], [136.733297, 37.043174], [136.733501, 37.042927], [136.734011, 37.043006], [136.734195, 37.042613], [136.733806, 37.04246], [136.733827, 37.042082], [136.733136, 37.041609], [136.733563, 37.041387], [136.733609, 37.04159], [136.733915, 37.041761], [136.733731, 37.041372], [136.734086, 37.041754], [136.733994, 37.041274], [136.73453, 37.041449], [136.734593, 37.040841], [136.734769, 37.040532], [136.735706, 37.041318], [136.73581, 37.041565], [136.736112, 37.041591], [136.736806, 37.04119], [136.736746, 37.040754], [136.737095, 37.03974], [136.736789, 37.039644], [136.736689, 37.039367], [136.737028, 37.039375], [136.737229, 37.03956], [136.737376, 37.039466], [136.736986, 37.039047], [136.737124, 37.038934], [136.737631, 37.039346], [136.738129, 37.039386], [136.738807, 37.039189], [136.739401, 37.038272], [136.738786, 37.038079], [136.738715, 37.037872], [136.739221, 37.037927], [136.739422, 37.037581], [136.739196, 37.037075], [136.739309, 37.036933], [136.739891, 37.037293], [136.740175, 37.036981], [136.740004, 37.036486], [136.741359, 37.0357], [136.741577, 37.03586], [136.741339, 37.035412], [136.742661, 37.034463], [136.741862, 37.033815], [136.740915, 37.033861], [136.740811, 37.034066], [136.740912, 37.034168], [136.740532, 37.034243], [136.740209, 37.034208], [136.739987, 37.033968], [136.740075, 37.033564], [136.739945, 37.033553], [136.739732, 37.033891], [136.739234, 37.033582], [136.739539, 37.033186], [136.739359, 37.03296], [136.738543, 37.032854], [136.738472, 37.032551], [136.738179, 37.032279], [136.738271, 37.032141], [136.738702, 37.032196], [136.738347, 37.032046], [136.738229, 37.031777], [136.738334, 37.031628], [136.738861, 37.031981], [136.739188, 37.032476], [136.739414, 37.032538], [136.739523, 37.032319], [136.739715, 37.032334], [136.739548, 37.031905], [136.740334, 37.032399], [136.740372, 37.032629], [136.74082, 37.0326], [136.740757, 37.031705], [136.740966, 37.031476], [136.741991, 37.03109], [136.742774, 37.030639], [136.743121, 37.030984], [136.743427, 37.030988], [136.744008, 37.03042], [136.744251, 37.03065], [136.745138, 37.030755], [136.745272, 37.03093], [136.745766, 37.030944], [136.746148, 37.030708], [136.746377, 37.030373], [136.746117, 37.030209], [136.745795, 37.030224], [136.745946, 37.030173], [136.745916, 37.030057], [136.746372, 37.029929], [136.746572, 37.029697], [136.746558, 37.029126], [136.746223, 37.028942], [136.746243, 37.028569], [136.746689, 37.028528], [136.746869, 37.02866], [136.746897, 37.028549], [136.746595, 37.028121], [136.746398, 37.028149], [136.745899, 37.027691], [136.745943, 37.02758], [136.745785, 37.027479], [136.745891, 37.027341], [136.745425, 37.026789], [136.745491, 37.026257], [136.744923, 37.02576], [136.744759, 37.024234], [136.744563, 37.023843], [136.743953, 37.023057], [136.743961, 37.023246], [136.743712, 37.023282], [136.743648, 37.023692], [136.743401, 37.023624], [136.743254, 37.023209], [136.743005, 37.02312], [136.743071, 37.023325], [136.742935, 37.023383], [136.742353, 37.022633], [136.742433, 37.022486], [136.742237, 37.021879], [136.741993, 37.021659], [136.742273, 37.021505], [136.742237, 37.021112], [136.742669, 37.020606], [136.742944, 37.02062], [136.74301, 37.020417], [136.742714, 37.01995], [136.742866, 37.019801], [136.743077, 37.020256], [136.743423, 37.020531], [136.743509, 37.020459], [136.743498, 37.020237], [136.743179, 37.020003], [136.742883, 37.019109], [136.742936, 37.018872], [136.742597, 37.018964], [136.742841, 37.017884], [136.742287, 37.017783], [136.741788, 37.016828], [136.741936, 37.016545], [136.742636, 37.01623], [136.742398, 37.015825], [136.742509, 37.0157], [136.742902, 37.016143], [136.74288, 37.016973], [136.743546, 37.017002], [136.743612, 37.016095], [136.743263, 37.0161], [136.742869, 37.015164], [136.742924, 37.015073], [136.743302, 37.015232], [136.743656, 37.014894], [136.743573, 37.014711], [136.743856, 37.014268], [136.743063, 37.013959], [136.742309, 37.013327], [136.742875, 37.01258], [136.742947, 37.012262], [136.743119, 37.012189], [136.743501, 37.012551], [136.743768, 37.012002], [136.744705, 37.011225], [136.744865, 37.011684], [136.745254, 37.011312], [136.745448, 37.011929], [136.745814, 37.011582], [136.746158, 37.011746], [136.746451, 37.011674], [136.74598, 37.01136], [136.746424, 37.011196], [136.74669, 37.011245], [136.746859, 37.011047], [136.746756, 37.010362], [136.747333, 37.010289], [136.747442, 37.010121], [136.748026, 37.010217], [136.747971, 37.010815], [136.748999, 37.011152], [136.750933, 37.010823], [136.751293, 37.010261], [136.751807, 37.010153], [136.751906, 37.009812], [136.752648, 37.009664], [136.753295, 37.009222], [136.7533, 37.008918], [136.752969, 37.008472], [136.754156, 37.006607], [136.754739, 37.006648], [136.756084, 37.007321], [136.756267, 37.006788], [136.755664, 37.006026], [136.756588, 37.006226], [136.7582, 37.006287], [136.75852, 37.006208], [136.758583, 37.005994], [136.758902, 37.005837], [136.759421, 37.005926], [136.760158, 37.005505], [136.759953, 37.00501], [136.760438, 37.004811], [136.761052, 37.005035], [136.761059, 37.004701], [136.761328, 37.004709], [136.761636, 37.005132], [136.762164, 37.005124], [136.762773, 37.004675], [136.762776, 37.004477], [136.762444, 37.00407], [136.762802, 37.003847], [136.763279, 37.003912], [136.7637, 37.003546], [136.763811, 37.003724], [136.764122, 37.003725], [136.764379, 37.003399], [136.764599, 37.00333], [136.765214, 37.003314], [136.765383, 37.003207], [136.765889, 37.003317], [136.76631, 37.003], [136.764495, 37.002675], [136.763568, 37.001989], [136.763703, 37.001867], [136.764614, 37.002555], [136.765644, 37.001736], [136.764887, 37.00116], [136.765034, 37.001042], [136.764594, 37.000685], [136.764848, 37.000454], [136.765226, 37.000387], [136.765343, 37.000617], [136.767104, 37.001812], [136.767962, 37.001051], [136.768902, 36.999734], [136.769786, 36.997317], [136.770039, 36.996056], [136.770144, 36.993871], [136.769905, 36.992412], [136.76872, 36.990587], [136.767886, 36.988728], [136.766966, 36.987991], [136.766833, 36.988007], [136.766559, 36.987686], [136.766489, 36.987748], [136.766202, 36.987557], [136.766195, 36.987444], [136.766026, 36.987394], [136.765612, 36.987611], [136.765359, 36.987476], [136.765331, 36.987229], [136.765417, 36.986391], [136.765612, 36.986242], [136.765779, 36.986311], [136.766077, 36.986209], [136.766232, 36.986372], [136.766456, 36.986284], [136.766567, 36.986408], [136.766988, 36.986182], [136.768496, 36.984831], [136.769639, 36.983586], [136.770138, 36.982651], [136.770446, 36.981283], [136.770566, 36.976236], [136.770074, 36.972621], [136.769549, 36.970046], [136.769643, 36.969973], [136.769479, 36.969714], [136.769205, 36.9683], [136.768444, 36.963677], [136.777486, 36.964656], [136.777757, 36.964485], [136.778051, 36.963956], [136.7797, 36.962774], [136.780876, 36.962376], [136.781289, 36.961947], [136.78145, 36.961466], [136.781698, 36.961194], [136.781588, 36.960687], [136.781854, 36.960187], [136.782534, 36.959718], [136.783224, 36.959427], [136.783123, 36.95803], [136.782645, 36.957336], [136.782227, 36.957023], [136.782411, 36.955607], [136.783362, 36.955134], [136.783941, 36.953635], [136.785383, 36.952011], [136.786582, 36.950177], [136.786651, 36.949085], [136.787629, 36.948738], [136.788259, 36.948264], [136.789173, 36.948201], [136.789733, 36.947993], [136.79, 36.947038], [136.791029, 36.946178], [136.792476, 36.946178], [136.793642, 36.945939], [136.793762, 36.947012], [136.794221, 36.947374], [136.794763, 36.948544], [136.795062, 36.950576], [136.796178, 36.95191], [136.796261, 36.952353], [136.795719, 36.953431], [136.795553, 36.954981], [136.795218, 36.955612], [136.79451, 36.956297], [136.794267, 36.957881], [136.792641, 36.957713], [136.791175, 36.957899], [136.790835, 36.958246], [136.790137, 36.959822], [136.789503, 36.960501], [136.789103, 36.962435], [136.789301, 36.963847], [136.789085, 36.964176], [136.789847, 36.964519], [136.789967, 36.96472], [136.789787, 36.965219], [136.789376, 36.96537], [136.788846, 36.966133], [136.789621, 36.966306], [136.789893, 36.966827], [136.790721, 36.967268], [136.791417, 36.967472], [136.791749, 36.967047], [136.792657, 36.966596], [136.793366, 36.96587], [136.793584, 36.965838], [136.794088, 36.966182], [136.794559, 36.966139], [136.795394, 36.965327], [136.796441, 36.964687], [136.796699, 36.964725], [136.797574, 36.965714], [136.798237, 36.965773], [136.799277, 36.964918], [136.800728, 36.964805], [136.800967, 36.964515], [136.800908, 36.964106], [136.80102, 36.963859], [136.801351, 36.963639], [136.802419, 36.963332], [136.802399, 36.962843], [136.801252, 36.962369], [136.800431, 36.961208], [136.799456, 36.96052], [136.799363, 36.960283], [136.799099, 36.960219], [136.797985, 36.960471], [136.797442, 36.959289], [136.795427, 36.958536], [136.79497, 36.958213], [136.794884, 36.957836], [136.795069, 36.957412], [136.796322, 36.95546], [136.796408, 36.954594], [136.796302, 36.953723], [136.796684, 36.952418], [136.796574, 36.951664], [136.795931, 36.95061], [136.795414, 36.949013], [136.794228, 36.946663], [136.794129, 36.946174], [136.794506, 36.945959], [136.794811, 36.946056], [136.795209, 36.947609], [136.795918, 36.9484], [136.795679, 36.948567], [136.796004, 36.949911], [136.796978, 36.95139], [136.797117, 36.951825], [136.797541, 36.951686], [136.797548, 36.951513], [136.797018, 36.950906], [136.797151, 36.950696], [136.796534, 36.950029], [136.796309, 36.948416], [136.797144, 36.948518], [136.798092, 36.948932], [136.798297, 36.949137], [136.798204, 36.949432], [136.798489, 36.949976], [136.79835, 36.951653], [136.798721, 36.951739], [136.798913, 36.951261], [136.798622, 36.950583], [136.798701, 36.949932], [136.799536, 36.949604], [136.800756, 36.950347], [136.800848, 36.95025], [136.800331, 36.949873], [136.800875, 36.949889], [136.800868, 36.949761], [136.800312, 36.949809], [136.800199, 36.949717], [136.800192, 36.949416], [136.800517, 36.9489], [136.800504, 36.948583], [136.800815, 36.948465], [136.800743, 36.948379], [136.800378, 36.948546], [136.800345, 36.949018], [136.800159, 36.949319], [136.799649, 36.94954], [136.799291, 36.949368], [136.798774, 36.949422], [136.799516, 36.947959], [136.799384, 36.947819], [136.799052, 36.948685], [136.798741, 36.948948], [136.798648, 36.948266], [136.798993, 36.947782], [136.79888, 36.947556], [136.798489, 36.948083], [136.798436, 36.948911], [136.797926, 36.948572], [136.797436, 36.947384], [136.797336, 36.947459], [136.797436, 36.947922], [136.797349, 36.948152], [136.796375, 36.948088], [136.79611, 36.947964], [136.795931, 36.94747], [136.796454, 36.94719], [136.796866, 36.947325], [136.797117, 36.947072], [136.797051, 36.946959], [136.795878, 36.946615], [136.795865, 36.946443], [136.796084, 36.946357], [136.796209, 36.946539], [136.796866, 36.946739], [136.796892, 36.946652], [136.796567, 36.946319], [136.796004, 36.94619], [136.796031, 36.9459], [136.796852, 36.945625], [136.797303, 36.945615], [136.797548, 36.945696], [136.797581, 36.94583], [136.797369, 36.946185], [136.797946, 36.9464], [136.799324, 36.947637], [136.799722, 36.947755], [136.799987, 36.947631], [136.800404, 36.947749], [136.800484, 36.947916], [136.801405, 36.948207], [136.801696, 36.948599], [136.802034, 36.948492], [136.801849, 36.948083], [136.802266, 36.947857], [136.802624, 36.948266], [136.802923, 36.949185], [136.803108, 36.949244], [136.803035, 36.949363], [136.803174, 36.949411], [136.80332, 36.950056], [136.804354, 36.950734], [136.805381, 36.952256], [136.805858, 36.952471], [136.805858, 36.952675], [136.80731, 36.952987], [136.807489, 36.953465], [136.808006, 36.953519], [136.807946, 36.952793], [136.806243, 36.952369], [136.805567, 36.952116], [136.805368, 36.951863], [136.805302, 36.951535], [136.805825, 36.951035], [136.805832, 36.950664], [136.805686, 36.950207], [136.804898, 36.948992], [136.804785, 36.949223], [136.805222, 36.949836], [136.805607, 36.950874], [136.805242, 36.951352], [136.805083, 36.951336], [136.804878, 36.950901], [136.804566, 36.950626], [136.803619, 36.949954], [136.803493, 36.948674], [136.803201, 36.948126], [136.8033, 36.947766], [136.804235, 36.946814], [136.804706, 36.947158], [136.805203, 36.946841], [136.805236, 36.947083], [136.805567, 36.947196], [136.805381, 36.947314], [136.805858, 36.947761], [136.805951, 36.947588], [136.805865, 36.946814], [136.80558, 36.946507], [136.805149, 36.946583], [136.80505, 36.946325], [136.805328, 36.945991], [136.806296, 36.945846], [136.806753, 36.945368], [136.807191, 36.94519], [136.807443, 36.944927], [136.807654, 36.944669], [136.807582, 36.944609], [136.806316, 36.945615], [136.805898, 36.945755], [136.805965, 36.945282], [136.805673, 36.945217], [136.805706, 36.945007], [136.806429, 36.944061], [136.807184, 36.94376], [136.808006, 36.943066], [136.808264, 36.943007], [136.808291, 36.942625], [136.808596, 36.942039], [136.808264, 36.941894], [136.807873, 36.942351], [136.807389, 36.942405], [136.807052, 36.942206], [136.807045, 36.94205], [136.807549, 36.941389], [136.807483, 36.941303], [136.806879, 36.941701], [136.806449, 36.941701], [136.80568, 36.941593], [136.805203, 36.941362], [136.804613, 36.941474], [136.804461, 36.941329], [136.803851, 36.941179], [136.803559, 36.941636], [136.803248, 36.941706], [136.802963, 36.942082], [136.802538, 36.941722], [136.802591, 36.941555], [136.803287, 36.94127], [136.804308, 36.940157], [136.802943, 36.94134], [136.802631, 36.94134], [136.802552, 36.941163], [136.802989, 36.940636], [136.803407, 36.939797], [136.803354, 36.939711], [136.803055, 36.939792], [136.803135, 36.939942], [136.802923, 36.940523], [136.802519, 36.941034], [136.802181, 36.941071], [136.801902, 36.940845], [136.801982, 36.939835], [136.80169, 36.939329], [136.801465, 36.940533], [136.801153, 36.940474], [136.800835, 36.940776], [136.800173, 36.940904], [136.799961, 36.941103], [136.799781, 36.941706], [136.799318, 36.941496], [136.799211, 36.941566], [136.799636, 36.941867], [136.799384, 36.942184], [136.799298, 36.94355], [136.798847, 36.944093], [136.798164, 36.945502], [136.797707, 36.945287], [136.796249, 36.944959], [136.796898, 36.945034], [136.796806, 36.944249], [136.796965, 36.944157], [136.797197, 36.942921], [136.797694, 36.942071], [136.798164, 36.940662], [136.798595, 36.940173], [136.799715, 36.939754], [136.799954, 36.939421], [136.79888, 36.939366], [136.797886, 36.940334], [136.797495, 36.941093], [136.797223, 36.942227], [136.796806, 36.943125], [136.796627, 36.943437], [136.795831, 36.944028], [136.795692, 36.943862], [136.796329, 36.941947], [136.797528, 36.939302], [136.797329, 36.939028], [136.796938, 36.939028], [136.796759, 36.939167], [136.796508, 36.939829], [136.796156, 36.940205], [136.795845, 36.941555], [136.795586, 36.941759], [136.795599, 36.942523], [136.795381, 36.942969], [136.795586, 36.943114], [136.795149, 36.944071], [136.79501, 36.945039], [136.794837, 36.945082], [136.794612, 36.944878], [136.794917, 36.943915], [136.795096, 36.942501], [136.79501, 36.940947], [136.795123, 36.940641], [136.795998, 36.939641], [136.796342, 36.938184], [136.797011, 36.938189], [136.798589, 36.938506], [136.801697, 36.938684], [136.802068, 36.938888], [136.802107, 36.939738], [136.802353, 36.939829], [136.803473, 36.939533], [136.804606, 36.939522], [136.805374, 36.939872], [136.806428, 36.939507], [136.807615, 36.939716], [136.808178, 36.939684], [136.808357, 36.940743], [136.808867, 36.941007], [136.810577, 36.94127], [136.810935, 36.941232], [136.81118, 36.940996], [136.811478, 36.940975], [136.811869, 36.941442], [136.813009, 36.94169], [136.814646, 36.942281], [136.818152, 36.942846], [136.818801, 36.943631], [136.819696, 36.943975], [136.821518, 36.945056], [136.822168, 36.945185], [136.822274, 36.946099], [136.822817, 36.946932], [136.823201, 36.947271], [136.823658, 36.947433], [136.82458, 36.948277], [136.82515, 36.948492], [136.825526, 36.949076], [136.825688, 36.949399], [136.825837, 36.949443], [136.826997, 36.949339], [136.827456, 36.949569], [136.827853, 36.949962], [136.828575, 36.950209], [136.828778, 36.949974], [136.829283, 36.949815], [136.830383, 36.949974], [136.831286, 36.950986], [136.832318, 36.950751], [136.83306, 36.950877], [136.833748, 36.951303], [136.834686, 36.952173], [136.835785, 36.952704], [136.836432, 36.953662], [136.837269, 36.953842], [136.837883, 36.954411], [136.838051, 36.954953], [136.838503, 36.955336], [136.838911, 36.955275], [136.839939, 36.954778], [136.840681, 36.954789], [136.841322, 36.955002], [136.841997, 36.955424], [136.842078, 36.956732], [136.842644, 36.957383], [136.842414, 36.957963], [136.842435, 36.958921], [136.843251, 36.959408], [136.843851, 36.959599], [136.846131, 36.959878], [136.846272, 36.96019], [136.845739, 36.961137], [136.845861, 36.961427], [136.84634, 36.9617], [136.847533, 36.962072], [136.847763, 36.962434], [136.848242, 36.962696], [136.849361, 36.962702], [136.850245, 36.963534], [136.850825, 36.963621], [136.850757, 36.964267], [136.850993, 36.964705], [136.852814, 36.966166], [136.852531, 36.966429], [136.851297, 36.966456], [136.850103, 36.966707], [136.849658, 36.966959], [136.849712, 36.967917], [136.848855, 36.969072], [136.848545, 36.969838], [136.847547, 36.970139], [136.84727, 36.970412], [136.847338, 36.971167], [136.847891, 36.971835], [136.847938, 36.972114], [136.847641, 36.972672], [136.846953, 36.973192], [136.846636, 36.973761], [136.846555, 36.974314], [136.845719, 36.974123], [136.845031, 36.974221], [136.844208, 36.973904], [136.842906, 36.974221], [136.842421, 36.974555], [136.842414, 36.974861], [136.842764, 36.975502], [136.842967, 36.976646], [136.843284, 36.977083], [136.844039, 36.977532], [136.844356, 36.977959], [136.844329, 36.978194], [136.843682, 36.978911], [136.843466, 36.980492], [136.84267, 36.981954], [136.842737, 36.982096], [136.843526, 36.982391], [136.843762, 36.983125], [136.843513, 36.984433], [136.84356, 36.985034], [136.84329, 36.985297], [136.842636, 36.985565], [136.843236, 36.986567], [136.843014, 36.987005], [136.842224, 36.987918], [136.842353, 36.988816], [136.842703, 36.989478], [136.842332, 36.991032], [136.842494, 36.992099], [136.842015, 36.992942], [136.841509, 36.993249], [136.84333, 36.994661], [136.844139, 36.996231], [136.845016, 36.996964], [136.845967, 36.998562], [136.846277, 36.998661], [136.8465, 36.999202], [136.846736, 36.99935], [136.847005, 36.999794], [136.846985, 37.000336], [136.847484, 37.001906], [136.848531, 37.003288], [136.84932, 37.003828], [136.849425, 37.004683], [136.849913, 37.0051], [136.850006, 37.005604], [136.849502, 37.006271], [136.849514, 37.006615], [136.850423, 37.007643], [136.8506, 37.007984], [136.850674, 37.008654], [136.850216, 37.009244], [136.850207, 37.009597], [136.849635, 37.010011], [136.849486, 37.010275], [136.849891, 37.010661], [136.849715, 37.010894], [136.849839, 37.011877], [136.850027, 37.012515], [136.850392, 37.012974], [136.850138, 37.013649], [136.850469, 37.013834], [136.850528, 37.014441], [136.850278, 37.014509], [136.850302, 37.014649], [136.85084, 37.015442], [136.850531, 37.015829], [136.849916, 37.015994], [136.849817, 37.016333], [136.849913, 37.017085], [136.850249, 37.017324], [136.850008, 37.017911], [136.850528, 37.018081], [136.851032, 37.01849], [136.850686, 37.019263], [136.851217, 37.019521], [136.851291, 37.019684], [136.851186, 37.020309], [136.85067, 37.0207], [136.850667, 37.021447], [136.850076, 37.021661], [136.849674, 37.022208], [136.849637, 37.02294], [136.850419, 37.0237], [136.85083, 37.023856], [136.851186, 37.024322], [136.851217, 37.024674], [136.850843, 37.025002], [136.850796, 37.025346], [136.85104, 37.025679], [136.851813, 37.025925], [136.851922, 37.026445], [136.852512, 37.027345], [136.852373, 37.02793], [136.852438, 37.028298], [136.853096, 37.028579], [136.853792, 37.028823], [136.853811, 37.029573], [136.854225, 37.029753], [136.854438, 37.030047], [136.854342, 37.030265], [136.853649, 37.030541], [136.853334, 37.03104], [136.853452, 37.031249], [136.854191, 37.031467], [136.854351, 37.031655], [136.853829, 37.032312], [136.853838, 37.032462], [136.854398, 37.032864], [136.854729, 37.033461], [136.855242, 37.034], [136.855573, 37.035039], [136.856713, 37.035631], [136.856781, 37.036062], [136.856376, 37.037033], [136.857195, 37.037357], [136.857888, 37.038553], [136.859755, 37.039725], [136.860046, 37.040442], [136.859774, 37.041686], [136.859504, 37.041797], [136.859928, 37.042351], [136.861953, 37.042888], [136.862296, 37.04331], [136.86127, 37.043377], [136.860119, 37.044034], [136.859597, 37.044501], [136.858633, 37.045961], [136.858239, 37.046997], [136.856953, 37.0478], [136.856858, 37.048359], [136.856013, 37.04862], [136.855862, 37.04938], [136.854981, 37.049633], [136.855012, 37.050371], [136.854038, 37.051093], [136.853175, 37.051434], [136.852319, 37.051286], [136.851879, 37.051377], [136.8511, 37.051961], [136.850386, 37.052952], [136.850021, 37.053067], [136.849703, 37.053045], [136.849202, 37.052779], [136.847671, 37.051602], [136.847449, 37.051585], [136.846969, 37.052493], [136.845844, 37.053366], [136.845479, 37.05456], [136.845127, 37.054751], [136.844508, 37.054831], [136.844011, 37.055154], [136.844084, 37.056537], [136.843884, 37.056916], [136.843837, 37.057538], [136.843089, 37.05742], [136.842928, 37.057512], [136.842734, 37.058285], [136.843002, 37.058624], [136.842993, 37.05908], [136.843435, 37.059587], [136.843534, 37.059961], [136.842956, 37.061978], [136.842273, 37.062204], [136.841654, 37.061569], [136.84103, 37.061331], [136.840665, 37.061386], [136.840071, 37.06195], [136.839351, 37.061541], [136.838847, 37.061601], [136.838077, 37.061408], [136.837969, 37.060819], [136.838247, 37.06047], [136.837619, 37.05974], [136.837496, 37.059208], [136.836936, 37.059471], [136.83599, 37.059336], [136.835504, 37.059644], [136.834796, 37.059263], [136.834088, 37.059313], [136.833479, 37.060091], [136.833343, 37.060532], [136.83236, 37.061057], [136.832153, 37.061666], [136.832208, 37.062226], [136.833408, 37.064177], [136.833393, 37.064474], [136.833621, 37.064541], [136.834001, 37.064441], [136.834403, 37.063954], [136.83458, 37.063934], [136.835606, 37.064775], [136.835776, 37.065402], [136.836472, 37.065738], [136.836679, 37.065964], [136.836163, 37.066287], [136.835794, 37.066912], [136.835102, 37.06702], [136.835053, 37.067614], [136.834743, 37.06779], [136.834684, 37.067955], [136.834913, 37.068811], [136.835569, 37.069077], [136.836459, 37.069154], [136.836873, 37.069355], [136.837466, 37.070152], [136.837779, 37.070891], [136.837693, 37.071151], [136.836818, 37.071548], [136.835881, 37.071405], [136.835458, 37.071517], [136.83444, 37.072112], [136.832783, 37.072443], [136.829555, 37.074352], [136.828871, 37.074485], [136.828108, 37.074422], [136.827991, 37.074623], [136.828238, 37.075471], [136.828058, 37.075737], [136.826639, 37.076121], [136.82539, 37.075634], [136.825177, 37.07596], [136.823609, 37.077352], [136.822085, 37.078248], [136.821244, 37.07822], [136.820276, 37.078784], [136.819454, 37.078606], [136.818792, 37.078636], [136.818458, 37.079284], [136.817812, 37.079787], [136.817252, 37.080728], [136.816256, 37.081331], [136.815706, 37.081222], [136.815221, 37.080748], [136.814541, 37.080731], [136.814111, 37.080553], [136.813836, 37.080242], [136.813613, 37.079542], [136.81293, 37.079931], [136.812012, 37.080119], [136.811703, 37.080006], [136.810859, 37.079308], [136.810537, 37.079316], [136.810138, 37.080229], [136.809087, 37.081019], [136.808969, 37.08132], [136.809099, 37.081646], [136.810299, 37.08193], [136.809943, 37.082888], [136.81019, 37.083668], [136.810515, 37.084009], [136.810283, 37.084937], [136.810085, 37.085208], [136.809389, 37.085399], [136.808186, 37.086324], [136.808101, 37.086471], [136.808265, 37.08705], [136.80811, 37.088129], [136.807106, 37.088591], [136.806581, 37.088502], [136.805831, 37.088952], [136.804671, 37.090059], [136.804521, 37.090684], [136.804681, 37.091183], [136.804351, 37.091677], [136.803706, 37.092168], [136.801212, 37.093056], [136.800357, 37.092959], [136.799732, 37.093243], [136.798252, 37.093276], [136.796867, 37.094464], [136.795133, 37.095498], [136.794138, 37.096366], [136.792723, 37.096767], [136.791373, 37.097501], [136.789409, 37.098041], [136.788594, 37.099793], [136.788124, 37.100117], [136.787969, 37.100726], [136.787299, 37.101322], [136.786859, 37.102474], [136.786174, 37.103366], [136.786119, 37.104011], [136.786504, 37.104867], [136.786269, 37.105487], [136.786489, 37.105949], [136.786414, 37.107016], [136.786814, 37.107697], [136.786689, 37.107892], [136.786044, 37.10844], [136.785414, 37.108732], [136.784959, 37.108829], [136.784189, 37.109287], [136.783329, 37.109344], [136.782134, 37.109973], [136.782004, 37.110115], [136.781924, 37.110922], [136.781429, 37.111461], [136.780825, 37.111615], [136.77981, 37.113075], [136.779595, 37.113477], [136.779725, 37.114114], [136.7794, 37.114629], [136.778885, 37.115042], [136.777455, 37.115525], [136.777285, 37.115699], [136.77735, 37.11673], [136.776655, 37.117679], [136.776635, 37.118551], [136.776335, 37.119443], [136.776375, 37.119792], [136.776665, 37.119909], [136.777395, 37.119861], [136.777855, 37.120124], [136.778225, 37.121317], [136.778984, 37.121779], [136.779129, 37.122298], [136.778849, 37.122623], [136.779069, 37.123345], [136.778549, 37.124026], [136.779029, 37.124509], [136.779224, 37.125223], [136.781179, 37.126079], [136.782764, 37.125839], [136.783458, 37.126091], [136.783553, 37.126265], [136.783458, 37.126716], [136.784628, 37.12719], [136.784768, 37.127368], [136.784778, 37.127754], [136.784433, 37.128058], [136.784443, 37.128776], [136.785588, 37.129412], [136.785518, 37.129773], [136.785898, 37.130366], [136.785048, 37.130885], [136.784678, 37.1317], [136.784543, 37.132649], [136.785783, 37.133639], [136.786043, 37.134211], [136.785928, 37.134616], [136.785108, 37.135156], [136.784848, 37.135573], [136.784508, 37.135796], [136.783143, 37.136405], [136.782093, 37.137601], [136.782278, 37.138485], [136.781728, 37.138952], [136.781798, 37.139439], [136.782063, 37.13971], [136.781553, 37.141211], [136.781513, 37.143474], [136.781363, 37.144358], [136.781688, 37.144841], [136.782563, 37.14478], [136.782703, 37.144894], [136.782663, 37.145656], [136.782898, 37.146212], [136.782733, 37.146561], [136.782438, 37.146763], [136.782463, 37.146897], [136.783178, 37.147287], [136.784647, 37.149266], [136.785937, 37.150341], [136.785907, 37.150641], [136.785442, 37.151144], [136.785272, 37.15155], [136.785382, 37.152973], [136.785877, 37.153367], [136.785817, 37.153821], [136.786232, 37.154186], [136.786247, 37.154385], [136.785927, 37.155163], [136.785217, 37.155747], [136.784922, 37.156331], [136.785067, 37.156486], [136.786456, 37.156875], [136.786936, 37.157155], [136.787196, 37.15737], [136.787626, 37.158226], [136.788551, 37.158286], [136.789656, 37.158716], [136.789921, 37.159033], [136.790076, 37.160197], [136.790221, 37.160351], [136.790651, 37.16057], [136.79148, 37.160724], [136.79166, 37.160886], [136.791805, 37.161377], [136.7923, 37.161681], [136.792415, 37.162318], [136.79331, 37.162586], [136.793489, 37.16347], [136.793714, 37.163835], [136.794259, 37.164444], [136.795549, 37.165405], [136.796444, 37.166504], [136.796873, 37.167302], [136.796984, 37.167623], [136.796814, 37.168552], [136.797379, 37.169019], [136.797309, 37.169648], [136.79754, 37.170484], [136.79836, 37.171011], [136.798812, 37.171744], [136.798946, 37.172518], [136.799307, 37.17292], [136.799363, 37.173206], [136.80043, 37.173814], [136.800175, 37.174427], [136.800585, 37.175247], [136.800331, 37.176124], [136.800543, 37.177001], [136.800147, 37.178801], [136.801058, 37.179277], [136.801221, 37.179615], [136.801319, 37.182894], [136.801955, 37.183737], [136.802733, 37.184305], [136.802994, 37.184689], [136.803107, 37.185193], [136.803863, 37.185921], [136.803707, 37.187142], [136.804392, 37.188684], [136.804265, 37.189034], [136.803658, 37.189424], [136.803587, 37.19006], [136.803219, 37.19041], [136.803219, 37.190765], [136.803771, 37.191023], [136.804965, 37.190622], [136.805799, 37.190685], [136.808208, 37.190553], [136.808286, 37.190937], [136.808024, 37.191682], [136.808109, 37.192026], [136.808766, 37.192605], [136.809063, 37.193666], [136.809359, 37.193895], [136.81138, 37.193889], [136.812037, 37.193528], [136.813069, 37.193333], [136.814644, 37.193597], [136.815308, 37.194268], [136.815711, 37.194904], [136.816099, 37.195116], [136.816686, 37.195724], [136.817336, 37.195781], [136.818382, 37.195587], [136.818947, 37.19569], [136.820607, 37.196612], [136.821561, 37.196928], [136.821978, 37.197461], [136.821914, 37.198063], [136.821673, 37.198316], [136.820748, 37.198831], [136.820868, 37.199473], [136.820437, 37.200299], [136.82091, 37.200837], [136.821652, 37.200837], [136.822281, 37.200551], [136.822748, 37.200689], [136.823037, 37.200987], [136.822924, 37.202563], [136.822352, 37.202792], [136.822119, 37.203056], [136.82209, 37.203417], [136.822359, 37.203721], [136.82115, 37.204781], [136.821214, 37.20512], [136.821998, 37.205767], [136.822026, 37.206576], [136.821814, 37.206759], [136.821101, 37.206816], [136.820649, 37.207344], [136.819525, 37.20755], [136.819038, 37.207842], [136.81884, 37.208112], [136.818734, 37.208788], [136.818918, 37.209189], [136.819582, 37.209539], [136.820048, 37.210061], [136.821355, 37.210427], [136.821751, 37.211431], [136.822521, 37.211941], [136.823008, 37.211981], [136.82358, 37.212492], [136.823842, 37.21252], [136.824054, 37.211781], [136.824231, 37.211792], [136.824556, 37.212337], [136.824619, 37.213512], [136.825255, 37.214131], [136.825156, 37.214847], [136.825297, 37.214991], [136.826053, 37.215123], [136.826088, 37.215295], [136.825622, 37.216625], [136.82488, 37.216934], [136.824308, 37.216969], [136.823347, 37.217496], [136.821835, 37.217983], [136.821128, 37.218556], [136.821496, 37.219651], [136.821778, 37.219886], [136.822253, 37.220978], [136.822153, 37.221549], [136.822767, 37.2232], [136.822612, 37.223601], [136.821721, 37.224214], [136.821869, 37.225057], [136.821424, 37.225722], [136.820669, 37.225911], [136.819404, 37.225361], [136.817701, 37.226066], [136.816698, 37.225807], [136.816133, 37.226484], [136.815433, 37.226799], [136.815405, 37.227063], [136.815157, 37.227316], [136.814423, 37.227349], [136.814126, 37.226994], [136.813864, 37.226914], [136.813003, 37.22716], [136.812854, 37.226977], [136.813024, 37.226496], [136.812904, 37.226306], [136.812105, 37.225985], [136.811554, 37.226037], [136.810933, 37.226272], [136.809597, 37.226088], [136.809258, 37.225899], [136.80906, 37.225492], [136.808502, 37.225222], [136.808368, 37.22489], [136.808729, 37.223533], [136.808679, 37.223216], [136.808198, 37.222643], [136.807612, 37.222299], [136.806828, 37.222666], [136.806255, 37.222322], [136.805209, 37.22223], [136.804376, 37.222305], [136.803253, 37.222007], [136.802108, 37.221181], [136.801133, 37.219335], [136.800914, 37.219238], [136.800709, 37.219261], [136.799784, 37.219891], [136.799317, 37.220006], [136.798533, 37.219736], [136.798717, 37.219049], [136.798363, 37.218762], [136.797586, 37.218773], [136.797014, 37.2191], [136.796067, 37.219192], [136.795537, 37.219472], [136.794647, 37.219427], [136.793743, 37.219066], [136.792704, 37.219679], [136.79228, 37.220201]], [[136.810482, 36.955471], [136.810663, 36.955759], [136.811075, 36.955513], [136.811694, 36.95544], [136.81174, 36.955246], [136.811966, 36.955466], [136.812953, 36.955272], [136.814797, 36.955759], [136.815771, 36.955827], [136.816087, 36.956167], [136.816203, 36.956146], [136.816113, 36.9559], [136.816835, 36.955398], [136.817641, 36.955288], [136.817938, 36.955052], [136.818131, 36.955089], [136.818403, 36.954827], [136.818383, 36.954681], [136.817809, 36.954906], [136.817544, 36.955173], [136.817235, 36.955058], [136.816977, 36.955215], [136.816713, 36.955152], [136.816409, 36.95556], [136.816139, 36.955502], [136.8159, 36.955644], [136.8159, 36.955256], [136.815448, 36.955225], [136.814913, 36.954974], [136.812914, 36.954974], [136.81203, 36.955173], [136.811798, 36.955047], [136.811914, 36.954775], [136.81174, 36.954471], [136.81203, 36.954042], [136.811927, 36.953912], [136.811662, 36.954372], [136.811282, 36.954497], [136.811288, 36.954822], [136.810876, 36.955356], [136.810482, 36.955471]], [[136.800386, 36.955776], [136.801217, 36.956035], [136.80146, 36.955987], [136.801712, 36.956096], [136.801829, 36.956007], [136.80214, 36.956164], [136.802283, 36.956117], [136.80188, 36.955599], [136.802904, 36.954898], [136.802946, 36.954503], [136.802636, 36.953747], [136.802468, 36.953883], [136.802694, 36.954802], [136.802283, 36.955061], [136.801167, 36.955395], [136.800386, 36.955776]], [[136.812993, 36.953606], [136.813314, 36.953886], [136.813608, 36.953902], [136.813692, 36.953725], [136.814281, 36.953673], [136.814441, 36.953179], [136.814787, 36.952811], [136.814454, 36.952405], [136.814128, 36.952254], [136.814352, 36.952473], [136.814166, 36.952738], [136.814396, 36.952805], [136.814134, 36.953065], [136.814095, 36.953304], [136.812993, 36.953606]], [[136.806709, 36.950259], [136.807077, 36.95106], [136.808451, 36.952044], [136.809076, 36.952797], [136.809083, 36.952991], [136.809747, 36.953592], [136.809508, 36.954555], [136.809228, 36.954639], [136.809687, 36.954899], [136.809974, 36.954551], [136.809882, 36.954137], [136.810108, 36.953477], [136.809457, 36.952965], [136.808909, 36.952253], [136.808857, 36.951939], [136.808276, 36.951264], [136.807767, 36.951075], [136.807419, 36.950322], [136.808225, 36.949166], [136.808515, 36.948391], [136.80876, 36.948297], [136.808844, 36.948103], [136.809012, 36.948119], [136.809728, 36.947727], [136.80987, 36.947522], [136.809534, 36.947507], [136.809392, 36.947392], [136.809799, 36.946461], [136.809805, 36.946298], [136.809612, 36.946277], [136.809734, 36.946026], [136.809541, 36.945864], [136.809457, 36.945911], [136.809005, 36.947229], [136.808283, 36.947847], [136.808018, 36.948967], [136.807786, 36.949234], [136.807593, 36.949265], [136.807554, 36.949558], [136.807283, 36.949778], [136.80698, 36.949663], [136.806948, 36.950003], [136.806709, 36.950259]]], [[[136.694999, 37.217379], [136.695316, 37.217316], [136.695396, 37.217488], [136.695216, 37.21756], [136.694999, 37.217379]]], [[[136.692772, 37.216974], [136.692913, 37.216869], [136.692909, 37.217014], [136.692772, 37.216974]]], [[[136.693178, 37.216898], [136.693292, 37.216512], [136.6934, 37.216506], [136.693443, 37.216775], [136.693178, 37.216898]]], [[[136.691208, 37.2156], [136.69123, 37.215425], [136.691387, 37.215503], [136.691354, 37.215748], [136.691208, 37.2156]]], [[[136.688835, 37.21546], [136.689049, 37.215349], [136.689116, 37.21555], [136.688996, 37.215698], [136.688835, 37.21546]]], [[[136.688511, 37.215024], [136.688628, 37.214912], [136.688784, 37.215089], [136.688646, 37.215184], [136.688511, 37.215024]]], [[[136.687918, 37.213763], [136.687978, 37.213599], [136.688395, 37.213504], [136.6882, 37.213843], [136.687989, 37.213917], [136.687918, 37.213763]]], [[[136.681759, 37.208931], [136.681932, 37.208813], [136.682106, 37.208874], [136.681925, 37.209032], [136.681759, 37.208931]]], [[[136.678545, 37.204293], [136.67864, 37.204256], [136.678701, 37.204331], [136.678545, 37.204293]]], [[[136.679561, 37.200982], [136.679773, 37.200862], [136.67965, 37.201067], [136.679561, 37.200982]]], [[[136.677966, 37.200467], [136.677996, 37.20042], [136.678066, 37.200448], [136.677966, 37.200467]]], [[[136.677523, 37.200454], [136.677554, 37.200406], [136.677622, 37.200456], [136.677523, 37.200454]]], [[[136.676948, 37.200399], [136.677062, 37.200246], [136.677287, 37.20022], [136.677288, 37.200363], [136.677048, 37.200469], [136.676948, 37.200399]]], [[[136.67761, 37.198854], [136.677763, 37.198783], [136.677799, 37.198958], [136.67761, 37.198854]]], [[[136.677959, 37.198815], [136.678222, 37.198768], [136.678111, 37.198953], [136.677959, 37.198815]]], [[[136.681237, 37.196485], [136.681367, 37.196445], [136.681349, 37.196492], [136.681237, 37.196485]]], [[[136.676803, 37.191994], [136.677118, 37.191715], [136.677401, 37.191766], [136.677044, 37.192141], [136.676803, 37.191994]]], [[[136.676675, 37.191521], [136.676926, 37.191281], [136.677151, 37.191272], [136.677118, 37.191572], [136.676838, 37.191637], [136.676675, 37.191521]]], [[[136.675512, 37.189954], [136.675702, 37.189894], [136.675817, 37.190032], [136.675579, 37.190131], [136.675512, 37.189954]]], [[[136.675131, 37.188939], [136.675269, 37.188807], [136.675393, 37.188962], [136.675131, 37.188939]]], [[[136.67414, 37.188922], [136.674338, 37.188913], [136.674226, 37.188976], [136.67414, 37.188922]]], [[[136.67535, 37.187186], [136.675447, 37.187059], [136.675487, 37.187148], [136.67535, 37.187186]]], [[[136.675607, 37.186994], [136.675791, 37.186794], [136.676117, 37.186774], [136.676045, 37.186953], [136.675607, 37.186994]]], [[[136.674658, 37.185084], [136.674779, 37.185036], [136.674713, 37.185116], [136.674658, 37.185084]]], [[[136.674506, 37.184037], [136.674582, 37.183981], [136.67457, 37.184057], [136.674506, 37.184037]]], [[[136.674719, 37.184036], [136.674795, 37.183973], [136.674778, 37.184051], [136.674719, 37.184036]]], [[[136.674461, 37.182229], [136.674571, 37.182101], [136.674519, 37.182236], [136.674461, 37.182229]]], [[[136.674925, 37.182088], [136.675125, 37.181916], [136.675095, 37.182084], [136.674925, 37.182088]]], [[[136.675069, 37.180416], [136.675142, 37.18036], [136.675134, 37.180461], [136.675069, 37.180416]]], [[[136.674784, 37.18033], [136.674856, 37.180294], [136.674826, 37.180391], [136.674784, 37.18033]]], [[[136.674379, 37.180217], [136.674499, 37.180157], [136.674454, 37.180242], [136.674379, 37.180217]]], [[[136.674699, 37.180061], [136.674803, 37.180032], [136.674789, 37.180134], [136.674699, 37.180061]]], [[[136.675046, 37.179968], [136.675105, 37.179946], [136.675148, 37.180048], [136.675046, 37.179968]]], [[[136.672841, 37.169566], [136.67302, 37.169549], [136.672942, 37.169619], [136.672841, 37.169566]]], [[[136.671315, 37.169549], [136.671418, 37.169494], [136.671523, 37.169562], [136.671315, 37.169549]]], [[[136.670363, 37.169523], [136.670395, 37.169401], [136.670549, 37.169481], [136.670426, 37.169587], [136.670363, 37.169523]]], [[[136.672081, 37.169549], [136.672201, 37.1694], [136.672393, 37.169465], [136.672342, 37.169558], [136.672081, 37.169549]]], [[[136.670592, 37.169334], [136.670709, 37.169207], [136.670919, 37.169278], [136.670592, 37.169334]]], [[[136.672133, 37.169228], [136.67235, 37.169167], [136.672424, 37.169252], [136.672326, 37.169334], [136.672133, 37.169228]]], [[[136.670383, 37.169238], [136.670454, 37.16927], [136.670442, 37.169308], [136.670383, 37.169238]]], [[[136.670683, 37.169081], [136.670794, 37.168866], [136.670821, 37.169116], [136.670683, 37.169081]]], [[[136.670296, 37.169001], [136.670458, 37.16896], [136.670586, 37.169066], [136.670379, 37.169119], [136.670296, 37.169001]]], [[[136.671402, 37.169036], [136.67147, 37.168991], [136.671497, 37.169113], [136.671402, 37.169036]]], [[[136.671092, 37.16887], [136.67111, 37.168786], [136.671325, 37.168812], [136.671216, 37.168965], [136.671092, 37.16887]]], [[[136.670407, 37.168552], [136.670573, 37.168437], [136.670757, 37.168589], [136.670407, 37.168552]]], [[[136.674953, 37.163652], [136.675226, 37.163666], [136.675231, 37.163796], [136.674953, 37.163652]]], [[[136.674766, 37.163464], [136.674884, 37.163438], [136.674924, 37.163579], [136.674766, 37.163464]]], [[[136.672966, 37.159678], [136.673233, 37.159609], [136.673123, 37.159777], [136.672966, 37.159678]]], [[[136.672762, 37.159432], [136.672897, 37.159383], [136.67298, 37.159486], [136.672762, 37.159432]]], [[[136.672696, 37.159182], [136.672884, 37.159204], [136.672806, 37.159278], [136.672696, 37.159182]]], [[[136.673567, 37.157772], [136.673647, 37.157765], [136.673607, 37.157805], [136.673567, 37.157772]]], [[[136.673328, 37.157639], [136.673523, 37.157538], [136.673486, 37.157674], [136.673328, 37.157639]]], [[[136.673591, 37.157635], [136.673649, 37.15764], [136.673628, 37.157692], [136.673591, 37.157635]]], [[[136.673736, 37.157439], [136.67381, 37.157432], [136.673776, 37.157476], [136.673736, 37.157439]]], [[[136.67347, 37.157323], [136.673724, 37.157277], [136.673644, 37.157444], [136.67347, 37.157323]]], [[[136.673795, 37.157253], [136.673889, 37.157104], [136.673876, 37.157267], [136.673795, 37.157253]]], [[[136.673534, 37.157121], [136.673646, 37.157014], [136.673683, 37.157164], [136.673534, 37.157121]]], [[[136.673604, 37.15685], [136.673704, 37.156724], [136.673831, 37.156863], [136.673749, 37.156974], [136.673604, 37.15685]]], [[[136.673844, 37.156735], [136.673948, 37.156643], [136.67393, 37.156792], [136.673844, 37.156735]]], [[[136.673651, 37.156573], [136.673748, 37.15644], [136.673781, 37.156643], [136.673651, 37.156573]]], [[[136.67229, 37.154952], [136.672341, 37.154904], [136.672393, 37.154961], [136.67229, 37.154952]]], [[[136.671355, 37.154866], [136.671444, 37.154753], [136.671613, 37.154832], [136.671529, 37.154934], [136.671355, 37.154866]]], [[[136.671837, 37.154809], [136.671918, 37.154733], [136.671896, 37.154827], [136.671837, 37.154809]]], [[[136.67206, 37.154717], [136.672142, 37.154688], [136.672121, 37.154808], [136.67206, 37.154717]]], [[[136.671674, 37.154665], [136.671739, 37.154649], [136.671742, 37.154695], [136.671674, 37.154665]]], [[[136.671885, 37.154591], [136.671928, 37.154564], [136.671978, 37.15464], [136.671885, 37.154591]]], [[[136.671407, 37.154497], [136.67146, 37.154243], [136.671646, 37.154223], [136.671664, 37.154487], [136.671518, 37.1546], [136.671407, 37.154497]]], [[[136.671768, 37.154421], [136.671809, 37.154344], [136.671854, 37.154493], [136.671768, 37.154421]]], [[[136.671399, 37.154089], [136.67152, 37.153892], [136.67156, 37.154117], [136.671399, 37.154089]]], [[[136.671018, 37.152653], [136.671074, 37.152593], [136.671177, 37.152672], [136.671018, 37.152653]]], [[[136.670917, 37.15236], [136.671068, 37.152366], [136.670984, 37.152442], [136.670917, 37.15236]]], [[[136.671315, 37.15221], [136.671376, 37.152213], [136.671345, 37.152246], [136.671315, 37.15221]]], [[[136.671246, 37.151851], [136.671284, 37.151857], [136.671285, 37.151905], [136.671246, 37.151851]]], [[[136.670959, 37.151811], [136.671034, 37.151843], [136.670981, 37.151853], [136.670959, 37.151811]]], [[[136.669674, 37.150582], [136.669678, 37.150544], [136.669718, 37.150553], [136.669674, 37.150582]]], [[[136.669396, 37.150456], [136.669471, 37.150482], [136.669447, 37.150576], [136.669396, 37.150456]]], [[[136.670271, 37.150403], [136.670316, 37.150421], [136.670274, 37.15043], [136.670271, 37.150403]]], [[[136.669913, 37.150336], [136.669996, 37.150314], [136.669961, 37.150358], [136.669913, 37.150336]]], [[[136.669479, 37.15023], [136.669625, 37.150247], [136.669619, 37.150309], [136.669479, 37.15023]]], [[[136.669353, 37.149756], [136.669424, 37.1497], [136.669438, 37.149737], [136.669353, 37.149756]]], [[[136.669269, 37.149336], [136.669445, 37.149296], [136.669441, 37.149449], [136.669269, 37.149336]]], [[[136.669238, 37.149039], [136.669289, 37.149004], [136.669333, 37.149077], [136.669238, 37.149039]]], [[[136.669505, 37.148974], [136.669549, 37.148917], [136.669699, 37.149004], [136.669505, 37.148974]]], [[[136.669749, 37.148795], [136.669793, 37.148782], [136.669819, 37.148864], [136.669749, 37.148795]]], [[[136.669646, 37.148119], [136.669728, 37.148146], [136.669693, 37.148166], [136.669646, 37.148119]]], [[[136.668931, 37.148095], [136.66902, 37.148066], [136.668983, 37.148117], [136.668931, 37.148095]]], [[[136.669431, 37.147745], [136.669458, 37.147707], [136.669528, 37.147739], [136.669431, 37.147745]]], [[[136.668727, 37.147636], [136.668797, 37.147639], [136.668766, 37.14771], [136.668727, 37.147636]]], [[[136.669352, 37.147107], [136.669385, 37.147054], [136.669444, 37.147077], [136.669352, 37.147107]]], [[[136.668975, 37.146989], [136.669091, 37.146935], [136.669136, 37.147062], [136.668975, 37.146989]]], [[[136.66852, 37.146971], [136.668597, 37.14693], [136.668578, 37.147013], [136.66852, 37.146971]]], [[[136.668868, 37.146772], [136.668973, 37.14676], [136.668978, 37.146878], [136.668868, 37.146772]]], [[[136.669493, 37.146786], [136.669584, 37.14676], [136.669571, 37.146884], [136.669493, 37.146786]]], [[[136.669179, 37.146521], [136.669272, 37.146461], [136.669391, 37.146583], [136.669179, 37.146521]]], [[[136.669656, 37.146355], [136.669663, 37.146316], [136.669731, 37.146387], [136.669656, 37.146355]]], [[[136.669485, 37.146286], [136.669502, 37.146254], [136.669556, 37.146266], [136.669485, 37.146286]]], [[[136.669709, 37.146229], [136.669775, 37.146217], [136.669751, 37.146258], [136.669709, 37.146229]]], [[[136.66907, 37.146073], [136.669196, 37.146022], [136.669243, 37.146123], [136.66907, 37.146073]]], [[[136.669949, 37.145512], [136.670142, 37.145509], [136.670019, 37.145551], [136.669949, 37.145512]]], [[[136.669744, 37.145528], [136.669803, 37.145456], [136.669815, 37.145522], [136.669744, 37.145528]]], [[[136.669926, 37.145053], [136.670054, 37.145125], [136.669963, 37.145151], [136.669926, 37.145053]]], [[[136.66984, 37.144785], [136.66999, 37.144856], [136.669872, 37.144855], [136.66984, 37.144785]]], [[[136.670192, 37.144426], [136.670346, 37.144421], [136.670344, 37.144526], [136.670192, 37.144426]]], [[[136.670182, 37.143505], [136.670249, 37.143464], [136.670282, 37.143544], [136.670182, 37.143505]]], [[[136.670269, 37.142686], [136.670351, 37.14271], [136.670276, 37.14272], [136.670269, 37.142686]]], [[[136.670326, 37.142624], [136.670403, 37.142583], [136.670415, 37.142625], [136.670326, 37.142624]]], [[[136.671004, 37.142574], [136.671181, 37.142606], [136.671107, 37.142637], [136.671004, 37.142574]]], [[[136.669806, 37.142543], [136.669998, 37.142484], [136.670041, 37.142606], [136.669806, 37.142543]]], [[[136.671079, 37.142436], [136.671158, 37.142405], [136.671122, 37.14248], [136.671079, 37.142436]]], [[[136.671259, 37.142274], [136.671314, 37.142228], [136.671325, 37.142306], [136.671259, 37.142274]]], [[[136.671112, 37.14199], [136.671207, 37.141968], [136.671153, 37.142047], [136.671112, 37.14199]]], [[[136.671804, 37.141371], [136.671942, 37.141442], [136.671811, 37.141467], [136.671804, 37.141371]]], [[[136.672264, 37.141168], [136.672328, 37.141109], [136.672329, 37.141145], [136.672264, 37.141168]]], [[[136.672312, 37.140906], [136.672365, 37.140862], [136.672351, 37.140926], [136.672312, 37.140906]]], [[[136.684926, 37.140629], [136.684974, 37.140606], [136.685021, 37.14067], [136.684926, 37.140629]]], [[[136.684522, 37.140431], [136.684644, 37.140437], [136.684631, 37.140544], [136.684522, 37.140431]]], [[[136.672794, 37.140421], [136.672857, 37.140367], [136.672841, 37.14044], [136.672794, 37.140421]]], [[[136.673313, 37.139652], [136.673387, 37.139482], [136.673518, 37.139534], [136.673464, 37.139661], [136.673313, 37.139652]]], [[[136.672733, 37.139454], [136.672771, 37.139259], [136.672964, 37.139318], [136.672959, 37.139648], [136.672733, 37.139454]]], [[[136.672291, 37.139484], [136.672355, 37.139439], [136.672393, 37.139499], [136.672291, 37.139484]]], [[[136.694589, 37.139343], [136.694673, 37.139325], [136.6947, 37.139375], [136.694589, 37.139343]]], [[[136.681498, 37.139269], [136.681735, 37.13929], [136.681571, 37.139357], [136.681498, 37.139269]]], [[[136.673373, 37.139216], [136.673415, 37.139129], [136.673434, 37.139192], [136.673373, 37.139216]]], [[[136.693169, 37.139112], [136.693249, 37.139146], [136.693203, 37.139178], [136.693169, 37.139112]]], [[[136.672281, 37.139091], [136.672318, 37.139061], [136.672351, 37.139154], [136.672281, 37.139091]]], [[[136.692196, 37.138986], [136.692301, 37.138879], [136.692606, 37.13901], [136.692368, 37.139149], [136.692196, 37.138986]]], [[[136.673777, 37.139066], [136.673848, 37.139006], [136.673836, 37.139101], [136.673777, 37.139066]]], [[[136.692735, 37.139018], [136.692823, 37.139014], [136.692771, 37.139041], [136.692735, 37.139018]]], [[[136.673476, 37.138971], [136.673535, 37.138909], [136.673591, 37.138939], [136.673476, 37.138971]]], [[[136.674184, 37.138968], [136.674258, 37.138917], [136.674238, 37.138987], [136.674184, 37.138968]]], [[[136.694481, 37.138968], [136.69456, 37.13894], [136.694543, 37.138987], [136.694481, 37.138968]]], [[[136.680808, 37.138905], [136.68084, 37.138871], [136.680875, 37.138926], [136.680808, 37.138905]]], [[[136.693156, 37.138885], [136.693217, 37.138857], [136.693245, 37.138899], [136.693156, 37.138885]]], [[[136.673792, 37.138778], [136.673901, 37.138889], [136.673805, 37.138894], [136.673792, 37.138778]]], [[[136.674407, 37.138786], [136.674496, 37.13876], [136.674488, 37.138845], [136.674407, 37.138786]]], [[[136.694638, 37.138812], [136.694718, 37.138709], [136.694811, 37.13873], [136.694638, 37.138812]]], [[[136.674933, 37.138626], [136.675008, 37.138596], [136.675043, 37.138686], [136.674933, 37.138626]]], [[[136.675013, 37.138434], [136.675094, 37.138421], [136.675034, 37.138477], [136.675013, 37.138434]]], [[[136.674853, 37.137987], [136.67514, 37.137896], [136.675396, 37.137954], [136.675644, 37.138239], [136.675491, 37.138316], [136.675322, 37.138147], [136.674917, 37.138152], [136.674853, 37.137987]]], [[[136.684793, 37.138156], [136.685057, 37.138219], [136.684851, 37.138281], [136.684793, 37.138156]]], [[[136.675761, 37.138086], [136.675826, 37.138044], [136.675867, 37.138121], [136.675761, 37.138086]]], [[[136.674627, 37.138041], [136.674762, 37.137951], [136.6748, 37.138101], [136.674627, 37.138041]]], [[[136.675573, 37.137948], [136.675701, 37.137912], [136.67578, 37.137956], [136.675573, 37.137948]]], [[[136.67588, 37.137888], [136.675914, 37.137854], [136.676016, 37.137906], [136.67588, 37.137888]]], [[[136.675308, 37.137798], [136.675419, 37.137763], [136.675501, 37.137888], [136.675308, 37.137798]]], [[[136.675603, 37.137677], [136.675719, 37.137686], [136.675719, 37.137794], [136.675603, 37.137677]]], [[[136.6765, 37.137715], [136.676595, 37.137711], [136.67659, 37.137769], [136.6765, 37.137715]]], [[[136.676016, 37.137745], [136.67609, 37.137631], [136.676079, 37.137735], [136.676016, 37.137745]]], [[[136.677468, 37.137669], [136.677708, 37.137576], [136.677661, 37.137696], [136.677468, 37.137669]]], [[[136.689083, 37.137561], [136.689138, 37.137532], [136.689177, 37.137687], [136.689083, 37.137561]]], [[[136.676311, 37.137518], [136.676375, 37.137482], [136.676393, 37.137547], [136.676311, 37.137518]]], [[[136.675698, 37.137456], [136.675778, 37.137486], [136.675775, 37.137549], [136.675698, 37.137456]]], [[[136.688932, 37.137402], [136.689019, 37.137412], [136.689031, 37.13749], [136.688932, 37.137402]]], [[[136.675788, 37.137324], [136.675962, 37.137332], [136.675829, 37.137376], [136.675788, 37.137324]]], [[[136.675534, 37.137287], [136.675593, 37.137241], [136.675606, 37.13736], [136.675534, 37.137287]]], [[[136.686073, 37.136228], [136.686306, 37.136292], [136.686116, 37.136304], [136.686073, 37.136228]]], [[[136.686526, 37.136019], [136.686771, 37.136038], [136.686865, 37.136201], [136.686597, 37.136199], [136.686526, 37.136019]]], [[[136.684297, 37.135893], [136.684503, 37.13596], [136.684475, 37.136154], [136.684297, 37.135893]]], [[[136.684616, 37.136036], [136.684681, 37.136007], [136.684737, 37.136052], [136.684616, 37.136036]]], [[[136.686173, 37.135806], [136.686275, 37.135761], [136.686277, 37.135871], [136.686173, 37.135806]]], [[[136.684622, 37.135641], [136.684833, 37.135719], [136.684701, 37.135731], [136.684622, 37.135641]]], [[[136.685098, 37.135687], [136.685285, 37.135609], [136.685163, 37.135715], [136.685098, 37.135687]]], [[[136.685429, 37.135651], [136.685714, 37.135651], [136.685508, 37.135709], [136.685429, 37.135651]]], [[[136.684283, 37.135671], [136.684356, 37.135674], [136.684337, 37.135696], [136.684283, 37.135671]]], [[[136.726482, 37.133738], [136.726714, 37.133724], [136.726562, 37.133786], [136.726482, 37.133738]]], [[[136.727051, 37.133571], [136.727119, 37.133577], [136.727101, 37.133616], [136.727051, 37.133571]]], [[[136.72648, 37.133394], [136.726538, 37.133387], [136.726551, 37.13342], [136.72648, 37.133394]]], [[[136.726415, 37.132983], [136.726535, 37.132948], [136.72653, 37.133069], [136.726415, 37.132983]]], [[[136.726284, 37.132485], [136.726448, 37.132381], [136.72651, 37.132537], [136.72643, 37.132599], [136.726284, 37.132485]]], [[[136.726284, 37.130954], [136.726314, 37.130858], [136.726431, 37.130875], [136.726284, 37.130954]]], [[[136.726785, 37.128798], [136.726851, 37.128766], [136.726838, 37.128839], [136.726785, 37.128798]]], [[[136.726471, 37.128795], [136.726596, 37.128727], [136.726576, 37.128811], [136.726471, 37.128795]]], [[[136.725963, 37.12873], [136.726223, 37.128739], [136.72626, 37.12883], [136.725963, 37.12873]]], [[[136.72667, 37.128766], [136.726736, 37.128733], [136.726734, 37.128804], [136.72667, 37.128766]]], [[[136.726597, 37.128625], [136.726666, 37.128574], [136.726743, 37.128648], [136.726597, 37.128625]]], [[[136.726238, 37.128418], [136.726325, 37.128417], [136.726336, 37.128521], [136.726238, 37.128418]]], [[[136.726668, 37.12846], [136.726707, 37.128423], [136.726745, 37.128458], [136.726668, 37.12846]]], [[[136.727607, 37.127931], [136.727731, 37.127886], [136.727819, 37.127987], [136.727607, 37.127931]]], [[[136.725325, 37.127383], [136.725415, 37.127404], [136.72534, 37.127419], [136.725325, 37.127383]]], [[[136.725236, 37.127253], [136.725285, 37.127222], [136.725334, 37.127271], [136.725236, 37.127253]]], [[[136.725492, 37.127195], [136.725553, 37.127149], [136.725601, 37.12724], [136.725492, 37.127195]]], [[[136.724441, 37.127036], [136.724625, 37.12705], [136.724676, 37.127232], [136.724441, 37.127036]]], [[[136.724984, 37.127082], [136.725039, 37.127096], [136.725032, 37.127207], [136.724984, 37.127082]]], [[[136.725127, 37.127051], [136.725253, 37.127042], [136.725182, 37.127176], [136.725127, 37.127051]]], [[[136.724289, 37.127081], [136.724416, 37.127157], [136.72433, 37.127159], [136.724289, 37.127081]]], [[[136.725385, 37.127082], [136.725415, 37.127042], [136.725441, 37.127103], [136.725385, 37.127082]]], [[[136.725033, 37.126905], [136.725138, 37.126847], [136.725235, 37.126887], [136.725033, 37.126905]]], [[[136.726758, 37.123041], [136.727022, 37.122997], [136.726938, 37.123136], [136.726758, 37.123041]]], [[[136.726785, 37.122101], [136.726971, 37.122023], [136.726878, 37.122174], [136.726785, 37.122101]]], [[[136.726146, 37.119749], [136.726425, 37.119618], [136.726572, 37.119919], [136.72637, 37.119943], [136.726146, 37.119749]]], [[[136.725862, 37.119229], [136.725983, 37.119129], [136.726167, 37.119181], [136.726234, 37.11947], [136.72598, 37.119467], [136.725862, 37.119229]]], [[[136.726024, 37.119017], [136.726113, 37.118906], [136.726245, 37.119025], [136.726024, 37.119017]]], [[[136.72569, 37.118712], [136.725974, 37.118698], [136.725965, 37.118943], [136.72576, 37.118903], [136.72569, 37.118712]]], [[[136.724809, 37.116212], [136.724923, 37.116263], [136.724848, 37.116275], [136.724809, 37.116212]]], [[[136.72505, 37.116134], [136.725073, 37.115933], [136.725282, 37.115926], [136.725254, 37.116227], [136.725088, 37.116241], [136.72505, 37.116134]]], [[[136.724277, 37.116127], [136.724328, 37.116056], [136.724376, 37.116175], [136.724277, 37.116127]]], [[[136.723965, 37.115842], [136.724097, 37.115768], [136.724128, 37.115919], [136.723965, 37.115842]]], [[[136.724532, 37.115841], [136.724599, 37.115832], [136.724643, 37.115906], [136.724532, 37.115841]]], [[[136.724776, 37.114979], [136.7249, 37.114956], [136.724943, 37.11502], [136.724776, 37.114979]]], [[[136.724996, 37.114885], [136.725058, 37.114826], [136.725189, 37.114904], [136.724996, 37.114885]]], [[[136.724377, 37.114503], [136.724489, 37.114457], [136.724558, 37.114588], [136.724377, 37.114503]]], [[[136.724948, 37.114453], [136.725063, 37.11429], [136.725276, 37.114472], [136.724948, 37.114453]]], [[[136.725316, 37.114346], [136.725441, 37.114271], [136.725522, 37.114422], [136.725316, 37.114346]]], [[[136.725139, 37.114057], [136.725181, 37.114001], [136.725279, 37.114016], [136.725139, 37.114057]]], [[[136.724386, 37.113668], [136.724602, 37.113456], [136.724953, 37.113764], [136.724664, 37.113838], [136.724386, 37.113668]]], [[[136.726232, 37.110217], [136.726411, 37.110296], [136.726428, 37.110537], [136.726232, 37.110217]]], [[[136.726701, 37.107778], [136.726881, 37.107618], [136.727084, 37.107744], [136.726946, 37.107849], [136.726701, 37.107778]]], [[[136.726741, 37.107287], [136.726896, 37.107088], [136.72721, 37.107114], [136.727076, 37.107384], [136.726838, 37.107399], [136.726741, 37.107287]]], [[[136.727271, 37.106089], [136.727321, 37.106051], [136.727353, 37.106083], [136.727271, 37.106089]]], [[[136.72686, 37.106093], [136.726988, 37.106053], [136.72695, 37.106101], [136.72686, 37.106093]]], [[[136.726681, 37.105888], [136.726936, 37.105857], [136.727002, 37.105926], [136.726681, 37.105888]]], [[[136.727018, 37.105781], [136.727278, 37.105916], [136.727153, 37.105938], [136.727018, 37.105781]]], [[[136.727474, 37.105718], [136.727507, 37.105649], [136.727554, 37.105666], [136.727474, 37.105718]]], [[[136.727198, 37.10558], [136.727292, 37.105502], [136.727316, 37.105603], [136.727198, 37.10558]]], [[[136.727505, 37.105553], [136.727643, 37.105467], [136.727632, 37.10554], [136.727505, 37.105553]]], [[[136.728009, 37.102974], [136.728238, 37.102999], [136.728099, 37.103054], [136.728009, 37.102974]]], [[[136.727402, 37.10278], [136.727577, 37.102692], [136.72764, 37.102764], [136.727402, 37.10278]]], [[[136.725648, 37.102246], [136.725877, 37.102217], [136.726004, 37.102378], [136.725784, 37.102392], [136.725648, 37.102246]]], [[[136.725418, 37.102098], [136.725466, 37.102034], [136.725534, 37.102086], [136.725418, 37.102098]]], [[[136.725528, 37.101776], [136.725643, 37.101756], [136.725696, 37.101825], [136.725528, 37.101776]]], [[[136.72611, 37.101313], [136.726158, 37.101274], [136.726233, 37.101319], [136.72611, 37.101313]]], [[[136.726694, 37.101283], [136.7268, 37.101222], [136.726849, 37.101265], [136.726694, 37.101283]]], [[[136.726923, 37.101221], [136.726941, 37.10118], [136.727007, 37.10119], [136.726923, 37.101221]]], [[[136.726368, 37.100097], [136.726475, 37.099988], [136.726712, 37.100116], [136.726548, 37.100273], [136.726387, 37.100234], [136.726368, 37.100097]]], [[[136.727337, 37.099942], [136.727425, 37.099906], [136.727534, 37.100041], [136.727337, 37.099942]]], [[[136.728048, 37.099997], [136.728247, 37.099852], [136.728188, 37.099999], [136.728048, 37.099997]]], [[[136.727543, 37.096841], [136.727688, 37.096759], [136.72782, 37.096845], [136.727666, 37.096991], [136.727543, 37.096841]]], [[[136.726631, 37.096405], [136.726814, 37.096313], [136.726897, 37.096531], [136.726721, 37.096583], [136.726631, 37.096405]]], [[[136.725569, 37.095757], [136.725691, 37.095775], [136.725629, 37.095856], [136.725569, 37.095757]]], [[[136.726119, 37.094586], [136.726317, 37.094651], [136.726184, 37.094693], [136.726119, 37.094586]]], [[[136.725662, 37.094554], [136.725761, 37.094459], [136.725855, 37.094647], [136.725708, 37.094664], [136.725662, 37.094554]]], [[[136.725226, 37.094526], [136.725257, 37.09444], [136.725376, 37.094447], [136.725226, 37.094526]]], [[[136.725005, 37.094049], [136.725262, 37.094054], [136.725087, 37.094131], [136.725005, 37.094049]]], [[[136.726354, 37.093546], [136.726895, 37.093464], [136.7268, 37.093611], [136.726354, 37.093546]]], [[[136.722612, 37.09225], [136.722718, 37.092242], [136.722667, 37.09231], [136.722612, 37.09225]]], [[[136.723237, 37.091999], [136.723343, 37.091967], [136.723374, 37.092051], [136.723237, 37.091999]]], [[[136.72281, 37.091328], [136.723001, 37.090886], [136.723138, 37.090864], [136.723453, 37.091377], [136.723174, 37.091503], [136.72281, 37.091328]]], [[[136.722607, 37.090876], [136.722658, 37.090832], [136.722704, 37.09092], [136.722607, 37.090876]]], [[[136.723201, 37.089706], [136.723303, 37.089676], [136.723399, 37.089767], [136.723201, 37.089706]]], [[[136.723232, 37.089469], [136.723541, 37.08953], [136.723391, 37.089587], [136.723232, 37.089469]]], [[[136.721881, 37.089312], [136.72201, 37.08913], [136.722051, 37.089303], [136.721881, 37.089312]]], [[[136.722014, 37.088907], [136.722193, 37.088917], [136.722399, 37.089121], [136.72212, 37.089136], [136.722014, 37.088907]]], [[[136.72188, 37.088999], [136.721892, 37.088966], [136.721976, 37.088995], [136.72188, 37.088999]]], [[[136.72254, 37.088876], [136.722606, 37.088934], [136.722544, 37.08892], [136.72254, 37.088876]]], [[[136.722931, 37.088869], [136.723, 37.088851], [136.723004, 37.088919], [136.722931, 37.088869]]], [[[136.722179, 37.088761], [136.722293, 37.088819], [136.722239, 37.088822], [136.722179, 37.088761]]], [[[136.722498, 37.088641], [136.722728, 37.088782], [136.722511, 37.088748], [136.722498, 37.088641]]], [[[136.722932, 37.088754], [136.72299, 37.088731], [136.723032, 37.088775], [136.722932, 37.088754]]], [[[136.722807, 37.088456], [136.722936, 37.088382], [136.723124, 37.088632], [136.722907, 37.088622], [136.722807, 37.088456]]], [[[136.722163, 37.088129], [136.72218, 37.088091], [136.722301, 37.088125], [136.722163, 37.088129]]], [[[136.7213, 37.087932], [136.72144, 37.087782], [136.721463, 37.087955], [136.7213, 37.087932]]], [[[136.720942, 37.086535], [136.721044, 37.086429], [136.721238, 37.086466], [136.721213, 37.086823], [136.721071, 37.086899], [136.720942, 37.086535]]], [[[136.721925, 37.08362], [136.721977, 37.083512], [136.722128, 37.083571], [136.721925, 37.08362]]], [[[136.721822, 37.083245], [136.722021, 37.083217], [136.721925, 37.083368], [136.721822, 37.083245]]], [[[136.721617, 37.082918], [136.721689, 37.082834], [136.721804, 37.083042], [136.721617, 37.082918]]], [[[136.721661, 37.082639], [136.721802, 37.082572], [136.721762, 37.082679], [136.721661, 37.082639]]], [[[136.720896, 37.08234], [136.720965, 37.082301], [136.721016, 37.082403], [136.720896, 37.08234]]], [[[136.722041, 37.082164], [136.722096, 37.082113], [136.722147, 37.08215], [136.722041, 37.082164]]], [[[136.722229, 37.082087], [136.722301, 37.082082], [136.722294, 37.08215], [136.722229, 37.082087]]], [[[136.720968, 37.082125], [136.721192, 37.081661], [136.72133, 37.081728], [136.72128, 37.081874], [136.720968, 37.082125]]], [[[136.720399, 37.081914], [136.720424, 37.081823], [136.720626, 37.081867], [136.720706, 37.081999], [136.720525, 37.082057], [136.720399, 37.081914]]], [[[136.721963, 37.081965], [136.722129, 37.08181], [136.722151, 37.081883], [136.721963, 37.081965]]], [[[136.720496, 37.081552], [136.72061, 37.081533], [136.720626, 37.081698], [136.720496, 37.081552]]], [[[136.721538, 37.081359], [136.721616, 37.081434], [136.721552, 37.081494], [136.721538, 37.081359]]], [[[136.720442, 37.081352], [136.720632, 37.081262], [136.720709, 37.081334], [136.720573, 37.081489], [136.720442, 37.081352]]], [[[136.72132, 37.081369], [136.721448, 37.081339], [136.72133, 37.081411], [136.72132, 37.081369]]], [[[136.721381, 37.081315], [136.721477, 37.081246], [136.721461, 37.081329], [136.721381, 37.081315]]], [[[136.721138, 37.081074], [136.721197, 37.081016], [136.721328, 37.081139], [136.721138, 37.081074]]], [[[136.72057, 37.081088], [136.720826, 37.080993], [136.720869, 37.081158], [136.72057, 37.081088]]], [[[136.719461, 37.080332], [136.719557, 37.080197], [136.719749, 37.080295], [136.719722, 37.080664], [136.719461, 37.080332]]], [[[136.717882, 37.078822], [136.717978, 37.078725], [136.718106, 37.078869], [136.717882, 37.078822]]], [[[136.717456, 37.075919], [136.717592, 37.075768], [136.717494, 37.075405], [136.717749, 37.075004], [136.718053, 37.074994], [136.718226, 37.07531], [136.718189, 37.075589], [136.71834, 37.07573], [136.718291, 37.075985], [136.718438, 37.076244], [136.717955, 37.077281], [136.718112, 37.077621], [136.717728, 37.077328], [136.717559, 37.076998], [136.71782, 37.076744], [136.717554, 37.076527], [136.717635, 37.07615], [136.717456, 37.075919]]], [[[136.718415, 37.072857], [136.71888, 37.072639], [136.718761, 37.073055], [136.718415, 37.072857]]], [[[136.717236, 37.072429], [136.717445, 37.071977], [136.717673, 37.072231], [136.717427, 37.072452], [136.717236, 37.072429]]], [[[136.718306, 37.072433], [136.718406, 37.072314], [136.718456, 37.072409], [136.718306, 37.072433]]], [[[136.718351, 37.071621], [136.718529, 37.071566], [136.71847, 37.071641], [136.718351, 37.071621]]], [[[136.717992, 37.071494], [136.718228, 37.071491], [136.718178, 37.071574], [136.717992, 37.071494]]], [[[136.718156, 37.07138], [136.718347, 37.071189], [136.718365, 37.071316], [136.718156, 37.07138]]], [[[136.718363, 37.070133], [136.718743, 37.070101], [136.718722, 37.070252], [136.718363, 37.070133]]], [[[136.71953, 37.067912], [136.719621, 37.067716], [136.719768, 37.067833], [136.71953, 37.067912]]], [[[136.719819, 37.06763], [136.719946, 37.067572], [136.720188, 37.067775], [136.719819, 37.06763]]], [[[136.72075, 37.06761], [136.721075, 37.067434], [136.721158, 37.06751], [136.72075, 37.06761]]], [[[136.720263, 37.067468], [136.72035, 37.067486], [136.720346, 37.067554], [136.720263, 37.067468]]], [[[136.721008, 37.067027], [136.721233, 37.066859], [136.721324, 37.067024], [136.721008, 37.067027]]], [[[136.720775, 37.066302], [136.720802, 37.066214], [136.721293, 37.066263], [136.721035, 37.066511], [136.720775, 37.066302]]], [[[136.71976, 37.066047], [136.719994, 37.065966], [136.719888, 37.066103], [136.71976, 37.066047]]], [[[136.720175, 37.065872], [136.720419, 37.065789], [136.720328, 37.065942], [136.720175, 37.065872]]], [[[136.720643, 37.065564], [136.720824, 37.065588], [136.720728, 37.065823], [136.720643, 37.065564]]], [[[136.717294, 37.061989], [136.717629, 37.058345], [136.717998, 37.058354], [136.717869, 37.058625], [136.71764, 37.062009], [136.717294, 37.061989]]], [[[136.722162, 37.053496], [136.722202, 37.053277], [136.722495, 37.05318], [136.722784, 37.053855], [136.722503, 37.053941], [136.722488, 37.05369], [136.722162, 37.053496]]], [[[136.72207, 37.053597], [136.722167, 37.053623], [136.722137, 37.053675], [136.72207, 37.053597]]], [[[136.72199, 37.05345], [136.72202, 37.053372], [136.722088, 37.053467], [136.72199, 37.05345]]], [[[136.7282, 37.050646], [136.728388, 37.050577], [136.728579, 37.050722], [136.7282, 37.050646]]], [[[136.727649, 37.050403], [136.727748, 37.050207], [136.727852, 37.050405], [136.727649, 37.050403]]], [[[136.72875, 37.050151], [136.72885, 37.049909], [136.729001, 37.049866], [136.728991, 37.050107], [136.729195, 37.05009], [136.729262, 37.050244], [136.729145, 37.050326], [136.72875, 37.050151]]], [[[136.727276, 37.050207], [136.727289, 37.050029], [136.727514, 37.050064], [136.727524, 37.050215], [136.727276, 37.050207]]], [[[136.728411, 37.050116], [136.728451, 37.049962], [136.728622, 37.049939], [136.728676, 37.050067], [136.728411, 37.050116]]], [[[136.728019, 37.049834], [136.728177, 37.049729], [136.728328, 37.049872], [136.728019, 37.049834]]], [[[136.729822, 37.049685], [136.729978, 37.049563], [136.730105, 37.049714], [136.730034, 37.049825], [136.729822, 37.049685]]], [[[136.729711, 37.049487], [136.729799, 37.049563], [136.729711, 37.049586], [136.729711, 37.049487]]], [[[136.729615, 37.049224], [136.729715, 37.049131], [136.729882, 37.049216], [136.729813, 37.049357], [136.729615, 37.049224]]], [[[136.729381, 37.048889], [136.729546, 37.04879], [136.729661, 37.048904], [136.72951, 37.049026], [136.729381, 37.048889]]], [[[136.731852, 37.048442], [136.731935, 37.048412], [136.731941, 37.048457], [136.731852, 37.048442]]], [[[136.7298, 37.048165], [136.729849, 37.04813], [136.729881, 37.048225], [136.7298, 37.048165]]], [[[136.731503, 37.048097], [136.731598, 37.048124], [136.731613, 37.048199], [136.731503, 37.048097]]], [[[136.731181, 37.047944], [136.731218, 37.047879], [136.731313, 37.047924], [136.731181, 37.047944]]], [[[136.730824, 37.047581], [136.731031, 37.047558], [136.730985, 37.047671], [136.730824, 37.047581]]], [[[136.732821, 37.046546], [136.732979, 37.046589], [136.732944, 37.04669], [136.732821, 37.046546]]], [[[136.733099, 37.046617], [136.733164, 37.046538], [136.733193, 37.046584], [136.733099, 37.046617]]], [[[136.733063, 37.046233], [136.733131, 37.046263], [136.733081, 37.046331], [136.733063, 37.046233]]], [[[136.73285, 37.046154], [136.732952, 37.04618], [136.732892, 37.046265], [136.73285, 37.046154]]], [[[136.733426, 37.045774], [136.733462, 37.045616], [136.733691, 37.045531], [136.733873, 37.045736], [136.73356, 37.0459], [136.733426, 37.045774]]], [[[136.733949, 37.045584], [136.734014, 37.045524], [136.734134, 37.045588], [136.733949, 37.045584]]], [[[136.733549, 37.045139], [136.73368, 37.044984], [136.733902, 37.045067], [136.733756, 37.045303], [136.733549, 37.045139]]], [[[136.733306, 37.044002], [136.733451, 37.043977], [136.733408, 37.044043], [136.733306, 37.044002]]], [[[136.733516, 37.043667], [136.733654, 37.043544], [136.733822, 37.043706], [136.733516, 37.043667]]], [[[136.732992, 37.042921], [136.733166, 37.042594], [136.733361, 37.042597], [136.73343, 37.042707], [136.733267, 37.042887], [136.732992, 37.042921]]], [[[136.733452, 37.042531], [136.733646, 37.042265], [136.733746, 37.042333], [136.733452, 37.042531]]], [[[136.733314, 37.041352], [136.733418, 37.041313], [136.733373, 37.04137], [136.733314, 37.041352]]], [[[136.737526, 37.039031], [136.737596, 37.038969], [136.737646, 37.039062], [136.737526, 37.039031]]], [[[136.737723, 37.037709], [136.737808, 37.037584], [136.73826, 37.037892], [136.73872, 37.038502], [136.73856, 37.038664], [136.738272, 37.038553], [136.737723, 37.037709]]], [[[136.738669, 37.037557], [136.738954, 37.037354], [136.739249, 37.037571], [136.739055, 37.037726], [136.738669, 37.037557]]], [[[136.738272, 37.037374], [136.738583, 37.037177], [136.73877, 37.037194], [136.738373, 37.037432], [136.738272, 37.037374]]], [[[136.739624, 37.036913], [136.739741, 37.036934], [136.739701, 37.037029], [136.739624, 37.036913]]], [[[136.739316, 37.036683], [136.739483, 37.036656], [136.739581, 37.03648], [136.739499, 37.036808], [136.739316, 37.036683]]], [[[136.739648, 37.036262], [136.739693, 37.036191], [136.739921, 37.036419], [136.73978, 37.036434], [136.739648, 37.036262]]], [[[136.739932, 37.036223], [136.740058, 37.036231], [136.740014, 37.036277], [136.739932, 37.036223]]], [[[136.740144, 37.036033], [136.740229, 37.036046], [136.740226, 37.036115], [136.740144, 37.036033]]], [[[136.739028, 37.034329], [136.739118, 37.034344], [136.739133, 37.034415], [136.739028, 37.034329]]], [[[136.739212, 37.033973], [136.739326, 37.033912], [136.73944, 37.034068], [136.739212, 37.033973]]], [[[136.738109, 37.033984], [136.738167, 37.033934], [136.738208, 37.033983], [136.738109, 37.033984]]], [[[136.738938, 37.033895], [136.738967, 37.033859], [136.739024, 37.033941], [136.738938, 37.033895]]], [[[136.737994, 37.03375], [136.738141, 37.033598], [136.738387, 37.033715], [136.738158, 37.033871], [136.737994, 37.03375]]], [[[136.738027, 37.032442], [136.738065, 37.032358], [136.738123, 37.032513], [136.738027, 37.032442]]], [[[136.737897, 37.032261], [136.738032, 37.03221], [136.737973, 37.032294], [136.737897, 37.032261]]], [[[136.738014, 37.031536], [136.73819, 37.031481], [136.738139, 37.031677], [136.738014, 37.031536]]], [[[136.73853, 37.031521], [136.738629, 37.031494], [136.738573, 37.031569], [136.73853, 37.031521]]], [[[136.744873, 37.03056], [136.744903, 37.030465], [136.745329, 37.030554], [136.745467, 37.0307], [136.744873, 37.03056]]], [[[136.745733, 37.030432], [136.745925, 37.030292], [136.745945, 37.030397], [136.745733, 37.030432]]], [[[136.740647, 37.030261], [136.7407, 37.030232], [136.740792, 37.030414], [136.740647, 37.030261]]], [[[136.741091, 37.030291], [136.741156, 37.030215], [136.741202, 37.030255], [136.741091, 37.030291]]], [[[136.7433, 37.030264], [136.743371, 37.03024], [136.743399, 37.030309], [136.7433, 37.030264]]], [[[136.740369, 37.030211], [136.740416, 37.030029], [136.740549, 37.030039], [136.740585, 37.03018], [136.740369, 37.030211]]], [[[136.741905, 37.030126], [136.742031, 37.030042], [136.741995, 37.030167], [136.741905, 37.030126]]], [[[136.739553, 37.030102], [136.739589, 37.030055], [136.739664, 37.030139], [136.739553, 37.030102]]], [[[136.740201, 37.030031], [136.740252, 37.03], [136.740284, 37.030063], [136.740201, 37.030031]]], [[[136.739348, 37.030026], [136.73944, 37.02999], [136.739438, 37.03005], [136.739348, 37.030026]]], [[[136.741451, 37.029907], [136.741591, 37.029907], [136.74146, 37.029978], [136.741451, 37.029907]]], [[[136.740356, 37.029899], [136.740446, 37.02987], [136.740442, 37.029916], [136.740356, 37.029899]]], [[[136.739891, 37.029719], [136.739998, 37.029725], [136.739951, 37.029775], [136.739891, 37.029719]]], [[[136.742734, 37.029692], [136.742807, 37.029626], [136.742853, 37.029698], [136.742734, 37.029692]]], [[[136.739376, 37.029622], [136.739464, 37.029537], [136.73953, 37.029604], [136.739376, 37.029622]]], [[[136.745831, 37.028752], [136.746017, 37.028576], [136.746101, 37.028725], [136.745975, 37.028884], [136.745831, 37.028752]]], [[[136.745019, 37.026463], [136.745134, 37.026352], [136.745264, 37.026652], [136.745019, 37.026463]]], [[[136.744407, 37.025533], [136.744466, 37.02539], [136.744826, 37.025668], [136.744696, 37.025769], [136.744407, 37.025533]]], [[[136.744003, 37.025536], [136.744071, 37.025485], [136.744211, 37.025606], [136.744003, 37.025536]]], [[[136.74413, 37.025325], [136.744189, 37.025217], [136.744329, 37.025314], [136.744217, 37.025412], [136.74413, 37.025325]]], [[[136.743017, 37.024827], [136.743187, 37.024557], [136.743383, 37.024498], [136.743578, 37.024629], [136.743296, 37.024975], [136.743017, 37.024827]]], [[[136.743825, 37.024114], [136.744399, 37.02415], [136.744396, 37.024451], [136.744267, 37.024473], [136.743825, 37.024114]]], [[[136.743405, 37.023988], [136.74353, 37.023888], [136.743694, 37.023961], [136.743665, 37.024178], [136.743405, 37.023988]]], [[[136.743819, 37.023924], [136.743985, 37.023816], [136.744008, 37.023907], [136.743819, 37.023924]]], [[[136.743108, 37.023555], [136.74319, 37.02353], [136.743163, 37.023584], [136.743108, 37.023555]]], [[[136.741896, 37.020889], [136.741979, 37.020837], [136.742079, 37.020996], [136.741955, 37.021456], [136.741896, 37.020889]]], [[[136.742119, 37.020698], [136.742228, 37.020724], [136.742162, 37.020773], [136.742119, 37.020698]]], [[[136.741842, 37.020547], [136.742038, 37.020554], [136.741952, 37.020632], [136.741842, 37.020547]]], [[[136.74266, 37.019623], [136.742838, 37.019625], [136.742704, 37.019693], [136.74266, 37.019623]]], [[[136.740926, 37.016358], [136.74098, 37.016277], [136.741119, 37.016441], [136.740926, 37.016358]]], [[[136.74127, 37.015829], [136.741458, 37.015739], [136.741504, 37.015972], [136.741353, 37.016119], [136.74127, 37.015829]]], [[[136.740823, 37.016054], [136.740946, 37.015969], [136.740983, 37.01605], [136.740823, 37.016054]]], [[[136.752221, 37.007854], [136.752737, 37.007296], [136.753134, 37.007515], [136.753094, 37.00789], [136.752756, 37.008108], [136.752304, 37.008086], [136.752221, 37.007854]]], [[[136.751875, 37.007592], [136.752009, 37.007243], [136.752308, 37.007075], [136.752146, 37.007743], [136.751979, 37.007773], [136.751875, 37.007592]]], [[[136.753526, 37.006348], [136.753703, 37.006332], [136.75364, 37.006505], [136.753526, 37.006348]]], [[[136.753848, 37.006278], [136.753951, 37.00619], [136.754046, 37.006248], [136.753848, 37.006278]]], [[[136.75302, 37.00479], [136.753218, 37.004851], [136.753556, 37.005411], [136.753888, 37.005468], [136.754298, 37.005758], [136.754324, 37.00609], [136.754058, 37.006143], [136.753865, 37.005846], [136.753651, 37.005992], [136.753026, 37.005022], [136.75302, 37.00479]]], [[[136.754268, 37.00494], [136.754619, 37.004034], [136.7551, 37.004426], [136.755111, 37.004939], [136.755277, 37.005081], [136.755419, 37.005618], [136.755176, 37.005731], [136.754621, 37.005592], [136.754268, 37.00494]]], [[[136.757534, 37.00547], [136.757684, 37.005452], [136.757655, 37.005582], [136.757534, 37.00547]]], [[[136.758114, 37.005248], [136.758291, 37.005156], [136.758277, 37.00543], [136.758114, 37.005248]]], [[[136.755461, 37.004934], [136.755607, 37.004895], [136.755711, 37.005106], [136.755592, 37.005335], [136.755473, 37.005289], [136.755461, 37.004934]]], [[[136.758914, 37.004506], [136.759196, 37.004498], [136.759268, 37.004692], [136.758983, 37.004678], [136.758914, 37.004506]]], [[[136.754119, 37.004005], [136.754409, 37.003535], [136.75452, 37.003802], [136.754295, 37.004076], [136.754119, 37.004005]]], [[[136.753506, 37.003972], [136.753688, 37.003919], [136.753621, 37.004051], [136.753506, 37.003972]]], [[[136.763277, 37.003563], [136.763472, 37.003442], [136.763426, 37.003623], [136.763277, 37.003563]]], [[[136.75391, 37.003487], [136.754093, 37.003339], [136.754112, 37.003121], [136.754376, 37.003067], [136.754424, 37.003321], [136.754182, 37.003521], [136.75391, 37.003487]]], [[[136.765237, 36.990581], [136.765385, 36.990511], [136.765559, 36.9907], [136.765304, 36.990758], [136.765237, 36.990581]]], [[[136.765482, 36.989514], [136.765667, 36.989334], [136.765864, 36.989376], [136.765739, 36.989701], [136.765482, 36.989514]]], [[[136.764597, 36.987682], [136.76473, 36.987512], [136.764914, 36.98752], [136.765024, 36.987871], [136.76467, 36.987937], [136.764597, 36.987682]]], [[[136.765203, 36.986232], [136.765268, 36.986008], [136.765562, 36.98594], [136.765591, 36.986105], [136.765375, 36.986306], [136.765203, 36.986232]]], [[[136.763925, 36.985347], [136.764068, 36.984899], [136.764402, 36.984929], [136.764396, 36.985344], [136.764016, 36.985451], [136.763925, 36.985347]]], [[[136.76417, 36.984076], [136.764287, 36.983774], [136.764688, 36.983687], [136.764771, 36.984008], [136.764645, 36.984258], [136.764316, 36.984242], [136.76417, 36.984076]]]]}}, {"type": "Feature", "properties": {"pref_code": "17", "pref_name": "石川県", "municipality_code": "17386", "municipality_name": "宝達志水町", "ward_name": "", "display_name": "宝達志水町", "geometry_key": "17386"}, "geometry": {"type": "Polygon", "coordinates": [[[136.873392, 36.867652], [136.872331, 36.868925], [136.871564, 36.869511], [136.871354, 36.86989], [136.870382, 36.870338], [136.869651, 36.870237], [136.868865, 36.870735], [136.868259, 36.870962], [136.86752, 36.870906], [136.86703, 36.871026], [136.866268, 36.870944], [136.865164, 36.87119], [136.864899, 36.870679], [136.864689, 36.870634], [136.862839, 36.870748], [136.862442, 36.870584], [136.861556, 36.86989], [136.861338, 36.869316], [136.860624, 36.868965], [136.859904, 36.868822], [136.859472, 36.869833], [136.858904, 36.870085], [136.858274, 36.870155], [136.858134, 36.872003], [136.857224, 36.872149], [136.857691, 36.873063], [136.857519, 36.873442], [136.857232, 36.873549], [136.85661, 36.873486], [136.85556, 36.873164], [136.854666, 36.873562], [136.8543, 36.873612], [136.852613, 36.872924], [136.850886, 36.872685], [136.847675, 36.873164], [136.847087, 36.873064], [136.846345, 36.872754], [136.844331, 36.871618], [136.8429, 36.871883], [136.842263, 36.871845], [136.839805, 36.871031], [136.837791, 36.871448], [136.836096, 36.871101], [136.835645, 36.87117], [136.835049, 36.871566], [136.834611, 36.871126], [136.833856, 36.872217], [136.832985, 36.872829], [136.832705, 36.873208], [136.832939, 36.873845], [136.833436, 36.874268], [136.834074, 36.875422], [136.834323, 36.876848], [136.833156, 36.877221], [136.832044, 36.877744], [136.831943, 36.878571], [136.831593, 36.879233], [136.830427, 36.87965], [136.830046, 36.879984], [136.829602, 36.881044], [136.828817, 36.881486], [136.828731, 36.881997], [136.828848, 36.882546], [136.828716, 36.882968], [136.828949, 36.883864], [136.828894, 36.88411], [136.828521, 36.884735], [136.827145, 36.885454], [136.827028, 36.886533], [136.827347, 36.886836], [136.826681, 36.887563], [136.826188, 36.887626], [136.825588, 36.887166], [136.825099, 36.887063], [136.823614, 36.887492], [136.82314, 36.887189], [136.821787, 36.886886], [136.82132, 36.886924], [136.820597, 36.887164], [136.819742, 36.888097], [136.819205, 36.888255], [136.818948, 36.888786], [136.817354, 36.888804], [136.816514, 36.888943], [136.814601, 36.888356], [136.814236, 36.887908], [136.810239, 36.887674], [136.806778, 36.887681], [136.806778, 36.887529], [136.805122, 36.887492], [136.803933, 36.887548], [136.803178, 36.88787], [136.801499, 36.887416], [136.800939, 36.887573], [136.802136, 36.890217], [136.799189, 36.891201], [136.798567, 36.891189], [136.797813, 36.890722], [136.797579, 36.890236], [136.796965, 36.889668], [136.796825, 36.889441], [136.796654, 36.887542], [136.796467, 36.886967], [136.796179, 36.886551], [136.795736, 36.886223], [136.79534, 36.886274], [136.794601, 36.885005], [136.794243, 36.885081], [136.793715, 36.884078], [136.793995, 36.883914], [136.793341, 36.88269], [136.792074, 36.882526], [136.792043, 36.882097], [136.790161, 36.882336], [136.790426, 36.881245], [136.791452, 36.880942], [136.791048, 36.879295], [136.79104, 36.878494], [136.791693, 36.878336], [136.790877, 36.875453], [136.790823, 36.873806], [136.788917, 36.873838], [136.787712, 36.874386], [136.786297, 36.874487], [136.786343, 36.874084], [136.785869, 36.874002], [136.785752, 36.873409], [136.78499, 36.873144], [136.783541, 36.872967], [136.784159, 36.869459], [136.785496, 36.867667], [136.784478, 36.864771], [136.782347, 36.864998], [136.782284, 36.865339], [136.782129, 36.865465], [136.781204, 36.865862], [136.778249, 36.866254], [136.77744, 36.866588], [136.776281, 36.866651], [136.773241, 36.866096], [136.770791, 36.866291], [136.768987, 36.866266], [136.767525, 36.866064], [136.758044, 36.866108], [136.757611, 36.864297], [136.756511, 36.861352], [136.754033, 36.853398], [136.752544, 36.849455], [136.752565, 36.848895], [136.752321, 36.848222], [136.750117, 36.842292], [136.74757, 36.836164], [136.744597, 36.829603], [136.744129, 36.828206], [136.742448, 36.825111], [136.740335, 36.820289], [136.73749, 36.814903], [136.736505, 36.812626], [136.735624, 36.811143], [136.73525, 36.810107], [136.733676, 36.807366], [136.729813, 36.799707], [136.728035, 36.796957], [136.727655, 36.795738], [136.726957, 36.794911], [136.725845, 36.793045], [136.724333, 36.789846], [136.727997, 36.788949], [136.729247, 36.788874], [136.732264, 36.78933], [136.733938, 36.789339], [136.736508, 36.790205], [136.739425, 36.79092], [136.740063, 36.791452], [136.74105, 36.791555], [136.741209, 36.791814], [136.741528, 36.791803], [136.74191, 36.792141], [136.744135, 36.79188], [136.745649, 36.791899], [136.748609, 36.791705], [136.749358, 36.790418], [136.74904, 36.786892], [136.748825, 36.786491], [136.748, 36.78576], [136.748508, 36.785184], [136.748831, 36.784566], [136.749567, 36.784525], [136.749846, 36.784865], [136.752308, 36.784154], [136.753088, 36.784273], [136.753812, 36.783974], [136.75451, 36.783949], [136.754973, 36.783197], [136.755817, 36.783506], [136.755722, 36.784051], [136.757352, 36.784232], [136.759262, 36.784705], [136.75946, 36.784796], [136.758857, 36.78525], [136.758875, 36.785374], [136.760734, 36.786094], [136.761292, 36.786126], [136.761978, 36.786455], [136.763431, 36.78627], [136.764496, 36.786409], [136.765537, 36.785987], [136.76666, 36.786409], [136.767542, 36.786584], [136.768062, 36.786532], [136.769261, 36.786121], [136.771209, 36.786383], [136.771507, 36.78679], [136.772611, 36.78732], [136.776779, 36.786811], [136.778086, 36.786018], [136.778632, 36.785931], [136.77945, 36.785478], [136.779317, 36.784057], [136.779476, 36.783424], [136.77992, 36.782734], [136.780491, 36.78064], [136.781119, 36.779641], [136.781494, 36.779332], [136.78195, 36.779332], [136.784837, 36.778138], [136.786321, 36.779214], [136.787001, 36.77941], [136.788853, 36.779554], [136.789634, 36.779467], [136.790173, 36.779158], [136.790401, 36.77869], [136.790331, 36.777269], [136.790877, 36.776878], [136.79075, 36.776698], [136.789697, 36.776348], [136.78919, 36.775911], [136.789107, 36.775334], [136.789672, 36.774835], [136.793764, 36.77412], [136.794506, 36.773863], [136.799318, 36.773356], [136.799931, 36.77339], [136.80068, 36.773086], [136.802508, 36.773117], [136.803294, 36.772834], [136.803516, 36.773431], [136.80337, 36.773992], [136.803635, 36.774586], [136.805077, 36.774574], [136.806168, 36.774111], [136.806428, 36.773323], [136.80731, 36.772803], [136.807545, 36.772165], [136.809734, 36.772809], [136.810267, 36.772057], [136.810819, 36.771594], [136.811834, 36.771275], [136.812564, 36.770318], [136.812659, 36.769963], [136.814004, 36.769237], [136.815267, 36.768841], [136.816403, 36.767431], [136.816611, 36.767497], [136.817291, 36.768022], [136.818128, 36.767534], [136.818483, 36.76792], [136.820076, 36.76845], [136.819765, 36.768944], [136.819765, 36.769268], [136.821028, 36.771054], [136.821504, 36.771435], [136.822316, 36.771579], [136.823413, 36.772238], [136.824226, 36.772506], [136.825951, 36.774426], [136.826554, 36.776865], [136.826401, 36.777519], [136.826579, 36.77792], [136.826179, 36.778208], [136.826046, 36.7788], [136.824961, 36.779227], [136.823965, 36.779824], [136.823235, 36.779675], [136.822721, 36.779824], [136.822119, 36.780478], [136.821351, 36.780895], [136.82111, 36.781178], [136.819346, 36.782418], [136.818483, 36.783226], [136.818578, 36.783473], [136.818997, 36.783427], [136.819923, 36.782922], [136.820488, 36.782459], [136.821573, 36.782006], [136.822423, 36.781893], [136.822721, 36.78125], [136.822975, 36.78108], [136.823667, 36.781049], [136.824295, 36.781265], [136.824688, 36.7816], [136.825202, 36.781615], [136.825665, 36.781142], [136.82649, 36.780596], [136.827023, 36.780524], [136.827581, 36.779413], [136.827816, 36.779243], [136.828965, 36.779402], [136.829866, 36.779897], [136.830982, 36.779917], [136.831344, 36.780545], [136.831959, 36.781209], [136.83246, 36.780674], [136.833184, 36.780241], [136.833806, 36.779366], [136.834364, 36.779047], [136.833768, 36.778734], [136.833228, 36.778239], [136.832613, 36.777519], [136.832378, 36.776875], [136.832493, 36.775985], [136.83241, 36.774688], [136.833273, 36.773751], [136.833406, 36.773448], [136.833489, 36.767967], [136.833711, 36.767509], [136.834675, 36.767194], [136.835716, 36.767226], [136.835526, 36.766603], [136.83531, 36.766361], [136.834098, 36.765892], [136.832975, 36.765239], [136.833153, 36.764529], [136.833571, 36.764122], [136.833749, 36.763731], [136.834028, 36.762686], [136.835209, 36.7623], [136.836484, 36.761502], [136.837207, 36.761214], [136.838241, 36.760365], [136.839663, 36.759665], [136.840519, 36.758914], [136.840906, 36.758265], [136.841636, 36.757689], [136.841947, 36.757056], [136.842632, 36.756562], [136.844243, 36.756114], [136.845116, 36.755679], [136.845755, 36.756332], [136.847733, 36.75771], [136.84916, 36.759236], [136.849391, 36.760096], [136.84943, 36.760926], [136.84971, 36.761301], [136.849941, 36.762772], [136.849874, 36.763907], [136.850906, 36.766582], [136.850761, 36.767928], [136.85106, 36.768484], [136.852024, 36.769234], [136.85269, 36.77015], [136.852555, 36.770659], [136.851783, 36.771582], [136.850018, 36.772481], [136.848957, 36.773357], [136.848909, 36.774117], [136.849102, 36.775306], [136.848735, 36.776268], [136.847491, 36.777082], [136.846343, 36.777379], [136.845321, 36.778474], [136.844462, 36.779749], [136.843382, 36.780962], [136.84315, 36.782543], [136.843266, 36.782793], [136.843565, 36.782973], [136.847394, 36.784319], [136.84805, 36.784812], [136.848137, 36.785132], [136.848464, 36.785453], [136.849391, 36.786142], [136.850829, 36.786929], [136.851319, 36.787949], [136.851136, 36.788645], [136.851609, 36.790124], [136.851879, 36.790499], [136.852014, 36.791392], [136.853489, 36.793308], [136.853865, 36.794036], [136.854049, 36.794975], [136.853721, 36.795561], [136.852823, 36.796438], [136.852862, 36.79848], [136.852274, 36.799254], [136.851174, 36.800271], [136.850482, 36.801591], [136.850403, 36.803251], [136.850631, 36.804508], [136.850474, 36.805626], [136.849994, 36.806086], [136.85023, 36.807254], [136.850136, 36.807886], [136.84986, 36.808371], [136.848018, 36.809731], [136.84801, 36.809948], [136.848994, 36.811449], [136.848773, 36.812598], [136.848805, 36.81316], [136.849261, 36.813728], [136.850615, 36.814775], [136.851261, 36.81604], [136.852103, 36.817202], [136.853984, 36.817642], [136.854913, 36.818243], [136.855133, 36.819175], [136.854314, 36.820452], [136.854165, 36.820892], [136.854243, 36.82125], [136.855322, 36.822527], [136.85651, 36.823236], [136.857093, 36.824155], [136.857054, 36.8254], [136.857486, 36.826313], [136.858376, 36.827507], [136.859446, 36.828235], [136.860013, 36.829078], [136.860021, 36.82925], [136.859509, 36.829889], [136.859155, 36.830623], [136.859179, 36.831211], [136.858974, 36.832162], [136.85847, 36.833432], [136.858446, 36.834378], [136.857533, 36.835827], [136.856621, 36.836358], [136.856354, 36.836761], [136.856331, 36.837704], [136.856848, 36.838153], [136.857009, 36.838614], [136.856437, 36.839793], [136.857498, 36.840355], [136.857738, 36.840606], [136.859334, 36.840856], [136.860073, 36.841583], [136.860322, 36.841546], [136.861139, 36.840838], [136.861789, 36.841077], [136.863279, 36.842844], [136.863178, 36.843092], [136.8622, 36.843807], [136.862015, 36.84408], [136.861914, 36.847749], [136.862735, 36.848386], [136.863178, 36.848932], [136.863602, 36.849127], [136.864613, 36.849302], [136.86524, 36.849939], [136.866943, 36.850606], [136.867224, 36.85092], [136.867058, 36.851493], [136.865614, 36.852006], [136.863482, 36.853556], [136.862273, 36.853986], [136.861106, 36.854626], [136.861119, 36.854821], [136.862194, 36.855997], [136.862716, 36.856446], [136.863261, 36.856644], [136.863491, 36.856843], [136.863598, 36.85718], [136.863616, 36.857431], [136.863152, 36.858216], [136.863025, 36.859011], [136.862384, 36.860328], [136.864308, 36.860688], [136.866001, 36.860725], [136.866767, 36.860957], [136.867561, 36.861605], [136.868041, 36.861762], [136.869508, 36.861905], [136.870182, 36.862114], [136.871238, 36.862679], [136.871511, 36.863129], [136.871694, 36.864378], [136.872637, 36.866847], [136.873392, 36.867652]]]}}, {"type": "Feature", "properties": {"pref_code": "17", "pref_name": "石川県", "municipality_code": "17407", "municipality_name": "中能登町", "ward_name": "", "display_name": "中能登町", "geometry_key": "17407"}, "geometry": {"type": "Polygon", "coordinates": [[[136.853096, 37.028579], [136.852438, 37.028298], [136.852373, 37.02793], [136.852512, 37.027345], [136.851922, 37.026445], [136.851813, 37.025925], [136.85104, 37.025679], [136.850796, 37.025346], [136.850843, 37.025002], [136.851217, 37.024674], [136.851186, 37.024322], [136.85083, 37.023856], [136.850419, 37.0237], [136.849637, 37.02294], [136.849674, 37.022208], [136.850076, 37.021661], [136.850667, 37.021447], [136.85067, 37.0207], [136.851186, 37.020309], [136.851291, 37.019684], [136.851217, 37.019521], [136.850686, 37.019263], [136.851032, 37.01849], [136.850528, 37.018081], [136.850008, 37.017911], [136.850249, 37.017324], [136.849913, 37.017085], [136.849817, 37.016333], [136.849916, 37.015994], [136.850531, 37.015829], [136.85084, 37.015442], [136.850302, 37.014649], [136.850278, 37.014509], [136.850528, 37.014441], [136.850469, 37.013834], [136.850138, 37.013649], [136.850392, 37.012974], [136.850027, 37.012515], [136.849839, 37.011877], [136.849715, 37.010894], [136.849891, 37.010661], [136.849486, 37.010275], [136.849635, 37.010011], [136.850207, 37.009597], [136.850216, 37.009244], [136.850674, 37.008654], [136.8506, 37.007984], [136.850423, 37.007643], [136.849514, 37.006615], [136.849502, 37.006271], [136.850006, 37.005604], [136.849913, 37.0051], [136.849425, 37.004683], [136.84932, 37.003828], [136.848531, 37.003288], [136.847484, 37.001906], [136.846985, 37.000336], [136.847005, 36.999794], [136.846736, 36.99935], [136.8465, 36.999202], [136.846277, 36.998661], [136.845967, 36.998562], [136.845016, 36.996964], [136.844139, 36.996231], [136.84333, 36.994661], [136.841509, 36.993249], [136.842015, 36.992942], [136.842494, 36.992099], [136.842332, 36.991032], [136.842703, 36.989478], [136.842353, 36.988816], [136.842224, 36.987918], [136.843014, 36.987005], [136.843236, 36.986567], [136.842636, 36.985565], [136.84329, 36.985297], [136.84356, 36.985034], [136.843513, 36.984433], [136.843762, 36.983125], [136.843526, 36.982391], [136.842737, 36.982096], [136.84267, 36.981954], [136.843466, 36.980492], [136.843682, 36.978911], [136.844329, 36.978194], [136.844356, 36.977959], [136.844039, 36.977532], [136.843284, 36.977083], [136.842967, 36.976646], [136.842764, 36.975502], [136.842414, 36.974861], [136.842421, 36.974555], [136.842906, 36.974221], [136.844208, 36.973904], [136.845031, 36.974221], [136.845719, 36.974123], [136.846555, 36.974314], [136.846636, 36.973761], [136.846953, 36.973192], [136.847641, 36.972672], [136.847938, 36.972114], [136.847891, 36.971835], [136.847338, 36.971167], [136.84727, 36.970412], [136.847547, 36.970139], [136.848545, 36.969838], [136.848855, 36.969072], [136.849712, 36.967917], [136.849658, 36.966959], [136.850103, 36.966707], [136.851297, 36.966456], [136.852531, 36.966429], [136.852814, 36.966166], [136.850993, 36.964705], [136.850757, 36.964267], [136.850825, 36.963621], [136.850245, 36.963534], [136.849361, 36.962702], [136.848242, 36.962696], [136.847763, 36.962434], [136.847533, 36.962072], [136.84634, 36.9617], [136.845861, 36.961427], [136.845739, 36.961137], [136.846272, 36.96019], [136.846131, 36.959878], [136.843851, 36.959599], [136.843251, 36.959408], [136.842435, 36.958921], [136.842414, 36.957963], [136.842644, 36.957383], [136.842078, 36.956732], [136.841997, 36.955424], [136.841322, 36.955002], [136.840681, 36.954789], [136.839939, 36.954778], [136.838911, 36.955275], [136.838503, 36.955336], [136.838051, 36.954953], [136.837883, 36.954411], [136.837269, 36.953842], [136.836432, 36.953662], [136.835785, 36.952704], [136.834686, 36.952173], [136.833748, 36.951303], [136.83306, 36.950877], [136.832318, 36.950751], [136.831286, 36.950986], [136.830383, 36.949974], [136.829283, 36.949815], [136.828778, 36.949974], [136.828575, 36.950209], [136.827853, 36.949962], [136.827456, 36.949569], [136.826997, 36.949339], [136.825837, 36.949443], [136.825688, 36.949399], [136.825526, 36.949076], [136.826296, 36.94704], [136.827624, 36.945787], [136.829061, 36.942936], [136.827402, 36.942203], [136.828784, 36.939943], [136.828616, 36.939658], [136.827476, 36.939095], [136.826923, 36.939122], [136.826964, 36.939494], [136.82635, 36.939297], [136.826505, 36.938597], [136.826026, 36.938372], [136.826046, 36.938006], [136.82581, 36.937831], [136.826141, 36.937437], [136.823173, 36.936227], [136.822829, 36.935959], [136.825001, 36.932725], [136.825838, 36.933053], [136.825858, 36.933513], [136.826579, 36.934131], [136.826134, 36.934635], [136.826222, 36.934919], [136.830336, 36.937918], [136.830734, 36.938362], [136.832238, 36.939363], [136.832643, 36.939834], [136.832103, 36.940479], [136.832359, 36.9406], [136.832474, 36.940452], [136.832818, 36.940682], [136.833034, 36.940348], [136.8336, 36.941125], [136.834342, 36.941727], [136.834754, 36.941935], [136.836359, 36.942313], [136.838679, 36.942701], [136.839239, 36.942039], [136.839481, 36.942127], [136.839589, 36.942034], [136.840311, 36.942302], [136.840412, 36.942242], [136.840743, 36.941826], [136.840776, 36.941448], [136.841134, 36.941065], [136.84197, 36.941514], [136.84164, 36.941919], [136.84255, 36.942433], [136.842247, 36.942827], [136.843103, 36.943287], [136.843649, 36.942641], [136.845059, 36.943479], [136.845322, 36.943774], [136.845808, 36.943407], [136.846772, 36.944288], [136.847042, 36.944097], [136.848391, 36.945301], [136.848937, 36.944682], [136.854738, 36.948026], [136.855763, 36.946839], [136.854394, 36.946335], [136.85467, 36.945941], [136.854771, 36.945395], [136.854913, 36.944617], [136.854684, 36.944579], [136.855028, 36.942866], [136.853558, 36.943161], [136.853315, 36.942838], [136.85289, 36.942937], [136.852816, 36.942729], [136.852519, 36.942691], [136.852418, 36.942548], [136.85237, 36.941295], [136.852546, 36.940349], [136.85293, 36.940354], [136.852944, 36.940157], [136.853976, 36.940152], [136.854009, 36.940387], [136.853133, 36.940595], [136.853186, 36.940951], [136.853517, 36.940983], [136.853551, 36.941213], [136.854967, 36.94089], [136.85463, 36.939517], [136.852957, 36.93955], [136.852957, 36.939331], [136.853294, 36.939314], [136.85322, 36.939112], [136.853618, 36.939194], [136.853625, 36.938981], [136.852701, 36.938904], [136.8526, 36.938784], [136.852694, 36.938619], [136.853423, 36.938182], [136.855251, 36.93828], [136.856303, 36.937952], [136.857206, 36.937963], [136.85722, 36.937076], [136.864126, 36.936316], [136.864241, 36.936754], [136.864949, 36.936682], [136.864936, 36.936349], [136.865388, 36.936343], [136.867047, 36.934226], [136.866798, 36.932764], [136.866858, 36.932365], [136.869057, 36.93155], [136.869462, 36.93057], [136.870015, 36.930143], [136.870731, 36.929305], [136.872007, 36.928297], [136.872855, 36.928283], [136.873506, 36.927926], [136.874183, 36.926477], [136.874815, 36.924382], [136.875355, 36.923469], [136.876546, 36.922228], [136.876994, 36.921537], [136.877031, 36.92121], [136.877333, 36.920742], [136.87739, 36.92024], [136.876889, 36.919081], [136.876966, 36.918008], [136.876549, 36.915598], [136.876776, 36.914777], [136.877058, 36.914404], [136.877861, 36.913549], [136.878646, 36.913159], [136.879163, 36.913176], [136.879665, 36.913423], [136.880167, 36.913446], [136.880577, 36.913676], [136.881101, 36.913612], [136.881756, 36.913847], [136.882189, 36.91384], [136.882988, 36.914041], [136.883583, 36.914381], [136.885179, 36.914114], [136.885663, 36.913787], [136.886936, 36.914352], [136.887682, 36.91495], [136.887801, 36.915508], [136.887478, 36.916684], [136.887597, 36.916898], [136.887868, 36.916974], [136.888259, 36.916884], [136.889997, 36.917793], [136.890523, 36.917958], [136.891558, 36.918027], [136.892644, 36.918667], [136.892949, 36.919045], [136.893232, 36.920751], [136.893641, 36.92118], [136.894627, 36.921726], [136.895396, 36.923082], [136.895678, 36.924035], [136.895577, 36.924721], [136.896683, 36.924516], [136.898054, 36.924429], [136.899448, 36.924789], [136.899893, 36.925053], [136.901156, 36.926234], [136.902033, 36.92637], [136.903297, 36.926268], [136.904161, 36.926536], [136.904751, 36.926897], [136.90534, 36.926526], [136.905833, 36.926477], [136.906133, 36.926712], [136.906133, 36.92718], [136.906686, 36.927931], [136.90861, 36.929326], [136.909355, 36.929424], [136.910209, 36.929365], [136.911484, 36.92997], [136.913804, 36.930341], [136.914321, 36.930292], [136.914983, 36.930477], [136.915608, 36.930809], [136.916365, 36.931677], [136.916582, 36.933111], [136.916413, 36.933433], [136.916798, 36.933629], [136.917531, 36.933414], [136.917964, 36.933463], [136.918265, 36.93437], [136.918469, 36.934663], [136.918782, 36.93477], [136.918914, 36.934956], [136.919431, 36.937453], [136.919888, 36.937755], [136.920237, 36.937775], [136.922148, 36.937443], [136.922714, 36.937599], [136.923122, 36.937931], [136.922762, 36.939014], [136.92329, 36.940867], [136.924084, 36.941384], [136.926068, 36.943384], [136.927258, 36.94396], [136.927487, 36.946253], [136.92715, 36.946906], [136.927258, 36.947414], [136.927619, 36.947619], [136.928689, 36.947648], [136.929302, 36.948223], [136.930937, 36.948828], [136.931154, 36.949092], [136.931406, 36.94994], [136.930949, 36.950604], [136.933149, 36.950272], [136.933678, 36.950243], [136.93458, 36.950399], [136.935326, 36.949941], [136.935879, 36.949892], [136.937298, 36.951248], [136.937646, 36.951423], [136.940135, 36.952028], [136.940532, 36.952624], [136.941133, 36.952926], [136.94361, 36.953336], [136.945245, 36.954302], [136.947325, 36.95516], [136.948756, 36.955521], [136.950067, 36.955668], [136.951402, 36.955658], [136.953782, 36.956058], [136.953987, 36.955961], [136.954383, 36.955112], [136.955117, 36.954244], [136.956344, 36.953609], [136.956824, 36.953034], [136.958604, 36.951882], [136.959037, 36.951707], [136.96054, 36.951561], [136.960937, 36.951327], [136.961466, 36.950507], [136.962416, 36.949873], [136.963317, 36.948722], [136.964147, 36.948429], [136.966347, 36.949054], [136.966756, 36.948644], [136.968163, 36.947932], [136.969582, 36.947679], [136.970664, 36.947649], [136.972023, 36.94684], [136.972215, 36.946547], [136.972275, 36.945708], [136.973081, 36.944469], [136.973237, 36.944274], [136.973742, 36.944313], [136.977193, 36.947211], [136.978491, 36.948635], [136.981485, 36.951425], [136.982411, 36.952742], [136.983349, 36.954459], [136.984154, 36.95763], [136.984251, 36.960713], [136.98407, 36.961025], [136.984119, 36.963513], [136.985527, 36.964287], [136.985898, 36.96483], [136.985878, 36.96516], [136.985523, 36.965327], [136.984432, 36.966351], [136.983897, 36.967319], [136.983259, 36.968098], [136.982299, 36.968777], [136.981024, 36.97009], [136.98066, 36.970663], [136.979782, 36.973289], [136.97922, 36.974185], [136.978733, 36.974775], [136.976669, 36.976572], [136.976353, 36.976711], [136.975894, 36.976595], [136.97505, 36.975982], [136.973548, 36.975304], [136.972479, 36.974129], [136.971841, 36.9732], [136.970092, 36.972349], [136.969098, 36.972054], [136.965477, 36.972154], [136.961938, 36.971914], [136.960964, 36.971731], [136.960388, 36.971848], [136.959565, 36.972393], [136.958454, 36.972643], [136.956555, 36.974229], [136.954923, 36.973967], [136.954305, 36.974157], [136.953661, 36.97419], [136.953088, 36.974578], [136.953002, 36.975419], [136.952728, 36.975703], [136.952111, 36.975731], [136.951933, 36.975497], [136.951096, 36.975603], [136.950561, 36.976204], [136.949155, 36.976966], [136.949032, 36.977233], [136.949436, 36.97799], [136.950643, 36.978408], [136.950671, 36.97863], [136.950191, 36.979059], [136.950122, 36.97937], [136.950705, 36.979587], [136.950904, 36.979804], [136.951788, 36.97981], [136.952069, 36.97991], [136.952598, 36.980338], [136.953318, 36.980556], [136.953414, 36.980811], [136.953119, 36.981557], [136.953256, 36.982002], [136.953791, 36.982152], [136.954401, 36.982075], [136.954607, 36.982386], [136.954847, 36.982498], [136.955807, 36.982559], [136.955677, 36.982976], [136.955258, 36.98336], [136.954785, 36.984122], [136.953366, 36.985035], [136.952748, 36.985747], [136.952632, 36.986459], [136.952755, 36.986749], [136.953187, 36.987116], [136.95318, 36.987339], [136.952275, 36.988307], [136.951281, 36.988351], [136.950712, 36.988652], [136.949758, 36.989759], [136.948832, 36.990527], [136.948736, 36.990994], [136.948496, 36.991183], [136.945061, 36.993019], [136.944272, 36.993292], [136.943401, 36.993887], [136.942928, 36.993854], [136.94183, 36.993242], [136.941384, 36.993203], [136.940267, 36.99357], [136.939588, 36.993108], [136.938004, 36.992813], [136.935754, 36.993353], [136.934321, 36.993971], [136.933724, 36.994471], [136.932065, 36.994844], [136.931763, 36.994165], [136.930144, 36.99549], [136.929651, 36.995178], [136.929246, 36.99515], [136.927648, 36.996319], [136.927189, 36.997276], [136.926311, 36.998466], [136.925886, 36.9989], [136.923856, 37.000213], [136.923952, 37.000508], [136.92461, 37.000787], [136.924473, 37.001386], [136.924614, 37.002114], [136.925153, 37.002677], [136.92523, 37.003387], [136.923815, 37.005265], [136.923689, 37.006396], [136.923442, 37.006583], [136.922915, 37.007477], [136.922728, 37.008105], [136.922152, 37.008857], [136.922179, 37.009147], [136.92247, 37.009561], [136.922432, 37.009975], [136.921823, 37.010731], [136.921176, 37.011123], [136.920128, 37.012142], [136.920116, 37.01269], [136.919349, 37.013424], [136.919156, 37.013816], [136.919716, 37.0148], [136.919754, 37.015979], [136.918751, 37.01662], [136.918235, 37.017163], [136.917829, 37.01723], [136.916852, 37.016731], [136.9157, 37.016553], [136.915278, 37.016215], [136.913506, 37.015498], [136.911338, 37.015218], [136.909714, 37.015503], [136.908617, 37.016357], [136.908244, 37.016482], [136.908014, 37.016415], [136.908014, 37.015454], [136.90583, 37.015231], [136.905676, 37.015414], [136.905111, 37.015534], [136.904886, 37.015227], [136.904069, 37.014879], [136.903268, 37.014942], [136.902796, 37.014661], [136.902308, 37.014724], [136.901775, 37.014612], [136.901501, 37.014902], [136.901852, 37.015311], [136.901896, 37.015774], [136.901616, 37.015859], [136.901079, 37.015618], [136.900876, 37.015805], [136.900349, 37.015075], [136.899817, 37.014701], [136.899466, 37.014586], [136.898078, 37.014644], [136.896245, 37.014114], [136.895933, 37.01418], [136.895724, 37.014407], [136.895368, 37.015369], [136.895181, 37.01556], [136.894363, 37.015645], [136.89382, 37.016219], [136.89365, 37.016286], [136.892652, 37.01613], [136.892339, 37.015711], [136.891247, 37.016339], [136.890363, 37.016292], [136.889958, 37.016426], [136.888937, 37.017156], [136.888619, 37.017244], [136.887971, 37.017173], [136.886753, 37.016594], [136.884449, 37.016879], [136.883209, 37.016906], [136.882803, 37.016772], [136.882661, 37.01639], [136.882452, 37.016283], [136.881991, 37.01647], [136.881673, 37.016514], [136.881026, 37.016363], [136.879764, 37.016657], [136.878118, 37.01655], [136.877975, 37.016603], [136.877909, 37.017039], [136.877503, 37.017262], [136.876878, 37.017137], [136.876417, 37.016844], [136.875791, 37.016861], [136.87521, 37.017404], [136.874464, 37.017609], [136.873355, 37.017538], [136.873322, 37.016923], [136.872862, 37.016656], [136.871263, 37.01681], [136.869937, 37.017051], [136.869279, 37.017381], [136.869024, 37.017641], [136.869098, 37.018295], [136.868987, 37.018573], [136.868144, 37.019092], [136.866522, 37.01934], [136.866012, 37.019219], [136.865405, 37.018896], [136.865062, 37.019513], [136.864321, 37.019332], [136.863584, 37.019509], [136.862982, 37.01949], [136.862384, 37.019283], [136.861911, 37.019445], [136.861508, 37.020404], [136.860521, 37.021122], [136.860072, 37.0219], [136.859645, 37.022231], [136.859145, 37.022231], [136.857602, 37.022881], [136.857287, 37.023118], [136.857588, 37.023637], [136.857574, 37.024652], [136.858941, 37.024532], [136.859316, 37.024543], [136.859478, 37.024663], [136.859428, 37.024897], [136.858117, 37.026234], [136.857671, 37.026875], [136.856976, 37.027254], [136.853987, 37.027977], [136.853096, 37.028579]]]}}, {"type": "Feature", "properties": {"pref_code": "17", "pref_name": "石川県", "municipality_code": "17461", "municipality_name": "穴水町", "ward_name": "", "display_name": "穴水町", "geometry_key": "17461"}, "geometry": {"type": "MultiPolygon", "coordinates": [[[[137.083275, 37.248149], [137.082711, 37.2485], [137.0825, 37.248494], [137.081129, 37.248068], [137.079818, 37.248006], [137.078845, 37.247697], [137.077103, 37.246599], [137.076688, 37.246592], [137.076502, 37.246709], [137.076248, 37.247491], [137.077018, 37.248926], [137.077246, 37.250058], [137.07706, 37.25034], [137.076392, 37.250545], [137.076265, 37.250682], [137.075707, 37.251932], [137.075639, 37.252524], [137.07504, 37.253441], [137.074565, 37.253617], [137.073964, 37.253575], [137.073437, 37.253695], [137.071071, 37.254607], [137.069947, 37.254607], [137.069028, 37.254812], [137.067982, 37.254854], [137.067106, 37.255557], [137.064113, 37.255971], [137.063263, 37.256247], [137.062139, 37.257307], [137.061817, 37.257834], [137.061656, 37.258382], [137.061747, 37.258742], [137.061516, 37.259106], [137.061891, 37.259615], [137.061821, 37.259887], [137.061599, 37.260057], [137.060728, 37.260294], [137.058693, 37.260513], [137.057869, 37.261107], [137.057063, 37.261156], [137.053281, 37.260958], [137.052258, 37.260972], [137.051378, 37.261181], [137.050515, 37.261057], [137.050323, 37.260371], [137.050624, 37.259473], [137.049831, 37.258604], [137.04933, 37.257618], [137.048615, 37.256649], [137.048611, 37.256009], [137.048803, 37.255408], [137.048689, 37.254613], [137.047831, 37.253482], [137.047204, 37.253164], [137.045229, 37.251769], [137.044373, 37.251424], [137.044595, 37.250422], [137.044519, 37.250104], [137.043601, 37.249656], [137.043094, 37.249189], [137.042163, 37.249266], [137.041485, 37.249913], [137.041111, 37.250504], [137.040617, 37.250705], [137.039508, 37.250412], [137.038615, 37.250386], [137.038248, 37.250643], [137.037563, 37.250617], [137.03693, 37.250828], [137.036245, 37.25089], [137.035625, 37.251321], [137.034649, 37.251059], [137.034123, 37.250463], [137.033534, 37.250489], [137.032654, 37.250854], [137.032489, 37.251198], [137.032457, 37.251825], [137.032267, 37.251922], [137.031152, 37.251691], [137.030538, 37.251439], [137.030005, 37.251481], [137.029264, 37.251789], [137.028479, 37.251691], [137.028118, 37.251927], [137.027687, 37.251886], [137.025533, 37.251532], [137.023632, 37.250596], [137.022581, 37.250617], [137.021339, 37.250858], [137.020452, 37.250735], [137.01973, 37.250396], [137.018824, 37.249743], [137.01845, 37.250206], [137.018001, 37.250493], [137.017678, 37.250416], [137.01738, 37.249794], [137.017082, 37.249681], [137.014155, 37.250416], [137.013649, 37.250776], [137.013547, 37.251074], [137.014637, 37.251922], [137.015163, 37.252708], [137.015098, 37.253422], [137.014614, 37.255101], [137.013494, 37.255742], [137.012894, 37.256304], [137.012712, 37.257219], [137.012366, 37.257695], [137.012459, 37.258398], [137.013166, 37.259324], [137.013001, 37.259911], [137.013329, 37.262397], [137.012756, 37.263194], [137.012774, 37.264091], [137.012294, 37.264545], [137.011975, 37.265074], [137.010673, 37.26524], [137.010105, 37.265208], [137.009834, 37.264729], [137.009836, 37.264168], [137.009097, 37.263921], [137.008586, 37.263557], [137.007968, 37.263597], [137.007533, 37.26333], [137.00724, 37.262909], [137.007263, 37.262257], [137.006765, 37.26146], [137.006134, 37.261067], [137.005659, 37.260293], [137.004979, 37.260102], [137.003594, 37.261031], [137.003141, 37.261874], [137.003887, 37.262653], [137.004162, 37.263229], [137.004868, 37.263943], [137.005041, 37.264307], [137.005001, 37.265308], [137.005175, 37.266097], [137.004557, 37.266209], [137.004313, 37.266375], [137.004282, 37.266951], [137.003891, 37.267449], [137.004153, 37.268317], [137.004868, 37.26889], [137.004317, 37.269899], [137.004388, 37.270237], [137.000911, 37.268584], [136.999898, 37.268497], [136.999476, 37.268284], [136.999054, 37.268323], [136.998901, 37.268404], [136.998665, 37.269276], [136.998372, 37.269611], [136.997517, 37.270195], [136.997134, 37.270298], [136.996628, 37.270252], [136.995769, 37.270938], [136.995722, 37.271041], [136.995935, 37.271257], [136.995775, 37.27177], [136.995149, 37.272175], [136.994104, 37.27251], [136.993658, 37.273159], [136.993658, 37.273407], [136.994144, 37.273726], [136.994164, 37.274217], [136.994723, 37.274644], [136.994916, 37.274963], [136.994783, 37.275757], [136.995202, 37.276222], [136.995289, 37.276568], [136.995023, 37.277281], [136.993671, 37.278389], [136.993624, 37.278621], [136.993844, 37.278875], [136.993804, 37.279026], [136.993424, 37.279129], [136.992419, 37.279015], [136.991853, 37.279437], [136.991939, 37.279701], [136.992698, 37.279874], [136.993491, 37.280534], [136.993511, 37.280771], [136.993231, 37.281257], [136.993458, 37.2817], [136.993164, 37.282181], [136.993264, 37.282424], [136.993204, 37.283235], [136.992718, 37.28445], [136.993151, 37.284834], [136.993484, 37.285439], [136.994163, 37.285282], [136.994376, 37.285401], [136.994469, 37.285828], [136.995408, 37.285445], [136.995794, 37.285445], [136.996201, 37.285726], [136.996481, 37.286266], [136.996334, 37.286909], [136.996481, 37.287179], [136.997949, 37.288289], [136.998493, 37.288403], [136.998256, 37.289234], [136.998528, 37.289886], [136.998016, 37.29034], [136.996589, 37.289787], [136.996031, 37.28978], [136.995898, 37.289926], [136.996012, 37.290471], [136.995076, 37.290762], [136.99534, 37.291775], [136.994489, 37.292174], [136.994243, 37.292927], [136.9929, 37.292811], [136.992266, 37.292596], [136.991878, 37.292965], [136.991519, 37.293072], [136.991055, 37.292942], [136.990554, 37.29298], [136.990081, 37.292819], [136.989977, 37.29298], [136.990109, 37.293279], [136.991405, 37.294016], [136.99115, 37.294484], [136.99045, 37.294653], [136.989381, 37.294438], [136.987887, 37.294707], [136.986676, 37.294691], [136.98642, 37.294906], [136.986307, 37.295428], [136.986307, 37.295589], [136.987243, 37.296626], [136.987943, 37.296234], [136.98817, 37.296587], [136.988842, 37.297009], [136.988984, 37.297147], [136.988851, 37.297831], [136.989833, 37.29885], [136.990298, 37.298997], [136.990686, 37.298437], [136.991131, 37.298445], [136.991471, 37.298575], [136.991623, 37.299182], [136.991906, 37.299489], [136.993168, 37.299505], [136.993023, 37.300287], [136.993156, 37.300534], [136.994403, 37.300471], [136.995056, 37.300579], [136.995037, 37.300932], [136.994337, 37.301737], [136.994725, 37.302651], [136.994451, 37.303334], [136.994517, 37.303817], [136.993476, 37.30503], [136.993202, 37.305199], [136.992152, 37.305245], [136.991632, 37.305736], [136.991376, 37.30582], [136.991216, 37.305621], [136.991234, 37.304922], [136.991414, 37.304523], [136.991689, 37.304316], [136.991584, 37.303986], [136.991159, 37.303717], [136.990269, 37.303902], [136.989541, 37.304469], [136.989191, 37.304301], [136.988747, 37.304277], [136.987688, 37.304715], [136.987044, 37.304446], [136.986373, 37.30437], [136.986118, 37.304769], [136.9852, 37.305268], [136.984812, 37.305214], [136.983715, 37.304277], [136.983425, 37.303796], [136.982141, 37.303646], [136.981984, 37.30275], [136.981634, 37.302343], [136.981322, 37.302159], [136.980499, 37.301982], [136.979931, 37.300931], [136.980082, 37.299981], [136.980385, 37.299619], [136.979544, 37.298959], [136.978986, 37.299074], [136.977415, 37.299012], [136.976091, 37.297876], [136.97471, 37.29806], [136.974445, 37.297937], [136.972847, 37.296272], [136.971769, 37.295819], [136.971296, 37.295804], [136.970728, 37.295589], [136.970388, 37.295167], [136.970435, 37.294515], [136.969347, 37.294276], [136.968789, 37.293824], [136.968751, 37.293417], [136.968572, 37.293171], [136.968099, 37.293072], [136.967153, 37.293394], [136.966851, 37.294245], [136.966249, 37.294343], [136.965413, 37.29416], [136.964915, 37.294206], [136.963733, 37.293677], [136.963396, 37.293977], [136.962488, 37.293841], [136.962038, 37.293945], [136.960382, 37.294864], [136.958824, 37.294479], [136.95724, 37.294753], [136.956292, 37.294577], [136.956035, 37.294375], [136.955087, 37.292966], [136.95487, 37.292184], [136.954846, 37.290397], [136.954219, 37.290365], [136.953568, 37.28996], [136.952997, 37.289778], [136.951648, 37.290156], [136.950788, 37.290084], [136.947959, 37.28906], [136.947251, 37.289073], [136.946681, 37.288799], [136.946311, 37.288799], [136.946119, 37.288284], [136.945644, 37.287834], [136.94517, 37.287834], [136.944672, 37.287593], [136.944391, 37.287626], [136.944085, 37.287997], [136.943603, 37.287874], [136.942856, 37.288108], [136.942631, 37.287424], [136.941876, 37.28668], [136.941425, 37.285709], [136.94026, 37.284985], [136.939851, 37.284163], [136.93883, 37.282878], [136.937456, 37.282546], [136.936797, 37.282565], [136.936427, 37.282748], [136.935905, 37.282565], [136.934997, 37.282467], [136.933277, 37.281007], [136.932795, 37.280401], [136.931742, 37.281066], [136.930658, 37.280466], [136.929516, 37.280707], [136.929018, 37.281809], [136.929058, 37.282102], [136.928359, 37.282285], [136.927628, 37.282232], [136.926913, 37.281998], [136.926077, 37.282291], [136.925209, 37.282239], [136.924895, 37.282043], [136.924622, 37.281541], [136.924261, 37.281241], [136.923859, 37.281091], [136.92316, 37.281052], [136.922951, 37.281182], [136.92275, 37.282343], [136.921327, 37.282656], [136.919351, 37.282121], [136.918105, 37.282604], [136.91788, 37.282578], [136.91743, 37.282193], [136.91702, 37.281039], [136.916594, 37.280713], [136.91649, 37.280745], [136.916434, 37.281313], [136.916176, 37.281534], [136.915807, 37.281482], [136.915453, 37.280941], [136.915044, 37.281339], [136.913918, 37.281039], [136.913517, 37.281189], [136.913123, 37.28158], [136.912649, 37.281476], [136.912303, 37.281834], [136.911049, 37.281515], [136.908663, 37.281476], [136.908518, 37.281404], [136.908583, 37.280954], [136.907827, 37.280569], [136.907409, 37.280621], [136.906847, 37.280934], [136.905851, 37.280876], [136.90569, 37.280634], [136.905698, 37.280126], [136.905248, 37.279611], [136.904669, 37.279552], [136.90352, 37.279947], [136.902534, 37.279802], [136.901961, 37.279148], [136.901392, 37.278805], [136.901587, 37.277969], [136.901166, 37.277928], [136.90025, 37.278554], [136.900105, 37.278496], [136.900121, 37.278169], [136.899944, 37.277987], [136.899285, 37.278098], [136.899124, 37.277641], [136.898916, 37.277452], [136.899044, 37.277185], [136.899469, 37.276841], [136.899382, 37.276663], [136.897951, 37.276989], [136.897019, 37.276611], [136.896819, 37.276252], [136.896987, 37.27562], [136.896626, 37.274733], [136.896626, 37.273886], [136.894818, 37.272718], [136.893419, 37.272581], [136.892881, 37.272027], [136.892496, 37.272059], [136.892046, 37.272327], [136.891451, 37.273207], [136.890687, 37.273142], [136.89035, 37.272849], [136.890076, 37.27279], [136.889699, 37.272836], [136.888437, 37.27337], [136.887899, 37.273435], [136.887256, 37.273298], [136.886798, 37.273337], [136.885793, 37.273911], [136.885151, 37.274087], [136.884708, 37.274681], [136.884066, 37.274472], [136.883358, 37.273259], [136.883198, 37.273207], [136.882707, 37.274217], [136.882466, 37.274257], [136.88184, 37.274028], [136.88053, 37.274361], [136.880457, 37.274798], [136.880015, 37.275072], [136.879854, 37.27545], [136.879228, 37.275684], [136.878569, 37.276187], [136.877428, 37.276284], [136.87664, 37.2768], [136.876206, 37.27678], [136.875796, 37.276604], [136.874792, 37.276552], [136.873273, 37.275629], [136.872944, 37.275055], [136.872972, 37.274572], [136.872493, 37.273535], [136.870893, 37.272159], [136.870934, 37.271382], [136.87071, 37.271196], [136.870343, 37.271133], [136.869451, 37.270364], [136.870608, 37.269306], [136.870384, 37.269149], [136.86967, 37.269136], [136.869538, 37.268586], [136.868147, 37.268458], [136.866714, 37.268074], [136.866684, 37.267718], [136.867414, 37.267189], [136.867474, 37.266891], [136.867299, 37.266778], [136.866169, 37.266498], [136.865843, 37.266556], [136.865553, 37.266812], [136.865062, 37.266499], [136.865002, 37.266267], [136.865537, 37.265765], [136.865521, 37.26546], [136.865349, 37.265212], [136.864722, 37.264869], [136.864258, 37.263835], [136.864161, 37.26319], [136.864013, 37.263099], [136.862851, 37.263082], [136.86253, 37.262809], [136.862301, 37.261867], [136.862056, 37.261689], [136.860681, 37.260916], [136.860364, 37.260597], [136.859248, 37.260076], [136.857475, 37.259543], [136.857103, 37.258989], [136.856506, 37.258968], [136.856308, 37.259117], [136.85564, 37.259269], [136.854493, 37.258856], [136.853769, 37.258732], [136.852979, 37.258228], [136.852903, 37.258021], [136.853046, 37.257363], [136.852608, 37.256871], [136.852709, 37.2564], [136.853026, 37.256094], [136.852924, 37.255437], [136.851746, 37.255424], [136.851614, 37.2553], [136.851201, 37.254378], [136.850533, 37.253625], [136.850543, 37.253464], [136.851245, 37.252973], [136.850496, 37.252124], [136.849828, 37.251721], [136.849629, 37.251721], [136.849385, 37.251795], [136.849051, 37.252198], [136.848455, 37.252359], [136.846432, 37.25137], [136.84655, 37.250615], [136.846369, 37.250197], [136.844364, 37.250439], [136.843299, 37.25008], [136.842929, 37.249479], [136.842098, 37.249091], [136.841962, 37.248695], [136.841565, 37.248307], [136.841628, 37.248094], [136.841809, 37.248051], [136.842585, 37.248182], [136.842784, 37.248109], [136.842829, 37.247911], [136.842531, 37.247501], [136.84254, 37.247083], [136.841754, 37.246783], [136.840373, 37.246959], [136.840102, 37.246893], [136.84003, 37.245911], [136.839172, 37.245302], [136.838802, 37.244534], [136.837926, 37.24427], [136.836815, 37.243464], [136.836273, 37.243222], [136.83537, 37.243178], [136.835208, 37.243259], [136.834178, 37.24435], [136.833826, 37.245383], [136.83407, 37.245632], [136.834295, 37.246914], [136.833943, 37.248263], [136.833528, 37.248673], [136.832887, 37.2489], [136.832336, 37.249537], [136.831966, 37.249626], [136.831586, 37.248856], [136.831135, 37.248607], [136.828633, 37.248065], [136.827351, 37.247955], [136.826945, 37.248087], [136.826746, 37.248988], [136.826177, 37.249347], [136.82615, 37.2506], [136.827495, 37.251611], [136.828362, 37.251896], [136.829356, 37.252827], [136.830223, 37.253015], [136.830038, 37.253571], [136.828792, 37.254791], [136.827911, 37.254737], [136.827238, 37.255114], [136.826656, 37.255162], [136.826473, 37.255506], [136.826706, 37.256004], [136.826349, 37.256834], [136.826116, 37.257076], [136.825119, 37.257177], [136.82472, 37.257332], [136.823741, 37.258093], [136.82236, 37.258654], [136.822011, 37.258634], [136.82157, 37.258141], [136.821462, 37.258189], [136.821188, 37.259652], [136.822185, 37.260629], [136.821753, 37.260939], [136.822044, 37.261135], [136.822077, 37.261331], [136.820614, 37.262571], [136.820033, 37.262666], [136.819484, 37.263441], [136.819526, 37.264236], [136.819359, 37.264513], [136.819559, 37.264991], [136.819567, 37.265625], [136.819825, 37.265929], [136.819875, 37.266292], [136.819733, 37.266616], [136.81847, 37.266792], [136.818188, 37.26692], [136.817897, 37.267338], [136.817124, 37.267122], [136.815986, 37.262739], [136.815562, 37.259692], [136.815179, 37.258883], [136.814906, 37.258654], [136.813659, 37.258316], [136.813144, 37.25804], [136.812454, 37.257413], [136.8125, 37.257194], [136.81307, 37.256639], [136.812819, 37.255963], [136.812004, 37.255707], [136.811873, 37.255793], [136.811773, 37.256456], [136.810634, 37.25686], [136.809911, 37.256752], [136.809753, 37.256617], [136.809778, 37.256172], [136.809504, 37.256112], [136.809047, 37.256125], [136.808656, 37.256489], [136.808473, 37.256509], [136.808274, 37.256078], [136.807975, 37.255916], [136.807975, 37.255127], [136.808814, 37.254716], [136.810459, 37.253603], [136.81031, 37.253259], [136.809767, 37.252972], [136.809664, 37.252563], [136.810012, 37.252177], [136.810797, 37.251914], [136.811676, 37.250744], [136.811779, 37.25005], [136.812334, 37.249317], [136.811589, 37.248365], [136.81067, 37.247941], [136.810187, 37.248185], [136.809061, 37.248416], [136.807904, 37.24823], [136.807675, 37.248005], [136.807508, 37.247272], [136.807247, 37.246996], [136.806161, 37.246584], [136.806011, 37.245774], [136.806573, 37.245395], [136.806779, 37.245009], [136.806256, 37.244276], [136.806296, 37.243768], [136.806787, 37.243401], [136.807691, 37.243022], [136.807976, 37.242675], [136.807936, 37.242476], [136.807603, 37.242292], [136.80665, 37.242366], [136.80422, 37.241871], [136.803468, 37.241878], [136.802628, 37.241601], [136.802279, 37.241338], [136.802113, 37.240946], [136.802564, 37.240026], [136.802556, 37.239711], [136.801962, 37.23903], [136.802414, 37.238342], [136.802754, 37.238078], [136.802802, 37.23784], [136.80262, 37.237139], [136.801962, 37.236143], [136.80113, 37.235725], [136.801566, 37.234754], [136.80136, 37.234368], [136.801408, 37.234111], [136.801669, 37.233874], [136.801669, 37.233533], [136.801107, 37.232999], [136.799934, 37.233385], [136.799054, 37.233134], [136.797715, 37.232575], [136.797034, 37.232047], [136.795584, 37.229225], [136.795703, 37.227933], [136.796242, 37.227239], [136.796638, 37.227078], [136.796535, 37.226898], [136.795822, 37.226705], [136.795584, 37.226493], [136.795616, 37.226293], [136.796012, 37.225978], [136.795283, 37.226056], [136.794934, 37.225522], [136.788429, 37.225753], [136.78858, 37.225194], [136.788144, 37.224499], [136.788207, 37.223676], [136.788833, 37.222957], [136.788794, 37.222455], [136.789293, 37.222597], [136.790117, 37.221896], [136.79106, 37.221986], [136.791836, 37.221478], [136.792867, 37.221555], [136.793049, 37.221478], [136.793096, 37.221272], [136.792819, 37.220655], [136.79228, 37.220201], [136.792704, 37.219679], [136.793743, 37.219066], [136.794647, 37.219427], [136.795537, 37.219472], [136.796067, 37.219192], [136.797014, 37.2191], [136.797586, 37.218773], [136.798363, 37.218762], [136.798717, 37.219049], [136.798533, 37.219736], [136.799317, 37.220006], [136.799784, 37.219891], [136.800709, 37.219261], [136.800914, 37.219238], [136.801133, 37.219335], [136.802108, 37.221181], [136.803253, 37.222007], [136.804376, 37.222305], [136.805209, 37.22223], [136.806255, 37.222322], [136.806828, 37.222666], [136.807612, 37.222299], [136.808198, 37.222643], [136.808679, 37.223216], [136.808729, 37.223533], [136.808368, 37.22489], [136.808502, 37.225222], [136.80906, 37.225492], [136.809258, 37.225899], [136.809597, 37.226088], [136.810933, 37.226272], [136.811554, 37.226037], [136.812105, 37.225985], [136.812904, 37.226306], [136.813024, 37.226496], [136.812854, 37.226977], [136.813003, 37.22716], [136.813864, 37.226914], [136.814126, 37.226994], [136.814423, 37.227349], [136.815157, 37.227316], [136.815405, 37.227063], [136.815433, 37.226799], [136.816133, 37.226484], [136.816698, 37.225807], [136.817701, 37.226066], [136.819404, 37.225361], [136.820669, 37.225911], [136.821424, 37.225722], [136.821869, 37.225057], [136.821721, 37.224214], [136.822612, 37.223601], [136.822767, 37.2232], [136.822153, 37.221549], [136.822253, 37.220978], [136.821778, 37.219886], [136.821496, 37.219651], [136.821128, 37.218556], [136.821835, 37.217983], [136.823347, 37.217496], [136.824308, 37.216969], [136.82488, 37.216934], [136.825622, 37.216625], [136.826088, 37.215295], [136.826053, 37.215123], [136.825297, 37.214991], [136.825156, 37.214847], [136.825255, 37.214131], [136.824619, 37.213512], [136.824556, 37.212337], [136.824231, 37.211792], [136.824054, 37.211781], [136.823842, 37.21252], [136.82358, 37.212492], [136.823008, 37.211981], [136.822521, 37.211941], [136.821751, 37.211431], [136.821355, 37.210427], [136.820048, 37.210061], [136.819582, 37.209539], [136.818918, 37.209189], [136.818734, 37.208788], [136.81884, 37.208112], [136.819038, 37.207842], [136.819525, 37.20755], [136.820649, 37.207344], [136.821101, 37.206816], [136.821814, 37.206759], [136.822026, 37.206576], [136.821998, 37.205767], [136.821214, 37.20512], [136.82115, 37.204781], [136.822359, 37.203721], [136.82209, 37.203417], [136.822119, 37.203056], [136.822352, 37.202792], [136.822924, 37.202563], [136.823037, 37.200987], [136.822748, 37.200689], [136.822281, 37.200551], [136.821652, 37.200837], [136.82091, 37.200837], [136.820437, 37.200299], [136.820868, 37.199473], [136.820748, 37.198831], [136.821673, 37.198316], [136.822919, 37.19847], [136.823069, 37.198734], [136.823109, 37.199368], [136.82339, 37.199868], [136.825129, 37.199714], [136.827128, 37.199726], [136.8281, 37.199429], [136.828471, 37.199425], [136.828862, 37.199645], [136.829027, 37.200421], [136.830074, 37.200373], [136.830275, 37.200442], [136.830625, 37.200942], [136.831287, 37.201039], [136.832374, 37.200279], [136.83274, 37.200332], [136.833737, 37.200917], [136.834639, 37.200592], [136.8352, 37.199954], [136.836313, 37.200084], [136.836804, 37.199584], [136.837139, 37.19945], [136.838282, 37.199259], [136.838798, 37.199341], [136.838858, 37.19871], [136.839069, 37.198576], [136.839464, 37.198657], [136.840041, 37.199255], [136.840402, 37.199336], [136.842396, 37.199031], [136.843578, 37.198296], [136.84444, 37.197991], [136.847126, 37.198365], [136.847838, 37.198292], [136.848494, 37.197942], [136.84903, 37.197227], [136.850208, 37.196531], [136.850959, 37.195865], [136.850879, 37.19569], [136.850168, 37.19521], [136.849767, 37.194527], [136.850068, 37.193982], [136.850003, 37.193121], [136.850108, 37.192649], [136.850458, 37.192076], [136.850008, 37.191498], [136.849988, 37.190807], [136.850268, 37.190531], [136.851651, 37.189771], [136.851987, 37.188437], [136.851821, 37.186868], [136.851371, 37.186099], [136.85101, 37.185762], [136.850754, 37.185148], [136.850965, 37.184502], [136.850975, 37.183941], [136.85109, 37.183758], [136.851922, 37.183315], [136.852754, 37.18253], [136.854102, 37.182579], [136.854693, 37.182026], [136.855409, 37.181888], [136.855454, 37.181339], [136.855194, 37.181131], [136.853405, 37.180884], [136.853511, 37.179631], [136.854478, 37.178082], [136.854678, 37.176696], [136.855254, 37.175936], [136.855415, 37.175135], [136.856402, 37.174924], [136.85772, 37.175948], [136.858035, 37.175997], [136.86028, 37.176135], [136.861011, 37.175972], [136.863472, 37.175855], [136.864163, 37.176342], [136.86491, 37.177489], [136.86524, 37.17764], [136.866173, 37.177611], [136.867149, 37.178156], [136.867625, 37.178595], [136.867681, 37.179042], [136.868568, 37.179603], [136.868898, 37.179648], [136.869229, 37.179546], [136.869279, 37.178721], [136.869595, 37.178367], [136.87002, 37.178453], [136.870707, 37.178998], [136.871804, 37.179368], [136.873145, 37.178701], [136.873319, 37.178409], [136.873691, 37.178182], [136.875137, 37.177971], [136.876124, 37.177629], [136.87631, 37.177231], [136.877005, 37.177045], [136.877309, 37.176587], [136.878203, 37.17635], [136.879611, 37.174931], [136.879617, 37.174297], [136.879809, 37.173884], [136.880591, 37.173743], [136.881249, 37.173924], [136.882397, 37.173924], [136.882521, 37.173824], [136.882956, 37.172012], [136.883663, 37.170814], [136.883638, 37.1702], [136.883837, 37.169908], [136.885717, 37.17006], [136.886052, 37.169999], [136.886281, 37.169894], [136.886545, 37.16936], [136.886831, 37.169155], [136.887941, 37.169299], [136.888134, 37.169073], [136.889121, 37.16893], [136.889171, 37.169232], [136.89089, 37.170909], [136.891654, 37.171241], [136.892511, 37.17131], [136.892847, 37.171963], [136.892843, 37.172356], [136.892418, 37.17296], [136.89302, 37.17402], [136.893186, 37.17402], [136.893287, 37.174243], [136.894824, 37.174542], [136.895333, 37.174538], [136.895616, 37.174778], [136.896199, 37.176937], [136.896744, 37.178019], [136.897436, 37.178679], [136.897594, 37.178675], [136.898596, 37.179424], [136.898516, 37.179614], [136.899207, 37.180227], [136.899619, 37.180359], [136.901079, 37.181917], [136.901848, 37.182275], [136.902458, 37.182314], [136.902789, 37.183059], [136.902753, 37.183443], [136.90232, 37.18361], [136.901281, 37.183417], [136.900432, 37.184027], [136.900646, 37.184273], [136.901403, 37.184607], [136.902955, 37.185024], [136.904116, 37.185067], [136.904488, 37.185323], [136.905329, 37.187327], [136.905365, 37.188909], [136.905474, 37.188925], [136.905616, 37.189362], [136.905329, 37.189804], [136.905511, 37.189765], [136.905588, 37.190093], [136.90583, 37.190332], [136.905583, 37.190785], [136.905729, 37.191038], [136.9061, 37.191387], [136.906697, 37.191687], [136.908198, 37.191912], [136.90939, 37.192361], [136.910599, 37.192276], [136.912095, 37.193443], [136.912879, 37.194404], [136.912602, 37.194575], [136.91261, 37.194901], [136.911171, 37.196014], [136.910645, 37.196672], [136.911051, 37.19714], [136.910824, 37.197327], [136.9107, 37.197219], [136.910259, 37.197675], [136.909983, 37.199], [136.909086, 37.199866], [136.908423, 37.200037], [136.908267, 37.199936], [136.908135, 37.199999], [136.907624, 37.200556], [136.907796, 37.200673], [136.907655, 37.200824], [136.907121, 37.201014], [136.90672, 37.201722], [136.906513, 37.202947], [136.906361, 37.202956], [136.906544, 37.203266], [136.906786, 37.203238], [136.906946, 37.203446], [136.907312, 37.203298], [136.907737, 37.203744], [136.908185, 37.203617], [136.908462, 37.203848], [136.910446, 37.203424], [136.91093, 37.203418], [136.911546, 37.203029], [136.911553, 37.20252], [136.911791, 37.202305], [136.911998, 37.202406], [136.913335, 37.201631], [136.914138, 37.200575], [136.915413, 37.20011], [136.915611, 37.200259], [136.916449, 37.203466], [136.917709, 37.203826], [136.917693, 37.203905], [136.918234, 37.204095], [136.918184, 37.20425], [136.918948, 37.204522], [136.918886, 37.204658], [136.91956, 37.204756], [136.919712, 37.205031], [136.920569, 37.205012], [136.921384, 37.204721], [136.921451, 37.204595], [136.922339, 37.204557], [136.922585, 37.204702], [136.922974, 37.205259], [136.923898, 37.205617], [136.923879, 37.205731], [136.924394, 37.205857], [136.924429, 37.205636], [136.924666, 37.205458], [136.924577, 37.205091], [136.924729, 37.205085], [136.924725, 37.20494], [136.924593, 37.204933], [136.924534, 37.204263], [136.924425, 37.204254], [136.924082, 37.20296], [136.924241, 37.202938], [136.924686, 37.201954], [136.925867, 37.201954], [136.925856, 37.20105], [136.926, 37.201034], [136.925926, 37.200717], [136.926105, 37.200664], [136.926031, 37.200284], [136.925797, 37.199358], [136.925259, 37.199181], [136.925505, 37.199007], [136.925501, 37.198617], [136.925673, 37.198542], [136.926312, 37.19906], [136.927571, 37.201597], [136.927937, 37.201875], [136.928339, 37.203068], [136.929301, 37.204269], [136.929329, 37.204687], [136.929672, 37.205269], [136.929672, 37.206126], [136.929785, 37.206281], [136.928292, 37.206825], [136.927079, 37.207685], [136.927099, 37.207872], [136.926822, 37.207998], [136.925142, 37.208352], [136.923181, 37.210006], [136.922129, 37.211461], [136.921992, 37.211951], [136.922226, 37.212752], [136.923259, 37.213915], [136.923283, 37.214159], [136.923064, 37.214475], [136.922616, 37.214712], [136.920051, 37.215044], [136.91827, 37.214048], [136.918114, 37.213899], [136.918188, 37.213656], [136.917934, 37.213491], [136.917724, 37.213653], [136.916286, 37.213046], [136.915494, 37.212919], [136.915061, 37.213295], [136.915097, 37.213573], [136.915818, 37.213985], [136.916414, 37.21494], [136.916133, 37.215867], [136.916445, 37.216452], [136.916305, 37.216489], [136.916324, 37.216787], [136.916504, 37.217052], [136.916605, 37.217815], [136.916285, 37.218217], [136.915993, 37.218232], [136.915268, 37.217913], [136.913791, 37.217976], [136.912843, 37.2184], [136.912543, 37.2184], [136.912263, 37.219127], [136.912056, 37.219279], [136.911077, 37.219317], [136.909312, 37.218729], [136.908259, 37.217919], [136.90714, 37.217486], [136.906423, 37.218007], [136.906489, 37.218425], [136.907741, 37.219364], [136.908056, 37.22], [136.908201, 37.220051], [136.908204, 37.220541], [136.908688, 37.220699], [136.909234, 37.221167], [136.910738, 37.221888], [136.910656, 37.222002], [136.911261, 37.222476], [136.911328, 37.222747], [136.910732, 37.22357], [136.911093, 37.223379], [136.911481, 37.222852], [136.912946, 37.223969], [136.912338, 37.224737], [136.91276, 37.224933], [136.913471, 37.224138], [136.91486, 37.224902], [136.914087, 37.225792], [136.914384, 37.226752], [136.915952, 37.227702], [136.916002, 37.227414], [136.916109, 37.227411], [136.916059, 37.227008], [136.916941, 37.226654], [136.916663, 37.225995], [136.916923, 37.225913], [136.917044, 37.225494], [136.916831, 37.224216], [136.916977, 37.224184], [136.916795, 37.222822], [136.917672, 37.221671], [136.91923, 37.220687], [136.919647, 37.220696], [136.919725, 37.221289], [136.920032, 37.221356], [136.920613, 37.220447], [136.92098, 37.220222], [136.921454, 37.220086], [136.922601, 37.220008], [136.923842, 37.219499], [136.924219, 37.219569], [136.925107, 37.21947], [136.925977, 37.220028], [136.926351, 37.220913], [136.926558, 37.220879], [136.926611, 37.221026], [136.926404, 37.2212], [136.926522, 37.221648], [136.927039, 37.221969], [136.929897, 37.220962], [136.929983, 37.221067], [136.930703, 37.220352], [136.931551, 37.220257], [136.932139, 37.220555], [136.933066, 37.222038], [136.934224, 37.222877], [136.934274, 37.223074], [136.934092, 37.223372], [136.933276, 37.223799], [136.932531, 37.223993], [136.932107, 37.223554], [136.931922, 37.223623], [136.931922, 37.224074], [136.931715, 37.224288], [136.931619, 37.224913], [136.930934, 37.225046], [136.930753, 37.225413], [136.930143, 37.225887], [136.929295, 37.225584], [136.929427, 37.226246], [136.928899, 37.226101], [136.928429, 37.225653], [136.928422, 37.226162], [136.928614, 37.226619], [136.928454, 37.226902], [136.928012, 37.227139], [136.927573, 37.226879], [136.927359, 37.226922], [136.927149, 37.227064], [136.927402, 37.227443], [136.927299, 37.227628], [136.925898, 37.228163], [136.924219, 37.228527], [136.923307, 37.22956], [136.923125, 37.230696], [136.922654, 37.230872], [136.922662, 37.231055], [136.922744, 37.231144], [136.923239, 37.231115], [136.923257, 37.231809], [136.92387, 37.233212], [136.923752, 37.233406], [136.924433, 37.233894], [136.925017, 37.233406], [136.925395, 37.233677], [136.926048, 37.233449], [136.925894, 37.232131], [136.925898, 37.231812], [136.926058, 37.231674], [136.925923, 37.231662], [136.925905, 37.231367], [136.92613, 37.231344], [136.926369, 37.230627], [136.927167, 37.229866], [136.927726, 37.229846], [136.929477, 37.230254], [136.930018, 37.230118], [136.930974, 37.230719], [136.931173, 37.230951], [136.93107, 37.231208], [136.93066, 37.231489], [136.930239, 37.231596], [136.930129, 37.23192], [136.930257, 37.232032], [136.930877, 37.231865], [136.931152, 37.231963], [136.931202, 37.232703], [136.931497, 37.23314], [136.932003, 37.233047], [136.931825, 37.232431], [136.931897, 37.231552], [136.932032, 37.231428], [136.932381, 37.231549], [136.933746, 37.232802], [136.933925, 37.232784], [136.934064, 37.232547], [136.933861, 37.232111], [136.933308, 37.231538], [136.933108, 37.231055], [136.932513, 37.230621], [136.932745, 37.229878], [136.932923, 37.229652], [136.93324, 37.229542], [136.933697, 37.22958], [136.934481, 37.229933], [136.934812, 37.229895], [136.934983, 37.229774], [136.934912, 37.229459], [136.93509, 37.229172], [136.935333, 37.229094], [136.93585, 37.229363], [136.935935, 37.229765], [136.936131, 37.229971], [136.936612, 37.229826], [136.936965, 37.230219], [136.937389, 37.230147], [136.937443, 37.229791], [136.937239, 37.229146], [136.937553, 37.228756], [136.937183, 37.228224], [136.937482, 37.227151], [136.937764, 37.226639], [136.937675, 37.226098], [136.937853, 37.225841], [136.938744, 37.225948], [136.939546, 37.226888], [136.940238, 37.226989], [136.940558, 37.227764], [136.940216, 37.228478], [136.940287, 37.228993], [136.940597, 37.229158], [136.940808, 37.228782], [136.941299, 37.228843], [136.941421, 37.229037], [136.941902, 37.228476], [136.942016, 37.228531], [136.942141, 37.228383], [136.941962, 37.228285], [136.942205, 37.227819], [136.942034, 37.227255], [136.941741, 37.226894], [136.941784, 37.226448], [136.941621, 37.225951], [136.941923, 37.225448], [136.942337, 37.225089], [136.942579, 37.224508], [136.94321, 37.224349], [136.943673, 37.224569], [136.944023, 37.225549], [136.944386, 37.225775], [136.945316, 37.227339], [136.945947, 37.227889], [136.946796, 37.228204], [136.94794, 37.229326], [136.949088, 37.230014], [136.949337, 37.230292], [136.949379, 37.230538], [136.949141, 37.230841], [136.948389, 37.230983], [136.947658, 37.231379], [136.946486, 37.23136], [136.946387, 37.231873], [136.94787, 37.233342], [136.950838, 37.23348], [136.951485, 37.233041], [136.952127, 37.233141], [136.952912, 37.233915], [136.953081, 37.234236], [136.954259, 37.235123], [136.955639, 37.235279], [136.957295, 37.235068], [136.958103, 37.23533], [136.960421, 37.236549], [136.961195, 37.236149], [136.961611, 37.236498], [136.962137, 37.236479], [136.963859, 37.235732], [136.964071, 37.235047], [136.963999, 37.234052], [136.966784, 37.234061], [136.966764, 37.233669], [136.966489, 37.233148], [136.965392, 37.232192], [136.964621, 37.232014], [136.963386, 37.231295], [136.962842, 37.231107], [136.961834, 37.230949], [136.960261, 37.230384], [136.958505, 37.230147], [136.956734, 37.228954], [136.956425, 37.228373], [136.955832, 37.228132], [136.954508, 37.225533], [136.954041, 37.22514], [136.953594, 37.224403], [136.952403, 37.223013], [136.950993, 37.221697], [136.950217, 37.221228], [136.949369, 37.221058], [136.948965, 37.220772], [136.948203, 37.219814], [136.947776, 37.219112], [136.947753, 37.21881], [136.947114, 37.21825], [136.946707, 37.218113], [136.945908, 37.217539], [136.945774, 37.216827], [136.946023, 37.216318], [136.946284, 37.216144], [136.946582, 37.216156], [136.947183, 37.216858], [136.948607, 37.217202], [136.948713, 37.217564], [136.950088, 37.218771], [136.949971, 37.218966], [136.950558, 37.219738], [136.951458, 37.220147], [136.951787, 37.220228], [136.95201, 37.220029], [136.952363, 37.220038], [136.952621, 37.220231], [136.954116, 37.219782], [136.954437, 37.219482], [136.954583, 37.218813], [136.954746, 37.218789], [136.954549, 37.218018], [136.954302, 37.218067], [136.954179, 37.217813], [136.953351, 37.217637], [136.953606, 37.217169], [136.952687, 37.216344], [136.952764, 37.216009], [136.953162, 37.215684], [136.953664, 37.215617], [136.954363, 37.216014], [136.954606, 37.215838], [136.955136, 37.216166], [136.954769, 37.216307], [136.954933, 37.216632], [136.955377, 37.216507], [136.955569, 37.216586], [136.956159, 37.216347], [136.956915, 37.215496], [136.957231, 37.214933], [136.957434, 37.214929], [136.958288, 37.213992], [136.958611, 37.213897], [136.958883, 37.213056], [136.95844, 37.212216], [136.957334, 37.210726], [136.957331, 37.209492], [136.957128, 37.208709], [136.957211, 37.208548], [136.957551, 37.208439], [136.958543, 37.208411], [136.959142, 37.2085], [136.959173, 37.208335], [136.959738, 37.208349], [136.962156, 37.206501], [136.963264, 37.204599], [136.964926, 37.20354], [136.965233, 37.20347], [136.966482, 37.203851], [136.966992, 37.204372], [136.966911, 37.205248], [136.966613, 37.205392], [136.966235, 37.20588], [136.965959, 37.20703], [136.966106, 37.209252], [136.966623, 37.209347], [136.966891, 37.209221], [136.967513, 37.208168], [136.967417, 37.206457], [136.967728, 37.205905], [136.968068, 37.205691], [136.968336, 37.205677], [136.969736, 37.206314], [136.970038, 37.206311], [136.970168, 37.206178], [136.96974, 37.205449], [136.969341, 37.205097], [136.969097, 37.203714], [136.96958, 37.201945], [136.969887, 37.201635], [136.971034, 37.200987], [136.971521, 37.201042], [136.971756, 37.201362], [136.972579, 37.201267], [136.972596, 37.201434], [136.974079, 37.201529], [136.974163, 37.201816], [136.975087, 37.201986], [136.975478, 37.202228], [136.976671, 37.202177], [136.978355, 37.201506], [136.979641, 37.201512], [136.980804, 37.200845], [136.98114, 37.2008], [136.981367, 37.201015], [136.981262, 37.20185], [136.98138, 37.202627], [136.98088, 37.20305], [136.980825, 37.20367], [136.981249, 37.204423], [136.981358, 37.204931], [136.981854, 37.205136], [136.982766, 37.205275], [136.983164, 37.204876], [136.983227, 37.204467], [136.983414, 37.20441], [136.983624, 37.203371], [136.983959, 37.202558], [136.984228, 37.202382], [136.986256, 37.202033], [136.986926, 37.201388], [136.986897, 37.20065], [136.987062, 37.200561], [136.987073, 37.200208], [136.986889, 37.200235], [136.986393, 37.199871], [136.986304, 37.199112], [136.986746, 37.198733], [136.987843, 37.198876], [136.988325, 37.199112], [136.988697, 37.199468], [136.988586, 37.19968], [136.988708, 37.199769], [136.9894, 37.19953], [136.989503, 37.199638], [136.990246, 37.19959], [136.99053, 37.199856], [136.99096, 37.199856], [136.991222, 37.199716], [136.992679, 37.198467], [136.992598, 37.198372], [136.992753, 37.198199], [136.992595, 37.198079], [136.992878, 37.197822], [136.992908, 37.197103], [136.993103, 37.196708], [136.99374, 37.196472], [136.994082, 37.19612], [136.994888, 37.195708], [136.995183, 37.195194], [136.995694, 37.194875], [136.995691, 37.19474], [136.997351, 37.194514], [136.997426, 37.194186], [136.998105, 37.193312], [136.998179, 37.192065], [136.998983, 37.190811], [136.999025, 37.190289], [136.999536, 37.189725], [136.999856, 37.18967], [137.000195, 37.189969], [137.000475, 37.189949], [137.001692, 37.189366], [137.0026, 37.18939], [137.003164, 37.189054], [137.004092, 37.186852], [137.003962, 37.18648], [137.004122, 37.185867], [137.004666, 37.185141], [137.004945, 37.185051], [137.005444, 37.184173], [137.005903, 37.183667], [137.006412, 37.183461], [137.006806, 37.183469], [137.007943, 37.18408], [137.009073, 37.184246], [137.009497, 37.184206], [137.009812, 37.183953], [137.010324, 37.183784], [137.010778, 37.183216], [137.010958, 37.183416], [137.011336, 37.183483], [137.011864, 37.183815], [137.011638, 37.184394], [137.011873, 37.18452], [137.012254, 37.184361], [137.012638, 37.184434], [137.012116, 37.184972], [137.012033, 37.185146], [137.012132, 37.185243], [137.012679, 37.185341], [137.013207, 37.186015], [137.014481, 37.186487], [137.01481, 37.186425], [137.015093, 37.186106], [137.015312, 37.186152], [137.015378, 37.186713], [137.015914, 37.187312], [137.016868, 37.187847], [137.017076, 37.189034], [137.017071, 37.189465], [137.016868, 37.189469], [137.016836, 37.190777], [137.017383, 37.191427], [137.018001, 37.191249], [137.018001, 37.191045], [137.017333, 37.190583], [137.0173, 37.190092], [137.017601, 37.1896], [137.018524, 37.188781], [137.019556, 37.188764], [137.02071, 37.188467], [137.020694, 37.188263], [137.022409, 37.187865], [137.022885, 37.187857], [137.023509, 37.187634], [137.024313, 37.187517], [137.025235, 37.187581], [137.026378, 37.188116], [137.027307, 37.190499], [137.02755, 37.190582], [137.027862, 37.190406], [137.028181, 37.190408], [137.028105, 37.190739], [137.027656, 37.190868], [137.027518, 37.191181], [137.028224, 37.193209], [137.028186, 37.193554], [137.027563, 37.193825], [137.029066, 37.195002], [137.029689, 37.194843], [137.030346, 37.194834], [137.031189, 37.194552], [137.031933, 37.194529], [137.032612, 37.194741], [137.032776, 37.194692], [137.033285, 37.195026], [137.033755, 37.195558], [137.034087, 37.196753], [137.033863, 37.197642], [137.033595, 37.198094], [137.033158, 37.198272], [137.032208, 37.198352], [137.032125, 37.198261], [137.031015, 37.198484], [137.029633, 37.198333], [137.029496, 37.198569], [137.029289, 37.19852], [137.028687, 37.199212], [137.028733, 37.200381], [137.02947, 37.201908], [137.030815, 37.202481], [137.031562, 37.202408], [137.031529, 37.202133], [137.031699, 37.201941], [137.031895, 37.201947], [137.032237, 37.202084], [137.032245, 37.202524], [137.031753, 37.202919], [137.029775, 37.203392], [137.029164, 37.203778], [137.028562, 37.203889], [137.027654, 37.203778], [137.027638, 37.203898], [137.025424, 37.204399], [137.025579, 37.204711], [137.027079, 37.20498], [137.027601, 37.20527], [137.028463, 37.205216], [137.029727, 37.20539], [137.029723, 37.20547], [137.030619, 37.205513], [137.032175, 37.206196], [137.032917, 37.206181], [137.034389, 37.206529], [137.034978, 37.206506], [137.035401, 37.206309], [137.036145, 37.205669], [137.036639, 37.205545], [137.037237, 37.205638], [137.038128, 37.205986], [137.038058, 37.206117], [137.03865, 37.206304], [137.039261, 37.206289], [137.03981, 37.206051], [137.040438, 37.206118], [137.041186, 37.206564], [137.04151, 37.207046], [137.041532, 37.207345], [137.041825, 37.207569], [137.042154, 37.207592], [137.042516, 37.207225], [137.042817, 37.207105], [137.043269, 37.2071], [137.043861, 37.207376], [137.044297, 37.208011], [137.044329, 37.20854], [137.044412, 37.20869], [137.044544, 37.208673], [137.044782, 37.209198], [137.045441, 37.208967], [137.045999, 37.20964], [137.04709, 37.20941], [137.046954, 37.209304], [137.047013, 37.209179], [137.047345, 37.209066], [137.04757, 37.209217], [137.047533, 37.209425], [137.047698, 37.209552], [137.047998, 37.209522], [137.049188, 37.210432], [137.049393, 37.210382], [137.050697, 37.210794], [137.051684, 37.210724], [137.051756, 37.210881], [137.052005, 37.210839], [137.053941, 37.209759], [137.054806, 37.209741], [137.055368, 37.209487], [137.055179, 37.208816], [137.056521, 37.208221], [137.05693, 37.207901], [137.057104, 37.208006], [137.056965, 37.208306], [137.057189, 37.208407], [137.057632, 37.208058], [137.0576, 37.208744], [137.058496, 37.20971], [137.058411, 37.210755], [137.058686, 37.210969], [137.05914, 37.210629], [137.059459, 37.210823], [137.059409, 37.211612], [137.060262, 37.212843], [137.059863, 37.213236], [137.060078, 37.213357], [137.060542, 37.212908], [137.06128, 37.213272], [137.062837, 37.213183], [137.063046, 37.213296], [137.063246, 37.213094], [137.063715, 37.21309], [137.063979, 37.213677], [137.063545, 37.213932], [137.064204, 37.214693], [137.064269, 37.214567], [137.065012, 37.214462], [137.065082, 37.214725], [137.065415, 37.214935], [137.065961, 37.214474], [137.06642, 37.214591], [137.066306, 37.214873], [137.066073, 37.215016], [137.065503, 37.215082], [137.065685, 37.215563], [137.065401, 37.215693], [137.06576, 37.216174], [137.066444, 37.216004], [137.066648, 37.216089], [137.066953, 37.216017], [137.067122, 37.216466], [137.066923, 37.216571], [137.067371, 37.216992], [137.069002, 37.217789], [137.069189, 37.217717], [137.069485, 37.217951], [137.069394, 37.218151], [137.069172, 37.218105], [137.069076, 37.218202], [137.069107, 37.218363], [137.068754, 37.218441], [137.068065, 37.218907], [137.068035, 37.219477], [137.069033, 37.219291], [137.069088, 37.219429], [137.068768, 37.219502], [137.068683, 37.219967], [137.06796, 37.220602], [137.067751, 37.220481], [137.067606, 37.220639], [137.067242, 37.221282], [137.067087, 37.221922], [137.067292, 37.221959], [137.067057, 37.222752], [137.066873, 37.222731], [137.066658, 37.22329], [137.066663, 37.223986], [137.066847, 37.223986], [137.067436, 37.225456], [137.067192, 37.226038], [137.067341, 37.226087], [137.067366, 37.225933], [137.067671, 37.225986], [137.067795, 37.226233], [137.067456, 37.226257], [137.067107, 37.226111], [137.066678, 37.2265], [137.066618, 37.228001], [137.066678, 37.228382], [137.066952, 37.228337], [137.067421, 37.230381], [137.067925, 37.231571], [137.068673, 37.23234], [137.069676, 37.232604], [137.070813, 37.233154], [137.070664, 37.233292], [137.071192, 37.234065], [137.071352, 37.235222], [137.072804, 37.237384], [137.072804, 37.237845], [137.073148, 37.237959], [137.072654, 37.238618], [137.073547, 37.239525], [137.073822, 37.240076], [137.073622, 37.240229], [137.073617, 37.240772], [137.074216, 37.241427], [137.075213, 37.242144], [137.075418, 37.242787], [137.075678, 37.242792], [137.075623, 37.243366], [137.075378, 37.243382], [137.075173, 37.244038], [137.075388, 37.244629], [137.075812, 37.244836], [137.076216, 37.245435], [137.077458, 37.245463], [137.078905, 37.246147], [137.079025, 37.246026], [137.079164, 37.246078], [137.079933, 37.246511], [137.082976, 37.247689], [137.083156, 37.247786], [137.083051, 37.247952], [137.083275, 37.248149]]], [[[137.068968, 37.220302], [137.069093, 37.220227], [137.069235, 37.220491], [137.069034, 37.220461], [137.068968, 37.220302]]], [[[136.919428, 37.201219], [136.919561, 37.200936], [136.919811, 37.200921], [136.920175, 37.201114], [136.920508, 37.20153], [136.920535, 37.201976], [136.92088, 37.202917], [136.920455, 37.203612], [136.920425, 37.202874], [136.919428, 37.201219]]]]}}, {"type": "Feature", "properties": {"pref_code": "17", "pref_name": "石川県", "municipality_code": "17463", "municipality_name": "能登町", "ward_name": "", "display_name": "能登町", "geometry_key": "17463"}, "geometry": {"type": "MultiPolygon", "coordinates": [[[[137.131675, 37.402532], [137.131143, 37.402547], [137.130573, 37.402072], [137.129434, 37.401763], [137.129061, 37.401089], [137.12842, 37.400672], [137.127613, 37.400775], [137.126204, 37.400428], [137.125128, 37.400659], [137.122912, 37.400351], [137.121638, 37.400494], [137.121392, 37.400771], [137.122531, 37.402149], [137.123354, 37.405912], [137.123149, 37.405989], [137.121961, 37.405401], [137.120791, 37.404478], [137.119521, 37.403046], [137.118615, 37.402566], [137.117724, 37.401835], [137.117522, 37.401147], [137.117677, 37.399684], [137.116823, 37.398105], [137.11621, 37.397577], [137.115416, 37.397318], [137.113784, 37.397175], [137.112749, 37.398014], [137.111944, 37.398027], [137.109667, 37.397361], [137.10906, 37.397002], [137.10675, 37.396097], [137.105503, 37.396072], [137.1049, 37.39592], [137.104223, 37.394657], [137.10434, 37.393566], [137.1041, 37.393354], [137.105087, 37.392961], [137.104436, 37.392627], [137.103935, 37.391706], [137.104004, 37.39155], [137.104533, 37.391373], [137.104703, 37.388184], [137.104436, 37.387912], [137.103626, 37.387678], [137.10337, 37.387267], [137.102869, 37.386942], [137.102378, 37.38638], [137.101712, 37.386176], [137.101163, 37.386228], [137.100075, 37.386003], [137.098438, 37.386518], [137.097872, 37.387081], [137.097301, 37.387258], [137.093707, 37.389837], [137.091761, 37.388153], [137.089351, 37.387145], [137.087457, 37.386539], [137.085676, 37.385726], [137.085324, 37.385869], [137.08525, 37.386098], [137.085874, 37.386453], [137.085911, 37.386583], [137.085164, 37.387188], [137.085084, 37.387863], [137.084593, 37.388971], [137.084684, 37.389702], [137.084588, 37.389992], [137.084231, 37.390308], [137.083655, 37.391242], [137.082807, 37.392043], [137.082578, 37.392549], [137.081735, 37.393021], [137.078962, 37.393553], [137.076578, 37.394232], [137.075597, 37.39405], [137.074644, 37.39412], [137.072269, 37.394954], [137.071938, 37.394933], [137.071314, 37.394664], [137.070045, 37.393808], [137.069144, 37.393371], [137.067454, 37.393475], [137.066462, 37.393293], [137.064995, 37.393856], [137.064126, 37.393791], [137.063598, 37.393583], [137.062692, 37.392713], [137.062991, 37.390749], [137.063294, 37.389715], [137.063321, 37.388927], [137.063961, 37.387201], [137.063812, 37.386596], [137.063156, 37.385267], [137.062298, 37.384536], [137.06114, 37.383896], [137.060436, 37.383986], [137.059877, 37.383649], [137.059941, 37.382623], [137.059279, 37.381841], [137.059306, 37.380932], [137.05881, 37.379634], [137.056954, 37.379366], [137.055984, 37.379045], [137.055531, 37.379197], [137.054512, 37.379257], [137.05343, 37.379638], [137.052582, 37.379335], [137.051851, 37.379283], [137.051611, 37.379499], [137.051329, 37.380374], [137.050849, 37.380313], [137.050422, 37.380646], [137.049734, 37.380616], [137.049441, 37.380724], [137.048966, 37.381438], [137.048193, 37.381961], [137.04751, 37.383043], [137.046796, 37.383073], [137.045804, 37.383328], [137.044497, 37.383298], [137.043164, 37.384951], [137.043265, 37.386119], [137.043073, 37.386396], [137.041287, 37.38682], [137.040999, 37.386647], [137.040327, 37.387002], [137.039735, 37.38701], [137.039287, 37.387322], [137.038898, 37.387824], [137.037026, 37.387348], [137.036552, 37.387707], [137.035986, 37.388819], [137.034728, 37.389333], [137.034568, 37.389852], [137.033528, 37.391129], [137.033293, 37.391769], [137.032872, 37.392046], [137.030835, 37.391735], [137.030312, 37.391804], [137.029662, 37.392085], [137.029038, 37.392051], [137.028739, 37.39173], [137.028782, 37.391397], [137.028163, 37.390657], [137.027033, 37.390211], [137.026196, 37.390129], [137.025364, 37.390709], [137.025017, 37.391656], [137.023993, 37.391951], [137.022495, 37.391903], [137.021732, 37.392149], [137.021305, 37.392487], [137.02097, 37.393158], [137.020223, 37.393668], [137.019796, 37.393742], [137.019316, 37.394274], [137.019002, 37.39443], [137.01858, 37.394404], [137.017738, 37.394036], [137.016437, 37.392786], [137.01625, 37.392881], [137.01601, 37.393456], [137.014501, 37.39372], [137.013466, 37.394092], [137.012037, 37.394001], [137.010992, 37.393201], [137.010666, 37.393266], [137.01016, 37.393664], [137.009813, 37.393456], [137.009046, 37.393469], [137.007984, 37.393923], [137.00744, 37.393348], [137.006384, 37.393378], [137.005616, 37.393162], [137.005296, 37.393356], [137.004806, 37.393958], [137.003755, 37.39407], [137.003211, 37.394564], [137.002518, 37.394676], [137.001089, 37.395732], [137.000748, 37.395788], [137.000486, 37.395684], [136.999633, 37.39491], [136.999388, 37.39407], [136.998038, 37.392993], [136.997297, 37.391846], [136.996616, 37.391382], [136.996391, 37.390967], [136.995263, 37.390996], [136.994264, 37.390445], [136.993911, 37.390036], [136.993024, 37.390043], [136.992627, 37.389874], [136.991925, 37.389094], [136.991903, 37.388664], [136.99215, 37.387883], [136.991038, 37.387364], [136.990155, 37.385925], [136.989559, 37.385366], [136.98933, 37.385262], [136.988593, 37.385402], [136.987419, 37.385355], [136.987106, 37.385448], [136.986779, 37.385742], [136.985879, 37.385789], [136.984895, 37.385191], [136.984767, 37.384743], [136.985019, 37.384342], [136.985023, 37.384081], [136.983929, 37.383078], [136.982256, 37.382731], [136.981272, 37.383078], [136.980169, 37.383203], [136.979401, 37.383049], [136.978716, 37.382734], [136.978368, 37.382383], [136.978399, 37.381957], [136.978205, 37.381627], [136.977221, 37.380897], [136.976832, 37.380356], [136.976285, 37.379894], [136.976034, 37.378756], [136.975478, 37.378015], [136.975248, 37.377943], [136.973814, 37.378176], [136.972737, 37.378193], [136.969926, 37.377517], [136.969741, 37.377248], [136.969666, 37.375923], [136.968761, 37.375293], [136.968638, 37.374806], [136.96783, 37.374795], [136.967675, 37.374495], [136.967742, 37.373546], [136.967411, 37.372994], [136.967751, 37.372651], [136.968187, 37.372572], [136.968479, 37.372357], [136.968616, 37.371408], [136.967742, 37.370639], [136.967773, 37.370302], [136.968863, 37.368845], [136.96941, 37.368318], [136.970218, 37.367853], [136.970584, 37.367871], [136.971153, 37.368197], [136.971612, 37.368003], [136.973126, 37.368852], [136.973748, 37.367173], [136.973572, 37.366797], [136.972539, 37.366363], [136.971092, 37.366374], [136.970655, 37.365329], [136.97054, 37.364559], [136.971308, 37.362697], [136.970695, 37.362049], [136.970589, 37.361433], [136.970059, 37.361057], [136.970055, 37.360932], [136.971344, 37.359438], [136.971688, 37.358783], [136.972297, 37.358361], [136.972531, 37.357254], [136.973541, 37.356749], [136.974159, 37.357075], [136.974901, 37.357104], [136.975187, 37.357004], [136.974976, 37.35613], [136.97577, 37.35545], [136.975788, 37.35502], [136.976326, 37.354455], [136.976106, 37.353158], [136.975638, 37.352385], [136.975766, 37.352009], [136.976004, 37.351801], [136.976675, 37.35188], [136.977121, 37.351651], [136.977536, 37.351178], [136.978198, 37.350763], [136.97844, 37.350279], [136.978983, 37.350118], [136.979314, 37.349667], [136.979146, 37.349123], [136.977584, 37.347845], [136.977496, 37.347508], [136.977814, 37.346964], [136.977695, 37.346806], [136.976936, 37.346556], [136.97619, 37.346599], [136.974937, 37.346076], [136.97506, 37.345378], [136.974636, 37.344744], [136.97521, 37.344239], [136.975078, 37.343752], [136.975533, 37.343316], [136.975519, 37.343144], [136.974363, 37.341937], [136.972902, 37.341801], [136.972668, 37.341439], [136.972536, 37.340691], [136.971199, 37.339982], [136.971194, 37.339824], [136.971799, 37.339549], [136.971848, 37.339384], [136.970338, 37.3387], [136.970819, 37.338335], [136.972232, 37.338174], [136.972792, 37.337687], [136.973701, 37.337619], [136.974248, 37.3372], [136.974659, 37.336301], [136.975006, 37.336088], [136.974749, 37.335657], [136.974765, 37.335442], [136.975424, 37.335273], [136.976116, 37.334523], [136.976357, 37.333916], [136.977016, 37.333754], [136.977329, 37.332795], [136.977546, 37.33273], [136.977723, 37.332821], [136.978478, 37.333617], [136.979009, 37.333773], [136.979539, 37.333662], [136.979796, 37.333447], [136.979459, 37.332449], [136.980455, 37.332228], [136.980294, 37.331504], [136.979121, 37.330363], [136.979258, 37.329482], [136.979201, 37.32855], [136.979997, 37.327846], [136.979989, 37.327533], [136.979611, 37.327064], [136.978832, 37.327089], [136.978623, 37.326764], [136.978808, 37.32632], [136.978133, 37.325883], [136.977851, 37.325466], [136.978133, 37.324181], [136.977828, 37.32349], [136.976076, 37.322975], [136.974244, 37.323144], [136.973167, 37.322642], [136.972226, 37.322707], [136.97131, 37.322271], [136.971005, 37.321821], [136.971053, 37.321397], [136.970008, 37.320849], [136.969084, 37.319551], [136.968876, 37.318991], [136.968996, 37.318417], [136.969711, 37.317908], [136.969784, 37.317582], [136.969744, 37.317465], [136.968916, 37.317041], [136.968667, 37.316265], [136.968996, 37.316017], [136.969623, 37.315972], [136.969784, 37.315763], [136.968828, 37.313807], [136.968586, 37.313637], [136.967734, 37.313461], [136.967879, 37.312581], [136.967751, 37.312457], [136.967188, 37.312542], [136.966658, 37.312353], [136.966417, 37.312457], [136.965854, 37.31245], [136.965099, 37.311974], [136.964191, 37.311707], [136.963805, 37.311146], [136.962784, 37.310233], [136.962431, 37.309386], [136.961989, 37.309053], [136.963018, 37.307807], [136.964448, 37.307488], [136.964802, 37.307143], [136.965814, 37.306654], [136.966553, 37.306647], [136.967542, 37.30535], [136.967598, 37.304926], [136.967469, 37.304547], [136.969414, 37.305102], [136.970764, 37.303563], [136.970724, 37.30312], [136.970242, 37.302787], [136.96968, 37.302148], [136.968981, 37.301854], [136.968691, 37.301404], [136.967872, 37.301202], [136.967623, 37.300811], [136.967711, 37.300322], [136.966819, 37.299605], [136.967133, 37.298659], [136.967221, 37.297844], [136.967719, 37.297466], [136.967976, 37.297055], [136.967559, 37.296507], [136.967478, 37.295777], [136.967189, 37.295504], [136.967221, 37.294845], [136.966851, 37.294245], [136.967153, 37.293394], [136.968099, 37.293072], [136.968572, 37.293171], [136.968751, 37.293417], [136.968789, 37.293824], [136.969347, 37.294276], [136.970435, 37.294515], [136.970388, 37.295167], [136.970728, 37.295589], [136.971296, 37.295804], [136.971769, 37.295819], [136.972847, 37.296272], [136.974445, 37.297937], [136.97471, 37.29806], [136.976091, 37.297876], [136.977415, 37.299012], [136.978986, 37.299074], [136.979544, 37.298959], [136.980385, 37.299619], [136.980082, 37.299981], [136.979931, 37.300931], [136.980499, 37.301982], [136.981322, 37.302159], [136.981634, 37.302343], [136.981984, 37.30275], [136.982141, 37.303646], [136.983425, 37.303796], [136.983715, 37.304277], [136.984812, 37.305214], [136.9852, 37.305268], [136.986118, 37.304769], [136.986373, 37.30437], [136.987044, 37.304446], [136.987688, 37.304715], [136.988747, 37.304277], [136.989191, 37.304301], [136.989541, 37.304469], [136.990269, 37.303902], [136.991159, 37.303717], [136.991584, 37.303986], [136.991689, 37.304316], [136.991414, 37.304523], [136.991234, 37.304922], [136.991216, 37.305621], [136.991376, 37.30582], [136.991632, 37.305736], [136.992152, 37.305245], [136.993202, 37.305199], [136.993476, 37.30503], [136.994517, 37.303817], [136.994451, 37.303334], [136.994725, 37.302651], [136.994337, 37.301737], [136.995037, 37.300932], [136.995056, 37.300579], [136.994403, 37.300471], [136.993156, 37.300534], [136.993023, 37.300287], [136.993168, 37.299505], [136.991906, 37.299489], [136.991623, 37.299182], [136.991471, 37.298575], [136.991131, 37.298445], [136.990686, 37.298437], [136.990298, 37.298997], [136.989833, 37.29885], [136.988851, 37.297831], [136.988984, 37.297147], [136.988842, 37.297009], [136.98817, 37.296587], [136.987943, 37.296234], [136.987243, 37.296626], [136.986307, 37.295589], [136.986307, 37.295428], [136.98642, 37.294906], [136.986676, 37.294691], [136.987887, 37.294707], [136.989381, 37.294438], [136.99045, 37.294653], [136.99115, 37.294484], [136.991405, 37.294016], [136.990109, 37.293279], [136.989977, 37.29298], [136.990081, 37.292819], [136.990554, 37.29298], [136.991055, 37.292942], [136.991519, 37.293072], [136.991878, 37.292965], [136.992266, 37.292596], [136.9929, 37.292811], [136.994243, 37.292927], [136.994489, 37.292174], [136.99534, 37.291775], [136.995076, 37.290762], [136.996012, 37.290471], [136.995898, 37.289926], [136.996031, 37.28978], [136.996589, 37.289787], [136.998016, 37.29034], [136.998528, 37.289886], [136.998256, 37.289234], [136.998493, 37.288403], [136.997949, 37.288289], [136.996481, 37.287179], [136.996334, 37.286909], [136.996481, 37.286266], [136.996201, 37.285726], [136.995794, 37.285445], [136.995408, 37.285445], [136.994469, 37.285828], [136.994376, 37.285401], [136.994163, 37.285282], [136.993484, 37.285439], [136.993151, 37.284834], [136.992718, 37.28445], [136.993204, 37.283235], [136.993264, 37.282424], [136.993164, 37.282181], [136.993458, 37.2817], [136.993231, 37.281257], [136.993511, 37.280771], [136.993491, 37.280534], [136.992698, 37.279874], [136.991939, 37.279701], [136.991853, 37.279437], [136.992419, 37.279015], [136.993424, 37.279129], [136.993804, 37.279026], [136.993844, 37.278875], [136.993624, 37.278621], [136.993671, 37.278389], [136.995023, 37.277281], [136.995289, 37.276568], [136.995202, 37.276222], [136.994783, 37.275757], [136.994916, 37.274963], [136.994723, 37.274644], [136.994164, 37.274217], [136.994144, 37.273726], [136.993658, 37.273407], [136.993658, 37.273159], [136.994104, 37.27251], [136.995149, 37.272175], [136.995775, 37.27177], [136.995935, 37.271257], [136.995722, 37.271041], [136.995769, 37.270938], [136.996628, 37.270252], [136.997134, 37.270298], [136.997517, 37.270195], [136.998372, 37.269611], [136.998665, 37.269276], [136.998901, 37.268404], [136.999054, 37.268323], [136.999476, 37.268284], [136.999898, 37.268497], [137.000911, 37.268584], [137.004388, 37.270237], [137.004317, 37.269899], [137.004868, 37.26889], [137.004153, 37.268317], [137.003891, 37.267449], [137.004282, 37.266951], [137.004313, 37.266375], [137.004557, 37.266209], [137.005175, 37.266097], [137.005001, 37.265308], [137.005041, 37.264307], [137.004868, 37.263943], [137.004162, 37.263229], [137.003887, 37.262653], [137.003141, 37.261874], [137.003594, 37.261031], [137.004979, 37.260102], [137.005659, 37.260293], [137.006134, 37.261067], [137.006765, 37.26146], [137.007263, 37.262257], [137.00724, 37.262909], [137.007533, 37.26333], [137.007968, 37.263597], [137.008586, 37.263557], [137.009097, 37.263921], [137.009836, 37.264168], [137.009834, 37.264729], [137.010105, 37.265208], [137.010673, 37.26524], [137.011975, 37.265074], [137.012294, 37.264545], [137.012774, 37.264091], [137.012756, 37.263194], [137.013329, 37.262397], [137.013001, 37.259911], [137.013166, 37.259324], [137.012459, 37.258398], [137.012366, 37.257695], [137.012712, 37.257219], [137.012894, 37.256304], [137.013494, 37.255742], [137.014614, 37.255101], [137.015098, 37.253422], [137.015163, 37.252708], [137.014637, 37.251922], [137.013547, 37.251074], [137.013649, 37.250776], [137.014155, 37.250416], [137.017082, 37.249681], [137.01738, 37.249794], [137.017678, 37.250416], [137.018001, 37.250493], [137.01845, 37.250206], [137.018824, 37.249743], [137.01973, 37.250396], [137.020452, 37.250735], [137.021339, 37.250858], [137.022581, 37.250617], [137.023632, 37.250596], [137.025533, 37.251532], [137.027687, 37.251886], [137.028118, 37.251927], [137.028479, 37.251691], [137.029264, 37.251789], [137.030005, 37.251481], [137.030538, 37.251439], [137.031152, 37.251691], [137.032267, 37.251922], [137.032457, 37.251825], [137.032489, 37.251198], [137.032654, 37.250854], [137.033534, 37.250489], [137.034123, 37.250463], [137.034649, 37.251059], [137.035625, 37.251321], [137.036245, 37.25089], [137.03693, 37.250828], [137.037563, 37.250617], [137.038248, 37.250643], [137.038615, 37.250386], [137.039508, 37.250412], [137.040617, 37.250705], [137.041111, 37.250504], [137.041485, 37.249913], [137.042163, 37.249266], [137.043094, 37.249189], [137.043601, 37.249656], [137.044519, 37.250104], [137.044595, 37.250422], [137.044373, 37.251424], [137.045229, 37.251769], [137.047204, 37.253164], [137.047831, 37.253482], [137.048689, 37.254613], [137.048803, 37.255408], [137.048611, 37.256009], [137.048615, 37.256649], [137.04933, 37.257618], [137.049831, 37.258604], [137.050624, 37.259473], [137.050323, 37.260371], [137.050515, 37.261057], [137.051378, 37.261181], [137.052258, 37.260972], [137.053281, 37.260958], [137.057063, 37.261156], [137.057869, 37.261107], [137.058693, 37.260513], [137.060728, 37.260294], [137.061599, 37.260057], [137.061821, 37.259887], [137.061891, 37.259615], [137.061516, 37.259106], [137.061747, 37.258742], [137.061656, 37.258382], [137.061817, 37.257834], [137.062139, 37.257307], [137.063263, 37.256247], [137.064113, 37.255971], [137.067106, 37.255557], [137.067982, 37.254854], [137.069028, 37.254812], [137.069947, 37.254607], [137.071071, 37.254607], [137.073437, 37.253695], [137.073964, 37.253575], [137.074565, 37.253617], [137.07504, 37.253441], [137.075639, 37.252524], [137.075707, 37.251932], [137.076265, 37.250682], [137.076392, 37.250545], [137.07706, 37.25034], [137.077246, 37.250058], [137.077018, 37.248926], [137.076248, 37.247491], [137.076502, 37.246709], [137.076688, 37.246592], [137.077103, 37.246599], [137.078845, 37.247697], [137.079818, 37.248006], [137.081129, 37.248068], [137.0825, 37.248494], [137.082711, 37.2485], [137.083275, 37.248149], [137.083595, 37.248183], [137.084273, 37.248717], [137.085416, 37.248875], [137.086314, 37.249482], [137.086788, 37.250668], [137.086493, 37.251417], [137.085964, 37.251867], [137.085964, 37.252081], [137.086538, 37.252777], [137.088, 37.252512], [137.088179, 37.252593], [137.087281, 37.253767], [137.087479, 37.253997], [137.089691, 37.254668], [137.089919, 37.255179], [137.090396, 37.255391], [137.091, 37.255512], [137.091404, 37.25547], [137.093651, 37.256445], [137.093863, 37.256317], [137.094088, 37.256454], [137.09428, 37.256362], [137.094331, 37.256736], [137.093369, 37.257448], [137.092039, 37.257605], [137.091477, 37.258004], [137.09128, 37.258662], [137.091556, 37.260203], [137.091851, 37.260612], [137.091957, 37.261248], [137.090405, 37.26147], [137.090295, 37.262069], [137.091249, 37.262355], [137.091863, 37.262237], [137.092313, 37.262416], [137.09254, 37.262232], [137.092734, 37.262238], [137.093424, 37.262798], [137.094129, 37.263755], [137.094253, 37.264201], [137.093977, 37.264982], [137.0945, 37.266371], [137.094835, 37.266859], [137.094958, 37.267575], [137.094814, 37.268052], [137.095009, 37.268737], [137.095301, 37.268953], [137.095564, 37.269472], [137.095093, 37.270164], [137.095207, 37.271139], [137.095557, 37.271682], [137.096729, 37.272355], [137.097188, 37.272835], [137.097382, 37.272806], [137.09775, 37.273547], [137.097525, 37.273538], [137.097352, 37.273673], [137.097057, 37.274171], [137.096924, 37.275532], [137.097045, 37.27655], [137.097698, 37.277917], [137.098512, 37.278731], [137.098916, 37.27898], [137.100912, 37.279621], [137.101614, 37.279668], [137.102671, 37.279441], [137.103488, 37.279525], [137.105867, 37.280119], [137.107021, 37.280607], [137.1119, 37.284672], [137.11409, 37.285969], [137.115566, 37.287124], [137.116086, 37.287854], [137.116007, 37.288199], [137.116441, 37.288527], [137.117459, 37.288823], [137.118209, 37.288874], [137.118702, 37.288806], [137.118696, 37.288542], [137.119075, 37.288465], [137.121205, 37.288904], [137.124661, 37.290186], [137.126652, 37.29052], [137.128422, 37.29169], [137.129584, 37.291981], [137.130265, 37.291793], [137.130441, 37.291269], [137.130365, 37.29102], [137.130709, 37.290954], [137.131021, 37.291651], [137.130862, 37.29184], [137.130878, 37.292234], [137.132695, 37.292744], [137.137133, 37.294515], [137.136736, 37.294995], [137.136609, 37.294995], [137.13672, 37.295188], [137.137238, 37.295436], [137.137021, 37.295663], [137.137175, 37.295822], [137.140697, 37.296965], [137.140805, 37.296782], [137.141168, 37.296794], [137.141336, 37.296985], [137.141221, 37.297181], [137.143735, 37.298839], [137.144564, 37.298998], [137.14541, 37.296645], [137.150222, 37.296229], [137.153244, 37.294892], [137.154654, 37.295184], [137.154575, 37.295351], [137.153122, 37.295081], [137.150259, 37.296384], [137.150777, 37.298449], [137.152493, 37.298248], [137.152847, 37.298351], [137.153333, 37.298209], [137.153698, 37.300301], [137.152979, 37.301252], [137.153069, 37.301287], [137.152372, 37.302414], [137.152805, 37.302761], [137.152694, 37.302868], [137.152805, 37.303014], [137.15271, 37.303288], [137.152166, 37.303901], [137.149968, 37.305706], [137.149926, 37.30604], [137.150945, 37.306682], [137.151183, 37.306168], [137.151484, 37.306318], [137.151188, 37.306695], [137.151996, 37.307004], [137.152662, 37.306837], [137.153116, 37.30658], [137.155156, 37.303237], [137.155615, 37.303395], [137.156677, 37.303027], [137.157242, 37.303198], [137.157464, 37.302727], [137.158161, 37.302358], [137.15833, 37.30154], [137.157575, 37.300442], [137.157554, 37.30007], [137.157739, 37.299817], [137.157992, 37.29971], [137.158774, 37.299684], [137.159809, 37.299984], [137.160654, 37.2992], [137.161283, 37.29902], [137.161869, 37.299191], [137.162546, 37.298904], [137.163222, 37.298964], [137.163576, 37.29881], [137.164801, 37.298836], [137.16496, 37.298968], [137.164928, 37.299161], [137.16347, 37.300207], [137.162097, 37.30031], [137.161579, 37.300575], [137.161928, 37.300888], [137.162878, 37.300914], [137.163143, 37.301206], [137.163649, 37.304763], [137.164664, 37.304261], [137.165498, 37.30442], [137.166043, 37.304253], [137.166993, 37.303451], [137.168731, 37.302684], [137.169032, 37.302354], [137.169069, 37.300816], [137.16936, 37.300276], [137.17001, 37.299748], [137.170908, 37.299508], [137.171711, 37.299526], [137.173179, 37.300108], [137.17339, 37.299933], [137.174135, 37.300036], [137.174103, 37.3004], [137.174489, 37.300674], [137.175292, 37.300743], [137.175863, 37.300979], [137.176951, 37.301021], [137.178958, 37.300709], [137.179597, 37.300254], [137.179823, 37.299476], [137.180332, 37.299654], [137.181235, 37.299401], [137.184362, 37.298969], [137.184938, 37.299076], [137.184901, 37.299239], [137.185925, 37.299612], [137.186126, 37.30025], [137.186602, 37.300897], [137.187558, 37.300829], [137.187833, 37.300602], [137.187875, 37.300122], [137.188128, 37.299976], [137.188787, 37.300031], [137.189702, 37.301], [137.190252, 37.301112], [137.191234, 37.301009], [137.192058, 37.300396], [137.192231, 37.300087], [137.191763, 37.299359], [137.194119, 37.298626], [137.194429, 37.298239], [137.194908, 37.297956], [137.195416, 37.297889], [137.195897, 37.298026], [137.197734, 37.298055], [137.198278, 37.29833], [137.198527, 37.298844], [137.198472, 37.2992], [137.198153, 37.299264], [137.198196, 37.299633], [137.198366, 37.299826], [137.19919, 37.300165], [137.202174, 37.300726], [137.202868, 37.301003], [137.203018, 37.301531], [137.202903, 37.301871], [137.203258, 37.302279], [137.203518, 37.302308], [137.20403, 37.30222], [137.204039, 37.301737], [137.204293, 37.301532], [137.205148, 37.301121], [137.205861, 37.300975], [137.205977, 37.300812], [137.206617, 37.301206], [137.207113, 37.301014], [137.207515, 37.301906], [137.208339, 37.301914], [137.208656, 37.301657], [137.20949, 37.299612], [137.208772, 37.298918], [137.208698, 37.298558], [137.20705, 37.297208], [137.206849, 37.296221], [137.207199, 37.296044], [137.208492, 37.296171], [137.209164, 37.295252], [137.210325, 37.296329], [137.213637, 37.295656], [137.213817, 37.295845], [137.214472, 37.295738], [137.214725, 37.295866], [137.214509, 37.296561], [137.21426, 37.296522], [137.214403, 37.297298], [137.214921, 37.297868], [137.215375, 37.297996], [137.215586, 37.297889], [137.215665, 37.297135], [137.216017, 37.296625], [137.216743, 37.29606], [137.217106, 37.295971], [137.218116, 37.296122], [137.218453, 37.296383], [137.21846, 37.296569], [137.2191, 37.296604], [137.219894, 37.297066], [137.221947, 37.297167], [137.222419, 37.296803], [137.223045, 37.295892], [137.22298, 37.295624], [137.222555, 37.295408], [137.221973, 37.294584], [137.221208, 37.293927], [137.221135, 37.293793], [137.221336, 37.293676], [137.221808, 37.293645], [137.222818, 37.293918], [137.223577, 37.293925], [137.224128, 37.294161], [137.2243, 37.294095], [137.225334, 37.294428], [137.225623, 37.294677], [137.225408, 37.295284], [137.225486, 37.295412], [137.226632, 37.295426], [137.228259, 37.29597], [137.227741, 37.296981], [137.228681, 37.297332], [137.229854, 37.297011], [137.230049, 37.296707], [137.230836, 37.296819], [137.231924, 37.296604], [137.23295, 37.296819], [137.233975, 37.295322], [137.233943, 37.294753], [137.231856, 37.293866], [137.231935, 37.293728], [137.234158, 37.294645], [137.23437, 37.29774], [137.232125, 37.298593], [137.228776, 37.299411], [137.228697, 37.300106], [137.228264, 37.300779], [137.228248, 37.300924], [137.229093, 37.30107], [137.229782, 37.300772], [137.231259, 37.300766], [137.231935, 37.300418], [137.232326, 37.299849], [137.232791, 37.299844], [137.232838, 37.29969], [137.233298, 37.299776], [137.233472, 37.299579], [137.23455, 37.30029], [137.234317, 37.30056], [137.234727, 37.301001], [137.235278, 37.301239], [137.236079, 37.301255], [137.236348, 37.301398], [137.236423, 37.301655], [137.236097, 37.302132], [137.235321, 37.302184], [137.234676, 37.302887], [137.234544, 37.303161], [137.234734, 37.303905], [137.233335, 37.304164], [137.232526, 37.303534], [137.231855, 37.303783], [137.23241, 37.304156], [137.232394, 37.30431], [137.231655, 37.304503], [137.230276, 37.30446], [137.229204, 37.303607], [137.229085, 37.303871], [137.229221, 37.304226], [137.228846, 37.304695], [137.228841, 37.30505], [137.227961, 37.305405], [137.22782, 37.305806], [137.228195, 37.306233], [137.228836, 37.306032], [137.228837, 37.305808], [137.229249, 37.305339], [137.23007, 37.305151], [137.231677, 37.305562], [137.232282, 37.305474], [137.232977, 37.305164], [137.233362, 37.30516], [137.234565, 37.305502], [137.234825, 37.305713], [137.234294, 37.306191], [137.233429, 37.30614], [137.233138, 37.306305], [137.233513, 37.306736], [137.233419, 37.306973], [137.233044, 37.307163], [137.232705, 37.307205], [137.231721, 37.306766], [137.231565, 37.306795], [137.231822, 37.307294], [137.231535, 37.307879], [137.231862, 37.30832], [137.23157, 37.308536], [137.230883, 37.308422], [137.230669, 37.308502], [137.230883, 37.309309], [137.230445, 37.309562], [137.230726, 37.309795], [137.230325, 37.310636], [137.230513, 37.310652], [137.230513, 37.310851], [137.230721, 37.310919], [137.230804, 37.311113], [137.230445, 37.311214], [137.230263, 37.311582], [137.230362, 37.311781], [137.230508, 37.311802], [137.230429, 37.311949], [137.230612, 37.311987], [137.230679, 37.311861], [137.231138, 37.311949], [137.231674, 37.310382], [137.232148, 37.309761], [137.232591, 37.30955], [137.23275, 37.30921], [137.232997, 37.309056], [137.233388, 37.309233], [137.233586, 37.309647], [137.233184, 37.310289], [137.233237, 37.310581], [137.233028, 37.311012], [137.233737, 37.310446], [137.234513, 37.310179], [137.234695, 37.310268], [137.234976, 37.310767], [137.235237, 37.310775], [137.235273, 37.310509], [137.234497, 37.309136], [137.235278, 37.308882], [137.235633, 37.308582], [137.236106, 37.30873], [137.23644, 37.308511], [137.236341, 37.307738], [137.236483, 37.307247], [137.236785, 37.307129], [137.236992, 37.307201], [137.237091, 37.306892], [137.23794, 37.30666], [137.237987, 37.306559], [137.238893, 37.306673], [137.239013, 37.306867], [137.239502, 37.306787], [137.239659, 37.306428], [137.239685, 37.30576], [137.239372, 37.305515], [137.239169, 37.304619], [137.238728, 37.303822], [137.238892, 37.303101], [137.239086, 37.302981], [137.239697, 37.302994], [137.240101, 37.303261], [137.240263, 37.303915], [137.240161, 37.304019], [137.240304, 37.304108], [137.24098, 37.304241], [137.241383, 37.304185], [137.241854, 37.304401], [137.242104, 37.304958], [137.242645, 37.305045], [137.24273, 37.305501], [137.243114, 37.305456], [137.243606, 37.305592], [137.245278, 37.306609], [137.246309, 37.307083], [137.247746, 37.308266], [137.248224, 37.308943], [137.248695, 37.309976], [137.248996, 37.310286], [137.249304, 37.31023], [137.249636, 37.310324], [137.249412, 37.310569], [137.24932, 37.310975], [137.249334, 37.31169], [137.249933, 37.31245], [137.249586, 37.313084], [137.249406, 37.313177], [137.249439, 37.313778], [137.249509, 37.3141], [137.250011, 37.314646], [137.250144, 37.315345], [137.250926, 37.317085], [137.251001, 37.317573], [137.251828, 37.31784], [137.252784, 37.318821], [137.254113, 37.319546], [137.255331, 37.320119], [137.258572, 37.32131], [137.25983, 37.322255], [137.260533, 37.324838], [137.260973, 37.324705], [137.261128, 37.325094], [137.26216, 37.32499], [137.262098, 37.324402], [137.261795, 37.324373], [137.261791, 37.324279], [137.262218, 37.324286], [137.262298, 37.324813], [137.262778, 37.324903], [137.262791, 37.325087], [137.263507, 37.325264], [137.264467, 37.326129], [137.264703, 37.326988], [137.264587, 37.32741], [137.263822, 37.327587], [137.263471, 37.328171], [137.263124, 37.328442], [137.261394, 37.328641], [137.261886, 37.328657], [137.261964, 37.328747], [137.261486, 37.329527], [137.261557, 37.330432], [137.26189, 37.331341], [137.262541, 37.331386], [137.262533, 37.33177], [137.263406, 37.331859], [137.2634, 37.332057], [137.264122, 37.33311], [137.264206, 37.333067], [137.264636, 37.333379], [137.264476, 37.333597], [137.266654, 37.335251], [137.267576, 37.33631], [137.267417, 37.337886], [137.266931, 37.338158], [137.266378, 37.338845], [137.266376, 37.339175], [137.26654, 37.339374], [137.266115, 37.339951], [137.265354, 37.340406], [137.265639, 37.340732], [137.265266, 37.341166], [137.265147, 37.341672], [137.264256, 37.340643], [137.264064, 37.340107], [137.263225, 37.339962], [137.262854, 37.339707], [137.262174, 37.339734], [137.261624, 37.339301], [137.260443, 37.339006], [137.2599, 37.338471], [137.259246, 37.338457], [137.258895, 37.338258], [137.258704, 37.338294], [137.257583, 37.339181], [137.257317, 37.338974], [137.256865, 37.33893], [137.256327, 37.338634], [137.255689, 37.338542], [137.255229, 37.33824], [137.254757, 37.338229], [137.253934, 37.33875], [137.253677, 37.339178], [137.25277, 37.339858], [137.252507, 37.340334], [137.253328, 37.342179], [137.25383, 37.342812], [137.254012, 37.343423], [137.254761, 37.343954], [137.255358, 37.343928], [137.255717, 37.344102], [137.258591, 37.344049], [137.259018, 37.344176], [137.259434, 37.344153], [137.260033, 37.34435], [137.261264, 37.345029], [137.261741, 37.345433], [137.26164, 37.346032], [137.26124, 37.346389], [137.260917, 37.346453], [137.260804, 37.346814], [137.261037, 37.347156], [137.261357, 37.34715], [137.261321, 37.347264], [137.261651, 37.347359], [137.262021, 37.347938], [137.262207, 37.347984], [137.262287, 37.347728], [137.262529, 37.347914], [137.262403, 37.348359], [137.261994, 37.348571], [137.261864, 37.348799], [137.261878, 37.349079], [137.262293, 37.349702], [137.262248, 37.350048], [137.264098, 37.351909], [137.265446, 37.353565], [137.265638, 37.353595], [137.265992, 37.353342], [137.266284, 37.353303], [137.266806, 37.353638], [137.267025, 37.354049], [137.267466, 37.355367], [137.266743, 37.357332], [137.266383, 37.357523], [137.266238, 37.357889], [137.265914, 37.357855], [137.265643, 37.35765], [137.262773, 37.356525], [137.261343, 37.355222], [137.260904, 37.354973], [137.260339, 37.354918], [137.259593, 37.355036], [137.258979, 37.355412], [137.258158, 37.355218], [137.258, 37.355128], [137.257765, 37.354474], [137.257486, 37.354144], [137.256093, 37.35365], [137.254106, 37.352689], [137.25216, 37.352817], [137.250478, 37.353327], [137.248822, 37.354237], [137.248776, 37.354611], [137.248261, 37.355062], [137.248369, 37.355126], [137.245859, 37.357295], [137.246483, 37.357889], [137.246284, 37.358026], [137.246031, 37.357786], [137.245176, 37.358374], [137.245157, 37.358781], [137.244575, 37.360518], [137.244211, 37.360524], [137.244096, 37.361261], [137.243571, 37.361647], [137.24333, 37.362016], [137.24254, 37.364447], [137.242452, 37.365097], [137.242709, 37.365734], [137.242931, 37.365936], [137.243751, 37.366135], [137.244345, 37.366617], [137.245057, 37.366655], [137.245499, 37.367011], [137.245364, 37.367328], [137.24562, 37.368383], [137.244725, 37.368746], [137.244613, 37.368942], [137.244691, 37.369153], [137.244541, 37.369295], [137.244796, 37.369479], [137.244695, 37.369714], [137.244423, 37.369752], [137.24403, 37.369589], [137.242264, 37.370067], [137.241019, 37.369959], [137.240824, 37.370384], [137.240851, 37.370991], [137.240238, 37.371165], [137.240084, 37.371317], [137.240015, 37.371429], [137.24023, 37.3716], [137.240165, 37.371671], [137.239617, 37.371789], [137.238988, 37.373282], [137.236784, 37.373485], [137.235944, 37.373459], [137.235359, 37.373241], [137.23414, 37.37265], [137.233997, 37.372496], [137.233966, 37.372072], [137.233174, 37.371481], [137.232573, 37.371109], [137.230926, 37.370415], [137.228868, 37.369195], [137.227824, 37.369041], [137.226256, 37.369092], [137.225085, 37.368887], [137.224594, 37.368552], [137.224325, 37.36854], [137.220795, 37.36922], [137.216632, 37.36931], [137.215349, 37.369041], [137.214637, 37.369079], [137.213877, 37.368963], [137.21212, 37.368527], [137.210774, 37.368488], [137.210268, 37.368206], [137.208717, 37.366882], [137.207656, 37.36624], [137.206738, 37.366073], [137.20362, 37.366069], [137.203317, 37.366082], [137.2027, 37.366356], [137.201409, 37.366328], [137.200833, 37.366471], [137.200231, 37.366407], [137.199535, 37.365752], [137.198332, 37.365392], [137.197667, 37.364994], [137.195308, 37.364224], [137.194754, 37.364314], [137.193725, 37.364095], [137.191852, 37.363136], [137.190401, 37.362991], [137.189718, 37.362397], [137.188976, 37.36204], [137.187678, 37.361974], [137.186791, 37.361526], [137.184908, 37.36204], [137.183461, 37.362016], [137.182485, 37.361783], [137.18163, 37.361809], [137.180396, 37.362027], [137.179224, 37.361822], [137.178638, 37.361629], [137.177673, 37.360935], [137.177182, 37.360922], [137.174776, 37.360396], [137.171388, 37.359458], [137.170501, 37.35951], [137.169076, 37.35897], [137.168601, 37.358225], [137.168317, 37.358033], [137.167351, 37.358302], [137.165768, 37.358264], [137.165419, 37.358148], [137.165039, 37.358277], [137.16447, 37.358251], [137.163694, 37.357724], [137.163251, 37.35766], [137.162596, 37.357327], [137.162158, 37.356042], [137.161693, 37.355676], [137.160991, 37.355647], [137.159516, 37.355253], [137.159145, 37.355662], [137.158454, 37.355502], [137.157726, 37.355669], [137.15562, 37.35504], [137.153508, 37.354775], [137.152746, 37.355041], [137.151826, 37.355651], [137.150691, 37.355589], [137.149773, 37.35591], [137.149588, 37.356286], [137.149747, 37.356581], [137.150586, 37.357095], [137.151773, 37.357339], [137.152255, 37.357694], [137.152274, 37.357885], [137.1519, 37.358418], [137.151726, 37.358572], [137.150888, 37.358782], [137.150688, 37.359198], [137.151029, 37.360051], [137.151714, 37.360602], [137.152268, 37.361835], [137.152261, 37.362396], [137.153256, 37.362923], [137.153508, 37.363218], [137.153437, 37.364267], [137.153173, 37.36458], [137.152841, 37.365462], [137.152258, 37.365571], [137.151854, 37.366188], [137.150949, 37.365961], [137.150443, 37.366303], [137.150395, 37.366496], [137.15084, 37.367253], [137.150981, 37.36814], [137.151277, 37.368623], [137.151146, 37.370402], [137.150775, 37.370876], [137.150427, 37.370927], [137.149287, 37.369899], [137.147756, 37.370017], [137.14715, 37.370239], [137.145725, 37.370336], [137.144894, 37.370596], [137.14544, 37.372006], [137.146532, 37.372186], [137.147013, 37.373057], [137.147023, 37.373225], [137.146746, 37.373305], [137.146656, 37.37346], [137.146344, 37.374411], [137.147013, 37.375218], [137.1468, 37.375924], [137.147469, 37.37785], [137.147388, 37.377966], [137.146543, 37.378097], [137.145819, 37.378556], [137.145091, 37.379416], [137.145914, 37.379789], [137.146928, 37.380739], [137.145494, 37.381638], [137.145418, 37.381827], [137.145629, 37.382371], [137.145218, 37.383128], [137.144964, 37.383269], [137.143968, 37.383399], [137.142811, 37.384502], [137.142114, 37.384846], [137.141783, 37.385311], [137.140626, 37.385198], [137.139914, 37.384875], [137.138941, 37.38481], [137.138498, 37.384983], [137.137746, 37.385568], [137.136511, 37.385966], [137.135672, 37.386852], [137.13513, 37.387904], [137.13291, 37.389653], [137.132759, 37.390384], [137.133281, 37.391001], [137.133376, 37.391335], [137.133202, 37.391643], [137.133123, 37.392311], [137.132711, 37.392722], [137.132606, 37.393054], [137.132644, 37.393945], [137.132985, 37.394351], [137.132845, 37.39476], [137.132931, 37.395135], [137.133518, 37.395599], [137.133609, 37.396086], [137.134215, 37.396382], [137.134416, 37.397192], [137.13375, 37.398567], [137.133376, 37.399914], [137.134531, 37.400954], [137.13298, 37.40143], [137.132331, 37.402187], [137.131675, 37.402532]]], [[[137.244095, 37.371648], [137.244343, 37.371627], [137.244539, 37.371782], [137.244324, 37.371853], [137.244095, 37.371648]]], [[[137.243789, 37.371586], [137.243927, 37.371544], [137.244001, 37.371667], [137.243789, 37.371586]]], [[[137.241251, 37.371341], [137.241435, 37.371208], [137.241996, 37.371246], [137.242331, 37.371347], [137.242523, 37.371619], [137.241637, 37.371652], [137.241251, 37.371341]]], [[[137.242626, 37.371461], [137.242704, 37.371333], [137.242992, 37.371374], [137.242861, 37.371562], [137.242626, 37.371461]]], [[[137.243484, 37.371431], [137.243596, 37.37129], [137.243749, 37.371412], [137.243619, 37.371526], [137.243484, 37.371431]]], [[[137.243838, 37.371296], [137.243963, 37.371197], [137.244218, 37.37134], [137.244088, 37.371433], [137.243838, 37.371296]]], [[[137.24068, 37.371246], [137.240791, 37.371156], [137.240963, 37.371254], [137.240805, 37.371336], [137.24068, 37.371246]]], [[[137.241047, 37.371088], [137.241289, 37.371043], [137.241179, 37.371155], [137.241047, 37.371088]]], [[[137.244812, 37.36986], [137.245007, 37.369793], [137.245073, 37.369933], [137.244812, 37.36986]]], [[[137.244954, 37.369581], [137.245124, 37.369492], [137.245214, 37.369658], [137.244954, 37.369581]]], [[[137.244908, 37.368932], [137.245074, 37.368847], [137.245061, 37.368977], [137.244946, 37.369024], [137.244908, 37.368932]]], [[[137.245243, 37.368831], [137.245316, 37.368743], [137.245429, 37.368799], [137.245322, 37.368919], [137.245243, 37.368831]]], [[[137.245788, 37.368485], [137.246021, 37.368212], [137.246192, 37.36838], [137.246063, 37.368512], [137.245788, 37.368485]]], [[[137.245728, 37.367811], [137.245962, 37.367744], [137.246039, 37.367899], [137.245838, 37.367982], [137.245728, 37.367811]]], [[[137.245614, 37.367395], [137.245887, 37.367368], [137.245846, 37.367616], [137.245614, 37.367395]]], [[[137.244358, 37.361411], [137.244481, 37.361193], [137.244798, 37.361205], [137.244672, 37.361455], [137.244477, 37.361522], [137.244358, 37.361411]]], [[[137.266951, 37.358266], [137.266986, 37.358216], [137.267059, 37.358247], [137.266951, 37.358266]]], [[[137.267179, 37.358187], [137.267218, 37.358157], [137.267262, 37.358235], [137.267179, 37.358187]]], [[[137.266978, 37.358045], [137.267021, 37.358033], [137.267088, 37.358111], [137.266978, 37.358045]]], [[[137.266676, 37.357933], [137.266795, 37.357832], [137.266888, 37.357895], [137.266676, 37.357933]]], [[[137.265629, 37.357845], [137.265739, 37.357857], [137.265666, 37.357895], [137.265629, 37.357845]]], [[[137.265523, 37.357773], [137.265629, 37.357762], [137.26556, 37.357813], [137.265523, 37.357773]]], [[[137.266918, 37.357588], [137.267014, 37.357567], [137.267043, 37.357618], [137.266918, 37.357588]]], [[[137.266994, 37.357399], [137.267157, 37.357426], [137.267044, 37.357461], [137.266994, 37.357399]]], [[[137.26734, 37.3573], [137.26745, 37.357308], [137.267384, 37.35734], [137.26734, 37.3573]]], [[[137.267418, 37.357071], [137.267501, 37.356907], [137.267598, 37.357034], [137.267418, 37.357071]]], [[[137.263388, 37.356992], [137.263486, 37.357018], [137.263444, 37.357068], [137.263388, 37.356992]]], [[[137.26267, 37.356704], [137.262766, 37.35667], [137.262886, 37.356738], [137.26267, 37.356704]]], [[[137.262243, 37.356445], [137.262434, 37.356468], [137.262269, 37.356559], [137.262243, 37.356445]]], [[[137.267328, 37.356479], [137.267424, 37.356421], [137.26743, 37.356489], [137.267328, 37.356479]]], [[[137.267753, 37.356498], [137.267763, 37.356461], [137.267854, 37.356469], [137.267753, 37.356498]]], [[[137.267673, 37.356365], [137.267784, 37.35634], [137.267755, 37.356409], [137.267673, 37.356365]]], [[[137.268244, 37.356126], [137.268323, 37.356124], [137.268302, 37.356186], [137.268244, 37.356126]]], [[[137.267471, 37.355863], [137.267595, 37.355804], [137.267712, 37.355916], [137.267471, 37.355863]]], [[[137.2678, 37.355754], [137.267944, 37.355742], [137.267981, 37.355854], [137.2678, 37.355754]]], [[[137.267823, 37.355498], [137.267886, 37.355503], [137.267877, 37.355582], [137.267823, 37.355498]]], [[[137.267892, 37.354518], [137.267944, 37.354406], [137.268269, 37.354418], [137.268541, 37.354632], [137.268968, 37.354584], [137.269049, 37.354674], [137.268841, 37.354989], [137.268612, 37.355088], [137.267945, 37.354694], [137.267892, 37.354518]]], [[[137.268541, 37.354381], [137.26863, 37.354272], [137.268695, 37.354411], [137.268541, 37.354381]]], [[[137.268306, 37.354237], [137.268407, 37.354196], [137.268423, 37.354271], [137.268306, 37.354237]]], [[[137.268198, 37.352959], [137.268251, 37.352964], [137.268264, 37.353057], [137.268198, 37.352959]]], [[[137.267235, 37.352612], [137.267423, 37.352548], [137.267892, 37.352932], [137.267487, 37.352909], [137.267235, 37.352612]]], [[[137.268138, 37.352743], [137.268177, 37.352711], [137.268256, 37.352787], [137.268138, 37.352743]]], [[[137.26722, 37.352287], [137.267371, 37.352222], [137.267428, 37.35231], [137.26722, 37.352287]]], [[[137.266868, 37.352256], [137.266951, 37.352194], [137.267072, 37.35228], [137.266868, 37.352256]]], [[[137.267167, 37.351995], [137.267196, 37.351946], [137.267261, 37.352117], [137.267167, 37.351995]]], [[[137.266944, 37.351774], [137.267009, 37.351799], [137.267001, 37.351859], [137.266944, 37.351774]]], [[[137.266873, 37.351602], [137.266969, 37.351656], [137.266912, 37.351661], [137.266873, 37.351602]]], [[[137.266972, 37.351452], [137.267038, 37.351458], [137.267056, 37.351527], [137.266972, 37.351452]]], [[[137.26674, 37.351441], [137.266782, 37.351426], [137.266809, 37.351504], [137.26674, 37.351441]]], [[[137.266921, 37.351205], [137.266979, 37.351193], [137.266996, 37.351282], [137.266921, 37.351205]]], [[[137.266642, 37.351077], [137.266693, 37.351069], [137.266755, 37.351168], [137.266642, 37.351077]]], [[[137.265929, 37.350069], [137.266436, 37.349547], [137.266782, 37.349519], [137.267057, 37.349885], [137.266944, 37.350076], [137.267046, 37.35062], [137.266785, 37.350662], [137.2662, 37.350491], [137.265929, 37.350069]]], [[[137.261928, 37.345821], [137.26207, 37.345836], [137.262031, 37.346019], [137.261928, 37.345821]]], [[[137.265978, 37.342492], [137.266069, 37.342468], [137.266057, 37.342584], [137.265978, 37.342492]]], [[[137.266023, 37.342109], [137.266145, 37.342091], [137.26609, 37.342165], [137.266023, 37.342109]]], [[[137.266002, 37.341954], [137.266089, 37.341976], [137.266021, 37.342003], [137.266002, 37.341954]]], [[[137.265984, 37.341214], [137.266058, 37.341169], [137.266079, 37.34124], [137.265984, 37.341214]]], [[[137.268839, 37.338731], [137.268962, 37.338761], [137.268875, 37.338787], [137.268839, 37.338731]]], [[[137.268492, 37.338673], [137.268607, 37.338676], [137.268621, 37.338737], [137.268492, 37.338673]]], [[[137.268593, 37.337541], [137.268658, 37.337507], [137.268644, 37.337598], [137.268593, 37.337541]]], [[[137.268576, 37.337076], [137.268664, 37.337047], [137.268672, 37.337144], [137.268576, 37.337076]]], [[[137.265663, 37.333753], [137.265802, 37.33369], [137.265757, 37.333789], [137.265663, 37.333753]]], [[[137.265469, 37.333486], [137.265539, 37.333452], [137.265579, 37.333488], [137.265469, 37.333486]]], [[[137.264103, 37.328841], [137.264193, 37.328835], [137.26419, 37.328884], [137.264103, 37.328841]]], [[[137.264103, 37.328646], [137.264188, 37.328606], [137.264164, 37.328666], [137.264103, 37.328646]]], [[[137.26456, 37.327526], [137.264628, 37.327481], [137.264671, 37.327549], [137.26456, 37.327526]]], [[[137.264958, 37.327127], [137.265058, 37.327141], [137.265026, 37.327167], [137.264958, 37.327127]]], [[[137.264955, 37.326942], [137.265031, 37.326888], [137.265092, 37.326948], [137.264955, 37.326942]]], [[[137.260275, 37.322209], [137.260379, 37.322174], [137.260428, 37.322229], [137.260275, 37.322209]]], [[[137.259727, 37.322089], [137.259806, 37.322045], [137.259862, 37.322126], [137.259727, 37.322089]]], [[[137.258828, 37.321299], [137.258863, 37.321233], [137.259059, 37.321331], [137.258828, 37.321299]]], [[[137.258504, 37.321031], [137.258585, 37.320988], [137.25874, 37.321186], [137.258504, 37.321031]]], [[[137.252683, 37.318401], [137.252751, 37.318379], [137.252769, 37.318449], [137.252683, 37.318401]]], [[[137.252581, 37.318154], [137.25267, 37.318152], [137.252704, 37.318263], [137.252581, 37.318154]]], [[[137.252271, 37.317919], [137.252415, 37.317965], [137.252392, 37.318042], [137.252271, 37.317919]]], [[[137.249724, 37.314072], [137.249828, 37.314005], [137.249789, 37.314125], [137.249724, 37.314072]]], [[[137.250694, 37.312468], [137.250823, 37.312488], [137.250921, 37.31267], [137.250694, 37.312468]]], [[[137.250059, 37.310448], [137.250291, 37.310444], [137.250468, 37.310741], [137.250203, 37.310687], [137.250059, 37.310448]]], [[[137.250045, 37.309679], [137.250157, 37.309645], [137.250224, 37.309854], [137.250045, 37.309679]]], [[[137.234783, 37.30787], [137.23492, 37.307669], [137.235204, 37.307712], [137.235328, 37.308124], [137.234993, 37.30819], [137.234783, 37.30787]]], [[[137.167569, 37.302904], [137.167713, 37.302729], [137.167989, 37.302747], [137.167801, 37.302967], [137.167569, 37.302904]]], [[[137.188186, 37.299518], [137.188437, 37.299478], [137.188647, 37.299604], [137.188631, 37.299782], [137.188186, 37.299518]]], [[[137.16485, 37.298439], [137.165241, 37.298383], [137.165668, 37.29855], [137.165317, 37.299034], [137.165033, 37.298894], [137.16485, 37.298439]]], [[[137.192688, 37.298246], [137.192755, 37.298192], [137.1929, 37.298333], [137.192846, 37.298512], [137.192738, 37.298506], [137.192688, 37.298246]]], [[[137.192462, 37.298332], [137.192529, 37.298292], [137.192619, 37.298399], [137.192462, 37.298332]]], [[[137.22069, 37.296417], [137.220832, 37.29639], [137.220829, 37.296495], [137.22069, 37.296417]]], [[[137.220301, 37.296298], [137.220467, 37.296248], [137.220597, 37.296364], [137.220301, 37.296298]]], [[[137.221599, 37.296293], [137.221772, 37.296255], [137.221706, 37.296378], [137.221599, 37.296293]]], [[[137.205639, 37.295829], [137.205734, 37.295718], [137.206181, 37.295909], [137.205946, 37.295966], [137.205639, 37.295829]]], [[[137.220902, 37.295676], [137.221083, 37.295636], [137.221268, 37.295777], [137.220902, 37.295676]]], [[[137.214386, 37.295559], [137.214519, 37.295535], [137.21458, 37.295649], [137.214386, 37.295559]]], [[[137.213993, 37.295584], [137.214115, 37.295532], [137.214205, 37.295631], [137.213993, 37.295584]]], [[[137.221248, 37.295057], [137.221436, 37.295036], [137.221369, 37.295132], [137.221248, 37.295057]]], [[[137.121429, 37.288746], [137.121511, 37.288711], [137.121601, 37.288775], [137.121429, 37.288746]]], [[[137.121092, 37.288686], [137.121135, 37.288652], [137.121198, 37.288689], [137.121092, 37.288686]]], [[[137.119709, 37.288472], [137.119856, 37.288454], [137.119871, 37.288529], [137.119709, 37.288472]]], [[[137.109265, 37.282023], [137.109506, 37.282036], [137.10941, 37.282119], [137.109265, 37.282023]]], [[[137.107829, 37.281021], [137.107916, 37.280997], [137.107981, 37.281138], [137.107829, 37.281021]]], [[[137.106354, 37.280017], [137.106418, 37.279948], [137.106478, 37.280036], [137.106354, 37.280017]]], [[[137.105852, 37.279901], [137.105951, 37.279934], [137.105881, 37.279947], [137.105852, 37.279901]]], [[[137.097178, 37.272642], [137.097237, 37.272606], [137.097226, 37.272666], [137.097178, 37.272642]]], [[[137.096885, 37.272372], [137.097139, 37.272383], [137.097053, 37.272452], [137.096885, 37.272372]]], [[[137.096519, 37.27194], [137.096599, 37.271875], [137.096712, 37.271936], [137.096519, 37.27194]]], [[[137.093815, 37.257484], [137.094097, 37.257296], [137.094006, 37.257515], [137.093815, 37.257484]]], [[[137.09474, 37.25659], [137.094843, 37.256483], [137.094929, 37.256574], [137.09487, 37.256796], [137.094763, 37.256794], [137.09474, 37.25659]]], [[[137.09435, 37.256084], [137.094609, 37.256119], [137.09482, 37.25636], [137.094701, 37.256389], [137.09435, 37.256084]]], [[[137.091454, 37.254118], [137.091606, 37.253984], [137.092021, 37.254138], [137.091896, 37.25423], [137.091454, 37.254118]]]]}}]}