{"type": "FeatureCollection", "features": [{"type": "Feature", "properties": {"pref_code": "18", "pref_name": "福井県", "municipality_code": "18201", "municipality_name": "福井市", "ward_name": "", "display_name": "福井市", "geometry_key": "18201"}, "geometry": {"type": "MultiPolygon", "coordinates": [[[[136.269968, 36.104073], [136.267846, 36.104376], [136.264444, 36.10513], [136.263381, 36.105224], [136.261203, 36.105179], [136.258898, 36.104926], [136.256932, 36.104921], [136.256777, 36.105057], [136.256816, 36.105951], [136.256643, 36.106114], [136.255791, 36.10634], [136.254488, 36.10634], [136.253659, 36.106507], [136.255512, 36.11295], [136.255134, 36.113596], [136.254132, 36.114274], [136.254076, 36.114459], [136.254109, 36.118101], [136.254451, 36.118851], [136.255201, 36.11914], [136.25539, 36.119569], [136.254917, 36.119881], [136.254532, 36.120446], [136.254064, 36.123649], [136.251865, 36.1234], [136.251442, 36.122488], [136.25093, 36.12242], [136.250757, 36.122235], [136.250618, 36.121467], [136.250362, 36.121349], [136.249822, 36.121336], [136.249521, 36.121019], [136.249025, 36.120902], [136.248162, 36.12026], [136.248073, 36.118308], [136.246909, 36.118248], [136.245589, 36.118207], [136.245594, 36.12079], [136.242926, 36.120711], [136.238997, 36.119697], [136.238732, 36.120082], [136.238347, 36.119924], [136.238347, 36.119582], [136.237297, 36.119268], [136.237262, 36.118758], [136.234616, 36.118624], [136.233882, 36.118662], [136.23089, 36.119418], [136.230881, 36.120498], [136.23073, 36.120731], [136.23041, 36.120841], [136.227724, 36.120705], [136.216878, 36.120934], [136.215843, 36.120756], [136.209731, 36.120464], [136.20952, 36.120482], [136.206741, 36.122306], [136.204849, 36.121777], [136.203751, 36.1209], [136.200223, 36.12115], [136.199381, 36.121094], [136.198261, 36.121365], [136.197275, 36.121844], [136.194123, 36.123545], [136.193058, 36.124442], [136.193097, 36.124672], [136.194188, 36.124431], [136.194185, 36.126459], [136.193893, 36.127009], [136.192726, 36.127007], [136.192051, 36.127991], [136.191829, 36.128076], [136.191961, 36.129995], [136.191784, 36.130422], [136.190376, 36.130552], [136.188458, 36.130493], [136.181335, 36.133451], [136.177827, 36.133682], [136.177814, 36.135216], [136.177551, 36.136299], [136.176821, 36.137739], [136.176004, 36.138631], [136.174543, 36.139697], [136.169307, 36.142327], [136.168082, 36.143106], [136.166468, 36.144471], [136.165394, 36.145992], [136.164795, 36.147458], [136.164303, 36.149338], [136.163486, 36.154907], [136.162298, 36.158089], [136.161001, 36.160102], [136.160036, 36.161323], [136.159176, 36.1622], [136.157188, 36.163871], [136.153901, 36.165442], [136.151551, 36.166896], [136.149102, 36.165374], [136.148912, 36.165073], [136.149146, 36.164687], [136.148485, 36.164179], [136.148766, 36.163891], [136.14788, 36.163829], [136.147907, 36.163421], [136.139492, 36.163244], [136.139508, 36.162642], [136.139239, 36.162642], [136.139214, 36.163229], [136.138205, 36.163268], [136.13806, 36.168188], [136.13804, 36.168395], [136.137808, 36.168392], [136.137827, 36.169115], [136.139886, 36.169083], [136.139667, 36.169757], [136.139669, 36.170458], [136.139049, 36.172085], [136.138033, 36.172085], [136.138202, 36.170132], [136.138089, 36.169945], [136.136404, 36.169826], [136.135574, 36.169657], [136.13406, 36.168336], [136.134231, 36.168206], [136.13348, 36.16745], [136.133784, 36.167234], [136.132372, 36.165841], [136.13283, 36.165496], [136.131889, 36.164553], [136.131704, 36.16455], [136.131022, 36.163845], [136.130097, 36.164499], [136.129212, 36.163664], [136.129447, 36.163504], [136.128639, 36.16264], [136.129483, 36.162021], [136.130578, 36.162175], [136.130971, 36.160745], [136.129761, 36.160476], [136.130343, 36.158646], [136.127606, 36.158133], [136.127538, 36.158424], [136.125491, 36.157977], [136.125182, 36.158549], [136.125403, 36.158851], [136.126516, 36.159656], [136.125839, 36.160094], [136.12571, 36.159987], [136.125547, 36.160082], [136.126712, 36.161249], [136.12552, 36.162054], [136.125698, 36.16225], [136.125574, 36.162346], [136.126035, 36.162767], [136.125592, 36.163028], [136.122104, 36.164729], [136.120988, 36.165081], [136.119371, 36.165855], [136.114626, 36.167363], [136.107024, 36.169532], [136.105923, 36.16996], [136.10013, 36.172843], [136.097697, 36.169295], [136.094811, 36.165469], [136.090581, 36.16052], [136.095501, 36.157707], [136.095472, 36.156909], [136.0948, 36.155459], [136.094044, 36.154633], [136.093336, 36.153386], [136.090972, 36.150979], [136.089786, 36.150008], [136.089188, 36.149189], [136.087767, 36.148111], [136.086592, 36.14684], [136.086332, 36.146765], [136.084959, 36.145604], [136.084856, 36.145372], [136.082764, 36.143948], [136.08192, 36.143037], [136.080572, 36.142245], [136.076927, 36.138528], [136.074182, 36.136476], [136.072214, 36.135472], [136.070889, 36.134323], [136.070669, 36.134487], [136.070834, 36.134243], [136.069042, 36.133093], [136.068547, 36.132649], [136.068371, 36.13256], [136.068235, 36.132661], [136.068051, 36.13245], [136.067861, 36.13259], [136.067666, 36.132363], [136.067435, 36.132718], [136.067497, 36.132369], [136.067108, 36.132247], [136.066825, 36.132641], [136.066238, 36.13248], [136.065948, 36.132536], [136.06586, 36.132441], [136.066315, 36.131994], [136.065838, 36.132113], [136.065254, 36.13206], [136.0655, 36.132357], [136.065045, 36.132438], [136.064667, 36.132316], [136.064065, 36.131866], [136.063617, 36.132027], [136.063815, 36.132295], [136.063676, 36.132375], [136.063364, 36.131911], [136.063121, 36.131801], [136.062611, 36.131839], [136.061932, 36.13214], [136.061139, 36.132239], [136.060959, 36.132194], [136.060864, 36.131944], [136.060677, 36.131854], [136.060559, 36.132119], [136.060247, 36.132146], [136.059913, 36.131878], [136.059975, 36.131687], [136.06064, 36.131279], [136.061418, 36.131417], [136.061521, 36.131151], [136.061426, 36.130672], [136.061572, 36.130494], [136.061921, 36.130407], [136.061881, 36.12971], [136.061591, 36.129537], [136.061384, 36.129724], [136.061233, 36.129569], [136.061439, 36.129249], [136.060539, 36.12888], [136.060304, 36.129273], [136.06117, 36.129849], [136.061149, 36.129988], [136.060808, 36.130012], [136.060629, 36.129843], [136.060026, 36.129735], [136.059497, 36.129777], [136.059413, 36.129607], [136.058391, 36.129442], [136.058114, 36.129981], [136.057783, 36.129893], [136.057961, 36.129442], [136.056904, 36.129151], [136.056996, 36.128964], [136.05679, 36.12893], [136.056331, 36.130171], [136.056236, 36.129547], [136.056512, 36.129262], [136.05639, 36.128978], [136.056657, 36.128527], [136.056544, 36.128189], [136.055735, 36.128006], [136.055612, 36.128609], [136.055355, 36.128929], [136.055136, 36.129105], [136.054985, 36.129074], [136.055321, 36.128479], [136.054618, 36.129041], [136.054627, 36.128479], [136.05501, 36.127851], [136.054866, 36.127812], [136.054662, 36.127991], [136.054856, 36.127706], [136.054603, 36.12753], [136.054302, 36.127891], [136.053844, 36.128115], [136.053728, 36.128092], [136.053621, 36.127754], [136.054151, 36.127243], [136.053718, 36.127291], [136.053602, 36.126958], [136.053812, 36.126884], [136.05396, 36.126976], [136.05422, 36.126851], [136.053976, 36.126657], [136.054173, 36.126594], [136.054596, 36.126686], [136.054807, 36.126421], [136.05496, 36.125665], [136.054841, 36.125462], [136.054468, 36.125589], [136.054164, 36.125525], [136.054245, 36.124915], [136.05396, 36.124874], [136.053593, 36.125116], [136.053477, 36.125014], [136.053536, 36.124777], [136.054195, 36.124441], [136.054662, 36.123839], [136.054587, 36.12305], [136.053976, 36.122714], [136.053643, 36.122839], [136.054198, 36.122116], [136.054192, 36.121297], [136.053926, 36.120885], [136.053719, 36.120796], [136.053496, 36.120073], [136.05327, 36.119895], [136.052897, 36.119892], [136.05264, 36.119664], [136.052593, 36.119727], [136.052587, 36.11957], [136.052399, 36.119692], [136.051781, 36.119142], [136.051279, 36.119208], [136.051332, 36.118977], [136.051069, 36.119076], [136.050931, 36.118875], [136.050699, 36.11918], [136.05073, 36.118575], [136.050084, 36.118257], [136.050022, 36.118089], [136.049498, 36.118725], [136.049407, 36.118135], [136.049805, 36.117768], [136.049451, 36.117529], [136.049476, 36.117308], [136.049316, 36.117265], [136.049103, 36.11743], [136.04909, 36.117244], [136.048911, 36.117265], [136.048679, 36.117588], [136.048629, 36.11743], [136.048438, 36.117366], [136.049012, 36.116544], [136.049294, 36.11642], [136.049187, 36.115466], [136.048958, 36.115728], [136.049012, 36.115384], [136.048842, 36.115196], [136.048554, 36.115206], [136.048598, 36.115], [136.049394, 36.114163], [136.049436, 36.113977], [136.0491, 36.113479], [136.048529, 36.113509], [136.048429, 36.1134], [136.048579, 36.113087], [136.047927, 36.112685], [136.047874, 36.112476], [136.048181, 36.11208], [136.047842, 36.111869], [136.047541, 36.111861], [136.047864, 36.111553], [136.048284, 36.111482], [136.048227, 36.111362], [136.048742, 36.110039], [136.048652, 36.109726], [136.048441, 36.109658], [136.048451, 36.109482], [136.046864, 36.10821], [136.044961, 36.107457], [136.044619, 36.107419], [136.044421, 36.107543], [136.044477, 36.107388], [136.042781, 36.106498], [136.042166, 36.105582], [136.040734, 36.104813], [136.040567, 36.104966], [136.040357, 36.104646], [136.039799, 36.104651], [136.039473, 36.104844], [136.039322, 36.104559], [136.038839, 36.105096], [136.038729, 36.104882], [136.038501, 36.104887], [136.038566, 36.104587], [136.038218, 36.10448], [136.037657, 36.104839], [136.037437, 36.105126], [136.037186, 36.105167], [136.037315, 36.104602], [136.037832, 36.104243], [136.037441, 36.104198], [136.03761, 36.103974], [136.037212, 36.103679], [136.037246, 36.103559], [136.036578, 36.103111], [136.036384, 36.103391], [136.036243, 36.103401], [136.036387, 36.10289], [136.035616, 36.102546], [136.035195, 36.102218], [136.034712, 36.103002], [136.033925, 36.103795], [136.033931, 36.10349], [136.034323, 36.102994], [136.034301, 36.102689], [136.034581, 36.102702], [136.034662, 36.102579], [136.034562, 36.102439], [136.034863, 36.102221], [136.034938, 36.101984], [136.03486, 36.101396], [136.034427, 36.101325], [136.034204, 36.100699], [136.033627, 36.09987], [136.033471, 36.09831], [136.033232, 36.098234], [136.03292, 36.097676], [136.032196, 36.097119], [136.031292, 36.096931], [136.031077, 36.096764], [136.030866, 36.096802], [136.030715, 36.097229], [136.030378, 36.097389], [136.029953, 36.097252], [136.029928, 36.097051], [136.030454, 36.096795], [136.030547, 36.096317], [136.030096, 36.095771], [136.029331, 36.095647], [136.028851, 36.095292], [136.028661, 36.095384], [136.028666, 36.095661], [136.028413, 36.095825], [136.027866, 36.095767], [136.027891, 36.095162], [136.028371, 36.09519], [136.029082, 36.094729], [136.029394, 36.094268], [136.029718, 36.094323], [136.030138, 36.094104], [136.030807, 36.093414], [136.031115, 36.092694], [136.031203, 36.091523], [136.030909, 36.090785], [136.03045, 36.090119], [136.029861, 36.090054], [136.029701, 36.089928], [136.029882, 36.089757], [136.030732, 36.089679], [136.030829, 36.089013], [136.030686, 36.088945], [136.03085, 36.088911], [136.031031, 36.087921], [136.030899, 36.086434], [136.029979, 36.085184], [136.029657, 36.085153], [136.029768, 36.084867], [136.029471, 36.084769], [136.029281, 36.08485], [136.02898, 36.084272], [136.028561, 36.083924], [136.028492, 36.083377], [136.028644, 36.083453], [136.028969, 36.083304], [136.028848, 36.082875], [136.028499, 36.082448], [136.028153, 36.081677], [136.02752, 36.081099], [136.02696, 36.080324], [136.026722, 36.07976], [136.026839, 36.079544], [136.026552, 36.079162], [136.026781, 36.078761], [136.026411, 36.078259], [136.026462, 36.078012], [136.026089, 36.077103], [136.025643, 36.076792], [136.025283, 36.076901], [136.025104, 36.076707], [136.025152, 36.07657], [136.024937, 36.076472], [136.024612, 36.076026], [136.02454, 36.075616], [136.02474, 36.075532], [136.024792, 36.075004], [136.024678, 36.074931], [136.024944, 36.074146], [136.025221, 36.074171], [136.025809, 36.073854], [136.026456, 36.072823], [136.026366, 36.07258], [136.025477, 36.071432], [136.024557, 36.070647], [136.023841, 36.070753], [136.02398, 36.070888], [136.023662, 36.071183], [136.023333, 36.071427], [136.023191, 36.071303], [136.022514, 36.071921], [136.022407, 36.071452], [136.022029, 36.071909], [136.021919, 36.071755], [136.021971, 36.071446], [136.021805, 36.071446], [136.021632, 36.070978], [136.02158, 36.071371], [136.021338, 36.071446], [136.02122, 36.071272], [136.021355, 36.070882], [136.021106, 36.07033], [136.021165, 36.070027], [136.020954, 36.069718], [136.021051, 36.069423], [136.020889, 36.069235], [136.021183, 36.068986], [136.021338, 36.068528], [136.021044, 36.06834], [136.021291, 36.067981], [136.021, 36.067751], [136.02055, 36.067667], [136.020436, 36.067395], [136.020124, 36.067193], [136.019713, 36.065596], [136.01936, 36.065551], [136.019187, 36.065279], [136.01897, 36.06524], [136.019177, 36.064796], [136.018731, 36.064378], [136.019094, 36.064434], [136.019599, 36.064757], [136.019627, 36.064395], [136.020239, 36.064014], [136.019779, 36.063177], [136.019786, 36.062989], [136.020384, 36.062729], [136.020038, 36.061996], [136.020242, 36.061601], [136.019655, 36.061026], [136.0198, 36.060703], [136.019634, 36.060383], [136.019613, 36.05978], [136.019866, 36.05946], [136.019841, 36.059224], [136.018891, 36.058239], [136.018783, 36.057818], [136.018507, 36.057532], [136.01851, 36.057311], [136.018946, 36.056881], [136.018763, 36.056452], [136.018331, 36.055849], [136.017604, 36.055307], [136.017646, 36.055105], [136.017134, 36.054392], [136.017027, 36.053772], [136.016564, 36.053374], [136.015757, 36.053132], [136.015247, 36.052118], [136.015235, 36.05148], [136.017064, 36.050782], [136.016767, 36.049482], [136.01624, 36.048841], [136.015386, 36.048814], [136.014923, 36.048524], [136.014607, 36.048681], [136.014282, 36.04799], [136.014136, 36.04797], [136.014099, 36.047745], [136.013867, 36.047596], [136.013703, 36.047648], [136.013345, 36.047401], [136.012749, 36.047252], [136.012422, 36.046932], [136.012283, 36.047306], [136.011934, 36.047171], [136.011731, 36.046793], [136.01202, 36.046809], [136.011962, 36.046658], [136.012194, 36.046424], [136.012142, 36.045877], [136.011066, 36.045371], [136.011565, 36.044491], [136.011227, 36.044347], [136.011212, 36.042387], [136.010455, 36.042634], [136.010455, 36.041939], [136.010857, 36.041908], [136.010872, 36.04021], [136.011168, 36.040199], [136.011236, 36.039285], [136.009745, 36.039253], [136.009683, 36.036937], [136.010054, 36.036937], [136.010054, 36.036767], [136.010996, 36.036767], [136.011444, 36.036628], [136.011706, 36.036319], [136.011968, 36.035269], [136.011461, 36.034412], [136.010642, 36.033403], [136.008826, 36.03164], [136.008715, 36.031251], [136.008075, 36.031048], [136.007822, 36.030672], [136.005158, 36.029313], [136.003924, 36.028089], [136.003694, 36.028138], [136.003544, 36.028017], [136.003067, 36.027099], [136.002132, 36.026417], [136.001814, 36.025632], [136.000771, 36.024322], [136.000729, 36.023917], [136.000419, 36.023654], [136.000128, 36.023681], [135.999257, 36.022349], [135.998838, 36.022036], [135.998777, 36.021782], [135.998184, 36.021067], [135.998203, 36.020126], [135.997261, 36.019121], [135.996916, 36.019132], [135.996305, 36.018704], [135.996223, 36.01849], [135.99637, 36.018321], [135.996166, 36.018164], [135.995925, 36.018268], [135.99517, 36.017867], [135.994762, 36.017273], [135.994859, 36.017117], [135.99332, 36.015832], [135.99279, 36.015725], [135.99225, 36.015385], [135.991226, 36.014313], [135.991104, 36.013848], [135.990258, 36.012925], [135.990348, 36.012859], [135.989401, 36.012319], [135.989135, 36.012274], [135.98905, 36.012398], [135.987066, 36.010546], [135.986235, 36.010012], [135.986058, 36.009584], [135.985596, 36.00907], [135.985129, 36.008912], [135.984579, 36.008529], [135.982766, 36.008755], [135.982336, 36.008917], [135.981624, 36.008285], [135.980384, 36.006549], [135.979999, 36.006224], [135.980023, 36.006015], [135.979826, 36.005955], [135.979742, 36.005651], [135.97918, 36.005215], [135.978417, 36.004899], [135.977476, 36.004668], [135.976042, 36.004096], [135.975252, 36.004814], [135.974906, 36.004721], [135.974784, 36.004836], [135.974499, 36.004836], [135.974342, 36.004666], [135.974025, 36.004769], [135.973722, 36.00457], [135.973675, 36.004814], [135.973411, 36.004722], [135.97326, 36.004369], [135.973588, 36.004155], [135.973759, 36.004253], [135.973842, 36.004183], [135.973727, 36.00401], [135.973464, 36.004019], [135.973396, 36.003885], [135.97357, 36.003633], [135.973009, 36.003046], [135.972767, 36.002341], [135.972317, 36.002082], [135.972185, 36.00162], [135.970149, 36.001118], [135.969858, 36.001118], [135.969248, 36.001462], [135.968389, 36.001321], [135.968168, 36.001129], [135.967897, 36.001327], [135.967814, 36.00096], [135.96805, 36.000561], [135.967593, 36.0002], [135.967953, 36.000053], [135.967724, 35.999676], [135.967475, 35.999608], [135.967614, 35.999445], [135.967392, 35.999242], [135.967482, 35.999039], [135.967329, 35.998881], [135.966844, 35.998554], [135.966602, 35.998481], [135.966318, 35.998566], [135.965847, 35.99829], [135.965792, 35.998211], [135.966, 35.998092], [135.965799, 35.998064], [135.965847, 35.997827], [135.965508, 35.997805], [135.965342, 35.99798], [135.965057, 35.997743], [135.964815, 35.997788], [135.964212, 35.99763], [135.966334, 35.996008], [135.966519, 35.99573], [135.966797, 35.994564], [135.968132, 35.993843], [135.969355, 35.992272], [135.969836, 35.991866], [135.970856, 35.991685], [135.971616, 35.991226], [135.972941, 35.991219], [135.973728, 35.991039], [135.975656, 35.989918], [135.97649, 35.990069], [135.977259, 35.989926], [135.977741, 35.989986], [135.978556, 35.9894], [135.979372, 35.989069], [135.980094, 35.98919], [135.980975, 35.989002], [135.982485, 35.988926], [135.982439, 35.988069], [135.982587, 35.987987], [135.983699, 35.988227], [135.983931, 35.988002], [135.984802, 35.988115], [135.985562, 35.987784], [135.985562, 35.987573], [135.985932, 35.987182], [135.984802, 35.986942], [135.984431, 35.986589], [135.984311, 35.986318], [135.984394, 35.986002], [135.984959, 35.985634], [135.984552, 35.985416], [135.984061, 35.984882], [135.985747, 35.984641], [135.986804, 35.984017], [135.989657, 35.984416], [135.98975, 35.984371], [135.989722, 35.983656], [135.990723, 35.982845], [135.991965, 35.982815], [135.992873, 35.982619], [135.994189, 35.982822], [135.996338, 35.982732], [135.997669, 35.983905], [135.998769, 35.9846], [135.999164, 35.984718], [136.000041, 35.984571], [136.000747, 35.984663], [136.002392, 35.986444], [136.003384, 35.98647], [136.004987, 35.986053], [136.006259, 35.986352], [136.007175, 35.986308], [136.007865, 35.98671], [136.008194, 35.987281], [136.008794, 35.987756], [136.007955, 35.988023], [136.00749, 35.988406], [136.005579, 35.989197], [136.004619, 35.990085], [136.004034, 35.991015], [136.004124, 35.992298], [136.003734, 35.993928], [136.002482, 35.996871], [136.003509, 35.997285], [136.004671, 35.99945], [136.003854, 36.000411], [136.003802, 36.002703], [136.003267, 36.003628], [136.003519, 36.004276], [136.00353, 36.005571], [136.004131, 36.005979], [136.004732, 36.006662], [136.006077, 36.007229], [136.005454, 36.007957], [136.005792, 36.008852], [136.005629, 36.009385], [136.005705, 36.009997], [136.005989, 36.010209], [136.0067, 36.010298], [136.008394, 36.011239], [136.00893, 36.011381], [136.010329, 36.011425], [136.010045, 36.012312], [136.011182, 36.013279], [136.011729, 36.014237], [136.0121, 36.014414], [136.013074, 36.014411], [136.01268, 36.013798], [136.013252, 36.013216], [136.013522, 36.012568], [136.013808, 36.012345], [136.015604, 36.011929], [136.016106, 36.011635], [136.016489, 36.011084], [136.016678, 36.010094], [136.017288, 36.009412], [136.017569, 36.008886], [136.017838, 36.008711], [136.018674, 36.008492], [136.019748, 36.007065], [136.020374, 36.006566], [136.020936, 36.006229], [136.021836, 36.005962], [136.022819, 36.00534], [136.023461, 36.004001], [136.02424, 36.003249], [136.024671, 36.001406], [136.025181, 36.000844], [136.025508, 35.999628], [136.026503, 35.999244], [136.026692, 35.999066], [136.027139, 35.997395], [136.028317, 35.996179], [136.028265, 35.994955], [136.029664, 35.99644], [136.029148, 35.997022], [136.029167, 35.997446], [136.028959, 35.997926], [136.029589, 35.998346], [136.03013, 35.999224], [136.030672, 35.999766], [136.031277, 35.999981], [136.031887, 35.99996], [136.032517, 35.999715], [136.033027, 35.999286], [136.03309, 35.998969], [136.032687, 35.997569], [136.032612, 35.996915], [136.032719, 35.996838], [136.03464, 35.998177], [136.035433, 35.998662], [136.036182, 35.998882], [136.036806, 35.999383], [136.038468, 35.999756], [136.039004, 36.000415], [136.03947, 36.000681], [136.042165, 36.001616], [136.042977, 36.001514], [136.043884, 36.001897], [136.046317, 36.003341], [136.046734, 36.003795], [136.047554, 36.004293], [136.047655, 36.00479], [136.047539, 36.005478], [136.048548, 36.006769], [136.048211, 36.007489], [136.048282, 36.007894], [136.049338, 36.009667], [136.049734, 36.009878], [136.050417, 36.00985], [136.050843, 36.009976], [136.051114, 36.010737], [136.052052, 36.011662], [136.052354, 36.011649], [136.052715, 36.011242], [136.053397, 36.010868], [136.053653, 36.010847], [136.054089, 36.011295], [136.055199, 36.011495], [136.056112, 36.012089], [136.056132, 36.013225], [136.055364, 36.014231], [136.055058, 36.015069], [136.055389, 36.015639], [136.055796, 36.015843], [136.055565, 36.016694], [136.056478, 36.017911], [136.05569, 36.018681], [136.055981, 36.01934], [136.056097, 36.020179], [136.056864, 36.020501], [136.056478, 36.021066], [136.05713, 36.022825], [136.056839, 36.023859], [136.05721, 36.024963], [136.057014, 36.025696], [136.05716, 36.026828], [136.057707, 36.027101], [136.05867, 36.027271], [136.05869, 36.027874], [136.059016, 36.028021], [136.060261, 36.028057], [136.061129, 36.027801], [136.062323, 36.028017], [136.063602, 36.027772], [136.064134, 36.027043], [136.065168, 36.026807], [136.065639, 36.026828], [136.066221, 36.026474], [136.066563, 36.026425], [136.067401, 36.02673], [136.068183, 36.026641], [136.068404, 36.02671], [136.068835, 36.027084], [136.069513, 36.027329], [136.070461, 36.028025], [136.072147, 36.028119], [136.072538, 36.028078], [136.072629, 36.027952], [136.072052, 36.027186], [136.072448, 36.026136], [136.072694, 36.0259], [136.072554, 36.025436], [136.072701, 36.024988], [136.071941, 36.024491], [136.071814, 36.024123], [136.072006, 36.023749], [136.073479, 36.022655], [136.074191, 36.022593], [136.074459, 36.022446], [136.074992, 36.021963], [136.075284, 36.021212], [136.075484, 36.021056], [136.07644, 36.020824], [136.078156, 36.020841], [136.078813, 36.020721], [136.081744, 36.019099], [136.081623, 36.018581], [136.0813, 36.018167], [136.080784, 36.01702], [136.080629, 36.015912], [136.080409, 36.015346], [136.080561, 36.014628], [136.081286, 36.014191], [136.081933, 36.014232], [136.083966, 36.015198], [136.086786, 36.015739], [136.088224, 36.014408], [136.088496, 36.014255], [136.088981, 36.014204], [136.089686, 36.013557], [136.091079, 36.013395], [136.091436, 36.012951], [136.092437, 36.012681], [136.092541, 36.012541], [136.092345, 36.011905], [136.092379, 36.010945], [136.09328, 36.009909], [136.094904, 36.0096], [136.09671, 36.009602], [136.097146, 36.009477], [136.097352, 36.009281], [136.097356, 36.008001], [136.096878, 36.006591], [136.096541, 36.005997], [136.096861, 36.005017], [136.097036, 36.00488], [136.098082, 36.004688], [136.099035, 36.00411], [136.099331, 36.004124], [136.099898, 36.004512], [136.10071, 36.004819], [136.101051, 36.004827], [136.102409, 36.004222], [136.104274, 36.003602], [136.105574, 36.003368], [136.107696, 36.00377], [136.109071, 36.002959], [136.109457, 36.002355], [136.110092, 36.002266], [136.112593, 36.002855], [136.113641, 36.002661], [136.114993, 36.002743], [136.115903, 36.002557], [136.116381, 36.002341], [136.117549, 36.002549], [136.119048, 36.001691], [136.119986, 36.001512], [136.120841, 36.00105], [136.121494, 36.001169], [136.122109, 36.001711], [136.122377, 36.002349], [136.122816, 36.002592], [136.124481, 36.002977], [136.126368, 36.002965], [136.127034, 36.003465], [136.128091, 36.003876], [136.128667, 36.003354], [136.129314, 36.002491], [136.130951, 36.002077], [136.130975, 36.001552], [136.132021, 36.000412], [136.132516, 35.999551], [136.133961, 35.997854], [136.135063, 35.996746], [136.135941, 35.996228], [136.136253, 35.993702], [136.137538, 35.992886], [136.138377, 35.99284], [136.139159, 35.992555], [136.139734, 35.992542], [136.141179, 35.992206], [136.155224, 35.992287], [136.156214, 35.992468], [136.156454, 35.993044], [136.158218, 35.993433], [136.158585, 35.993699], [136.159184, 35.99377], [136.159799, 35.993602], [136.160797, 35.993673], [136.159942, 35.995616], [136.157436, 35.995499], [136.159008, 35.998207], [136.160621, 35.99787], [136.160533, 35.996886], [136.163081, 35.996769], [136.163695, 35.996465], [136.164454, 35.996691], [136.165915, 35.996257], [136.166178, 35.996024], [136.166881, 35.996931], [136.167599, 35.997547], [136.168278, 35.997877], [136.169412, 35.997877], [136.169987, 35.99822], [136.171727, 35.998544], [136.172534, 35.999101], [136.173564, 35.999218], [136.175999, 35.999807], [136.176749, 36.000105], [136.177005, 36.000351], [136.177204, 36.001135], [136.177508, 36.001356], [136.177771, 36.001381], [136.178809, 36.000818], [136.179863, 36.000416], [136.180286, 35.999471], [136.180686, 35.99914], [136.180422, 35.998467], [136.179736, 35.997838], [136.179337, 35.996886], [136.179808, 35.994457], [136.180447, 35.994121], [136.181166, 35.993233], [136.183058, 35.99335], [136.184231, 35.99256], [136.184958, 35.992443], [136.18507, 35.992294], [136.185274, 35.990139], [136.185477, 35.989924], [136.185754, 35.990054], [136.18619, 35.98972], [136.185053, 35.989152], [136.185164, 35.988943], [136.189381, 35.99107], [136.189693, 35.991083], [136.190228, 35.990856], [136.190491, 35.990532], [136.190525, 35.990093], [136.190997, 35.990008], [136.190909, 35.990398], [136.192176, 35.990137], [136.192296, 35.989749], [136.19311, 35.989509], [136.192879, 35.98914], [136.193789, 35.989042], [136.194707, 35.990785], [136.19525, 35.990571], [136.195649, 35.990604], [136.19838, 35.98949], [136.198396, 35.989257], [136.20638, 35.985733], [136.206021, 35.984833], [136.205454, 35.984982], [136.204001, 35.981562], [136.204488, 35.981341], [136.204257, 35.980745], [136.205015, 35.980525], [136.204448, 35.979314], [136.204871, 35.979055], [136.204776, 35.978686], [136.204528, 35.978672], [136.204033, 35.978206], [136.203953, 35.977325], [136.203506, 35.977131], [136.203993, 35.976367], [136.203857, 35.975317], [136.20183, 35.975356], [136.201997, 35.974482], [136.201678, 35.974255], [136.203386, 35.973342], [136.204225, 35.973601], [136.205159, 35.972558], [136.20563, 35.971237], [136.207435, 35.970816], [136.207586, 35.97088], [136.207794, 35.972649], [136.207738, 35.973478], [136.208624, 35.974488], [136.208592, 35.975032], [136.208936, 35.975421], [136.208872, 35.976004], [136.209494, 35.976561], [136.209622, 35.977092], [136.209941, 35.977371], [136.210484, 35.97741], [136.213151, 35.978297], [136.214397, 35.979521], [136.215219, 35.980701], [136.214899, 35.982961], [136.214971, 35.983162], [136.215171, 35.983376], [136.21874, 35.984639], [136.218939, 35.984833], [136.219131, 35.985416], [136.219171, 35.986148], [136.219953, 35.987904], [136.220856, 35.988007], [136.221518, 35.988234], [136.222261, 35.989322], [136.223235, 35.98962], [136.223826, 35.990456], [136.224848, 35.989918], [136.226293, 35.989529], [136.226732, 35.989516], [136.227674, 35.98962], [136.22884, 35.990145], [136.229207, 35.990346], [136.229535, 35.990812], [136.230381, 35.990618], [136.23209, 35.990669], [136.232204, 35.990106], [136.233655, 35.988474], [136.234664, 35.988066], [136.234789, 35.987479], [136.235795, 35.986924], [136.236463, 35.986051], [136.236604, 35.985235], [136.236777, 35.984986], [136.237687, 35.984224], [136.238877, 35.98346], [136.239955, 35.983512], [136.24037, 35.983396], [136.243061, 35.982275], [136.243795, 35.982314], [136.244714, 35.982107], [136.245201, 35.981731], [136.247097, 35.981307], [136.247594, 35.980966], [136.247961, 35.981094], [136.248754, 35.981689], [136.249183, 35.981769], [136.250545, 35.981332], [136.251804, 35.980331], [136.253313, 35.980073], [136.254413, 35.979345], [136.256252, 35.980009], [136.258946, 35.97987], [136.259191, 35.980024], [136.25938, 35.980416], [136.260303, 35.979984], [136.260706, 35.979558], [136.26238, 35.978869], [136.263119, 35.978908], [136.264182, 35.979478], [136.264439, 35.979483], [136.266156, 35.978834], [136.266657, 35.978234], [136.267091, 35.977986], [136.271129, 35.977971], [136.271312, 35.977793], [136.271245, 35.977144], [136.271367, 35.976648], [136.272339, 35.97582], [136.273573, 35.97525], [136.273921, 35.974898], [136.274844, 35.972155], [136.278968, 35.971909], [136.279646, 35.971567], [136.28085, 35.971547], [136.282384, 35.971696], [136.283239, 35.972325], [136.284057, 35.973188], [136.284821, 35.973694], [136.285781, 35.9735], [136.287161, 35.972682], [136.287546, 35.972647], [136.289514, 35.973624], [136.28988, 35.973922], [136.290442, 35.973966], [136.291799, 35.973421], [136.292966, 35.972325], [136.293833, 35.971795], [136.294462, 35.971497], [136.296852, 35.970784], [136.297163, 35.970481], [136.297285, 35.969519], [136.297517, 35.969247], [136.298776, 35.969113], [136.299607, 35.96886], [136.300242, 35.968523], [136.301514, 35.965891], [136.302296, 35.965063], [136.303169, 35.964503], [136.30378, 35.964439], [136.305064, 35.964697], [136.305766, 35.964617], [136.306432, 35.964811], [136.30708, 35.964711], [136.308076, 35.965207], [136.309181, 35.965232], [136.310129, 35.965703], [136.310825, 35.965807], [136.311314, 35.966045], [136.312438, 35.966114], [136.313122, 35.965966], [136.313385, 35.965738], [136.313477, 35.965306], [136.314595, 35.964434], [136.315817, 35.964107], [136.317717, 35.964211], [136.317289, 35.963373], [136.317412, 35.962427], [136.317222, 35.961792], [136.318145, 35.960776], [136.31831, 35.960235], [136.3182, 35.958887], [136.317754, 35.95794], [136.318182, 35.958039], [136.320485, 35.957776], [136.321432, 35.957132], [136.322428, 35.956964], [136.323057, 35.956726], [136.323192, 35.956354], [136.323002, 35.95568], [136.323015, 35.954639], [136.322746, 35.953791], [136.322807, 35.953246], [136.322569, 35.95274], [136.322655, 35.952289], [136.322936, 35.951858], [136.32318, 35.951709], [136.323571, 35.951694], [136.324744, 35.951863], [136.32541, 35.951481], [136.326302, 35.951437], [136.32698, 35.951015], [136.327689, 35.950772], [136.32786, 35.950351], [136.328099, 35.950286], [136.328459, 35.950351], [136.329003, 35.950668], [136.329217, 35.951679], [136.329479, 35.951972], [136.329742, 35.952061], [136.330365, 35.951754], [136.330665, 35.951739], [136.33284, 35.95223], [136.333078, 35.951898], [136.33284, 35.951457], [136.333035, 35.951174], [136.333359, 35.951075], [136.334416, 35.95111], [136.336047, 35.951412], [136.336457, 35.951279], [136.335913, 35.948621], [136.335125, 35.947779], [136.334917, 35.946747], [136.334227, 35.945984], [136.333586, 35.945518], [136.333011, 35.944611], [136.331502, 35.942801], [136.331667, 35.942217], [136.331606, 35.941508], [136.332022, 35.940546], [136.333171, 35.9401], [136.333403, 35.939569], [136.333947, 35.939336], [136.334075, 35.939034], [136.333983, 35.938384], [136.333446, 35.937433], [136.333372, 35.936967], [136.333525, 35.936293], [136.334161, 35.935118], [136.333501, 35.934017], [136.333971, 35.933407], [136.333611, 35.932783], [136.333935, 35.932074], [136.334002, 35.931311], [136.334301, 35.930736], [136.334375, 35.93027], [136.333697, 35.929546], [136.333736, 35.928673], [136.335786, 35.928589], [136.336782, 35.929368], [136.338346, 35.929616], [136.339, 35.93027], [136.339372, 35.931841], [136.339727, 35.93205], [136.340656, 35.932159], [136.341492, 35.932808], [136.341786, 35.932798], [136.341908, 35.932684], [136.342299, 35.931931], [136.343539, 35.931401], [136.343747, 35.931381], [136.344297, 35.931708], [136.345452, 35.931391], [136.345996, 35.931822], [136.346741, 35.932114], [136.347266, 35.93264], [136.348152, 35.932972], [136.349026, 35.933577], [136.349051, 35.933864], [136.349228, 35.933979], [136.350144, 35.934281], [136.350486, 35.935327], [136.351109, 35.935966], [136.350315, 35.936769], [136.350407, 35.938941], [136.351677, 35.941142], [136.352014, 35.942044], [136.353223, 35.943358], [136.354757, 35.944567], [136.356498, 35.945604], [136.357249, 35.946575], [136.3583, 35.947542], [136.359632, 35.947254], [136.36174, 35.947651], [136.364178, 35.947701], [136.366097, 35.948172], [136.367007, 35.947894], [136.367209, 35.948013], [136.367203, 35.94839], [136.367343, 35.948603], [136.367991, 35.948841], [136.369848, 35.948574], [136.370593, 35.94902], [136.372501, 35.949249], [136.374061, 35.950509], [136.375091, 35.950771], [136.375556, 35.951754], [136.377407, 35.951526], [136.379117, 35.951485], [136.379565, 35.951189], [136.380503, 35.951559], [136.381358, 35.951654], [136.382728, 35.951209], [136.383296, 35.951174], [136.38443, 35.951411], [136.386265, 35.952361], [136.386962, 35.952361], [136.387858, 35.952604], [136.389353, 35.952294], [136.39054, 35.951863], [136.390872, 35.951661], [136.39088, 35.951209], [136.391038, 35.951061], [136.391619, 35.951054], [136.392018, 35.9509], [136.393263, 35.950125], [136.394118, 35.950543], [136.395181, 35.950624], [136.397737, 35.949566], [136.399364, 35.948522], [136.400037, 35.948286], [136.401988, 35.948495], [136.403424, 35.94799], [136.403714, 35.948004], [136.4054, 35.948731], [136.406304, 35.948482], [136.406744, 35.94898], [136.407118, 35.949021], [136.407508, 35.94867], [136.408828, 35.948166], [136.409725, 35.94698], [136.410264, 35.946946], [136.411244, 35.946414], [136.41263, 35.945929], [136.412746, 35.945061], [136.413377, 35.944663], [136.413776, 35.94403], [136.415644, 35.943599], [136.417379, 35.942966], [136.417893, 35.942205], [136.418449, 35.941747], [136.418458, 35.941289], [136.418624, 35.941006], [136.419877, 35.940831], [136.421313, 35.941006], [136.421454, 35.940906], [136.42167, 35.94003], [136.422309, 35.939646], [136.423015, 35.938797], [136.424211, 35.938703], [136.424833, 35.938521], [136.425945, 35.938508], [136.426792, 35.938016], [136.429324, 35.938326], [136.430129, 35.93805], [136.431209, 35.937868], [136.431715, 35.937201], [136.432387, 35.936716], [136.434355, 35.936198], [136.435226, 35.936265], [136.435899, 35.935908], [136.436447, 35.934938], [136.436521, 35.934346], [136.437451, 35.933632], [136.438514, 35.933194], [136.4398, 35.932258], [136.439634, 35.93046], [136.439211, 35.929046], [136.438754, 35.928311], [136.438746, 35.927685], [136.440091, 35.927079], [136.441095, 35.926392], [136.444026, 35.925611], [136.444308, 35.925348], [136.444183, 35.924601], [136.446143, 35.922897], [136.446367, 35.922823], [136.447795, 35.92353], [136.449704, 35.923328], [136.450659, 35.923039], [136.451837, 35.922399], [136.452061, 35.921624], [136.452253, 35.921456], [136.453298, 35.921092], [136.455714, 35.920661], [136.456486, 35.920399], [136.457366, 35.920998], [136.458927, 35.921429], [136.45935, 35.921301], [136.459915, 35.920776], [136.460523, 35.920553], [136.461309, 35.920675], [136.462372, 35.92153], [136.463542, 35.921389], [136.464289, 35.921146], [136.466091, 35.921106], [136.466996, 35.921227], [136.467178, 35.921584], [136.465958, 35.923207], [136.464837, 35.924406], [136.464613, 35.924897], [136.46321, 35.92609], [136.4616, 35.927039], [136.460404, 35.927066], [136.458894, 35.927416], [136.457657, 35.927861], [136.45676, 35.928507], [136.455573, 35.928608], [136.454926, 35.928857], [136.453954, 35.929605], [136.45383, 35.930198], [136.45329, 35.931316], [136.453523, 35.931619], [136.454809, 35.931834], [136.457076, 35.931208], [136.457657, 35.93143], [136.457923, 35.932043], [136.458495, 35.932265], [136.461201, 35.932824], [136.463086, 35.932562], [136.463451, 35.932602], [136.464074, 35.932797], [136.464414, 35.933047], [136.463924, 35.933417], [136.463343, 35.934212], [136.46321, 35.935525], [136.462621, 35.936003], [136.462521, 35.936602], [136.462289, 35.936885], [136.462256, 35.93735], [136.461492, 35.938831], [136.462173, 35.940206], [136.461591, 35.94069], [136.461293, 35.9416], [136.461824, 35.943431], [136.461998, 35.944987], [136.462397, 35.945553], [136.463177, 35.94622], [136.463202, 35.946893], [136.463741, 35.947385], [136.464679, 35.948981], [136.465269, 35.949452], [136.465501, 35.950146], [136.465426, 35.950624], [136.464173, 35.952173], [136.463899, 35.952375], [136.463409, 35.952456], [136.462596, 35.953028], [136.462123, 35.953251], [136.460562, 35.953426], [136.459989, 35.953594], [136.458819, 35.954328], [136.456818, 35.954422], [136.456362, 35.954551], [136.455664, 35.954975], [136.455282, 35.955426], [136.455407, 35.956726], [136.454386, 35.959224], [136.45466, 35.96008], [136.45456, 35.961413], [136.455764, 35.963824], [136.455697, 35.965104], [136.456054, 35.96567], [136.457017, 35.966666], [136.45715, 35.967091], [136.456818, 35.96765], [136.456311, 35.969252], [136.454477, 35.970956], [136.454045, 35.971266], [136.453398, 35.97134], [136.453265, 35.971448], [136.453281, 35.971987], [136.452949, 35.972553], [136.452775, 35.973253], [136.452169, 35.973967], [136.452144, 35.974156], [136.452335, 35.975482], [136.452218, 35.97819], [136.452351, 35.979463], [136.45128, 35.980459], [136.450699, 35.980561], [136.449545, 35.981456], [136.449379, 35.981753], [136.449313, 35.982392], [136.448715, 35.982931], [136.448508, 35.983827], [136.448707, 35.984433], [136.448649, 35.985383], [136.448798, 35.985544], [136.450599, 35.986076], [136.452218, 35.98677], [136.452882, 35.987228], [136.453298, 35.988622], [136.455115, 35.989916], [136.455339, 35.990232], [136.455522, 35.99106], [136.456319, 35.992064], [136.453413, 35.994913], [136.452774, 35.995324], [136.451911, 35.996287], [136.451546, 35.997041], [136.452011, 35.997358], [136.452733, 35.99822], [136.453629, 36.000153], [136.454725, 36.000961], [136.455024, 36.001608], [136.455348, 36.001971], [136.454302, 36.002409], [136.452825, 36.003993], [136.452354, 36.004982], [136.452686, 36.005959], [136.452015, 36.00665], [136.451287, 36.007796], [136.4502, 36.008639], [136.44894, 36.010122], [136.449771, 36.011364], [136.450429, 36.011937], [136.450588, 36.012516], [136.455062, 36.013921], [136.456676, 36.01523], [136.457368, 36.015578], [136.457604, 36.015836], [136.457832, 36.016454], [136.457064, 36.017567], [136.456683, 36.017893], [136.455637, 36.017921], [136.454356, 36.01814], [136.453068, 36.018016], [136.452188, 36.018252], [136.451454, 36.01855], [136.450249, 36.019628], [136.449307, 36.020207], [136.448317, 36.020561], [136.447112, 36.020662], [136.446613, 36.020859], [136.446135, 36.021229], [136.445463, 36.022033], [136.445553, 36.023066], [136.444771, 36.024566], [136.445027, 36.025229], [136.444951, 36.025533], [136.443573, 36.026336], [136.442811, 36.026949], [136.442222, 36.029134], [136.442354, 36.029696], [136.442278, 36.030347], [136.441938, 36.03114], [136.441017, 36.032359], [136.43975, 36.032797], [136.439674, 36.033786], [136.439486, 36.034101], [136.438261, 36.03528], [136.438143, 36.035629], [136.437637, 36.036129], [136.437138, 36.036409], [136.43432, 36.039853], [136.434036, 36.040022], [136.433059, 36.040241], [136.432761, 36.040466], [136.432644, 36.041235], [136.432955, 36.041966], [136.432001, 36.043323], [136.430382, 36.042788], [136.429715, 36.042656], [136.429022, 36.04269], [136.428822, 36.041774], [136.428586, 36.041322], [136.427541, 36.040581], [136.426564, 36.040351], [136.42586, 36.039849], [136.425603, 36.039793], [136.424558, 36.040372], [136.424065, 36.04047], [136.423429, 36.040526], [136.421911, 36.040253], [136.42156, 36.040338], [136.420509, 36.041016], [136.41875, 36.041437], [136.418393, 36.041386], [136.4177, 36.041505], [136.416944, 36.041782], [136.416351, 36.042178], [136.415138, 36.042127], [136.413888, 36.042472], [136.4133, 36.042493], [136.412239, 36.04326], [136.411572, 36.043209], [136.411234, 36.043307], [136.410632, 36.044214], [136.409561, 36.044819], [136.409025, 36.044951], [136.408642, 36.045573], [136.407608, 36.045922], [136.405796, 36.045666], [136.405171, 36.045914], [136.402498, 36.046229], [136.401858, 36.046552], [136.399621, 36.046774], [136.397273, 36.046714], [136.395782, 36.047144], [136.395656, 36.047051], [136.394427, 36.047034], [136.392437, 36.047643], [136.390599, 36.047856], [136.38977, 36.047805], [136.38926, 36.047651], [136.388383, 36.04769], [136.386766, 36.047272], [136.385784, 36.047149], [136.384855, 36.047183], [136.384288, 36.047081], [136.383442, 36.046403], [136.382985, 36.045836], [136.382187, 36.045526], [136.381268, 36.044678], [136.378837, 36.043272], [136.377897, 36.041943], [136.37764, 36.041756], [136.376968, 36.041675], [136.376432, 36.041274], [136.375823, 36.040069], [136.375954, 36.039724], [136.375739, 36.039524], [136.374269, 36.039004], [136.371899, 36.037091], [136.371758, 36.036896], [136.371711, 36.036339], [136.371024, 36.035447], [136.370253, 36.034957], [136.369899, 36.034467], [136.368197, 36.033614], [136.367556, 36.033513], [136.366104, 36.034214], [136.363729, 36.03459], [136.363292, 36.034564], [136.362511, 36.034286], [136.361751, 36.034404], [136.3601, 36.033905], [136.359335, 36.034822], [136.3587, 36.035029], [136.357554, 36.03587], [136.356737, 36.036144], [136.355097, 36.036034], [136.353779, 36.036326], [136.353347, 36.036119], [136.352347, 36.036516], [136.350874, 36.036537], [136.350171, 36.037082], [136.348812, 36.037416], [136.348344, 36.037429], [136.347942, 36.037602], [136.347536, 36.038413], [136.346578, 36.038971], [136.346068, 36.03963], [136.3465, 36.040931], [136.346328, 36.041717], [136.346037, 36.04181], [136.345901, 36.041991], [136.346167, 36.042527], [136.345677, 36.043343], [136.345459, 36.044002], [136.344563, 36.044433], [136.34399, 36.045658], [136.34398, 36.045894], [136.344417, 36.046727], [136.344334, 36.047116], [136.344037, 36.047559], [136.343204, 36.04783], [136.34285, 36.048932], [136.341996, 36.049638], [136.341934, 36.050669], [136.34046, 36.053132], [136.338867, 36.052662], [136.338112, 36.052844], [136.336764, 36.052523], [136.335446, 36.052612], [136.335056, 36.052307], [136.334602, 36.051315], [136.333161, 36.050601], [136.331781, 36.050254], [136.331197, 36.050305], [136.330932, 36.050212], [136.330557, 36.049929], [136.330474, 36.049414], [136.330182, 36.049084], [136.328688, 36.048307], [136.327324, 36.048712], [136.326142, 36.048458], [136.325241, 36.048556], [136.324356, 36.048408], [136.32396, 36.049029], [136.323601, 36.049105], [136.323101, 36.048982], [136.322409, 36.049557], [136.322174, 36.049616], [136.321274, 36.048167], [136.320264, 36.047651], [136.319717, 36.045987], [136.319759, 36.04499], [136.320082, 36.044335], [136.319915, 36.04406], [136.319196, 36.043519], [136.318717, 36.042526], [136.318587, 36.041918], [136.318213, 36.041669], [136.317395, 36.041517], [136.316963, 36.041267], [136.316036, 36.041453], [136.315115, 36.041229], [136.314578, 36.041407], [136.313657, 36.041132], [136.313349, 36.041698], [136.313079, 36.041918], [136.312287, 36.042201], [136.310673, 36.042315], [136.309445, 36.04267], [136.306837, 36.044427], [136.304692, 36.044435], [136.304337, 36.044638], [136.30414, 36.045077], [136.303937, 36.045213], [136.302817, 36.045348], [136.301875, 36.045107], [136.30112, 36.045491], [136.300303, 36.04555], [136.299532, 36.045863], [136.298356, 36.046091], [136.297445, 36.04607], [136.297153, 36.046281], [136.296684, 36.047523], [136.296632, 36.048347], [136.297371, 36.048997], [136.297033, 36.049669], [136.294659, 36.049665], [136.293977, 36.049475], [136.293665, 36.049496], [136.293368, 36.049749], [136.292816, 36.051101], [136.291915, 36.052402], [136.290937, 36.053133], [136.288885, 36.054282], [136.288495, 36.055178], [136.288406, 36.055871], [136.287282, 36.055634], [136.286444, 36.056082], [136.286501, 36.056821], [136.286344, 36.057519], [136.286698, 36.059048], [136.286501, 36.060468], [136.286271, 36.060894], [136.28636, 36.061642], [136.285699, 36.062618], [136.284751, 36.062939], [136.284475, 36.063205], [136.284402, 36.063687], [136.284569, 36.06397], [136.284558, 36.065271], [136.284287, 36.065972], [136.284256, 36.066721], [136.283668, 36.06746], [136.283918, 36.068423], [136.284558, 36.068782], [136.284121, 36.069112], [136.283845, 36.069661], [136.283434, 36.069948], [136.283329, 36.070899], [136.283506, 36.071702], [136.282965, 36.072526], [136.282455, 36.072859], [136.281601, 36.073041], [136.281413, 36.073176], [136.281424, 36.073793], [136.281632, 36.074089], [136.283412, 36.075504], [136.284069, 36.075635], [136.284636, 36.075982], [136.285224, 36.076049], [136.285839, 36.075842], [136.288416, 36.075737], [136.288801, 36.075809], [136.289415, 36.076147], [136.290139, 36.07667], [136.291159, 36.077997], [136.291889, 36.078234], [136.292258, 36.078606], [136.292893, 36.080388], [136.292742, 36.080604], [136.292794, 36.080828], [136.293221, 36.081457], [136.294356, 36.082036], [136.293956, 36.082239], [136.292269, 36.082602], [136.292253, 36.08291], [136.287276, 36.08275], [136.28714, 36.084364], [136.28575, 36.084296], [136.285734, 36.085462], [136.283553, 36.085399], [136.283527, 36.085529], [136.283334, 36.0855], [136.283308, 36.08644], [136.283204, 36.086539], [136.283365, 36.086539], [136.283321, 36.088301], [136.283115, 36.088305], [136.283092, 36.0892], [136.282502, 36.089403], [136.282157, 36.089877], [136.282017, 36.090275], [136.282068, 36.090741], [136.281683, 36.090836], [136.281026, 36.090781], [136.278816, 36.090117], [136.278743, 36.091011], [136.280013, 36.091115], [136.279885, 36.092222], [136.280219, 36.092354], [136.280124, 36.093013], [136.281856, 36.093176], [136.281795, 36.093953], [136.282001, 36.093966], [136.282429, 36.094454], [136.288365, 36.094911], [136.28807, 36.098358], [136.281399, 36.098787], [136.280681, 36.103586], [136.280224, 36.103987], [136.27915, 36.104182], [136.278738, 36.104096], [136.277902, 36.103531], [136.277346, 36.102953], [136.269968, 36.104073]]], [[[136.070382, 36.134284], [136.070573, 36.134114], [136.070522, 36.134347], [136.070382, 36.134284]]], [[[136.067913, 36.133], [136.068097, 36.133052], [136.068013, 36.133078], [136.067913, 36.133]]], [[[136.067764, 36.132848], [136.067784, 36.132804], [136.067893, 36.13283], [136.067764, 36.132848]]], [[[136.067212, 36.132776], [136.067316, 36.132772], [136.067276, 36.132836], [136.067212, 36.132776]]], [[[136.068072, 36.132782], [136.068157, 36.13279], [136.068115, 36.132828], [136.068072, 36.132782]]], [[[136.062242, 36.132545], [136.062404, 36.132251], [136.062767, 36.132081], [136.063161, 36.132131], [136.063199, 36.132326], [136.062689, 36.132789], [136.062458, 36.132733], [136.062682, 36.132507], [136.062242, 36.132545]]], [[[136.066276, 36.132756], [136.066483, 36.132665], [136.066448, 36.132766], [136.066276, 36.132756]]], [[[136.065941, 36.13263], [136.066095, 36.132652], [136.06601, 36.132695], [136.065941, 36.13263]]], [[[136.067075, 36.132616], [136.067132, 36.132529], [136.067321, 36.132552], [136.067075, 36.132616]]], [[[136.064483, 36.13244], [136.06454, 36.132419], [136.064588, 36.132481], [136.064483, 36.13244]]], [[[136.063999, 36.132129], [136.064104, 36.132092], [136.064192, 36.132276], [136.063999, 36.132129]]], [[[136.060934, 36.131028], [136.061178, 36.130752], [136.061189, 36.130862], [136.060934, 36.131028]]], [[[136.057253, 36.130386], [136.057467, 36.130424], [136.057667, 36.130282], [136.057788, 36.130406], [136.057293, 36.130586], [136.057253, 36.130386]]], [[[136.060366, 36.130146], [136.060642, 36.130133], [136.060502, 36.130195], [136.060366, 36.130146]]], [[[136.059171, 36.130116], [136.059241, 36.130111], [136.059198, 36.130151], [136.059171, 36.130116]]], [[[136.0535, 36.129942], [136.053686, 36.129941], [136.053726, 36.130048], [136.053546, 36.130083], [136.0535, 36.129942]]], [[[136.059414, 36.129975], [136.059501, 36.129984], [136.059463, 36.130041], [136.059414, 36.129975]]], [[[136.055728, 36.129797], [136.05577, 36.129535], [136.055945, 36.129489], [136.055848, 36.129865], [136.055728, 36.129797]]], [[[136.053679, 36.129218], [136.053791, 36.129186], [136.053726, 36.129263], [136.053679, 36.129218]]], [[[136.054354, 36.128713], [136.054421, 36.128609], [136.054421, 36.128781], [136.054354, 36.128713]]], [[[136.053069, 36.128627], [136.053252, 36.128532], [136.053262, 36.128674], [136.053069, 36.128627]]], [[[136.054195, 36.12853], [136.054285, 36.128508], [136.054248, 36.128564], [136.054195, 36.12853]]], [[[136.054364, 36.128389], [136.054415, 36.128378], [136.054405, 36.128426], [136.054364, 36.128389]]], [[[136.05021, 36.126454], [136.050503, 36.126122], [136.050918, 36.12625], [136.050894, 36.126369], [136.050538, 36.126521], [136.05021, 36.126454]]], [[[136.049602, 36.125505], [136.050157, 36.125173], [136.050836, 36.125102], [136.051439, 36.124817], [136.051742, 36.124836], [136.052029, 36.125439], [136.051988, 36.125629], [136.05124, 36.125899], [136.049971, 36.126027], [136.049619, 36.125785], [136.049602, 36.125505]]], [[[136.053158, 36.125918], [136.053193, 36.125804], [136.053275, 36.125847], [136.053158, 36.125918]]], [[[136.053292, 36.125576], [136.05331, 36.125496], [136.053433, 36.125529], [136.053292, 36.125576]]], [[[136.053164, 36.124656], [136.053345, 36.124547], [136.05331, 36.124675], [136.053164, 36.124656]]], [[[136.052924, 36.124566], [136.052942, 36.12449], [136.05307, 36.124566], [136.05293, 36.124646], [136.052924, 36.124566]]], [[[136.051286, 36.124604], [136.051415, 36.124419], [136.051672, 36.12448], [136.051684, 36.124575], [136.051286, 36.124604]]], [[[136.051703, 36.12373], [136.051707, 36.123681], [136.051786, 36.12373], [136.051703, 36.12373]]], [[[136.053346, 36.12262], [136.0535, 36.122391], [136.05377, 36.122352], [136.053477, 36.122794], [136.053346, 36.12262]]], [[[136.05295, 36.122727], [136.053143, 36.122688], [136.05315, 36.122727], [136.05295, 36.122727]]], [[[136.05366, 36.122077], [136.053844, 36.122027], [136.053841, 36.122085], [136.05366, 36.122077]]], [[[136.053666, 36.121705], [136.053863, 36.12165], [136.05375, 36.12175], [136.053666, 36.121705]]], [[[136.053453, 36.12131], [136.05385, 36.121346], [136.053631, 36.121404], [136.053453, 36.12131]]], [[[136.051058, 36.120486], [136.051212, 36.120195], [136.051246, 36.120354], [136.051058, 36.120486]]], [[[136.049429, 36.120173], [136.049563, 36.120239], [136.049455, 36.120239], [136.049429, 36.120173]]], [[[136.051188, 36.119656], [136.051283, 36.119626], [136.051299, 36.11971], [136.051188, 36.119656]]], [[[136.049, 36.119271], [136.049082, 36.119196], [136.049071, 36.119329], [136.049, 36.119271]]], [[[136.050205, 36.119066], [136.050338, 36.118992], [136.050285, 36.119182], [136.050205, 36.119066]]], [[[136.048937, 36.118866], [136.04903, 36.118851], [136.04897, 36.118917], [136.048937, 36.118866]]], [[[136.048854, 36.118586], [136.048914, 36.118418], [136.049027, 36.118418], [136.048854, 36.118586]]], [[[136.048907, 36.118233], [136.048996, 36.118213], [136.048961, 36.118259], [136.048907, 36.118233]]], [[[136.048046, 36.117141], [136.048164, 36.116867], [136.048358, 36.116819], [136.048283, 36.116958], [136.048445, 36.116958], [136.048287, 36.117221], [136.048046, 36.117141]]], [[[136.046637, 36.116671], [136.046829, 36.116566], [136.046816, 36.116722], [136.046637, 36.116671]]], [[[136.048183, 36.116192], [136.048272, 36.116098], [136.04826, 36.116238], [136.048183, 36.116192]]], [[[136.046412, 36.115198], [136.046613, 36.114917], [136.046921, 36.115291], [136.047261, 36.11499], [136.047421, 36.115032], [136.047046, 36.115549], [136.047133, 36.115653], [136.047278, 36.115527], [136.047244, 36.115679], [136.046769, 36.1161], [136.046724, 36.116005], [136.047004, 36.115712], [136.046824, 36.115603], [136.046457, 36.115707], [136.046412, 36.115198]]], [[[136.048449, 36.116024], [136.04856, 36.116014], [136.048528, 36.116066], [136.048449, 36.116024]]], [[[136.048284, 36.115945], [136.048319, 36.115809], [136.048407, 36.115787], [136.048284, 36.115945]]], [[[136.048476, 36.115831], [136.048557, 36.115761], [136.048542, 36.115893], [136.048476, 36.115831]]], [[[136.04794, 36.115777], [136.048002, 36.115729], [136.048002, 36.115803], [136.04794, 36.115777]]], [[[136.048439, 36.11565], [136.048516, 36.115588], [136.048523, 36.11565], [136.048439, 36.11565]]], [[[136.048334, 36.115502], [136.048427, 36.115486], [136.048373, 36.115574], [136.048334, 36.115502]]], [[[136.048334, 36.115199], [136.048376, 36.115159], [136.04842, 36.115225], [136.048334, 36.115199]]], [[[136.048004, 36.115123], [136.048078, 36.115163], [136.048066, 36.115197], [136.048004, 36.115123]]], [[[136.047734, 36.115073], [136.04781, 36.115103], [136.047776, 36.115119], [136.047734, 36.115073]]], [[[136.048169, 36.115007], [136.048255, 36.114997], [136.048226, 36.115033], [136.048169, 36.115007]]], [[[136.047812, 36.114894], [136.047854, 36.114947], [136.047812, 36.114936], [136.047812, 36.114894]]], [[[136.047286, 36.113256], [136.047505, 36.113325], [136.047348, 36.113345], [136.047286, 36.113256]]], [[[136.047348, 36.113073], [136.047596, 36.112905], [136.047646, 36.112702], [136.047909, 36.112806], [136.047577, 36.113213], [136.047348, 36.113073]]], [[[136.046815, 36.113002], [136.047172, 36.112659], [136.047351, 36.112669], [136.046975, 36.113035], [136.046815, 36.113002]]], [[[136.047119, 36.112173], [136.047241, 36.112097], [136.047198, 36.112168], [136.047119, 36.112173]]], [[[136.047072, 36.111944], [136.047411, 36.111726], [136.04726, 36.111929], [136.047072, 36.111944]]], [[[136.047456, 36.11136], [136.047516, 36.111307], [136.047568, 36.111387], [136.047456, 36.11136]]], [[[136.047849, 36.111091], [136.047972, 36.111102], [136.047892, 36.111129], [136.047849, 36.111091]]], [[[136.046158, 36.109458], [136.046364, 36.109346], [136.046417, 36.109448], [136.046158, 36.109458]]], [[[136.044802, 36.108822], [136.044992, 36.108786], [136.044895, 36.108878], [136.044802, 36.108822]]], [[[136.044596, 36.10873], [136.044774, 36.108691], [136.044648, 36.108802], [136.044596, 36.10873]]], [[[136.042137, 36.107856], [136.042298, 36.107831], [136.042301, 36.107911], [136.042137, 36.107856]]], [[[136.043825, 36.107809], [136.043841, 36.107734], [136.043964, 36.107728], [136.043825, 36.107809]]], [[[136.041376, 36.107584], [136.041464, 36.107521], [136.041506, 36.107584], [136.041376, 36.107584]]], [[[136.042023, 36.107449], [136.042051, 36.107413], [136.042114, 36.107438], [136.042023, 36.107449]]], [[[136.041934, 36.107306], [136.042059, 36.107291], [136.04202, 36.107341], [136.041934, 36.107306]]], [[[136.04247, 36.107139], [136.042587, 36.107128], [136.042561, 36.107236], [136.04247, 36.107139]]], [[[136.042293, 36.10708], [136.042368, 36.106974], [136.042392, 36.107111], [136.042293, 36.10708]]], [[[136.042266, 36.106649], [136.042358, 36.106576], [136.042431, 36.106626], [136.042266, 36.106649]]], [[[136.042059, 36.106587], [136.042157, 36.106616], [136.042103, 36.10665], [136.042059, 36.106587]]], [[[136.042331, 36.106479], [136.042369, 36.106456], [136.042386, 36.106472], [136.042331, 36.106479]]], [[[136.042164, 36.106389], [136.042271, 36.106287], [136.042239, 36.106394], [136.042164, 36.106389]]], [[[136.041768, 36.10585], [136.04184, 36.10581], [136.041874, 36.105869], [136.041768, 36.10585]]], [[[136.03766, 36.105519], [136.037818, 36.105513], [136.037876, 36.105686], [136.037766, 36.105789], [136.03766, 36.105519]]], [[[136.037297, 36.105513], [136.037343, 36.105443], [136.03746, 36.105544], [136.037336, 36.105612], [136.037297, 36.105513]]], [[[136.040355, 36.105321], [136.040412, 36.105291], [136.040439, 36.105354], [136.040355, 36.105321]]], [[[136.037925, 36.105205], [136.03799, 36.105184], [136.037997, 36.105226], [136.037925, 36.105205]]], [[[136.03814, 36.105191], [136.038169, 36.105159], [136.038226, 36.105201], [136.03814, 36.105191]]], [[[136.037686, 36.105178], [136.037733, 36.105144], [136.037792, 36.105184], [136.037686, 36.105178]]], [[[136.040159, 36.105161], [136.040201, 36.105143], [136.040224, 36.105191], [136.040159, 36.105161]]], [[[136.040038, 36.105103], [136.040056, 36.105086], [136.040093, 36.105119], [136.040038, 36.105103]]], [[[136.039828, 36.105072], [136.039867, 36.105008], [136.039899, 36.105081], [136.039828, 36.105072]]], [[[136.040293, 36.105066], [136.040336, 36.105009], [136.040348, 36.105087], [136.040293, 36.105066]]], [[[136.033722, 36.104994], [136.033854, 36.104693], [136.033784, 36.104506], [136.033915, 36.104413], [136.033931, 36.10496], [136.033722, 36.104994]]], [[[136.037847, 36.104997], [136.037896, 36.104971], [136.03793, 36.105018], [136.037847, 36.104997]]], [[[136.040121, 36.104934], [136.040188, 36.104942], [136.040155, 36.104973], [136.040121, 36.104934]]], [[[136.037072, 36.103995], [136.03714, 36.103934], [136.037243, 36.104026], [136.037072, 36.103995]]], [[[136.033203, 36.103399], [136.033268, 36.103399], [136.033291, 36.103454], [136.033203, 36.103399]]], [[[136.033489, 36.103271], [136.033631, 36.103225], [136.033558, 36.103325], [136.033489, 36.103271]]], [[[136.034018, 36.103011], [136.034076, 36.102958], [136.034088, 36.103005], [136.034018, 36.103011]]], [[[136.034487, 36.101737], [136.034594, 36.101634], [136.034657, 36.101681], [136.034487, 36.101737]]], [[[136.032198, 36.100339], [136.032244, 36.100264], [136.032312, 36.100312], [136.032198, 36.100339]]], [[[136.032513, 36.100267], [136.032583, 36.100203], [136.032682, 36.100257], [136.032513, 36.100267]]], [[[136.029831, 36.097734], [136.029895, 36.097696], [136.029927, 36.097735], [136.029831, 36.097734]]], [[[136.031224, 36.097334], [136.031336, 36.097285], [136.031386, 36.09735], [136.031224, 36.097334]]], [[[136.030892, 36.097295], [136.031001, 36.097253], [136.031037, 36.097301], [136.030892, 36.097295]]], [[[136.031286, 36.097163], [136.031356, 36.097149], [136.031302, 36.097211], [136.031286, 36.097163]]], [[[136.031005, 36.097135], [136.031094, 36.097141], [136.03102, 36.097162], [136.031005, 36.097135]]], [[[136.03011, 36.096355], [136.030164, 36.096258], [136.030263, 36.096281], [136.03011, 36.096355]]], [[[136.029256, 36.095865], [136.0293, 36.095795], [136.029376, 36.0959], [136.029256, 36.095865]]], [[[136.027278, 36.095785], [136.027406, 36.095718], [136.027465, 36.095782], [136.027278, 36.095785]]], [[[136.029064, 36.095737], [136.029099, 36.095697], [136.029209, 36.095744], [136.029064, 36.095737]]], [[[136.026791, 36.095415], [136.026966, 36.095334], [136.027092, 36.09552], [136.026791, 36.095415]]], [[[136.027372, 36.095207], [136.02743, 36.095144], [136.027502, 36.095254], [136.027372, 36.095207]]], [[[136.029634, 36.089184], [136.029773, 36.089124], [136.029706, 36.089274], [136.029634, 36.089184]]], [[[136.029764, 36.087571], [136.029883, 36.087522], [136.029977, 36.08769], [136.029764, 36.087571]]], [[[136.03024, 36.087568], [136.030297, 36.087522], [136.030319, 36.08763], [136.03024, 36.087568]]], [[[136.029625, 36.087262], [136.029844, 36.087279], [136.029971, 36.08744], [136.029707, 36.087398], [136.029625, 36.087262]]], [[[136.029634, 36.087044], [136.029705, 36.086989], [136.029906, 36.087253], [136.029665, 36.087177], [136.029634, 36.087044]]], [[[136.030402, 36.087097], [136.030456, 36.087069], [136.030487, 36.08712], [136.030402, 36.087097]]], [[[136.030223, 36.086968], [136.030271, 36.086943], [136.030322, 36.086998], [136.030223, 36.086968]]], [[[136.029954, 36.086839], [136.030033, 36.086798], [136.030096, 36.086925], [136.029954, 36.086839]]], [[[136.03009, 36.086672], [136.030155, 36.086619], [136.030138, 36.086764], [136.03009, 36.086672]]], [[[136.029699, 36.086235], [136.029769, 36.086206], [136.029859, 36.086346], [136.029699, 36.086235]]], [[[136.030427, 36.086184], [136.030507, 36.086146], [136.030556, 36.086284], [136.030427, 36.086184]]], [[[136.030041, 36.086216], [136.030168, 36.086179], [136.030088, 36.086292], [136.030041, 36.086216]]], [[[136.02945, 36.085774], [136.029649, 36.085769], [136.02962, 36.086044], [136.02945, 36.085774]]], [[[136.029244, 36.085187], [136.029374, 36.085171], [136.029381, 36.085262], [136.029244, 36.085187]]], [[[136.028746, 36.084901], [136.028912, 36.085082], [136.028759, 36.085068], [136.028746, 36.084901]]], [[[136.028471, 36.084616], [136.02858, 36.084505], [136.028676, 36.084788], [136.028471, 36.084616]]], [[[136.028623, 36.084276], [136.028766, 36.084297], [136.028866, 36.084637], [136.028683, 36.084527], [136.028623, 36.084276]]], [[[136.025763, 36.084091], [136.026037, 36.084227], [136.025876, 36.084256], [136.025763, 36.084091]]], [[[136.02564, 36.083872], [136.025773, 36.083898], [136.025701, 36.083937], [136.02564, 36.083872]]], [[[136.027843, 36.083618], [136.027959, 36.083521], [136.027949, 36.083683], [136.027843, 36.083618]]], [[[136.027454, 36.082936], [136.02758, 36.082926], [136.027843, 36.083359], [136.027613, 36.083233], [136.027454, 36.082936]]], [[[136.022262, 36.083079], [136.022392, 36.083035], [136.022378, 36.083184], [136.022262, 36.083079]]], [[[136.022331, 36.082238], [136.022423, 36.082227], [136.022463, 36.082326], [136.022331, 36.082238]]], [[[136.023401, 36.082152], [136.023568, 36.082216], [136.02348, 36.082301], [136.023401, 36.082152]]], [[[136.023047, 36.082044], [136.0232, 36.082083], [136.023162, 36.082188], [136.023047, 36.082044]]], [[[136.0271, 36.081832], [136.027188, 36.081701], [136.027265, 36.081832], [136.0271, 36.081832]]], [[[136.026941, 36.081585], [136.027097, 36.081583], [136.026981, 36.081636], [136.026941, 36.081585]]], [[[136.02606, 36.080822], [136.026394, 36.080988], [136.026496, 36.08128], [136.026129, 36.081164], [136.02606, 36.080822]]], [[[136.025533, 36.080937], [136.025573, 36.080861], [136.025775, 36.08094], [136.025878, 36.081141], [136.025533, 36.080937]]], [[[136.025672, 36.080632], [136.025769, 36.080619], [136.025789, 36.080746], [136.025672, 36.080632]]], [[[136.026308, 36.079416], [136.026431, 36.079402], [136.026388, 36.07946], [136.026308, 36.079416]]], [[[136.025354, 36.079148], [136.025433, 36.079104], [136.02551, 36.079284], [136.025354, 36.079148]]], [[[136.026032, 36.079169], [136.026077, 36.079116], [136.026228, 36.079183], [136.026032, 36.079169]]], [[[136.024946, 36.078975], [136.025057, 36.078901], [136.0252, 36.079007], [136.024946, 36.078975]]], [[[136.025308, 36.078702], [136.025413, 36.078709], [136.025359, 36.078767], [136.025308, 36.078702]]], [[[136.024944, 36.078308], [136.024997, 36.078261], [136.025072, 36.078312], [136.024944, 36.078308]]], [[[136.025787, 36.078228], [136.025852, 36.078188], [136.025896, 36.078231], [136.025787, 36.078228]]], [[[136.025329, 36.077662], [136.025424, 36.077542], [136.025454, 36.077667], [136.025329, 36.077662]]], [[[136.025013, 36.077271], [136.025136, 36.07722], [136.025221, 36.077281], [136.025013, 36.077271]]], [[[136.025753, 36.077014], [136.025899, 36.077065], [136.025886, 36.077121], [136.025753, 36.077014]]], [[[136.02467, 36.07701], [136.02481, 36.076817], [136.024991, 36.077051], [136.02467, 36.07701]]], [[[136.025459, 36.077028], [136.025509, 36.076965], [136.02557, 36.077007], [136.025459, 36.077028]]], [[[136.023511, 36.076854], [136.023608, 36.076812], [136.023703, 36.076978], [136.023511, 36.076854]]], [[[136.024504, 36.076657], [136.024603, 36.076655], [136.024623, 36.07672], [136.024504, 36.076657]]], [[[136.02481, 36.076582], [136.024846, 36.076532], [136.024902, 36.076572], [136.02481, 36.076582]]], [[[136.024423, 36.076394], [136.024506, 36.076449], [136.024457, 36.076453], [136.024423, 36.076394]]], [[[136.024704, 36.076401], [136.024775, 36.076396], [136.024792, 36.07645], [136.024704, 36.076401]]], [[[136.022804, 36.075855], [136.022811, 36.075809], [136.022885, 36.075861], [136.022804, 36.075855]]], [[[136.022969, 36.07545], [136.023064, 36.075402], [136.023131, 36.075447], [136.022969, 36.07545]]], [[[136.023987, 36.075017], [136.024293, 36.074986], [136.024458, 36.075334], [136.024114, 36.075259], [136.023987, 36.075017]]], [[[136.023636, 36.075126], [136.023756, 36.075148], [136.023745, 36.075245], [136.023636, 36.075126]]], [[[136.021748, 36.074969], [136.021849, 36.074935], [136.021913, 36.075029], [136.021748, 36.074969]]], [[[136.022706, 36.074895], [136.022787, 36.074955], [136.022706, 36.074943], [136.022706, 36.074895]]], [[[136.022481, 36.074812], [136.022626, 36.074861], [136.022559, 36.074895], [136.022481, 36.074812]]], [[[136.023197, 36.074764], [136.023327, 36.074775], [136.023282, 36.074835], [136.023197, 36.074764]]], [[[136.022594, 36.074678], [136.02271, 36.074681], [136.022639, 36.074724], [136.022594, 36.074678]]], [[[136.023096, 36.074547], [136.023177, 36.074527], [136.023205, 36.074599], [136.023096, 36.074547]]], [[[136.023646, 36.074488], [136.023795, 36.074462], [136.023719, 36.074534], [136.023646, 36.074488]]], [[[136.022411, 36.074328], [136.022573, 36.074359], [136.022489, 36.074413], [136.022411, 36.074328]]], [[[136.024342, 36.074319], [136.024398, 36.074278], [136.024476, 36.074361], [136.024342, 36.074319]]], [[[136.023043, 36.074231], [136.02318, 36.074228], [136.023113, 36.074297], [136.023043, 36.074231]]], [[[136.023947, 36.074252], [136.024033, 36.0742], [136.024001, 36.074264], [136.023947, 36.074252]]], [[[136.023536, 36.074087], [136.023685, 36.074208], [136.023589, 36.074216], [136.023536, 36.074087]]], [[[136.024797, 36.074029], [136.024932, 36.074035], [136.024856, 36.074109], [136.024797, 36.074029]]], [[[136.022225, 36.073935], [136.022446, 36.074029], [136.022383, 36.074074], [136.022225, 36.073935]]], [[[136.024266, 36.073944], [136.024376, 36.073949], [136.024317, 36.073983], [136.024266, 36.073944]]], [[[136.022267, 36.073832], [136.02232, 36.073781], [136.02245, 36.073889], [136.022267, 36.073832]]], [[[136.023803, 36.073852], [136.023932, 36.07383], [136.023884, 36.073894], [136.023803, 36.073852]]], [[[136.025402, 36.071711], [136.025504, 36.071635], [136.025648, 36.071773], [136.025589, 36.072028], [136.025402, 36.071711]]], [[[136.022164, 36.071971], [136.022249, 36.071869], [136.022241, 36.072034], [136.022164, 36.071971]]], [[[136.021658, 36.071541], [136.021809, 36.071571], [136.021724, 36.071604], [136.021658, 36.071541]]], [[[136.021658, 36.07127], [136.021699, 36.071217], [136.021703, 36.071293], [136.021658, 36.07127]]], [[[136.02081, 36.070843], [136.021013, 36.070822], [136.020937, 36.071256], [136.02081, 36.070843]]], [[[136.020699, 36.07012], [136.020877, 36.070071], [136.020869, 36.07045], [136.020699, 36.07012]]], [[[136.019442, 36.067581], [136.019531, 36.067563], [136.019539, 36.067751], [136.019442, 36.067581]]], [[[136.019246, 36.067641], [136.019383, 36.067548], [136.019334, 36.0677], [136.019246, 36.067641]]], [[[136.019139, 36.06731], [136.019243, 36.067286], [136.019249, 36.067419], [136.019139, 36.06731]]], [[[136.018872, 36.067072], [136.01898, 36.067044], [136.018996, 36.067107], [136.018872, 36.067072]]], [[[136.018896, 36.06642], [136.019076, 36.066274], [136.019, 36.066453], [136.018896, 36.06642]]], [[[136.018634, 36.066316], [136.018772, 36.066269], [136.0187, 36.066369], [136.018634, 36.066316]]], [[[136.018437, 36.066126], [136.018572, 36.066089], [136.018472, 36.066201], [136.018437, 36.066126]]], [[[136.018821, 36.065747], [136.018896, 36.065493], [136.018997, 36.065641], [136.01889, 36.065801], [136.018821, 36.065747]]], [[[136.018441, 36.065524], [136.018665, 36.065389], [136.018676, 36.065566], [136.018527, 36.065619], [136.018441, 36.065524]]], [[[136.017311, 36.058737], [136.017348, 36.058596], [136.017559, 36.058645], [136.017477, 36.058761], [136.017311, 36.058737]]], [[[136.017072, 36.055117], [136.01725, 36.055102], [136.017289, 36.055286], [136.017072, 36.055117]]], [[[136.016861, 36.054888], [136.016981, 36.054825], [136.016978, 36.054967], [136.016861, 36.054888]]], [[[136.016261, 36.054391], [136.016417, 36.054404], [136.01641, 36.054499], [136.016261, 36.054391]]], [[[136.01509, 36.052906], [136.015136, 36.052838], [136.015297, 36.053], [136.01509, 36.052906]]], [[[136.014737, 36.052726], [136.014799, 36.052695], [136.014852, 36.052782], [136.014737, 36.052726]]], [[[136.014799, 36.051955], [136.014968, 36.051955], [136.01522, 36.052384], [136.015021, 36.052303], [136.014799, 36.051955]]], [[[136.002592, 36.028007], [136.002738, 36.028017], [136.002751, 36.028091], [136.002592, 36.028007]]], [[[135.998768, 36.022514], [135.998844, 36.022412], [135.998874, 36.022517], [135.998768, 36.022514]]], [[[135.995719, 36.019755], [135.99612, 36.019472], [135.996451, 36.019484], [135.996529, 36.019605], [135.996416, 36.019909], [135.996188, 36.020061], [135.995929, 36.020055], [135.995719, 36.019755]]], [[[135.990309, 36.014598], [135.990437, 36.014642], [135.990351, 36.014664], [135.990309, 36.014598]]], [[[135.989661, 36.014603], [135.989692, 36.014532], [135.989806, 36.014579], [135.989661, 36.014603]]], [[[135.990009, 36.013949], [135.990099, 36.013897], [135.990143, 36.014035], [135.990009, 36.013949]]], [[[135.985604, 36.010875], [135.985673, 36.010796], [135.985711, 36.010886], [135.985604, 36.010875]]], [[[135.983006, 36.010023], [135.983119, 36.009934], [135.983231, 36.010006], [135.983092, 36.010122], [135.983006, 36.010023]]], [[[135.984906, 36.00931], [135.985057, 36.009268], [135.985006, 36.009337], [135.984906, 36.00931]]], [[[135.98478, 36.008972], [135.984872, 36.008977], [135.984837, 36.009017], [135.98478, 36.008972]]], [[[135.973526, 36.005187], [135.973616, 36.005048], [135.973805, 36.005101], [135.973734, 36.005439], [135.973526, 36.005187]]], [[[135.972746, 36.00295], [135.972857, 36.002972], [135.972774, 36.002995], [135.972746, 36.00295]]], [[[135.969442, 36.002764], [135.969525, 36.002707], [135.969504, 36.002831], [135.969442, 36.002764]]], [[[135.9717, 36.002651], [135.971839, 36.002595], [135.971873, 36.002657], [135.9717, 36.002651]]], [[[135.971929, 36.002566], [135.97197, 36.002578], [135.97197, 36.002623], [135.971929, 36.002566]]], [[[135.972005, 36.002341], [135.972116, 36.002319], [135.972061, 36.002375], [135.972005, 36.002341]]], [[[135.972185, 36.002217], [135.972275, 36.002195], [135.972261, 36.00224], [135.972185, 36.002217]]], [[[135.967704, 36.002116], [135.967932, 36.002183], [135.967821, 36.002211], [135.967704, 36.002116]]], [[[135.967849, 36.001975], [135.96805, 36.001924], [135.968008, 36.001997], [135.967849, 36.001975]]], [[[135.967475, 36.001975], [135.967593, 36.00198], [135.967496, 36.002009], [135.967475, 36.001975]]], [[[135.970696, 36.001873], [135.970786, 36.001839], [135.970786, 36.001918], [135.970696, 36.001873]]], [[[135.968286, 36.001822], [135.968341, 36.001811], [135.968368, 36.001913], [135.968286, 36.001822]]], [[[135.970591, 36.001845], [135.970634, 36.001755], [135.970686, 36.001807], [135.970591, 36.001845]]], [[[135.97098, 36.001744], [135.971036, 36.001721], [135.971049, 36.001789], [135.97098, 36.001744]]], [[[135.970668, 36.001614], [135.970703, 36.001569], [135.970758, 36.001603], [135.970668, 36.001614]]], [[[135.971119, 36.001586], [135.971216, 36.001631], [135.971139, 36.001637], [135.971119, 36.001586]]], [[[135.970883, 36.00149], [135.971008, 36.001519], [135.970904, 36.001575], [135.970883, 36.00149]]], [[[135.968548, 36.001501], [135.968729, 36.001462], [135.968652, 36.001546], [135.968548, 36.001501]]], [[[135.968147, 36.001434], [135.968279, 36.001383], [135.968189, 36.001513], [135.968147, 36.001434]]], [[[135.967475, 36.001118], [135.967544, 36.001135], [135.967496, 36.001169], [135.967475, 36.001118]]], [[[135.96744, 36.000358], [135.967523, 36.000369], [135.96744, 36.000459], [135.96744, 36.000358]]], [[[135.96708, 35.999625], [135.967343, 35.999681], [135.967163, 35.999704], [135.96708, 35.999625]]], [[[135.966339, 35.999208], [135.966415, 35.999236], [135.966374, 35.999298], [135.966339, 35.999208]]], [[[135.967039, 35.999208], [135.967129, 35.99918], [135.967094, 35.999242], [135.967039, 35.999208]]], [[[135.965743, 35.999096], [135.965785, 35.99905], [135.965792, 35.999101], [135.965743, 35.999096]]], [[[135.965598, 35.99905], [135.965681, 35.999011], [135.965639, 35.999073], [135.965598, 35.99905]]], [[[135.965085, 35.998966], [135.965168, 35.998949], [135.965175, 35.999011], [135.965085, 35.998966]]], [[[135.965529, 35.998808], [135.965716, 35.998729], [135.965903, 35.998898], [135.965626, 35.998909], [135.965529, 35.998808]]], [[[135.966505, 35.998656], [135.966644, 35.998678], [135.966554, 35.998724], [135.966505, 35.998656]]], [[[135.965113, 35.998521], [135.965182, 35.998481], [135.965175, 35.998577], [135.965113, 35.998521]]], [[[135.96539, 35.998295], [135.965494, 35.998323], [135.965418, 35.998346], [135.96539, 35.998295]]], [[[135.963845, 35.998019], [135.964143, 35.99785], [135.964372, 35.998081], [135.963894, 35.998115], [135.963845, 35.998019]]], [[[135.964739, 35.997991], [135.96485, 35.997968], [135.964891, 35.998036], [135.964739, 35.997991]]]]}}, {"type": "Feature", "properties": {"pref_code": "18", "pref_name": "福井県", "municipality_code": "18202", "municipality_name": "敦賀市", "ward_name": "", "display_name": "敦賀市", "geometry_key": "18202"}, "geometry": {"type": "MultiPolygon", "coordinates": [[[[136.098309, 35.765239], [136.098432, 35.7645], [136.099375, 35.762717], [136.099006, 35.76134], [136.099084, 35.760908], [136.10055, 35.759574], [136.101209, 35.75815], [136.101409, 35.756931], [136.101527, 35.754976], [136.101438, 35.753015], [136.100491, 35.751933], [136.100083, 35.751235], [136.099517, 35.74826], [136.099579, 35.747561], [136.099959, 35.74702], [136.099924, 35.746677], [136.099484, 35.746059], [136.096797, 35.743476], [136.096598, 35.742896], [136.095604, 35.74196], [136.094644, 35.741357], [136.094484, 35.741279], [136.0932, 35.741504], [136.092752, 35.741814], [136.092316, 35.741329], [136.092074, 35.741329], [136.091841, 35.741487], [136.091502, 35.742069], [136.091053, 35.742121], [136.090872, 35.741986], [136.090777, 35.741601], [136.090397, 35.741251], [136.089368, 35.741267], [136.088873, 35.741439], [136.088169, 35.741342], [136.087879, 35.74081], [136.087366, 35.74076], [136.087512, 35.740656], [136.087455, 35.739881], [136.086706, 35.73954], [136.085867, 35.739422], [136.085702, 35.739234], [136.086226, 35.739049], [136.08606, 35.738836], [136.086386, 35.738747], [136.086126, 35.738486], [136.086536, 35.738132], [136.086952, 35.73812], [136.087352, 35.738394], [136.088514, 35.73837], [136.088873, 35.737815], [136.089284, 35.737567], [136.090038, 35.737509], [136.090472, 35.737161], [136.090722, 35.737118], [136.091867, 35.737279], [136.092046, 35.736991], [136.092344, 35.736867], [136.092309, 35.736643], [136.092814, 35.736512], [136.093108, 35.736557], [136.093238, 35.736417], [136.093648, 35.73662], [136.093643, 35.736788], [136.09398, 35.736771], [136.094098, 35.736659], [136.095069, 35.736764], [136.095524, 35.736563], [136.096059, 35.735932], [136.09648, 35.735639], [136.097177, 35.734185], [136.09726, 35.733639], [136.09715, 35.733137], [136.097267, 35.73272], [136.097053, 35.732258], [136.096874, 35.731227], [136.096035, 35.730186], [136.09601, 35.729511], [136.096272, 35.729162], [136.097249, 35.728449], [136.097727, 35.727483], [136.098566, 35.726314], [136.098656, 35.725767], [136.09766, 35.72389], [136.096584, 35.722824], [136.095997, 35.722635], [136.095866, 35.722488], [136.095821, 35.721908], [136.095427, 35.721314], [136.095511, 35.720967], [136.094955, 35.720037], [136.092662, 35.718009], [136.091951, 35.71704], [136.091682, 35.716972], [136.091652, 35.717088], [136.091315, 35.717129], [136.090974, 35.716946], [136.091032, 35.715968], [136.09118, 35.715829], [136.091406, 35.71589], [136.091516, 35.715721], [136.091448, 35.715211], [136.091331, 35.715372], [136.090986, 35.715294], [136.091021, 35.714964], [136.091241, 35.714711], [136.091147, 35.714339], [136.091316, 35.713845], [136.091264, 35.713569], [136.091033, 35.713546], [136.091161, 35.713247], [136.091461, 35.713096], [136.091744, 35.712538], [136.092166, 35.712127], [136.092366, 35.710972], [136.09182, 35.710639], [136.091365, 35.709986], [136.090453, 35.709473], [136.089928, 35.708769], [136.0889, 35.708431], [136.08814, 35.707839], [136.086877, 35.707337], [136.086393, 35.70741], [136.086614, 35.707596], [136.086444, 35.707696], [136.085944, 35.707357], [136.084622, 35.707451], [136.084257, 35.707434], [136.084043, 35.707299], [136.083494, 35.706591], [136.083537, 35.705979], [136.083775, 35.705613], [136.082375, 35.704474], [136.081691, 35.704311], [136.080517, 35.704745], [136.079896, 35.704661], [136.079419, 35.704784], [136.079164, 35.704549], [136.079205, 35.704164], [136.078479, 35.703403], [136.078965, 35.702507], [136.078964, 35.702221], [136.079814, 35.701626], [136.080849, 35.700204], [136.081429, 35.699894], [136.081608, 35.699612], [136.080959, 35.697894], [136.080064, 35.697272], [136.080314, 35.697041], [136.080442, 35.696508], [136.080428, 35.695629], [136.080925, 35.694947], [136.081298, 35.69373], [136.080884, 35.692699], [136.081345, 35.692025], [136.081201, 35.690732], [136.081408, 35.690051], [136.081367, 35.689206], [136.081657, 35.688901], [136.083238, 35.688163], [136.083659, 35.687533], [136.084419, 35.687476], [136.084965, 35.687245], [136.08603, 35.686497], [136.086235, 35.685459], [136.086062, 35.684231], [136.085704, 35.683459], [136.085213, 35.68285], [136.084618, 35.682297], [136.084286, 35.682514], [136.084198, 35.68242], [136.084584, 35.682173], [136.08444, 35.682022], [136.084095, 35.681966], [136.084201, 35.681766], [136.084122, 35.681571], [136.083653, 35.681126], [136.083425, 35.680968], [136.082859, 35.681311], [136.081809, 35.680561], [136.081628, 35.680797], [136.080414, 35.680151], [136.079143, 35.680124], [136.079128, 35.679997], [136.078743, 35.679999], [136.078752, 35.680424], [136.078294, 35.680569], [136.078191, 35.680472], [136.07748, 35.68041], [136.077335, 35.679751], [136.076739, 35.679819], [136.076644, 35.679938], [136.075898, 35.679864], [136.075697, 35.679971], [136.075509, 35.679879], [136.075606, 35.67976], [136.075387, 35.679509], [136.064579, 35.679542], [136.064586, 35.679452], [136.070586, 35.67939], [136.070649, 35.678196], [136.070925, 35.678055], [136.073666, 35.678399], [136.073749, 35.678032], [136.074405, 35.678043], [136.074507, 35.667331], [136.074178, 35.667278], [136.073155, 35.667446], [136.073007, 35.66728], [136.073007, 35.667], [136.072742, 35.666917], [136.072577, 35.666603], [136.071818, 35.666025], [136.071124, 35.665662], [136.070216, 35.665414], [136.070183, 35.665926], [136.066748, 35.66591], [136.066731, 35.668205], [136.063263, 35.668222], [136.062504, 35.668057], [136.062487, 35.665447], [136.062768, 35.665299], [136.062768, 35.664803], [136.06181, 35.663812], [136.062586, 35.663713], [136.067821, 35.664242], [136.067805, 35.664011], [136.071431, 35.6632], [136.072044, 35.662911], [136.072439, 35.662386], [136.072667, 35.660953], [136.072248, 35.660621], [136.065797, 35.659172], [136.06481, 35.659171], [136.064734, 35.660468], [136.064426, 35.660468], [136.064375, 35.661281], [136.059547, 35.660786], [136.059441, 35.659879], [136.060212, 35.659769], [136.063602, 35.660051], [136.063651, 35.658457], [136.059703, 35.657403], [136.059677, 35.657603], [136.059481, 35.657603], [136.059241, 35.657214], [136.057876, 35.656838], [136.056013, 35.656647], [136.049133, 35.656864], [136.046532, 35.657418], [136.04437, 35.658473], [136.043998, 35.658781], [136.044349, 35.659304], [136.043332, 35.659897], [136.043359, 35.660427], [136.043537, 35.660452], [136.043722, 35.66068], [136.043711, 35.660977], [136.044193, 35.661939], [136.045266, 35.662575], [136.045604, 35.663282], [136.045241, 35.663642], [136.045241, 35.663812], [136.045092, 35.663748], [136.044245, 35.664196], [136.044205, 35.664554], [136.043765, 35.664771], [136.04328, 35.665254], [136.042851, 35.666051], [136.042843, 35.666337], [136.042384, 35.666999], [136.042343, 35.667896], [136.042671, 35.668325], [136.042895, 35.669259], [136.04284, 35.669497], [136.042141, 35.669968], [136.041853, 35.670458], [136.041917, 35.670563], [136.041728, 35.670708], [136.041466, 35.670756], [136.041409, 35.670672], [136.040616, 35.670948], [136.037833, 35.672266], [136.037584, 35.672802], [136.036901, 35.673422], [136.036583, 35.674864], [136.036279, 35.675726], [136.036092, 35.675912], [136.035664, 35.675946], [136.03476, 35.675427], [136.033344, 35.67567], [136.031093, 35.676831], [136.028522, 35.678824], [136.027951, 35.678977], [136.027157, 35.678819], [136.026667, 35.678999], [136.025935, 35.679709], [136.025466, 35.680532], [136.025362, 35.681619], [136.025652, 35.682673], [136.025611, 35.683214], [136.026135, 35.684814], [136.029014, 35.688826], [136.030066, 35.689812], [136.031516, 35.691637], [136.032769, 35.692567], [136.033441, 35.692674], [136.033987, 35.692984], [136.033951, 35.693086], [136.034192, 35.693237], [136.036239, 35.694325], [136.037908, 35.694583], [136.039068, 35.694354], [136.039268, 35.694207], [136.039302, 35.693869], [136.039641, 35.693317], [136.039703, 35.692692], [136.039924, 35.692393], [136.039931, 35.69223], [136.03969, 35.691984], [136.039879, 35.691796], [136.040551, 35.691607], [136.041236, 35.691711], [136.041738, 35.691397], [136.042361, 35.691617], [136.04315, 35.691553], [136.043667, 35.691025], [136.044202, 35.691147], [136.044343, 35.691576], [136.044088, 35.692275], [136.044244, 35.69357], [136.044341, 35.693986], [136.044804, 35.694397], [136.044912, 35.694835], [136.044719, 35.695963], [136.04447, 35.696483], [136.044296, 35.697837], [136.044128, 35.698091], [136.0438, 35.698255], [136.042754, 35.69836], [136.041415, 35.698326], [136.041008, 35.698631], [136.040676, 35.69929], [136.041153, 35.700039], [136.041215, 35.701014], [136.041487, 35.701395], [136.041318, 35.702124], [136.041505, 35.702569], [136.042602, 35.704152], [136.043728, 35.704845], [136.044017, 35.704892], [136.044361, 35.705473], [136.04352, 35.705872], [136.043132, 35.705937], [136.042174, 35.705775], [136.040869, 35.706502], [136.039682, 35.707313], [136.038259, 35.708564], [136.037689, 35.709818], [136.037728, 35.710198], [136.038425, 35.710879], [136.039215, 35.712408], [136.039677, 35.712218], [136.039822, 35.712427], [136.039691, 35.712483], [136.040006, 35.712951], [136.03965, 35.713142], [136.039879, 35.713501], [136.039811, 35.714285], [136.039405, 35.714767], [136.039022, 35.715557], [136.037513, 35.71648], [136.036208, 35.717816], [136.035897, 35.718739], [136.036125, 35.719878], [136.03578, 35.721157], [136.036042, 35.721675], [136.036056, 35.722289], [136.036312, 35.722622], [136.036484, 35.723219], [136.037064, 35.723777], [136.037465, 35.724431], [136.038398, 35.72522], [136.038491, 35.725591], [136.038307, 35.725991], [136.038268, 35.726901], [136.037506, 35.727918], [136.037444, 35.728312], [136.037036, 35.728662], [136.036408, 35.729625], [136.034419, 35.731051], [136.034012, 35.731699], [136.033971, 35.732296], [136.032769, 35.733592], [136.032196, 35.733981], [136.031036, 35.734076], [136.030767, 35.734212], [136.03021, 35.735268], [136.030314, 35.735465], [136.030205, 35.735827], [136.029952, 35.735851], [136.028239, 35.736933], [136.028053, 35.737361], [136.028067, 35.737812], [136.028281, 35.738711], [136.028465, 35.738716], [136.02847, 35.73919], [136.028022, 35.739202], [136.028046, 35.739649], [136.028274, 35.739829], [136.028301, 35.740072], [136.027804, 35.741311], [136.026847, 35.742069], [136.025788, 35.742703], [136.025369, 35.742824], [136.025362, 35.743021], [136.025116, 35.743032], [136.025119, 35.742879], [136.024711, 35.742969], [136.022608, 35.744739], [136.02241, 35.74509], [136.022414, 35.745478], [136.022856, 35.74665], [136.022635, 35.747405], [136.022745, 35.747456], [136.023014, 35.747242], [136.023222, 35.747366], [136.022856, 35.747844], [136.022711, 35.747782], [136.021986, 35.748774], [136.022608, 35.749158], [136.022524, 35.749242], [136.022703, 35.749355], [136.022779, 35.749257], [136.024043, 35.749974], [136.025919, 35.748449], [136.025967, 35.748236], [136.026506, 35.747892], [136.027189, 35.747166], [136.02755, 35.74703], [136.027835, 35.746635], [136.027612, 35.746502], [136.028273, 35.745897], [136.029206, 35.744562], [136.029951, 35.744038], [136.030697, 35.743283], [136.032447, 35.742427], [136.033208, 35.741535], [136.034055, 35.74127], [136.034141, 35.741331], [136.034375, 35.74054], [136.034875, 35.740331], [136.035087, 35.739807], [136.035517, 35.73952], [136.03638, 35.739238], [136.037022, 35.738843], [136.037635, 35.73879], [136.037726, 35.739075], [136.037443, 35.739351], [136.037262, 35.739927], [136.036552, 35.740145], [136.036242, 35.740483], [136.036133, 35.740751], [136.036337, 35.740975], [136.036356, 35.741311], [136.036084, 35.742174], [136.035025, 35.743087], [136.035059, 35.743226], [136.034681, 35.743785], [136.034712, 35.744413], [136.034323, 35.744903], [136.033674, 35.745303], [136.033507, 35.745594], [136.032948, 35.747092], [136.032968, 35.747943], [136.032775, 35.748467], [136.032775, 35.750005], [136.031936, 35.751535], [136.031254, 35.752398], [136.030393, 35.753144], [136.029858, 35.753385], [136.029775, 35.753556], [136.029289, 35.753686], [136.029147, 35.753609], [136.026436, 35.75457], [136.026072, 35.75483], [136.025787, 35.754853], [136.024459, 35.756807], [136.023514, 35.758869], [136.023718, 35.758918], [136.02342, 35.76013], [136.023539, 35.760158], [136.024076, 35.759809], [136.024259, 35.75995], [136.02346, 35.760411], [136.023157, 35.760452], [136.022096, 35.761607], [136.021709, 35.762255], [136.021386, 35.762406], [136.02075, 35.763141], [136.020492, 35.763203], [136.019916, 35.763728], [136.019213, 35.763878], [136.019157, 35.764022], [136.01869, 35.764078], [136.018457, 35.764225], [136.0182, 35.764051], [136.017758, 35.764146], [136.017453, 35.764067], [136.017333, 35.76381], [136.01678, 35.763662], [136.01674, 35.763037], [136.016303, 35.762177], [136.016243, 35.760984], [136.016084, 35.760599], [136.01529, 35.759973], [136.014927, 35.760071], [136.013948, 35.759656], [136.013246, 35.758646], [136.012759, 35.758358], [136.012018, 35.758232], [136.01076, 35.758327], [136.01032, 35.758144], [136.010418, 35.757964], [136.010108, 35.757534], [136.010186, 35.75715], [136.009972, 35.756927], [136.009517, 35.756877], [136.009387, 35.756026], [136.009062, 35.755234], [136.009113, 35.754941], [136.009611, 35.754557], [136.009619, 35.754422], [136.009487, 35.754417], [136.009367, 35.754208], [136.009398, 35.753925], [136.008478, 35.753231], [136.008163, 35.75325], [136.008096, 35.752936], [136.006141, 35.751619], [136.004714, 35.751206], [136.002642, 35.750022], [136.0022, 35.749884], [136.001291, 35.74984], [136.000509, 35.750054], [135.999813, 35.749991], [135.999058, 35.749617], [135.998046, 35.749304], [135.997609, 35.749259], [135.997522, 35.749435], [135.997229, 35.749572], [135.996889, 35.749578], [135.996602, 35.749356], [135.996025, 35.749267], [135.994796, 35.748668], [135.994311, 35.74868], [135.993609, 35.748883], [135.99339, 35.74851], [135.993447, 35.747633], [135.993327, 35.747289], [135.992732, 35.746697], [135.991717, 35.74602], [135.991356, 35.745059], [135.990387, 35.744413], [135.989826, 35.744182], [135.989017, 35.743494], [135.988542, 35.742763], [135.988146, 35.742536], [135.987949, 35.742037], [135.987416, 35.741929], [135.98441, 35.739671], [135.98094, 35.737714], [135.981148, 35.737512], [135.984019, 35.739177], [135.984842, 35.739012], [135.983316, 35.736633], [135.983409, 35.735306], [135.983286, 35.735106], [135.982626, 35.734241], [135.981064, 35.733107], [135.980327, 35.732777], [135.979989, 35.73278], [135.979442, 35.733204], [135.979139, 35.73326], [135.978787, 35.733151], [135.978779, 35.732779], [135.978441, 35.732271], [135.978162, 35.732218], [135.977773, 35.732325], [135.977817, 35.732121], [135.977617, 35.732048], [135.976394, 35.732122], [135.975965, 35.732355], [135.976156, 35.732794], [135.975246, 35.732912], [135.974967, 35.734076], [135.975122, 35.734445], [135.976233, 35.734315], [135.976536, 35.734453], [135.976417, 35.734591], [135.976177, 35.734478], [135.975182, 35.734616], [135.975141, 35.734809], [135.974846, 35.734974], [135.974396, 35.734778], [135.97429, 35.734913], [135.974418, 35.735302], [135.973819, 35.735404], [135.973722, 35.735176], [135.973008, 35.734666], [135.97199, 35.734432], [135.97096, 35.735188], [135.970625, 35.735242], [135.970251, 35.735071], [135.969967, 35.735075], [135.96952, 35.735105], [135.969265, 35.735265], [135.969112, 35.73512], [135.968595, 35.735077], [135.968446, 35.735116], [135.968208, 35.735508], [135.967914, 35.735596], [135.967704, 35.735267], [135.967768, 35.734874], [135.968479, 35.734029], [135.968288, 35.7334], [135.967604, 35.732637], [135.967186, 35.732372], [135.966867, 35.732365], [135.966632, 35.732506], [135.965134, 35.732549], [135.965111, 35.732175], [135.965379, 35.731853], [135.964687, 35.731137], [135.964585, 35.730112], [135.965367, 35.729691], [135.966232, 35.72877], [135.96748, 35.726612], [135.96816, 35.725835], [135.968562, 35.724961], [135.968746, 35.724823], [135.968984, 35.724851], [135.969379, 35.725145], [135.970178, 35.724693], [135.970927, 35.724721], [135.972781, 35.725216], [135.973638, 35.725265], [135.974176, 35.725182], [135.974996, 35.724799], [135.976091, 35.724782], [135.976758, 35.724322], [135.977071, 35.724244], [135.977919, 35.724555], [135.978776, 35.724705], [135.980357, 35.724344], [135.981871, 35.724382], [135.983137, 35.724604], [135.984028, 35.724432], [135.985855, 35.724365], [135.986148, 35.724487], [135.986607, 35.725189], [135.988254, 35.725589], [135.9894, 35.726144], [135.990204, 35.726019], [135.990734, 35.726548], [135.991278, 35.726727], [135.993326, 35.726992], [135.995095, 35.725983], [135.995387, 35.726015], [135.997134, 35.726914], [135.997946, 35.727114], [135.998337, 35.727632], [136.000194, 35.727887], [136.002707, 35.728483], [136.0036, 35.728919], [136.004255, 35.729734], [136.004985, 35.730059], [136.005678, 35.729939], [136.005972, 35.729707], [136.006259, 35.729658], [136.0069, 35.729933], [136.007492, 35.729408], [136.00771, 35.728852], [136.008008, 35.728549], [136.009502, 35.72811], [136.00982, 35.727242], [136.010162, 35.727006], [136.010162, 35.726426], [136.010596, 35.725904], [136.011249, 35.725414], [136.011664, 35.725206], [136.012404, 35.725063], [136.012628, 35.724867], [136.012854, 35.722658], [136.012659, 35.72227], [136.012528, 35.721409], [136.013137, 35.720618], [136.012959, 35.718713], [136.013119, 35.718074], [136.013492, 35.717681], [136.013609, 35.71736], [136.012181, 35.715002], [136.011639, 35.712401], [136.01176, 35.711695], [136.011075, 35.710639], [136.010479, 35.710323], [136.010279, 35.71009], [136.010173, 35.708369], [136.010393, 35.708198], [136.011342, 35.708008], [136.012041, 35.707649], [136.012265, 35.707144], [136.012102, 35.706594], [136.011311, 35.705693], [136.010678, 35.704079], [136.010687, 35.702942], [136.010269, 35.701374], [136.010907, 35.700571], [136.011087, 35.699052], [136.011684, 35.69854], [136.012067, 35.697649], [136.012762, 35.697269], [136.011284, 35.6961], [136.010872, 35.69488], [136.011097, 35.694194], [136.010741, 35.693436], [136.011751, 35.690909], [136.011345, 35.690229], [136.011874, 35.689788], [136.012041, 35.689283], [136.011847, 35.688711], [136.010914, 35.687569], [136.011544, 35.686585], [136.011937, 35.685504], [136.01292, 35.684025], [136.012749, 35.683796], [136.012161, 35.683617], [136.011483, 35.682732], [136.01111, 35.680892], [136.010315, 35.680337], [136.010247, 35.679669], [136.009419, 35.678992], [136.009047, 35.677663], [136.010587, 35.675796], [136.009752, 35.674657], [136.009589, 35.674174], [136.009597, 35.673827], [136.009949, 35.673444], [136.009971, 35.673129], [136.009466, 35.671026], [136.009531, 35.66982], [136.009984, 35.669296], [136.011368, 35.668942], [136.011871, 35.668507], [136.012159, 35.668032], [136.013238, 35.667727], [136.013664, 35.667246], [136.013717, 35.666984], [136.013222, 35.666194], [136.013114, 35.665086], [136.011632, 35.663994], [136.010351, 35.662339], [136.009652, 35.662176], [136.008126, 35.660948], [136.008017, 35.660529], [136.008233, 35.660012], [136.007349, 35.659599], [136.006522, 35.658227], [136.005058, 35.657867], [136.004677, 35.657588], [136.003456, 35.655805], [136.001393, 35.654373], [136.000255, 35.654028], [135.998709, 35.653805], [135.998212, 35.652433], [135.998217, 35.652117], [135.998979, 35.651402], [135.999064, 35.650412], [135.999866, 35.649177], [136.000068, 35.64853], [136.001236, 35.647099], [136.002122, 35.646896], [136.003749, 35.646271], [136.004162, 35.645814], [136.004294, 35.644906], [136.003906, 35.644484], [136.00389, 35.643868], [136.004434, 35.643062], [136.004825, 35.640729], [136.005129, 35.639755], [136.005082, 35.639196], [136.00544, 35.638441], [136.005728, 35.636905], [136.005946, 35.636353], [136.006288, 35.636239], [136.00664, 35.635798], [136.007301, 35.635297], [136.007472, 35.634649], [136.008492, 35.633955], [136.008609, 35.63354], [136.008306, 35.632949], [136.00871, 35.632651], [136.008935, 35.632277], [136.009137, 35.631521], [136.00829, 35.63061], [136.008002, 35.629734], [136.007627, 35.629427], [136.007169, 35.628449], [136.006942, 35.627627], [136.007425, 35.627411], [136.007596, 35.626669], [136.007588, 35.625719], [136.007324, 35.624697], [136.006499, 35.62317], [136.006701, 35.622323], [136.006686, 35.621663], [136.007074, 35.621237], [136.007391, 35.620325], [136.006757, 35.619166], [136.007309, 35.617981], [136.007324, 35.617683], [136.006997, 35.616664], [136.006842, 35.616531], [136.006189, 35.616423], [136.005909, 35.615972], [136.00625, 35.613636], [136.007035, 35.613186], [136.007167, 35.612983], [136.007183, 35.612094], [136.008016, 35.611411], [136.008514, 35.61044], [136.009097, 35.610249], [136.009307, 35.610059], [136.009447, 35.60983], [136.009395, 35.60905], [136.008423, 35.607901], [136.008182, 35.607394], [136.008159, 35.606467], [136.007846, 35.605834], [136.007924, 35.605276], [136.00776, 35.604339], [136.007877, 35.603844], [136.007636, 35.601979], [136.007752, 35.60097], [136.007465, 35.600278], [136.007542, 35.59984], [136.007216, 35.599119], [136.006904, 35.597526], [136.006726, 35.597297], [136.004912, 35.596487], [136.004586, 35.596214], [136.004461, 35.595871], [136.004609, 35.59516], [136.005254, 35.594196], [136.005324, 35.593523], [136.006094, 35.59318], [136.006794, 35.592127], [136.006787, 35.590822], [136.006919, 35.590327], [136.0072, 35.589836], [136.007783, 35.589284], [136.008249, 35.588465], [136.009246, 35.586497], [136.009351, 35.585789], [136.010657, 35.585644], [136.01139, 35.585745], [136.011602, 35.58554], [136.011798, 35.58492], [136.012071, 35.584864], [136.013218, 35.585261], [136.013722, 35.585832], [136.014467, 35.585952], [136.014961, 35.586175], [136.016612, 35.586138], [136.016989, 35.586254], [136.017329, 35.586619], [136.018721, 35.587022], [136.019277, 35.586939], [136.020263, 35.586416], [136.022169, 35.586397], [136.02357, 35.586209], [136.024035, 35.58638], [136.025019, 35.587335], [136.025164, 35.587329], [136.026254, 35.586238], [136.02617, 35.585544], [136.02635, 35.584307], [136.027072, 35.582625], [136.027062, 35.582277], [136.026683, 35.58143], [136.026304, 35.580934], [136.027396, 35.580526], [136.028026, 35.580051], [136.028806, 35.578982], [136.029378, 35.577204], [136.029586, 35.575712], [136.029357, 35.574266], [136.029784, 35.573028], [136.02977, 35.572314], [136.029212, 35.571633], [136.029139, 35.571332], [136.029331, 35.57083], [136.029302, 35.569879], [136.029649, 35.569284], [136.029652, 35.568956], [136.029461, 35.568596], [136.028962, 35.568435], [136.028585, 35.568014], [136.028332, 35.5675], [136.028258, 35.566246], [136.027235, 35.565473], [136.027078, 35.564806], [136.026198, 35.564157], [136.02511, 35.563609], [136.024711, 35.563189], [136.024323, 35.562001], [136.023351, 35.560944], [136.023277, 35.560142], [136.022794, 35.558489], [136.022831, 35.558068], [136.0232, 35.55719], [136.023051, 35.555673], [136.024326, 35.553354], [136.024641, 35.552234], [136.025107, 35.551404], [136.02518, 35.550917], [136.024923, 35.549635], [136.024466, 35.548382], [136.0244, 35.546843], [136.023888, 35.546244], [136.023894, 35.545565], [136.024403, 35.545], [136.024722, 35.543898], [136.024967, 35.543597], [136.027276, 35.542748], [136.027679, 35.542471], [136.027606, 35.541796], [136.027251, 35.540716], [136.027347, 35.539603], [136.026915, 35.538641], [136.026629, 35.53732], [136.026645, 35.536521], [136.026892, 35.536064], [136.02744, 35.535498], [136.027536, 35.534859], [136.027362, 35.534352], [136.027297, 35.533281], [136.026691, 35.532394], [136.026532, 35.529497], [136.028275, 35.529068], [136.02991, 35.529401], [136.030511, 35.529681], [136.033598, 35.530107], [136.0366, 35.530747], [136.038041, 35.5314], [136.03959, 35.531552], [136.040938, 35.532182], [136.041188, 35.532089], [136.041999, 35.5308], [136.042632, 35.530681], [136.043973, 35.530694], [136.044816, 35.53049], [136.045587, 35.530447], [136.046377, 35.530176], [136.04685, 35.53074], [136.047019, 35.532122], [136.047992, 35.534231], [136.048233, 35.534489], [136.048617, 35.534512], [136.049472, 35.53432], [136.051538, 35.534107], [136.053471, 35.533146], [136.053972, 35.533138], [136.055026, 35.533536], [136.055834, 35.533485], [136.056344, 35.532895], [136.057098, 35.532601], [136.057563, 35.532129], [136.058026, 35.531863], [136.058911, 35.531828], [136.059449, 35.532214], [136.060716, 35.531867], [136.061028, 35.531546], [136.061071, 35.531194], [136.061543, 35.530238], [136.061803, 35.528949], [136.062351, 35.528148], [136.063808, 35.528129], [136.064639, 35.527998], [136.065315, 35.528299], [136.06601, 35.527426], [136.066771, 35.52685], [136.068634, 35.526305], [136.069436, 35.526267], [136.070282, 35.526556], [136.071549, 35.527294], [136.072352, 35.528059], [136.072782, 35.528925], [136.073983, 35.529632], [136.075274, 35.529818], [136.077047, 35.530541], [136.0775, 35.531299], [136.077547, 35.531612], [136.077514, 35.532049], [136.07707, 35.533008], [136.076905, 35.533965], [136.076687, 35.534291], [136.076772, 35.534572], [136.077831, 35.535334], [136.079352, 35.535725], [136.079754, 35.536416], [136.08052, 35.538946], [136.080671, 35.539151], [136.081262, 35.539357], [136.081484, 35.539909], [136.08173, 35.540141], [136.082907, 35.540577], [136.083444, 35.540479], [136.08415, 35.540044], [136.085814, 35.539568], [136.086868, 35.539097], [136.087808, 35.538931], [136.088565, 35.538946], [136.089812, 35.537833], [136.090918, 35.537418], [136.091568, 35.537352], [136.092652, 35.537619], [136.093214, 35.537532], [136.093557, 35.537343], [136.094012, 35.536837], [136.094544, 35.535938], [136.097427, 35.533889], [136.098079, 35.533719], [136.099126, 35.534028], [136.099605, 35.533848], [136.100037, 35.533356], [136.100293, 35.53218], [136.1006, 35.53203], [136.101022, 35.532003], [136.101829, 35.531369], [136.103974, 35.530296], [136.105159, 35.528764], [136.105362, 35.528657], [136.105623, 35.528818], [136.106454, 35.528989], [136.107223, 35.530508], [136.106611, 35.531978], [136.106172, 35.53231], [136.106054, 35.532582], [136.106379, 35.534191], [136.106726, 35.534571], [136.106801, 35.534997], [136.106763, 35.535756], [136.105986, 35.536882], [136.106176, 35.537672], [136.105897, 35.537997], [136.105868, 35.538256], [136.106087, 35.538639], [136.106958, 35.539122], [136.107975, 35.540121], [136.108363, 35.541383], [136.109145, 35.542507], [136.108947, 35.543084], [136.109356, 35.543737], [136.109192, 35.544206], [136.109448, 35.54496], [136.10893, 35.545944], [136.107969, 35.546657], [136.107877, 35.547209], [136.108201, 35.548191], [136.108643, 35.548701], [136.109057, 35.549729], [136.108444, 35.550123], [136.108339, 35.550978], [136.107802, 35.551647], [136.107433, 35.552472], [136.107021, 35.552953], [136.106394, 35.553364], [136.106112, 35.554299], [136.105436, 35.55555], [136.106021, 35.555977], [136.106739, 35.55683], [136.107245, 35.557117], [136.107422, 35.557374], [136.108388, 35.5576], [136.108747, 35.557833], [136.108838, 35.55805], [136.108698, 35.558751], [136.108852, 35.559019], [136.110096, 35.559287], [136.110441, 35.559723], [136.110344, 35.561069], [136.11049, 35.561373], [136.11049, 35.562591], [136.110678, 35.563324], [136.109887, 35.564701], [136.1095, 35.566028], [136.108894, 35.567197], [136.108158, 35.567916], [136.107939, 35.568297], [136.108116, 35.568591], [136.108612, 35.568879], [136.10949, 35.569138], [136.109908, 35.569135], [136.110051, 35.569249], [136.110312, 35.569981], [136.111009, 35.570817], [136.111535, 35.571882], [136.111257, 35.572969], [136.112428, 35.573293], [136.112926, 35.573961], [136.112738, 35.574596], [136.112916, 35.575175], [136.112696, 35.575466], [136.112334, 35.575651], [136.112069, 35.576743], [136.11224, 35.577735], [136.112122, 35.578496], [136.112401, 35.579274], [136.112235, 35.580048], [136.113046, 35.582011], [136.113593, 35.582775], [136.114143, 35.582963], [136.115528, 35.582867], [136.116683, 35.58193], [136.117342, 35.580837], [136.117222, 35.580298], [136.116712, 35.57953], [136.116766, 35.578811], [136.116999, 35.578505], [136.118402, 35.57713], [136.119241, 35.576836], [136.12018, 35.576781], [136.121202, 35.576204], [136.123644, 35.576231], [136.124341, 35.576021], [136.125001, 35.575997], [136.126382, 35.575479], [136.126748, 35.575471], [136.127746, 35.575831], [136.128117, 35.575839], [136.128989, 35.575349], [136.129934, 35.575291], [136.131012, 35.574862], [136.13266, 35.574517], [136.134067, 35.574869], [136.135859, 35.575819], [136.136586, 35.575732], [136.137264, 35.575289], [136.137481, 35.575271], [136.138904, 35.575672], [136.140033, 35.574831], [136.141731, 35.573943], [136.142055, 35.57365], [136.142289, 35.573222], [136.142505, 35.572246], [136.14333, 35.571149], [136.144214, 35.570892], [136.144889, 35.570554], [136.145516, 35.570554], [136.146378, 35.570757], [136.147167, 35.571963], [136.147455, 35.572127], [136.148086, 35.572045], [136.148902, 35.571435], [136.149561, 35.57139], [136.149792, 35.571781], [136.150012, 35.572686], [136.150509, 35.572905], [136.153907, 35.572461], [136.154266, 35.572187], [136.154552, 35.571691], [136.155237, 35.571454], [136.156195, 35.571535], [136.157564, 35.571242], [136.158543, 35.571598], [136.159884, 35.571884], [136.161482, 35.571514], [136.162316, 35.571493], [136.162974, 35.571311], [136.163349, 35.571015], [136.163612, 35.570632], [136.1639, 35.569512], [136.165638, 35.567022], [136.166401, 35.566183], [136.16688, 35.565352], [136.167475, 35.56526], [136.168012, 35.565463], [136.169035, 35.565465], [136.169526, 35.565677], [136.169954, 35.566172], [136.169252, 35.567502], [136.169172, 35.568006], [136.169697, 35.56847], [136.169469, 35.569798], [136.170356, 35.571232], [136.169872, 35.571888], [136.169452, 35.573896], [136.169618, 35.574329], [136.170673, 35.575619], [136.170171, 35.576356], [136.169129, 35.577208], [136.168441, 35.577595], [136.167772, 35.579116], [136.16783, 35.58031], [136.167492, 35.58082], [136.166812, 35.58131], [136.166384, 35.582481], [136.16836, 35.584909], [136.170477, 35.586331], [136.172421, 35.588339], [136.172523, 35.589629], [136.172697, 35.590139], [136.173238, 35.590722], [136.17512, 35.592006], [136.175615, 35.592616], [136.175869, 35.593732], [136.177417, 35.59485], [136.177462, 35.595554], [136.176719, 35.596627], [136.17687, 35.597221], [136.176807, 35.598448], [136.176068, 35.599018], [136.175284, 35.60038], [136.17441, 35.602444], [136.174484, 35.603209], [136.17437, 35.603592], [136.173624, 35.604081], [136.173222, 35.60454], [136.173094, 35.605454], [136.172261, 35.606814], [136.171662, 35.607151], [136.171243, 35.608082], [136.170802, 35.608677], [136.170822, 35.609721], [136.170361, 35.612357], [136.169538, 35.61349], [136.16865, 35.614188], [136.168476, 35.614456], [136.166889, 35.618625], [136.166412, 35.61881], [136.165691, 35.618779], [136.165062, 35.619026], [136.164259, 35.620114], [136.164344, 35.62092], [136.16408, 35.62165], [136.163842, 35.622007], [136.163108, 35.622462], [136.162604, 35.623909], [136.161702, 35.624299], [136.161169, 35.624919], [136.160375, 35.624962], [136.159866, 35.625228], [136.159886, 35.625947], [136.160307, 35.626735], [136.160235, 35.627315], [136.159433, 35.62927], [136.158738, 35.629604], [136.158564, 35.629809], [136.159222, 35.630448], [136.159509, 35.630939], [136.159657, 35.632258], [136.159583, 35.633811], [136.159913, 35.634588], [136.159892, 35.63484], [136.158288, 35.635724], [136.158274, 35.636132], [136.158542, 35.637066], [136.15857, 35.638035], [136.158088, 35.639512], [136.157787, 35.640012], [136.157314, 35.640438], [136.157306, 35.641259], [136.155446, 35.64184], [136.154864, 35.642404], [136.154708, 35.643202], [136.154159, 35.643586], [136.153985, 35.644181], [136.154287, 35.645516], [136.154255, 35.646217], [136.154019, 35.646313], [136.153103, 35.646149], [136.152892, 35.646305], [136.152665, 35.646785], [136.151543, 35.648277], [136.151229, 35.648964], [136.151352, 35.649682], [136.152531, 35.650672], [136.151232, 35.651109], [136.150962, 35.651387], [136.151221, 35.653209], [136.150604, 35.653408], [136.150063, 35.654545], [136.15008, 35.654821], [136.150262, 35.655034], [136.151337, 35.65559], [136.150905, 35.656279], [136.150449, 35.658094], [136.150401, 35.658856], [136.150162, 35.659381], [136.149177, 35.660293], [136.149014, 35.661287], [136.148103, 35.662409], [136.145091, 35.663186], [136.143741, 35.663804], [136.142442, 35.663952], [136.14182, 35.663819], [136.140583, 35.663819], [136.139884, 35.6642], [136.139278, 35.664898], [136.137947, 35.664949], [136.137486, 35.665076], [136.136364, 35.665732], [136.136, 35.666104], [136.135496, 35.667286], [136.134981, 35.667505], [136.134731, 35.66801], [136.134742, 35.668569], [136.134474, 35.669446], [136.134493, 35.669823], [136.135456, 35.670994], [136.136039, 35.671422], [136.136243, 35.6724], [136.136549, 35.672662], [136.137571, 35.672841], [136.137833, 35.673102], [136.138024, 35.675172], [136.139059, 35.675732], [136.139846, 35.676991], [136.139613, 35.67797], [136.14148, 35.678957], [136.14221, 35.678994], [136.142472, 35.67916], [136.142968, 35.680208], [136.142895, 35.680957], [136.143449, 35.681994], [136.143537, 35.683182], [136.144339, 35.683683], [136.144602, 35.684302], [136.1452, 35.684492], [136.146177, 35.686847], [136.146631, 35.68717], [136.148146, 35.687312], [136.148904, 35.688421], [136.148991, 35.688777], [136.148831, 35.689288], [136.148947, 35.689644], [136.149297, 35.690238], [136.150361, 35.691301], [136.150026, 35.692729], [136.150288, 35.693955], [136.149676, 35.694929], [136.149939, 35.695739], [136.150609, 35.696892], [136.150347, 35.697716], [136.150056, 35.698144], [136.148869, 35.699017], [136.148324, 35.699126], [136.147566, 35.699011], [136.147116, 35.699272], [136.146962, 35.700218], [136.146239, 35.700752], [136.145302, 35.702581], [136.14548, 35.70288], [136.145859, 35.703044], [136.146676, 35.702745], [136.148122, 35.703209], [136.148419, 35.703531], [136.148514, 35.704178], [136.148988, 35.704448], [136.149082, 35.704622], [136.149012, 35.705591], [136.149225, 35.706637], [136.148574, 35.707729], [136.148396, 35.708736], [136.148408, 35.708929], [136.148681, 35.709229], [136.148787, 35.709976], [136.148692, 35.710847], [136.147483, 35.71197], [136.146429, 35.712559], [136.145656, 35.713567], [136.144969, 35.713673], [136.143701, 35.714156], [136.142965, 35.715742], [136.142597, 35.716062], [136.13956, 35.717467], [136.13898, 35.718249], [136.138172, 35.718878], [136.136287, 35.719459], [136.135683, 35.719894], [136.134899, 35.720989], [136.131992, 35.722691], [136.131886, 35.723242], [136.132787, 35.723843], [136.132905, 35.7242], [136.133569, 35.724947], [136.133451, 35.725286], [136.133072, 35.725701], [136.133581, 35.726448], [136.133427, 35.727182], [136.133735, 35.72816], [136.133699, 35.728605], [136.133474, 35.728866], [136.132775, 35.728952], [136.13255, 35.729864], [136.132799, 35.732099], [136.133356, 35.733532], [136.133226, 35.73443], [136.132728, 35.735145], [136.132882, 35.736268], [136.132621, 35.737333], [136.132017, 35.737971], [136.131389, 35.738969], [136.131053, 35.740286], [136.130701, 35.740952], [136.130286, 35.741164], [136.129407, 35.741292], [136.128104, 35.741698], [136.126739, 35.742647], [136.126454, 35.743856], [136.125896, 35.744215], [136.125446, 35.744882], [136.125547, 35.745973], [136.124657, 35.746295], [136.12448, 35.746459], [136.12365, 35.748404], [136.123365, 35.748559], [136.122865, 35.74854], [136.122451, 35.748782], [136.122116, 35.749878], [136.121609, 35.749987], [136.120825, 35.750552], [136.120239, 35.750742], [136.119746, 35.751256], [136.119236, 35.751556], [136.118761, 35.751599], [136.118547, 35.751749], [136.118689, 35.752184], [136.118974, 35.752445], [136.119054, 35.752893], [136.118966, 35.75358], [136.118458, 35.754011], [136.118647, 35.75516], [136.117746, 35.75583], [136.117448, 35.756208], [136.117404, 35.756941], [136.117637, 35.757722], [136.117535, 35.757917], [136.115822, 35.759066], [136.115669, 35.759641], [136.115662, 35.760699], [136.115262, 35.762209], [136.114114, 35.764104], [136.113251, 35.764653], [136.112765, 35.765415], [136.111531, 35.765902], [136.110503, 35.765865], [136.107863, 35.765144], [136.101965, 35.765723], [136.100558, 35.765605], [136.09947, 35.765203], [136.098309, 35.765239]]], [[[136.016143, 35.765578], [136.016216, 35.765539], [136.016295, 35.765686], [136.016143, 35.765578]]], [[[136.015305, 35.765305], [136.015406, 35.765257], [136.015381, 35.765326], [136.015305, 35.765305]]], [[[136.018953, 35.764924], [136.019254, 35.764607], [136.019468, 35.764724], [136.019265, 35.765024], [136.018953, 35.764924]]], [[[136.016122, 35.764674], [136.016259, 35.764668], [136.016205, 35.764844], [136.016122, 35.764674]]], [[[136.01673, 35.764618], [136.016866, 35.76456], [136.016941, 35.764632], [136.01673, 35.764618]]], [[[136.017205, 35.764616], [136.017301, 35.764423], [136.017427, 35.764636], [136.017205, 35.764616]]], [[[136.016029, 35.764357], [136.016344, 35.764191], [136.01652, 35.764419], [136.016376, 35.764573], [136.016133, 35.764551], [136.016029, 35.764357]]], [[[136.018612, 35.764386], [136.018758, 35.764234], [136.019161, 35.76439], [136.018612, 35.764386]]], [[[136.018064, 35.764291], [136.01818, 35.764261], [136.018212, 35.764361], [136.018064, 35.764291]]], [[[136.016614, 35.764212], [136.01675, 35.764005], [136.01709, 35.764049], [136.017091, 35.764181], [136.016789, 35.764318], [136.016614, 35.764212]]], [[[136.017781, 35.764222], [136.017865, 35.764193], [136.017932, 35.764279], [136.017781, 35.764222]]], [[[136.015741, 35.76383], [136.016236, 35.763754], [136.016506, 35.763917], [136.016497, 35.764062], [136.01583, 35.764138], [136.015741, 35.76383]]], [[[136.015305, 35.763858], [136.015613, 35.763673], [136.015554, 35.76401], [136.015318, 35.763976], [136.015305, 35.763858]]], [[[136.016521, 35.763705], [136.016576, 35.763622], [136.016683, 35.763697], [136.016521, 35.763705]]], [[[136.01665, 35.763529], [136.016726, 35.763489], [136.016739, 35.763559], [136.01665, 35.763529]]], [[[136.016297, 35.763416], [136.016439, 35.763393], [136.016491, 35.763514], [136.016297, 35.763416]]], [[[136.020988, 35.763114], [136.021052, 35.763046], [136.021046, 35.76314], [136.020988, 35.763114]]], [[[136.01656, 35.763055], [136.0166, 35.762996], [136.016625, 35.763093], [136.01656, 35.763055]]], [[[136.016317, 35.762699], [136.016434, 35.76265], [136.016582, 35.762894], [136.016317, 35.762699]]], [[[136.015882, 35.762689], [136.01598, 35.762481], [136.01624, 35.762589], [136.016187, 35.762802], [136.015882, 35.762689]]], [[[136.015314, 35.762612], [136.015436, 35.762419], [136.015703, 35.762494], [136.015705, 35.762595], [136.015314, 35.762612]]], [[[136.015826, 35.762274], [136.016055, 35.762125], [136.016191, 35.762232], [136.016024, 35.762357], [136.015826, 35.762274]]], [[[136.015556, 35.762179], [136.015681, 35.76218], [136.015609, 35.762227], [136.015556, 35.762179]]], [[[136.022047, 35.762138], [136.022089, 35.762044], [136.02217, 35.762063], [136.022047, 35.762138]]], [[[136.015874, 35.761854], [136.016007, 35.761621], [136.016151, 35.761865], [136.016019, 35.761983], [136.015874, 35.761854]]], [[[136.097886, 35.761892], [136.098041, 35.761795], [136.097955, 35.761961], [136.097886, 35.761892]]], [[[136.015766, 35.761582], [136.015914, 35.761567], [136.015858, 35.761616], [136.015766, 35.761582]]], [[[136.016056, 35.761462], [136.016073, 35.761413], [136.016206, 35.761411], [136.016056, 35.761462]]], [[[136.098536, 35.761277], [136.098683, 35.761234], [136.098603, 35.761334], [136.098536, 35.761277]]], [[[136.097943, 35.761141], [136.098199, 35.761119], [136.098091, 35.761183], [136.097943, 35.761141]]], [[[136.02292, 35.760917], [136.023172, 35.760819], [136.023054, 35.760922], [136.02292, 35.760917]]], [[[136.01578, 35.760468], [136.015864, 35.760458], [136.015893, 35.760522], [136.01578, 35.760468]]], [[[136.014344, 35.760371], [136.014465, 35.760436], [136.014398, 35.760451], [136.014344, 35.760371]]], [[[136.012387, 35.759808], [136.012972, 35.759984], [136.012946, 35.760319], [136.012574, 35.760328], [136.012387, 35.759808]]], [[[136.014184, 35.760355], [136.014216, 35.760293], [136.014266, 35.760316], [136.014184, 35.760355]]], [[[136.014059, 35.760334], [136.014113, 35.760212], [136.014114, 35.76033], [136.014059, 35.760334]]], [[[136.015334, 35.760235], [136.01545, 35.760197], [136.015471, 35.760266], [136.015334, 35.760235]]], [[[136.014144, 35.760103], [136.014324, 35.759968], [136.014509, 35.76004], [136.014449, 35.760159], [136.014144, 35.760103]]], [[[136.01305, 35.759547], [136.013163, 35.759268], [136.013454, 35.759479], [136.013367, 35.759948], [136.01305, 35.759547]]], [[[136.013852, 35.759771], [136.01401, 35.75975], [136.013969, 35.759811], [136.013852, 35.759771]]], [[[136.100004, 35.759596], [136.100094, 35.759579], [136.100113, 35.759678], [136.100004, 35.759596]]], [[[136.008779, 35.759422], [136.008981, 35.75922], [136.009177, 35.759465], [136.009112, 35.759532], [136.008779, 35.759422]]], [[[136.011299, 35.759282], [136.01146, 35.75903], [136.011555, 35.759061], [136.011529, 35.759404], [136.011359, 35.759446], [136.011299, 35.759282]]], [[[136.012883, 35.759359], [136.012933, 35.759349], [136.012957, 35.759395], [136.012883, 35.759359]]], [[[136.099846, 35.759278], [136.099871, 35.759216], [136.099946, 35.759216], [136.099846, 35.759278]]], [[[136.10018, 35.758577], [136.10027, 35.758619], [136.100265, 35.758734], [136.10018, 35.758577]]], [[[136.010935, 35.758627], [136.011121, 35.75838], [136.011451, 35.758429], [136.011175, 35.758719], [136.010935, 35.758627]]], [[[136.01214, 35.758522], [136.01227, 35.758389], [136.012607, 35.758597], [136.01214, 35.758522]]], [[[136.023947, 35.758336], [136.024123, 35.758229], [136.024065, 35.758322], [136.023947, 35.758336]]], [[[136.009614, 35.758174], [136.009672, 35.758131], [136.009703, 35.758224], [136.009614, 35.758174]]], [[[136.008484, 35.7578], [136.008691, 35.757693], [136.008968, 35.757746], [136.008971, 35.758111], [136.008629, 35.758078], [136.008484, 35.7578]]], [[[136.009338, 35.757611], [136.009446, 35.757446], [136.009646, 35.757556], [136.009789, 35.757772], [136.009644, 35.757955], [136.009484, 35.75791], [136.009338, 35.757611]]], [[[136.00915, 35.757683], [136.009279, 35.757693], [136.009203, 35.75775], [136.00915, 35.757683]]], [[[136.009176, 35.757414], [136.009228, 35.757346], [136.009254, 35.757421], [136.009176, 35.757414]]], [[[136.009832, 35.757251], [136.009882, 35.75721], [136.009966, 35.757272], [136.009832, 35.757251]]], [[[136.009381, 35.757136], [136.009481, 35.757113], [136.009491, 35.757191], [136.009381, 35.757136]]], [[[136.008389, 35.757026], [136.008553, 35.756903], [136.008499, 35.757036], [136.008389, 35.757026]]], [[[136.009041, 35.756966], [136.009144, 35.756906], [136.009139, 35.756959], [136.009041, 35.756966]]], [[[136.008489, 35.756359], [136.008551, 35.75626], [136.008835, 35.756317], [136.008787, 35.756715], [136.008503, 35.756601], [136.008489, 35.756359]]], [[[136.008811, 35.755798], [136.009059, 35.755664], [136.009238, 35.755884], [136.009139, 35.75641], [136.008835, 35.756097], [136.008811, 35.755798]]], [[[136.027323, 35.75449], [136.027508, 35.754479], [136.027404, 35.754564], [136.027323, 35.75449]]], [[[136.008977, 35.754174], [136.00904, 35.754122], [136.009129, 35.754192], [136.008977, 35.754174]]], [[[136.028086, 35.754017], [136.028343, 35.753968], [136.028169, 35.754096], [136.028086, 35.754017]]], [[[136.008982, 35.754036], [136.009005, 35.754014], [136.008994, 35.754068], [136.008982, 35.754036]]], [[[136.008113, 35.753939], [136.008214, 35.753944], [136.008244, 35.754031], [136.008113, 35.753939]]], [[[136.028563, 35.753932], [136.028679, 35.753931], [136.028597, 35.754006], [136.028563, 35.753932]]], [[[136.008932, 35.753764], [136.009003, 35.753698], [136.009006, 35.753779], [136.008932, 35.753764]]], [[[136.008747, 35.753645], [136.008863, 35.753641], [136.008858, 35.753731], [136.008747, 35.753645]]], [[[136.007522, 35.753313], [136.007609, 35.753298], [136.007566, 35.753346], [136.007522, 35.753313]]], [[[136.005262, 35.751923], [136.005378, 35.751897], [136.005336, 35.75195], [136.005262, 35.751923]]], [[[136.004487, 35.751832], [136.0046, 35.751667], [136.004573, 35.751819], [136.004487, 35.751832]]], [[[136.005342, 35.751772], [136.005414, 35.751692], [136.005458, 35.751713], [136.005342, 35.751772]]], [[[136.004727, 35.751759], [136.004772, 35.751715], [136.004774, 35.751776], [136.004727, 35.751759]]], [[[136.004851, 35.751574], [136.004884, 35.751512], [136.004937, 35.751516], [136.004851, 35.751574]]], [[[136.004529, 35.751429], [136.004613, 35.751387], [136.00467, 35.751516], [136.004529, 35.751429]]], [[[136.003797, 35.75107], [136.003855, 35.751061], [136.003818, 35.751111], [136.003797, 35.75107]]], [[[136.003398, 35.750797], [136.003429, 35.750758], [136.00347, 35.750797], [136.003398, 35.750797]]], [[[136.002988, 35.750616], [136.003083, 35.750564], [136.003045, 35.750638], [136.002988, 35.750616]]], [[[136.002587, 35.750512], [136.00271, 35.750474], [136.002694, 35.750539], [136.002587, 35.750512]]], [[[135.998329, 35.750416], [135.998393, 35.750367], [135.998411, 35.750456], [135.998329, 35.750416]]], [[[136.000008, 35.750411], [136.000154, 35.750361], [136.000195, 35.750428], [136.000008, 35.750411]]], [[[136.002807, 35.750419], [136.002826, 35.750374], [136.002904, 35.750376], [136.002807, 35.750419]]], [[[135.998856, 35.750358], [135.998932, 35.750321], [135.998986, 35.750375], [135.998856, 35.750358]]], [[[136.001152, 35.750362], [136.001266, 35.7503], [136.001304, 35.750338], [136.001152, 35.750362]]], [[[135.998005, 35.750244], [135.998111, 35.750207], [135.998076, 35.750289], [135.998005, 35.750244]]], [[[136.000536, 35.750226], [136.000603, 35.750169], [136.000605, 35.750227], [136.000536, 35.750226]]], [[[135.999634, 35.750111], [135.999674, 35.750062], [135.999745, 35.750121], [135.999634, 35.750111]]], [[[135.997624, 35.749944], [135.997764, 35.749781], [135.997813, 35.749878], [135.997624, 35.749944]]], [[[135.996467, 35.749606], [135.996709, 35.749571], [135.996999, 35.749742], [135.99665, 35.74986], [135.996467, 35.749606]]], [[[135.997959, 35.749697], [135.998136, 35.749671], [135.998174, 35.749835], [135.998019, 35.749843], [135.997959, 35.749697]]], [[[135.995883, 35.749684], [135.996023, 35.749601], [135.996121, 35.749681], [135.996005, 35.749774], [135.995883, 35.749684]]], [[[135.997391, 35.749667], [135.997623, 35.749489], [135.997629, 35.749674], [135.997391, 35.749667]]], [[[135.993568, 35.749075], [135.993642, 35.749017], [135.993684, 35.749113], [135.993568, 35.749075]]], [[[135.995099, 35.749059], [135.99525, 35.749094], [135.995151, 35.749131], [135.995099, 35.749059]]], [[[135.993262, 35.748783], [135.993342, 35.748719], [135.993331, 35.748798], [135.993262, 35.748783]]], [[[135.992496, 35.747756], [135.992629, 35.747736], [135.992631, 35.747843], [135.992496, 35.747756]]], [[[135.99298, 35.747768], [135.993084, 35.747687], [135.993085, 35.747792], [135.99298, 35.747768]]], [[[135.992381, 35.747494], [135.992524, 35.747387], [135.992477, 35.747544], [135.992381, 35.747494]]], [[[135.992746, 35.747435], [135.99289, 35.747409], [135.992824, 35.747532], [135.992746, 35.747435]]], [[[135.993042, 35.747422], [135.993178, 35.747461], [135.99307, 35.747505], [135.993042, 35.747422]]], [[[135.98848, 35.743033], [135.988611, 35.742994], [135.98859, 35.743076], [135.98848, 35.743033]]], [[[135.988194, 35.742882], [135.988284, 35.742752], [135.988308, 35.742846], [135.988194, 35.742882]]], [[[135.987857, 35.74259], [135.987956, 35.742544], [135.988013, 35.74262], [135.987857, 35.74259]]], [[[135.987692, 35.742438], [135.98784, 35.742424], [135.987786, 35.742483], [135.987692, 35.742438]]], [[[136.090603, 35.741912], [136.09065, 35.741874], [136.09069, 35.741908], [136.090603, 35.741912]]], [[[136.089481, 35.741793], [136.089531, 35.741782], [136.089531, 35.741839], [136.089481, 35.741793]]], [[[136.089349, 35.741719], [136.08944, 35.741683], [136.089417, 35.741731], [136.089349, 35.741719]]], [[[136.089739, 35.74166], [136.089799, 35.741633], [136.089819, 35.741668], [136.089739, 35.74166]]], [[[136.088298, 35.741557], [136.088356, 35.741516], [136.088403, 35.741543], [136.088298, 35.741557]]], [[[136.087888, 35.741101], [136.08794, 35.741068], [136.087993, 35.741135], [136.087888, 35.741101]]], [[[136.036567, 35.740551], [136.03672, 35.740444], [136.036711, 35.740537], [136.036567, 35.740551]]], [[[136.036314, 35.740492], [136.036414, 35.740504], [136.03634, 35.74055], [136.036314, 35.740492]]], [[[136.03692, 35.740311], [136.037084, 35.740273], [136.037001, 35.740358], [136.03692, 35.740311]]], [[[136.087147, 35.739941], [136.087222, 35.739906], [136.087331, 35.739976], [136.087147, 35.739941]]], [[[136.086739, 35.739823], [136.086806, 35.739786], [136.086843, 35.739879], [136.086739, 35.739823]]], [[[136.085642, 35.738815], [136.085716, 35.738785], [136.085745, 35.738859], [136.085642, 35.738815]]], [[[136.084761, 35.73863], [136.084921, 35.738518], [136.085105, 35.738727], [136.084761, 35.73863]]], [[[136.08587, 35.738699], [136.085921, 35.738634], [136.086, 35.7387], [136.08587, 35.738699]]], [[[136.08534, 35.738641], [136.08547, 35.73854], [136.08556, 35.738659], [136.08534, 35.738641]]], [[[136.087398, 35.738312], [136.087476, 35.738277], [136.08745, 35.738334], [136.087398, 35.738312]]], [[[136.039701, 35.738044], [136.040578, 35.737593], [136.040896, 35.737192], [136.041048, 35.737181], [136.041144, 35.737677], [136.041034, 35.738066], [136.040219, 35.738331], [136.039701, 35.738044]]], [[[136.086095, 35.738289], [136.086207, 35.738233], [136.086151, 35.738316], [136.086095, 35.738289]]], [[[136.088491, 35.738132], [136.088555, 35.738098], [136.088606, 35.73813], [136.088491, 35.738132]]], [[[136.090017, 35.737271], [136.090127, 35.737224], [136.090179, 35.737296], [136.090017, 35.737271]]], [[[136.092465, 35.736488], [136.092532, 35.736431], [136.092613, 35.736477], [136.092465, 35.736488]]], [[[136.094377, 35.736115], [136.094494, 35.7361], [136.094519, 35.736212], [136.094377, 35.736115]]], [[[136.041227, 35.73495], [136.041345, 35.734809], [136.041676, 35.734922], [136.04178, 35.735367], [136.042104, 35.735761], [136.041925, 35.736207], [136.041745, 35.736156], [136.041227, 35.73495]]], [[[136.094636, 35.736044], [136.094742, 35.736028], [136.09468, 35.736088], [136.094636, 35.736044]]], [[[135.970119, 35.735658], [135.970274, 35.735599], [135.970202, 35.735734], [135.970119, 35.735658]]], [[[135.971286, 35.735493], [135.971421, 35.735513], [135.971348, 35.735548], [135.971286, 35.735493]]], [[[135.97038, 35.735367], [135.970507, 35.735439], [135.970414, 35.735471], [135.97038, 35.735367]]], [[[135.974766, 35.735407], [135.97488, 35.735309], [135.974864, 35.735444], [135.974766, 35.735407]]], [[[135.971751, 35.734857], [135.971826, 35.734791], [135.971799, 35.734951], [135.971751, 35.734857]]], [[[135.972591, 35.734778], [135.972668, 35.734738], [135.972724, 35.734799], [135.972591, 35.734778]]], [[[135.975242, 35.734774], [135.975363, 35.734751], [135.975334, 35.73482], [135.975242, 35.734774]]], [[[135.972218, 35.734677], [135.972267, 35.734627], [135.972376, 35.73466], [135.972218, 35.734677]]], [[[135.966424, 35.733053], [135.966504, 35.733015], [135.966497, 35.733141], [135.966424, 35.733053]]], [[[135.966523, 35.732711], [135.966619, 35.732644], [135.966712, 35.732779], [135.966523, 35.732711]]], [[[135.967046, 35.732629], [135.967165, 35.732564], [135.967216, 35.732673], [135.967046, 35.732629]]], [[[135.977191, 35.732408], [135.977275, 35.732317], [135.977406, 35.732378], [135.977321, 35.732481], [135.977191, 35.732408]]], [[[135.964851, 35.732311], [135.964908, 35.732282], [135.96495, 35.73238], [135.964851, 35.732311]]], [[[135.964779, 35.731919], [135.964858, 35.73189], [135.964851, 35.731951], [135.964779, 35.731919]]], [[[135.964678, 35.731652], [135.964736, 35.731606], [135.964792, 35.731672], [135.964678, 35.731652]]], [[[136.096746, 35.731449], [136.09684, 35.731409], [136.096886, 35.731484], [136.096746, 35.731449]]], [[[135.964077, 35.731057], [135.964204, 35.730714], [135.964365, 35.730659], [135.96455, 35.730822], [135.964624, 35.731279], [135.964343, 35.731362], [135.964077, 35.731057]]], [[[136.095863, 35.730346], [136.096019, 35.73032], [136.096011, 35.730412], [136.095863, 35.730346]]], [[[136.097136, 35.727661], [136.097257, 35.727599], [136.097321, 35.727681], [136.097136, 35.727661]]], [[[136.090676, 35.715998], [136.090771, 35.715947], [136.090873, 35.716094], [136.090737, 35.716136], [136.090676, 35.715998]]], [[[136.090926, 35.713247], [136.091007, 35.713214], [136.090981, 35.713269], [136.090926, 35.713247]]], [[[136.084695, 35.708126], [136.084884, 35.708044], [136.084868, 35.70812], [136.084695, 35.708126]]], [[[136.085667, 35.707522], [136.085741, 35.707475], [136.085753, 35.707542], [136.085667, 35.707522]]], [[[136.085973, 35.707534], [136.086066, 35.707486], [136.086037, 35.707543], [136.085973, 35.707534]]], [[[136.083961, 35.707462], [136.084044, 35.707391], [136.084028, 35.707461], [136.083961, 35.707462]]], [[[136.043294, 35.70603], [136.043343, 35.706001], [136.043369, 35.706056], [136.043294, 35.70603]]], [[[136.043784, 35.705872], [136.04387, 35.705828], [136.043865, 35.705877], [136.043784, 35.705872]]], [[[136.04447, 35.705401], [136.044604, 35.705437], [136.044516, 35.705457], [136.04447, 35.705401]]], [[[136.078342, 35.70519], [136.078467, 35.705206], [136.078471, 35.705299], [136.078342, 35.70519]]], [[[136.044457, 35.705241], [136.044536, 35.705202], [136.044489, 35.705277], [136.044457, 35.705241]]], [[[136.078906, 35.705152], [136.078983, 35.705115], [136.07895, 35.705171], [136.078906, 35.705152]]], [[[136.078605, 35.704925], [136.079005, 35.704735], [136.078754, 35.705071], [136.078605, 35.704925]]], [[[136.079022, 35.705023], [136.079126, 35.704971], [136.079065, 35.705049], [136.079022, 35.705023]]], [[[136.079764, 35.70496], [136.079836, 35.704924], [136.079815, 35.704985], [136.079764, 35.70496]]], [[[136.079464, 35.704935], [136.07955, 35.704911], [136.079524, 35.704976], [136.079464, 35.704935]]], [[[136.07993, 35.704796], [136.080046, 35.704719], [136.080135, 35.704802], [136.07993, 35.704796]]], [[[136.04349, 35.704548], [136.043535, 35.704524], [136.043569, 35.704561], [136.04349, 35.704548]]], [[[136.043301, 35.704486], [136.043364, 35.704511], [136.043357, 35.704557], [136.043301, 35.704486]]], [[[136.043093, 35.704369], [136.04316, 35.704347], [136.043207, 35.70442], [136.043093, 35.704369]]], [[[136.078395, 35.703747], [136.078436, 35.703708], [136.078465, 35.703758], [136.078395, 35.703747]]], [[[136.078168, 35.703726], [136.07826, 35.703663], [136.078234, 35.703732], [136.078168, 35.703726]]], [[[136.042427, 35.703627], [136.042489, 35.70357], [136.042488, 35.703642], [136.042427, 35.703627]]], [[[136.042171, 35.703305], [136.042247, 35.703294], [136.042256, 35.703337], [136.042171, 35.703305]]], [[[136.042121, 35.703182], [136.042177, 35.703157], [136.042162, 35.703206], [136.042121, 35.703182]]], [[[136.07815, 35.703156], [136.078194, 35.70313], [136.078231, 35.70317], [136.07815, 35.703156]]], [[[136.04192, 35.702944], [136.042002, 35.702969], [136.041942, 35.703005], [136.04192, 35.702944]]], [[[136.042086, 35.702997], [136.04213, 35.702927], [136.042161, 35.702977], [136.042086, 35.702997]]], [[[136.078536, 35.702219], [136.078627, 35.702204], [136.078679, 35.70228], [136.078536, 35.702219]]], [[[136.080284, 35.70057], [136.080334, 35.700506], [136.080372, 35.70059], [136.080284, 35.70057]]], [[[136.080738, 35.700136], [136.080846, 35.700071], [136.080789, 35.700158], [136.080738, 35.700136]]], [[[136.042982, 35.698467], [136.043059, 35.698415], [136.043065, 35.698511], [136.042982, 35.698467]]], [[[136.043203, 35.698447], [136.043243, 35.698415], [136.043252, 35.698485], [136.043203, 35.698447]]], [[[136.043373, 35.698372], [136.043482, 35.698402], [136.043395, 35.698416], [136.043373, 35.698372]]], [[[136.080062, 35.697459], [136.080103, 35.697401], [136.080136, 35.697468], [136.080062, 35.697459]]], [[[136.079916, 35.697154], [136.079972, 35.697099], [136.080013, 35.697164], [136.079916, 35.697154]]], [[[136.080159, 35.695804], [136.080212, 35.695755], [136.080266, 35.695794], [136.080159, 35.695804]]], [[[136.080194, 35.695621], [136.080269, 35.695604], [136.080255, 35.695641], [136.080194, 35.695621]]], [[[136.080628, 35.695133], [136.080717, 35.695107], [136.08066, 35.695168], [136.080628, 35.695133]]], [[[136.080539, 35.695009], [136.080572, 35.694983], [136.080605, 35.695017], [136.080539, 35.695009]]], [[[136.045397, 35.694959], [136.045477, 35.69494], [136.045487, 35.694978], [136.045397, 35.694959]]], [[[136.045246, 35.694791], [136.045317, 35.694769], [136.045337, 35.694831], [136.045246, 35.694791]]], [[[136.045271, 35.694594], [136.045347, 35.694575], [136.045317, 35.694613], [136.045271, 35.694594]]], [[[136.044952, 35.694237], [136.045094, 35.694193], [136.045164, 35.694441], [136.044952, 35.694237]]], [[[136.080235, 35.692874], [136.080287, 35.69284], [136.08029, 35.69289], [136.080235, 35.692874]]], [[[136.08042, 35.692734], [136.080463, 35.69272], [136.080449, 35.692782], [136.08042, 35.692734]]], [[[136.044283, 35.692597], [136.04438, 35.692589], [136.044438, 35.692758], [136.044283, 35.692597]]], [[[136.080554, 35.692677], [136.080594, 35.692647], [136.08063, 35.692687], [136.080554, 35.692677]]], [[[136.044364, 35.691764], [136.044398, 35.691728], [136.044457, 35.691743], [136.044364, 35.691764]]], [[[136.042423, 35.691539], [136.042506, 35.691501], [136.042528, 35.691542], [136.042423, 35.691539]]], [[[136.044459, 35.691518], [136.044578, 35.691489], [136.044517, 35.691552], [136.044459, 35.691518]]], [[[136.043089, 35.691404], [136.043205, 35.691376], [136.043137, 35.691441], [136.043089, 35.691404]]], [[[136.080589, 35.690993], [136.08076, 35.691006], [136.080672, 35.691057], [136.080589, 35.690993]]], [[[136.035801, 35.676055], [136.035853, 35.676039], [136.035877, 35.676113], [136.035801, 35.676055]]], [[[136.035391, 35.675926], [136.035443, 35.675909], [136.035493, 35.675978], [136.035391, 35.675926]]], [[[136.036266, 35.675948], [136.036372, 35.675932], [136.036322, 35.675986], [136.036266, 35.675948]]], [[[136.036349, 35.675767], [136.036406, 35.675755], [136.036366, 35.675806], [136.036349, 35.675767]]], [[[136.041867, 35.670833], [136.041984, 35.670732], [136.042059, 35.670885], [136.041923, 35.67093], [136.041867, 35.670833]]], [[[136.042963, 35.668575], [136.043005, 35.668529], [136.043035, 35.668605], [136.042963, 35.668575]]], [[[136.042522, 35.668006], [136.042591, 35.667999], [136.042641, 35.668074], [136.042522, 35.668006]]], [[[136.042859, 35.66657], [136.04292, 35.666552], [136.042913, 35.666613], [136.042859, 35.66657]]], [[[136.042996, 35.666144], [136.04305, 35.666091], [136.043086, 35.666166], [136.042996, 35.666144]]], [[[136.044997, 35.663912], [136.045124, 35.663905], [136.045077, 35.663943], [136.044997, 35.663912]]], [[[136.045219, 35.663881], [136.04529, 35.663856], [136.045337, 35.663904], [136.045219, 35.663881]]], [[[136.045339, 35.663682], [136.045452, 35.663664], [136.045403, 35.663707], [136.045339, 35.663682]]]]}}, {"type": "Feature", "properties": {"pref_code": "18", "pref_name": "福井県", "municipality_code": "18204", "municipality_name": "小浜市", "ward_name": "", "display_name": "小浜市", "geometry_key": "18204"}, "geometry": {"type": "MultiPolygon", "coordinates": [[[[135.812854, 35.579517], [135.812935, 35.579465], [135.812905, 35.579542], [135.812854, 35.579517]]], [[[135.77856, 35.578129], [135.779029, 35.577937], [135.779267, 35.577935], [135.779345, 35.578065], [135.778936, 35.578267], [135.77856, 35.578129]]], [[[135.811953, 35.577637], [135.812117, 35.577391], [135.812418, 35.577557], [135.81211, 35.577764], [135.811953, 35.577637]]], [[[135.812571, 35.577505], [135.812822, 35.577505], [135.812686, 35.577651], [135.812571, 35.577505]]], [[[135.815082, 35.571524], [135.814588, 35.571804], [135.81416, 35.572559], [135.813544, 35.572643], [135.813237, 35.572995], [135.813123, 35.574206], [135.812821, 35.574658], [135.812256, 35.575071], [135.812226, 35.575451], [135.811904, 35.575968], [135.811992, 35.576157], [135.811858, 35.576834], [135.811196, 35.577411], [135.811228, 35.577082], [135.810725, 35.576887], [135.810747, 35.576341], [135.810346, 35.575933], [135.810434, 35.575827], [135.810694, 35.575879], [135.810747, 35.575246], [135.811169, 35.574322], [135.811339, 35.57424], [135.811341, 35.573971], [135.810994, 35.57337], [135.811001, 35.572932], [135.810554, 35.572428], [135.810251, 35.571507], [135.809968, 35.571427], [135.809801, 35.571501], [135.80926, 35.571242], [135.808808, 35.570649], [135.807655, 35.569791], [135.80739, 35.569725], [135.807351, 35.569846], [135.806924, 35.569919], [135.805992, 35.569688], [135.805951, 35.56954], [135.805336, 35.569613], [135.804789, 35.56984], [135.804157, 35.570436], [135.803815, 35.571088], [135.803147, 35.571542], [135.802128, 35.571754], [135.80155, 35.571627], [135.801369, 35.57136], [135.801481, 35.57109], [135.801809, 35.570873], [135.80289, 35.570617], [135.803906, 35.569306], [135.803892, 35.568997], [135.803444, 35.568794], [135.803197, 35.568372], [135.803547, 35.567168], [135.803914, 35.566673], [135.803767, 35.565951], [135.804025, 35.564898], [135.804498, 35.564461], [135.805337, 35.564264], [135.806076, 35.564455], [135.806919, 35.564453], [135.807452, 35.564622], [135.808233, 35.564687], [135.8089, 35.564965], [135.809792, 35.564595], [135.809924, 35.564433], [135.809901, 35.564123], [135.810582, 35.563761], [135.811137, 35.563804], [135.811779, 35.564055], [135.812258, 35.563939], [135.813064, 35.563], [135.813551, 35.56168], [135.813561, 35.561196], [135.813369, 35.560466], [135.81306, 35.559968], [135.812892, 35.559794], [135.812455, 35.55966], [135.811938, 35.559136], [135.811646, 35.559169], [135.811952, 35.558661], [135.814585, 35.557569], [135.814911, 35.556966], [135.815402, 35.556645], [135.816006, 35.556694], [135.817432, 35.55707], [135.818339, 35.557045], [135.818753, 35.556822], [135.819151, 35.556351], [135.819385, 35.555696], [135.820224, 35.555233], [135.820942, 35.555029], [135.821506, 35.554497], [135.82167, 35.553233], [135.821335, 35.552678], [135.821171, 35.55193], [135.821345, 35.551609], [135.821214, 35.551411], [135.821612, 35.551054], [135.821926, 35.550957], [135.822481, 35.551152], [135.822866, 35.551156], [135.824587, 35.552586], [135.825253, 35.552446], [135.82591, 35.552039], [135.826406, 35.55122], [135.826212, 35.55107], [135.826038, 35.550557], [135.825508, 35.550248], [135.824704, 35.549455], [135.824706, 35.549187], [135.82506, 35.54874], [135.824924, 35.548616], [135.825029, 35.548501], [135.824959, 35.548144], [135.825097, 35.54795], [135.825315, 35.5479], [135.825597, 35.547247], [135.825557, 35.546527], [135.825878, 35.546064], [135.826096, 35.545984], [135.826614, 35.546101], [135.827096, 35.546462], [135.827817, 35.546653], [135.828082, 35.546612], [135.828679, 35.54626], [135.829191, 35.545197], [135.829106, 35.544636], [135.82839, 35.543644], [135.827761, 35.54345], [135.827399, 35.543511], [135.826971, 35.543095], [135.827026, 35.542918], [135.826827, 35.542541], [135.826433, 35.542153], [135.826626, 35.541396], [135.826957, 35.541218], [135.827198, 35.541855], [135.827499, 35.542121], [135.829961, 35.542664], [135.83042, 35.542396], [135.830559, 35.542529], [135.831056, 35.542264], [135.830968, 35.54217], [135.83119, 35.541997], [135.831304, 35.540744], [135.8317, 35.539822], [135.832822, 35.538726], [135.833076, 35.538653], [135.833112, 35.538737], [135.833759, 35.538729], [135.834253, 35.538311], [135.834108, 35.538287], [135.834071, 35.538084], [135.834322, 35.538052], [135.834371, 35.537762], [135.834194, 35.53667], [135.833799, 35.535929], [135.833457, 35.535611], [135.832976, 35.535463], [135.832217, 35.535495], [135.830955, 35.534849], [135.828787, 35.534388], [135.828104, 35.533619], [135.827499, 35.53332], [135.827107, 35.533291], [135.826216, 35.533536], [135.824563, 35.533703], [135.823999, 35.533692], [135.823413, 35.533482], [135.82209, 35.533518], [135.821634, 35.533689], [135.821185, 35.534034], [135.820979, 35.534783], [135.821049, 35.535893], [135.820902, 35.536114], [135.820472, 35.536387], [135.819601, 35.536572], [135.818793, 35.536897], [135.818619, 35.537149], [135.818695, 35.537277], [135.818549, 35.537358], [135.818032, 35.537114], [135.817724, 35.537357], [135.817162, 35.537397], [135.817104, 35.537175], [135.817322, 35.53695], [135.817535, 35.53692], [135.817577, 35.536631], [135.817287, 35.536424], [135.816299, 35.536326], [135.815271, 35.536547], [135.814793, 35.536815], [135.814404, 35.53688], [135.814257, 35.536952], [135.814182, 35.537312], [135.813529, 35.537661], [135.812679, 35.537659], [135.812514, 35.537422], [135.812814, 35.536835], [135.812706, 35.535971], [135.813145, 35.53595], [135.813535, 35.535596], [135.815016, 35.534811], [135.815354, 35.533822], [135.816415, 35.532964], [135.816256, 35.531807], [135.816104, 35.531648], [135.815879, 35.531672], [135.815569, 35.531302], [135.815374, 35.53134], [135.815039, 35.530506], [135.815054, 35.530257], [135.815399, 35.529796], [135.815169, 35.529362], [135.814648, 35.529081], [135.813595, 35.529505], [135.813032, 35.529315], [135.812806, 35.528929], [135.813138, 35.528304], [135.813139, 35.527963], [135.81287, 35.527635], [135.812297, 35.527396], [135.811966, 35.527386], [135.811793, 35.527749], [135.811131, 35.528203], [135.810733, 35.528325], [135.810587, 35.528513], [135.810089, 35.528352], [135.810021, 35.528147], [135.809718, 35.528154], [135.809555, 35.527957], [135.808808, 35.527781], [135.808463, 35.527486], [135.807936, 35.527451], [135.807086, 35.52762], [135.806515, 35.528147], [135.80695, 35.528796], [135.806673, 35.528897], [135.806731, 35.529308], [135.806918, 35.529484], [135.806726, 35.529805], [135.80617, 35.529946], [135.806139, 35.530867], [135.805969, 35.53103], [135.806059, 35.531136], [135.805797, 35.531657], [135.805901, 35.532015], [135.805621, 35.532143], [135.805582, 35.532413], [135.805316, 35.532367], [135.805025, 35.532966], [135.804749, 35.533057], [135.804513, 35.532718], [135.803786, 35.532197], [135.803869, 35.53119], [135.803652, 35.53062], [135.803376, 35.530392], [135.80334, 35.530123], [135.802788, 35.529692], [135.802433, 35.529619], [135.801894, 35.529301], [135.801372, 35.52879], [135.800637, 35.528683], [135.800579, 35.528499], [135.800254, 35.528461], [135.800056, 35.528281], [135.800452, 35.526509], [135.800315, 35.526196], [135.800054, 35.526109], [135.800264, 35.525546], [135.799426, 35.525083], [135.798727, 35.52493], [135.798227, 35.525071], [135.797963, 35.525434], [135.797503, 35.525755], [135.797076, 35.525712], [135.796486, 35.525895], [135.796215, 35.526121], [135.79546, 35.530846], [135.794855, 35.53097], [135.7939, 35.53085], [135.793422, 35.530587], [135.793264, 35.530332], [135.792732, 35.530554], [135.792299, 35.52985], [135.791125, 35.530346], [135.791005, 35.530172], [135.790768, 35.530216], [135.789713, 35.530672], [135.788456, 35.531421], [135.787894, 35.532121], [135.7881, 35.532906], [135.787852, 35.533068], [135.787358, 35.533096], [135.786704, 35.533475], [135.78616, 35.534146], [135.786011, 35.53453], [135.785763, 35.536057], [135.785774, 35.53655], [135.785951, 35.536888], [135.786461, 35.537167], [135.786543, 35.537076], [135.787188, 35.537156], [135.787549, 35.537072], [135.788608, 35.53722], [135.788909, 35.53766], [135.789339, 35.53795], [135.789163, 35.539056], [135.790064, 35.540457], [135.790696, 35.540746], [135.791601, 35.540754], [135.791912, 35.540613], [135.792539, 35.540607], [135.792876, 35.540814], [135.793632, 35.541018], [135.793666, 35.541168], [135.793332, 35.541547], [135.793004, 35.541736], [135.792543, 35.541733], [135.791647, 35.541352], [135.790822, 35.541478], [135.790552, 35.541655], [135.789977, 35.541654], [135.789512, 35.541523], [135.789108, 35.541171], [135.788595, 35.540935], [135.788331, 35.540934], [135.787649, 35.541326], [135.786868, 35.541506], [135.786242, 35.542211], [135.785944, 35.542237], [135.785314, 35.542595], [135.784424, 35.543378], [135.783934, 35.544092], [135.784056, 35.544198], [135.783948, 35.544499], [135.783687, 35.544575], [135.783279, 35.54444], [135.782885, 35.544721], [135.78279, 35.545051], [135.782414, 35.545176], [135.782229, 35.545839], [135.782474, 35.546423], [135.782489, 35.546856], [135.782682, 35.54703], [135.782602, 35.547214], [135.782348, 35.547307], [135.782487, 35.547678], [135.782307, 35.547706], [135.781849, 35.547482], [135.781699, 35.547616], [135.781268, 35.548366], [135.781196, 35.548741], [135.779662, 35.550303], [135.77925, 35.550381], [135.779115, 35.549864], [135.778891, 35.549711], [135.777581, 35.54945], [135.777173, 35.549641], [135.776786, 35.549598], [135.776532, 35.54922], [135.776249, 35.549184], [135.775527, 35.549334], [135.775211, 35.549587], [135.774538, 35.549709], [135.773486, 35.550444], [135.772836, 35.551352], [135.771191, 35.552386], [135.771181, 35.55253], [135.770373, 35.553242], [135.77006, 35.553908], [135.769554, 35.554505], [135.769227, 35.554636], [135.768377, 35.554681], [135.767585, 35.55521], [135.766567, 35.556598], [135.765994, 35.556974], [135.765856, 35.55734], [135.76552, 35.557164], [135.765085, 35.557258], [135.765151, 35.556813], [135.764748, 35.556658], [135.764583, 35.556466], [135.764443, 35.555562], [135.764008, 35.554804], [135.764275, 35.553198], [135.76474, 35.552576], [135.765272, 35.552448], [135.765394, 35.552247], [135.765365, 35.55177], [135.765117, 35.551375], [135.764797, 35.551274], [135.764766, 35.551037], [135.764227, 35.551034], [135.76417, 35.55093], [135.764374, 35.550783], [135.764813, 35.550718], [135.76587, 35.551055], [135.766265, 35.551096], [135.766604, 35.550991], [135.767084, 35.550329], [135.767097, 35.54979], [135.767256, 35.549551], [135.767641, 35.549534], [135.767771, 35.549664], [135.768291, 35.549724], [135.768558, 35.549627], [135.768875, 35.549273], [135.768947, 35.549075], [135.768751, 35.548334], [135.768865, 35.548071], [135.769129, 35.547919], [135.769637, 35.547998], [135.77032, 35.547861], [135.77036, 35.547637], [135.771252, 35.5475], [135.771448, 35.547112], [135.771431, 35.546639], [135.77052, 35.544985], [135.770118, 35.544714], [135.769861, 35.544702], [135.769787, 35.544516], [135.76998, 35.544357], [135.770017, 35.54388], [135.769507, 35.543312], [135.768374, 35.542798], [135.767807, 35.542684], [135.767277, 35.543221], [135.766919, 35.543401], [135.766291, 35.543442], [135.765839, 35.543263], [135.76513, 35.543401], [135.764769, 35.543717], [135.764984, 35.543962], [135.765001, 35.544193], [135.764768, 35.54457], [135.764296, 35.544867], [135.763579, 35.544979], [135.763207, 35.544798], [135.763328, 35.544445], [135.762789, 35.544204], [135.7626, 35.544243], [135.762461, 35.544141], [135.762079, 35.544442], [135.761083, 35.544445], [135.760853, 35.544143], [135.760282, 35.543786], [135.760291, 35.543066], [135.759167, 35.542783], [135.758807, 35.542565], [135.75707, 35.543258], [135.757113, 35.544442], [135.756509, 35.544314], [135.75625, 35.54443], [135.755819, 35.544983], [135.754389, 35.54569], [135.753989, 35.546092], [135.753928, 35.546989], [135.754108, 35.547392], [135.754594, 35.547538], [135.755247, 35.547397], [135.755817, 35.547515], [135.755808, 35.547643], [135.755346, 35.547755], [135.755775, 35.548209], [135.755815, 35.548791], [135.755608, 35.548844], [135.755426, 35.548745], [135.755331, 35.549129], [135.755039, 35.54901], [135.754588, 35.549613], [135.754307, 35.549462], [135.753139, 35.549394], [135.752872, 35.54955], [135.752566, 35.549984], [135.752825, 35.550759], [135.753032, 35.550947], [135.753258, 35.550929], [135.753528, 35.551107], [135.754026, 35.551806], [135.75413, 35.552211], [135.754356, 35.552359], [135.754383, 35.552737], [135.753645, 35.552968], [135.752811, 35.552887], [135.751686, 35.55328], [135.750719, 35.55409], [135.750022, 35.555147], [135.750169, 35.555893], [135.751229, 35.556869], [135.751457, 35.5568], [135.752038, 35.55711], [135.752099, 35.557281], [135.752531, 35.557583], [135.752774, 35.558072], [135.75266, 35.558237], [135.752682, 35.558734], [135.752426, 35.559113], [135.752469, 35.559364], [135.752017, 35.559145], [135.751479, 35.559843], [135.751388, 35.560834], [135.751726, 35.560973], [135.75191, 35.561217], [135.751839, 35.561327], [135.751619, 35.561232], [135.751262, 35.561739], [135.751255, 35.562107], [135.751102, 35.562212], [135.751063, 35.562479], [135.751359, 35.562967], [135.751351, 35.563695], [135.750856, 35.564228], [135.750768, 35.56565], [135.750556, 35.565916], [135.749876, 35.566304], [135.749879, 35.566608], [135.749626, 35.566643], [135.749501, 35.566436], [135.749178, 35.566426], [135.748314, 35.566575], [135.747655, 35.566189], [135.747495, 35.566293], [135.747222, 35.566226], [135.747139, 35.56606], [135.746423, 35.565644], [135.746076, 35.565708], [135.745954, 35.565511], [135.746229, 35.565435], [135.746171, 35.565094], [135.745792, 35.564697], [135.745523, 35.564707], [135.745517, 35.564393], [135.745344, 35.5643], [135.744726, 35.564392], [135.744125, 35.564651], [135.744022, 35.564986], [135.74352, 35.565096], [135.743198, 35.565617], [135.743356, 35.565659], [135.743339, 35.566141], [135.743092, 35.56651], [135.742842, 35.566632], [135.742781, 35.566987], [135.742677, 35.567044], [135.742543, 35.566806], [135.742252, 35.566975], [135.741855, 35.567874], [135.741699, 35.56799], [135.741321, 35.567883], [135.741161, 35.568129], [135.741631, 35.56913], [135.7417, 35.569816], [135.7415, 35.570276], [135.741156, 35.570223], [135.740251, 35.570497], [135.738642, 35.570031], [135.737862, 35.570224], [135.737647, 35.570441], [135.73713, 35.570579], [135.736898, 35.570996], [135.736424, 35.570858], [135.735955, 35.571376], [135.735772, 35.571255], [135.735739, 35.570997], [135.735546, 35.571167], [135.73545, 35.570993], [135.734743, 35.571114], [135.734526, 35.570835], [135.733435, 35.570809], [135.733169, 35.570657], [135.732834, 35.570783], [135.732722, 35.570549], [135.732428, 35.570414], [135.731872, 35.570335], [135.731592, 35.570179], [135.731266, 35.570283], [135.730981, 35.57002], [135.730584, 35.569881], [135.72933, 35.569531], [135.729091, 35.569586], [135.728992, 35.569206], [135.728167, 35.568921], [135.727739, 35.568904], [135.72742, 35.569047], [135.726997, 35.568887], [135.726334, 35.569532], [135.725947, 35.569462], [135.725804, 35.569553], [135.725764, 35.569202], [135.725372, 35.569222], [135.724908, 35.569005], [135.724948, 35.569259], [135.724844, 35.569323], [135.724562, 35.569146], [135.724646, 35.568815], [135.724297, 35.568786], [135.723931, 35.568514], [135.723685, 35.568694], [135.723531, 35.569132], [135.723179, 35.569197], [135.722956, 35.568904], [135.722812, 35.56891], [135.722702, 35.569217], [135.722457, 35.569288], [135.721912, 35.568858], [135.721683, 35.568245], [135.721019, 35.568291], [135.720799, 35.568773], [135.720562, 35.568914], [135.719774, 35.569051], [135.719739, 35.569352], [135.719483, 35.569348], [135.719524, 35.569656], [135.718983, 35.569872], [135.719159, 35.57027], [135.718976, 35.570413], [135.718644, 35.570429], [135.717989, 35.570157], [135.717988, 35.569427], [135.717826, 35.569466], [135.717825, 35.569628], [135.71767, 35.56959], [135.717559, 35.569699], [135.717331, 35.569488], [135.717379, 35.569674], [135.71718, 35.569974], [135.716944, 35.569915], [135.716773, 35.56943], [135.71614, 35.569522], [135.716182, 35.569799], [135.715957, 35.569788], [135.715867, 35.570014], [135.715143, 35.570008], [135.714644, 35.569866], [135.714526, 35.569734], [135.714574, 35.569328], [135.714188, 35.569247], [135.714242, 35.569033], [135.713995, 35.568842], [135.713934, 35.569096], [135.713832, 35.569079], [135.712852, 35.567984], [135.712762, 35.567616], [135.712931, 35.567003], [135.712852, 35.566757], [135.712674, 35.566829], [135.712438, 35.567619], [135.712168, 35.567664], [135.711986, 35.567388], [135.711938, 35.567172], [135.712135, 35.566725], [135.711935, 35.566538], [135.712131, 35.566094], [135.712103, 35.56581], [135.712565, 35.564992], [135.712548, 35.564697], [135.712203, 35.564353], [135.711205, 35.563664], [135.711033, 35.563792], [135.711008, 35.563624], [135.709947, 35.563685], [135.709714, 35.56352], [135.709194, 35.563678], [135.708553, 35.563707], [135.707726, 35.563558], [135.707937, 35.564175], [135.70778, 35.564307], [135.707517, 35.564217], [135.706388, 35.562682], [135.70625, 35.562566], [135.705882, 35.562624], [135.706021, 35.562344], [135.705743, 35.561973], [135.705122, 35.561976], [135.705325, 35.561718], [135.705257, 35.56146], [135.705159, 35.561282], [135.70451, 35.560995], [135.704544, 35.56038], [135.703777, 35.559131], [135.703505, 35.557994], [135.703068, 35.557487], [135.702297, 35.557119], [135.70117, 35.55608], [135.700892, 35.555966], [135.700725, 35.556155], [135.700397, 35.556011], [135.700138, 35.556096], [135.700003, 35.55602], [135.699799, 35.555624], [135.699861, 35.555198], [135.698451, 35.554242], [135.697966, 35.553645], [135.697421, 35.553381], [135.697428, 35.55325], [135.697253, 35.55328], [135.697189, 35.553709], [135.696819, 35.553656], [135.696058, 35.552759], [135.695732, 35.552717], [135.69562, 35.552582], [135.695589, 35.552369], [135.695818, 35.55204], [135.695343, 35.551656], [135.69503, 35.551579], [135.694872, 35.551877], [135.694432, 35.551323], [135.693926, 35.55143], [135.693683, 35.551251], [135.693207, 35.551149], [135.693125, 35.550267], [135.692874, 35.55003], [135.691956, 35.5496], [135.691636, 35.549795], [135.691368, 35.549777], [135.690729, 35.549382], [135.690555, 35.54992], [135.689443, 35.550067], [135.689228, 35.549686], [135.689283, 35.549264], [135.689461, 35.549025], [135.690085, 35.548696], [135.689834, 35.548391], [135.689799, 35.547766], [135.689234, 35.547129], [135.688973, 35.547124], [135.688844, 35.546889], [135.688968, 35.546421], [135.68865, 35.546222], [135.689181, 35.544869], [135.689862, 35.544292], [135.691417, 35.543656], [135.692792, 35.543654], [135.693065, 35.543497], [135.693567, 35.542875], [135.69402, 35.542599], [135.694464, 35.542683], [135.695534, 35.543709], [135.697322, 35.544351], [135.697957, 35.544343], [135.699561, 35.544007], [135.700558, 35.54419], [135.702857, 35.544264], [135.703377, 35.544113], [135.704543, 35.543262], [135.705382, 35.543049], [135.706099, 35.543102], [135.707361, 35.542578], [135.708074, 35.542407], [135.708991, 35.542297], [135.709775, 35.542783], [135.710511, 35.54264], [135.712228, 35.54264], [135.713526, 35.542142], [135.713809, 35.541872], [135.715524, 35.54152], [135.71597, 35.541111], [135.716782, 35.540744], [135.717672, 35.539388], [135.718124, 35.538254], [135.71854, 35.536989], [135.718523, 35.535844], [135.718278, 35.534214], [135.717782, 35.533884], [135.717713, 35.533035], [135.717469, 35.532401], [135.716803, 35.531825], [135.71635, 35.531666], [135.716022, 35.531267], [135.716242, 35.531079], [135.716078, 35.53068], [135.716533, 35.530422], [135.716781, 35.529965], [135.716871, 35.529723], [135.716742, 35.529487], [135.717342, 35.529169], [135.717561, 35.528886], [135.717704, 35.528145], [135.71756, 35.527914], [135.717909, 35.527103], [135.71789, 35.526695], [135.716852, 35.525866], [135.716649, 35.525257], [135.717118, 35.524816], [135.71736, 35.52416], [135.718011, 35.523824], [135.718081, 35.523564], [135.717538, 35.523391], [135.717411, 35.52318], [135.717228, 35.521987], [135.716691, 35.521572], [135.716138, 35.521438], [135.716124, 35.521312], [135.716396, 35.521077], [135.717315, 35.520676], [135.717875, 35.520062], [135.717982, 35.519749], [135.718266, 35.519762], [135.718391, 35.519962], [135.718835, 35.520136], [135.719485, 35.520796], [135.71981, 35.52096], [135.720904, 35.521153], [135.721662, 35.521126], [135.722136, 35.521461], [135.723064, 35.521789], [135.72347, 35.521801], [135.724404, 35.521561], [135.725572, 35.521701], [135.726314, 35.521462], [135.727193, 35.521572], [135.727901, 35.522179], [135.72798, 35.522707], [135.728219, 35.522952], [135.729825, 35.523649], [135.730295, 35.523997], [135.730911, 35.524178], [135.730697, 35.524767], [135.731377, 35.525179], [135.732528, 35.525578], [135.732565, 35.525477], [135.733852, 35.525485], [135.734388, 35.526311], [135.73513, 35.526709], [135.735279, 35.526983], [135.735267, 35.527281], [135.735045, 35.527546], [135.735324, 35.527611], [135.735054, 35.528444], [135.734671, 35.528365], [135.734619, 35.528452], [135.734577, 35.529746], [135.734998, 35.530836], [135.735954, 35.531993], [135.735821, 35.533302], [135.736076, 35.534297], [135.736915, 35.53519], [135.739107, 35.536099], [135.740316, 35.536344], [135.740827, 35.536334], [135.740972, 35.53605], [135.741229, 35.535985], [135.741681, 35.536264], [135.742439, 35.536481], [135.742852, 35.536887], [135.743413, 35.537013], [135.743731, 35.536996], [135.744676, 35.536622], [135.744818, 35.536612], [135.745012, 35.536828], [135.745362, 35.536876], [135.746153, 35.53672], [135.746601, 35.536541], [135.747096, 35.536136], [135.746811, 35.534669], [135.747157, 35.533625], [135.747493, 35.533221], [135.747923, 35.533096], [135.748506, 35.533182], [135.748935, 35.533519], [135.748966, 35.534677], [135.749507, 35.535316], [135.749754, 35.535461], [135.750278, 35.535467], [135.750519, 35.535669], [135.750547, 35.536127], [135.750266, 35.536582], [135.750233, 35.536987], [135.750535, 35.537609], [135.750827, 35.537744], [135.753813, 35.537779], [135.754831, 35.537467], [135.756184, 35.536816], [135.757257, 35.537528], [135.757607, 35.53828], [135.758007, 35.538705], [135.759172, 35.538709], [135.759637, 35.538406], [135.760236, 35.53821], [135.760926, 35.538282], [135.762462, 35.538114], [135.763704, 35.537189], [135.764501, 35.53581], [135.764965, 35.533886], [135.764686, 35.533747], [135.764637, 35.533134], [135.764424, 35.532678], [135.763706, 35.532124], [135.763799, 35.531724], [135.763378, 35.531057], [135.762487, 35.530514], [135.761099, 35.530309], [135.760224, 35.529979], [135.760047, 35.530117], [135.759352, 35.530083], [135.757327, 35.531886], [135.756668, 35.532087], [135.756031, 35.532482], [135.755735, 35.533165], [135.755257, 35.533699], [135.755085, 35.533564], [135.755113, 35.532786], [135.754857, 35.531987], [135.753642, 35.532043], [135.753101, 35.53185], [135.752004, 35.531831], [135.751382, 35.531115], [135.751096, 35.530184], [135.750951, 35.528493], [135.751082, 35.523088], [135.750806, 35.518854], [135.750467, 35.516017], [135.750149, 35.516067], [135.749982, 35.515374], [135.749218, 35.513829], [135.748876, 35.513941], [135.748515, 35.513386], [135.748132, 35.513508], [135.747214, 35.511213], [135.746574, 35.510549], [135.746038, 35.509219], [135.745406, 35.508803], [135.744899, 35.508222], [135.744269, 35.507178], [135.743999, 35.506446], [135.743747, 35.506182], [135.742752, 35.506737], [135.742115, 35.505891], [135.741956, 35.504796], [135.741651, 35.504386], [135.742763, 35.503523], [135.743956, 35.503114], [135.743001, 35.502185], [135.742529, 35.502397], [135.74258, 35.502483], [135.741522, 35.503356], [135.740944, 35.503525], [135.740476, 35.502769], [135.739929, 35.502951], [135.739881, 35.50286], [135.739174, 35.503101], [135.739514, 35.503628], [135.738108, 35.503886], [135.737586, 35.503041], [135.736611, 35.503386], [135.736448, 35.503169], [135.736212, 35.502769], [135.737058, 35.502455], [135.736075, 35.500753], [135.734882, 35.501195], [135.73453, 35.500576], [135.738686, 35.498974], [135.739269, 35.499969], [135.740955, 35.499342], [135.740772, 35.499019], [135.741144, 35.498868], [135.73976, 35.496781], [135.736986, 35.493513], [135.736362, 35.493078], [135.735713, 35.49284], [135.734367, 35.492663], [135.733173, 35.493303], [135.732004, 35.494882], [135.731653, 35.494908], [135.731333, 35.495089], [135.730401, 35.495178], [135.729636, 35.495016], [135.729702, 35.494282], [135.729268, 35.493789], [135.728879, 35.493629], [135.728971, 35.49311], [135.728618, 35.492875], [135.728197, 35.492792], [135.728071, 35.492464], [135.727166, 35.491767], [135.72517, 35.49176], [135.724824, 35.492063], [135.724489, 35.491933], [135.723796, 35.49201], [135.722459, 35.491751], [135.722018, 35.491889], [135.721792, 35.491811], [135.720623, 35.492299], [135.720582, 35.491968], [135.720352, 35.492042], [135.720414, 35.491809], [135.719853, 35.491364], [135.719899, 35.490968], [135.72006, 35.490784], [135.71983, 35.490651], [135.720014, 35.490457], [135.719893, 35.490355], [135.720161, 35.490252], [135.72006, 35.490071], [135.720183, 35.489996], [135.719863, 35.489678], [135.720579, 35.489328], [135.720728, 35.488246], [135.720321, 35.487812], [135.719837, 35.487667], [135.719119, 35.487109], [135.719131, 35.486337], [135.719361, 35.486039], [135.719561, 35.486037], [135.719644, 35.485841], [135.719623, 35.485367], [135.71941, 35.484905], [135.718735, 35.484352], [135.71773, 35.483992], [135.716872, 35.484469], [135.716796, 35.48389], [135.71636, 35.483659], [135.713841, 35.483271], [135.712443, 35.483271], [135.711789, 35.483434], [135.711342, 35.483716], [135.710445, 35.484649], [135.710431, 35.485028], [135.71067, 35.485585], [135.71038, 35.485796], [135.710149, 35.486822], [135.709537, 35.487344], [135.708465, 35.488787], [135.708038, 35.489043], [135.708021, 35.489395], [135.707698, 35.489863], [135.707266, 35.489844], [135.706756, 35.489481], [135.706488, 35.489546], [135.706068, 35.489392], [135.705879, 35.489115], [135.705522, 35.489185], [135.705, 35.488818], [135.70463, 35.488782], [135.703991, 35.488915], [135.703701, 35.489291], [135.703214, 35.489209], [135.701842, 35.489723], [135.701587, 35.490309], [135.701652, 35.490483], [135.701947, 35.490576], [135.702163, 35.491306], [135.701487, 35.492065], [135.701473, 35.492507], [135.701243, 35.492466], [135.701409, 35.492957], [135.701001, 35.493609], [135.701317, 35.49386], [135.701341, 35.494135], [135.701151, 35.494284], [135.701281, 35.494326], [135.701234, 35.494511], [135.700909, 35.494551], [135.700772, 35.49471], [135.700549, 35.494721], [135.700471, 35.494612], [135.70061, 35.494215], [135.700438, 35.494013], [135.700797, 35.493796], [135.700807, 35.493624], [135.700402, 35.493408], [135.700232, 35.492926], [135.699774, 35.492902], [135.699445, 35.492356], [135.699141, 35.492382], [135.698586, 35.491741], [135.697163, 35.491469], [135.69675, 35.491507], [135.695722, 35.491151], [135.695605, 35.491011], [135.695744, 35.490731], [135.695303, 35.490553], [135.695367, 35.49016], [135.695001, 35.489255], [135.694626, 35.489036], [135.694311, 35.489048], [135.693928, 35.488864], [135.693597, 35.488917], [135.693324, 35.48867], [135.692336, 35.488235], [135.691916, 35.487706], [135.690703, 35.487594], [135.690318, 35.487909], [135.688844, 35.488228], [135.688271, 35.487973], [135.687679, 35.487939], [135.687193, 35.487613], [135.686294, 35.487472], [135.68547, 35.487374], [135.684725, 35.487478], [135.681314, 35.48711], [135.680481, 35.487121], [135.679293, 35.487575], [135.678054, 35.487304], [135.675461, 35.487507], [135.672708, 35.48798], [135.672234, 35.488112], [135.67195, 35.488448], [135.671564, 35.488348], [135.672296, 35.490383], [135.6722, 35.491046], [135.671996, 35.491359], [135.671197, 35.491019], [135.670965, 35.491024], [135.670926, 35.490794], [135.670671, 35.490563], [135.669618, 35.49005], [135.669109, 35.489476], [135.668799, 35.489301], [135.668007, 35.489278], [135.665796, 35.489841], [135.665127, 35.490168], [135.665388, 35.490882], [135.665276, 35.491809], [135.665511, 35.492164], [135.664687, 35.492509], [135.664264, 35.492479], [135.663784, 35.493589], [135.662792, 35.493833], [135.661548, 35.493286], [135.661509, 35.492794], [135.66132, 35.492488], [135.660421, 35.49231], [135.66014, 35.492042], [135.660165, 35.491603], [135.660432, 35.491196], [135.660176, 35.490852], [135.660103, 35.490257], [135.659907, 35.490093], [135.660111, 35.48934], [135.659905, 35.488534], [135.658907, 35.4877], [135.657777, 35.487256], [135.657919, 35.48709], [135.657917, 35.486785], [135.658322, 35.486461], [135.658067, 35.485412], [135.65669, 35.48455], [135.656137, 35.483913], [135.655898, 35.483803], [135.656203, 35.483312], [135.656321, 35.483368], [135.656206, 35.482848], [135.654339, 35.481994], [135.654559, 35.481618], [135.654597, 35.481078], [135.654109, 35.480425], [135.653331, 35.480019], [135.651735, 35.479976], [135.650949, 35.479196], [135.650254, 35.478847], [135.649131, 35.47892], [135.648085, 35.479417], [135.648168, 35.478256], [135.646955, 35.478523], [135.645173, 35.478726], [135.645114, 35.477885], [135.644864, 35.477704], [135.644788, 35.477317], [135.645104, 35.476423], [135.644794, 35.475811], [135.644753, 35.475166], [135.645748, 35.473564], [135.646174, 35.47335], [135.646889, 35.472514], [135.646798, 35.47116], [135.646171, 35.469825], [135.646758, 35.469299], [135.647467, 35.468372], [135.647491, 35.468162], [135.647161, 35.467707], [135.647166, 35.467478], [135.647576, 35.466894], [135.647709, 35.46608], [135.64824, 35.465669], [135.64848, 35.465048], [135.648102, 35.464744], [135.646369, 35.464035], [135.645584, 35.463458], [135.644632, 35.463269], [135.643861, 35.462973], [135.643016, 35.462944], [135.642568, 35.462762], [135.642209, 35.461969], [135.641474, 35.461287], [135.641387, 35.460046], [135.64083, 35.459186], [135.640806, 35.458957], [135.641358, 35.45825], [135.641349, 35.456463], [135.641499, 35.456142], [135.643474, 35.455309], [135.643806, 35.455017], [135.644025, 35.454382], [135.645358, 35.453424], [135.646632, 35.45271], [135.646996, 35.451705], [135.647173, 35.450104], [135.644754, 35.449534], [135.644242, 35.448429], [135.641367, 35.447626], [135.640061, 35.447609], [135.639737, 35.447367], [135.639471, 35.446907], [135.639183, 35.446758], [135.638624, 35.446838], [135.638344, 35.4472], [135.636437, 35.447064], [135.635932, 35.446857], [135.634919, 35.446029], [135.633705, 35.445685], [135.633108, 35.445264], [135.631695, 35.444589], [135.631021, 35.444687], [135.629931, 35.445204], [135.627392, 35.44573], [135.626807, 35.445535], [135.626309, 35.445598], [135.623533, 35.445268], [135.622351, 35.445304], [135.622167, 35.444688], [135.62151, 35.444129], [135.620731, 35.443197], [135.620718, 35.442202], [135.620966, 35.441609], [135.620745, 35.441175], [135.619922, 35.441062], [135.619357, 35.44135], [135.618468, 35.441305], [135.617579, 35.440226], [135.616087, 35.440051], [135.614164, 35.440547], [135.613079, 35.441102], [135.612057, 35.440961], [135.611106, 35.441485], [135.610422, 35.441496], [135.609202, 35.441276], [135.608932, 35.441157], [135.608546, 35.440717], [135.608125, 35.440542], [135.606511, 35.440429], [135.606379, 35.439858], [135.605428, 35.439469], [135.604849, 35.438994], [135.604365, 35.438023], [135.602855, 35.437192], [135.60231, 35.436572], [135.600888, 35.436385], [135.600543, 35.435368], [135.599239, 35.434415], [135.597314, 35.434082], [135.595983, 35.434421], [135.595205, 35.434206], [135.594588, 35.434212], [135.592807, 35.434616], [135.592393, 35.4344], [135.591514, 35.433393], [135.591107, 35.43332], [135.590376, 35.433613], [135.589301, 35.433267], [135.588904, 35.43275], [135.588977, 35.432037], [135.588763, 35.430207], [135.590205, 35.429558], [135.59133, 35.428254], [135.591633, 35.428062], [135.592632, 35.427803], [135.593364, 35.427113], [135.594717, 35.42622], [135.595882, 35.425656], [135.597759, 35.425356], [135.598365, 35.42473], [135.598386, 35.424381], [135.598131, 35.423622], [135.598103, 35.422608], [135.598165, 35.422253], [135.598599, 35.421512], [135.598427, 35.420694], [135.598661, 35.420107], [135.598757, 35.419091], [135.598939, 35.418896], [135.600176, 35.418502], [135.600924, 35.41793], [135.60175, 35.417997], [135.602628, 35.417574], [135.603636, 35.417437], [135.60453, 35.415779], [135.605308, 35.416011], [135.606357, 35.415921], [135.606754, 35.415988], [135.608731, 35.417076], [135.610139, 35.417083], [135.610639, 35.416869], [135.611339, 35.416204], [135.611842, 35.41604], [135.612858, 35.415951], [135.613493, 35.415738], [135.613857, 35.414907], [135.614107, 35.414666], [135.614528, 35.414473], [135.615206, 35.414411], [135.616151, 35.415717], [135.616591, 35.416126], [135.619016, 35.417263], [135.619954, 35.419204], [135.619931, 35.420056], [135.619654, 35.420578], [135.620924, 35.42193], [135.621247, 35.421972], [135.622021, 35.421418], [135.623996, 35.421752], [135.626815, 35.421334], [135.627754, 35.42139], [135.628386, 35.421579], [135.629705, 35.422551], [135.62988, 35.423027], [135.629702, 35.423426], [135.629757, 35.423812], [135.630548, 35.424936], [135.631444, 35.425854], [135.631852, 35.426544], [135.632197, 35.426701], [135.633642, 35.426219], [135.634328, 35.426277], [135.635027, 35.425994], [135.635834, 35.426124], [135.636477, 35.425996], [135.637026, 35.425659], [135.637802, 35.424687], [135.638488, 35.424714], [135.639092, 35.425146], [135.639411, 35.425177], [135.641047, 35.424499], [135.641196, 35.42372], [135.641545, 35.423046], [135.641661, 35.421949], [135.642089, 35.42131], [135.642182, 35.420142], [135.642604, 35.419346], [135.643536, 35.416661], [135.644236, 35.416707], [135.644681, 35.416862], [135.645079, 35.41719], [135.645616, 35.417307], [135.646149, 35.417318], [135.647144, 35.417109], [135.648037, 35.417216], [135.650203, 35.415956], [135.651115, 35.415963], [135.65241, 35.416175], [135.65338, 35.415819], [135.65437, 35.415736], [135.655282, 35.415091], [135.655595, 35.414564], [135.656319, 35.414117], [135.657077, 35.412966], [135.657332, 35.412948], [135.657999, 35.41328], [135.659029, 35.413576], [135.659585, 35.413605], [135.660326, 35.413404], [135.660821, 35.413627], [135.661178, 35.413579], [135.661312, 35.412702], [135.662759, 35.411853], [135.663247, 35.411376], [135.664354, 35.411109], [135.665699, 35.410293], [135.666529, 35.410257], [135.667865, 35.410443], [135.667892, 35.412119], [135.668362, 35.412906], [135.669312, 35.413834], [135.669505, 35.414877], [135.669733, 35.415227], [135.670876, 35.416189], [135.671662, 35.417214], [135.67252, 35.417865], [135.673037, 35.417953], [135.674548, 35.417755], [135.677035, 35.418117], [135.678086, 35.418015], [135.679837, 35.418466], [135.682142, 35.41867], [135.681977, 35.416728], [135.682281, 35.415459], [135.683657, 35.415451], [135.684656, 35.415159], [135.685542, 35.414719], [135.686274, 35.414171], [135.686999, 35.41395], [135.688249, 35.412867], [135.689822, 35.412669], [135.690313, 35.412263], [135.690943, 35.411453], [135.691411, 35.411223], [135.692346, 35.41123], [135.693466, 35.410331], [135.694543, 35.410473], [135.696442, 35.410081], [135.698247, 35.410202], [135.700166, 35.409902], [135.700829, 35.409583], [135.701904, 35.409361], [135.702499, 35.40943], [135.702905, 35.409612], [135.703459, 35.410158], [135.704393, 35.410426], [135.704741, 35.410787], [135.705433, 35.410385], [135.706943, 35.410056], [135.708811, 35.409306], [135.711348, 35.409291], [135.711781, 35.409236], [135.712596, 35.408885], [135.713229, 35.409276], [135.713663, 35.409727], [135.714257, 35.410846], [135.714565, 35.411889], [135.715118, 35.412249], [135.716469, 35.413573], [135.717821, 35.413738], [135.718325, 35.413909], [135.718784, 35.41418], [135.719237, 35.414741], [135.719705, 35.414901], [135.721005, 35.414655], [135.722039, 35.414141], [135.724139, 35.414114], [135.725914, 35.413804], [135.727679, 35.413924], [135.727907, 35.414044], [135.728197, 35.414646], [135.728975, 35.415542], [135.729004, 35.416436], [135.729829, 35.417665], [135.729998, 35.418517], [135.733201, 35.41829], [135.734236, 35.41741], [135.735041, 35.416959], [135.736367, 35.415949], [135.738484, 35.416538], [135.739459, 35.416992], [135.740224, 35.416889], [135.742283, 35.416337], [135.742743, 35.416052], [135.74339, 35.415378], [135.743979, 35.415191], [135.744487, 35.414786], [135.74623, 35.41442], [135.747158, 35.414791], [135.748167, 35.414142], [135.749594, 35.413676], [135.750384, 35.413543], [135.751286, 35.413569], [135.752405, 35.413338], [135.754834, 35.412446], [135.75566, 35.412319], [135.75691, 35.410675], [135.757836, 35.409886], [135.759352, 35.409696], [135.760305, 35.40993], [135.760669, 35.409037], [135.762132, 35.407574], [135.762386, 35.406968], [135.763226, 35.406026], [135.763717, 35.405114], [135.764524, 35.40475], [135.767376, 35.404241], [135.768049, 35.40389], [135.768588, 35.403041], [135.769788, 35.401617], [135.770051, 35.401025], [135.770056, 35.400683], [135.769556, 35.399864], [135.769756, 35.39904], [135.769779, 35.397815], [135.769992, 35.397219], [135.770397, 35.396911], [135.771686, 35.396475], [135.772004, 35.395332], [135.772291, 35.394952], [135.772889, 35.39454], [135.773662, 35.393609], [135.773879, 35.393513], [135.774573, 35.39365], [135.775663, 35.393574], [135.776791, 35.394253], [135.777158, 35.394324], [135.778557, 35.393583], [135.780282, 35.392307], [135.782403, 35.39185], [135.784209, 35.391783], [135.785485, 35.391459], [135.786917, 35.390446], [135.788201, 35.39003], [135.788623, 35.389781], [135.789019, 35.389123], [135.789087, 35.388277], [135.789369, 35.387435], [135.789909, 35.387008], [135.790893, 35.386639], [135.794054, 35.387419], [135.795239, 35.387385], [135.796604, 35.386988], [135.797764, 35.386409], [135.798387, 35.385898], [135.799234, 35.384851], [135.800211, 35.38509], [135.801143, 35.384999], [135.802722, 35.385135], [135.803591, 35.384942], [135.804949, 35.384386], [135.806842, 35.384897], [135.807528, 35.385362], [135.807771, 35.385884], [135.807917, 35.387044], [135.808768, 35.388246], [135.808943, 35.389147], [135.809303, 35.390054], [135.80997, 35.391091], [135.810149, 35.391652], [135.809187, 35.392304], [135.808341, 35.39314], [135.808099, 35.393571], [135.807973, 35.394436], [135.808091, 35.395241], [135.808389, 35.396018], [135.809547, 35.398312], [135.809374, 35.399495], [135.810066, 35.400351], [135.810073, 35.401103], [135.810544, 35.403012], [135.810385, 35.404326], [135.810724, 35.406209], [135.810565, 35.408482], [135.810669, 35.409234], [135.811473, 35.410689], [135.812265, 35.41152], [135.813214, 35.412978], [135.813657, 35.413301], [135.814651, 35.413098], [135.815468, 35.413161], [135.816479, 35.412679], [135.8172, 35.412735], [135.818984, 35.412521], [135.820813, 35.413042], [135.824517, 35.414678], [135.824871, 35.414695], [135.825674, 35.414372], [135.826694, 35.41465], [135.827699, 35.414338], [135.829226, 35.413544], [135.830393, 35.413168], [135.831266, 35.412726], [135.831891, 35.412252], [135.832708, 35.412473], [135.833941, 35.412031], [135.836314, 35.412008], [135.836952, 35.412286], [135.837576, 35.41344], [135.838082, 35.414002], [135.838601, 35.414308], [135.839051, 35.414354], [135.840163, 35.413798], [135.840655, 35.413389], [135.841403, 35.413083], [135.843803, 35.413157], [135.844157, 35.413077], [135.846123, 35.41131], [135.847189, 35.41148], [135.84791, 35.411094], [135.848716, 35.41102], [135.849678, 35.410594], [135.850919, 35.410662], [135.852394, 35.410577], [135.852636, 35.410702], [135.853133, 35.411537], [135.853459, 35.412848], [135.853552, 35.413992], [135.854087, 35.414839], [135.854515, 35.415316], [135.855808, 35.416209], [135.856431, 35.417057], [135.857284, 35.417362], [135.857542, 35.417907], [135.8579, 35.418241], [135.857456, 35.418988], [135.858013, 35.420158], [135.858079, 35.420694], [135.857843, 35.421783], [135.857908, 35.422352], [135.858631, 35.423246], [135.858513, 35.423944], [135.858828, 35.424974], [135.85869, 35.425408], [135.858782, 35.426267], [135.859347, 35.427033], [135.859794, 35.42801], [135.860424, 35.428539], [135.859374, 35.431097], [135.859374, 35.431837], [135.859164, 35.432299], [135.858622, 35.432732], [135.857271, 35.432979], [135.855806, 35.435327], [135.855174, 35.436093], [135.854899, 35.436694], [135.854365, 35.437158], [135.85388, 35.437286], [135.853197, 35.437769], [135.852213, 35.438166], [135.851838, 35.439049], [135.851418, 35.439436], [135.851161, 35.439939], [135.849639, 35.441506], [135.849045, 35.442333], [135.848179, 35.442247], [135.847247, 35.441807], [135.845668, 35.442341], [135.845052, 35.442179], [135.844133, 35.442405], [135.842817, 35.442456], [135.842292, 35.442124], [135.841859, 35.441416], [135.841361, 35.441297], [135.840901, 35.441351], [135.839849, 35.441986], [135.839219, 35.442104], [135.8382, 35.442754], [135.835956, 35.443441], [135.835415, 35.4438], [135.83447, 35.444744], [135.832827, 35.445422], [135.831409, 35.446831], [135.830556, 35.447379], [135.829779, 35.448127], [135.829162, 35.44847], [135.827745, 35.448867], [135.825169, 35.449836], [135.824828, 35.449912], [135.823775, 35.449815], [135.822227, 35.450083], [135.819612, 35.450945], [135.818956, 35.451503], [135.817576, 35.453223], [135.817287, 35.454236], [135.816919, 35.454783], [135.816762, 35.455717], [135.816176, 35.456365], [135.815218, 35.457073], [135.815421, 35.457839], [135.815395, 35.458806], [135.815598, 35.459296], [135.815165, 35.461055], [135.815611, 35.461409], [135.815663, 35.461646], [135.815401, 35.462386], [135.814501, 35.463516], [135.811997, 35.464721], [135.811052, 35.464947], [135.81058, 35.465301], [135.810081, 35.466125], [135.810278, 35.468981], [135.809779, 35.469765], [135.809976, 35.469947], [135.810619, 35.470066], [135.812497, 35.474157], [135.811866, 35.475686], [135.808208, 35.477126], [135.807392, 35.477187], [135.806487, 35.477573], [135.803359, 35.479183], [135.803702, 35.479954], [135.803235, 35.48022], [135.802698, 35.479551], [135.801833, 35.48], [135.800247, 35.481148], [135.799176, 35.482139], [135.798691, 35.482772], [135.799026, 35.483194], [135.798579, 35.483655], [135.798934, 35.484256], [135.798592, 35.484385], [135.798947, 35.485008], [135.799183, 35.484943], [135.799359, 35.48528], [135.797324, 35.485774], [135.797521, 35.486375], [135.796365, 35.488085], [135.796378, 35.488493], [135.796615, 35.489062], [135.796919, 35.489677], [135.797207, 35.489881], [135.798362, 35.490213], [135.79952, 35.490167], [135.800609, 35.489909], [135.801173, 35.490049], [135.802538, 35.490757], [135.803224, 35.490972], [135.805061, 35.490693], [135.806186, 35.490828], [135.807341, 35.490324], [135.808037, 35.490356], [135.809445, 35.489934], [135.811217, 35.489376], [135.81196, 35.489029], [135.812407, 35.488482], [135.812905, 35.487516], [135.814679, 35.487212], [135.816091, 35.485427], [135.816314, 35.484805], [135.81617, 35.484107], [135.816402, 35.483777], [135.816822, 35.484035], [135.817557, 35.483659], [135.817898, 35.483198], [135.818819, 35.482824], [135.81979, 35.481998], [135.821812, 35.4807], [135.823475, 35.479769], [135.824873, 35.479249], [135.826117, 35.479474], [135.827269, 35.480266], [135.828621, 35.481485], [135.830548, 35.481679], [135.831779, 35.482407], [135.832394, 35.482279], [135.833967, 35.48285], [135.834855, 35.483527], [135.835536, 35.483067], [135.835955, 35.483121], [135.83699, 35.48251], [135.837461, 35.482467], [135.839606, 35.483358], [135.840195, 35.483744], [135.841671, 35.484163], [135.84319, 35.484292], [135.843491, 35.485106], [135.84458, 35.486298], [135.844763, 35.486767], [135.844331, 35.488727], [135.844403, 35.489526], [135.843827, 35.491055], [135.843756, 35.491824], [135.842656, 35.493298], [135.842308, 35.495125], [135.84236, 35.495636], [135.842709, 35.496135], [135.842918, 35.496863], [135.843749, 35.497701], [135.843871, 35.498643], [135.844709, 35.499503], [135.844605, 35.500188], [135.845041, 35.500944], [135.845032, 35.501234], [135.845364, 35.50199], [135.845294, 35.502347], [135.844823, 35.502847], [135.844687, 35.503172], [135.843556, 35.50413], [135.8436, 35.504736], [135.842907, 35.505259], [135.842121, 35.506959], [135.841907, 35.507124], [135.841246, 35.507268], [135.84091, 35.507649], [135.841018, 35.508186], [135.841589, 35.508625], [135.841889, 35.509314], [135.842395, 35.509764], [135.841448, 35.513008], [135.841074, 35.51336], [135.839536, 35.514175], [135.838291, 35.515107], [135.837519, 35.515528], [135.836654, 35.517089], [135.836498, 35.51766], [135.836098, 35.518214], [135.835436, 35.518799], [135.834865, 35.52003], [135.833961, 35.520565], [135.833155, 35.521599], [135.832048, 35.522502], [135.833555, 35.524263], [135.834602, 35.524796], [135.835308, 35.525835], [135.836203, 35.526846], [135.836986, 35.527321], [135.838041, 35.527691], [135.839767, 35.529498], [135.84143, 35.530709], [135.841945, 35.531248], [135.841892, 35.532193], [135.842616, 35.53308], [135.842837, 35.533594], [135.843957, 35.533649], [135.844355, 35.534262], [135.84539, 35.534884], [135.847177, 35.535541], [135.848354, 35.535678], [135.848781, 35.536417], [135.849594, 35.537353], [135.849471, 35.537981], [135.850421, 35.540286], [135.851048, 35.540694], [135.851336, 35.541039], [135.850688, 35.542002], [135.850356, 35.542879], [135.849451, 35.543638], [135.848481, 35.54534], [135.847754, 35.545667], [135.846354, 35.545911], [135.845829, 35.546254], [135.84555, 35.547439], [135.845214, 35.547728], [135.845026, 35.548259], [135.844168, 35.549204], [135.842578, 35.549603], [135.839415, 35.550066], [135.839104, 35.550802], [135.838608, 35.551521], [135.83791, 35.552024], [135.836826, 35.552431], [135.835997, 35.553644], [135.835479, 35.554136], [135.833817, 35.55421], [135.832769, 35.555339], [135.832211, 35.555544], [135.831391, 35.556117], [135.830234, 35.556614], [135.829423, 35.557165], [135.828991, 35.557676], [135.827933, 35.557913], [135.827429, 35.558353], [135.825162, 35.558771], [135.821989, 35.559823], [135.821364, 35.560489], [135.821282, 35.561241], [135.820637, 35.562086], [135.82056, 35.562769], [135.820352, 35.563183], [135.820374, 35.563884], [135.819986, 35.564436], [135.819494, 35.564812], [135.819071, 35.566045], [135.818384, 35.566317], [135.816887, 35.566554], [135.816248, 35.566769], [135.81513, 35.566822], [135.814669, 35.566963], [135.814297, 35.567211], [135.813809, 35.568026], [135.813266, 35.568389], [135.813119, 35.568875], [135.813356, 35.569462], [135.815082, 35.571524]]], [[[135.810522, 35.576846], [135.810598, 35.576817], [135.810607, 35.576895], [135.810522, 35.576846]]], [[[135.810501, 35.575271], [135.81058, 35.575232], [135.810631, 35.575341], [135.810501, 35.575271]]], [[[135.810216, 35.575239], [135.810377, 35.575166], [135.810327, 35.575304], [135.810216, 35.575239]]], [[[135.810516, 35.575041], [135.810653, 35.575024], [135.810575, 35.575091], [135.810516, 35.575041]]], [[[135.810294, 35.572611], [135.810486, 35.572618], [135.810362, 35.572682], [135.810294, 35.572611]]], [[[135.733823, 35.572013], [135.734108, 35.571855], [135.733909, 35.572056], [135.733823, 35.572013]]], [[[135.734833, 35.571652], [135.735002, 35.571399], [135.735287, 35.57137], [135.735131, 35.571616], [135.734833, 35.571652]]], [[[135.808745, 35.571345], [135.809107, 35.571405], [135.808906, 35.571462], [135.808745, 35.571345]]], [[[135.733809, 35.57102], [135.733985, 35.570966], [135.733897, 35.571095], [135.733809, 35.57102]]], [[[135.740295, 35.570799], [135.74043, 35.570746], [135.740404, 35.570837], [135.740295, 35.570799]]], [[[135.740658, 35.570731], [135.741165, 35.570388], [135.741416, 35.570523], [135.741261, 35.570721], [135.740971, 35.57064], [135.740658, 35.570731]]], [[[135.715761, 35.570389], [135.715804, 35.570197], [135.716201, 35.570001], [135.715998, 35.570475], [135.715761, 35.570389]]], [[[135.806447, 35.570119], [135.806567, 35.570034], [135.806652, 35.570201], [135.806447, 35.570119]]], [[[135.806769, 35.570027], [135.806892, 35.569971], [135.806938, 35.570051], [135.806769, 35.570027]]], [[[135.803094, 35.570024], [135.803179, 35.569985], [135.803215, 35.570049], [135.803094, 35.570024]]], [[[135.802602, 35.569994], [135.802667, 35.569934], [135.802736, 35.569992], [135.802602, 35.569994]]], [[[135.802832, 35.569977], [135.80299, 35.569921], [135.802932, 35.570026], [135.802832, 35.569977]]], [[[135.72886, 35.56982], [135.728963, 35.569768], [135.728936, 35.569883], [135.72886, 35.56982]]], [[[135.716575, 35.569641], [135.716667, 35.569652], [135.716611, 35.569762], [135.716575, 35.569641]]], [[[135.727323, 35.569368], [135.727457, 35.569297], [135.727408, 35.569414], [135.727323, 35.569368]]], [[[135.803039, 35.567702], [135.803088, 35.56754], [135.803288, 35.567624], [135.803158, 35.567777], [135.803039, 35.567702]]], [[[135.742209, 35.567222], [135.742334, 35.567195], [135.742344, 35.567301], [135.742209, 35.567222]]], [[[135.80333, 35.566987], [135.803509, 35.56693], [135.803481, 35.567033], [135.80333, 35.566987]]], [[[135.802994, 35.566814], [135.803149, 35.566836], [135.80316, 35.566928], [135.802994, 35.566814]]], [[[135.748972, 35.566867], [135.749036, 35.566846], [135.749089, 35.566899], [135.748972, 35.566867]]], [[[135.748575, 35.566696], [135.748877, 35.566613], [135.748814, 35.566768], [135.748575, 35.566696]]], [[[135.743241, 35.566401], [135.743298, 35.566326], [135.743381, 35.566404], [135.743241, 35.566401]]], [[[135.743476, 35.566142], [135.743635, 35.566097], [135.743529, 35.566208], [135.743476, 35.566142]]], [[[135.711559, 35.566052], [135.711722, 35.565977], [135.711715, 35.566087], [135.711559, 35.566052]]], [[[135.803897, 35.564615], [135.804186, 35.56451], [135.804158, 35.564654], [135.803897, 35.564615]]], [[[135.807847, 35.564429], [135.807927, 35.564352], [135.807979, 35.564386], [135.807847, 35.564429]]], [[[135.809782, 35.564142], [135.809863, 35.564094], [135.80981, 35.56417], [135.809782, 35.564142]]], [[[135.710615, 35.563984], [135.710704, 35.563946], [135.710724, 35.564012], [135.710615, 35.563984]]], [[[135.710816, 35.563989], [135.710994, 35.563934], [135.710927, 35.564039], [135.710816, 35.563989]]], [[[135.809924, 35.563923], [135.810141, 35.563924], [135.809982, 35.564022], [135.809924, 35.563923]]], [[[135.810256, 35.563774], [135.810317, 35.563771], [135.810311, 35.563849], [135.810256, 35.563774]]], [[[135.709374, 35.563747], [135.709559, 35.563697], [135.709516, 35.563809], [135.709374, 35.563747]]], [[[135.812044, 35.563713], [135.812096, 35.563694], [135.812128, 35.563725], [135.812044, 35.563713]]], [[[135.810696, 35.56363], [135.810795, 35.563514], [135.810957, 35.563612], [135.810914, 35.563705], [135.810696, 35.56363]]], [[[135.706609, 35.563424], [135.706743, 35.563395], [135.70669, 35.563541], [135.706609, 35.563424]]], [[[135.810529, 35.563403], [135.810596, 35.563404], [135.810604, 35.563454], [135.810529, 35.563403]]], [[[135.751472, 35.563384], [135.751519, 35.563365], [135.751526, 35.563408], [135.751472, 35.563384]]], [[[135.751619, 35.563261], [135.751667, 35.563245], [135.751676, 35.563276], [135.751619, 35.563261]]], [[[135.751447, 35.563106], [135.751501, 35.56313], [135.751455, 35.563136], [135.751447, 35.563106]]], [[[135.751618, 35.563009], [135.751644, 35.563001], [135.751648, 35.563027], [135.751618, 35.563009]]], [[[135.751366, 35.562897], [135.751431, 35.562878], [135.751409, 35.56291], [135.751366, 35.562897]]], [[[135.705242, 35.56223], [135.705349, 35.56218], [135.705381, 35.562261], [135.705242, 35.56223]]], [[[135.705497, 35.562151], [135.705717, 35.562206], [135.705601, 35.562286], [135.705497, 35.562151]]], [[[135.70249, 35.560659], [135.702663, 35.560631], [135.702584, 35.560728], [135.70249, 35.560659]]], [[[135.704163, 35.560527], [135.704302, 35.560499], [135.704228, 35.56058], [135.704163, 35.560527]]], [[[135.704168, 35.560373], [135.704303, 35.560364], [135.704243, 35.560441], [135.704168, 35.560373]]], [[[135.811543, 35.559633], [135.81188, 35.559355], [135.812087, 35.559508], [135.811793, 35.559701], [135.811543, 35.559633]]], [[[135.764721, 35.559388], [135.764891, 35.559193], [135.765144, 35.559191], [135.765063, 35.559422], [135.764721, 35.559388]]], [[[135.703099, 35.559208], [135.703244, 35.559196], [135.703147, 35.559281], [135.703099, 35.559208]]], [[[135.811834, 35.559245], [135.811884, 35.559227], [135.811903, 35.559269], [135.811834, 35.559245]]], [[[135.752751, 35.558945], [135.752824, 35.558931], [135.75279, 35.55897], [135.752751, 35.558945]]], [[[135.703306, 35.558878], [135.703358, 35.558781], [135.703461, 35.558811], [135.703306, 35.558878]]], [[[135.811627, 35.558842], [135.811682, 35.55884], [135.811679, 35.558873], [135.811627, 35.558842]]], [[[135.752767, 35.558767], [135.752801, 35.558774], [135.752784, 35.558783], [135.752767, 35.558767]]], [[[135.752947, 35.558748], [135.752967, 35.558738], [135.752968, 35.558761], [135.752947, 35.558748]]], [[[135.811664, 35.558677], [135.811852, 35.558616], [135.81182, 35.558707], [135.811664, 35.558677]]], [[[135.752787, 35.558639], [135.752811, 35.558636], [135.752819, 35.558654], [135.752787, 35.558639]]], [[[135.765589, 35.55852], [135.765802, 35.558484], [135.765733, 35.558579], [135.765589, 35.55852]]], [[[135.752869, 35.558516], [135.752917, 35.558501], [135.752931, 35.558548], [135.752869, 35.558516]]], [[[135.766481, 35.557122], [135.766566, 35.557089], [135.766543, 35.55715], [135.766481, 35.557122]]], [[[135.766679, 35.556887], [135.766822, 35.556788], [135.766934, 35.556907], [135.766786, 35.55698], [135.766679, 35.556887]]], [[[135.766491, 35.556846], [135.766569, 35.556848], [135.766523, 35.556873], [135.766491, 35.556846]]], [[[135.815277, 35.556605], [135.815332, 35.556586], [135.815318, 35.556632], [135.815277, 35.556605]]], [[[135.815125, 35.556599], [135.815167, 35.556588], [135.815179, 35.556615], [135.815125, 35.556599]]], [[[135.815457, 35.556505], [135.815579, 35.556461], [135.815731, 35.556546], [135.815457, 35.556505]]], [[[135.764069, 35.55633], [135.76425, 35.556254], [135.764219, 35.556466], [135.764069, 35.55633]]], [[[135.763975, 35.555425], [135.764107, 35.555366], [135.764158, 35.555495], [135.764039, 35.555553], [135.763975, 35.555425]]], [[[135.698185, 35.555054], [135.698327, 35.55512], [135.698191, 35.55515], [135.698185, 35.555054]]], [[[135.69798, 35.554662], [135.698136, 35.554627], [135.698196, 35.554772], [135.698079, 35.554815], [135.69798, 35.554662]]], [[[135.697903, 35.554328], [135.698084, 35.554265], [135.698037, 35.554382], [135.697903, 35.554328]]], [[[135.697809, 35.554017], [135.697961, 35.553926], [135.697924, 35.554034], [135.697809, 35.554017]]], [[[135.819591, 35.553717], [135.819764, 35.553649], [135.81974, 35.553806], [135.819591, 35.553717]]], [[[135.695052, 35.552341], [135.695183, 35.552302], [135.695205, 35.55243], [135.695052, 35.552341]]], [[[135.694631, 35.552051], [135.69467, 35.55195], [135.69482, 35.552031], [135.694631, 35.552051]]], [[[135.765161, 35.551846], [135.765255, 35.551813], [135.765214, 35.551872], [135.765161, 35.551846]]], [[[135.764907, 35.551688], [135.765006, 35.551659], [135.76498, 35.55173], [135.764907, 35.551688]]], [[[135.77925, 35.551208], [135.779407, 35.551124], [135.779372, 35.551256], [135.77925, 35.551208]]], [[[135.764498, 35.551216], [135.764599, 35.551157], [135.76455, 35.551245], [135.764498, 35.551216]]], [[[135.780457, 35.551208], [135.780618, 35.551114], [135.780606, 35.551221], [135.780457, 35.551208]]], [[[135.779004, 35.551132], [135.779164, 35.551091], [135.779115, 35.551177], [135.779004, 35.551132]]], [[[135.76379, 35.551111], [135.763917, 35.551054], [135.763891, 35.551144], [135.76379, 35.551111]]], [[[135.756032, 35.548961], [135.756177, 35.548943], [135.756113, 35.549026], [135.756032, 35.548961]]], [[[135.756436, 35.54866], [135.756589, 35.548631], [135.75651, 35.548735], [135.756436, 35.54866]]], [[[135.689611, 35.548235], [135.68967, 35.548189], [135.689708, 35.548282], [135.689611, 35.548235]]], [[[135.782076, 35.547779], [135.782201, 35.54783], [135.782104, 35.547868], [135.782076, 35.547779]]], [[[135.68948, 35.547648], [135.689577, 35.547707], [135.689491, 35.547744], [135.68948, 35.547648]]], [[[135.688426, 35.54594], [135.688562, 35.545899], [135.688492, 35.546006], [135.688426, 35.54594]]], [[[135.760879, 35.545697], [135.760963, 35.545661], [135.760941, 35.545752], [135.760879, 35.545697]]], [[[135.761659, 35.545608], [135.761729, 35.545546], [135.761821, 35.545608], [135.761659, 35.545608]]], [[[135.782755, 35.545507], [135.782917, 35.545482], [135.782807, 35.545564], [135.782755, 35.545507]]], [[[135.76123, 35.545357], [135.761399, 35.545301], [135.761347, 35.545421], [135.76123, 35.545357]]], [[[135.761644, 35.545351], [135.761774, 35.545303], [135.761727, 35.545399], [135.761644, 35.545351]]], [[[135.782876, 35.545057], [135.783038, 35.545005], [135.782939, 35.545106], [135.782876, 35.545057]]], [[[135.688384, 35.544902], [135.688604, 35.544686], [135.688787, 35.544816], [135.688576, 35.544973], [135.688384, 35.544902]]], [[[135.761624, 35.544866], [135.761754, 35.544816], [135.761701, 35.544904], [135.761624, 35.544866]]], [[[135.783575, 35.544774], [135.783646, 35.544759], [135.783631, 35.544788], [135.783575, 35.544774]]], [[[135.78383, 35.544693], [135.783889, 35.544674], [135.783912, 35.54471], [135.78383, 35.544693]]], [[[135.689443, 35.543582], [135.689557, 35.543498], [135.689566, 35.543591], [135.689443, 35.543582]]], [[[135.68952, 35.543449], [135.68961, 35.54336], [135.689601, 35.543465], [135.68952, 35.543449]]], [[[135.759842, 35.543392], [135.759886, 35.54334], [135.759941, 35.543428], [135.759842, 35.543392]]], [[[135.760038, 35.543391], [135.760059, 35.543346], [135.760158, 35.543366], [135.760038, 35.543391]]], [[[135.68949, 35.543187], [135.689662, 35.543156], [135.68969, 35.543221], [135.68949, 35.543187]]], [[[135.757663, 35.543187], [135.757739, 35.543163], [135.757768, 35.543238], [135.757663, 35.543187]]], [[[135.759227, 35.543129], [135.759331, 35.543077], [135.759316, 35.543189], [135.759227, 35.543129]]], [[[135.759459, 35.543146], [135.759496, 35.543103], [135.759551, 35.543131], [135.759459, 35.543146]]], [[[135.792582, 35.542862], [135.792654, 35.542827], [135.792614, 35.542907], [135.792582, 35.542862]]], [[[135.792483, 35.542336], [135.792684, 35.542336], [135.792746, 35.542421], [135.792483, 35.542336]]], [[[135.811638, 35.538543], [135.811956, 35.538484], [135.811757, 35.538636], [135.811638, 35.538543]]], [[[135.811788, 35.538163], [135.81199, 35.538141], [135.812019, 35.538212], [135.811788, 35.538163]]], [[[135.811883, 35.537822], [135.812508, 35.537668], [135.812694, 35.538078], [135.812567, 35.538128], [135.812419, 35.537902], [135.812163, 35.537967], [135.811883, 35.537822]]], [[[135.812433, 35.536229], [135.812555, 35.536206], [135.812607, 35.536262], [135.812433, 35.536229]]], [[[135.813023, 35.535763], [135.813127, 35.535711], [135.813195, 35.535766], [135.813023, 35.535763]]], [[[135.804699, 35.533293], [135.804869, 35.533213], [135.804941, 35.533286], [135.804789, 35.533386], [135.804699, 35.533293]]], [[[135.787841, 35.533118], [135.787886, 35.53311], [135.787894, 35.533146], [135.787841, 35.533118]]], [[[135.804366, 35.533058], [135.804503, 35.532955], [135.804582, 35.533019], [135.804366, 35.533058]]], [[[135.805107, 35.533066], [135.805137, 35.532948], [135.805284, 35.533011], [135.805107, 35.533066]]], [[[135.788066, 35.533039], [135.788112, 35.533024], [135.788114, 35.533064], [135.788066, 35.533039]]], [[[135.805277, 35.5326], [135.805398, 35.53256], [135.805422, 35.532666], [135.805277, 35.5326]]], [[[135.805709, 35.532617], [135.805772, 35.532605], [135.805747, 35.532639], [135.805709, 35.532617]]], [[[135.803662, 35.532401], [135.803768, 35.532412], [135.803686, 35.532472], [135.803662, 35.532401]]], [[[135.805802, 35.53229], [135.806003, 35.532223], [135.805877, 35.532363], [135.805802, 35.53229]]], [[[135.803456, 35.532274], [135.803558, 35.532161], [135.803709, 35.5322], [135.803596, 35.53232], [135.803456, 35.532274]]], [[[135.806006, 35.53153], [135.806174, 35.531538], [135.806074, 35.531635], [135.806006, 35.53153]]], [[[135.795328, 35.531389], [135.795418, 35.531372], [135.795373, 35.531424], [135.795328, 35.531389]]], [[[135.794215, 35.531166], [135.794272, 35.531135], [135.794272, 35.531171], [135.794215, 35.531166]]], [[[135.794505, 35.531035], [135.79459, 35.531004], [135.794569, 35.531049], [135.794505, 35.531035]]], [[[135.793884, 35.531013], [135.793949, 35.53099], [135.793921, 35.531047], [135.793884, 35.531013]]], [[[135.794253, 35.531008], [135.794335, 35.531011], [135.794279, 35.531044], [135.794253, 35.531008]]], [[[135.802528, 35.529824], [135.802562, 35.529809], [135.802599, 35.529845], [135.802528, 35.529824]]], [[[135.80184, 35.529465], [135.801876, 35.529467], [135.801856, 35.529483], [135.80184, 35.529465]]], [[[135.801651, 35.529293], [135.801684, 35.529277], [135.801675, 35.529295], [135.801651, 35.529293]]], [[[135.800973, 35.529003], [135.801074, 35.529022], [135.801002, 35.529046], [135.800973, 35.529003]]], [[[135.800709, 35.528832], [135.800757, 35.528804], [135.800791, 35.528834], [135.800709, 35.528832]]], [[[135.800167, 35.528719], [135.800215, 35.528714], [135.800226, 35.528737], [135.800167, 35.528719]]], [[[135.800335, 35.528636], [135.80037, 35.528619], [135.800382, 35.528641], [135.800335, 35.528636]]], [[[135.800044, 35.528523], [135.800093, 35.528516], [135.800107, 35.528565], [135.800044, 35.528523]]], [[[135.73591, 35.525059], [135.735944, 35.524878], [135.736389, 35.524593], [135.736659, 35.524173], [135.736855, 35.524132], [135.738129, 35.524742], [135.738344, 35.525384], [135.737917, 35.525518], [135.737236, 35.525224], [135.736388, 35.525271], [135.73591, 35.525059]]], [[[135.715916, 35.521434], [135.716032, 35.521429], [135.715953, 35.521492], [135.715916, 35.521434]]], [[[135.714016, 35.520846], [135.714167, 35.520811], [135.714108, 35.520906], [135.714016, 35.520846]]], [[[135.715159, 35.520607], [135.715369, 35.520563], [135.715382, 35.520718], [135.715194, 35.520732], [135.715159, 35.520607]]], [[[135.714337, 35.520606], [135.71438, 35.520469], [135.714676, 35.520396], [135.714841, 35.52038], [135.714932, 35.520514], [135.714509, 35.520662], [135.714337, 35.520606]]], [[[135.683284, 35.499401], [135.683333, 35.499396], [135.683333, 35.499462], [135.683284, 35.499401]]], [[[135.682716, 35.499355], [135.682784, 35.499324], [135.682764, 35.499384], [135.682716, 35.499355]]], [[[135.682521, 35.497277], [135.682614, 35.497129], [135.682848, 35.497128], [135.683365, 35.497298], [135.683784, 35.497301], [135.683963, 35.49755], [135.683992, 35.497941], [135.683769, 35.498055], [135.683678, 35.498413], [135.683729, 35.49884], [135.683106, 35.499346], [135.682942, 35.499234], [135.682922, 35.499005], [135.682588, 35.498956], [135.682679, 35.498538], [135.682522, 35.498412], [135.682636, 35.498181], [135.682545, 35.497937], [135.682728, 35.497457], [135.682521, 35.497277]]], [[[135.683937, 35.498177], [135.684015, 35.498172], [135.683994, 35.498234], [135.683937, 35.498177]]], [[[135.682319, 35.49809], [135.682368, 35.49807], [135.682342, 35.498127], [135.682319, 35.49809]]], [[[135.682257, 35.497576], [135.682291, 35.497512], [135.682315, 35.4976], [135.682257, 35.497576]]], [[[135.682409, 35.497461], [135.682453, 35.497437], [135.68245, 35.497506], [135.682409, 35.497461]]], [[[135.682312, 35.497298], [135.682374, 35.497309], [135.682353, 35.497371], [135.682312, 35.497298]]], [[[135.682258, 35.497019], [135.6823, 35.496984], [135.682319, 35.497061], [135.682258, 35.497019]]], [[[135.682427, 35.49669], [135.682484, 35.496696], [135.682474, 35.496736], [135.682427, 35.49669]]], [[[135.662961, 35.49396], [135.663012, 35.493936], [135.663038, 35.493973], [135.662961, 35.49396]]], [[[135.663271, 35.493917], [135.663337, 35.493893], [135.663354, 35.493939], [135.663271, 35.493917]]], [[[135.663574, 35.493744], [135.663624, 35.493775], [135.663598, 35.493809], [135.663574, 35.493744]]], [[[135.723627, 35.492159], [135.723824, 35.4921], [135.723741, 35.492194], [135.723627, 35.492159]]], [[[135.665479, 35.491974], [135.665606, 35.492003], [135.665535, 35.492033], [135.665479, 35.491974]]], [[[135.719965, 35.491692], [135.719995, 35.491682], [135.720036, 35.491772], [135.719965, 35.491692]]], [[[135.707734, 35.49053], [135.707777, 35.490519], [135.707802, 35.490579], [135.707734, 35.49053]]], [[[135.707373, 35.490027], [135.707407, 35.490002], [135.707464, 35.490076], [135.707373, 35.490027]]], [[[135.707632, 35.489941], [135.707709, 35.489969], [135.707652, 35.48999], [135.707632, 35.489941]]], [[[135.707066, 35.489919], [135.707127, 35.489871], [135.707195, 35.489912], [135.707066, 35.489919]]], [[[135.719682, 35.489849], [135.719729, 35.489811], [135.719758, 35.489842], [135.719682, 35.489849]]], [[[135.719768, 35.487935], [135.719855, 35.48787], [135.719849, 35.487937], [135.719768, 35.487935]]], [[[135.657697, 35.486632], [135.657825, 35.486661], [135.657718, 35.486702], [135.657697, 35.486632]]], [[[135.657615, 35.486316], [135.657694, 35.48625], [135.657687, 35.486371], [135.657615, 35.486316]]], [[[135.65741, 35.486072], [135.657441, 35.486043], [135.657472, 35.486116], [135.65741, 35.486072]]], [[[135.657631, 35.485914], [135.657695, 35.485888], [135.657711, 35.485947], [135.657631, 35.485914]]], [[[135.657524, 35.485412], [135.657582, 35.485404], [135.657601, 35.485481], [135.657524, 35.485412]]]]}}, {"type": "Feature", "properties": {"pref_code": "18", "pref_name": "福井県", "municipality_code": "18205", "municipality_name": "大野市", "ward_name": "", "display_name": "大野市", "geometry_key": "18205"}, "geometry": {"type": "Polygon", "coordinates": [[[136.754282, 36.086291], [136.753064, 36.085461], [136.75201, 36.085976], [136.751095, 36.086072], [136.749971, 36.085991], [136.74846, 36.085543], [136.747042, 36.085489], [136.745296, 36.085146], [136.744744, 36.084808], [136.743995, 36.084051], [136.743037, 36.082662], [136.742386, 36.082704], [136.740855, 36.081724], [136.73959, 36.081314], [136.738726, 36.08036], [136.737919, 36.080452], [136.737544, 36.08022], [136.737253, 36.080237], [136.734733, 36.080773], [136.734259, 36.080613], [136.732478, 36.080376], [136.731765, 36.080693], [136.730937, 36.081322], [136.729052, 36.081656], [136.726964, 36.081157], [136.726178, 36.081551], [136.725424, 36.082138], [136.724757, 36.082349], [136.723653, 36.08207], [136.722008, 36.082129], [136.721409, 36.082041], [136.720399, 36.082286], [136.719759, 36.082273], [136.718431, 36.081757], [136.7179, 36.081669], [136.715323, 36.082066], [136.714543, 36.081821], [136.713407, 36.080896], [136.711741, 36.081166], [136.711096, 36.081119], [136.71083, 36.080891], [136.710518, 36.080262], [136.709076, 36.079434], [136.707743, 36.079387], [136.707103, 36.079556], [136.705968, 36.078956], [136.705067, 36.077942], [136.702203, 36.076646], [136.701922, 36.076291], [136.701672, 36.075349], [136.701443, 36.075074], [136.699423, 36.073984], [136.697418, 36.073706], [136.696252, 36.074343], [136.695596, 36.074444], [136.695373, 36.074381], [136.693967, 36.073414], [136.69317, 36.072324], [136.692259, 36.071741], [136.691276, 36.072205], [136.690583, 36.073025], [136.690146, 36.073241], [136.689625, 36.073322], [136.688495, 36.072738], [136.687693, 36.07259], [136.686845, 36.072227], [136.685892, 36.072151], [136.684861, 36.07128], [136.682998, 36.071369], [136.68204, 36.071064], [136.680832, 36.071301], [136.679715, 36.070823], [136.678515, 36.070541], [136.677781, 36.070122], [136.677563, 36.069873], [136.677448, 36.068804], [136.676183, 36.067976], [136.674928, 36.067871], [136.674236, 36.067229], [136.672346, 36.068458], [136.671971, 36.068589], [136.671164, 36.069302], [136.670743, 36.069412], [136.670488, 36.069366], [136.668629, 36.067786], [136.668259, 36.067786], [136.666765, 36.068234], [136.665979, 36.068001], [136.665193, 36.067997], [136.664178, 36.067667], [136.662809, 36.067608], [136.662288, 36.067629], [136.661648, 36.068056], [136.660159, 36.068449], [136.659513, 36.068799], [136.659019, 36.068913], [136.658673, 36.069508], [136.657624, 36.069338], [136.656952, 36.069371], [136.654729, 36.068109], [136.654006, 36.068021], [136.653396, 36.06777], [136.652291, 36.067736], [136.65003, 36.067239], [136.649033, 36.066794], [136.647815, 36.065812], [136.64672, 36.065346], [136.645984, 36.064495], [136.643376, 36.063908], [136.642229, 36.06391], [136.641401, 36.063366], [136.640671, 36.063161], [136.639706, 36.062481], [136.637541, 36.061744], [136.637226, 36.061317], [136.637156, 36.06018], [136.635077, 36.059027], [136.635033, 36.058366], [136.634356, 36.057994], [136.634586, 36.057247], [136.635033, 36.056716], [136.634961, 36.056447], [136.633221, 36.055296], [136.632831, 36.054388], [136.632054, 36.053691], [136.631726, 36.053494], [136.63111, 36.053369], [136.630311, 36.053303], [136.629236, 36.053407], [136.629138, 36.053267], [136.628172, 36.052921], [136.627131, 36.052285], [136.625536, 36.051786], [136.625188, 36.051343], [136.624796, 36.051237], [136.624852, 36.05102], [136.625298, 36.050703], [136.625396, 36.050315], [136.625278, 36.050018], [136.623671, 36.048931], [136.62268, 36.047961], [136.621398, 36.0462], [136.61952, 36.046144], [136.618077, 36.045227], [136.616298, 36.04505], [136.615138, 36.044688], [136.613889, 36.044471], [136.613536, 36.044289], [136.612313, 36.043172], [136.612332, 36.042146], [136.611708, 36.040529], [136.611088, 36.039379], [136.61031, 36.038582], [136.609462, 36.038703], [136.608233, 36.038679], [136.606399, 36.038542], [136.604942, 36.038229], [136.604049, 36.038594], [136.602176, 36.038353], [136.601749, 36.038365], [136.601046, 36.038599], [136.599826, 36.038494], [136.598726, 36.038064], [136.597159, 36.037235], [136.596034, 36.036901], [136.595162, 36.036137], [136.593908, 36.035445], [136.592267, 36.035204], [136.591886, 36.034926], [136.591747, 36.034625], [136.591216, 36.034452], [136.59026, 36.033897], [136.589437, 36.033756], [136.5885, 36.033293], [136.588114, 36.03302], [136.586101, 36.030301], [136.583955, 36.028773], [136.58286, 36.028551], [136.582349, 36.028274], [136.582042, 36.027566], [136.581209, 36.026384], [136.578538, 36.024031], [136.577283, 36.023307], [136.575053, 36.022265], [136.574359, 36.022414], [136.573705, 36.023049], [136.573477, 36.023094], [136.572114, 36.022535], [136.571281, 36.021927], [136.570082, 36.019727], [136.5686, 36.017744], [136.567961, 36.010758], [136.5675, 36.010416], [136.565646, 36.009801], [136.56521, 36.009732], [136.564615, 36.009873], [136.564025, 36.009853], [136.563257, 36.009161], [136.561998, 36.008662], [136.561398, 36.008622], [136.560888, 36.008872], [136.560164, 36.009861], [136.559093, 36.010669], [136.5578, 36.010557], [136.55661, 36.010665], [136.555044, 36.011072], [136.554201, 36.011675], [136.551653, 36.012093], [136.551049, 36.011888], [136.550424, 36.011429], [136.54977, 36.00972], [136.548664, 36.00941], [136.548, 36.008931], [136.547291, 36.008936], [136.545581, 36.008658], [136.544555, 36.007869], [136.54402, 36.007025], [136.543836, 36.006984], [136.542568, 36.007592], [136.540605, 36.009394], [136.538464, 36.011023], [136.534176, 36.01383], [136.533036, 36.014288], [136.532144, 36.014497], [136.530741, 36.015161], [136.528545, 36.015801], [136.527247, 36.016327], [136.523276, 36.018194], [136.518047, 36.021267], [136.516912, 36.021809], [136.516535, 36.021854], [136.516446, 36.021717], [136.517179, 36.020269], [136.516882, 36.018499], [136.516575, 36.018037], [136.515103, 36.016641], [136.51423, 36.018197], [136.51366, 36.018479], [136.512763, 36.018459], [136.51191, 36.018238], [136.511519, 36.018282], [136.511127, 36.018434], [136.510493, 36.019058], [136.508857, 36.01948], [136.508307, 36.019428], [136.507771, 36.019118], [136.507256, 36.01903], [136.506032, 36.019179], [136.505194, 36.019492], [136.50391, 36.019376], [136.502785, 36.01952], [136.501476, 36.021221], [136.500946, 36.021503], [136.499523, 36.021861], [136.497957, 36.022798], [136.497466, 36.023305], [136.497198, 36.023967], [136.496736, 36.024456], [136.496677, 36.025346], [136.495653, 36.025274], [136.494486, 36.025515], [136.492933, 36.025331], [136.492146, 36.025573], [136.491748, 36.025843], [136.489229, 36.026032], [136.487145, 36.025838], [136.485818, 36.025549], [136.483859, 36.025524], [136.482513, 36.025964], [136.480692, 36.026036], [136.479102, 36.026331], [136.478245, 36.026732], [136.477637, 36.027741], [136.47672, 36.028031], [136.475512, 36.028702], [136.474821, 36.029253], [136.473798, 36.028712], [136.472279, 36.028649], [136.470571, 36.027649], [136.469826, 36.026413], [136.469189, 36.025717], [136.468987, 36.024423], [136.467921, 36.021917], [136.467897, 36.021124], [136.467528, 36.020395], [136.467463, 36.01941], [136.466802, 36.018647], [136.465504, 36.017864], [136.464998, 36.017724], [136.464569, 36.017251], [136.463795, 36.01686], [136.462248, 36.016705], [136.460378, 36.016879], [136.459485, 36.016444], [136.457832, 36.016454], [136.457604, 36.015836], [136.457368, 36.015578], [136.456676, 36.01523], [136.455062, 36.013921], [136.450588, 36.012516], [136.450429, 36.011937], [136.449771, 36.011364], [136.44894, 36.010122], [136.4502, 36.008639], [136.451287, 36.007796], [136.452015, 36.00665], [136.452686, 36.005959], [136.452354, 36.004982], [136.452825, 36.003993], [136.454302, 36.002409], [136.455348, 36.001971], [136.455024, 36.001608], [136.454725, 36.000961], [136.453629, 36.000153], [136.452733, 35.99822], [136.452011, 35.997358], [136.451546, 35.997041], [136.451911, 35.996287], [136.452774, 35.995324], [136.453413, 35.994913], [136.456319, 35.992064], [136.455522, 35.99106], [136.455339, 35.990232], [136.455115, 35.989916], [136.453298, 35.988622], [136.452882, 35.987228], [136.452218, 35.98677], [136.450599, 35.986076], [136.448798, 35.985544], [136.448649, 35.985383], [136.448707, 35.984433], [136.448508, 35.983827], [136.448715, 35.982931], [136.449313, 35.982392], [136.449379, 35.981753], [136.449545, 35.981456], [136.450699, 35.980561], [136.45128, 35.980459], [136.452351, 35.979463], [136.452218, 35.97819], [136.452335, 35.975482], [136.452144, 35.974156], [136.452169, 35.973967], [136.452775, 35.973253], [136.452949, 35.972553], [136.453281, 35.971987], [136.453265, 35.971448], [136.453398, 35.97134], [136.454045, 35.971266], [136.454477, 35.970956], [136.456311, 35.969252], [136.456818, 35.96765], [136.45715, 35.967091], [136.457017, 35.966666], [136.456054, 35.96567], [136.455697, 35.965104], [136.455764, 35.963824], [136.45456, 35.961413], [136.45466, 35.96008], [136.454386, 35.959224], [136.455407, 35.956726], [136.455282, 35.955426], [136.455664, 35.954975], [136.456362, 35.954551], [136.456818, 35.954422], [136.458819, 35.954328], [136.459989, 35.953594], [136.460562, 35.953426], [136.462123, 35.953251], [136.462596, 35.953028], [136.463409, 35.952456], [136.463899, 35.952375], [136.464173, 35.952173], [136.465426, 35.950624], [136.465501, 35.950146], [136.465269, 35.949452], [136.464679, 35.948981], [136.463741, 35.947385], [136.463202, 35.946893], [136.463177, 35.94622], [136.462397, 35.945553], [136.461998, 35.944987], [136.461824, 35.943431], [136.461293, 35.9416], [136.461591, 35.94069], [136.462173, 35.940206], [136.461492, 35.938831], [136.462256, 35.93735], [136.462289, 35.936885], [136.462521, 35.936602], [136.462621, 35.936003], [136.46321, 35.935525], [136.463343, 35.934212], [136.463924, 35.933417], [136.464414, 35.933047], [136.464074, 35.932797], [136.463451, 35.932602], [136.463086, 35.932562], [136.461201, 35.932824], [136.458495, 35.932265], [136.457923, 35.932043], [136.457657, 35.93143], [136.457076, 35.931208], [136.454809, 35.931834], [136.453523, 35.931619], [136.45329, 35.931316], [136.45383, 35.930198], [136.453954, 35.929605], [136.454926, 35.928857], [136.455573, 35.928608], [136.45676, 35.928507], [136.457657, 35.927861], [136.458894, 35.927416], [136.460404, 35.927066], [136.4616, 35.927039], [136.46321, 35.92609], [136.464613, 35.924897], [136.464837, 35.924406], [136.465958, 35.923207], [136.467178, 35.921584], [136.466996, 35.921227], [136.466091, 35.921106], [136.464289, 35.921146], [136.463542, 35.921389], [136.462372, 35.92153], [136.461309, 35.920675], [136.460523, 35.920553], [136.460427, 35.920287], [136.459921, 35.919797], [136.460628, 35.918931], [136.460052, 35.918402], [136.45986, 35.917654], [136.459466, 35.917241], [136.458612, 35.916992], [136.458228, 35.916743], [136.457911, 35.915847], [136.457268, 35.914944], [136.456759, 35.914352], [136.455654, 35.913557], [136.454579, 35.913199], [136.452466, 35.913152], [136.451352, 35.912825], [136.450747, 35.912981], [136.450354, 35.913292], [136.450027, 35.913105], [136.448635, 35.911166], [136.448193, 35.911065], [136.447185, 35.910348], [136.446609, 35.910146], [136.445293, 35.910216], [136.444621, 35.910021], [136.444054, 35.910184], [136.443209, 35.910146], [136.442009, 35.909406], [136.440982, 35.909382], [136.439416, 35.90911], [136.438888, 35.908884], [136.438773, 35.908642], [136.438629, 35.905308], [136.438159, 35.903532], [136.438197, 35.903229], [136.438629, 35.902465], [136.438034, 35.901974], [136.437592, 35.901048], [136.437035, 35.900822], [136.43595, 35.900705], [136.434692, 35.898789], [136.433377, 35.897449], [136.432522, 35.896351], [136.432455, 35.895167], [136.432234, 35.894676], [136.43234, 35.893796], [136.431763, 35.892456], [136.431821, 35.892082], [136.432378, 35.891093], [136.432224, 35.890088], [136.432541, 35.88973], [136.432954, 35.888857], [136.434183, 35.888561], [136.435221, 35.887572], [136.435816, 35.886731], [136.436075, 35.886123], [136.439263, 35.886006], [136.439561, 35.884199], [136.439148, 35.883132], [136.439071, 35.882564], [136.439167, 35.880757], [136.439753, 35.879347], [136.439926, 35.878607], [136.439859, 35.877921], [136.439456, 35.877352], [136.437478, 35.875896], [136.436412, 35.874073], [136.435845, 35.873551], [136.434472, 35.873045], [136.43308, 35.872095], [136.43307, 35.871939], [136.435644, 35.869322], [136.435692, 35.869065], [136.434962, 35.867149], [136.434367, 35.866284], [136.433397, 35.865264], [136.431823, 35.863963], [136.43164, 35.863846], [136.430382, 35.86376], [136.429787, 35.863425], [136.429374, 35.862304], [136.429671, 35.861571], [136.429576, 35.860855], [136.428539, 35.860021], [136.427674, 35.859047], [136.427645, 35.858853], [136.428241, 35.857599], [136.428634, 35.857248], [136.429124, 35.857061], [136.429259, 35.856867], [136.429797, 35.854935], [136.430066, 35.854631], [136.431631, 35.854078], [136.431794, 35.853797], [136.431909, 35.852949], [136.432774, 35.852154], [136.434281, 35.851243], [136.435011, 35.851009], [136.436499, 35.849794], [136.435578, 35.849638], [136.4331, 35.849973], [136.432774, 35.850168], [136.43237, 35.850737], [136.430901, 35.850394], [136.431179, 35.849303], [136.431516, 35.848742], [136.431333, 35.847878], [136.432284, 35.847239], [136.432265, 35.847122], [136.43117, 35.84639], [136.430776, 35.845915], [136.430085, 35.844014], [136.429586, 35.843383], [136.429643, 35.842028], [136.42948, 35.84181], [136.428241, 35.84107], [136.428856, 35.840252], [136.429, 35.839645], [136.428856, 35.838991], [136.426801, 35.836337], [136.426344, 35.836166], [136.425385, 35.836062], [136.424732, 35.835761], [136.424646, 35.835109], [136.424165, 35.834829], [136.423619, 35.834148], [136.423354, 35.832774], [136.423907, 35.831784], [136.423893, 35.831313], [136.424266, 35.830853], [136.424509, 35.830038], [136.424338, 35.829217], [136.424603, 35.828774], [136.42456, 35.828448], [136.424732, 35.828012], [136.42588, 35.827016], [136.42606, 35.826149], [136.426821, 35.824943], [136.427488, 35.824472], [136.428184, 35.823593], [136.428163, 35.823464], [136.427818, 35.823325], [136.426763, 35.823331], [136.425594, 35.822672], [136.425385, 35.822416], [136.424711, 35.822108], [136.424266, 35.821124], [136.422931, 35.820862], [136.42268, 35.820559], [136.422558, 35.819459], [136.42263, 35.81763], [136.423118, 35.816512], [136.422896, 35.815604], [136.423305, 35.814649], [136.423133, 35.813537], [136.42324, 35.813019], [136.424618, 35.812408], [136.42563, 35.811779], [136.425831, 35.811575], [136.426563, 35.809939], [136.428594, 35.809299], [136.429002, 35.808956], [136.429849, 35.808664], [136.43084, 35.807727], [136.431787, 35.807284], [136.432562, 35.807139], [136.433165, 35.806335], [136.433315, 35.805456], [136.432734, 35.804001], [136.432598, 35.803849], [136.431715, 35.803523], [136.431041, 35.802714], [136.431119, 35.801997], [136.43056, 35.800659], [136.430861, 35.79968], [136.430854, 35.798865], [136.431313, 35.797974], [136.43028, 35.797118], [136.429677, 35.796391], [136.429118, 35.796175], [136.428673, 35.795832], [136.427898, 35.79483], [136.426634, 35.794172], [136.426298, 35.793829], [136.425774, 35.7937], [136.424439, 35.793927], [136.424051, 35.793869], [136.422824, 35.793357], [136.421913, 35.791627], [136.420901, 35.790649], [136.420449, 35.789922], [136.420234, 35.789252], [136.420062, 35.787738], [136.419653, 35.786888], [136.418698, 35.78644], [136.417859, 35.786236], [136.416064, 35.784646], [136.416093, 35.784379], [136.41656, 35.783919], [136.416086, 35.783057], [136.415965, 35.782446], [136.416613, 35.782127], [136.416899, 35.782127], [136.417965, 35.782508], [136.418963, 35.782304], [136.421153, 35.780936], [136.423239, 35.780025], [136.423859, 35.779131], [136.423973, 35.778592], [136.424226, 35.77835], [136.426989, 35.777522], [136.428158, 35.776881], [136.429442, 35.776378], [136.430073, 35.775867], [136.430726, 35.775029], [136.435267, 35.774388], [136.436528, 35.774881], [136.437273, 35.774918], [136.438511, 35.774425], [136.439474, 35.774583], [136.440461, 35.775123], [136.441206, 35.775179], [136.443109, 35.774648], [136.443946, 35.773737], [136.444863, 35.773551], [136.445311, 35.773346], [136.445804, 35.772909], [136.446618, 35.774155], [136.447799, 35.774602], [136.449518, 35.775606], [136.450034, 35.775653], [136.450883, 35.776369], [136.451536, 35.776649], [136.453073, 35.7765], [136.453646, 35.776574], [136.454356, 35.777012], [136.455216, 35.777774], [136.456294, 35.778156], [136.456879, 35.778184], [136.457785, 35.778742], [136.458931, 35.779067], [136.461798, 35.778631], [136.462176, 35.777663], [136.463322, 35.776658], [136.463815, 35.776016], [136.464446, 35.775663], [136.465134, 35.774844], [136.466693, 35.774231], [136.467404, 35.7733], [136.469043, 35.772873], [136.469949, 35.773347], [136.470752, 35.773291], [136.472403, 35.772714], [136.473492, 35.772956], [136.474592, 35.772752], [136.474925, 35.772947], [136.475269, 35.773561], [136.477309, 35.773998], [136.477917, 35.774231], [136.479843, 35.773775], [136.481173, 35.773905], [136.482365, 35.774361], [136.482973, 35.774733], [136.484578, 35.775143], [136.484968, 35.775934], [136.485014, 35.776501], [136.485713, 35.776455], [136.485599, 35.775738], [136.484808, 35.774761], [136.485289, 35.773738], [136.485931, 35.773115], [136.488912, 35.771496], [136.490655, 35.769934], [136.491434, 35.769692], [136.492811, 35.767599], [136.493172, 35.767261], [136.493349, 35.767199], [136.493911, 35.767347], [136.494106, 35.767273], [136.494487, 35.766837], [136.496514, 35.765533], [136.497439, 35.762929], [136.496997, 35.760994], [136.497693, 35.759772], [136.498821, 35.758355], [136.498965, 35.756888], [136.499433, 35.755789], [136.500595, 35.754137], [136.501545, 35.753151], [136.503361, 35.750874], [136.504942, 35.750393], [136.506156, 35.750332], [136.50759, 35.752282], [136.508025, 35.753151], [136.508145, 35.753529], [136.50799, 35.754029], [136.507454, 35.754709], [136.507366, 35.755163], [136.507474, 35.755791], [136.50815, 35.757008], [136.50863, 35.757421], [136.509709, 35.757711], [136.510306, 35.758161], [136.511914, 35.758574], [136.512414, 35.759314], [136.512698, 35.760929], [136.513708, 35.762249], [136.513198, 35.763442], [136.51309, 35.764157], [136.51312, 35.764642], [136.513747, 35.766193], [136.513865, 35.766861], [136.513629, 35.767274], [136.513012, 35.767815], [136.513031, 35.770161], [136.512179, 35.771211], [136.511963, 35.771911], [136.512649, 35.772571], [136.512983, 35.773191], [136.513306, 35.775331], [136.513639, 35.775553], [136.514198, 35.776245], [136.515325, 35.777152], [136.516348, 35.777859], [136.517266, 35.778272], [136.518305, 35.779132], [136.518628, 35.780142], [136.52004, 35.781868], [136.519991, 35.782806], [136.520128, 35.783204], [136.521383, 35.784357], [136.521736, 35.785056], [136.522412, 35.785756], [136.522726, 35.787021], [136.522814, 35.788166], [136.525235, 35.787967], [136.52598, 35.787291], [136.52844, 35.786329], [136.529401, 35.785836], [136.529764, 35.785494], [136.530646, 35.78415], [136.53093, 35.783936], [136.53291, 35.783562], [136.534802, 35.782504], [136.53637, 35.781017], [136.538536, 35.781001], [136.539193, 35.780882], [136.540644, 35.780286], [136.542281, 35.779904], [136.54378, 35.779117], [136.544947, 35.778775], [136.545535, 35.778743], [136.546476, 35.779173], [136.547436, 35.7793], [136.548034, 35.779642], [136.548328, 35.780198], [136.549308, 35.780699], [136.550681, 35.781081], [136.551661, 35.780827], [136.553044, 35.780693], [136.555817, 35.780978], [136.558541, 35.779817], [136.55912, 35.779388], [136.560482, 35.779324], [136.561815, 35.778656], [136.563678, 35.779292], [136.565834, 35.779658], [136.567284, 35.779245], [136.568647, 35.77767], [136.569049, 35.777424], [136.570744, 35.777424], [136.572323, 35.778044], [136.573342, 35.778824], [136.574646, 35.780255], [136.577066, 35.78152], [136.577635, 35.781591], [136.578615, 35.781432], [136.580134, 35.781559], [136.58132, 35.782577], [136.582516, 35.783301], [136.584633, 35.783556], [136.585986, 35.784335], [136.585554, 35.785313], [136.585368, 35.786721], [136.584849, 35.787428], [136.584819, 35.788033], [136.585103, 35.788693], [136.585231, 35.789631], [136.585741, 35.790315], [136.585946, 35.791381], [136.587554, 35.792733], [136.588406, 35.794116], [136.589347, 35.794896], [136.589651, 35.795548], [136.590014, 35.795659], [136.591661, 35.795126], [136.592601, 35.795031], [136.593807, 35.795357], [136.595228, 35.795301], [136.596933, 35.796574], [136.597159, 35.796908], [136.598218, 35.797528], [136.599149, 35.79853], [136.599658, 35.798546], [136.60006, 35.798419], [136.600903, 35.797846], [136.601158, 35.797345], [136.601462, 35.797075], [136.602413, 35.79651], [136.603236, 35.796256], [136.602952, 35.795166], [136.603442, 35.794387], [136.604775, 35.793886], [136.606814, 35.792208], [136.60948, 35.792335], [136.609872, 35.789942], [136.61145, 35.788797], [136.613666, 35.788701], [136.614499, 35.789194], [136.615293, 35.789289], [136.616175, 35.788669], [136.617126, 35.788335], [136.617841, 35.788351], [136.618625, 35.788144], [136.62038, 35.788224], [136.621664, 35.787922], [136.621929, 35.787532], [136.622056, 35.7868], [136.623024, 35.787768], [136.624847, 35.789107], [136.625995, 35.789433], [136.627058, 35.790073], [136.627646, 35.790842], [136.627747, 35.791075], [136.627618, 35.791273], [136.626785, 35.791937], [136.627115, 35.793066], [136.62611, 35.795418], [136.62644, 35.796606], [136.626627, 35.796839], [136.627646, 35.796082], [136.629656, 35.795674], [136.630532, 35.795616], [136.632426, 35.795721], [136.633661, 35.796001], [136.634178, 35.796245], [136.634881, 35.796303], [136.636044, 35.796618], [136.637853, 35.797305], [136.638183, 35.797491], [136.638944, 35.799622], [136.639346, 35.799948], [136.639805, 35.801683], [136.640796, 35.803488], [136.641556, 35.804129], [136.642561, 35.805304], [136.643667, 35.805642], [136.644255, 35.806422], [136.644973, 35.806807], [136.645194, 35.806832], [136.646351, 35.806097], [136.646653, 35.805841], [136.647155, 35.804956], [136.648792, 35.803628], [136.64928, 35.802929], [136.649596, 35.802056], [136.650313, 35.80088], [136.651333, 35.799634], [136.652252, 35.799029], [136.652869, 35.797981], [136.653027, 35.796967], [136.652467, 35.795861], [136.652438, 35.794429], [136.652769, 35.793369], [136.653113, 35.793102], [136.653228, 35.792566], [136.652668, 35.791064], [136.652697, 35.790761], [136.654061, 35.788537], [136.653749, 35.787406], [136.654325, 35.785883], [136.654549, 35.785707], [136.655827, 35.785323], [136.656344, 35.784508], [136.657349, 35.783902], [136.657664, 35.783483], [136.660249, 35.783448], [136.660823, 35.783611], [136.662072, 35.78452], [136.66401, 35.785265], [136.66533, 35.785288], [136.666134, 35.785137], [136.667383, 35.787059], [136.668115, 35.787827], [136.668158, 35.788351], [136.66846, 35.788619], [136.669781, 35.789213], [136.669853, 35.789411], [136.671661, 35.790424], [136.672006, 35.79082], [136.672049, 35.791309], [136.672551, 35.791495], [136.673039, 35.791507], [136.674274, 35.791344], [136.674762, 35.791122], [136.674877, 35.792019], [136.675149, 35.792345], [136.675911, 35.792636], [136.676958, 35.793254], [136.677188, 35.793102], [136.67759, 35.792089], [136.679689, 35.790771], [136.680784, 35.790437], [136.681409, 35.789836], [136.682614, 35.789562], [136.68494, 35.789493], [136.686302, 35.789777], [136.687122, 35.789562], [136.68761, 35.789562], [136.688586, 35.789866], [136.688945, 35.789819], [136.689778, 35.789283], [136.689993, 35.789307], [136.691314, 35.790122], [136.692233, 35.790902], [136.69262, 35.790995], [136.694084, 35.790937], [136.694458, 35.791158], [136.696223, 35.792835], [136.69712, 35.794063], [136.697702, 35.793941], [136.698922, 35.794], [136.699554, 35.794174], [136.700361, 35.794069], [136.701176, 35.793732], [136.702424, 35.792579], [136.703128, 35.792114], [136.703903, 35.792172], [136.704463, 35.792044], [136.705353, 35.791333], [136.706573, 35.791974], [136.708209, 35.79152], [136.708985, 35.79166], [136.710047, 35.792044], [136.710334, 35.792649], [136.711209, 35.793406], [136.711813, 35.794233], [136.711985, 35.794722], [136.713104, 35.795374], [136.713679, 35.795409], [136.714583, 35.796131], [136.716679, 35.796457], [136.717167, 35.796772], [136.717583, 35.797657], [136.7182, 35.797831], [136.718774, 35.798157], [136.719191, 35.798565], [136.719636, 35.79952], [136.720583, 35.800219], [136.720884, 35.800987], [136.721215, 35.802629], [136.721401, 35.802943], [136.722177, 35.803362], [136.722981, 35.804737], [136.722866, 35.805901], [136.72232, 35.806728], [136.722507, 35.807682], [136.722966, 35.808079], [136.723383, 35.808195], [136.724517, 35.808148], [136.725938, 35.807415], [136.727201, 35.807264], [136.728493, 35.80738], [136.729512, 35.807031], [136.731033, 35.806938], [136.732383, 35.806577], [136.733287, 35.805925], [136.734478, 35.805343], [136.735928, 35.804889], [136.736029, 35.804143], [136.736947, 35.803922], [136.737651, 35.803445], [136.738024, 35.802758], [136.739459, 35.802222], [136.740392, 35.801267], [136.740708, 35.801069], [136.741096, 35.801069], [136.743436, 35.802292], [136.743766, 35.802944], [136.744469, 35.803491], [136.745158, 35.804295], [136.746612, 35.804732], [136.747042, 35.805083], [136.747783, 35.805205], [136.748688, 35.805685], [136.749604, 35.805939], [136.750869, 35.807078], [136.752412, 35.807351], [136.75305, 35.80833], [136.753665, 35.808499], [136.754465, 35.809243], [136.755011, 35.809478], [136.75544, 35.809582], [136.755938, 35.809469], [136.758758, 35.809723], [136.760149, 35.810316], [136.761739, 35.810589], [136.762934, 35.810495], [136.763909, 35.810608], [136.764419, 35.810401], [136.765683, 35.809234], [136.76638, 35.809046], [136.766994, 35.809027], [136.767273, 35.80882], [136.768723, 35.8085], [136.76928, 35.807935], [136.771577, 35.806796], [136.772284, 35.806787], [136.773178, 35.807051], [136.774384, 35.806674], [136.773932, 35.805582], [136.774187, 35.804133], [136.77363, 35.803116], [136.773642, 35.80273], [136.774025, 35.802448], [136.774222, 35.801732], [136.774025, 35.800217], [136.77602, 35.798834], [136.777285, 35.798918], [136.778572, 35.798777], [136.779118, 35.798899], [136.780243, 35.798815], [136.782123, 35.799446], [136.782587, 35.799154], [136.783121, 35.79826], [136.783399, 35.798109], [136.78551, 35.798721], [136.786613, 35.79873], [136.787448, 35.798542], [136.788191, 35.799032], [136.789252, 35.799396], [136.789432, 35.799615], [136.789989, 35.801272], [136.789861, 35.802062], [136.790725, 35.80335], [136.791044, 35.804368], [136.792017, 35.805331], [136.792405, 35.805948], [136.792699, 35.806905], [136.793619, 35.807095], [136.794838, 35.808161], [136.795813, 35.808773], [136.795873, 35.809059], [136.795406, 35.811136], [136.796601, 35.813517], [136.797077, 35.816114], [136.79746, 35.816547], [136.797982, 35.816877], [136.798528, 35.817743], [136.797843, 35.818618], [136.797936, 35.819823], [136.798435, 35.821216], [136.798179, 35.821743], [136.797866, 35.823973], [136.798551, 35.825094], [136.798098, 35.826261], [136.797356, 35.827173], [136.797089, 35.828096], [136.797286, 35.828472], [136.798411, 35.829244], [136.799026, 35.830261], [136.799421, 35.831343], [136.799432, 35.832501], [136.799212, 35.833564], [136.799769, 35.834628], [136.799711, 35.835494], [136.799916, 35.837203], [136.801434, 35.840027], [136.801868, 35.841907], [136.801708, 35.843221], [136.801959, 35.843675], [136.80229, 35.844027], [136.804618, 35.843406], [136.80609, 35.84286], [136.807254, 35.84324], [136.808179, 35.843259], [136.808841, 35.843027], [136.809331, 35.842582], [136.810575, 35.843018], [136.810929, 35.842953], [136.811716, 35.84249], [136.811968, 35.842481], [136.812801, 35.842888], [136.813531, 35.842675], [136.815449, 35.842537], [136.816362, 35.842823], [136.817331, 35.843731], [136.817891, 35.844083], [136.819146, 35.844055], [136.820093, 35.843842], [136.820915, 35.843934], [136.822753, 35.844768], [136.825115, 35.845407], [136.826428, 35.846305], [136.827146, 35.847907], [136.828504, 35.848768], [136.830148, 35.850777], [136.830331, 35.851397], [136.831072, 35.851814], [136.830981, 35.853185], [136.831095, 35.853518], [136.831677, 35.854036], [136.831723, 35.854286], [136.831414, 35.85499], [136.831414, 35.855796], [136.831837, 35.856694], [136.832316, 35.857249], [136.832236, 35.858138], [136.831985, 35.858469], [136.832, 35.858886], [136.832344, 35.859267], [136.832038, 35.860626], [136.831626, 35.861312], [136.830842, 35.861981], [136.830383, 35.863021], [136.830235, 35.864298], [136.830048, 35.864812], [136.830077, 35.865842], [136.829086, 35.867369], [136.828594, 35.86773], [136.827773, 35.868786], [136.825753, 35.870082], [136.825696, 35.871434], [136.826244, 35.872425], [136.826084, 35.87448], [136.825731, 35.874712], [136.82516, 35.874823], [136.824795, 35.874767], [136.824373, 35.874971], [136.8233, 35.876906], [136.823049, 35.877906], [136.822866, 35.878101], [136.821964, 35.878415], [136.820218, 35.879397], [136.818997, 35.881656], [136.820492, 35.882424], [136.820743, 35.882665], [136.821268, 35.883795], [136.822212, 35.884719], [136.822877, 35.886406], [136.822592, 35.890406], [136.823014, 35.891285], [136.823665, 35.892193], [136.823767, 35.892767], [136.823322, 35.893397], [136.822729, 35.893933], [136.822215, 35.89647], [136.821017, 35.897572], [136.821074, 35.898507], [136.820891, 35.898915], [136.820138, 35.899461], [136.819613, 35.899665], [136.819054, 35.901072], [136.818848, 35.901266], [136.818084, 35.901665], [136.816669, 35.901655], [136.815778, 35.902729], [136.815676, 35.902952], [136.815756, 35.903775], [136.816532, 35.905044], [136.816543, 35.905442], [136.816452, 35.905729], [136.815927, 35.906192], [136.815801, 35.906701], [136.814808, 35.90697], [136.814477, 35.907201], [136.814466, 35.907859], [136.814671, 35.908775], [136.814078, 35.909701], [136.813952, 35.910442], [136.813702, 35.910923], [136.812366, 35.911581], [136.812103, 35.912284], [136.811487, 35.912645], [136.808577, 35.912988], [136.807208, 35.912673], [136.805963, 35.912774], [136.805712, 35.913108], [136.805313, 35.914265], [136.802837, 35.915543], [136.801148, 35.917719], [136.800714, 35.918024], [136.799507, 35.91819], [136.799071, 35.91845], [136.799059, 35.918848], [136.799407, 35.919806], [136.799466, 35.920319], [136.799313, 35.920481], [136.798358, 35.920787], [136.797274, 35.920787], [136.796402, 35.921074], [136.795235, 35.921007], [136.79388, 35.921724], [136.792996, 35.92094], [136.792477, 35.920787], [136.790721, 35.920816], [136.78873, 35.921284], [136.787492, 35.921762], [136.787174, 35.922039], [136.786502, 35.922298], [136.785701, 35.922929], [136.784781, 35.924019], [136.784298, 35.925319], [136.783921, 35.92574], [136.783614, 35.927049], [136.783862, 35.927776], [136.784899, 35.928924], [136.785335, 35.929775], [136.78583, 35.930348], [136.785901, 35.931601], [136.786619, 35.932634], [136.786855, 35.933647], [136.787786, 35.934546], [136.78788, 35.934976], [136.788906, 35.936076], [136.790013, 35.937702], [136.792335, 35.939136], [136.792724, 35.940446], [136.793384, 35.940924], [136.793584, 35.94254], [136.793195, 35.944051], [136.793454, 35.94559], [136.793243, 35.945982], [136.792653, 35.946202], [136.792146, 35.946671], [136.791427, 35.946776], [136.790991, 35.947177], [136.789954, 35.947665], [136.789058, 35.948659], [136.788787, 35.948774], [136.78676, 35.949109], [136.7859, 35.948755], [136.784627, 35.948688], [136.783448, 35.949376], [136.781704, 35.950026], [136.780914, 35.950466], [136.778486, 35.95059], [136.778038, 35.950676], [136.777001, 35.951192], [136.776648, 35.951192], [136.774974, 35.950581], [136.773949, 35.9506], [136.773242, 35.950341], [136.772098, 35.950227], [136.770425, 35.950427], [136.769694, 35.950638], [136.769399, 35.950896], [136.769105, 35.951642], [136.768138, 35.951967], [136.766583, 35.952837], [136.764119, 35.9532], [136.762281, 35.954242], [136.758957, 35.954902], [136.757861, 35.955714], [136.756883, 35.95582], [136.756175, 35.955456], [136.755904, 35.955447], [136.755539, 35.955504], [136.754667, 35.956107], [136.753512, 35.956202], [136.753311, 35.956374], [136.752864, 35.956461], [136.751308, 35.957799], [136.749905, 35.959405], [136.749705, 35.960639], [136.749799, 35.961356], [136.749328, 35.961843], [136.748844, 35.963602], [136.749115, 35.96432], [136.749658, 35.964807], [136.749834, 35.96562], [136.750376, 35.966328], [136.750506, 35.967035], [136.750871, 35.967284], [136.753099, 35.967963], [136.753476, 35.968145], [136.753605, 35.968374], [136.753039, 35.969493], [136.753287, 35.970449], [136.753275, 35.971127], [136.752827, 35.971816], [136.752427, 35.97283], [136.752462, 35.973432], [136.752886, 35.974723], [136.752744, 35.975316], [136.752851, 35.976922], [136.753228, 35.977611], [136.753334, 35.978213], [136.753169, 35.97915], [136.752096, 35.98242], [136.752084, 35.982659], [136.752756, 35.983472], [136.752508, 35.984064], [136.752567, 35.984705], [136.751907, 35.985804], [136.751813, 35.98611], [136.75199, 35.986579], [136.75153, 35.987267], [136.752155, 35.988042], [136.752249, 35.988606], [136.751518, 35.989371], [136.750811, 35.990413], [136.749691, 35.990901], [136.749055, 35.99091], [136.748195, 35.990614], [136.74737, 35.991159], [136.746846, 35.991141], [136.745654, 35.991447], [136.743387, 35.991557], [136.741413, 35.991946], [136.740054, 35.992591], [136.738393, 35.993159], [136.737808, 35.992938], [136.737192, 35.993345], [136.735206, 35.993311], [136.734506, 35.993404], [136.733576, 35.993929], [136.732072, 35.994175], [136.730191, 35.994684], [136.729241, 35.994769], [136.728498, 35.99515], [136.727078, 35.995616], [136.726743, 35.995938], [136.727401, 35.996404], [136.728363, 35.997574], [136.728656, 35.999142], [136.729147, 36.000134], [136.729393, 36.001459], [136.729304, 36.003127], [136.728973, 36.003877], [136.729059, 36.005639], [136.728254, 36.007391], [136.728965, 36.008101], [136.728883, 36.009356], [136.730051, 36.010391], [136.731198, 36.012192], [136.731999, 36.012598], [136.732366, 36.013024], [136.731203, 36.016269], [136.730879, 36.017668], [136.731388, 36.0185], [136.733362, 36.019591], [136.734172, 36.020532], [136.734387, 36.02099], [136.734301, 36.021714], [136.733638, 36.022532], [136.733332, 36.023175], [136.732969, 36.025207], [136.733013, 36.026434], [136.733194, 36.027483], [136.733539, 36.028186], [136.735289, 36.03071], [136.735724, 36.032315], [136.7355, 36.03413], [136.734922, 36.034805], [136.735461, 36.035371], [136.735612, 36.035711], [136.735328, 36.038497], [136.735798, 36.039644], [136.735772, 36.04026], [136.735556, 36.040942], [136.734802, 36.041952], [136.734725, 36.042263], [136.734914, 36.042753], [136.735781, 36.04354], [136.735906, 36.043844], [136.735331, 36.045887], [136.735285, 36.046592], [136.735475, 36.047806], [136.734523, 36.048316], [136.733018, 36.048718], [136.73279, 36.048882], [136.733144, 36.049176], [136.733889, 36.049393], [136.735182, 36.050187], [136.735432, 36.050456], [136.735773, 36.051302], [136.738272, 36.053117], [136.739586, 36.053404], [136.739931, 36.053586], [136.740508, 36.054313], [136.740582, 36.054942], [136.740431, 36.056019], [136.740052, 36.056929], [136.741444, 36.056929], [136.741982, 36.057058], [136.74262, 36.058121], [136.743641, 36.059002], [136.744637, 36.0601], [136.746542, 36.060562], [136.748591, 36.061702], [136.749039, 36.061676], [136.750188, 36.061205], [136.751721, 36.061697], [136.752964, 36.062618], [136.753658, 36.063806], [136.754441, 36.064631], [136.755318, 36.065071], [136.757369, 36.065435], [136.757754, 36.065824], [136.758208, 36.066597], [136.759016, 36.067078], [136.76007, 36.067166], [136.761875, 36.067099], [136.764254, 36.067683], [136.764999, 36.06968], [136.764867, 36.070392], [136.76462, 36.070878], [136.763996, 36.074447], [136.763346, 36.075174], [136.76149, 36.076362], [136.761112, 36.076991], [136.760601, 36.078338], [136.76096, 36.07885], [136.760916, 36.079229], [136.759627, 36.080736], [136.759094, 36.080861], [136.758223, 36.080853], [136.757406, 36.081447], [136.756093, 36.083639], [136.755787, 36.084837], [136.755326, 36.085661], [136.754761, 36.086117], [136.754282, 36.086291]]]}}, {"type": "Feature", "properties": {"pref_code": "18", "pref_name": "福井県", "municipality_code": "18206", "municipality_name": "勝山市", "ward_name": "", "display_name": "勝山市", "geometry_key": "18206"}, "geometry": {"type": "Polygon", "coordinates": [[[136.551829, 36.154909], [136.550833, 36.1546], [136.549454, 36.154516], [136.548497, 36.154276], [136.548051, 36.154005], [136.547572, 36.153403], [136.547094, 36.153093], [136.546217, 36.152847], [136.545292, 36.152821], [136.541792, 36.153623], [136.540708, 36.153513], [136.538419, 36.15251], [136.538475, 36.151948], [136.537686, 36.150382], [136.536147, 36.150117], [136.535183, 36.149677], [136.534106, 36.149599], [136.533931, 36.148681], [136.533827, 36.148519], [136.533198, 36.148202], [136.532759, 36.147491], [136.53189, 36.147504], [136.531388, 36.14729], [136.531005, 36.147297], [136.530654, 36.147678], [136.530518, 36.148344], [136.529721, 36.148946], [136.529067, 36.148758], [136.527481, 36.148609], [136.526676, 36.148125], [136.525065, 36.149968], [136.524411, 36.150304], [136.523343, 36.150569], [136.521525, 36.151378], [136.519731, 36.150265], [136.518878, 36.150084], [136.518456, 36.149754], [136.517347, 36.149651], [136.51647, 36.148939], [136.515155, 36.148402], [136.514453, 36.148383], [136.513616, 36.147859], [136.512372, 36.146585], [136.511758, 36.146171], [136.510714, 36.146125], [136.509933, 36.146229], [136.508546, 36.146643], [136.505699, 36.14663], [136.505086, 36.147206], [136.504105, 36.148454], [136.503898, 36.148836], [136.503921, 36.149269], [136.503164, 36.149644], [136.501769, 36.14967], [136.500581, 36.14989], [136.499656, 36.149767], [136.496882, 36.149697], [136.496326, 36.150217], [136.495403, 36.151748], [136.494823, 36.152979], [136.494884, 36.15358], [136.494176, 36.155117], [136.493246, 36.156232], [136.492525, 36.156708], [136.491692, 36.158291], [136.489573, 36.158885], [136.488043, 36.159142], [136.486945, 36.158737], [136.486722, 36.15842], [136.486648, 36.157774], [136.486406, 36.157512], [136.48522, 36.157091], [136.483919, 36.157129], [136.483339, 36.156861], [136.482497, 36.155445], [136.481675, 36.15469], [136.477065, 36.151444], [136.47722, 36.150731], [136.475859, 36.149429], [136.475609, 36.148467], [136.474936, 36.147914], [136.474127, 36.146624], [136.473062, 36.146793], [136.472442, 36.146624], [136.471963, 36.146646], [136.470595, 36.145896], [136.470056, 36.145426], [136.469099, 36.143791], [136.468573, 36.143376], [136.467778, 36.142304], [136.466154, 36.141647], [136.465992, 36.141139], [136.465345, 36.140631], [136.465318, 36.140176], [136.464799, 36.139324], [136.464449, 36.137935], [136.464044, 36.137552], [136.463505, 36.137683], [136.461402, 36.136557], [136.45994, 36.136928], [136.459091, 36.136792], [136.458747, 36.136874], [136.457379, 36.136639], [136.456637, 36.136267], [136.45537, 36.137218], [136.453847, 36.137874], [136.453328, 36.138], [136.451926, 36.13806], [136.451286, 36.138695], [136.451016, 36.139242], [136.45074, 36.139493], [136.449972, 36.139739], [136.448637, 36.14074], [136.446332, 36.13987], [136.445631, 36.139991], [136.444775, 36.139394], [136.443623, 36.139044], [136.442665, 36.138355], [136.442086, 36.138153], [136.441998, 36.13748], [136.441668, 36.137344], [136.44069, 36.137251], [136.440387, 36.13736], [136.439944, 36.136729], [136.440022, 36.135574], [136.439611, 36.134815], [136.438997, 36.134675], [136.437418, 36.133805], [136.436918, 36.133766], [136.435214, 36.134356], [136.434136, 36.134384], [136.433707, 36.134181], [136.432742, 36.133336], [136.432348, 36.133234], [136.431348, 36.133374], [136.430806, 36.133282], [136.429793, 36.132736], [136.429048, 36.132122], [136.427386, 36.133079], [136.426088, 36.133181], [136.425337, 36.133679], [136.424587, 36.133239], [136.42308, 36.13306], [136.419511, 36.132306], [136.418141, 36.131591], [136.41577, 36.131291], [136.412542, 36.129972], [136.408634, 36.128739], [136.406877, 36.128367], [136.404065, 36.128067], [136.403273, 36.127864], [136.402463, 36.127908], [136.401903, 36.12757], [136.399973, 36.125482], [136.398966, 36.124839], [136.396458, 36.125144], [136.396035, 36.124974], [136.395689, 36.124501], [136.394945, 36.125061], [136.393789, 36.125366], [136.392779, 36.124939], [136.392625, 36.124252], [136.392021, 36.123237], [136.391689, 36.121277], [136.391368, 36.120536], [136.391771, 36.119636], [136.391199, 36.117411], [136.391178, 36.116369], [136.391444, 36.116104], [136.392571, 36.115628], [136.393691, 36.114772], [136.39695, 36.113611], [136.397869, 36.112883], [136.398196, 36.112261], [136.398914, 36.111638], [136.398626, 36.110133], [136.398239, 36.109109], [136.398283, 36.108756], [136.399616, 36.106527], [136.400111, 36.106249], [136.400905, 36.106267], [136.401259, 36.106161], [136.402021, 36.105538], [136.402603, 36.105261], [136.402663, 36.104704], [136.40214, 36.10327], [136.402728, 36.101866], [136.402908, 36.100851], [136.404164, 36.0992], [136.404137, 36.09909], [136.402821, 36.098366], [136.402173, 36.098216], [136.400927, 36.09762], [136.400514, 36.097355], [136.400198, 36.096883], [136.398887, 36.096274], [136.398376, 36.095294], [136.396418, 36.093511], [136.395645, 36.092213], [136.394524, 36.091714], [136.3933, 36.091374], [136.392789, 36.090858], [136.392539, 36.090778], [136.390858, 36.090679], [136.388399, 36.090801], [136.388285, 36.08752], [136.389215, 36.087486], [136.392584, 36.086208], [136.401838, 36.083517], [136.409477, 36.081006], [136.411278, 36.080697], [136.412171, 36.080299], [136.414449, 36.079928], [136.419741, 36.078658], [136.421624, 36.078344], [136.42909, 36.076311], [136.43024, 36.076091], [136.432553, 36.076091], [136.438003, 36.075429], [136.438336, 36.073215], [136.439237, 36.07076], [136.439327, 36.069485], [136.438973, 36.068411], [136.438509, 36.06758], [136.438447, 36.066996], [136.438136, 36.066473], [136.438281, 36.065327], [136.438198, 36.065119], [136.437263, 36.064383], [136.435919, 36.061793], [136.434306, 36.060731], [136.434202, 36.059011], [136.433682, 36.058725], [136.432948, 36.058764], [136.432422, 36.057944], [136.432706, 36.057023], [136.432498, 36.056146], [136.432609, 36.055118], [136.432519, 36.05423], [136.432831, 36.053831], [136.432761, 36.053488], [136.432886, 36.053146], [136.433267, 36.052623], [136.433038, 36.051629], [136.433385, 36.051202], [136.435081, 36.050427], [136.435469, 36.050202], [136.435476, 36.050056], [136.435047, 36.049842], [136.434569, 36.048438], [136.433496, 36.046898], [136.433343, 36.046337], [136.432955, 36.046061], [136.432574, 36.04555], [136.432554, 36.04469], [136.432001, 36.043323], [136.432955, 36.041966], [136.432644, 36.041235], [136.432761, 36.040466], [136.433059, 36.040241], [136.434036, 36.040022], [136.43432, 36.039853], [136.437138, 36.036409], [136.437637, 36.036129], [136.438143, 36.035629], [136.438261, 36.03528], [136.439486, 36.034101], [136.439674, 36.033786], [136.43975, 36.032797], [136.441017, 36.032359], [136.441938, 36.03114], [136.442278, 36.030347], [136.442354, 36.029696], [136.442222, 36.029134], [136.442811, 36.026949], [136.443573, 36.026336], [136.444951, 36.025533], [136.445027, 36.025229], [136.444771, 36.024566], [136.445553, 36.023066], [136.445463, 36.022033], [136.446135, 36.021229], [136.446613, 36.020859], [136.447112, 36.020662], [136.448317, 36.020561], [136.449307, 36.020207], [136.450249, 36.019628], [136.451454, 36.01855], [136.452188, 36.018252], [136.453068, 36.018016], [136.454356, 36.01814], [136.455637, 36.017921], [136.456683, 36.017893], [136.457064, 36.017567], [136.457832, 36.016454], [136.459485, 36.016444], [136.460378, 36.016879], [136.462248, 36.016705], [136.463795, 36.01686], [136.464569, 36.017251], [136.464998, 36.017724], [136.465504, 36.017864], [136.466802, 36.018647], [136.467463, 36.01941], [136.467528, 36.020395], [136.467897, 36.021124], [136.467921, 36.021917], [136.468987, 36.024423], [136.469189, 36.025717], [136.469826, 36.026413], [136.470571, 36.027649], [136.472279, 36.028649], [136.473798, 36.028712], [136.474821, 36.029253], [136.475512, 36.028702], [136.47672, 36.028031], [136.477637, 36.027741], [136.478245, 36.026732], [136.479102, 36.026331], [136.480692, 36.026036], [136.482513, 36.025964], [136.483859, 36.025524], [136.485818, 36.025549], [136.487145, 36.025838], [136.489229, 36.026032], [136.491748, 36.025843], [136.492146, 36.025573], [136.492933, 36.025331], [136.494486, 36.025515], [136.495653, 36.025274], [136.496677, 36.025346], [136.496736, 36.024456], [136.497198, 36.023967], [136.497466, 36.023305], [136.497957, 36.022798], [136.499523, 36.021861], [136.500946, 36.021503], [136.501476, 36.021221], [136.502785, 36.01952], [136.50391, 36.019376], [136.505194, 36.019492], [136.506032, 36.019179], [136.507256, 36.01903], [136.507771, 36.019118], [136.508307, 36.019428], [136.508857, 36.01948], [136.510493, 36.019058], [136.511127, 36.018434], [136.511519, 36.018282], [136.51191, 36.018238], [136.512763, 36.018459], [136.51366, 36.018479], [136.51423, 36.018197], [136.515103, 36.016641], [136.516575, 36.018037], [136.516882, 36.018499], [136.517179, 36.020269], [136.516446, 36.021717], [136.516535, 36.021854], [136.516912, 36.021809], [136.518047, 36.021267], [136.523276, 36.018194], [136.527247, 36.016327], [136.528545, 36.015801], [136.530741, 36.015161], [136.532144, 36.014497], [136.533036, 36.014288], [136.534176, 36.01383], [136.538464, 36.011023], [136.540605, 36.009394], [136.542568, 36.007592], [136.543836, 36.006984], [136.54402, 36.007025], [136.544555, 36.007869], [136.545581, 36.008658], [136.547291, 36.008936], [136.548, 36.008931], [136.548664, 36.00941], [136.54977, 36.00972], [136.550424, 36.011429], [136.551049, 36.011888], [136.551653, 36.012093], [136.554201, 36.011675], [136.555044, 36.011072], [136.55661, 36.010665], [136.5578, 36.010557], [136.559093, 36.010669], [136.560164, 36.009861], [136.560888, 36.008872], [136.561398, 36.008622], [136.561998, 36.008662], [136.563257, 36.009161], [136.564025, 36.009853], [136.564615, 36.009873], [136.56521, 36.009732], [136.565646, 36.009801], [136.5675, 36.010416], [136.567961, 36.010758], [136.5686, 36.017744], [136.570082, 36.019727], [136.571281, 36.021927], [136.572114, 36.022535], [136.573477, 36.023094], [136.573705, 36.023049], [136.574359, 36.022414], [136.575053, 36.022265], [136.577283, 36.023307], [136.578538, 36.024031], [136.581209, 36.026384], [136.582042, 36.027566], [136.582349, 36.028274], [136.58286, 36.028551], [136.583955, 36.028773], [136.586101, 36.030301], [136.588114, 36.03302], [136.5885, 36.033293], [136.589437, 36.033756], [136.59026, 36.033897], [136.591216, 36.034452], [136.591747, 36.034625], [136.591886, 36.034926], [136.592267, 36.035204], [136.593908, 36.035445], [136.595162, 36.036137], [136.596034, 36.036901], [136.597159, 36.037235], [136.598726, 36.038064], [136.599826, 36.038494], [136.601046, 36.038599], [136.601749, 36.038365], [136.602176, 36.038353], [136.604049, 36.038594], [136.604942, 36.038229], [136.606399, 36.038542], [136.608233, 36.038679], [136.609462, 36.038703], [136.61031, 36.038582], [136.611088, 36.039379], [136.611708, 36.040529], [136.612332, 36.042146], [136.612313, 36.043172], [136.613536, 36.044289], [136.613889, 36.044471], [136.615138, 36.044688], [136.616298, 36.04505], [136.618077, 36.045227], [136.61952, 36.046144], [136.621398, 36.0462], [136.62268, 36.047961], [136.623671, 36.048931], [136.625278, 36.050018], [136.625396, 36.050315], [136.625298, 36.050703], [136.624852, 36.05102], [136.624796, 36.051237], [136.625188, 36.051343], [136.625536, 36.051786], [136.627131, 36.052285], [136.628172, 36.052921], [136.629138, 36.053267], [136.629236, 36.053407], [136.630311, 36.053303], [136.63111, 36.053369], [136.631726, 36.053494], [136.632054, 36.053691], [136.632831, 36.054388], [136.633221, 36.055296], [136.634961, 36.056447], [136.635033, 36.056716], [136.634586, 36.057247], [136.634356, 36.057994], [136.635033, 36.058366], [136.635077, 36.059027], [136.637156, 36.06018], [136.637226, 36.061317], [136.637541, 36.061744], [136.639706, 36.062481], [136.640671, 36.063161], [136.641401, 36.063366], [136.642229, 36.06391], [136.643376, 36.063908], [136.645984, 36.064495], [136.64672, 36.065346], [136.647815, 36.065812], [136.649033, 36.066794], [136.65003, 36.067239], [136.652291, 36.067736], [136.653396, 36.06777], [136.654006, 36.068021], [136.654729, 36.068109], [136.656952, 36.069371], [136.657624, 36.069338], [136.658673, 36.069508], [136.658665, 36.069911], [136.659024, 36.070667], [136.658566, 36.072154], [136.65817, 36.072753], [136.657743, 36.074418], [136.657186, 36.075136], [136.655609, 36.075711], [136.655249, 36.076382], [136.654976, 36.077383], [136.655072, 36.077975], [136.656165, 36.079077], [136.656473, 36.079571], [136.656535, 36.080044], [136.656368, 36.080851], [136.656702, 36.081574], [136.657227, 36.083512], [136.656816, 36.084573], [136.654671, 36.085413], [136.653352, 36.086448], [136.653416, 36.086942], [136.652721, 36.088526], [136.651649, 36.089639], [136.65173, 36.091608], [136.651342, 36.092233], [136.650746, 36.092543], [136.64803, 36.093492], [136.645505, 36.094756], [136.644399, 36.096283], [136.643623, 36.097072], [136.642673, 36.097471], [136.642071, 36.098072], [136.640947, 36.098345], [136.640519, 36.098749], [136.640032, 36.098984], [136.639071, 36.099102], [136.637125, 36.098406], [136.636297, 36.098354], [136.634896, 36.099092], [136.634027, 36.099092], [136.632261, 36.099411], [136.631966, 36.099623], [136.631085, 36.100774], [136.630124, 36.101371], [136.629556, 36.101934], [136.629603, 36.102522], [136.629504, 36.102597], [136.62852, 36.102883], [136.627188, 36.103832], [136.626933, 36.103917], [136.625861, 36.103893], [136.625039, 36.104208], [136.624449, 36.104842], [136.623157, 36.105575], [136.62234, 36.106402], [136.620772, 36.106691], [136.619656, 36.106743], [136.618308, 36.106614], [136.617519, 36.106756], [136.616762, 36.107487], [136.614888, 36.10816], [136.613389, 36.110773], [136.613373, 36.111555], [136.613198, 36.111652], [136.611898, 36.111684], [136.611428, 36.112765], [136.611515, 36.112959], [136.612105, 36.113204], [136.612719, 36.114181], [136.612814, 36.114556], [136.612535, 36.116122], [136.612272, 36.11682], [136.611786, 36.117027], [136.611156, 36.117008], [136.610311, 36.117758], [136.609833, 36.118431], [136.608326, 36.118864], [136.607967, 36.119543], [136.606348, 36.120151], [136.605774, 36.120494], [136.605711, 36.121445], [136.604539, 36.122092], [136.604275, 36.122408], [136.604642, 36.123663], [136.604722, 36.124608], [136.60461, 36.124918], [136.603598, 36.125862], [136.602984, 36.126729], [136.603095, 36.127376], [136.603414, 36.127641], [136.603462, 36.127861], [136.601437, 36.129724], [136.600097, 36.130487], [136.598016, 36.130804], [136.596813, 36.130824], [136.596278, 36.131787], [136.595968, 36.131962], [136.595369, 36.132072], [136.594915, 36.132007], [136.59399, 36.131612], [136.592627, 36.131509], [136.590929, 36.131166], [136.590482, 36.131218], [136.588856, 36.132486], [136.588425, 36.132608], [136.587492, 36.13257], [136.586847, 36.132964], [136.586798, 36.133223], [136.587046, 36.133837], [136.586934, 36.134212], [136.586057, 36.134446], [136.58518, 36.135274], [136.584861, 36.135946], [136.581712, 36.136334], [136.580946, 36.136567], [136.580524, 36.136839], [136.580181, 36.137679], [136.578483, 36.139018], [136.577941, 36.139827], [136.577438, 36.141308], [136.576409, 36.142201], [136.574839, 36.142194], [136.574393, 36.142388], [136.57389, 36.142964], [136.572392, 36.143191], [136.571889, 36.14354], [136.571594, 36.143397], [136.570893, 36.143359], [136.568517, 36.14451], [136.567313, 36.144161], [136.566556, 36.14418], [136.565519, 36.144018], [136.563789, 36.144561], [136.563159, 36.1446], [136.562992, 36.144742], [136.56304, 36.146023], [136.562027, 36.147252], [136.562218, 36.147699], [136.562163, 36.14808], [136.5617, 36.149257], [136.560488, 36.151353], [136.560337, 36.152511], [136.560089, 36.153016], [136.559794, 36.153158], [136.559292, 36.153074], [136.558248, 36.153196], [136.557689, 36.152782], [136.557339, 36.152711], [136.556598, 36.153009], [136.555505, 36.152931], [136.554796, 36.153022], [136.554174, 36.153358], [136.553847, 36.153824], [136.552691, 36.154218], [136.552069, 36.15482], [136.551829, 36.154909]]]}}, {"type": "Feature", "properties": {"pref_code": "18", "pref_name": "福井県", "municipality_code": "18207", "municipality_name": "鯖江市", "ward_name": "", "display_name": "鯖江市", "geometry_key": "18207"}, "geometry": {"type": "Polygon", "coordinates": [[[136.333736, 35.928673], [136.333697, 35.929546], [136.334375, 35.93027], [136.334301, 35.930736], [136.334002, 35.931311], [136.333935, 35.932074], [136.333611, 35.932783], [136.333971, 35.933407], [136.333501, 35.934017], [136.334161, 35.935118], [136.333525, 35.936293], [136.333372, 35.936967], [136.333446, 35.937433], [136.333983, 35.938384], [136.334075, 35.939034], [136.333947, 35.939336], [136.333403, 35.939569], [136.333171, 35.9401], [136.332022, 35.940546], [136.331606, 35.941508], [136.331667, 35.942217], [136.331502, 35.942801], [136.333011, 35.944611], [136.333586, 35.945518], [136.334227, 35.945984], [136.334917, 35.946747], [136.335125, 35.947779], [136.335913, 35.948621], [136.336457, 35.951279], [136.336047, 35.951412], [136.334416, 35.95111], [136.333359, 35.951075], [136.333035, 35.951174], [136.33284, 35.951457], [136.333078, 35.951898], [136.33284, 35.95223], [136.330665, 35.951739], [136.330365, 35.951754], [136.329742, 35.952061], [136.329479, 35.951972], [136.329217, 35.951679], [136.329003, 35.950668], [136.328459, 35.950351], [136.328099, 35.950286], [136.32786, 35.950351], [136.327689, 35.950772], [136.32698, 35.951015], [136.326302, 35.951437], [136.32541, 35.951481], [136.324744, 35.951863], [136.323571, 35.951694], [136.32318, 35.951709], [136.322936, 35.951858], [136.322655, 35.952289], [136.322569, 35.95274], [136.322807, 35.953246], [136.322746, 35.953791], [136.323015, 35.954639], [136.323002, 35.95568], [136.323192, 35.956354], [136.323057, 35.956726], [136.322428, 35.956964], [136.321432, 35.957132], [136.320485, 35.957776], [136.318182, 35.958039], [136.317754, 35.95794], [136.3182, 35.958887], [136.31831, 35.960235], [136.318145, 35.960776], [136.317222, 35.961792], [136.317412, 35.962427], [136.317289, 35.963373], [136.317717, 35.964211], [136.315817, 35.964107], [136.314595, 35.964434], [136.313477, 35.965306], [136.313385, 35.965738], [136.313122, 35.965966], [136.312438, 35.966114], [136.311314, 35.966045], [136.310825, 35.965807], [136.310129, 35.965703], [136.309181, 35.965232], [136.308076, 35.965207], [136.30708, 35.964711], [136.306432, 35.964811], [136.305766, 35.964617], [136.305064, 35.964697], [136.30378, 35.964439], [136.303169, 35.964503], [136.302296, 35.965063], [136.301514, 35.965891], [136.300242, 35.968523], [136.299607, 35.96886], [136.298776, 35.969113], [136.297517, 35.969247], [136.297285, 35.969519], [136.297163, 35.970481], [136.296852, 35.970784], [136.294462, 35.971497], [136.293833, 35.971795], [136.292966, 35.972325], [136.291799, 35.973421], [136.290442, 35.973966], [136.28988, 35.973922], [136.289514, 35.973624], [136.287546, 35.972647], [136.287161, 35.972682], [136.285781, 35.9735], [136.284821, 35.973694], [136.284057, 35.973188], [136.283239, 35.972325], [136.282384, 35.971696], [136.28085, 35.971547], [136.279646, 35.971567], [136.278968, 35.971909], [136.274844, 35.972155], [136.273921, 35.974898], [136.273573, 35.97525], [136.272339, 35.97582], [136.271367, 35.976648], [136.271245, 35.977144], [136.271312, 35.977793], [136.271129, 35.977971], [136.267091, 35.977986], [136.266657, 35.978234], [136.266156, 35.978834], [136.264439, 35.979483], [136.264182, 35.979478], [136.263119, 35.978908], [136.26238, 35.978869], [136.260706, 35.979558], [136.260303, 35.979984], [136.25938, 35.980416], [136.259191, 35.980024], [136.258946, 35.97987], [136.256252, 35.980009], [136.254413, 35.979345], [136.253313, 35.980073], [136.251804, 35.980331], [136.250545, 35.981332], [136.249183, 35.981769], [136.248754, 35.981689], [136.247961, 35.981094], [136.247594, 35.980966], [136.247097, 35.981307], [136.245201, 35.981731], [136.244714, 35.982107], [136.243795, 35.982314], [136.243061, 35.982275], [136.24037, 35.983396], [136.239955, 35.983512], [136.238877, 35.98346], [136.237687, 35.984224], [136.236777, 35.984986], [136.236604, 35.985235], [136.236463, 35.986051], [136.235795, 35.986924], [136.234789, 35.987479], [136.234664, 35.988066], [136.233655, 35.988474], [136.232204, 35.990106], [136.23209, 35.990669], [136.230381, 35.990618], [136.229535, 35.990812], [136.229207, 35.990346], [136.22884, 35.990145], [136.227674, 35.98962], [136.226732, 35.989516], [136.226293, 35.989529], [136.224848, 35.989918], [136.223826, 35.990456], [136.223235, 35.98962], [136.222261, 35.989322], [136.221518, 35.988234], [136.220856, 35.988007], [136.219953, 35.987904], [136.219171, 35.986148], [136.219131, 35.985416], [136.218939, 35.984833], [136.21874, 35.984639], [136.215171, 35.983376], [136.214971, 35.983162], [136.214899, 35.982961], [136.215219, 35.980701], [136.214397, 35.979521], [136.213151, 35.978297], [136.210484, 35.97741], [136.209941, 35.977371], [136.209622, 35.977092], [136.209494, 35.976561], [136.208872, 35.976004], [136.208936, 35.975421], [136.208592, 35.975032], [136.208624, 35.974488], [136.207738, 35.973478], [136.207794, 35.972649], [136.207586, 35.97088], [136.207435, 35.970816], [136.20563, 35.971237], [136.205159, 35.972558], [136.204225, 35.973601], [136.203386, 35.973342], [136.201678, 35.974255], [136.201997, 35.974482], [136.20183, 35.975356], [136.203857, 35.975317], [136.203993, 35.976367], [136.203506, 35.977131], [136.203953, 35.977325], [136.204033, 35.978206], [136.204528, 35.978672], [136.204776, 35.978686], [136.204871, 35.979055], [136.204448, 35.979314], [136.205015, 35.980525], [136.204257, 35.980745], [136.204488, 35.981341], [136.204001, 35.981562], [136.205454, 35.984982], [136.206021, 35.984833], [136.20638, 35.985733], [136.198396, 35.989257], [136.19838, 35.98949], [136.195649, 35.990604], [136.19525, 35.990571], [136.194707, 35.990785], [136.193789, 35.989042], [136.192879, 35.98914], [136.19311, 35.989509], [136.192296, 35.989749], [136.192176, 35.990137], [136.190909, 35.990398], [136.190997, 35.990008], [136.190525, 35.990093], [136.190491, 35.990532], [136.190228, 35.990856], [136.189693, 35.991083], [136.189381, 35.99107], [136.185164, 35.988943], [136.185053, 35.989152], [136.18619, 35.98972], [136.185754, 35.990054], [136.185477, 35.989924], [136.185274, 35.990139], [136.18507, 35.992294], [136.184958, 35.992443], [136.184231, 35.99256], [136.183058, 35.99335], [136.181166, 35.993233], [136.180447, 35.994121], [136.179808, 35.994457], [136.179337, 35.996886], [136.179736, 35.997838], [136.180422, 35.998467], [136.180686, 35.99914], [136.180286, 35.999471], [136.179863, 36.000416], [136.178809, 36.000818], [136.177771, 36.001381], [136.177508, 36.001356], [136.177204, 36.001135], [136.177005, 36.000351], [136.176749, 36.000105], [136.175999, 35.999807], [136.173564, 35.999218], [136.172534, 35.999101], [136.171727, 35.998544], [136.169987, 35.99822], [136.169412, 35.997877], [136.168278, 35.997877], [136.167599, 35.997547], [136.166881, 35.996931], [136.166178, 35.996024], [136.165915, 35.996257], [136.164454, 35.996691], [136.163695, 35.996465], [136.163081, 35.996769], [136.160533, 35.996886], [136.160621, 35.99787], [136.159008, 35.998207], [136.157436, 35.995499], [136.159942, 35.995616], [136.160797, 35.993673], [136.159799, 35.993602], [136.159184, 35.99377], [136.158585, 35.993699], [136.158218, 35.993433], [136.156454, 35.993044], [136.156214, 35.992468], [136.155224, 35.992287], [136.155304, 35.99149], [136.155671, 35.990654], [136.155735, 35.989799], [136.156126, 35.989618], [136.156231, 35.987467], [136.154346, 35.982843], [136.154027, 35.982493], [136.153309, 35.98204], [136.151552, 35.981346], [136.149037, 35.979921], [136.148215, 35.978788], [136.147472, 35.97724], [136.146578, 35.975931], [136.143948, 35.973611], [136.142458, 35.972472], [136.141851, 35.971883], [136.140702, 35.970374], [136.140263, 35.970173], [136.138906, 35.969875], [136.138235, 35.969616], [136.137979, 35.969396], [136.137772, 35.968948], [136.137508, 35.967238], [136.137524, 35.965969], [136.138786, 35.964188], [136.138499, 35.964], [136.138578, 35.963475], [136.1381, 35.962076], [136.137836, 35.961733], [136.136447, 35.960852], [136.136399, 35.960463], [136.1358, 35.959738], [136.136016, 35.959135], [136.135888, 35.958999], [136.134746, 35.958086], [136.134036, 35.957768], [136.133437, 35.95725], [136.132702, 35.956946], [136.132112, 35.955981], [136.131569, 35.954297], [136.131633, 35.953597], [136.131529, 35.953344], [136.130962, 35.952561], [136.130068, 35.95201], [136.129493, 35.951109], [136.129294, 35.948739], [136.128671, 35.948194], [136.128064, 35.947087], [136.127569, 35.946757], [136.126811, 35.947022], [136.126555, 35.946944], [136.125661, 35.946277], [136.124974, 35.946012], [136.124383, 35.945267], [136.124279, 35.944781], [136.124463, 35.94357], [136.124088, 35.942767], [136.12428, 35.942371], [136.124344, 35.941717], [136.124631, 35.941218], [136.124695, 35.940681], [136.12573, 35.940589], [136.12668, 35.940015], [136.127379, 35.938537], [136.128304, 35.937669], [136.129013, 35.937357], [136.129477, 35.937007], [136.129901, 35.936351], [136.130707, 35.9357], [136.13129, 35.934806], [136.132783, 35.933115], [136.133231, 35.93296], [136.134716, 35.932772], [136.136217, 35.932604], [136.136504, 35.93272], [136.137606, 35.933815], [136.138197, 35.934126], [136.138724, 35.934618], [136.139618, 35.935875], [136.139642, 35.936322], [136.14044, 35.937656], [136.141558, 35.937799], [136.142795, 35.938181], [136.143075, 35.938142], [136.144656, 35.937099], [136.145622, 35.93684], [136.14658, 35.936665], [136.147809, 35.936724], [136.148344, 35.93649], [136.149215, 35.93662], [136.149574, 35.936031], [136.149997, 35.935739], [136.151323, 35.935668], [136.156353, 35.935824], [136.160936, 35.936102], [136.160928, 35.939924], [136.166652, 35.939976], [136.166636, 35.938201], [136.167443, 35.938143], [136.167938, 35.937139], [136.169104, 35.936115], [136.175411, 35.936698], [136.175962, 35.926179], [136.178669, 35.926562], [136.178757, 35.926665], [136.178781, 35.927235], [136.17926, 35.927714], [136.17934, 35.928246], [136.179483, 35.928336], [136.179531, 35.929159], [136.17934, 35.929651], [136.178581, 35.929625], [136.178525, 35.929509], [136.178909, 35.929152], [136.178925, 35.928893], [136.178102, 35.928544], [136.176881, 35.928984], [136.176817, 35.929496], [136.176976, 35.929729], [136.177192, 35.929839], [136.177527, 35.929599], [136.177894, 35.929632], [136.178022, 35.930131], [136.17815, 35.930202], [136.188589, 35.930564], [136.189125, 35.930476], [136.199684, 35.930669], [136.200079, 35.930955], [136.200929, 35.930902], [136.200953, 35.928868], [136.205736, 35.929062], [136.208291, 35.929367], [136.208826, 35.929607], [136.210518, 35.929075], [136.21237, 35.929101], [136.213688, 35.928991], [136.216778, 35.929302], [136.216746, 35.930248], [136.217257, 35.9303], [136.217401, 35.931395], [136.217864, 35.931816], [136.217736, 35.932133], [136.217792, 35.932554], [136.218263, 35.93293], [136.218638, 35.933033], [136.219213, 35.933033], [136.220027, 35.932016], [136.222087, 35.931796], [136.222974, 35.931395], [136.223724, 35.931272], [136.224586, 35.930864], [136.225505, 35.931997], [136.225872, 35.932924], [136.225776, 35.934147], [136.226087, 35.935003], [136.225568, 35.935974], [136.225872, 35.937244], [136.225616, 35.938377], [136.226591, 35.938779], [136.227804, 35.939084], [136.229736, 35.939977], [136.231828, 35.940677], [136.232044, 35.94082], [136.232315, 35.941312], [136.232938, 35.941649], [136.234039, 35.943424], [136.235269, 35.943903], [136.235511, 35.94453], [136.236515, 35.945127], [136.236658, 35.945114], [136.236778, 35.944849], [136.236722, 35.944545], [136.236858, 35.944428], [136.240259, 35.944551], [136.240251, 35.948114], [136.240626, 35.948205], [136.245681, 35.948276], [136.248789, 35.948493], [136.248728, 35.943864], [136.249547, 35.942302], [136.250323, 35.94138], [136.251722, 35.941648], [136.253537, 35.942853], [136.255333, 35.943126], [136.255877, 35.942972], [136.256543, 35.94259], [136.258095, 35.942112], [136.259317, 35.941881], [136.260948, 35.941138], [136.261767, 35.940909], [136.263752, 35.941232], [136.264639, 35.940805], [136.266282, 35.94077], [136.267364, 35.940612], [136.269673, 35.941306], [136.271237, 35.941345], [136.272086, 35.941737], [136.273974, 35.941414], [136.274989, 35.941597], [136.276363, 35.940953], [136.277891, 35.941092], [136.278765, 35.941354], [136.280054, 35.941206], [136.280512, 35.941404], [136.281881, 35.941647], [136.282596, 35.942311], [136.284092, 35.942801], [136.284795, 35.942901], [136.285259, 35.943223], [136.286628, 35.943381], [136.289347, 35.945176], [136.292261, 35.944283], [136.294192, 35.94404], [136.29641, 35.943034], [136.296709, 35.943019], [136.298456, 35.94407], [136.299147, 35.944407], [136.299624, 35.944486], [136.30087, 35.944219], [136.301114, 35.943951], [136.302049, 35.943703], [136.303302, 35.9429], [136.303576, 35.942836], [136.304829, 35.943267], [136.305471, 35.942885], [136.306613, 35.942955], [136.307835, 35.942617], [136.309277, 35.942622], [136.309662, 35.942429], [136.310212, 35.941616], [136.310236, 35.940496], [136.310481, 35.940174], [136.311257, 35.939717], [136.31287, 35.939217], [136.313456, 35.938429], [136.314122, 35.937874], [136.314318, 35.937165], [136.31601, 35.937611], [136.317073, 35.937492], [136.317336, 35.937338], [136.317342, 35.936436], [136.317471, 35.936252], [136.318448, 35.935856], [136.319884, 35.935539], [136.319762, 35.934567], [136.319872, 35.93428], [136.320446, 35.933829], [136.321735, 35.933293], [136.32223, 35.932852], [136.323116, 35.931345], [136.323727, 35.930736], [136.324033, 35.930026], [136.324436, 35.929625], [136.325304, 35.929526], [136.327564, 35.928748], [136.329, 35.928976], [136.330644, 35.928421], [136.331591, 35.928649], [136.332544, 35.928574], [136.333736, 35.928673]]]}}, {"type": "Feature", "properties": {"pref_code": "18", "pref_name": "福井県", "municipality_code": "18208", "municipality_name": "あわら市", "ward_name": "", "display_name": "あわら市", "geometry_key": "18208"}, "geometry": {"type": "MultiPolygon", "coordinates": [[[[136.242839, 36.295569], [136.242911, 36.295451], [136.243087, 36.29547], [136.24297, 36.295654], [136.242839, 36.295569]]], [[[136.329398, 36.202019], [136.329364, 36.202551], [136.32904, 36.203275], [136.328652, 36.205679], [136.328537, 36.207646], [136.32793, 36.208709], [136.328004, 36.209392], [136.327865, 36.209905], [136.328552, 36.210681], [136.328851, 36.211667], [136.329593, 36.212681], [136.330076, 36.213085], [136.330141, 36.213534], [136.329842, 36.214855], [136.329886, 36.215376], [136.33022, 36.215897], [136.331326, 36.216996], [136.33142, 36.217424], [136.331176, 36.218378], [136.330374, 36.219271], [136.329946, 36.220362], [136.32904, 36.221267], [136.329154, 36.22214], [136.329005, 36.224297], [136.329772, 36.225182], [136.330434, 36.226544], [136.331873, 36.228096], [136.332391, 36.229134], [136.332281, 36.229781], [136.331539, 36.230092], [136.329567, 36.230059], [136.328497, 36.230382], [136.32769, 36.230851], [136.327491, 36.231542], [136.326813, 36.232298], [136.325753, 36.232265], [136.324627, 36.231889], [136.323582, 36.231699], [136.322606, 36.231812], [136.322018, 36.232552], [136.321346, 36.232956], [136.320394, 36.233174], [136.319797, 36.233614], [136.319139, 36.233639], [136.318138, 36.234285], [136.316968, 36.234758], [136.316674, 36.235081], [136.315892, 36.237231], [136.31538, 36.237841], [136.315394, 36.238035], [136.315639, 36.238499], [136.316331, 36.239097], [136.317616, 36.240778], [136.317376, 36.241384], [136.317217, 36.242932], [136.31656, 36.243174], [136.316435, 36.243336], [136.316102, 36.244184], [136.315355, 36.245024], [136.315295, 36.245885], [136.312979, 36.246596], [136.312212, 36.246483], [136.311032, 36.246539], [136.310096, 36.247037], [136.309553, 36.247053], [136.308667, 36.246729], [136.308418, 36.246818], [136.307965, 36.247687], [136.3067, 36.248677], [136.306008, 36.249529], [136.304942, 36.250471], [136.303826, 36.252285], [136.303227, 36.252928], [136.303162, 36.253501], [136.303524, 36.254268], [136.303616, 36.254891], [136.303248, 36.255917], [136.302111, 36.257516], [136.301202, 36.258218], [136.300613, 36.258293], [136.299097, 36.257838], [136.298807, 36.25789], [136.298508, 36.258467], [136.298162, 36.258741], [136.296461, 36.25909], [136.295958, 36.259464], [136.295424, 36.2603], [136.295098, 36.260549], [136.293931, 36.260968], [136.292733, 36.261112], [136.289484, 36.26041], [136.289079, 36.260435], [136.288078, 36.261137], [136.287321, 36.261494], [136.285469, 36.261675], [136.285118, 36.261929], [136.285037, 36.262194], [136.285345, 36.263095], [136.285298, 36.263786], [136.283631, 36.263842], [136.283398, 36.264006], [136.283177, 36.264256], [136.283131, 36.265614], [136.282834, 36.265918], [136.282207, 36.26574], [136.281298, 36.264893], [136.280407, 36.26437], [136.280002, 36.264355], [136.278473, 36.265032], [136.2769, 36.264823], [136.276458, 36.265062], [136.275917, 36.266044], [136.275629, 36.266178], [136.275064, 36.266178], [136.27418, 36.265964], [136.273701, 36.265809], [136.273154, 36.265366], [136.272859, 36.265311], [136.272522, 36.265361], [136.271397, 36.266223], [136.27118, 36.26626], [136.270633, 36.265943], [136.270194, 36.265849], [136.269739, 36.266188], [136.269186, 36.266382], [136.268769, 36.266034], [136.268751, 36.265421], [136.268364, 36.264758], [136.268155, 36.264684], [136.267473, 36.264808], [136.26681, 36.265102], [136.265938, 36.265974], [136.26646, 36.266771], [136.266841, 36.267064], [136.267301, 36.268041], [136.268265, 36.269271], [136.268376, 36.269894], [136.268179, 36.269989], [136.266939, 36.269959], [136.265581, 36.269296], [136.263764, 36.268972], [136.263131, 36.269032], [136.262928, 36.269221], [136.262977, 36.269446], [136.263395, 36.270372], [136.264027, 36.271099], [136.264046, 36.271408], [136.263493, 36.271857], [136.262228, 36.272265], [136.261466, 36.272932], [136.261528, 36.273356], [136.263628, 36.274562], [136.264064, 36.27494], [136.264322, 36.275463], [136.264285, 36.275707], [136.262136, 36.276076], [136.261896, 36.276205], [136.263253, 36.277351], [136.264254, 36.277914], [136.264218, 36.278327], [136.263315, 36.27906], [136.262424, 36.279582], [136.261325, 36.278601], [136.260699, 36.278397], [136.259845, 36.277899], [136.258739, 36.278696], [136.257683, 36.279239], [136.256265, 36.279657], [136.256197, 36.279911], [136.257051, 36.281341], [136.257437, 36.282357], [136.257419, 36.282955], [136.256737, 36.284699], [136.256633, 36.28569], [136.256768, 36.286696], [136.257302, 36.287632], [136.258592, 36.289321], [136.258475, 36.289431], [136.256719, 36.289481], [136.255601, 36.289725], [136.255202, 36.289919], [136.254993, 36.290452], [136.254416, 36.290542], [136.253881, 36.290392], [136.251751, 36.291598], [136.250541, 36.291772], [136.249245, 36.291762], [136.248557, 36.292071], [136.24755, 36.293197], [136.246012, 36.293836], [136.244053, 36.295274], [136.243498, 36.294763], [136.243503, 36.295322], [136.242822, 36.295331], [136.242742, 36.295008], [136.242911, 36.294816], [136.242828, 36.294677], [136.242967, 36.294488], [136.24299, 36.293721], [136.242671, 36.293416], [136.242545, 36.293084], [136.24198, 36.292605], [136.241996, 36.292273], [136.24178, 36.292076], [136.239526, 36.290661], [136.233496, 36.286126], [136.230233, 36.284278], [136.227841, 36.282509], [136.22686, 36.281641], [136.225865, 36.281163], [136.223556, 36.279523], [136.220321, 36.277602], [136.219396, 36.277208], [136.218047, 36.276306], [136.216183, 36.275422], [136.214388, 36.27416], [136.212121, 36.273207], [136.211077, 36.272323], [136.209672, 36.271619], [136.208163, 36.27105], [136.207245, 36.270295], [136.205554, 36.269382], [136.20408, 36.268779], [136.202842, 36.267901], [136.200421, 36.266785], [136.196401, 36.264396], [136.192186, 36.262396], [136.183093, 36.257739], [136.184337, 36.25617], [136.184229, 36.255897], [136.184292, 36.255157], [136.184805, 36.25475], [136.183773, 36.253857], [136.184189, 36.253529], [136.183255, 36.25277], [136.183515, 36.252574], [136.18299, 36.252039], [136.182837, 36.251636], [136.181221, 36.25069], [136.184259, 36.248414], [136.184449, 36.248387], [136.184737, 36.248651], [136.184528, 36.249838], [136.187027, 36.249989], [136.187073, 36.249563], [136.187468, 36.249284], [136.188257, 36.250023], [136.188866, 36.249578], [136.189015, 36.249593], [136.189442, 36.249891], [136.189451, 36.250268], [136.190292, 36.250901], [136.190807, 36.250946], [136.190798, 36.251217], [136.19123, 36.251349], [136.191486, 36.251677], [136.191648, 36.251681], [136.193469, 36.250249], [136.194147, 36.250784], [136.194561, 36.250449], [136.19548, 36.251202], [136.196623, 36.249473], [136.197273, 36.248896], [136.198992, 36.248602], [136.199739, 36.24757], [136.200436, 36.24691], [136.200696, 36.2461], [136.199414, 36.246104], [136.198685, 36.246221], [136.198462, 36.246077], [136.198114, 36.245244], [136.197668, 36.245097], [136.197361, 36.244758], [136.196721, 36.244747], [136.196879, 36.244295], [136.196507, 36.243537], [136.195889, 36.243191], [136.195611, 36.242659], [136.194607, 36.241627], [136.194505, 36.241318], [136.193688, 36.240956], [136.194654, 36.238567], [136.195741, 36.238861], [136.196359, 36.238476], [136.196661, 36.237515], [136.196076, 36.237331], [136.196364, 36.236004], [136.196907, 36.235654], [136.194357, 36.233867], [136.194092, 36.234014], [136.194055, 36.234214], [136.194129, 36.234455], [136.19465, 36.234731], [136.194404, 36.235039], [136.194083, 36.234584], [136.193433, 36.234576], [136.193419, 36.234086], [136.190929, 36.234154], [136.1904, 36.233377], [136.189447, 36.234101], [136.188899, 36.234014], [136.188532, 36.233573], [136.188467, 36.232774], [136.1889, 36.231859], [136.188932, 36.231271], [136.188672, 36.230845], [136.187571, 36.230295], [136.186614, 36.230167], [136.186744, 36.230894], [136.186512, 36.231418], [136.184905, 36.232756], [136.184417, 36.232944], [136.183855, 36.232831], [136.183581, 36.232639], [136.183716, 36.231459], [136.183544, 36.231331], [136.182894, 36.231301], [136.181709, 36.231647], [136.181342, 36.23158], [136.181175, 36.230717], [136.18144, 36.23051], [136.181802, 36.229639], [136.182364, 36.229277], [136.182425, 36.228885], [136.18438, 36.228946], [136.18471, 36.228595], [136.184724, 36.228335], [136.184951, 36.22832], [136.184729, 36.225935], [136.184227, 36.225984], [136.183907, 36.222992], [136.182128, 36.223165], [136.18216, 36.224141], [136.174794, 36.221797], [136.175444, 36.220259], [136.175072, 36.220165], [136.175036, 36.218556], [136.174492, 36.218703], [136.174144, 36.218552], [136.174004, 36.21813], [136.174014, 36.217248], [136.171793, 36.216208], [136.169504, 36.216419], [136.1685, 36.215454], [136.168143, 36.215255], [136.167618, 36.21464], [136.167284, 36.213529], [136.166801, 36.212605], [136.166555, 36.209142], [136.166745, 36.209112], [136.167697, 36.209101], [136.168064, 36.209534], [136.168719, 36.21224], [136.17433, 36.211377], [136.174344, 36.211475], [136.175482, 36.21129], [136.175115, 36.209824], [136.175816, 36.209832], [136.176517, 36.209587], [136.175969, 36.208554], [136.176332, 36.208366], [136.176206, 36.207827], [136.175296, 36.207842], [136.174799, 36.206331], [136.173141, 36.206617], [136.172876, 36.206504], [136.172672, 36.203166], [136.173076, 36.20306], [136.173169, 36.202845], [136.173717, 36.202698], [136.17276, 36.198802], [136.176016, 36.198244], [136.175658, 36.196944], [136.178185, 36.196488], [136.177897, 36.19535], [136.178566, 36.195218], [136.178348, 36.194377], [136.17962, 36.193989], [136.18048, 36.194031], [136.1806, 36.193952], [136.180619, 36.193274], [136.180488, 36.192905], [136.184571, 36.192834], [136.190297, 36.192911], [136.190656, 36.192636], [136.190453, 36.190184], [136.191947, 36.189713], [136.195192, 36.189312], [136.195963, 36.189636], [136.195963, 36.19041], [136.196585, 36.190386], [136.19676, 36.191154], [136.210592, 36.19187], [136.210728, 36.190288], [136.211826, 36.190334], [136.211846, 36.189854], [136.212448, 36.189846], [136.212451, 36.189325], [136.213033, 36.189341], [136.213084, 36.188969], [136.214334, 36.189054], [136.214284, 36.189366], [136.2152, 36.189471], [136.215031, 36.1902], [136.21544, 36.190288], [136.215683, 36.19057], [136.215906, 36.191912], [136.215453, 36.192342], [136.215787, 36.192452], [136.216862, 36.192389], [136.217741, 36.192628], [136.218593, 36.192268], [136.219022, 36.192924], [136.219266, 36.193744], [136.221399, 36.193757], [136.222507, 36.194207], [136.222869, 36.194227], [136.223143, 36.194553], [136.223217, 36.194954], [136.223278, 36.196657], [136.224814, 36.196672], [136.225727, 36.197227], [136.228627, 36.197349], [136.228714, 36.197126], [136.229024, 36.197012], [136.228979, 36.195477], [136.2299, 36.195327], [136.230267, 36.195143], [136.230255, 36.194007], [136.232947, 36.193866], [136.233276, 36.193728], [136.233284, 36.193357], [136.233718, 36.193271], [136.23635, 36.193253], [136.236305, 36.192824], [136.235897, 36.192077], [136.237392, 36.19166], [136.236897, 36.190971], [136.236195, 36.190315], [136.235489, 36.190147], [136.235912, 36.188496], [136.236335, 36.187497], [136.237038, 36.1842], [136.237219, 36.183851], [136.239761, 36.184032], [136.239443, 36.184549], [136.239632, 36.184739], [136.242472, 36.184237], [136.24812, 36.185202], [136.251821, 36.185421], [136.251922, 36.183994], [136.255001, 36.183931], [136.255277, 36.183882], [136.255334, 36.183711], [136.257234, 36.183543], [136.256662, 36.182712], [136.256926, 36.18264], [136.256767, 36.181783], [136.258445, 36.181687], [136.258457, 36.180109], [136.259054, 36.179097], [136.259574, 36.179437], [136.261389, 36.17944], [136.261641, 36.179401], [136.261686, 36.179002], [136.262344, 36.178959], [136.262421, 36.178415], [136.268777, 36.178323], [136.268769, 36.178099], [136.269867, 36.178109], [136.269916, 36.177516], [136.272872, 36.177252], [136.272799, 36.177628], [136.2735, 36.178439], [136.273967, 36.179556], [136.274584, 36.180077], [136.275242, 36.180376], [136.275823, 36.179467], [136.275811, 36.178881], [136.276009, 36.178416], [136.276932, 36.177714], [136.277196, 36.177701], [136.278564, 36.178185], [136.279823, 36.178841], [136.280307, 36.17835], [136.280814, 36.176531], [136.281671, 36.176353], [136.282337, 36.175839], [136.28384, 36.175312], [136.284477, 36.175352], [136.284701, 36.174775], [136.28533, 36.174604], [136.28557, 36.174686], [136.285736, 36.174923], [136.286667, 36.175181], [136.286942, 36.175602], [136.287666, 36.175787], [136.288742, 36.176347], [136.290208, 36.176353], [136.292641, 36.177382], [136.293749, 36.17813], [136.294504, 36.17811], [136.294772, 36.17836], [136.294772, 36.178571], [136.294565, 36.178769], [136.294789, 36.179293], [136.295272, 36.179626], [136.296454, 36.179487], [136.297156, 36.179194], [136.297477, 36.179227], [136.298618, 36.180182], [136.299301, 36.181224], [136.300137, 36.181636], [136.300681, 36.182249], [136.301822, 36.18303], [136.302257, 36.183926], [136.303683, 36.183741], [136.304722, 36.184114], [136.30523, 36.184894], [136.305189, 36.186321], [136.305701, 36.187471], [136.305684, 36.188546], [136.306403, 36.188836], [136.307272, 36.189603], [136.307565, 36.190262], [136.30992, 36.189962], [136.310854, 36.189979], [136.311849, 36.190569], [136.312475, 36.190576], [136.313632, 36.191264], [136.314322, 36.191442], [136.315171, 36.192744], [136.315906, 36.192843], [136.316869, 36.193218], [136.318266, 36.194724], [136.318802, 36.195624], [136.318806, 36.197364], [136.319878, 36.198645], [136.320548, 36.199087], [136.323882, 36.198945], [136.324577, 36.19942], [136.325304, 36.199697], [136.325901, 36.20025], [136.327749, 36.20057], [136.328488, 36.201407], [136.329398, 36.202019]]]]}}, {"type": "Feature", "properties": {"pref_code": "18", "pref_name": "福井県", "municipality_code": "18209", "municipality_name": "越前市", "ward_name": "", "display_name": "越前市", "geometry_key": "18209"}, "geometry": {"type": "Polygon", "coordinates": [[[136.333736, 35.928673], [136.332544, 35.928574], [136.331591, 35.928649], [136.330644, 35.928421], [136.329, 35.928976], [136.327564, 35.928748], [136.325304, 35.929526], [136.324436, 35.929625], [136.324033, 35.930026], [136.323727, 35.930736], [136.323116, 35.931345], [136.32223, 35.932852], [136.321735, 35.933293], [136.320446, 35.933829], [136.319872, 35.93428], [136.319762, 35.934567], [136.319884, 35.935539], [136.318448, 35.935856], [136.317471, 35.936252], [136.317342, 35.936436], [136.317336, 35.937338], [136.317073, 35.937492], [136.31601, 35.937611], [136.314318, 35.937165], [136.314122, 35.937874], [136.313456, 35.938429], [136.31287, 35.939217], [136.311257, 35.939717], [136.310481, 35.940174], [136.310236, 35.940496], [136.310212, 35.941616], [136.309662, 35.942429], [136.309277, 35.942622], [136.307835, 35.942617], [136.306613, 35.942955], [136.305471, 35.942885], [136.304829, 35.943267], [136.303576, 35.942836], [136.303302, 35.9429], [136.302049, 35.943703], [136.301114, 35.943951], [136.30087, 35.944219], [136.299624, 35.944486], [136.299147, 35.944407], [136.298456, 35.94407], [136.296709, 35.943019], [136.29641, 35.943034], [136.294192, 35.94404], [136.292261, 35.944283], [136.289347, 35.945176], [136.286628, 35.943381], [136.285259, 35.943223], [136.284795, 35.942901], [136.284092, 35.942801], [136.282596, 35.942311], [136.281881, 35.941647], [136.280512, 35.941404], [136.280054, 35.941206], [136.278765, 35.941354], [136.277891, 35.941092], [136.276363, 35.940953], [136.274989, 35.941597], [136.273974, 35.941414], [136.272086, 35.941737], [136.271237, 35.941345], [136.269673, 35.941306], [136.267364, 35.940612], [136.266282, 35.94077], [136.264639, 35.940805], [136.263752, 35.941232], [136.261767, 35.940909], [136.260948, 35.941138], [136.259317, 35.941881], [136.258095, 35.942112], [136.256543, 35.94259], [136.255877, 35.942972], [136.255333, 35.943126], [136.253537, 35.942853], [136.251722, 35.941648], [136.250323, 35.94138], [136.249547, 35.942302], [136.248728, 35.943864], [136.248789, 35.948493], [136.245681, 35.948276], [136.240626, 35.948205], [136.240251, 35.948114], [136.240259, 35.944551], [136.236858, 35.944428], [136.236722, 35.944545], [136.236778, 35.944849], [136.236658, 35.945114], [136.236515, 35.945127], [136.235511, 35.94453], [136.235269, 35.943903], [136.234039, 35.943424], [136.232938, 35.941649], [136.232315, 35.941312], [136.232044, 35.94082], [136.231828, 35.940677], [136.229736, 35.939977], [136.227804, 35.939084], [136.226591, 35.938779], [136.225616, 35.938377], [136.225872, 35.937244], [136.225568, 35.935974], [136.226087, 35.935003], [136.225776, 35.934147], [136.225872, 35.932924], [136.225505, 35.931997], [136.224586, 35.930864], [136.223724, 35.931272], [136.222974, 35.931395], [136.222087, 35.931796], [136.220027, 35.932016], [136.219213, 35.933033], [136.218638, 35.933033], [136.218263, 35.93293], [136.217792, 35.932554], [136.217736, 35.932133], [136.217864, 35.931816], [136.217401, 35.931395], [136.217257, 35.9303], [136.216746, 35.930248], [136.216778, 35.929302], [136.213688, 35.928991], [136.21237, 35.929101], [136.210518, 35.929075], [136.208826, 35.929607], [136.208291, 35.929367], [136.205736, 35.929062], [136.200953, 35.928868], [136.200929, 35.930902], [136.200079, 35.930955], [136.199684, 35.930669], [136.189125, 35.930476], [136.188589, 35.930564], [136.17815, 35.930202], [136.178022, 35.930131], [136.177894, 35.929632], [136.177527, 35.929599], [136.177192, 35.929839], [136.176976, 35.929729], [136.176817, 35.929496], [136.176881, 35.928984], [136.178102, 35.928544], [136.178925, 35.928893], [136.178909, 35.929152], [136.178525, 35.929509], [136.178581, 35.929625], [136.17934, 35.929651], [136.179531, 35.929159], [136.179483, 35.928336], [136.17934, 35.928246], [136.17926, 35.927714], [136.178781, 35.927235], [136.178757, 35.926665], [136.178669, 35.926562], [136.175962, 35.926179], [136.175411, 35.936698], [136.169104, 35.936115], [136.167938, 35.937139], [136.167443, 35.938143], [136.166636, 35.938201], [136.166652, 35.939976], [136.160928, 35.939924], [136.160936, 35.936102], [136.156353, 35.935824], [136.151323, 35.935668], [136.149997, 35.935739], [136.149574, 35.936031], [136.149215, 35.93662], [136.148344, 35.93649], [136.147809, 35.936724], [136.14658, 35.936665], [136.145622, 35.93684], [136.144656, 35.937099], [136.143075, 35.938142], [136.142795, 35.938181], [136.141558, 35.937799], [136.14044, 35.937656], [136.139642, 35.936322], [136.139618, 35.935875], [136.138724, 35.934618], [136.138197, 35.934126], [136.137606, 35.933815], [136.136504, 35.93272], [136.136217, 35.932604], [136.134716, 35.932772], [136.133885, 35.931175], [136.133254, 35.930825], [136.132799, 35.930307], [136.132998, 35.929782], [136.132743, 35.928999], [136.132496, 35.927191], [136.132152, 35.926317], [136.132967, 35.925812], [136.132967, 35.925047], [136.13121, 35.924717], [136.129677, 35.924846], [136.128727, 35.924561], [136.12927, 35.923544], [136.12915, 35.921478], [136.12891, 35.921219], [136.128376, 35.921051], [136.128176, 35.920267], [136.128142, 35.919284], [136.127932, 35.918887], [136.126103, 35.917318], [136.125952, 35.917101], [136.125998, 35.91642], [136.12587, 35.916137], [136.12481, 35.915749], [136.124006, 35.915872], [136.123354, 35.915484], [136.122112, 35.915645], [136.121251, 35.915969], [136.119956, 35.915666], [136.118651, 35.915026], [136.117038, 35.914777], [136.116874, 35.914528], [136.117028, 35.913664], [136.116644, 35.911978], [136.116614, 35.911002], [136.11538, 35.910799], [136.114858, 35.911089], [136.11408, 35.911011], [136.113512, 35.911089], [136.112662, 35.91138], [136.111117, 35.912854], [136.1104, 35.913049], [136.109596, 35.912551], [136.108563, 35.912422], [136.107636, 35.91128], [136.106485, 35.910716], [136.105661, 35.911392], [136.104821, 35.911554], [136.104207, 35.91209], [136.103926, 35.912094], [136.102943, 35.912073], [136.101571, 35.910848], [136.100338, 35.910346], [136.098234, 35.910636], [136.095788, 35.910213], [136.094596, 35.91062], [136.093756, 35.910694], [136.092589, 35.912052], [136.092799, 35.913057], [136.092758, 35.913892], [136.093049, 35.914697], [136.092824, 35.915491], [136.093336, 35.916288], [136.093054, 35.917068], [136.092758, 35.917467], [136.092102, 35.917355], [136.091519, 35.917401], [136.090081, 35.917832], [136.089666, 35.918169], [136.089625, 35.919207], [136.088904, 35.919693], [136.088894, 35.920364], [136.088359, 35.921364], [136.088421, 35.922649], [136.088281, 35.922837], [136.088002, 35.922989], [136.087831, 35.922926], [136.085495, 35.920924], [136.085332, 35.920936], [136.085115, 35.921906], [136.085495, 35.92302], [136.084758, 35.923335], [136.084168, 35.923436], [136.081964, 35.924386], [136.081437, 35.924877], [136.081064, 35.925501], [136.080761, 35.925632], [136.079311, 35.924972], [136.079047, 35.925035], [136.078643, 35.925519], [136.078348, 35.925626], [136.078007, 35.925129], [136.077037, 35.924732], [136.077014, 35.924279], [136.07675, 35.923782], [136.075297, 35.923168], [136.074142, 35.923187], [136.074042, 35.92223], [136.073421, 35.921789], [136.07346, 35.921418], [136.07325, 35.921185], [136.07332, 35.920832], [136.073165, 35.920618], [136.073297, 35.920303], [136.073112, 35.919686], [136.073551, 35.918996], [136.07235, 35.918854], [136.071691, 35.918491], [136.070907, 35.918265], [136.070365, 35.918259], [136.069874, 35.917814], [136.069098, 35.917481], [136.068446, 35.917517], [136.067465, 35.917796], [136.067172, 35.917778], [136.066586, 35.917356], [136.06641, 35.91735], [136.065495, 35.917712], [136.064594, 35.918283], [136.063166, 35.917409], [136.061664, 35.917082], [136.05987, 35.917682], [136.059335, 35.918158], [136.058383, 35.918259], [136.058288, 35.918931], [136.056632, 35.919227], [136.05606, 35.918725], [136.055827, 35.918271], [136.054369, 35.917658], [136.053139, 35.917527], [136.052114, 35.917563], [136.051132, 35.917973], [136.050356, 35.917795], [136.050078, 35.91745], [136.047968, 35.917123], [136.047756, 35.91666], [136.047258, 35.916381], [136.046577, 35.915703], [136.046057, 35.914651], [136.045134, 35.914081], [136.043984, 35.912738], [136.044072, 35.911109], [136.043837, 35.910414], [136.043493, 35.909998], [136.043303, 35.909184], [136.043406, 35.908905], [136.043837, 35.908792], [136.044028, 35.908489], [136.043706, 35.90714], [136.043713, 35.906361], [136.043267, 35.905583], [136.042834, 35.905202], [136.042139, 35.903925], [136.041524, 35.903842], [136.041172, 35.903324], [136.040007, 35.90383], [136.038923, 35.903544], [136.037854, 35.903556], [136.037122, 35.903776], [136.036602, 35.903396], [136.035606, 35.903229], [136.03231, 35.901517], [136.029578, 35.900686], [136.028472, 35.900169], [136.028047, 35.900085], [136.027718, 35.900169], [136.027571, 35.900507], [136.025681, 35.902718], [136.024813, 35.901847], [136.024713, 35.90117], [136.024146, 35.90054], [136.024028, 35.899932], [136.024279, 35.898907], [136.024001, 35.898581], [136.023664, 35.89739], [136.023042, 35.896626], [136.023053, 35.895974], [136.022084, 35.895496], [136.021307, 35.894905], [136.02022, 35.894609], [136.020006, 35.894105], [136.020087, 35.893241], [136.020659, 35.892728], [136.020654, 35.891985], [136.020392, 35.891242], [136.020338, 35.890008], [136.020563, 35.888783], [136.019728, 35.888248], [136.018973, 35.888136], [136.018727, 35.887905], [136.01923, 35.887262], [136.01961, 35.886289], [136.019514, 35.885567], [136.019117, 35.88532], [136.019096, 35.885098], [136.01983, 35.884351], [136.020039, 35.883851], [136.019246, 35.883112], [136.01923, 35.88167], [136.019455, 35.88071], [136.019005, 35.880219], [136.019682, 35.878947], [136.020041, 35.878897], [136.020605, 35.878382], [136.021281, 35.878265], [136.021353, 35.878153], [136.021507, 35.877184], [136.021517, 35.875113], [136.022491, 35.874365], [136.023301, 35.874436], [136.024869, 35.873617], [136.025561, 35.873496], [136.02718, 35.872931], [136.028098, 35.87296], [136.029389, 35.872594], [136.029999, 35.871887], [136.031367, 35.871284], [136.03269, 35.870864], [136.034019, 35.870906], [136.034665, 35.870698], [136.035844, 35.869767], [136.036315, 35.868503], [136.03741, 35.868245], [136.037932, 35.867821], [136.038142, 35.867426], [136.038696, 35.867193], [136.039267, 35.867218], [136.039893, 35.866752], [136.040508, 35.866503], [136.040795, 35.865571], [136.041461, 35.864482], [136.042127, 35.862287], [136.042343, 35.861971], [136.042558, 35.861788], [136.044003, 35.861596], [136.044208, 35.861447], [136.044505, 35.860599], [136.044741, 35.860382], [136.045715, 35.860407], [136.046189, 35.86027], [136.047173, 35.860553], [136.047757, 35.8599], [136.048536, 35.859638], [136.049633, 35.859759], [136.050361, 35.860112], [136.05199, 35.860117], [136.053994, 35.860778], [136.054681, 35.860724], [136.05629, 35.860212], [136.056592, 35.859759], [136.0565, 35.85914], [136.055937, 35.858429], [136.05546, 35.857219], [136.054983, 35.85647], [136.054737, 35.85625], [136.054122, 35.856154], [136.053938, 35.855846], [136.05401, 35.855389], [136.054507, 35.854645], [136.054727, 35.853879], [136.054676, 35.853351], [136.054143, 35.852669], [136.054763, 35.851888], [136.054784, 35.851222], [136.055204, 35.850345], [136.056029, 35.849801], [136.05585, 35.849318], [136.056803, 35.849252], [136.05709, 35.848561], [136.057597, 35.848225], [136.058043, 35.848183], [136.058274, 35.848266], [136.058822, 35.848823], [136.059468, 35.848786], [136.060355, 35.849164], [136.06118, 35.848711], [136.062553, 35.848258], [136.06325, 35.847842], [136.063829, 35.848171], [136.064557, 35.848874], [136.064793, 35.848907], [136.065351, 35.848869], [136.066546, 35.848237], [136.067027, 35.84825], [136.067981, 35.848632], [136.068596, 35.848579], [136.069144, 35.84835], [136.069631, 35.848566], [136.070487, 35.848657], [136.072096, 35.849194], [136.072639, 35.849672], [136.075038, 35.849814], [136.076708, 35.85008], [136.077754, 35.849631], [136.078046, 35.849032], [136.078835, 35.84825], [136.079548, 35.848121], [136.080009, 35.846982], [136.079942, 35.845714], [136.080557, 35.845477], [136.081126, 35.845057], [136.082044, 35.843939], [136.082479, 35.843598], [136.083248, 35.843656], [136.083786, 35.843569], [136.084852, 35.842949], [136.085416, 35.842912], [136.088352, 35.843328], [136.089797, 35.843847], [136.090782, 35.844043], [136.091627, 35.844093], [136.093083, 35.843756], [136.093703, 35.843731], [136.095896, 35.843927], [136.096368, 35.844143], [136.096973, 35.844642], [136.099797, 35.844471], [136.100073, 35.844388], [136.100662, 35.843715], [136.10221, 35.842426], [136.102687, 35.841657], [136.103845, 35.841798], [136.104778, 35.841615], [136.106464, 35.842459], [136.107299, 35.842646], [136.10836, 35.844226], [136.109272, 35.844197], [136.109857, 35.844355], [136.110728, 35.844854], [136.111758, 35.844996], [136.114136, 35.846172], [136.114643, 35.846784], [136.11492, 35.846908], [136.115669, 35.846605], [136.116294, 35.84594], [136.116873, 35.845682], [136.118046, 35.846172], [136.118569, 35.846102], [136.119113, 35.845258], [136.120906, 35.843857], [136.121692, 35.84401], [136.122114, 35.844297], [136.123004, 35.844305], [136.124242, 35.843708], [136.124691, 35.843322], [136.126458, 35.843205], [136.126925, 35.843031], [136.127176, 35.84274], [136.127382, 35.841975], [136.127732, 35.841531], [136.128289, 35.841175], [136.12932, 35.840803], [136.129275, 35.840534], [136.128235, 35.839034], [136.128145, 35.838612], [136.128522, 35.837695], [136.128704, 35.835683], [136.129038, 35.835131], [136.129792, 35.83317], [136.129467, 35.832288], [136.130041, 35.831576], [136.130367, 35.830224], [136.130862, 35.829907], [136.130997, 35.829292], [136.131401, 35.828657], [136.131571, 35.828069], [136.131387, 35.826444], [136.129899, 35.824861], [136.129821, 35.824549], [136.130607, 35.823771], [136.131295, 35.821002], [136.132387, 35.819714], [136.132585, 35.81712], [136.132954, 35.816671], [136.133614, 35.816299], [136.13411, 35.815147], [136.134642, 35.813524], [136.135067, 35.811446], [136.134578, 35.810105], [136.137669, 35.808926], [136.138852, 35.807962], [136.139546, 35.80855], [136.140164, 35.809573], [136.141738, 35.810626], [136.142821, 35.812062], [136.143034, 35.81216], [136.144509, 35.812168], [136.145571, 35.812549], [136.146456, 35.813016], [136.147166, 35.81404], [136.148252, 35.814429], [136.14952, 35.815092], [136.150107, 35.815559], [136.153297, 35.817084], [136.153425, 35.817436], [136.15315, 35.819182], [136.153504, 35.819793], [136.15361, 35.820339], [136.154722, 35.821193], [136.155062, 35.82204], [136.155474, 35.822482], [136.155854, 35.824099], [136.156487, 35.825721], [136.157771, 35.826256], [136.158166, 35.826725], [136.158418, 35.827617], [136.158472, 35.828981], [136.158941, 35.829641], [136.159352, 35.830691], [136.159168, 35.831328], [136.158084, 35.832525], [136.158622, 35.833735], [136.159309, 35.834229], [136.160379, 35.834431], [136.160931, 35.835117], [136.16281, 35.835477], [136.163376, 35.835932], [136.164353, 35.836232], [136.165861, 35.837083], [136.16622, 35.837472], [136.166493, 35.838346], [136.168774, 35.839684], [136.169174, 35.840041], [136.16938, 35.840575], [136.170278, 35.840969], [136.170963, 35.841692], [136.171774, 35.842021], [136.172692, 35.843057], [136.174136, 35.843322], [136.174834, 35.84398], [136.175413, 35.845707], [136.175313, 35.846635], [136.17508, 35.847067], [136.175266, 35.847402], [136.175313, 35.848071], [136.175639, 35.848622], [136.175852, 35.849372], [136.175739, 35.849798], [136.175186, 35.850068], [136.17508, 35.850338], [136.175612, 35.850883], [136.175646, 35.851061], [136.177129, 35.851617], [136.176743, 35.851946], [136.178153, 35.852534], [136.177501, 35.853571], [136.180834, 35.855087], [136.180787, 35.857505], [136.181399, 35.857521], [136.181931, 35.856657], [136.186926, 35.857419], [136.187744, 35.857381], [136.18944, 35.857791], [136.190911, 35.857985], [136.191875, 35.857748], [136.194735, 35.858028], [136.195806, 35.857526], [136.196285, 35.857505], [136.199724, 35.858687], [136.201945, 35.859102], [136.202943, 35.859448], [136.206588, 35.859615], [136.206847, 35.859556], [136.207705, 35.858962], [136.20869, 35.857332], [136.209375, 35.857127], [136.209953, 35.856798], [136.211237, 35.856804], [136.211889, 35.857216], [136.213562, 35.857676], [136.214456, 35.857084], [136.215665, 35.856951], [136.216269, 35.856604], [136.218333, 35.85593], [136.219781, 35.856114], [136.222991, 35.855951], [136.223872, 35.856002], [136.224375, 35.855052], [136.224765, 35.854715], [136.226226, 35.853949], [136.227295, 35.853898], [136.229901, 35.853194], [136.230555, 35.853245], [136.232393, 35.852019], [136.233929, 35.850069], [136.23442, 35.849772], [136.235867, 35.849415], [136.23661, 35.849068], [136.238649, 35.847852], [136.239367, 35.846964], [136.241545, 35.845401], [136.242904, 35.845044], [136.243961, 35.844533], [136.244553, 35.844615], [136.244943, 35.844819], [136.245585, 35.84484], [136.24624, 35.845259], [136.247099, 35.845581], [136.248926, 35.84558], [136.249459, 35.845352], [136.249675, 35.845117], [136.250189, 35.843872], [136.250975, 35.843439], [136.251387, 35.84287], [136.251901, 35.842491], [136.253801, 35.842324], [136.254568, 35.842605], [136.255101, 35.842627], [136.255494, 35.842491], [136.255915, 35.842149], [136.25723, 35.842665], [136.257412, 35.84287], [136.258119, 35.843197], [136.259166, 35.843421], [136.259887, 35.844305], [136.26137, 35.844643], [136.262203, 35.845402], [136.263073, 35.846841], [136.264472, 35.847892], [136.265337, 35.848002], [136.266119, 35.848541], [136.266371, 35.849069], [136.266362, 35.849653], [136.266811, 35.85053], [136.267672, 35.851038], [136.268215, 35.852477], [136.269132, 35.853528], [136.269492, 35.854341], [136.270357, 35.855077], [136.270535, 35.85535], [136.270587, 35.855817], [136.271779, 35.856538], [136.272757, 35.857384], [136.27279, 35.859396], [136.273038, 35.859825], [136.273319, 35.860861], [136.273838, 35.861339], [136.274862, 35.861798], [136.275054, 35.862664], [136.275302, 35.86307], [136.276041, 35.863362], [136.277099, 35.864375], [136.277295, 35.865362], [136.279189, 35.865711], [136.280144, 35.865624], [136.280925, 35.86526], [136.282979, 35.864687], [136.284046, 35.864724], [136.285706, 35.864447], [136.286665, 35.865552], [136.287096, 35.866394], [136.287844, 35.866717], [136.291007, 35.866087], [136.291629, 35.866489], [136.292335, 35.866611], [136.292728, 35.866462], [136.293393, 35.866812], [136.293982, 35.866774], [136.29481, 35.86759], [136.295198, 35.868554], [136.296125, 35.869119], [136.296227, 35.870197], [136.296878, 35.870471], [136.298192, 35.871298], [136.299132, 35.872342], [136.299628, 35.873139], [136.300672, 35.873552], [136.302309, 35.873932], [136.303357, 35.874053], [136.303914, 35.87427], [136.304096, 35.874839], [136.305214, 35.876607], [136.306351, 35.877742], [136.306463, 35.878289], [136.306332, 35.878592], [136.305345, 35.87956], [136.304966, 35.880411], [136.305991, 35.880926], [136.307165, 35.881822], [136.307324, 35.882494], [136.306982, 35.883735], [136.307071, 35.884103], [136.307736, 35.884464], [136.307904, 35.884957], [136.308592, 35.885189], [136.309391, 35.885641], [136.310182, 35.886301], [136.311048, 35.88668], [136.311647, 35.887136], [136.311525, 35.887379], [136.311974, 35.887896], [136.312356, 35.88867], [136.311727, 35.889443], [136.311245, 35.890699], [136.311335, 35.891054], [136.311761, 35.891564], [136.312131, 35.892301], [136.31212, 35.892948], [136.311413, 35.893376], [136.310583, 35.894231], [136.309786, 35.894559], [136.309472, 35.894941], [136.309102, 35.895159], [136.308787, 35.896379], [136.309034, 35.896807], [136.31019, 35.897817], [136.310482, 35.898692], [136.310302, 35.899447], [136.310583, 35.900057], [136.310504, 35.900731], [136.31065, 35.901422], [136.311087, 35.902105], [136.311693, 35.902578], [136.311929, 35.903934], [136.312569, 35.904544], [136.313275, 35.904836], [136.31341, 35.905446], [136.314712, 35.905555], [136.315374, 35.906037], [136.316013, 35.90682], [136.315317, 35.907394], [136.315161, 35.907731], [136.315362, 35.908522], [136.315553, 35.908786], [136.315295, 35.909251], [136.315429, 35.909715], [136.315272, 35.910097], [136.315227, 35.911062], [136.314296, 35.911945], [136.314016, 35.912937], [136.313421, 35.912719], [136.312624, 35.912856], [136.311805, 35.91352], [136.309965, 35.913911], [136.30973, 35.914202], [136.310044, 35.915095], [136.310897, 35.915331], [136.311166, 35.916232], [136.310773, 35.917124], [136.310796, 35.917425], [136.311076, 35.917762], [136.312983, 35.919063], [136.313292, 35.920023], [136.313463, 35.920201], [136.315822, 35.92092], [136.317441, 35.921187], [136.319512, 35.921168], [136.322261, 35.920172], [136.324272, 35.919973], [136.325054, 35.920142], [136.326233, 35.920881], [136.327259, 35.921014], [136.328628, 35.921396], [136.331023, 35.923231], [136.332104, 35.923474], [136.332703, 35.924093], [136.333479, 35.924648], [136.333729, 35.926339], [136.334059, 35.927147], [136.333729, 35.928143], [136.333736, 35.928673]]]}}, {"type": "Feature", "properties": {"pref_code": "18", "pref_name": "福井県", "municipality_code": "18210", "municipality_name": "坂井市", "ward_name": "", "display_name": "坂井市", "geometry_key": "18210"}, "geometry": {"type": "MultiPolygon", "coordinates": [[[[136.183093, 36.257739], [136.176626, 36.254644], [136.17328, 36.253284], [136.172948, 36.252987], [136.170248, 36.251934], [136.16901, 36.251902], [136.167116, 36.251104], [136.164062, 36.25032], [136.163109, 36.250243], [136.162207, 36.249879], [136.160348, 36.249809], [136.159865, 36.2499], [136.159239, 36.250211], [136.159062, 36.250215], [136.159032, 36.250012], [136.158562, 36.250239], [136.157854, 36.25011], [136.156172, 36.251174], [136.1548, 36.252556], [136.154613, 36.253082], [136.154221, 36.253246], [136.153633, 36.253221], [136.152587, 36.25278], [136.151358, 36.252745], [136.150935, 36.252339], [136.149632, 36.252426], [136.149283, 36.252773], [136.149268, 36.253612], [136.148677, 36.253888], [136.149197, 36.254806], [136.149037, 36.255168], [136.148713, 36.255398], [136.148654, 36.255201], [136.148835, 36.254668], [136.148557, 36.25464], [136.148457, 36.254876], [136.148292, 36.254736], [136.14789, 36.254876], [136.147815, 36.254539], [136.147607, 36.254416], [136.147601, 36.25384], [136.147432, 36.253589], [136.146945, 36.253291], [136.146333, 36.253317], [136.146052, 36.253218], [136.14597, 36.252129], [136.145819, 36.251898], [136.145332, 36.251597], [136.144555, 36.251531], [136.143589, 36.252013], [136.144094, 36.252188], [136.143826, 36.252825], [136.143908, 36.252902], [136.143361, 36.253595], [136.143215, 36.253566], [136.143172, 36.253262], [136.143481, 36.252503], [136.143253, 36.252227], [136.143007, 36.252353], [136.142951, 36.253028], [136.142562, 36.252552], [136.142209, 36.253], [136.142049, 36.253011], [136.141807, 36.252773], [136.141191, 36.252801], [136.141201, 36.253341], [136.140774, 36.253672], [136.140621, 36.252643], [136.140414, 36.252496], [136.140125, 36.252836], [136.139819, 36.251845], [136.139841, 36.251453], [136.139595, 36.25096], [136.138037, 36.250512], [136.137731, 36.250452], [136.135902, 36.250621], [136.135121, 36.250848], [136.134876, 36.251306], [136.134712, 36.25138], [136.13403, 36.251453], [136.13224, 36.250998], [136.131714, 36.251082], [136.131532, 36.251233], [136.131437, 36.25082], [136.131183, 36.25096], [136.131088, 36.251324], [136.130963, 36.251345], [136.13054, 36.250991], [136.129854, 36.251019], [136.129376, 36.250823], [136.128789, 36.250844], [136.12806, 36.250631], [136.127409, 36.250753], [136.126806, 36.251054], [136.126306, 36.251064], [136.125378, 36.25076], [136.125029, 36.250844], [136.124619, 36.250501], [136.123299, 36.250095], [136.123019, 36.249601], [136.123402, 36.249426], [136.123701, 36.248824], [136.123873, 36.248299], [136.123649, 36.248159], [136.124033, 36.247886], [136.124007, 36.247445], [136.124577, 36.246822], [136.124555, 36.246364], [136.125116, 36.246412], [136.126224, 36.246038], [136.127311, 36.245338], [136.127838, 36.245272], [136.127989, 36.244932], [136.128567, 36.244579], [136.12855, 36.243785], [136.128739, 36.243295], [136.129111, 36.242962], [136.130008, 36.242738], [136.130538, 36.242186], [136.130961, 36.242105], [136.130698, 36.241661], [136.130651, 36.241223], [136.131259, 36.240915], [136.131461, 36.240631], [136.131457, 36.240379], [136.131384, 36.240086], [136.130858, 36.239428], [136.130314, 36.239099], [136.129481, 36.239106], [136.129115, 36.23948], [136.128908, 36.239018], [136.128442, 36.239284], [136.128792, 36.238997], [136.128796, 36.238882], [136.128412, 36.238924], [136.12855, 36.238689], [136.127726, 36.238679], [136.127057, 36.238969], [136.127239, 36.238595], [136.126721, 36.238878], [136.126682, 36.238612], [136.126531, 36.238759], [136.12641, 36.238644], [136.126091, 36.238735], [136.126216, 36.238304], [136.125656, 36.23856], [136.12553, 36.238385], [136.125272, 36.238315], [136.125785, 36.238087], [136.125871, 36.23794], [136.125479, 36.237874], [136.125418, 36.237688], [136.124991, 36.237793], [136.125216, 36.237573], [136.124978, 36.237489], [136.124978, 36.237373], [136.125436, 36.237188], [136.125461, 36.236852], [136.124935, 36.236806], [136.125854, 36.236464], [136.126027, 36.235931], [136.126669, 36.235554], [136.126587, 36.235333], [136.126687, 36.235189], [136.127049, 36.234941], [136.128442, 36.233303], [136.129098, 36.232957], [136.129922, 36.232709], [136.13088, 36.231987], [136.131272, 36.231484], [136.131384, 36.230416], [136.132333, 36.23028], [136.132571, 36.229377], [136.133071, 36.228481], [136.133015, 36.228114], [136.132377, 36.227456], [136.13204, 36.226143], [136.131462, 36.225842], [136.131027, 36.226178], [136.130871, 36.226192], [136.130858, 36.226097], [136.131212, 36.225643], [136.13116, 36.225275], [136.13135, 36.224596], [136.132092, 36.224085], [136.133541, 36.22446], [136.133567, 36.224236], [136.133826, 36.224253], [136.134176, 36.224057], [136.134521, 36.223659], [136.134917, 36.221587], [136.134633, 36.220684], [136.133455, 36.220586], [136.131432, 36.219886], [136.131001, 36.219911], [136.127511, 36.217835], [136.131354, 36.217182], [136.131996, 36.216687], [136.132315, 36.216057], [136.132461, 36.214918], [136.132277, 36.213878], [136.127612, 36.208878], [136.122693, 36.201934], [136.119689, 36.203357], [136.119632, 36.203271], [136.122638, 36.201846], [136.122128, 36.201129], [136.118771, 36.20047], [136.118809, 36.200307], [136.121879, 36.200982], [136.122981, 36.200467], [136.122747, 36.200128], [136.122851, 36.200083], [136.12314, 36.200402], [136.122899, 36.200057], [136.122991, 36.200005], [136.123232, 36.200336], [136.124336, 36.199852], [136.124084, 36.199508], [136.124187, 36.199457], [136.12444, 36.199796], [136.124252, 36.199431], [136.124355, 36.199385], [136.124586, 36.199722], [136.126792, 36.19872], [136.127056, 36.199074], [136.127077, 36.199432], [136.127411, 36.199701], [136.129074, 36.202018], [136.128884, 36.202102], [136.128574, 36.201698], [136.127818, 36.202041], [136.128946, 36.20362], [136.129906, 36.203178], [136.131252, 36.205157], [136.132694, 36.204497], [136.133229, 36.205259], [136.134362, 36.204735], [136.133857, 36.203955], [136.134204, 36.203784], [136.133501, 36.202777], [136.133139, 36.202887], [136.132948, 36.202748], [136.133011, 36.202536], [136.13327, 36.202381], [136.12753, 36.194429], [136.127686, 36.194372], [136.127789, 36.194496], [136.128067, 36.194361], [136.127535, 36.193546], [136.129914, 36.192503], [136.12919, 36.19151], [136.128196, 36.190456], [136.127477, 36.190375], [136.125291, 36.191316], [136.124666, 36.190442], [136.123742, 36.190434], [136.121229, 36.189581], [136.120359, 36.188935], [136.119532, 36.188569], [136.119013, 36.187808], [136.11834, 36.187121], [136.117994, 36.186099], [136.117025, 36.185143], [136.116927, 36.184507], [136.114581, 36.18071], [136.112124, 36.176978], [136.111685, 36.176602], [136.111784, 36.175986], [136.109549, 36.172901], [136.10787, 36.173627], [136.115729, 36.184647], [136.11563, 36.186701], [136.118525, 36.190758], [136.1196, 36.190232], [136.119556, 36.190147], [136.119779, 36.190037], [136.119976, 36.190342], [136.11976, 36.190447], [136.119661, 36.190307], [136.118754, 36.190723], [136.118667, 36.190933], [136.114648, 36.192697], [136.112993, 36.205294], [136.112752, 36.205284], [136.114395, 36.192536], [136.10013, 36.172843], [136.105923, 36.16996], [136.107024, 36.169532], [136.114626, 36.167363], [136.119371, 36.165855], [136.120988, 36.165081], [136.122104, 36.164729], [136.125592, 36.163028], [136.126035, 36.162767], [136.125574, 36.162346], [136.125698, 36.16225], [136.12552, 36.162054], [136.126712, 36.161249], [136.125547, 36.160082], [136.12571, 36.159987], [136.125839, 36.160094], [136.126516, 36.159656], [136.125403, 36.158851], [136.125182, 36.158549], [136.125491, 36.157977], [136.127538, 36.158424], [136.127606, 36.158133], [136.130343, 36.158646], [136.129761, 36.160476], [136.130971, 36.160745], [136.130578, 36.162175], [136.129483, 36.162021], [136.128639, 36.16264], [136.129447, 36.163504], [136.129212, 36.163664], [136.130097, 36.164499], [136.131022, 36.163845], [136.131704, 36.16455], [136.131889, 36.164553], [136.13283, 36.165496], [136.132372, 36.165841], [136.133784, 36.167234], [136.13348, 36.16745], [136.134231, 36.168206], [136.13406, 36.168336], [136.135574, 36.169657], [136.136404, 36.169826], [136.138089, 36.169945], [136.138202, 36.170132], [136.138033, 36.172085], [136.139049, 36.172085], [136.139669, 36.170458], [136.139667, 36.169757], [136.139886, 36.169083], [136.137827, 36.169115], [136.137808, 36.168392], [136.13804, 36.168395], [136.13806, 36.168188], [136.138205, 36.163268], [136.139214, 36.163229], [136.139239, 36.162642], [136.139508, 36.162642], [136.139492, 36.163244], [136.147907, 36.163421], [136.14788, 36.163829], [136.148766, 36.163891], [136.148485, 36.164179], [136.149146, 36.164687], [136.148912, 36.165073], [136.149102, 36.165374], [136.151551, 36.166896], [136.153901, 36.165442], [136.157188, 36.163871], [136.159176, 36.1622], [136.160036, 36.161323], [136.161001, 36.160102], [136.162298, 36.158089], [136.163486, 36.154907], [136.164303, 36.149338], [136.164795, 36.147458], [136.165394, 36.145992], [136.166468, 36.144471], [136.168082, 36.143106], [136.169307, 36.142327], [136.174543, 36.139697], [136.176004, 36.138631], [136.176821, 36.137739], [136.177551, 36.136299], [136.177814, 36.135216], [136.177827, 36.133682], [136.181335, 36.133451], [136.188458, 36.130493], [136.190376, 36.130552], [136.191784, 36.130422], [136.191961, 36.129995], [136.191829, 36.128076], [136.192051, 36.127991], [136.192726, 36.127007], [136.193893, 36.127009], [136.194185, 36.126459], [136.194188, 36.124431], [136.193097, 36.124672], [136.193058, 36.124442], [136.194123, 36.123545], [136.197275, 36.121844], [136.198261, 36.121365], [136.199381, 36.121094], [136.200223, 36.12115], [136.203751, 36.1209], [136.204849, 36.121777], [136.206741, 36.122306], [136.20952, 36.120482], [136.209731, 36.120464], [136.215843, 36.120756], [136.216878, 36.120934], [136.227724, 36.120705], [136.23041, 36.120841], [136.23073, 36.120731], [136.230881, 36.120498], [136.23089, 36.119418], [136.233882, 36.118662], [136.234616, 36.118624], [136.237262, 36.118758], [136.237297, 36.119268], [136.238347, 36.119582], [136.238347, 36.119924], [136.238732, 36.120082], [136.238997, 36.119697], [136.242926, 36.120711], [136.245594, 36.12079], [136.245589, 36.118207], [136.246909, 36.118248], [136.248073, 36.118308], [136.248162, 36.12026], [136.249025, 36.120902], [136.249521, 36.121019], [136.249822, 36.121336], [136.250362, 36.121349], [136.250618, 36.121467], [136.250757, 36.122235], [136.25093, 36.12242], [136.251442, 36.122488], [136.251865, 36.1234], [136.254064, 36.123649], [136.254532, 36.120446], [136.254917, 36.119881], [136.25539, 36.119569], [136.255201, 36.11914], [136.254451, 36.118851], [136.254109, 36.118101], [136.254076, 36.114459], [136.254132, 36.114274], [136.255134, 36.113596], [136.255512, 36.11295], [136.253659, 36.106507], [136.254488, 36.10634], [136.255791, 36.10634], [136.256643, 36.106114], [136.256816, 36.105951], [136.256777, 36.105057], [136.256932, 36.104921], [136.258898, 36.104926], [136.261203, 36.105179], [136.263381, 36.105224], [136.264444, 36.10513], [136.267846, 36.104376], [136.269968, 36.104073], [136.270271, 36.104211], [136.271037, 36.104969], [136.273008, 36.107155], [136.273672, 36.10725], [136.274037, 36.108138], [136.274556, 36.10847], [136.27449, 36.109234], [136.275622, 36.109305], [136.275205, 36.110745], [136.27549, 36.110804], [136.275658, 36.11126], [136.280681, 36.111965], [136.280615, 36.113387], [136.280695, 36.113505], [136.281367, 36.113499], [136.281337, 36.114222], [136.280527, 36.118606], [136.279841, 36.120821], [136.280485, 36.120898], [136.285338, 36.119524], [136.284594, 36.117948], [136.285229, 36.117735], [136.284878, 36.116846], [136.285156, 36.116763], [136.284703, 36.115762], [136.285039, 36.115656], [136.28474, 36.114927], [136.285258, 36.114761], [136.284703, 36.11334], [136.284236, 36.112729], [136.283791, 36.111669], [136.283886, 36.110769], [136.28712, 36.110893], [136.287185, 36.112362], [136.286368, 36.112694], [136.286791, 36.113796], [136.28655, 36.113885], [136.28712, 36.115034], [136.288952, 36.114436], [136.289273, 36.1152], [136.289843, 36.11501], [136.290412, 36.11594], [136.290653, 36.115887], [136.292325, 36.115401], [136.291872, 36.114424], [136.293069, 36.114027], [136.292741, 36.11331], [136.293887, 36.113121], [136.294164, 36.113618], [136.296347, 36.113002], [136.298669, 36.111545], [136.298435, 36.110852], [136.297683, 36.109572], [136.297158, 36.109324], [136.297274, 36.108696], [136.296917, 36.108607], [136.296245, 36.107309], [136.299217, 36.106711], [136.304867, 36.104531], [136.306305, 36.103767], [136.312153, 36.103406], [136.312642, 36.103756], [136.31546, 36.103726], [136.315613, 36.103234], [136.316022, 36.10314], [136.317329, 36.102381], [136.318249, 36.102257], [136.32305, 36.102814], [136.323074, 36.103477], [136.322585, 36.104946], [136.323571, 36.105077], [136.323315, 36.106031], [136.324491, 36.1067], [136.328016, 36.107274], [136.329936, 36.108169], [136.330871, 36.108376], [136.331981, 36.10933], [136.332929, 36.109638], [136.333864, 36.111019], [136.334265, 36.111321], [136.334316, 36.111682], [136.334995, 36.112167], [136.335922, 36.112411], [136.336441, 36.112327], [136.337404, 36.112026], [136.338426, 36.111332], [136.339382, 36.110918], [136.340558, 36.111161], [136.341748, 36.111244], [136.34304, 36.110959], [136.343785, 36.111421], [136.344894, 36.112861], [136.345938, 36.113815], [136.346865, 36.113518], [136.347741, 36.113477], [136.348311, 36.114064], [136.349084, 36.114366], [136.349515, 36.114982], [136.349997, 36.115349], [136.351026, 36.115302], [136.352092, 36.115616], [136.353333, 36.115592], [136.35383, 36.116237], [136.35529, 36.116777], [136.356005, 36.117819], [136.356137, 36.118696], [136.356816, 36.12007], [136.357261, 36.120597], [136.358115, 36.121036], [136.358495, 36.121924], [136.35921, 36.122505], [136.359743, 36.123731], [136.360152, 36.124317], [136.360327, 36.125117], [136.360057, 36.126764], [136.360232, 36.127433], [136.361283, 36.128049], [136.361904, 36.128701], [136.362349, 36.128399], [136.362802, 36.128281], [136.363737, 36.128506], [136.365474, 36.128571], [136.367891, 36.129311], [136.36873, 36.12924], [136.369811, 36.129323], [136.371679, 36.130058], [136.372373, 36.128666], [136.373165, 36.128352], [136.374279, 36.127124], [136.375393, 36.126109], [136.375774, 36.125926], [136.377311, 36.126129], [136.37814, 36.125993], [136.380642, 36.126564], [136.384752, 36.126912], [136.386003, 36.126535], [136.386628, 36.125936], [136.38723, 36.125573], [136.38956, 36.125684], [136.390959, 36.124781], [136.391448, 36.124674], [136.392779, 36.124939], [136.393789, 36.125366], [136.394945, 36.125061], [136.395689, 36.124501], [136.396035, 36.124974], [136.396458, 36.125144], [136.398966, 36.124839], [136.399973, 36.125482], [136.401903, 36.12757], [136.402463, 36.127908], [136.403273, 36.127864], [136.404065, 36.128067], [136.406877, 36.128367], [136.408634, 36.128739], [136.412542, 36.129972], [136.41577, 36.131291], [136.418141, 36.131591], [136.419511, 36.132306], [136.42308, 36.13306], [136.424587, 36.133239], [136.425337, 36.133679], [136.426088, 36.133181], [136.427386, 36.133079], [136.429048, 36.132122], [136.429793, 36.132736], [136.430806, 36.133282], [136.431348, 36.133374], [136.432348, 36.133234], [136.432742, 36.133336], [136.433707, 36.134181], [136.434136, 36.134384], [136.435214, 36.134356], [136.436918, 36.133766], [136.437418, 36.133805], [136.438997, 36.134675], [136.439611, 36.134815], [136.440022, 36.135574], [136.439944, 36.136729], [136.440387, 36.13736], [136.439444, 36.138213], [136.43912, 36.139449], [136.438527, 36.140231], [136.438655, 36.141505], [136.438615, 36.141713], [136.438251, 36.142074], [136.437833, 36.142325], [136.435542, 36.142839], [136.434646, 36.142795], [136.433931, 36.143091], [136.431761, 36.143473], [136.429873, 36.146087], [136.428795, 36.14682], [136.427784, 36.147307], [136.427764, 36.147886], [136.427588, 36.148231], [136.426806, 36.148898], [136.426685, 36.149658], [136.426975, 36.150637], [136.426847, 36.151058], [136.425998, 36.151911], [136.425364, 36.153048], [136.424649, 36.153644], [136.424602, 36.154153], [136.424346, 36.154481], [136.422681, 36.154869], [136.421306, 36.154689], [136.42012, 36.154842], [136.41983, 36.154946], [136.419183, 36.155492], [136.418873, 36.155536], [136.418415, 36.155487], [136.417613, 36.155679], [136.416838, 36.155525], [136.415975, 36.155788], [136.41528, 36.156427], [136.414283, 36.156624], [136.413993, 36.157324], [136.413514, 36.157997], [136.412975, 36.159473], [136.412624, 36.159769], [136.411634, 36.16008], [136.41138, 36.160575], [136.411364, 36.160747], [136.412004, 36.161584], [136.412031, 36.162382], [136.412341, 36.163071], [136.41226, 36.164138], [136.412739, 36.164816], [136.412901, 36.165708], [136.413298, 36.166555], [136.413264, 36.166954], [136.412614, 36.168465], [136.412017, 36.169031], [136.411646, 36.169764], [136.410402, 36.170042], [136.409966, 36.170469], [136.409457, 36.171518], [136.409304, 36.172227], [136.407489, 36.17174], [136.406619, 36.17133], [136.405989, 36.170741], [136.404813, 36.170277], [136.400388, 36.170627], [136.397694, 36.170529], [136.396837, 36.170388], [136.394565, 36.16895], [136.39217, 36.168189], [136.390712, 36.167527], [136.390092, 36.167404], [136.388822, 36.167703], [136.387141, 36.167469], [136.386657, 36.167246], [136.385813, 36.167674], [136.384456, 36.167908], [136.38341, 36.168435], [136.382241, 36.168417], [136.380791, 36.168757], [136.379442, 36.16823], [136.376837, 36.169213], [136.375593, 36.169461], [136.374018, 36.170043], [136.373411, 36.17007], [136.371663, 36.169809], [136.370421, 36.169909], [136.368893, 36.169835], [136.368005, 36.169079], [136.367424, 36.16881], [136.366836, 36.16708], [136.365708, 36.16607], [136.364314, 36.165929], [136.363658, 36.16605], [136.362663, 36.166003], [136.360332, 36.165606], [136.359543, 36.165363], [136.358755, 36.165296], [136.358191, 36.165094], [136.357967, 36.165141], [136.356806, 36.166292], [136.356283, 36.166946], [136.355329, 36.168581], [136.354864, 36.168999], [136.354333, 36.169234], [136.353288, 36.169376], [136.351434, 36.16935], [136.350007, 36.17012], [136.348438, 36.170689], [136.347965, 36.171279], [136.346541, 36.172099], [136.34437, 36.172827], [136.342084, 36.174903], [136.342124, 36.175162], [136.3417, 36.175873], [136.341601, 36.176911], [136.340764, 36.178221], [136.340644, 36.178867], [136.340231, 36.179424], [136.339409, 36.179982], [136.33923, 36.180463], [136.339294, 36.181279], [136.337606, 36.183727], [136.337213, 36.184071], [136.335883, 36.184576], [136.335664, 36.184871], [136.335813, 36.186701], [136.336844, 36.188661], [136.336809, 36.189093], [136.33656, 36.189606], [136.336959, 36.190794], [136.336819, 36.191651], [136.336257, 36.193008], [136.335977, 36.194632], [136.335599, 36.194798], [136.334383, 36.194887], [136.333463, 36.195097], [136.332751, 36.195699], [136.332247, 36.196761], [136.332402, 36.198026], [136.332317, 36.198729], [136.331665, 36.200325], [136.331212, 36.200887], [136.329633, 36.201671], [136.329398, 36.202019], [136.328488, 36.201407], [136.327749, 36.20057], [136.325901, 36.20025], [136.325304, 36.199697], [136.324577, 36.19942], [136.323882, 36.198945], [136.320548, 36.199087], [136.319878, 36.198645], [136.318806, 36.197364], [136.318802, 36.195624], [136.318266, 36.194724], [136.316869, 36.193218], [136.315906, 36.192843], [136.315171, 36.192744], [136.314322, 36.191442], [136.313632, 36.191264], [136.312475, 36.190576], [136.311849, 36.190569], [136.310854, 36.189979], [136.30992, 36.189962], [136.307565, 36.190262], [136.307272, 36.189603], [136.306403, 36.188836], [136.305684, 36.188546], [136.305701, 36.187471], [136.305189, 36.186321], [136.30523, 36.184894], [136.304722, 36.184114], [136.303683, 36.183741], [136.302257, 36.183926], [136.301822, 36.18303], [136.300681, 36.182249], [136.300137, 36.181636], [136.299301, 36.181224], [136.298618, 36.180182], [136.297477, 36.179227], [136.297156, 36.179194], [136.296454, 36.179487], [136.295272, 36.179626], [136.294789, 36.179293], [136.294565, 36.178769], [136.294772, 36.178571], [136.294772, 36.17836], [136.294504, 36.17811], [136.293749, 36.17813], [136.292641, 36.177382], [136.290208, 36.176353], [136.288742, 36.176347], [136.287666, 36.175787], [136.286942, 36.175602], [136.286667, 36.175181], [136.285736, 36.174923], [136.28557, 36.174686], [136.28533, 36.174604], [136.284701, 36.174775], [136.284477, 36.175352], [136.28384, 36.175312], [136.282337, 36.175839], [136.281671, 36.176353], [136.280814, 36.176531], [136.280307, 36.17835], [136.279823, 36.178841], [136.278564, 36.178185], [136.277196, 36.177701], [136.276932, 36.177714], [136.276009, 36.178416], [136.275811, 36.178881], [136.275823, 36.179467], [136.275242, 36.180376], [136.274584, 36.180077], [136.273967, 36.179556], [136.2735, 36.178439], [136.272799, 36.177628], [136.272872, 36.177252], [136.269916, 36.177516], [136.269867, 36.178109], [136.268769, 36.178099], [136.268777, 36.178323], [136.262421, 36.178415], [136.262344, 36.178959], [136.261686, 36.179002], [136.261641, 36.179401], [136.261389, 36.17944], [136.259574, 36.179437], [136.259054, 36.179097], [136.258457, 36.180109], [136.258445, 36.181687], [136.256767, 36.181783], [136.256926, 36.18264], [136.256662, 36.182712], [136.257234, 36.183543], [136.255334, 36.183711], [136.255277, 36.183882], [136.255001, 36.183931], [136.251922, 36.183994], [136.251821, 36.185421], [136.24812, 36.185202], [136.242472, 36.184237], [136.239632, 36.184739], [136.239443, 36.184549], [136.239761, 36.184032], [136.237219, 36.183851], [136.237038, 36.1842], [136.236335, 36.187497], [136.235912, 36.188496], [136.235489, 36.190147], [136.236195, 36.190315], [136.236897, 36.190971], [136.237392, 36.19166], [136.235897, 36.192077], [136.236305, 36.192824], [136.23635, 36.193253], [136.233718, 36.193271], [136.233284, 36.193357], [136.233276, 36.193728], [136.232947, 36.193866], [136.230255, 36.194007], [136.230267, 36.195143], [136.2299, 36.195327], [136.228979, 36.195477], [136.229024, 36.197012], [136.228714, 36.197126], [136.228627, 36.197349], [136.225727, 36.197227], [136.224814, 36.196672], [136.223278, 36.196657], [136.223217, 36.194954], [136.223143, 36.194553], [136.222869, 36.194227], [136.222507, 36.194207], [136.221399, 36.193757], [136.219266, 36.193744], [136.219022, 36.192924], [136.218593, 36.192268], [136.217741, 36.192628], [136.216862, 36.192389], [136.215787, 36.192452], [136.215453, 36.192342], [136.215906, 36.191912], [136.215683, 36.19057], [136.21544, 36.190288], [136.215031, 36.1902], [136.2152, 36.189471], [136.214284, 36.189366], [136.214334, 36.189054], [136.213084, 36.188969], [136.213033, 36.189341], [136.212451, 36.189325], [136.212448, 36.189846], [136.211846, 36.189854], [136.211826, 36.190334], [136.210728, 36.190288], [136.210592, 36.19187], [136.19676, 36.191154], [136.196585, 36.190386], [136.195963, 36.19041], [136.195963, 36.189636], [136.195192, 36.189312], [136.191947, 36.189713], [136.190453, 36.190184], [136.190656, 36.192636], [136.190297, 36.192911], [136.184571, 36.192834], [136.180488, 36.192905], [136.180619, 36.193274], [136.1806, 36.193952], [136.18048, 36.194031], [136.17962, 36.193989], [136.178348, 36.194377], [136.178566, 36.195218], [136.177897, 36.19535], [136.178185, 36.196488], [136.175658, 36.196944], [136.176016, 36.198244], [136.17276, 36.198802], [136.173717, 36.202698], [136.173169, 36.202845], [136.173076, 36.20306], [136.172672, 36.203166], [136.172876, 36.206504], [136.173141, 36.206617], [136.174799, 36.206331], [136.175296, 36.207842], [136.176206, 36.207827], [136.176332, 36.208366], [136.175969, 36.208554], [136.176517, 36.209587], [136.175816, 36.209832], [136.175115, 36.209824], [136.175482, 36.21129], [136.174344, 36.211475], [136.17433, 36.211377], [136.168719, 36.21224], [136.168064, 36.209534], [136.167697, 36.209101], [136.166745, 36.209112], [136.166555, 36.209142], [136.166801, 36.212605], [136.167284, 36.213529], [136.167618, 36.21464], [136.168143, 36.215255], [136.1685, 36.215454], [136.169504, 36.216419], [136.171793, 36.216208], [136.174014, 36.217248], [136.174004, 36.21813], [136.174144, 36.218552], [136.174492, 36.218703], [136.175036, 36.218556], [136.175072, 36.220165], [136.175444, 36.220259], [136.174794, 36.221797], [136.18216, 36.224141], [136.182128, 36.223165], [136.183907, 36.222992], [136.184227, 36.225984], [136.184729, 36.225935], [136.184951, 36.22832], [136.184724, 36.228335], [136.18471, 36.228595], [136.18438, 36.228946], [136.182425, 36.228885], [136.182364, 36.229277], [136.181802, 36.229639], [136.18144, 36.23051], [136.181175, 36.230717], [136.181342, 36.23158], [136.181709, 36.231647], [136.182894, 36.231301], [136.183544, 36.231331], [136.183716, 36.231459], [136.183581, 36.232639], [136.183855, 36.232831], [136.184417, 36.232944], [136.184905, 36.232756], [136.186512, 36.231418], [136.186744, 36.230894], [136.186614, 36.230167], [136.187571, 36.230295], [136.188672, 36.230845], [136.188932, 36.231271], [136.1889, 36.231859], [136.188467, 36.232774], [136.188532, 36.233573], [136.188899, 36.234014], [136.189447, 36.234101], [136.1904, 36.233377], [136.190929, 36.234154], [136.193419, 36.234086], [136.193433, 36.234576], [136.194083, 36.234584], [136.194404, 36.235039], [136.19465, 36.234731], [136.194129, 36.234455], [136.194055, 36.234214], [136.194092, 36.234014], [136.194357, 36.233867], [136.196907, 36.235654], [136.196364, 36.236004], [136.196076, 36.237331], [136.196661, 36.237515], [136.196359, 36.238476], [136.195741, 36.238861], [136.194654, 36.238567], [136.193688, 36.240956], [136.194505, 36.241318], [136.194607, 36.241627], [136.195611, 36.242659], [136.195889, 36.243191], [136.196507, 36.243537], [136.196879, 36.244295], [136.196721, 36.244747], [136.197361, 36.244758], [136.197668, 36.245097], [136.198114, 36.245244], [136.198462, 36.246077], [136.198685, 36.246221], [136.199414, 36.246104], [136.200696, 36.2461], [136.200436, 36.24691], [136.199739, 36.24757], [136.198992, 36.248602], [136.197273, 36.248896], [136.196623, 36.249473], [136.19548, 36.251202], [136.194561, 36.250449], [136.194147, 36.250784], [136.193469, 36.250249], [136.191648, 36.251681], [136.191486, 36.251677], [136.19123, 36.251349], [136.190798, 36.251217], [136.190807, 36.250946], [136.190292, 36.250901], [136.189451, 36.250268], [136.189442, 36.249891], [136.189015, 36.249593], [136.188866, 36.249578], [136.188257, 36.250023], [136.187468, 36.249284], [136.187073, 36.249563], [136.187027, 36.249989], [136.184528, 36.249838], [136.184737, 36.248651], [136.184449, 36.248387], [136.184259, 36.248414], [136.181221, 36.25069], [136.182837, 36.251636], [136.18299, 36.252039], [136.183515, 36.252574], [136.183255, 36.25277], [136.184189, 36.253529], [136.183773, 36.253857], [136.184805, 36.25475], [136.184292, 36.255157], [136.184229, 36.255897], [136.184337, 36.25617], [136.183093, 36.257739]]], [[[136.14653, 36.257093], [136.146678, 36.256939], [136.146651, 36.257104], [136.14653, 36.257093]]], [[[136.146284, 36.256606], [136.146414, 36.256447], [136.146478, 36.256633], [136.146284, 36.256606]]], [[[136.146967, 36.256348], [136.147121, 36.256276], [136.147124, 36.256466], [136.146967, 36.256348]]], [[[136.146324, 36.255921], [136.146816, 36.255849], [136.146997, 36.256061], [136.146646, 36.256227], [136.146708, 36.256035], [136.146392, 36.256024], [136.146324, 36.255921]]], [[[136.147283, 36.256], [136.147493, 36.255794], [136.14765, 36.255932], [136.147642, 36.256206], [136.147356, 36.256212], [136.147283, 36.256]]], [[[136.148705, 36.256029], [136.148862, 36.25602], [136.148881, 36.256099], [136.148705, 36.256029]]], [[[136.148424, 36.255899], [136.148519, 36.255858], [136.148559, 36.256004], [136.148424, 36.255899]]], [[[136.144997, 36.255842], [136.145136, 36.255627], [136.145188, 36.255948], [136.14506, 36.255983], [136.144997, 36.255842]]], [[[136.148697, 36.255821], [136.148794, 36.255801], [136.148794, 36.255877], [136.148697, 36.255821]]], [[[136.146646, 36.255669], [136.147161, 36.255504], [136.146888, 36.255201], [136.146876, 36.254971], [136.147126, 36.254512], [136.147373, 36.254484], [136.14742, 36.254781], [136.147295, 36.254862], [136.147461, 36.255405], [136.147315, 36.255653], [136.146796, 36.255743], [136.146646, 36.255669]]], [[[136.148311, 36.25549], [136.148395, 36.255332], [136.148559, 36.255479], [136.148311, 36.25549]]], [[[136.147682, 36.255137], [136.147963, 36.255097], [136.148174, 36.255325], [136.147858, 36.255448], [136.147682, 36.255137]]], [[[136.146506, 36.255405], [136.146716, 36.255269], [136.146652, 36.255419], [136.146506, 36.255405]]], [[[136.147467, 36.254612], [136.147547, 36.254516], [136.147654, 36.254629], [136.14772, 36.254955], [136.147564, 36.254905], [136.147467, 36.254612]]], [[[136.145233, 36.25468], [136.145301, 36.254637], [136.14537, 36.254696], [136.145233, 36.25468]]], [[[136.145567, 36.254579], [136.145652, 36.254547], [136.145648, 36.254642], [136.145567, 36.254579]]], [[[136.142908, 36.254382], [136.143119, 36.254119], [136.143139, 36.254541], [136.142975, 36.254577], [136.142908, 36.254382]]], [[[136.153226, 36.25448], [136.15324, 36.254344], [136.153412, 36.254288], [136.153459, 36.254526], [136.153226, 36.25448]]], [[[136.145677, 36.254304], [136.145721, 36.254272], [136.145747, 36.254367], [136.145677, 36.254304]]], [[[136.142461, 36.254278], [136.142526, 36.254255], [136.142529, 36.254313], [136.142461, 36.254278]]], [[[136.116638, 36.250363], [136.116703, 36.250098], [136.117022, 36.250027], [136.117502, 36.250272], [136.118055, 36.250331], [136.118006, 36.250018], [136.118261, 36.249914], [136.119916, 36.250439], [136.120143, 36.25066], [136.120496, 36.250518], [136.121072, 36.250589], [136.120967, 36.251506], [136.120817, 36.251729], [136.121067, 36.252285], [136.120841, 36.253481], [136.121043, 36.253656], [136.120841, 36.253808], [136.120821, 36.254017], [136.120292, 36.254231], [136.120445, 36.253757], [136.120008, 36.253341], [136.119494, 36.253436], [136.119257, 36.253645], [136.118924, 36.25356], [136.118833, 36.253138], [136.118597, 36.253262], [136.117896, 36.253001], [136.11762, 36.253104], [136.117405, 36.253016], [136.117188, 36.252236], [136.117264, 36.252091], [136.117069, 36.251904], [136.117146, 36.251777], [136.116928, 36.25169], [136.116873, 36.250795], [136.116638, 36.250363]]], [[[136.142491, 36.253617], [136.142655, 36.253458], [136.142799, 36.253553], [136.142617, 36.254101], [136.142491, 36.253617]]], [[[136.145403, 36.254069], [136.145545, 36.254035], [136.145496, 36.254101], [136.145403, 36.254069]]], [[[136.153648, 36.253983], [136.153947, 36.254078], [136.153759, 36.254097], [136.153648, 36.253983]]], [[[136.145699, 36.254017], [136.145786, 36.253954], [136.145792, 36.254035], [136.145699, 36.254017]]], [[[136.140679, 36.253962], [136.140914, 36.253773], [136.140833, 36.254028], [136.140679, 36.253962]]], [[[136.145308, 36.253966], [136.145342, 36.253903], [136.145417, 36.253926], [136.145308, 36.253966]]], [[[136.119667, 36.253667], [136.119925, 36.253572], [136.120174, 36.253797], [136.119737, 36.253949], [136.119667, 36.253667]]], [[[136.152854, 36.253779], [136.152998, 36.253247], [136.15312, 36.253198], [136.153325, 36.253314], [136.153375, 36.253551], [136.153049, 36.253901], [136.152854, 36.253779]]], [[[136.145419, 36.253617], [136.145529, 36.253464], [136.145699, 36.253496], [136.145827, 36.253387], [136.145948, 36.25354], [136.146246, 36.253551], [136.145928, 36.253821], [136.145656, 36.2538], [136.145419, 36.253617]]], [[[136.147176, 36.253724], [136.147245, 36.253682], [136.147228, 36.253746], [136.147176, 36.253724]]], [[[136.153752, 36.253574], [136.154133, 36.253421], [136.154274, 36.25349], [136.154109, 36.253702], [136.153752, 36.253574]]], [[[136.136647, 36.253384], [136.136693, 36.25334], [136.136754, 36.253398], [136.136647, 36.253384]]], [[[136.139222, 36.253238], [136.139389, 36.252682], [136.139507, 36.253082], [136.139369, 36.253165], [136.139406, 36.253321], [136.139222, 36.253238]]], [[[136.154414, 36.253275], [136.154619, 36.253147], [136.154523, 36.253298], [136.154414, 36.253275]]], [[[136.136288, 36.253159], [136.13638, 36.253135], [136.136362, 36.253211], [136.136288, 36.253159]]], [[[136.12705, 36.252654], [136.127271, 36.252497], [136.127568, 36.252844], [136.1274, 36.252879], [136.12705, 36.252654]]], [[[136.139648, 36.252732], [136.139743, 36.252634], [136.139747, 36.252841], [136.139648, 36.252732]]], [[[136.125381, 36.251863], [136.125432, 36.251523], [136.125691, 36.251341], [136.126321, 36.251796], [136.127154, 36.252139], [136.127404, 36.25201], [136.127792, 36.252115], [136.127123, 36.252342], [136.126412, 36.252104], [136.125838, 36.25229], [136.12592, 36.251723], [136.125709, 36.251636], [136.125519, 36.252006], [136.125381, 36.251863]]], [[[136.136475, 36.252007], [136.136596, 36.251808], [136.136639, 36.25219], [136.136531, 36.2522], [136.136475, 36.252007]]], [[[136.123398, 36.251479], [136.123571, 36.251374], [136.12364, 36.251619], [136.123907, 36.251773], [136.123838, 36.251934], [136.123459, 36.251787], [136.123398, 36.251479]]], [[[136.130699, 36.251548], [136.131039, 36.251534], [136.130936, 36.251807], [136.130699, 36.251548]]], [[[136.129553, 36.251277], [136.12979, 36.251228], [136.130079, 36.251694], [136.129838, 36.25175], [136.129553, 36.251277]]], [[[136.12835, 36.251257], [136.128557, 36.25119], [136.128652, 36.251404], [136.12835, 36.251257]]], [[[136.128854, 36.251369], [136.128988, 36.251124], [136.129476, 36.251093], [136.129281, 36.251404], [136.128854, 36.251369]]], [[[136.137066, 36.251272], [136.137177, 36.251111], [136.137195, 36.251374], [136.137066, 36.251272]]], [[[136.135194, 36.251198], [136.135324, 36.251096], [136.13544, 36.251331], [136.13522, 36.251334], [136.135194, 36.251198]]], [[[136.135902, 36.251232], [136.136187, 36.251284], [136.135976, 36.251333], [136.135902, 36.251232]]], [[[136.122952, 36.251034], [136.123116, 36.250977], [136.123168, 36.251244], [136.122952, 36.251034]]], [[[136.137718, 36.251097], [136.137895, 36.250933], [136.137891, 36.251122], [136.137718, 36.251097]]], [[[136.128201, 36.250967], [136.128451, 36.250995], [136.128278, 36.251083], [136.128201, 36.250967]]], [[[136.138392, 36.250928], [136.138534, 36.250879], [136.138633, 36.251041], [136.138517, 36.251082], [136.138392, 36.250928]]], [[[136.121521, 36.250645], [136.121692, 36.250534], [136.121779, 36.250596], [136.12168, 36.250762], [136.121521, 36.250645]]], [[[136.122675, 36.250447], [136.122709, 36.250314], [136.122968, 36.250342], [136.122864, 36.250489], [136.122675, 36.250447]]], [[[136.122232, 36.248194], [136.122413, 36.248082], [136.122439, 36.248277], [136.122276, 36.248341], [136.122232, 36.248194]]], [[[136.12555, 36.245156], [136.125679, 36.245079], [136.125705, 36.245254], [136.12555, 36.245156]]], [[[136.125494, 36.244884], [136.125623, 36.244807], [136.125684, 36.244884], [136.125494, 36.244884]]], [[[136.124684, 36.243547], [136.124775, 36.243282], [136.12482, 36.243552], [136.124684, 36.243547]]], [[[136.123941, 36.236978], [136.124143, 36.236999], [136.123996, 36.237079], [136.123941, 36.236978]]], [[[136.124667, 36.236839], [136.124753, 36.236828], [136.124753, 36.236863], [136.124667, 36.236839]]], [[[136.12952, 36.231715], [136.129637, 36.231435], [136.129839, 36.231446], [136.129908, 36.231649], [136.129662, 36.23181], [136.12952, 36.231715]]], [[[136.129995, 36.230641], [136.130055, 36.230518], [136.130167, 36.23056], [136.130167, 36.230749], [136.129995, 36.230641]]], [[[136.130136, 36.226111], [136.130736, 36.225611], [136.130377, 36.226146], [136.130136, 36.226111]]], [[[136.130364, 36.225327], [136.130783, 36.225054], [136.130744, 36.225314], [136.130485, 36.225499], [136.130364, 36.225327]]], [[[136.130859, 36.224821], [136.13098, 36.224797], [136.130919, 36.224867], [136.130859, 36.224821]]], [[[136.123912, 36.19766], [136.123949, 36.197562], [136.126671, 36.198251], [136.127184, 36.198919], [136.127088, 36.198969], [136.126595, 36.198333], [136.123912, 36.19766]]]]}}, {"type": "Feature", "properties": {"pref_code": "18", "pref_name": "福井県", "municipality_code": "18322", "municipality_name": "永平寺町", "ward_name": "", "display_name": "永平寺町", "geometry_key": "18322"}, "geometry": {"type": "Polygon", "coordinates": [[[136.392779, 36.124939], [136.391448, 36.124674], [136.390959, 36.124781], [136.38956, 36.125684], [136.38723, 36.125573], [136.386628, 36.125936], [136.386003, 36.126535], [136.384752, 36.126912], [136.380642, 36.126564], [136.37814, 36.125993], [136.377311, 36.126129], [136.375774, 36.125926], [136.375393, 36.126109], [136.374279, 36.127124], [136.373165, 36.128352], [136.372373, 36.128666], [136.371679, 36.130058], [136.369811, 36.129323], [136.36873, 36.12924], [136.367891, 36.129311], [136.365474, 36.128571], [136.363737, 36.128506], [136.362802, 36.128281], [136.362349, 36.128399], [136.361904, 36.128701], [136.361283, 36.128049], [136.360232, 36.127433], [136.360057, 36.126764], [136.360327, 36.125117], [136.360152, 36.124317], [136.359743, 36.123731], [136.35921, 36.122505], [136.358495, 36.121924], [136.358115, 36.121036], [136.357261, 36.120597], [136.356816, 36.12007], [136.356137, 36.118696], [136.356005, 36.117819], [136.35529, 36.116777], [136.35383, 36.116237], [136.353333, 36.115592], [136.352092, 36.115616], [136.351026, 36.115302], [136.349997, 36.115349], [136.349515, 36.114982], [136.349084, 36.114366], [136.348311, 36.114064], [136.347741, 36.113477], [136.346865, 36.113518], [136.345938, 36.113815], [136.344894, 36.112861], [136.343785, 36.111421], [136.34304, 36.110959], [136.341748, 36.111244], [136.340558, 36.111161], [136.339382, 36.110918], [136.338426, 36.111332], [136.337404, 36.112026], [136.336441, 36.112327], [136.335922, 36.112411], [136.334995, 36.112167], [136.334316, 36.111682], [136.334265, 36.111321], [136.333864, 36.111019], [136.332929, 36.109638], [136.331981, 36.10933], [136.330871, 36.108376], [136.329936, 36.108169], [136.328016, 36.107274], [136.324491, 36.1067], [136.323315, 36.106031], [136.323571, 36.105077], [136.322585, 36.104946], [136.323074, 36.103477], [136.32305, 36.102814], [136.318249, 36.102257], [136.317329, 36.102381], [136.316022, 36.10314], [136.315613, 36.103234], [136.31546, 36.103726], [136.312642, 36.103756], [136.312153, 36.103406], [136.306305, 36.103767], [136.304867, 36.104531], [136.299217, 36.106711], [136.296245, 36.107309], [136.296917, 36.108607], [136.297274, 36.108696], [136.297158, 36.109324], [136.297683, 36.109572], [136.298435, 36.110852], [136.298669, 36.111545], [136.296347, 36.113002], [136.294164, 36.113618], [136.293887, 36.113121], [136.292741, 36.11331], [136.293069, 36.114027], [136.291872, 36.114424], [136.292325, 36.115401], [136.290653, 36.115887], [136.290412, 36.11594], [136.289843, 36.11501], [136.289273, 36.1152], [136.288952, 36.114436], [136.28712, 36.115034], [136.28655, 36.113885], [136.286791, 36.113796], [136.286368, 36.112694], [136.287185, 36.112362], [136.28712, 36.110893], [136.283886, 36.110769], [136.283791, 36.111669], [136.284236, 36.112729], [136.284703, 36.11334], [136.285258, 36.114761], [136.28474, 36.114927], [136.285039, 36.115656], [136.284703, 36.115762], [136.285156, 36.116763], [136.284878, 36.116846], [136.285229, 36.117735], [136.284594, 36.117948], [136.285338, 36.119524], [136.280485, 36.120898], [136.279841, 36.120821], [136.280527, 36.118606], [136.281337, 36.114222], [136.281367, 36.113499], [136.280695, 36.113505], [136.280615, 36.113387], [136.280681, 36.111965], [136.275658, 36.11126], [136.27549, 36.110804], [136.275205, 36.110745], [136.275622, 36.109305], [136.27449, 36.109234], [136.274556, 36.10847], [136.274037, 36.108138], [136.273672, 36.10725], [136.273008, 36.107155], [136.271037, 36.104969], [136.270271, 36.104211], [136.269968, 36.104073], [136.277346, 36.102953], [136.277902, 36.103531], [136.278738, 36.104096], [136.27915, 36.104182], [136.280224, 36.103987], [136.280681, 36.103586], [136.281399, 36.098787], [136.28807, 36.098358], [136.288365, 36.094911], [136.282429, 36.094454], [136.282001, 36.093966], [136.281795, 36.093953], [136.281856, 36.093176], [136.280124, 36.093013], [136.280219, 36.092354], [136.279885, 36.092222], [136.280013, 36.091115], [136.278743, 36.091011], [136.278816, 36.090117], [136.281026, 36.090781], [136.281683, 36.090836], [136.282068, 36.090741], [136.282017, 36.090275], [136.282157, 36.089877], [136.282502, 36.089403], [136.283092, 36.0892], [136.283115, 36.088305], [136.283321, 36.088301], [136.283365, 36.086539], [136.283204, 36.086539], [136.283308, 36.08644], [136.283334, 36.0855], [136.283527, 36.085529], [136.283553, 36.085399], [136.285734, 36.085462], [136.28575, 36.084296], [136.28714, 36.084364], [136.287276, 36.08275], [136.292253, 36.08291], [136.292269, 36.082602], [136.293956, 36.082239], [136.294356, 36.082036], [136.293221, 36.081457], [136.292794, 36.080828], [136.292742, 36.080604], [136.292893, 36.080388], [136.292258, 36.078606], [136.291889, 36.078234], [136.291159, 36.077997], [136.290139, 36.07667], [136.289415, 36.076147], [136.288801, 36.075809], [136.288416, 36.075737], [136.285839, 36.075842], [136.285224, 36.076049], [136.284636, 36.075982], [136.284069, 36.075635], [136.283412, 36.075504], [136.281632, 36.074089], [136.281424, 36.073793], [136.281413, 36.073176], [136.281601, 36.073041], [136.282455, 36.072859], [136.282965, 36.072526], [136.283506, 36.071702], [136.283329, 36.070899], [136.283434, 36.069948], [136.283845, 36.069661], [136.284121, 36.069112], [136.284558, 36.068782], [136.283918, 36.068423], [136.283668, 36.06746], [136.284256, 36.066721], [136.284287, 36.065972], [136.284558, 36.065271], [136.284569, 36.06397], [136.284402, 36.063687], [136.284475, 36.063205], [136.284751, 36.062939], [136.285699, 36.062618], [136.28636, 36.061642], [136.286271, 36.060894], [136.286501, 36.060468], [136.286698, 36.059048], [136.286344, 36.057519], [136.286501, 36.056821], [136.286444, 36.056082], [136.287282, 36.055634], [136.288406, 36.055871], [136.288495, 36.055178], [136.288885, 36.054282], [136.290937, 36.053133], [136.291915, 36.052402], [136.292816, 36.051101], [136.293368, 36.049749], [136.293665, 36.049496], [136.293977, 36.049475], [136.294659, 36.049665], [136.297033, 36.049669], [136.297371, 36.048997], [136.296632, 36.048347], [136.296684, 36.047523], [136.297153, 36.046281], [136.297445, 36.04607], [136.298356, 36.046091], [136.299532, 36.045863], [136.300303, 36.04555], [136.30112, 36.045491], [136.301875, 36.045107], [136.302817, 36.045348], [136.303937, 36.045213], [136.30414, 36.045077], [136.304337, 36.044638], [136.304692, 36.044435], [136.306837, 36.044427], [136.309445, 36.04267], [136.310673, 36.042315], [136.312287, 36.042201], [136.313079, 36.041918], [136.313349, 36.041698], [136.313657, 36.041132], [136.314578, 36.041407], [136.315115, 36.041229], [136.316036, 36.041453], [136.316963, 36.041267], [136.317395, 36.041517], [136.318213, 36.041669], [136.318587, 36.041918], [136.318717, 36.042526], [136.319196, 36.043519], [136.319915, 36.04406], [136.320082, 36.044335], [136.319759, 36.04499], [136.319717, 36.045987], [136.320264, 36.047651], [136.321274, 36.048167], [136.322174, 36.049616], [136.322409, 36.049557], [136.323101, 36.048982], [136.323601, 36.049105], [136.32396, 36.049029], [136.324356, 36.048408], [136.325241, 36.048556], [136.326142, 36.048458], [136.327324, 36.048712], [136.328688, 36.048307], [136.330182, 36.049084], [136.330474, 36.049414], [136.330557, 36.049929], [136.330932, 36.050212], [136.331197, 36.050305], [136.331781, 36.050254], [136.333161, 36.050601], [136.334602, 36.051315], [136.335056, 36.052307], [136.335446, 36.052612], [136.336764, 36.052523], [136.338112, 36.052844], [136.338867, 36.052662], [136.34046, 36.053132], [136.341934, 36.050669], [136.341996, 36.049638], [136.34285, 36.048932], [136.343204, 36.04783], [136.344037, 36.047559], [136.344334, 36.047116], [136.344417, 36.046727], [136.34398, 36.045894], [136.34399, 36.045658], [136.344563, 36.044433], [136.345459, 36.044002], [136.345677, 36.043343], [136.346167, 36.042527], [136.345901, 36.041991], [136.346037, 36.04181], [136.346328, 36.041717], [136.3465, 36.040931], [136.346068, 36.03963], [136.346578, 36.038971], [136.347536, 36.038413], [136.347942, 36.037602], [136.348344, 36.037429], [136.348812, 36.037416], [136.350171, 36.037082], [136.350874, 36.036537], [136.352347, 36.036516], [136.353347, 36.036119], [136.353779, 36.036326], [136.355097, 36.036034], [136.356737, 36.036144], [136.357554, 36.03587], [136.3587, 36.035029], [136.359335, 36.034822], [136.3601, 36.033905], [136.361751, 36.034404], [136.362511, 36.034286], [136.363292, 36.034564], [136.363729, 36.03459], [136.366104, 36.034214], [136.367556, 36.033513], [136.368197, 36.033614], [136.369899, 36.034467], [136.370253, 36.034957], [136.371024, 36.035447], [136.371711, 36.036339], [136.371758, 36.036896], [136.371899, 36.037091], [136.374269, 36.039004], [136.375739, 36.039524], [136.375954, 36.039724], [136.375823, 36.040069], [136.376432, 36.041274], [136.376968, 36.041675], [136.37764, 36.041756], [136.377897, 36.041943], [136.378837, 36.043272], [136.381268, 36.044678], [136.382187, 36.045526], [136.382985, 36.045836], [136.383442, 36.046403], [136.384288, 36.047081], [136.384855, 36.047183], [136.385784, 36.047149], [136.386766, 36.047272], [136.388383, 36.04769], [136.38926, 36.047651], [136.38977, 36.047805], [136.390599, 36.047856], [136.392437, 36.047643], [136.394427, 36.047034], [136.395656, 36.047051], [136.395782, 36.047144], [136.397273, 36.046714], [136.399621, 36.046774], [136.401858, 36.046552], [136.402498, 36.046229], [136.405171, 36.045914], [136.405796, 36.045666], [136.407608, 36.045922], [136.408642, 36.045573], [136.409025, 36.044951], [136.409561, 36.044819], [136.410632, 36.044214], [136.411234, 36.043307], [136.411572, 36.043209], [136.412239, 36.04326], [136.4133, 36.042493], [136.413888, 36.042472], [136.415138, 36.042127], [136.416351, 36.042178], [136.416944, 36.041782], [136.4177, 36.041505], [136.418393, 36.041386], [136.41875, 36.041437], [136.420509, 36.041016], [136.42156, 36.040338], [136.421911, 36.040253], [136.423429, 36.040526], [136.424065, 36.04047], [136.424558, 36.040372], [136.425603, 36.039793], [136.42586, 36.039849], [136.426564, 36.040351], [136.427541, 36.040581], [136.428586, 36.041322], [136.428822, 36.041774], [136.429022, 36.04269], [136.429715, 36.042656], [136.430382, 36.042788], [136.432001, 36.043323], [136.432554, 36.04469], [136.432574, 36.04555], [136.432955, 36.046061], [136.433343, 36.046337], [136.433496, 36.046898], [136.434569, 36.048438], [136.435047, 36.049842], [136.435476, 36.050056], [136.435469, 36.050202], [136.435081, 36.050427], [136.433385, 36.051202], [136.433038, 36.051629], [136.433267, 36.052623], [136.432886, 36.053146], [136.432761, 36.053488], [136.432831, 36.053831], [136.432519, 36.05423], [136.432609, 36.055118], [136.432498, 36.056146], [136.432706, 36.057023], [136.432422, 36.057944], [136.432948, 36.058764], [136.433682, 36.058725], [136.434202, 36.059011], [136.434306, 36.060731], [136.435919, 36.061793], [136.437263, 36.064383], [136.438198, 36.065119], [136.438281, 36.065327], [136.438136, 36.066473], [136.438447, 36.066996], [136.438509, 36.06758], [136.438973, 36.068411], [136.439327, 36.069485], [136.439237, 36.07076], [136.438336, 36.073215], [136.438003, 36.075429], [136.432553, 36.076091], [136.43024, 36.076091], [136.42909, 36.076311], [136.421624, 36.078344], [136.419741, 36.078658], [136.414449, 36.079928], [136.412171, 36.080299], [136.411278, 36.080697], [136.409477, 36.081006], [136.401838, 36.083517], [136.392584, 36.086208], [136.389215, 36.087486], [136.388285, 36.08752], [136.388399, 36.090801], [136.390858, 36.090679], [136.392539, 36.090778], [136.392789, 36.090858], [136.3933, 36.091374], [136.394524, 36.091714], [136.395645, 36.092213], [136.396418, 36.093511], [136.398376, 36.095294], [136.398887, 36.096274], [136.400198, 36.096883], [136.400514, 36.097355], [136.400927, 36.09762], [136.402173, 36.098216], [136.402821, 36.098366], [136.404137, 36.09909], [136.404164, 36.0992], [136.402908, 36.100851], [136.402728, 36.101866], [136.40214, 36.10327], [136.402663, 36.104704], [136.402603, 36.105261], [136.402021, 36.105538], [136.401259, 36.106161], [136.400905, 36.106267], [136.400111, 36.106249], [136.399616, 36.106527], [136.398283, 36.108756], [136.398239, 36.109109], [136.398626, 36.110133], [136.398914, 36.111638], [136.398196, 36.112261], [136.397869, 36.112883], [136.39695, 36.113611], [136.393691, 36.114772], [136.392571, 36.115628], [136.391444, 36.116104], [136.391178, 36.116369], [136.391199, 36.117411], [136.391771, 36.119636], [136.391368, 36.120536], [136.391689, 36.121277], [136.392021, 36.123237], [136.392625, 36.124252], [136.392779, 36.124939]]]}}, {"type": "Feature", "properties": {"pref_code": "18", "pref_name": "福井県", "municipality_code": "18382", "municipality_name": "池田町", "ward_name": "", "display_name": "池田町", "geometry_key": "18382"}, "geometry": {"type": "Polygon", "coordinates": [[[136.460523, 35.920553], [136.459915, 35.920776], [136.45935, 35.921301], [136.458927, 35.921429], [136.457366, 35.920998], [136.456486, 35.920399], [136.455714, 35.920661], [136.453298, 35.921092], [136.452253, 35.921456], [136.452061, 35.921624], [136.451837, 35.922399], [136.450659, 35.923039], [136.449704, 35.923328], [136.447795, 35.92353], [136.446367, 35.922823], [136.446143, 35.922897], [136.444183, 35.924601], [136.444308, 35.925348], [136.444026, 35.925611], [136.441095, 35.926392], [136.440091, 35.927079], [136.438746, 35.927685], [136.438754, 35.928311], [136.439211, 35.929046], [136.439634, 35.93046], [136.4398, 35.932258], [136.438514, 35.933194], [136.437451, 35.933632], [136.436521, 35.934346], [136.436447, 35.934938], [136.435899, 35.935908], [136.435226, 35.936265], [136.434355, 35.936198], [136.432387, 35.936716], [136.431715, 35.937201], [136.431209, 35.937868], [136.430129, 35.93805], [136.429324, 35.938326], [136.426792, 35.938016], [136.425945, 35.938508], [136.424833, 35.938521], [136.424211, 35.938703], [136.423015, 35.938797], [136.422309, 35.939646], [136.42167, 35.94003], [136.421454, 35.940906], [136.421313, 35.941006], [136.419877, 35.940831], [136.418624, 35.941006], [136.418458, 35.941289], [136.418449, 35.941747], [136.417893, 35.942205], [136.417379, 35.942966], [136.415644, 35.943599], [136.413776, 35.94403], [136.413377, 35.944663], [136.412746, 35.945061], [136.41263, 35.945929], [136.411244, 35.946414], [136.410264, 35.946946], [136.409725, 35.94698], [136.408828, 35.948166], [136.407508, 35.94867], [136.407118, 35.949021], [136.406744, 35.94898], [136.406304, 35.948482], [136.4054, 35.948731], [136.403714, 35.948004], [136.403424, 35.94799], [136.401988, 35.948495], [136.400037, 35.948286], [136.399364, 35.948522], [136.397737, 35.949566], [136.395181, 35.950624], [136.394118, 35.950543], [136.393263, 35.950125], [136.392018, 35.9509], [136.391619, 35.951054], [136.391038, 35.951061], [136.39088, 35.951209], [136.390872, 35.951661], [136.39054, 35.951863], [136.389353, 35.952294], [136.387858, 35.952604], [136.386962, 35.952361], [136.386265, 35.952361], [136.38443, 35.951411], [136.383296, 35.951174], [136.382728, 35.951209], [136.381358, 35.951654], [136.380503, 35.951559], [136.379565, 35.951189], [136.379117, 35.951485], [136.377407, 35.951526], [136.375556, 35.951754], [136.375091, 35.950771], [136.374061, 35.950509], [136.372501, 35.949249], [136.370593, 35.94902], [136.369848, 35.948574], [136.367991, 35.948841], [136.367343, 35.948603], [136.367203, 35.94839], [136.367209, 35.948013], [136.367007, 35.947894], [136.366097, 35.948172], [136.364178, 35.947701], [136.36174, 35.947651], [136.359632, 35.947254], [136.3583, 35.947542], [136.357249, 35.946575], [136.356498, 35.945604], [136.354757, 35.944567], [136.353223, 35.943358], [136.352014, 35.942044], [136.351677, 35.941142], [136.350407, 35.938941], [136.350315, 35.936769], [136.351109, 35.935966], [136.350486, 35.935327], [136.350144, 35.934281], [136.349228, 35.933979], [136.349051, 35.933864], [136.349026, 35.933577], [136.348152, 35.932972], [136.347266, 35.93264], [136.346741, 35.932114], [136.345996, 35.931822], [136.345452, 35.931391], [136.344297, 35.931708], [136.343747, 35.931381], [136.343539, 35.931401], [136.342299, 35.931931], [136.341908, 35.932684], [136.341786, 35.932798], [136.341492, 35.932808], [136.340656, 35.932159], [136.339727, 35.93205], [136.339372, 35.931841], [136.339, 35.93027], [136.338346, 35.929616], [136.336782, 35.929368], [136.335786, 35.928589], [136.333736, 35.928673], [136.333729, 35.928143], [136.334059, 35.927147], [136.333729, 35.926339], [136.333479, 35.924648], [136.332703, 35.924093], [136.332104, 35.923474], [136.331023, 35.923231], [136.328628, 35.921396], [136.327259, 35.921014], [136.326233, 35.920881], [136.325054, 35.920142], [136.324272, 35.919973], [136.322261, 35.920172], [136.319512, 35.921168], [136.317441, 35.921187], [136.315822, 35.92092], [136.313463, 35.920201], [136.313292, 35.920023], [136.312983, 35.919063], [136.311076, 35.917762], [136.310796, 35.917425], [136.310773, 35.917124], [136.311166, 35.916232], [136.310897, 35.915331], [136.310044, 35.915095], [136.30973, 35.914202], [136.309965, 35.913911], [136.311805, 35.91352], [136.312624, 35.912856], [136.313421, 35.912719], [136.314016, 35.912937], [136.314296, 35.911945], [136.315227, 35.911062], [136.315272, 35.910097], [136.315429, 35.909715], [136.315295, 35.909251], [136.315553, 35.908786], [136.315362, 35.908522], [136.315161, 35.907731], [136.315317, 35.907394], [136.316013, 35.90682], [136.315374, 35.906037], [136.314712, 35.905555], [136.31341, 35.905446], [136.313275, 35.904836], [136.312569, 35.904544], [136.311929, 35.903934], [136.311693, 35.902578], [136.311087, 35.902105], [136.31065, 35.901422], [136.310504, 35.900731], [136.310583, 35.900057], [136.310302, 35.899447], [136.310482, 35.898692], [136.31019, 35.897817], [136.309034, 35.896807], [136.308787, 35.896379], [136.309102, 35.895159], [136.309472, 35.894941], [136.309786, 35.894559], [136.310583, 35.894231], [136.311413, 35.893376], [136.31212, 35.892948], [136.312131, 35.892301], [136.311761, 35.891564], [136.311335, 35.891054], [136.311245, 35.890699], [136.311727, 35.889443], [136.312356, 35.88867], [136.311974, 35.887896], [136.311525, 35.887379], [136.311647, 35.887136], [136.311048, 35.88668], [136.310182, 35.886301], [136.309391, 35.885641], [136.308592, 35.885189], [136.307904, 35.884957], [136.307736, 35.884464], [136.307071, 35.884103], [136.306982, 35.883735], [136.307324, 35.882494], [136.307165, 35.881822], [136.305991, 35.880926], [136.304966, 35.880411], [136.305345, 35.87956], [136.306332, 35.878592], [136.306463, 35.878289], [136.306351, 35.877742], [136.305214, 35.876607], [136.304096, 35.874839], [136.303914, 35.87427], [136.303357, 35.874053], [136.302309, 35.873932], [136.300672, 35.873552], [136.299628, 35.873139], [136.299132, 35.872342], [136.298192, 35.871298], [136.296878, 35.870471], [136.296227, 35.870197], [136.296125, 35.869119], [136.295198, 35.868554], [136.29481, 35.86759], [136.293982, 35.866774], [136.293393, 35.866812], [136.292728, 35.866462], [136.292335, 35.866611], [136.291629, 35.866489], [136.291007, 35.866087], [136.287844, 35.866717], [136.287096, 35.866394], [136.286665, 35.865552], [136.285706, 35.864447], [136.284046, 35.864724], [136.282979, 35.864687], [136.280925, 35.86526], [136.280144, 35.865624], [136.279189, 35.865711], [136.277295, 35.865362], [136.277099, 35.864375], [136.276041, 35.863362], [136.275302, 35.86307], [136.275054, 35.862664], [136.274862, 35.861798], [136.273838, 35.861339], [136.273319, 35.860861], [136.273038, 35.859825], [136.27279, 35.859396], [136.272757, 35.857384], [136.271779, 35.856538], [136.270587, 35.855817], [136.270535, 35.85535], [136.270357, 35.855077], [136.269492, 35.854341], [136.269132, 35.853528], [136.268215, 35.852477], [136.267672, 35.851038], [136.266811, 35.85053], [136.266362, 35.849653], [136.266371, 35.849069], [136.266119, 35.848541], [136.265337, 35.848002], [136.264472, 35.847892], [136.263073, 35.846841], [136.262203, 35.845402], [136.26137, 35.844643], [136.259887, 35.844305], [136.259166, 35.843421], [136.258119, 35.843197], [136.257412, 35.84287], [136.25723, 35.842665], [136.255915, 35.842149], [136.256603, 35.841246], [136.257122, 35.84087], [136.25796, 35.83969], [136.25795, 35.839021], [136.258264, 35.838589], [136.25824, 35.838179], [136.259546, 35.837818], [136.259826, 35.836869], [136.259785, 35.836051], [136.260213, 35.834072], [136.259454, 35.832428], [136.260164, 35.831515], [136.260136, 35.830714], [136.259514, 35.829357], [136.258725, 35.828958], [136.258429, 35.828496], [136.258087, 35.827305], [136.258192, 35.826616], [136.257922, 35.826235], [136.257863, 35.825779], [136.257881, 35.82524], [136.258775, 35.823652], [136.259377, 35.823344], [136.260498, 35.823473], [136.262299, 35.824018], [136.262883, 35.823843], [136.264559, 35.823653], [136.265745, 35.823272], [136.266551, 35.823257], [136.266892, 35.82315], [136.267866, 35.82241], [136.27026, 35.823274], [136.271537, 35.823359], [136.272131, 35.823701], [136.272911, 35.82377], [136.273588, 35.823287], [136.274586, 35.823017], [136.274894, 35.822642], [136.275464, 35.82227], [136.277162, 35.822147], [136.278306, 35.822337], [136.280061, 35.822832], [136.280425, 35.822539], [136.282627, 35.821729], [136.283049, 35.821358], [136.284076, 35.821168], [136.285555, 35.820447], [136.286285, 35.820433], [136.28636, 35.820945], [136.286635, 35.821467], [136.287181, 35.821958], [136.288341, 35.822356], [136.289306, 35.822142], [136.289921, 35.822173], [136.291808, 35.823118], [136.293115, 35.823312], [136.293769, 35.823662], [136.294925, 35.824631], [136.295336, 35.824728], [136.296618, 35.824665], [136.298554, 35.824339], [136.298412, 35.826315], [136.298752, 35.826792], [136.298847, 35.827253], [136.298965, 35.827465], [136.300288, 35.828399], [136.300866, 35.828573], [136.301079, 35.828785], [136.301353, 35.829239], [136.301488, 35.830056], [136.301732, 35.830183], [136.301836, 35.830022], [136.301765, 35.829002], [136.302079, 35.82856], [136.303251, 35.82748], [136.304473, 35.827001], [136.305859, 35.826195], [136.306042, 35.82554], [136.306876, 35.824712], [136.307759, 35.824235], [136.308513, 35.824286], [136.309184, 35.824178], [136.310007, 35.823581], [136.310997, 35.823676], [136.311388, 35.823165], [136.311789, 35.822884], [136.312641, 35.822633], [136.31331, 35.822147], [136.313527, 35.821868], [136.313669, 35.820364], [136.313872, 35.819972], [136.313734, 35.818935], [136.314208, 35.818376], [136.314686, 35.817371], [136.315564, 35.817478], [136.316607, 35.817324], [136.317685, 35.81772], [136.318861, 35.817882], [136.319327, 35.818054], [136.319527, 35.818555], [136.320739, 35.819389], [136.321406, 35.820773], [136.321793, 35.821042], [136.322115, 35.821514], [136.323412, 35.822101], [136.325156, 35.823911], [136.325461, 35.823901], [136.325902, 35.823117], [136.326846, 35.822709], [136.327916, 35.821814], [136.329153, 35.821621], [136.33106, 35.820007], [136.331969, 35.820348], [136.332686, 35.820961], [136.333246, 35.821218], [136.334084, 35.822285], [136.335714, 35.822011], [136.336515, 35.822193], [136.337512, 35.822709], [136.338575, 35.822613], [136.339086, 35.822286], [136.339871, 35.822478], [136.340322, 35.822724], [136.341291, 35.822292], [136.341813, 35.821832], [136.342108, 35.821138], [136.343263, 35.819574], [136.343462, 35.818905], [136.343962, 35.818674], [136.344966, 35.818544], [136.345395, 35.817922], [136.346108, 35.817407], [136.34661, 35.81678], [136.346649, 35.815944], [136.346979, 35.815401], [136.347782, 35.814939], [136.348328, 35.813901], [136.349505, 35.81321], [136.349458, 35.812812], [136.348821, 35.81166], [136.348514, 35.811279], [136.347808, 35.810836], [136.347615, 35.810105], [136.346975, 35.809352], [136.346937, 35.808814], [136.347132, 35.808302], [136.346488, 35.807482], [136.346425, 35.807195], [136.346905, 35.806518], [136.348039, 35.805432], [136.348339, 35.805358], [136.349392, 35.805644], [136.350885, 35.804947], [136.351762, 35.803166], [136.352788, 35.801694], [136.353421, 35.801129], [136.353502, 35.800794], [136.353105, 35.799906], [136.352186, 35.798543], [136.35226, 35.797835], [136.351352, 35.796751], [136.350903, 35.794991], [136.351674, 35.794456], [136.352339, 35.794234], [136.352701, 35.793892], [136.352542, 35.792887], [136.352732, 35.792384], [136.352722, 35.791902], [136.354004, 35.789621], [136.354036, 35.788823], [136.354401, 35.787709], [136.355983, 35.787324], [136.356622, 35.786928], [136.357088, 35.786832], [136.360008, 35.786986], [136.361598, 35.787774], [136.364282, 35.788249], [136.364867, 35.788783], [136.365436, 35.789079], [136.365755, 35.789679], [136.367426, 35.789969], [136.368515, 35.79052], [136.369039, 35.790955], [136.371707, 35.792039], [136.372809, 35.792842], [136.374154, 35.793412], [136.37544, 35.794143], [136.376093, 35.79493], [136.376657, 35.795178], [136.377775, 35.795194], [136.378329, 35.795058], [136.379348, 35.794279], [136.380189, 35.794263], [136.382168, 35.793974], [136.382702, 35.793734], [136.383692, 35.793019], [136.385067, 35.793003], [136.38571, 35.792827], [136.387224, 35.792714], [136.387867, 35.792208], [136.388797, 35.791896], [136.389302, 35.791205], [136.389282, 35.790242], [136.389698, 35.789519], [136.389499, 35.788042], [136.391617, 35.788179], [136.392784, 35.788412], [136.395544, 35.788211], [136.396099, 35.788042], [136.399255, 35.789134], [136.400274, 35.789335], [136.40063, 35.788878], [136.400946, 35.787986], [136.400917, 35.787367], [136.401046, 35.787144], [136.401402, 35.786951], [136.401511, 35.786269], [136.401659, 35.786076], [136.40346, 35.785386], [136.403697, 35.783868], [136.404518, 35.783138], [136.405379, 35.782961], [136.407956, 35.782108], [136.408266, 35.781838], [136.408277, 35.781299], [136.408495, 35.780843], [136.409206, 35.779931], [136.409355, 35.780508], [136.411163, 35.781534], [136.414663, 35.782601], [136.415965, 35.782446], [136.416086, 35.783057], [136.41656, 35.783919], [136.416093, 35.784379], [136.416064, 35.784646], [136.417859, 35.786236], [136.418698, 35.78644], [136.419653, 35.786888], [136.420062, 35.787738], [136.420234, 35.789252], [136.420449, 35.789922], [136.420901, 35.790649], [136.421913, 35.791627], [136.422824, 35.793357], [136.424051, 35.793869], [136.424439, 35.793927], [136.425774, 35.7937], [136.426298, 35.793829], [136.426634, 35.794172], [136.427898, 35.79483], [136.428673, 35.795832], [136.429118, 35.796175], [136.429677, 35.796391], [136.43028, 35.797118], [136.431313, 35.797974], [136.430854, 35.798865], [136.430861, 35.79968], [136.43056, 35.800659], [136.431119, 35.801997], [136.431041, 35.802714], [136.431715, 35.803523], [136.432598, 35.803849], [136.432734, 35.804001], [136.433315, 35.805456], [136.433165, 35.806335], [136.432562, 35.807139], [136.431787, 35.807284], [136.43084, 35.807727], [136.429849, 35.808664], [136.429002, 35.808956], [136.428594, 35.809299], [136.426563, 35.809939], [136.425831, 35.811575], [136.42563, 35.811779], [136.424618, 35.812408], [136.42324, 35.813019], [136.423133, 35.813537], [136.423305, 35.814649], [136.422896, 35.815604], [136.423118, 35.816512], [136.42263, 35.81763], [136.422558, 35.819459], [136.42268, 35.820559], [136.422931, 35.820862], [136.424266, 35.821124], [136.424711, 35.822108], [136.425385, 35.822416], [136.425594, 35.822672], [136.426763, 35.823331], [136.427818, 35.823325], [136.428163, 35.823464], [136.428184, 35.823593], [136.427488, 35.824472], [136.426821, 35.824943], [136.42606, 35.826149], [136.42588, 35.827016], [136.424732, 35.828012], [136.42456, 35.828448], [136.424603, 35.828774], [136.424338, 35.829217], [136.424509, 35.830038], [136.424266, 35.830853], [136.423893, 35.831313], [136.423907, 35.831784], [136.423354, 35.832774], [136.423619, 35.834148], [136.424165, 35.834829], [136.424646, 35.835109], [136.424732, 35.835761], [136.425385, 35.836062], [136.426344, 35.836166], [136.426801, 35.836337], [136.428856, 35.838991], [136.429, 35.839645], [136.428856, 35.840252], [136.428241, 35.84107], [136.42948, 35.84181], [136.429643, 35.842028], [136.429586, 35.843383], [136.430085, 35.844014], [136.430776, 35.845915], [136.43117, 35.84639], [136.432265, 35.847122], [136.432284, 35.847239], [136.431333, 35.847878], [136.431516, 35.848742], [136.431179, 35.849303], [136.430901, 35.850394], [136.43237, 35.850737], [136.432774, 35.850168], [136.4331, 35.849973], [136.435578, 35.849638], [136.436499, 35.849794], [136.435011, 35.851009], [136.434281, 35.851243], [136.432774, 35.852154], [136.431909, 35.852949], [136.431794, 35.853797], [136.431631, 35.854078], [136.430066, 35.854631], [136.429797, 35.854935], [136.429259, 35.856867], [136.429124, 35.857061], [136.428634, 35.857248], [136.428241, 35.857599], [136.427645, 35.858853], [136.427674, 35.859047], [136.428539, 35.860021], [136.429576, 35.860855], [136.429671, 35.861571], [136.429374, 35.862304], [136.429787, 35.863425], [136.430382, 35.86376], [136.43164, 35.863846], [136.431823, 35.863963], [136.433397, 35.865264], [136.434367, 35.866284], [136.434962, 35.867149], [136.435692, 35.869065], [136.435644, 35.869322], [136.43307, 35.871939], [136.43308, 35.872095], [136.434472, 35.873045], [136.435845, 35.873551], [136.436412, 35.874073], [136.437478, 35.875896], [136.439456, 35.877352], [136.439859, 35.877921], [136.439926, 35.878607], [136.439753, 35.879347], [136.439167, 35.880757], [136.439071, 35.882564], [136.439148, 35.883132], [136.439561, 35.884199], [136.439263, 35.886006], [136.436075, 35.886123], [136.435816, 35.886731], [136.435221, 35.887572], [136.434183, 35.888561], [136.432954, 35.888857], [136.432541, 35.88973], [136.432224, 35.890088], [136.432378, 35.891093], [136.431821, 35.892082], [136.431763, 35.892456], [136.43234, 35.893796], [136.432234, 35.894676], [136.432455, 35.895167], [136.432522, 35.896351], [136.433377, 35.897449], [136.434692, 35.898789], [136.43595, 35.900705], [136.437035, 35.900822], [136.437592, 35.901048], [136.438034, 35.901974], [136.438629, 35.902465], [136.438197, 35.903229], [136.438159, 35.903532], [136.438629, 35.905308], [136.438773, 35.908642], [136.438888, 35.908884], [136.439416, 35.90911], [136.440982, 35.909382], [136.442009, 35.909406], [136.443209, 35.910146], [136.444054, 35.910184], [136.444621, 35.910021], [136.445293, 35.910216], [136.446609, 35.910146], [136.447185, 35.910348], [136.448193, 35.911065], [136.448635, 35.911166], [136.450027, 35.913105], [136.450354, 35.913292], [136.450747, 35.912981], [136.451352, 35.912825], [136.452466, 35.913152], [136.454579, 35.913199], [136.455654, 35.913557], [136.456759, 35.914352], [136.457268, 35.914944], [136.457911, 35.915847], [136.458228, 35.916743], [136.458612, 35.916992], [136.459466, 35.917241], [136.45986, 35.917654], [136.460052, 35.918402], [136.460628, 35.918931], [136.459921, 35.919797], [136.460427, 35.920287], [136.460523, 35.920553]]]}}, {"type": "Feature", "properties": {"pref_code": "18", "pref_name": "福井県", "municipality_code": "18404", "municipality_name": "南越前町", "ward_name": "", "display_name": "南越前町", "geometry_key": "18404"}, "geometry": {"type": "MultiPolygon", "coordinates": [[[[136.019682, 35.878947], [136.019616, 35.878229], [136.019059, 35.877456], [136.017602, 35.877069], [136.017367, 35.87623], [136.016531, 35.875909], [136.014568, 35.874427], [136.013248, 35.873067], [136.011228, 35.872358], [136.011692, 35.871732], [136.012073, 35.871389], [136.012287, 35.871361], [136.013283, 35.870409], [136.013512, 35.869986], [136.013962, 35.869975], [136.015138, 35.869051], [136.01729, 35.867671], [136.017601, 35.867383], [136.017594, 35.867192], [136.018376, 35.866493], [136.018923, 35.866307], [136.019082, 35.866076], [136.019636, 35.865902], [136.02093, 35.865192], [136.02093, 35.864977], [136.021054, 35.864837], [136.02122, 35.864859], [136.022556, 35.863276], [136.022978, 35.863141], [136.02522, 35.861614], [136.02542, 35.861614], [136.026043, 35.860899], [136.026569, 35.860561], [136.027489, 35.859192], [136.028555, 35.858442], [136.02859, 35.858206], [136.02924, 35.857755], [136.029212, 35.857631], [136.029863, 35.857163], [136.030271, 35.857197], [136.032285, 35.856076], [136.032527, 35.855862], [136.032624, 35.855552], [136.033039, 35.855361], [136.033496, 35.854887], [136.033572, 35.854764], [136.033406, 35.854651], [136.033648, 35.854713], [136.034561, 35.853783], [136.034216, 35.853457], [136.034209, 35.853254], [136.034893, 35.853327], [136.035004, 35.853096], [136.035606, 35.85273], [136.035904, 35.852335], [136.035952, 35.852003], [136.036257, 35.851845], [136.036423, 35.85149], [136.036291, 35.851276], [136.036582, 35.850893], [136.037115, 35.850746], [136.037253, 35.850577], [136.037468, 35.850622], [136.03788, 35.85103], [136.038023, 35.850979], [136.037654, 35.850442], [136.038277, 35.850245], [136.038734, 35.850555], [136.040312, 35.849062], [136.04045, 35.849107], [136.040588, 35.848825], [136.04045, 35.848763], [136.040671, 35.848363], [136.04101, 35.848482], [136.042097, 35.847067], [136.042609, 35.845913], [136.042477, 35.845845], [136.04263, 35.845879], [136.043204, 35.844763], [136.043162, 35.844589], [136.043391, 35.844104], [136.045723, 35.842932], [136.046767, 35.842239], [136.047058, 35.841806], [136.046837, 35.841715], [136.047044, 35.841208], [136.046491, 35.840791], [136.046899, 35.840465], [136.047446, 35.840774], [136.048726, 35.839834], [136.048961, 35.839946], [136.049383, 35.839738], [136.049895, 35.839298], [136.049951, 35.838921], [136.050175, 35.838963], [136.051106, 35.838081], [136.051874, 35.837061], [136.052248, 35.836881], [136.052463, 35.836943], [136.053375, 35.836464], [136.053969, 35.835854], [136.053891, 35.835742], [136.053691, 35.835776], [136.053688, 35.835646], [136.054463, 35.835386], [136.054584, 35.835236], [136.054496, 35.835063], [136.054732, 35.83504], [136.054784, 35.834906], [136.055466, 35.834746], [136.055709, 35.834267], [136.056009, 35.834163], [136.055926, 35.833887], [136.056323, 35.833691], [136.056851, 35.83387], [136.057017, 35.833529], [136.057685, 35.833172], [136.057834, 35.832927], [136.058508, 35.832703], [136.059319, 35.831723], [136.060075, 35.831188], [136.060281, 35.83085], [136.060117, 35.830812], [136.060101, 35.830656], [136.060805, 35.830461], [136.061272, 35.830114], [136.061244, 35.829983], [136.06083, 35.82989], [136.060867, 35.829591], [136.061557, 35.829658], [136.061806, 35.82991], [136.062397, 35.829432], [136.063089, 35.829153], [136.064632, 35.829064], [136.065099, 35.828919], [136.066264, 35.828055], [136.066433, 35.827838], [136.066194, 35.82777], [136.066497, 35.827758], [136.066718, 35.827434], [136.066587, 35.827216], [136.0669, 35.827196], [136.067441, 35.826536], [136.067874, 35.825411], [136.067729, 35.82527], [136.068697, 35.82442], [136.068847, 35.824428], [136.068797, 35.824662], [136.069718, 35.82489], [136.069759, 35.824783], [136.070309, 35.824832], [136.070905, 35.824285], [136.070624, 35.824238], [136.070599, 35.824103], [136.070938, 35.824127], [136.07138, 35.823607], [136.071464, 35.823117], [136.071332, 35.823029], [136.071527, 35.822741], [136.071445, 35.822552], [136.071746, 35.822], [136.071833, 35.821522], [136.072744, 35.820197], [136.073202, 35.819242], [136.07321, 35.818723], [136.073552, 35.817949], [136.073394, 35.817313], [136.073713, 35.816866], [136.074103, 35.816908], [136.074839, 35.816584], [136.075161, 35.816206], [136.075084, 35.816041], [136.075421, 35.815868], [136.075698, 35.815396], [136.075841, 35.814708], [136.075695, 35.81447], [136.075922, 35.814277], [136.076264, 35.813255], [136.076565, 35.812865], [136.076546, 35.812384], [136.076326, 35.81187], [136.076631, 35.811315], [136.077029, 35.810966], [136.076792, 35.81079], [136.076861, 35.810322], [136.077231, 35.810512], [136.078656, 35.809613], [136.079252, 35.808494], [136.080483, 35.805487], [136.081508, 35.804313], [136.08228, 35.802916], [136.083683, 35.801274], [136.086508, 35.799218], [136.087416, 35.798324], [136.08805, 35.796946], [136.087836, 35.796766], [136.088144, 35.796605], [136.08848, 35.79566], [136.089212, 35.794324], [136.089844, 35.791739], [136.090102, 35.791227], [136.091618, 35.789429], [136.092373, 35.788789], [136.095162, 35.784876], [136.097493, 35.782341], [136.097842, 35.781764], [136.097627, 35.781692], [136.097825, 35.781324], [136.098011, 35.781388], [136.100133, 35.778587], [136.100387, 35.777488], [136.100247, 35.776382], [136.098822, 35.774053], [136.098695, 35.773172], [136.098466, 35.773233], [136.098128, 35.772886], [136.098167, 35.772743], [136.098501, 35.772612], [136.098936, 35.77258], [136.098945, 35.771208], [136.098749, 35.77075], [136.098357, 35.770807], [136.098165, 35.770619], [136.098129, 35.770397], [136.098356, 35.770004], [136.0981, 35.769239], [136.097352, 35.768159], [136.096736, 35.768127], [136.096557, 35.767741], [136.096665, 35.767389], [136.097134, 35.767062], [136.097407, 35.76709], [136.097869, 35.766456], [136.098309, 35.765239], [136.09947, 35.765203], [136.100558, 35.765605], [136.101965, 35.765723], [136.107863, 35.765144], [136.110503, 35.765865], [136.111531, 35.765902], [136.112765, 35.765415], [136.113251, 35.764653], [136.114114, 35.764104], [136.115262, 35.762209], [136.115662, 35.760699], [136.115669, 35.759641], [136.115822, 35.759066], [136.117535, 35.757917], [136.117637, 35.757722], [136.117404, 35.756941], [136.117448, 35.756208], [136.117746, 35.75583], [136.118647, 35.75516], [136.118458, 35.754011], [136.118966, 35.75358], [136.119054, 35.752893], [136.118974, 35.752445], [136.118689, 35.752184], [136.118547, 35.751749], [136.118761, 35.751599], [136.119236, 35.751556], [136.119746, 35.751256], [136.120239, 35.750742], [136.120825, 35.750552], [136.121609, 35.749987], [136.122116, 35.749878], [136.122451, 35.748782], [136.122865, 35.74854], [136.123365, 35.748559], [136.12365, 35.748404], [136.12448, 35.746459], [136.124657, 35.746295], [136.125547, 35.745973], [136.125446, 35.744882], [136.125896, 35.744215], [136.126454, 35.743856], [136.126739, 35.742647], [136.128104, 35.741698], [136.129407, 35.741292], [136.130286, 35.741164], [136.130701, 35.740952], [136.131053, 35.740286], [136.131389, 35.738969], [136.132017, 35.737971], [136.132621, 35.737333], [136.132882, 35.736268], [136.132728, 35.735145], [136.133226, 35.73443], [136.133356, 35.733532], [136.132799, 35.732099], [136.13255, 35.729864], [136.132775, 35.728952], [136.133474, 35.728866], [136.133699, 35.728605], [136.133735, 35.72816], [136.133427, 35.727182], [136.133581, 35.726448], [136.133072, 35.725701], [136.133451, 35.725286], [136.133569, 35.724947], [136.132905, 35.7242], [136.132787, 35.723843], [136.131886, 35.723242], [136.131992, 35.722691], [136.134899, 35.720989], [136.135683, 35.719894], [136.136287, 35.719459], [136.138172, 35.718878], [136.13898, 35.718249], [136.13956, 35.717467], [136.142597, 35.716062], [136.142965, 35.715742], [136.143701, 35.714156], [136.144969, 35.713673], [136.145656, 35.713567], [136.146429, 35.712559], [136.147483, 35.71197], [136.148692, 35.710847], [136.148787, 35.709976], [136.148681, 35.709229], [136.148408, 35.708929], [136.148396, 35.708736], [136.148574, 35.707729], [136.149225, 35.706637], [136.149012, 35.705591], [136.149082, 35.704622], [136.148988, 35.704448], [136.148514, 35.704178], [136.148419, 35.703531], [136.148122, 35.703209], [136.146676, 35.702745], [136.145859, 35.703044], [136.14548, 35.70288], [136.145302, 35.702581], [136.146239, 35.700752], [136.146962, 35.700218], [136.147116, 35.699272], [136.147566, 35.699011], [136.148324, 35.699126], [136.148869, 35.699017], [136.150056, 35.698144], [136.150347, 35.697716], [136.150945, 35.698191], [136.151779, 35.698572], [136.15258, 35.698703], [136.153556, 35.698691], [136.154256, 35.698893], [136.155189, 35.699882], [136.156753, 35.700369], [136.157132, 35.700286], [136.157526, 35.700012], [136.158489, 35.699011], [136.161172, 35.697916], [136.161376, 35.697702], [136.161726, 35.696466], [136.163565, 35.696216], [136.164832, 35.696311], [136.16559, 35.696656], [136.166044, 35.697251], [136.165927, 35.698264], [136.166044, 35.699357], [136.166613, 35.701002], [136.166774, 35.702215], [136.167269, 35.702857], [136.167927, 35.703415], [136.168175, 35.703343], [136.168481, 35.702678], [136.170057, 35.701536], [136.170377, 35.701441], [136.171557, 35.701739], [136.172448, 35.702144], [136.172958, 35.702738], [136.173878, 35.703143], [136.174359, 35.703666], [136.174592, 35.703737], [136.174986, 35.703405], [136.175776, 35.703177], [136.176023, 35.702952], [136.176431, 35.702987], [136.177145, 35.702821], [136.177715, 35.702488], [136.178356, 35.701811], [136.17907, 35.701906], [136.180311, 35.701799], [136.180821, 35.701537], [136.181142, 35.701585], [136.181696, 35.701917], [136.182221, 35.702954], [136.183419, 35.703596], [136.184424, 35.703536], [136.185284, 35.703726], [136.186307, 35.703358], [136.186846, 35.703346], [136.189574, 35.702263], [136.190072, 35.702536], [136.191091, 35.702464], [136.191281, 35.702357], [136.191398, 35.701512], [136.191923, 35.700728], [136.192098, 35.700668], [136.192622, 35.700835], [136.193091, 35.700762], [136.193746, 35.700192], [136.194068, 35.699321], [136.194884, 35.698144], [136.195482, 35.696822], [136.195613, 35.696347], [136.195468, 35.695573], [136.19557, 35.695001], [136.195832, 35.69462], [136.196532, 35.694121], [136.196605, 35.693504], [136.19697, 35.692728], [136.196839, 35.691976], [136.197904, 35.690501], [136.198298, 35.689716], [136.199143, 35.689396], [136.199917, 35.689894], [136.200996, 35.689859], [136.201462, 35.689526], [136.20155, 35.688705], [136.202146, 35.688089], [136.202179, 35.687575], [136.203228, 35.687302], [136.20368, 35.686969], [136.20419, 35.686791], [136.204496, 35.686827], [136.204964, 35.6871], [136.205751, 35.68716], [136.206261, 35.687029], [136.207255, 35.687493], [136.207619, 35.687493], [136.208042, 35.687695], [136.208348, 35.687588], [136.208991, 35.686861], [136.209911, 35.686594], [136.210242, 35.686291], [136.210485, 35.685847], [136.21032, 35.685234], [136.210466, 35.684473], [136.21181, 35.682447], [136.212607, 35.681701], [136.212773, 35.681781], [136.213084, 35.682614], [136.213483, 35.682924], [136.213892, 35.683512], [136.215539, 35.683926], [136.216298, 35.684442], [136.217202, 35.684576], [136.219256, 35.684433], [136.219587, 35.684243], [136.220046, 35.683535], [136.22026, 35.6834], [136.22176, 35.683368], [136.222606, 35.682819], [136.223209, 35.681796], [136.223766, 35.681295], [136.224427, 35.681009], [136.225324, 35.680914], [136.225946, 35.680549], [136.227679, 35.68047], [136.228379, 35.681081], [136.229577, 35.681495], [136.230483, 35.6824], [136.231134, 35.682694], [136.23244, 35.682646], [136.233141, 35.682463], [136.234406, 35.682462], [136.235086, 35.681399], [136.23581, 35.680925], [136.240616, 35.676879], [136.241799, 35.67642], [136.242274, 35.676019], [136.243024, 35.675626], [136.244649, 35.673789], [136.244893, 35.67382], [136.245544, 35.674271], [136.246861, 35.675393], [136.250661, 35.676246], [136.25188, 35.67486], [136.254495, 35.673785], [136.254996, 35.673428], [136.255771, 35.67246], [136.257638, 35.671212], [136.258012, 35.671216], [136.26009, 35.671793], [136.262347, 35.671569], [136.26403, 35.671061], [136.266425, 35.669825], [136.269359, 35.668728], [136.270423, 35.667924], [136.270424, 35.667134], [136.270559, 35.666895], [136.2715, 35.666154], [136.27162, 35.665564], [136.273742, 35.66549], [136.27428, 35.665331], [136.275964, 35.664236], [136.276551, 35.663618], [136.277318, 35.663569], [136.277758, 35.663353], [136.279191, 35.661916], [136.280533, 35.661276], [136.280569, 35.661078], [136.280062, 35.660049], [136.280026, 35.659513], [136.280506, 35.658777], [136.280741, 35.658631], [136.280898, 35.6594], [136.281212, 35.659756], [136.282284, 35.660445], [136.282599, 35.661164], [136.283928, 35.662289], [136.284449, 35.663392], [136.284814, 35.663667], [136.285792, 35.663987], [136.287863, 35.66495], [136.289414, 35.665387], [136.290543, 35.665937], [136.290801, 35.666544], [136.290751, 35.666841], [136.289943, 35.66748], [136.288887, 35.669404], [136.288787, 35.67014], [136.288551, 35.670626], [136.288787, 35.671378], [136.289786, 35.67212], [136.290221, 35.672312], [136.290606, 35.672316], [136.291756, 35.672856], [136.29253, 35.673811], [136.293916, 35.674513], [136.294527, 35.675042], [136.295838, 35.67566], [136.296755, 35.675455], [136.297061, 35.675494], [136.297581, 35.6766], [136.298906, 35.677684], [136.298877, 35.678907], [136.298202, 35.679051], [136.297209, 35.679672], [136.296502, 35.679865], [136.295663, 35.680401], [136.295051, 35.680445], [136.294697, 35.680672], [136.294349, 35.68107], [136.294006, 35.682071], [136.293254, 35.683141], [136.292013, 35.683883], [136.291901, 35.684329], [136.292099, 35.685198], [136.291756, 35.686611], [136.29109, 35.687301], [136.290838, 35.687781], [136.29144, 35.688326], [136.291558, 35.688593], [136.29181, 35.689619], [136.291821, 35.690524], [136.292546, 35.691046], [136.293131, 35.691291], [136.293909, 35.691064], [136.295107, 35.690946], [136.296169, 35.691821], [136.297796, 35.691842], [136.298119, 35.692833], [136.299359, 35.693596], [136.299891, 35.694278], [136.300347, 35.695291], [136.300894, 35.69593], [136.301297, 35.696899], [136.301926, 35.697886], [136.3028, 35.698896], [136.303627, 35.699515], [136.304121, 35.700272], [136.304476, 35.70135], [136.304739, 35.701534], [136.306326, 35.701048], [136.306575, 35.701075], [136.307213, 35.701647], [136.308036, 35.703053], [136.308481, 35.703258], [136.30906, 35.703285], [136.309462, 35.703516], [136.310847, 35.705666], [136.310847, 35.706317], [136.310321, 35.70699], [136.310348, 35.707816], [136.310714, 35.708727], [136.310381, 35.710528], [136.310564, 35.710842], [136.311751, 35.711956], [136.313093, 35.712893], [136.314118, 35.712915], [136.316099, 35.713243], [136.316378, 35.713479], [136.316695, 35.714138], [136.317162, 35.714448], [136.318445, 35.714286], [136.319341, 35.714412], [136.321925, 35.715488], [136.322692, 35.715632], [136.323062, 35.716149], [136.323952, 35.716747], [136.323512, 35.718032], [136.322095, 35.718992], [136.321408, 35.719766], [136.320722, 35.72144], [136.320448, 35.722545], [136.320523, 35.722934], [136.321817, 35.724021], [136.322934, 35.724446], [136.323417, 35.724779], [136.324212, 35.726172], [136.325263, 35.726382], [136.324791, 35.726997], [136.324695, 35.727631], [136.325645, 35.729138], [136.326106, 35.730203], [136.327002, 35.731434], [136.326256, 35.732099], [136.325714, 35.733279], [136.325859, 35.734556], [136.325569, 35.734974], [136.325316, 35.736573], [136.324774, 35.737115], [136.324539, 35.737544], [136.324329, 35.738736], [136.324356, 35.739981], [136.324023, 35.740564], [136.324243, 35.740884], [136.324731, 35.742841], [136.325192, 35.743296], [136.325197, 35.743649], [136.32496, 35.744726], [136.323201, 35.745605], [136.322641, 35.746027], [136.322019, 35.746237], [136.32122, 35.747094], [136.32022, 35.747202], [136.319807, 35.747543], [136.319308, 35.748151], [136.319114, 35.748661], [136.319447, 35.749539], [136.319447, 35.749927], [136.318385, 35.751059], [136.319409, 35.751714], [136.319447, 35.752142], [136.319243, 35.752404], [136.319259, 35.752667], [136.319829, 35.753147], [136.319757, 35.753754], [136.31996, 35.754888], [136.31988, 35.756361], [136.320381, 35.757287], [136.320165, 35.758529], [136.321281, 35.760233], [136.322129, 35.761185], [136.322139, 35.761442], [136.321786, 35.76192], [136.321625, 35.762547], [136.321885, 35.763623], [136.32155, 35.765105], [136.321997, 35.765586], [136.323625, 35.766707], [136.324669, 35.767051], [136.324677, 35.767239], [136.32388, 35.768071], [136.323928, 35.769191], [136.32411, 35.769615], [136.324279, 35.769859], [136.324959, 35.770197], [136.325183, 35.771157], [136.326523, 35.772348], [136.327947, 35.775102], [136.328699, 35.775031], [136.3297, 35.775214], [136.331962, 35.775953], [136.332811, 35.776388], [136.333351, 35.776479], [136.334255, 35.776354], [136.335145, 35.776446], [136.335801, 35.776293], [136.336322, 35.775377], [136.336482, 35.774777], [136.336628, 35.774718], [136.337562, 35.775366], [136.338255, 35.775449], [136.339283, 35.775882], [136.340587, 35.775749], [136.341795, 35.776174], [136.342735, 35.775676], [136.342981, 35.775671], [136.344129, 35.776264], [136.345053, 35.776422], [136.345509, 35.776413], [136.346526, 35.776047], [136.346764, 35.776245], [136.347331, 35.777234], [136.347896, 35.777686], [136.348171, 35.778812], [136.348203, 35.779667], [136.348411, 35.780025], [136.350027, 35.780926], [136.351019, 35.782037], [136.351834, 35.782315], [136.352129, 35.782796], [136.352444, 35.78304], [136.353041, 35.78329], [136.353957, 35.783464], [136.355027, 35.784051], [136.356016, 35.784422], [136.356977, 35.785775], [136.357088, 35.786832], [136.356622, 35.786928], [136.355983, 35.787324], [136.354401, 35.787709], [136.354036, 35.788823], [136.354004, 35.789621], [136.352722, 35.791902], [136.352732, 35.792384], [136.352542, 35.792887], [136.352701, 35.793892], [136.352339, 35.794234], [136.351674, 35.794456], [136.350903, 35.794991], [136.351352, 35.796751], [136.35226, 35.797835], [136.352186, 35.798543], [136.353105, 35.799906], [136.353502, 35.800794], [136.353421, 35.801129], [136.352788, 35.801694], [136.351762, 35.803166], [136.350885, 35.804947], [136.349392, 35.805644], [136.348339, 35.805358], [136.348039, 35.805432], [136.346905, 35.806518], [136.346425, 35.807195], [136.346488, 35.807482], [136.347132, 35.808302], [136.346937, 35.808814], [136.346975, 35.809352], [136.347615, 35.810105], [136.347808, 35.810836], [136.348514, 35.811279], [136.348821, 35.81166], [136.349458, 35.812812], [136.349505, 35.81321], [136.348328, 35.813901], [136.347782, 35.814939], [136.346979, 35.815401], [136.346649, 35.815944], [136.34661, 35.81678], [136.346108, 35.817407], [136.345395, 35.817922], [136.344966, 35.818544], [136.343962, 35.818674], [136.343462, 35.818905], [136.343263, 35.819574], [136.342108, 35.821138], [136.341813, 35.821832], [136.341291, 35.822292], [136.340322, 35.822724], [136.339871, 35.822478], [136.339086, 35.822286], [136.338575, 35.822613], [136.337512, 35.822709], [136.336515, 35.822193], [136.335714, 35.822011], [136.334084, 35.822285], [136.333246, 35.821218], [136.332686, 35.820961], [136.331969, 35.820348], [136.33106, 35.820007], [136.329153, 35.821621], [136.327916, 35.821814], [136.326846, 35.822709], [136.325902, 35.823117], [136.325461, 35.823901], [136.325156, 35.823911], [136.323412, 35.822101], [136.322115, 35.821514], [136.321793, 35.821042], [136.321406, 35.820773], [136.320739, 35.819389], [136.319527, 35.818555], [136.319327, 35.818054], [136.318861, 35.817882], [136.317685, 35.81772], [136.316607, 35.817324], [136.315564, 35.817478], [136.314686, 35.817371], [136.314208, 35.818376], [136.313734, 35.818935], [136.313872, 35.819972], [136.313669, 35.820364], [136.313527, 35.821868], [136.31331, 35.822147], [136.312641, 35.822633], [136.311789, 35.822884], [136.311388, 35.823165], [136.310997, 35.823676], [136.310007, 35.823581], [136.309184, 35.824178], [136.308513, 35.824286], [136.307759, 35.824235], [136.306876, 35.824712], [136.306042, 35.82554], [136.305859, 35.826195], [136.304473, 35.827001], [136.303251, 35.82748], [136.302079, 35.82856], [136.301765, 35.829002], [136.301836, 35.830022], [136.301732, 35.830183], [136.301488, 35.830056], [136.301353, 35.829239], [136.301079, 35.828785], [136.300866, 35.828573], [136.300288, 35.828399], [136.298965, 35.827465], [136.298847, 35.827253], [136.298752, 35.826792], [136.298412, 35.826315], [136.298554, 35.824339], [136.296618, 35.824665], [136.295336, 35.824728], [136.294925, 35.824631], [136.293769, 35.823662], [136.293115, 35.823312], [136.291808, 35.823118], [136.289921, 35.822173], [136.289306, 35.822142], [136.288341, 35.822356], [136.287181, 35.821958], [136.286635, 35.821467], [136.28636, 35.820945], [136.286285, 35.820433], [136.285555, 35.820447], [136.284076, 35.821168], [136.283049, 35.821358], [136.282627, 35.821729], [136.280425, 35.822539], [136.280061, 35.822832], [136.278306, 35.822337], [136.277162, 35.822147], [136.275464, 35.82227], [136.274894, 35.822642], [136.274586, 35.823017], [136.273588, 35.823287], [136.272911, 35.82377], [136.272131, 35.823701], [136.271537, 35.823359], [136.27026, 35.823274], [136.267866, 35.82241], [136.266892, 35.82315], [136.266551, 35.823257], [136.265745, 35.823272], [136.264559, 35.823653], [136.262883, 35.823843], [136.262299, 35.824018], [136.260498, 35.823473], [136.259377, 35.823344], [136.258775, 35.823652], [136.257881, 35.82524], [136.257863, 35.825779], [136.257922, 35.826235], [136.258192, 35.826616], [136.258087, 35.827305], [136.258429, 35.828496], [136.258725, 35.828958], [136.259514, 35.829357], [136.260136, 35.830714], [136.260164, 35.831515], [136.259454, 35.832428], [136.260213, 35.834072], [136.259785, 35.836051], [136.259826, 35.836869], [136.259546, 35.837818], [136.25824, 35.838179], [136.258264, 35.838589], [136.25795, 35.839021], [136.25796, 35.83969], [136.257122, 35.84087], [136.256603, 35.841246], [136.255915, 35.842149], [136.255494, 35.842491], [136.255101, 35.842627], [136.254568, 35.842605], [136.253801, 35.842324], [136.251901, 35.842491], [136.251387, 35.84287], [136.250975, 35.843439], [136.250189, 35.843872], [136.249675, 35.845117], [136.249459, 35.845352], [136.248926, 35.84558], [136.247099, 35.845581], [136.24624, 35.845259], [136.245585, 35.84484], [136.244943, 35.844819], [136.244553, 35.844615], [136.243961, 35.844533], [136.242904, 35.845044], [136.241545, 35.845401], [136.239367, 35.846964], [136.238649, 35.847852], [136.23661, 35.849068], [136.235867, 35.849415], [136.23442, 35.849772], [136.233929, 35.850069], [136.232393, 35.852019], [136.230555, 35.853245], [136.229901, 35.853194], [136.227295, 35.853898], [136.226226, 35.853949], [136.224765, 35.854715], [136.224375, 35.855052], [136.223872, 35.856002], [136.222991, 35.855951], [136.219781, 35.856114], [136.218333, 35.85593], [136.216269, 35.856604], [136.215665, 35.856951], [136.214456, 35.857084], [136.213562, 35.857676], [136.211889, 35.857216], [136.211237, 35.856804], [136.209953, 35.856798], [136.209375, 35.857127], [136.20869, 35.857332], [136.207705, 35.858962], [136.206847, 35.859556], [136.206588, 35.859615], [136.202943, 35.859448], [136.201945, 35.859102], [136.199724, 35.858687], [136.196285, 35.857505], [136.195806, 35.857526], [136.194735, 35.858028], [136.191875, 35.857748], [136.190911, 35.857985], [136.18944, 35.857791], [136.187744, 35.857381], [136.186926, 35.857419], [136.181931, 35.856657], [136.181399, 35.857521], [136.180787, 35.857505], [136.180834, 35.855087], [136.177501, 35.853571], [136.178153, 35.852534], [136.176743, 35.851946], [136.177129, 35.851617], [136.175646, 35.851061], [136.175612, 35.850883], [136.17508, 35.850338], [136.175186, 35.850068], [136.175739, 35.849798], [136.175852, 35.849372], [136.175639, 35.848622], [136.175313, 35.848071], [136.175266, 35.847402], [136.17508, 35.847067], [136.175313, 35.846635], [136.175413, 35.845707], [136.174834, 35.84398], [136.174136, 35.843322], [136.172692, 35.843057], [136.171774, 35.842021], [136.170963, 35.841692], [136.170278, 35.840969], [136.16938, 35.840575], [136.169174, 35.840041], [136.168774, 35.839684], [136.166493, 35.838346], [136.16622, 35.837472], [136.165861, 35.837083], [136.164353, 35.836232], [136.163376, 35.835932], [136.16281, 35.835477], [136.160931, 35.835117], [136.160379, 35.834431], [136.159309, 35.834229], [136.158622, 35.833735], [136.158084, 35.832525], [136.159168, 35.831328], [136.159352, 35.830691], [136.158941, 35.829641], [136.158472, 35.828981], [136.158418, 35.827617], [136.158166, 35.826725], [136.157771, 35.826256], [136.156487, 35.825721], [136.155854, 35.824099], [136.155474, 35.822482], [136.155062, 35.82204], [136.154722, 35.821193], [136.15361, 35.820339], [136.153504, 35.819793], [136.15315, 35.819182], [136.153425, 35.817436], [136.153297, 35.817084], [136.150107, 35.815559], [136.14952, 35.815092], [136.148252, 35.814429], [136.147166, 35.81404], [136.146456, 35.813016], [136.145571, 35.812549], [136.144509, 35.812168], [136.143034, 35.81216], [136.142821, 35.812062], [136.141738, 35.810626], [136.140164, 35.809573], [136.139546, 35.80855], [136.138852, 35.807962], [136.137669, 35.808926], [136.134578, 35.810105], [136.135067, 35.811446], [136.134642, 35.813524], [136.13411, 35.815147], [136.133614, 35.816299], [136.132954, 35.816671], [136.132585, 35.81712], [136.132387, 35.819714], [136.131295, 35.821002], [136.130607, 35.823771], [136.129821, 35.824549], [136.129899, 35.824861], [136.131387, 35.826444], [136.131571, 35.828069], [136.131401, 35.828657], [136.130997, 35.829292], [136.130862, 35.829907], [136.130367, 35.830224], [136.130041, 35.831576], [136.129467, 35.832288], [136.129792, 35.83317], [136.129038, 35.835131], [136.128704, 35.835683], [136.128522, 35.837695], [136.128145, 35.838612], [136.128235, 35.839034], [136.129275, 35.840534], [136.12932, 35.840803], [136.128289, 35.841175], [136.127732, 35.841531], [136.127382, 35.841975], [136.127176, 35.84274], [136.126925, 35.843031], [136.126458, 35.843205], [136.124691, 35.843322], [136.124242, 35.843708], [136.123004, 35.844305], [136.122114, 35.844297], [136.121692, 35.84401], [136.120906, 35.843857], [136.119113, 35.845258], [136.118569, 35.846102], [136.118046, 35.846172], [136.116873, 35.845682], [136.116294, 35.84594], [136.115669, 35.846605], [136.11492, 35.846908], [136.114643, 35.846784], [136.114136, 35.846172], [136.111758, 35.844996], [136.110728, 35.844854], [136.109857, 35.844355], [136.109272, 35.844197], [136.10836, 35.844226], [136.107299, 35.842646], [136.106464, 35.842459], [136.104778, 35.841615], [136.103845, 35.841798], [136.102687, 35.841657], [136.10221, 35.842426], [136.100662, 35.843715], [136.100073, 35.844388], [136.099797, 35.844471], [136.096973, 35.844642], [136.096368, 35.844143], [136.095896, 35.843927], [136.093703, 35.843731], [136.093083, 35.843756], [136.091627, 35.844093], [136.090782, 35.844043], [136.089797, 35.843847], [136.088352, 35.843328], [136.085416, 35.842912], [136.084852, 35.842949], [136.083786, 35.843569], [136.083248, 35.843656], [136.082479, 35.843598], [136.082044, 35.843939], [136.081126, 35.845057], [136.080557, 35.845477], [136.079942, 35.845714], [136.080009, 35.846982], [136.079548, 35.848121], [136.078835, 35.84825], [136.078046, 35.849032], [136.077754, 35.849631], [136.076708, 35.85008], [136.075038, 35.849814], [136.072639, 35.849672], [136.072096, 35.849194], [136.070487, 35.848657], [136.069631, 35.848566], [136.069144, 35.84835], [136.068596, 35.848579], [136.067981, 35.848632], [136.067027, 35.84825], [136.066546, 35.848237], [136.065351, 35.848869], [136.064793, 35.848907], [136.064557, 35.848874], [136.063829, 35.848171], [136.06325, 35.847842], [136.062553, 35.848258], [136.06118, 35.848711], [136.060355, 35.849164], [136.059468, 35.848786], [136.058822, 35.848823], [136.058274, 35.848266], [136.058043, 35.848183], [136.057597, 35.848225], [136.05709, 35.848561], [136.056803, 35.849252], [136.05585, 35.849318], [136.056029, 35.849801], [136.055204, 35.850345], [136.054784, 35.851222], [136.054763, 35.851888], [136.054143, 35.852669], [136.054676, 35.853351], [136.054727, 35.853879], [136.054507, 35.854645], [136.05401, 35.855389], [136.053938, 35.855846], [136.054122, 35.856154], [136.054737, 35.85625], [136.054983, 35.85647], [136.05546, 35.857219], [136.055937, 35.858429], [136.0565, 35.85914], [136.056592, 35.859759], [136.05629, 35.860212], [136.054681, 35.860724], [136.053994, 35.860778], [136.05199, 35.860117], [136.050361, 35.860112], [136.049633, 35.859759], [136.048536, 35.859638], [136.047757, 35.8599], [136.047173, 35.860553], [136.046189, 35.86027], [136.045715, 35.860407], [136.044741, 35.860382], [136.044505, 35.860599], [136.044208, 35.861447], [136.044003, 35.861596], [136.042558, 35.861788], [136.042343, 35.861971], [136.042127, 35.862287], [136.041461, 35.864482], [136.040795, 35.865571], [136.040508, 35.866503], [136.039893, 35.866752], [136.039267, 35.867218], [136.038696, 35.867193], [136.038142, 35.867426], [136.037932, 35.867821], [136.03741, 35.868245], [136.036315, 35.868503], [136.035844, 35.869767], [136.034665, 35.870698], [136.034019, 35.870906], [136.03269, 35.870864], [136.031367, 35.871284], [136.029999, 35.871887], [136.029389, 35.872594], [136.028098, 35.87296], [136.02718, 35.872931], [136.025561, 35.873496], [136.024869, 35.873617], [136.023301, 35.874436], [136.022491, 35.874365], [136.021517, 35.875113], [136.021507, 35.877184], [136.021353, 35.878153], [136.021281, 35.878265], [136.020605, 35.878382], [136.020041, 35.878897], [136.019682, 35.878947]]], [[[136.011132, 35.872132], [136.011249, 35.872121], [136.011194, 35.872195], [136.011132, 35.872132]]], [[[136.011401, 35.871614], [136.011464, 35.871597], [136.011498, 35.871659], [136.011401, 35.871614]]], [[[136.013256, 35.869947], [136.013415, 35.869997], [136.01329, 35.870048], [136.013256, 35.869947]]], [[[136.013442, 35.869767], [136.013498, 35.869761], [136.013498, 35.8698], [136.013442, 35.869767]]], [[[136.014861, 35.868572], [136.014917, 35.868549], [136.014937, 35.868606], [136.014861, 35.868572]]], [[[136.015664, 35.868222], [136.01574, 35.868189], [136.01574, 35.868268], [136.015664, 35.868222]]], [[[136.017581, 35.866848], [136.01774, 35.866831], [136.017615, 35.866927], [136.017581, 35.866848]]], [[[136.017864, 35.866724], [136.017934, 35.866662], [136.017934, 35.866724], [136.017864, 35.866724]]], [[[136.018169, 35.866347], [136.018252, 35.866279], [136.018307, 35.866358], [136.018169, 35.866347]]], [[[136.019469, 35.865603], [136.01958, 35.865603], [136.019559, 35.865687], [136.019469, 35.865603]]], [[[136.019774, 35.865389], [136.019892, 35.865417], [136.019816, 35.865451], [136.019774, 35.865389]]], [[[136.020618, 35.865034], [136.020708, 35.865006], [136.020653, 35.865118], [136.020618, 35.865034]]], [[[136.020176, 35.864966], [136.020252, 35.864944], [136.020348, 35.865101], [136.020176, 35.864966]]], [[[136.02075, 35.864364], [136.02084, 35.864279], [136.020951, 35.864352], [136.020888, 35.864471], [136.02075, 35.864364]]], [[[136.022231, 35.863366], [136.022321, 35.863344], [136.022279, 35.863417], [136.022231, 35.863366]]], [[[136.021947, 35.863293], [136.022044, 35.863287], [136.022002, 35.863372], [136.021947, 35.863293]]], [[[136.02241, 35.862955], [136.02248, 35.862961], [136.022452, 35.863073], [136.02241, 35.862955]]], [[[136.022846, 35.862955], [136.022957, 35.862949], [136.022895, 35.862994], [136.022846, 35.862955]]], [[[136.02295, 35.862797], [136.02313, 35.862741], [136.023075, 35.862848], [136.02295, 35.862797]]], [[[136.021165, 35.862656], [136.021317, 35.86264], [136.0212, 35.862724], [136.021165, 35.862656]]], [[[136.023286, 35.862659], [136.023344, 35.862601], [136.023364, 35.862653], [136.023286, 35.862659]]], [[[136.020909, 35.862583], [136.021054, 35.862611], [136.020923, 35.862662], [136.020909, 35.862583]]], [[[136.023545, 35.862482], [136.023663, 35.862516], [136.023552, 35.862549], [136.023545, 35.862482]]], [[[136.023047, 35.862409], [136.023172, 35.862347], [136.023199, 35.862409], [136.023047, 35.862409]]], [[[136.024936, 35.861569], [136.025095, 35.861575], [136.024964, 35.861625], [136.024936, 35.861569]]], [[[136.026182, 35.860555], [136.026272, 35.860538], [136.026258, 35.860572], [136.026182, 35.860555]]], [[[136.026313, 35.86038], [136.0265, 35.86042], [136.02641, 35.860471], [136.026313, 35.86038]]], [[[136.026472, 35.859761], [136.026576, 35.859727], [136.026541, 35.859806], [136.026472, 35.859761]]], [[[136.026327, 35.859654], [136.026472, 35.859659], [136.026389, 35.859721], [136.026327, 35.859654]]], [[[136.026209, 35.859434], [136.026341, 35.859451], [136.026272, 35.859513], [136.026209, 35.859434]]], [[[136.026666, 35.859017], [136.026791, 35.858932], [136.02677, 35.859045], [136.026666, 35.859017]]], [[[136.027469, 35.858865], [136.027524, 35.858825], [136.0276, 35.858876], [136.027469, 35.858865]]], [[[136.027448, 35.858611], [136.027628, 35.858684], [136.027545, 35.858735], [136.027448, 35.858611]]], [[[136.02814, 35.858431], [136.028195, 35.858425], [136.028154, 35.858442], [136.02814, 35.858431]]], [[[136.028071, 35.858301], [136.028092, 35.858313], [136.028078, 35.858318], [136.028071, 35.858301]]], [[[136.028432, 35.858237], [136.028465, 35.858223], [136.028472, 35.858271], [136.028432, 35.858237]]], [[[136.028147, 35.858149], [136.02832, 35.858116], [136.028285, 35.858206], [136.028147, 35.858149]]], [[[136.02796, 35.858138], [136.028057, 35.858138], [136.027995, 35.858178], [136.02796, 35.858138]]], [[[136.028569, 35.85787], [136.02858, 35.857831], [136.028639, 35.857844], [136.028569, 35.85787]]], [[[136.028262, 35.857749], [136.028278, 35.857712], [136.028337, 35.857718], [136.028262, 35.857749]]], [[[136.029211, 35.857256], [136.029232, 35.857221], [136.029272, 35.85725], [136.029211, 35.857256]]], [[[136.028057, 35.85713], [136.028223, 35.857152], [136.028092, 35.85718], [136.028057, 35.85713]]], [[[136.029711, 35.857022], [136.029814, 35.857006], [136.029773, 35.857028], [136.029711, 35.857022]]], [[[136.034589, 35.853192], [136.03472, 35.853226], [136.034637, 35.853248], [136.034589, 35.853192]]], [[[136.034042, 35.853152], [136.034146, 35.853158], [136.034063, 35.85322], [136.034042, 35.853152]]], [[[136.034997, 35.852701], [136.035163, 35.852713], [136.035025, 35.852747], [136.034997, 35.852701]]], [[[136.034554, 35.852628], [136.03461, 35.852561], [136.034714, 35.852583], [136.034554, 35.852628]]], [[[136.035731, 35.852166], [136.035793, 35.852144], [136.0358, 35.852183], [136.035731, 35.852166]]], [[[136.035855, 35.851203], [136.035911, 35.85118], [136.035945, 35.851259], [136.035855, 35.851203]]], [[[136.036444, 35.850932], [136.036464, 35.850876], [136.03652, 35.850876], [136.036444, 35.850932]]], [[[136.036727, 35.850622], [136.036859, 35.850589], [136.036824, 35.850651], [136.036727, 35.850622]]], [[[136.039599, 35.849287], [136.039702, 35.849192], [136.039709, 35.849338], [136.039599, 35.849287]]], [[[136.040312, 35.84847], [136.040471, 35.848453], [136.040367, 35.848515], [136.040312, 35.84847]]], [[[136.039239, 35.848408], [136.039384, 35.848369], [136.03935, 35.848453], [136.039239, 35.848408]]], [[[136.040346, 35.848206], [136.04045, 35.848217], [136.040395, 35.848251], [136.040346, 35.848206]]], [[[136.04164, 35.847411], [136.041778, 35.847332], [136.041744, 35.847467], [136.04164, 35.847411]]], [[[136.041972, 35.846318], [136.042041, 35.84629], [136.04209, 35.846369], [136.041972, 35.846318]]], [[[136.042194, 35.846183], [136.042249, 35.846149], [136.042297, 35.846222], [136.042194, 35.846183]]], [[[136.042311, 35.84602], [136.042415, 35.845997], [136.042381, 35.846082], [136.042311, 35.84602]]], [[[136.042381, 35.845761], [136.042457, 35.845699], [136.042498, 35.845755], [136.042381, 35.845761]]], [[[136.04144, 35.845439], [136.041502, 35.84531], [136.041696, 35.845298], [136.041578, 35.845467], [136.04144, 35.845439]]], [[[136.041917, 35.845242], [136.042062, 35.845152], [136.042, 35.845265], [136.041917, 35.845242]]], [[[136.042304, 35.845084], [136.042505, 35.845096], [136.042339, 35.845157], [136.042304, 35.845084]]], [[[136.042837, 35.844955], [136.043052, 35.844943], [136.042927, 35.845022], [136.042837, 35.844955]]], [[[136.04227, 35.84478], [136.04236, 35.844718], [136.042422, 35.844774], [136.04227, 35.84478]]], [[[136.042457, 35.844611], [136.042616, 35.844639], [136.042512, 35.844679], [136.042457, 35.844611]]], [[[136.042858, 35.844025], [136.042976, 35.843997], [136.043093, 35.844093], [136.042858, 35.844025]]], [[[136.043356, 35.843941], [136.043432, 35.843907], [136.043398, 35.843963], [136.043356, 35.843941]]], [[[136.042332, 35.843851], [136.042429, 35.843839], [136.042395, 35.843941], [136.042332, 35.843851]]], [[[136.042809, 35.843862], [136.043183, 35.843896], [136.042858, 35.843941], [136.042809, 35.843862]]], [[[136.043515, 35.843851], [136.043564, 35.843806], [136.043605, 35.843822], [136.043515, 35.843851]]], [[[136.042007, 35.843479], [136.042132, 35.843507], [136.042111, 35.843625], [136.042007, 35.843479]]], [[[136.043778, 35.843394], [136.043903, 35.843406], [136.043834, 35.843512], [136.043778, 35.843394]]], [[[136.045059, 35.843163], [136.04519, 35.843096], [136.0451, 35.843197], [136.045059, 35.843163]]], [[[136.044989, 35.842966], [136.045086, 35.84296], [136.045045, 35.843034], [136.044989, 35.842966]]], [[[136.045826, 35.842639], [136.04593, 35.842617], [136.045909, 35.842718], [136.045826, 35.842639]]], [[[136.045605, 35.841247], [136.04573, 35.841304], [136.045626, 35.841315], [136.045605, 35.841247]]], [[[136.046698, 35.841214], [136.046809, 35.841293], [136.046733, 35.841338], [136.046698, 35.841214]]], [[[136.046263, 35.841274], [136.046346, 35.841202], [136.046311, 35.841304], [136.046263, 35.841274]]], [[[136.046069, 35.841219], [136.046111, 35.841225], [136.046138, 35.841264], [136.046069, 35.841219]]], [[[136.046436, 35.841101], [136.046629, 35.84109], [136.046595, 35.841202], [136.046436, 35.841101]]], [[[136.046131, 35.841062], [136.046332, 35.841073], [136.046262, 35.841208], [136.046131, 35.841062]]], [[[136.046331, 35.840859], [136.046429, 35.840797], [136.046379, 35.84089], [136.046331, 35.840859]]], [[[136.049397, 35.838915], [136.049508, 35.838904], [136.049418, 35.838988], [136.049397, 35.838915]]], [[[136.049702, 35.838504], [136.049792, 35.838498], [136.049792, 35.838572], [136.049702, 35.838504]]], [[[136.049466, 35.838515], [136.049584, 35.83851], [136.049508, 35.83856], [136.049466, 35.838515]]], [[[136.049702, 35.838369], [136.049729, 35.838324], [136.049819, 35.838402], [136.049702, 35.838369]]], [[[136.050414, 35.838138], [136.050421, 35.838092], [136.050539, 35.838036], [136.050414, 35.838138]]], [[[136.050698, 35.838002], [136.050892, 35.838008], [136.050802, 35.838059], [136.050698, 35.838002]]], [[[136.051259, 35.837456], [136.051335, 35.837478], [136.051321, 35.837529], [136.051259, 35.837456]]], [[[136.051342, 35.837326], [136.051466, 35.837383], [136.051383, 35.837399], [136.051342, 35.837326]]], [[[136.052221, 35.836656], [136.052338, 35.836662], [136.052276, 35.836707], [136.052221, 35.836656]]], [[[136.05249, 35.83665], [136.052608, 35.836656], [136.052525, 35.836701], [136.05249, 35.83665]]], [[[136.052047, 35.836566], [136.052131, 35.836538], [136.052096, 35.836639], [136.052047, 35.836566]]], [[[136.052906, 35.836515], [136.052982, 35.836526], [136.05294, 35.836566], [136.052906, 35.836515]]], [[[136.052691, 35.836521], [136.052705, 35.836487], [136.052809, 35.836504], [136.052691, 35.836521]]], [[[136.05349, 35.835553], [136.053597, 35.835556], [136.053586, 35.835614], [136.05349, 35.835553]]], [[[136.053967, 35.83539], [136.054012, 35.835323], [136.054091, 35.835346], [136.053967, 35.83539]]], [[[136.055332, 35.834443], [136.055411, 35.834404], [136.055385, 35.834469], [136.055332, 35.834443]]], [[[136.055176, 35.834344], [136.055231, 35.834292], [136.055253, 35.834347], [136.055176, 35.834344]]], [[[136.055077, 35.833806], [136.055255, 35.833766], [136.055232, 35.833837], [136.055077, 35.833806]]], [[[136.056736, 35.833635], [136.05674, 35.833591], [136.056813, 35.833602], [136.056736, 35.833635]]], [[[136.056276, 35.833521], [136.0564, 35.833571], [136.056312, 35.833581], [136.056276, 35.833521]]], [[[136.056554, 35.833364], [136.05697, 35.83335], [136.056701, 35.833512], [136.056554, 35.833364]]], [[[136.056592, 35.833219], [136.056702, 35.833197], [136.056634, 35.833243], [136.056592, 35.833219]]], [[[136.0568, 35.833111], [136.056886, 35.833087], [136.056819, 35.833144], [136.0568, 35.833111]]], [[[136.057524, 35.833003], [136.057653, 35.832896], [136.057722, 35.832903], [136.057524, 35.833003]]], [[[136.057315, 35.832875], [136.057517, 35.832835], [136.057463, 35.832881], [136.057315, 35.832875]]], [[[136.058412, 35.832565], [136.058507, 35.832549], [136.058442, 35.832629], [136.058412, 35.832565]]], [[[136.058662, 35.83229], [136.058819, 35.832186], [136.058827, 35.832243], [136.058662, 35.83229]]], [[[136.058463, 35.832144], [136.058509, 35.83213], [136.058514, 35.832184], [136.058463, 35.832144]]], [[[136.058183, 35.832028], [136.058269, 35.831998], [136.05831, 35.832044], [136.058183, 35.832028]]], [[[136.058753, 35.831777], [136.058837, 35.831833], [136.058764, 35.831832], [136.058753, 35.831777]]], [[[136.05901, 35.831729], [136.059044, 35.831684], [136.059132, 35.831713], [136.05901, 35.831729]]], [[[136.05923, 35.8316], [136.059306, 35.831486], [136.059544, 35.831489], [136.05923, 35.8316]]], [[[136.059039, 35.831456], [136.059103, 35.831415], [136.059151, 35.831486], [136.059039, 35.831456]]], [[[136.059924, 35.830888], [136.060028, 35.830857], [136.06008, 35.830941], [136.059924, 35.830888]]], [[[136.060222, 35.830343], [136.060334, 35.830257], [136.060297, 35.83035], [136.060222, 35.830343]]], [[[136.060102, 35.830101], [136.060191, 35.830064], [136.060227, 35.830134], [136.060102, 35.830101]]], [[[136.060324, 35.829635], [136.060353, 35.829595], [136.060457, 35.82966], [136.060324, 35.829635]]], [[[136.06148, 35.829571], [136.061585, 35.82951], [136.061646, 35.829548], [136.06148, 35.829571]]], [[[136.060641, 35.82954], [136.060707, 35.829517], [136.060737, 35.829577], [136.060641, 35.82954]]], [[[136.061272, 35.829444], [136.061345, 35.829394], [136.061348, 35.829454], [136.061272, 35.829444]]], [[[136.061795, 35.829395], [136.061935, 35.829402], [136.061857, 35.829437], [136.061795, 35.829395]]], [[[136.061181, 35.829303], [136.06119, 35.829241], [136.061275, 35.829305], [136.061181, 35.829303]]], [[[136.061812, 35.829246], [136.061878, 35.829191], [136.061884, 35.829247], [136.061812, 35.829246]]], [[[136.061337, 35.829066], [136.061617, 35.829026], [136.061484, 35.829139], [136.061337, 35.829066]]], [[[136.063442, 35.828768], [136.063584, 35.828747], [136.063639, 35.828802], [136.063442, 35.828768]]], [[[136.064623, 35.828709], [136.064723, 35.828626], [136.064689, 35.828729], [136.064623, 35.828709]]], [[[136.064874, 35.828106], [136.065024, 35.828109], [136.064937, 35.828134], [136.064874, 35.828106]]], [[[136.06705, 35.825638], [136.067125, 35.825576], [136.067184, 35.825617], [136.06705, 35.825638]]], [[[136.066478, 35.825256], [136.066633, 35.825275], [136.066697, 35.82554], [136.066478, 35.825256]]], [[[136.067317, 35.825472], [136.067361, 35.82546], [136.067396, 35.825534], [136.067317, 35.825472]]], [[[136.066268, 35.825319], [136.06636, 35.82529], [136.066351, 35.825337], [136.066268, 35.825319]]], [[[136.066279, 35.825031], [136.066306, 35.825], [136.066345, 35.825024], [136.066279, 35.825031]]], [[[136.067679, 35.824852], [136.067724, 35.824787], [136.067733, 35.82486], [136.067679, 35.824852]]], [[[136.067672, 35.824661], [136.067842, 35.824567], [136.067793, 35.824684], [136.067672, 35.824661]]], [[[136.070089, 35.823044], [136.070191, 35.822934], [136.070183, 35.823067], [136.070089, 35.823044]]], [[[136.069815, 35.823017], [136.069954, 35.822906], [136.069891, 35.823019], [136.069815, 35.823017]]], [[[136.069267, 35.822701], [136.069598, 35.822629], [136.069564, 35.822903], [136.069267, 35.822701]]], [[[136.069869, 35.822679], [136.069943, 35.822671], [136.069947, 35.822708], [136.069869, 35.822679]]], [[[136.070845, 35.822194], [136.070963, 35.822168], [136.070919, 35.822217], [136.070845, 35.822194]]], [[[136.070694, 35.821949], [136.070798, 35.821914], [136.070753, 35.821991], [136.070694, 35.821949]]], [[[136.071513, 35.821399], [136.071564, 35.821265], [136.071699, 35.821305], [136.071648, 35.82143], [136.071513, 35.821399]]], [[[136.071318, 35.821186], [136.071445, 35.821112], [136.071438, 35.82121], [136.071318, 35.821186]]], [[[136.07065, 35.821087], [136.070791, 35.821041], [136.070919, 35.82113], [136.07065, 35.821087]]], [[[136.071852, 35.820871], [136.072007, 35.820844], [136.071936, 35.820913], [136.071852, 35.820871]]], [[[136.072441, 35.819773], [136.072581, 35.819763], [136.07252, 35.819819], [136.072441, 35.819773]]], [[[136.072125, 35.819734], [136.07229, 35.819739], [136.072208, 35.819787], [136.072125, 35.819734]]], [[[136.07289, 35.818821], [136.073011, 35.818773], [136.072929, 35.818842], [136.07289, 35.818821]]], [[[136.072707, 35.818653], [136.072797, 35.818625], [136.07285, 35.818717], [136.072707, 35.818653]]], [[[136.073012, 35.818231], [136.0731, 35.818201], [136.073063, 35.818276], [136.073012, 35.818231]]], [[[136.072859, 35.817791], [136.072991, 35.817816], [136.07287, 35.817833], [136.072859, 35.817791]]], [[[136.073142, 35.817676], [136.073285, 35.817669], [136.073345, 35.817788], [136.073142, 35.817676]]], [[[136.0726, 35.817677], [136.072698, 35.817673], [136.072654, 35.817722], [136.0726, 35.817677]]], [[[136.072925, 35.817307], [136.073071, 35.817305], [136.07298, 35.817359], [136.072925, 35.817307]]], [[[136.073142, 35.817154], [136.073197, 35.817121], [136.073271, 35.817171], [136.073142, 35.817154]]], [[[136.072915, 35.816786], [136.073019, 35.816759], [136.072962, 35.816826], [136.072915, 35.816786]]], [[[136.073303, 35.816766], [136.073477, 35.81673], [136.073464, 35.816791], [136.073303, 35.816766]]], [[[136.073381, 35.816369], [136.073466, 35.816341], [136.073495, 35.816438], [136.073381, 35.816369]]], [[[136.074291, 35.816404], [136.074347, 35.816344], [136.074398, 35.816398], [136.074291, 35.816404]]], [[[136.074984, 35.815688], [136.075023, 35.815653], [136.075092, 35.815702], [136.074984, 35.815688]]], [[[136.075425, 35.814846], [136.075489, 35.814815], [136.075479, 35.814864], [136.075425, 35.814846]]], [[[136.074296, 35.814595], [136.074401, 35.814597], [136.074409, 35.814731], [136.074296, 35.814595]]], [[[136.075546, 35.814605], [136.075669, 35.814567], [136.075609, 35.814628], [136.075546, 35.814605]]], [[[136.075714, 35.812319], [136.075864, 35.812296], [136.075801, 35.812338], [136.075714, 35.812319]]], [[[136.075616, 35.811917], [136.075735, 35.81192], [136.075755, 35.811977], [136.075616, 35.811917]]], [[[136.075174, 35.811795], [136.075263, 35.811785], [136.075292, 35.811827], [136.075174, 35.811795]]], [[[136.076561, 35.81086], [136.076699, 35.810837], [136.076593, 35.810906], [136.076561, 35.81086]]], [[[136.078542, 35.807916], [136.078678, 35.807843], [136.078656, 35.807919], [136.078542, 35.807916]]], [[[136.078538, 35.807677], [136.078613, 35.807662], [136.078641, 35.807752], [136.078538, 35.807677]]], [[[136.082414, 35.802333], [136.082468, 35.802295], [136.082512, 35.802354], [136.082414, 35.802333]]], [[[136.082493, 35.802174], [136.082571, 35.802152], [136.082568, 35.802208], [136.082493, 35.802174]]], [[[136.082674, 35.801822], [136.082747, 35.801787], [136.082765, 35.801848], [136.082674, 35.801822]]], [[[136.08353, 35.800988], [136.083591, 35.800955], [136.083622, 35.801017], [136.08353, 35.800988]]], [[[136.083818, 35.800803], [136.083934, 35.800718], [136.083883, 35.800854], [136.083818, 35.800803]]], [[[136.084506, 35.800418], [136.084577, 35.800354], [136.084548, 35.800442], [136.084506, 35.800418]]], [[[136.084784, 35.800161], [136.084903, 35.800096], [136.084857, 35.800191], [136.084784, 35.800161]]], [[[136.085801, 35.799473], [136.085823, 35.799445], [136.085882, 35.799485], [136.085801, 35.799473]]], [[[136.085617, 35.799009], [136.08567, 35.798982], [136.085689, 35.799048], [136.085617, 35.799009]]], [[[136.086231, 35.798922], [136.086258, 35.798872], [136.086341, 35.79889], [136.086231, 35.798922]]], [[[136.087094, 35.79734], [136.087169, 35.797285], [136.08717, 35.797361], [136.087094, 35.79734]]], [[[136.088239, 35.79579], [136.0883, 35.795784], [136.088269, 35.795822], [136.088239, 35.79579]]], [[[136.088358, 35.795418], [136.088399, 35.795396], [136.088417, 35.795435], [136.088358, 35.795418]]], [[[136.089193, 35.793306], [136.089283, 35.793301], [136.089231, 35.793361], [136.089193, 35.793306]]], [[[136.089136, 35.79297], [136.089236, 35.792938], [136.089208, 35.793011], [136.089136, 35.79297]]], [[[136.089625, 35.791657], [136.089727, 35.791603], [136.089687, 35.791674], [136.089625, 35.791657]]], [[[136.089455, 35.791382], [136.08953, 35.791374], [136.089551, 35.791435], [136.089455, 35.791382]]], [[[136.089678, 35.791253], [136.089816, 35.791223], [136.089819, 35.791306], [136.089678, 35.791253]]], [[[136.089916, 35.791233], [136.089981, 35.791207], [136.089967, 35.791249], [136.089916, 35.791233]]], [[[136.089778, 35.791092], [136.089857, 35.791099], [136.08982, 35.791136], [136.089778, 35.791092]]]]}}, {"type": "Feature", "properties": {"pref_code": "18", "pref_name": "福井県", "municipality_code": "18423", "municipality_name": "越前町", "ward_name": "", "display_name": "越前町", "geometry_key": "18423"}, "geometry": {"type": "MultiPolygon", "coordinates": [[[[136.155224, 35.992287], [136.141179, 35.992206], [136.139734, 35.992542], [136.139159, 35.992555], [136.138377, 35.99284], [136.137538, 35.992886], [136.136253, 35.993702], [136.135941, 35.996228], [136.135063, 35.996746], [136.133961, 35.997854], [136.132516, 35.999551], [136.132021, 36.000412], [136.130975, 36.001552], [136.130951, 36.002077], [136.129314, 36.002491], [136.128667, 36.003354], [136.128091, 36.003876], [136.127034, 36.003465], [136.126368, 36.002965], [136.124481, 36.002977], [136.122816, 36.002592], [136.122377, 36.002349], [136.122109, 36.001711], [136.121494, 36.001169], [136.120841, 36.00105], [136.119986, 36.001512], [136.119048, 36.001691], [136.117549, 36.002549], [136.116381, 36.002341], [136.115903, 36.002557], [136.114993, 36.002743], [136.113641, 36.002661], [136.112593, 36.002855], [136.110092, 36.002266], [136.109457, 36.002355], [136.109071, 36.002959], [136.107696, 36.00377], [136.105574, 36.003368], [136.104274, 36.003602], [136.102409, 36.004222], [136.101051, 36.004827], [136.10071, 36.004819], [136.099898, 36.004512], [136.099331, 36.004124], [136.099035, 36.00411], [136.098082, 36.004688], [136.097036, 36.00488], [136.096861, 36.005017], [136.096541, 36.005997], [136.096878, 36.006591], [136.097356, 36.008001], [136.097352, 36.009281], [136.097146, 36.009477], [136.09671, 36.009602], [136.094904, 36.0096], [136.09328, 36.009909], [136.092379, 36.010945], [136.092345, 36.011905], [136.092541, 36.012541], [136.092437, 36.012681], [136.091436, 36.012951], [136.091079, 36.013395], [136.089686, 36.013557], [136.088981, 36.014204], [136.088496, 36.014255], [136.088224, 36.014408], [136.086786, 36.015739], [136.083966, 36.015198], [136.081933, 36.014232], [136.081286, 36.014191], [136.080561, 36.014628], [136.080409, 36.015346], [136.080629, 36.015912], [136.080784, 36.01702], [136.0813, 36.018167], [136.081623, 36.018581], [136.081744, 36.019099], [136.078813, 36.020721], [136.078156, 36.020841], [136.07644, 36.020824], [136.075484, 36.021056], [136.075284, 36.021212], [136.074992, 36.021963], [136.074459, 36.022446], [136.074191, 36.022593], [136.073479, 36.022655], [136.072006, 36.023749], [136.071814, 36.024123], [136.071941, 36.024491], [136.072701, 36.024988], [136.072554, 36.025436], [136.072694, 36.0259], [136.072448, 36.026136], [136.072052, 36.027186], [136.072629, 36.027952], [136.072538, 36.028078], [136.072147, 36.028119], [136.070461, 36.028025], [136.069513, 36.027329], [136.068835, 36.027084], [136.068404, 36.02671], [136.068183, 36.026641], [136.067401, 36.02673], [136.066563, 36.026425], [136.066221, 36.026474], [136.065639, 36.026828], [136.065168, 36.026807], [136.064134, 36.027043], [136.063602, 36.027772], [136.062323, 36.028017], [136.061129, 36.027801], [136.060261, 36.028057], [136.059016, 36.028021], [136.05869, 36.027874], [136.05867, 36.027271], [136.057707, 36.027101], [136.05716, 36.026828], [136.057014, 36.025696], [136.05721, 36.024963], [136.056839, 36.023859], [136.05713, 36.022825], [136.056478, 36.021066], [136.056864, 36.020501], [136.056097, 36.020179], [136.055981, 36.01934], [136.05569, 36.018681], [136.056478, 36.017911], [136.055565, 36.016694], [136.055796, 36.015843], [136.055389, 36.015639], [136.055058, 36.015069], [136.055364, 36.014231], [136.056132, 36.013225], [136.056112, 36.012089], [136.055199, 36.011495], [136.054089, 36.011295], [136.053653, 36.010847], [136.053397, 36.010868], [136.052715, 36.011242], [136.052354, 36.011649], [136.052052, 36.011662], [136.051114, 36.010737], [136.050843, 36.009976], [136.050417, 36.00985], [136.049734, 36.009878], [136.049338, 36.009667], [136.048282, 36.007894], [136.048211, 36.007489], [136.048548, 36.006769], [136.047539, 36.005478], [136.047655, 36.00479], [136.047554, 36.004293], [136.046734, 36.003795], [136.046317, 36.003341], [136.043884, 36.001897], [136.042977, 36.001514], [136.042165, 36.001616], [136.03947, 36.000681], [136.039004, 36.000415], [136.038468, 35.999756], [136.036806, 35.999383], [136.036182, 35.998882], [136.035433, 35.998662], [136.03464, 35.998177], [136.032719, 35.996838], [136.032612, 35.996915], [136.032687, 35.997569], [136.03309, 35.998969], [136.033027, 35.999286], [136.032517, 35.999715], [136.031887, 35.99996], [136.031277, 35.999981], [136.030672, 35.999766], [136.03013, 35.999224], [136.029589, 35.998346], [136.028959, 35.997926], [136.029167, 35.997446], [136.029148, 35.997022], [136.029664, 35.99644], [136.028265, 35.994955], [136.028317, 35.996179], [136.027139, 35.997395], [136.026692, 35.999066], [136.026503, 35.999244], [136.025508, 35.999628], [136.025181, 36.000844], [136.024671, 36.001406], [136.02424, 36.003249], [136.023461, 36.004001], [136.022819, 36.00534], [136.021836, 36.005962], [136.020936, 36.006229], [136.020374, 36.006566], [136.019748, 36.007065], [136.018674, 36.008492], [136.017838, 36.008711], [136.017569, 36.008886], [136.017288, 36.009412], [136.016678, 36.010094], [136.016489, 36.011084], [136.016106, 36.011635], [136.015604, 36.011929], [136.013808, 36.012345], [136.013522, 36.012568], [136.013252, 36.013216], [136.01268, 36.013798], [136.013074, 36.014411], [136.0121, 36.014414], [136.011729, 36.014237], [136.011182, 36.013279], [136.010045, 36.012312], [136.010329, 36.011425], [136.00893, 36.011381], [136.008394, 36.011239], [136.0067, 36.010298], [136.005989, 36.010209], [136.005705, 36.009997], [136.005629, 36.009385], [136.005792, 36.008852], [136.005454, 36.007957], [136.006077, 36.007229], [136.004732, 36.006662], [136.004131, 36.005979], [136.00353, 36.005571], [136.003519, 36.004276], [136.003267, 36.003628], [136.003802, 36.002703], [136.003854, 36.000411], [136.004671, 35.99945], [136.003509, 35.997285], [136.002482, 35.996871], [136.003734, 35.993928], [136.004124, 35.992298], [136.004034, 35.991015], [136.004619, 35.990085], [136.005579, 35.989197], [136.00749, 35.988406], [136.007955, 35.988023], [136.008794, 35.987756], [136.008194, 35.987281], [136.007865, 35.98671], [136.007175, 35.986308], [136.006259, 35.986352], [136.004987, 35.986053], [136.003384, 35.98647], [136.002392, 35.986444], [136.000747, 35.984663], [136.000041, 35.984571], [135.999164, 35.984718], [135.998769, 35.9846], [135.997669, 35.983905], [135.996338, 35.982732], [135.994189, 35.982822], [135.992873, 35.982619], [135.991965, 35.982815], [135.990723, 35.982845], [135.989722, 35.983656], [135.98975, 35.984371], [135.989657, 35.984416], [135.986804, 35.984017], [135.985747, 35.984641], [135.984061, 35.984882], [135.984552, 35.985416], [135.984959, 35.985634], [135.984394, 35.986002], [135.984311, 35.986318], [135.984431, 35.986589], [135.984802, 35.986942], [135.985932, 35.987182], [135.985562, 35.987573], [135.985562, 35.987784], [135.984802, 35.988115], [135.983931, 35.988002], [135.983699, 35.988227], [135.982587, 35.987987], [135.982439, 35.988069], [135.982485, 35.988926], [135.980975, 35.989002], [135.980094, 35.98919], [135.979372, 35.989069], [135.978556, 35.9894], [135.977741, 35.989986], [135.977259, 35.989926], [135.97649, 35.990069], [135.975656, 35.989918], [135.973728, 35.991039], [135.972941, 35.991219], [135.971616, 35.991226], [135.970856, 35.991685], [135.969836, 35.991866], [135.969355, 35.992272], [135.968132, 35.993843], [135.966797, 35.994564], [135.966519, 35.99573], [135.966334, 35.996008], [135.964212, 35.99763], [135.963804, 35.997275], [135.963838, 35.997072], [135.964136, 35.996903], [135.964025, 35.996824], [135.964102, 35.996655], [135.963734, 35.996261], [135.963714, 35.995681], [135.964157, 35.995568], [135.96424, 35.995033], [135.963984, 35.994796], [135.963797, 35.994807], [135.963735, 35.994604], [135.963547, 35.994779], [135.963367, 35.994666], [135.963354, 35.994447], [135.963665, 35.994154], [135.964601, 35.993855], [135.964628, 35.993438], [135.964781, 35.993241], [135.964573, 35.99314], [135.964725, 35.992993], [135.964933, 35.992987], [135.965023, 35.992784], [135.964864, 35.992593], [135.965272, 35.992339], [135.965293, 35.991962], [135.964954, 35.991697], [135.964324, 35.991669], [135.963714, 35.991472], [135.963652, 35.991776], [135.963257, 35.991827], [135.963194, 35.991646], [135.962959, 35.991781], [135.962827, 35.991291], [135.962986, 35.990959], [135.962813, 35.990807], [135.962245, 35.99137], [135.962058, 35.991179], [135.962231, 35.990688], [135.961698, 35.990964], [135.961082, 35.990722], [135.960805, 35.990452], [135.960853, 35.990232], [135.961096, 35.990119], [135.960819, 35.989962], [135.96068, 35.98955], [135.961158, 35.989533], [135.961463, 35.989195], [135.961996, 35.988953], [135.961844, 35.988479], [135.961622, 35.988395], [135.961795, 35.98826], [135.961484, 35.988153], [135.961816, 35.988108], [135.962121, 35.987899], [135.962294, 35.987477], [135.962724, 35.98755], [135.962959, 35.986913], [135.962675, 35.986558], [135.962114, 35.986603], [135.961781, 35.986079], [135.961587, 35.986152], [135.961186, 35.986017], [135.960985, 35.985583], [135.960292, 35.985414], [135.960624, 35.985009], [135.960147, 35.984693], [135.960098, 35.984423], [135.959863, 35.984467], [135.959925, 35.984563], [135.959766, 35.984665], [135.959343, 35.984586], [135.959198, 35.984394], [135.959399, 35.984287], [135.959094, 35.984169], [135.959212, 35.98382], [135.958651, 35.983606], [135.958734, 35.9832], [135.95838, 35.98351], [135.958096, 35.983329], [135.957999, 35.982941], [135.95854, 35.982856], [135.958595, 35.982721], [135.958318, 35.98258], [135.957702, 35.982529], [135.958083, 35.982231], [135.957716, 35.981729], [135.958124, 35.981352], [135.958457, 35.981318], [135.958671, 35.980946], [135.958927, 35.980974], [135.959094, 35.980557], [135.959496, 35.980377], [135.959322, 35.980118], [135.959787, 35.979982], [135.959641, 35.979763], [135.959032, 35.979746], [135.959101, 35.979543], [135.96014, 35.979363], [135.960237, 35.979199], [135.959925, 35.979031], [135.9605, 35.978912], [135.960514, 35.978822], [135.960084, 35.97863], [135.960556, 35.978597], [135.96041, 35.978416], [135.960701, 35.978196], [135.960334, 35.978078], [135.960659, 35.977954], [135.960576, 35.977774], [135.960257, 35.977858], [135.95996, 35.977796], [135.960064, 35.977627], [135.960459, 35.97756], [135.960396, 35.977171], [135.96023, 35.977052], [135.959212, 35.977114], [135.958498, 35.97694], [135.958664, 35.976697], [135.959295, 35.976456], [135.959364, 35.976309], [135.959212, 35.976224], [135.958581, 35.976405], [135.958471, 35.976247], [135.958588, 35.976061], [135.958976, 35.976112], [135.959253, 35.975644], [135.959731, 35.975689], [135.959856, 35.975002], [135.960916, 35.973689], [135.961519, 35.973199], [135.961519, 35.972917], [135.961685, 35.972714], [135.961408, 35.97268], [135.961678, 35.972432], [135.961574, 35.972381], [135.961678, 35.972212], [135.961955, 35.972055], [135.961955, 35.971638], [135.962253, 35.971531], [135.962814, 35.971582], [135.96316, 35.9713], [135.963042, 35.971153], [135.96325, 35.970917], [135.963521, 35.97086], [135.963638, 35.971057], [135.964005, 35.970674], [135.964165, 35.970714], [135.964573, 35.970483], [135.965398, 35.970297], [135.966991, 35.969666], [135.967725, 35.968629], [135.968272, 35.968167], [135.968522, 35.968111], [135.96785, 35.967192], [135.967615, 35.967057], [135.967455, 35.966544], [135.968619, 35.96522], [135.968217, 35.965209], [135.968176, 35.964809], [135.968972, 35.964939], [135.968924, 35.964578], [135.969242, 35.964071], [135.970129, 35.963192], [135.97015, 35.963034], [135.969845, 35.962876], [135.969783, 35.962713], [135.970267, 35.962482], [135.969589, 35.962595], [135.969665, 35.962448], [135.96952, 35.962313], [135.970455, 35.96202], [135.970538, 35.961857], [135.971293, 35.962026], [135.971764, 35.961817], [135.971875, 35.961687], [135.971757, 35.961203], [135.971986, 35.960921], [135.972713, 35.96042], [135.973239, 35.960392], [135.973745, 35.960127], [135.973655, 35.959671], [135.973378, 35.959377], [135.973614, 35.958916], [135.974202, 35.958341], [135.974438, 35.958273], [135.974639, 35.958454], [135.975747, 35.957924], [135.976218, 35.957417], [135.977597, 35.956887], [135.977714, 35.956622], [135.977915, 35.9566], [135.977797, 35.956476], [135.978331, 35.956521], [135.978608, 35.95633], [135.978248, 35.955974], [135.977908, 35.955834], [135.977957, 35.955727], [135.978414, 35.955761], [135.978982, 35.956031], [135.979155, 35.955952], [135.979315, 35.956166], [135.979675, 35.956031], [135.979606, 35.955732], [135.979959, 35.955552], [135.98025, 35.955535], [135.980416, 35.955682], [135.981261, 35.955586], [135.981656, 35.95509], [135.98194, 35.955192], [135.981781, 35.954341], [135.981476, 35.95411], [135.981746, 35.953788], [135.982259, 35.953929], [135.98275, 35.953636], [135.982563, 35.953315], [135.984517, 35.949968], [135.985057, 35.949292], [135.984898, 35.948802], [135.98505, 35.948768], [135.985265, 35.94927], [135.983755, 35.951659], [135.984891, 35.952092], [135.985237, 35.951473], [135.985577, 35.951541], [135.985639, 35.950498], [135.98584, 35.950402], [135.986047, 35.95003], [135.98539, 35.949811], [135.985445, 35.949687], [135.986117, 35.949884], [135.986708, 35.948995], [135.986567, 35.948841], [135.986941, 35.947839], [135.986554, 35.947422], [135.98645, 35.946943], [135.986664, 35.946768], [135.986623, 35.947112], [135.986872, 35.947343], [135.986965, 35.947289], [135.987046, 35.946939], [135.986936, 35.946935], [135.987253, 35.94603], [135.986616, 35.945754], [135.986699, 35.945647], [135.986457, 35.945433], [135.986713, 35.945405], [135.986706, 35.94523], [135.986879, 35.945134], [135.986768, 35.94483], [135.98602, 35.944576], [135.985854, 35.944345], [135.985708, 35.944458], [135.985535, 35.944351], [135.985681, 35.944058], [135.986616, 35.943911], [135.986491, 35.943714], [135.986844, 35.943494], [135.987059, 35.943522], [135.987295, 35.94332], [135.986949, 35.943202], [135.986741, 35.942914], [135.987205, 35.942846], [135.987322, 35.942931], [135.989103, 35.94137], [135.988923, 35.941167], [135.989061, 35.941044], [135.990121, 35.94097], [135.990391, 35.941089], [135.99116, 35.94035], [135.991312, 35.939697], [135.991624, 35.939291], [135.992546, 35.937088], [135.991971, 35.936136], [135.992179, 35.936057], [135.992788, 35.937021], [135.991894, 35.939269], [135.991527, 35.939736], [135.991368, 35.940429], [135.990454, 35.941331], [135.989511, 35.941286], [135.988376, 35.942289], [135.989061, 35.942458], [135.989823, 35.942007], [135.989837, 35.942182], [135.990093, 35.942283], [135.991368, 35.941201], [135.991527, 35.941314], [135.992816, 35.941015], [135.992601, 35.940807], [135.992081, 35.940959], [135.991915, 35.940801], [135.992545, 35.940384], [135.992622, 35.939489], [135.993245, 35.938283], [135.993647, 35.93839], [135.993474, 35.939043], [135.993979, 35.939218], [135.994624, 35.938903], [135.994194, 35.9387], [135.994346, 35.93848], [135.995012, 35.93879], [135.995074, 35.938655], [135.99488, 35.938553], [135.995012, 35.938249], [135.994644, 35.937545], [135.994838, 35.937488], [135.995593, 35.936187], [135.994603, 35.935776], [135.995025, 35.935111], [135.996723, 35.935826], [135.997367, 35.934812], [135.996662, 35.93452], [135.997046, 35.931991], [135.997846, 35.932043], [135.998207, 35.931522], [135.998136, 35.930157], [135.997987, 35.929681], [135.997988, 35.93059], [135.99721, 35.931187], [135.997375, 35.92881], [135.996059, 35.928729], [135.99595, 35.932311], [135.995638, 35.932311], [135.995733, 35.929502], [135.995502, 35.929502], [135.995462, 35.927792], [135.997594, 35.927476], [135.998025, 35.927532], [135.998108, 35.927154], [135.997803, 35.926326], [135.997769, 35.924816], [135.997302, 35.924079], [135.997436, 35.923312], [135.997075, 35.921457], [135.99704, 35.919844], [135.996595, 35.919844], [135.996001, 35.918086], [135.996287, 35.917626], [135.99655, 35.917615], [135.996526, 35.917284], [135.996726, 35.916792], [135.996122, 35.916103], [135.995487, 35.915935], [135.995369, 35.915577], [135.99548, 35.915056], [135.995076, 35.914692], [135.99528, 35.914423], [135.995197, 35.914151], [135.995038, 35.914087], [135.995018, 35.913152], [135.995194, 35.912194], [135.996167, 35.911394], [135.996353, 35.911032], [135.996267, 35.91075], [135.996074, 35.910834], [135.995759, 35.910767], [135.995549, 35.910219], [135.995666, 35.910114], [135.996429, 35.910033], [135.996856, 35.909321], [135.996865, 35.908925], [135.996698, 35.908974], [135.996636, 35.908835], [135.996844, 35.908201], [135.996604, 35.907968], [135.996859, 35.907882], [135.997057, 35.906583], [135.996731, 35.906321], [135.997109, 35.906099], [135.997032, 35.905987], [135.997257, 35.905277], [135.997554, 35.904815], [135.997721, 35.904043], [135.99752, 35.903097], [135.997859, 35.902967], [135.99752, 35.901936], [135.99761, 35.901886], [135.996989, 35.900752], [135.997177, 35.900657], [135.996728, 35.900414], [135.99675, 35.900202], [135.99657, 35.900183], [135.995831, 35.899273], [135.995527, 35.899184], [135.995134, 35.898474], [135.994662, 35.896897], [135.995162, 35.896735], [135.994927, 35.895722], [135.995179, 35.89568], [135.995217, 35.895444], [135.994952, 35.894966], [135.994653, 35.89506], [135.994538, 35.894834], [135.993761, 35.894944], [135.993155, 35.894879], [135.992494, 35.894614], [135.992955, 35.894633], [135.993179, 35.894361], [135.993567, 35.894286], [135.993973, 35.894033], [135.995215, 35.893776], [135.995466, 35.893209], [135.995306, 35.893159], [135.995113, 35.892614], [135.994899, 35.892532], [135.994981, 35.891687], [135.995408, 35.891676], [135.995999, 35.891004], [135.995846, 35.890889], [135.996209, 35.890376], [135.995982, 35.89014], [135.995717, 35.890302], [135.995893, 35.890079], [135.995741, 35.89001], [135.99552, 35.890156], [135.995595, 35.889944], [135.995147, 35.889666], [135.995021, 35.889135], [135.994831, 35.889245], [135.994631, 35.889052], [135.994835, 35.888879], [135.994634, 35.888618], [135.994628, 35.888274], [135.994092, 35.887982], [135.993427, 35.888042], [135.993251, 35.887607], [135.993763, 35.887445], [135.993793, 35.887786], [135.994553, 35.887767], [135.994556, 35.887602], [135.994943, 35.88758], [135.995734, 35.887206], [135.99627, 35.887164], [135.996365, 35.887313], [135.996908, 35.887082], [135.997403, 35.886578], [135.997603, 35.886082], [135.997652, 35.885609], [135.997292, 35.885338], [135.997603, 35.885051], [135.997472, 35.884944], [135.997548, 35.884487], [135.998192, 35.883913], [135.999451, 35.883395], [135.999907, 35.882578], [135.999697, 35.882122], [135.998655, 35.881941], [135.99869, 35.8818], [135.999022, 35.881682], [135.999216, 35.881767], [135.999354, 35.881665], [135.999921, 35.881704], [136.000226, 35.881997], [136.000599, 35.881778], [136.001036, 35.881699], [136.00152, 35.881304], [136.001381, 35.881158], [136.001485, 35.881017], [136.001824, 35.88104], [136.002129, 35.880724], [136.002157, 35.880471], [136.002599, 35.880031], [136.002399, 35.87984], [136.002731, 35.87989], [136.003001, 35.879637], [136.003056, 35.879321], [136.003326, 35.879164], [136.00334, 35.878921], [136.003464, 35.878961], [136.003949, 35.878566], [136.003887, 35.878426], [136.004156, 35.878352], [136.003866, 35.878257], [136.004343, 35.878014], [136.004571, 35.878138], [136.005035, 35.877777], [136.005312, 35.877794], [136.005277, 35.877687], [136.005568, 35.877558], [136.005935, 35.877141], [136.005949, 35.876887], [136.006191, 35.876747], [136.006433, 35.876268], [136.008419, 35.875028], [136.009035, 35.874465], [136.009049, 35.874324], [136.009471, 35.874167], [136.009844, 35.873795], [136.009831, 35.873637], [136.01017, 35.873468], [136.010329, 35.873062], [136.010799, 35.872527], [136.011228, 35.872358], [136.013248, 35.873067], [136.014568, 35.874427], [136.016531, 35.875909], [136.017367, 35.87623], [136.017602, 35.877069], [136.019059, 35.877456], [136.019616, 35.878229], [136.019682, 35.878947], [136.019005, 35.880219], [136.019455, 35.88071], [136.01923, 35.88167], [136.019246, 35.883112], [136.020039, 35.883851], [136.01983, 35.884351], [136.019096, 35.885098], [136.019117, 35.88532], [136.019514, 35.885567], [136.01961, 35.886289], [136.01923, 35.887262], [136.018727, 35.887905], [136.018973, 35.888136], [136.019728, 35.888248], [136.020563, 35.888783], [136.020338, 35.890008], [136.020392, 35.891242], [136.020654, 35.891985], [136.020659, 35.892728], [136.020087, 35.893241], [136.020006, 35.894105], [136.02022, 35.894609], [136.021307, 35.894905], [136.022084, 35.895496], [136.023053, 35.895974], [136.023042, 35.896626], [136.023664, 35.89739], [136.024001, 35.898581], [136.024279, 35.898907], [136.024028, 35.899932], [136.024146, 35.90054], [136.024713, 35.90117], [136.024813, 35.901847], [136.025681, 35.902718], [136.027571, 35.900507], [136.027718, 35.900169], [136.028047, 35.900085], [136.028472, 35.900169], [136.029578, 35.900686], [136.03231, 35.901517], [136.035606, 35.903229], [136.036602, 35.903396], [136.037122, 35.903776], [136.037854, 35.903556], [136.038923, 35.903544], [136.040007, 35.90383], [136.041172, 35.903324], [136.041524, 35.903842], [136.042139, 35.903925], [136.042834, 35.905202], [136.043267, 35.905583], [136.043713, 35.906361], [136.043706, 35.90714], [136.044028, 35.908489], [136.043837, 35.908792], [136.043406, 35.908905], [136.043303, 35.909184], [136.043493, 35.909998], [136.043837, 35.910414], [136.044072, 35.911109], [136.043984, 35.912738], [136.045134, 35.914081], [136.046057, 35.914651], [136.046577, 35.915703], [136.047258, 35.916381], [136.047756, 35.91666], [136.047968, 35.917123], [136.050078, 35.91745], [136.050356, 35.917795], [136.051132, 35.917973], [136.052114, 35.917563], [136.053139, 35.917527], [136.054369, 35.917658], [136.055827, 35.918271], [136.05606, 35.918725], [136.056632, 35.919227], [136.058288, 35.918931], [136.058383, 35.918259], [136.059335, 35.918158], [136.05987, 35.917682], [136.061664, 35.917082], [136.063166, 35.917409], [136.064594, 35.918283], [136.065495, 35.917712], [136.06641, 35.91735], [136.066586, 35.917356], [136.067172, 35.917778], [136.067465, 35.917796], [136.068446, 35.917517], [136.069098, 35.917481], [136.069874, 35.917814], [136.070365, 35.918259], [136.070907, 35.918265], [136.071691, 35.918491], [136.07235, 35.918854], [136.073551, 35.918996], [136.073112, 35.919686], [136.073297, 35.920303], [136.073165, 35.920618], [136.07332, 35.920832], [136.07325, 35.921185], [136.07346, 35.921418], [136.073421, 35.921789], [136.074042, 35.92223], [136.074142, 35.923187], [136.075297, 35.923168], [136.07675, 35.923782], [136.077014, 35.924279], [136.077037, 35.924732], [136.078007, 35.925129], [136.078348, 35.925626], [136.078643, 35.925519], [136.079047, 35.925035], [136.079311, 35.924972], [136.080761, 35.925632], [136.081064, 35.925501], [136.081437, 35.924877], [136.081964, 35.924386], [136.084168, 35.923436], [136.084758, 35.923335], [136.085495, 35.92302], [136.085115, 35.921906], [136.085332, 35.920936], [136.085495, 35.920924], [136.087831, 35.922926], [136.088002, 35.922989], [136.088281, 35.922837], [136.088421, 35.922649], [136.088359, 35.921364], [136.088894, 35.920364], [136.088904, 35.919693], [136.089625, 35.919207], [136.089666, 35.918169], [136.090081, 35.917832], [136.091519, 35.917401], [136.092102, 35.917355], [136.092758, 35.917467], [136.093054, 35.917068], [136.093336, 35.916288], [136.092824, 35.915491], [136.093049, 35.914697], [136.092758, 35.913892], [136.092799, 35.913057], [136.092589, 35.912052], [136.093756, 35.910694], [136.094596, 35.91062], [136.095788, 35.910213], [136.098234, 35.910636], [136.100338, 35.910346], [136.101571, 35.910848], [136.102943, 35.912073], [136.103926, 35.912094], [136.104207, 35.91209], [136.104821, 35.911554], [136.105661, 35.911392], [136.106485, 35.910716], [136.107636, 35.91128], [136.108563, 35.912422], [136.109596, 35.912551], [136.1104, 35.913049], [136.111117, 35.912854], [136.112662, 35.91138], [136.113512, 35.911089], [136.11408, 35.911011], [136.114858, 35.911089], [136.11538, 35.910799], [136.116614, 35.911002], [136.116644, 35.911978], [136.117028, 35.913664], [136.116874, 35.914528], [136.117038, 35.914777], [136.118651, 35.915026], [136.119956, 35.915666], [136.121251, 35.915969], [136.122112, 35.915645], [136.123354, 35.915484], [136.124006, 35.915872], [136.12481, 35.915749], [136.12587, 35.916137], [136.125998, 35.91642], [136.125952, 35.917101], [136.126103, 35.917318], [136.127932, 35.918887], [136.128142, 35.919284], [136.128176, 35.920267], [136.128376, 35.921051], [136.12891, 35.921219], [136.12915, 35.921478], [136.12927, 35.923544], [136.128727, 35.924561], [136.129677, 35.924846], [136.13121, 35.924717], [136.132967, 35.925047], [136.132967, 35.925812], [136.132152, 35.926317], [136.132496, 35.927191], [136.132743, 35.928999], [136.132998, 35.929782], [136.132799, 35.930307], [136.133254, 35.930825], [136.133885, 35.931175], [136.134716, 35.932772], [136.133231, 35.93296], [136.132783, 35.933115], [136.13129, 35.934806], [136.130707, 35.9357], [136.129901, 35.936351], [136.129477, 35.937007], [136.129013, 35.937357], [136.128304, 35.937669], [136.127379, 35.938537], [136.12668, 35.940015], [136.12573, 35.940589], [136.124695, 35.940681], [136.124631, 35.941218], [136.124344, 35.941717], [136.12428, 35.942371], [136.124088, 35.942767], [136.124463, 35.94357], [136.124279, 35.944781], [136.124383, 35.945267], [136.124974, 35.946012], [136.125661, 35.946277], [136.126555, 35.946944], [136.126811, 35.947022], [136.127569, 35.946757], [136.128064, 35.947087], [136.128671, 35.948194], [136.129294, 35.948739], [136.129493, 35.951109], [136.130068, 35.95201], [136.130962, 35.952561], [136.131529, 35.953344], [136.131633, 35.953597], [136.131569, 35.954297], [136.132112, 35.955981], [136.132702, 35.956946], [136.133437, 35.95725], [136.134036, 35.957768], [136.134746, 35.958086], [136.135888, 35.958999], [136.136016, 35.959135], [136.1358, 35.959738], [136.136399, 35.960463], [136.136447, 35.960852], [136.137836, 35.961733], [136.1381, 35.962076], [136.138578, 35.963475], [136.138499, 35.964], [136.138786, 35.964188], [136.137524, 35.965969], [136.137508, 35.967238], [136.137772, 35.968948], [136.137979, 35.969396], [136.138235, 35.969616], [136.138906, 35.969875], [136.140263, 35.970173], [136.140702, 35.970374], [136.141851, 35.971883], [136.142458, 35.972472], [136.143948, 35.973611], [136.146578, 35.975931], [136.147472, 35.97724], [136.148215, 35.978788], [136.149037, 35.979921], [136.151552, 35.981346], [136.153309, 35.98204], [136.154027, 35.982493], [136.154346, 35.982843], [136.156231, 35.987467], [136.156126, 35.989618], [136.155735, 35.989799], [136.155671, 35.990654], [136.155304, 35.99149], [136.155224, 35.992287]]], [[[135.96309, 35.997687], [135.963229, 35.997585], [135.963506, 35.997625], [135.963762, 35.997799], [135.963527, 35.997985], [135.96309, 35.997687]]], [[[135.963305, 35.996543], [135.963534, 35.996323], [135.963596, 35.996616], [135.963367, 35.99665], [135.963305, 35.996543]]], [[[135.963333, 35.996081], [135.963444, 35.996086], [135.963374, 35.996126], [135.963333, 35.996081]]], [[[135.963388, 35.995726], [135.963471, 35.995686], [135.963457, 35.995799], [135.963388, 35.995726]]], [[[135.962903, 35.99572], [135.962959, 35.995692], [135.963, 35.995743], [135.962903, 35.99572]]], [[[135.963873, 35.995382], [135.964005, 35.995326], [135.96397, 35.99541], [135.963873, 35.995382]]], [[[135.963665, 35.995354], [135.963749, 35.995337], [135.963707, 35.995405], [135.963665, 35.995354]]], [[[135.962792, 35.995061], [135.962917, 35.99501], [135.962882, 35.995083], [135.962792, 35.995061]]], [[[135.963007, 35.994689], [135.963208, 35.994328], [135.963201, 35.994734], [135.963091, 35.994807], [135.963007, 35.994689]]], [[[135.962862, 35.994475], [135.962945, 35.994492], [135.962889, 35.994531], [135.962862, 35.994475]]], [[[135.963942, 35.993844], [135.963998, 35.993759], [135.964081, 35.993771], [135.963942, 35.993844]]], [[[135.96397, 35.993348], [135.964109, 35.993393], [135.964019, 35.993432], [135.96397, 35.993348]]], [[[135.962751, 35.993337], [135.962848, 35.99341], [135.962772, 35.993416], [135.962751, 35.993337]]], [[[135.962647, 35.993235], [135.962779, 35.993202], [135.962792, 35.993241], [135.962647, 35.993235]]], [[[135.964227, 35.99319], [135.964303, 35.993196], [135.964233, 35.993235], [135.964227, 35.99319]]], [[[135.96415, 35.993072], [135.964275, 35.993089], [135.964157, 35.993117], [135.96415, 35.993072]]], [[[135.963762, 35.991567], [135.963859, 35.991612], [135.963783, 35.991612], [135.963762, 35.991567]]], [[[135.962037, 35.991269], [135.962169, 35.991353], [135.962058, 35.991364], [135.962037, 35.991269]]], [[[135.961671, 35.991088], [135.96174, 35.991054], [135.961774, 35.991083], [135.961671, 35.991088]]], [[[135.960022, 35.990671], [135.96016, 35.990508], [135.960437, 35.990531], [135.960174, 35.990733], [135.960022, 35.990671]]], [[[135.960285, 35.990344], [135.960486, 35.990221], [135.960555, 35.990395], [135.960285, 35.990344]]], [[[135.960909, 35.989133], [135.961012, 35.989082], [135.961082, 35.989161], [135.960909, 35.989133]]], [[[135.961096, 35.989032], [135.961234, 35.989026], [135.961303, 35.989116], [135.961096, 35.989032]]], [[[135.961338, 35.988857], [135.961497, 35.988716], [135.961844, 35.988789], [135.961601, 35.988942], [135.961338, 35.988857]]], [[[135.960597, 35.988761], [135.960624, 35.988547], [135.960895, 35.988744], [135.960652, 35.988857], [135.960597, 35.988761]]], [[[135.959814, 35.988558], [135.960042, 35.98853], [135.960105, 35.988767], [135.959849, 35.988711], [135.959814, 35.988558]]], [[[135.960916, 35.988181], [135.961366, 35.988339], [135.961387, 35.988508], [135.961206, 35.988649], [135.960978, 35.988637], [135.961151, 35.988429], [135.960916, 35.988181]]], [[[135.960347, 35.98853], [135.9605, 35.988604], [135.960368, 35.988609], [135.960347, 35.98853]]], [[[135.96068, 35.988406], [135.960825, 35.988333], [135.960929, 35.988479], [135.96068, 35.988406]]], [[[135.960347, 35.988147], [135.960493, 35.988091], [135.9605, 35.988271], [135.960347, 35.988147]]], [[[135.96122, 35.987747], [135.961497, 35.987674], [135.961747, 35.987815], [135.96138, 35.987882], [135.96122, 35.987747]]], [[[135.961511, 35.987476], [135.961705, 35.987466], [135.96156, 35.987516], [135.961511, 35.987476]]], [[[135.961428, 35.986699], [135.961823, 35.986716], [135.961553, 35.986851], [135.961428, 35.986699]]], [[[135.962135, 35.98666], [135.962176, 35.986615], [135.962398, 35.986705], [135.962135, 35.98666]]], [[[135.96104, 35.986152], [135.961151, 35.986136], [135.961192, 35.98622], [135.96104, 35.986152]]], [[[135.960354, 35.986017], [135.960403, 35.985927], [135.960638, 35.985978], [135.960576, 35.986062], [135.960354, 35.986017]]], [[[135.960451, 35.985803], [135.960597, 35.985842], [135.960507, 35.985854], [135.960451, 35.985803]]], [[[135.959537, 35.985713], [135.959655, 35.985702], [135.959551, 35.985775], [135.959537, 35.985713]]], [[[135.95987, 35.9856], [135.960071, 35.985651], [135.959925, 35.985702], [135.95987, 35.9856]]], [[[135.959371, 35.985538], [135.959482, 35.985476], [135.959544, 35.985566], [135.959371, 35.985538]]], [[[135.959073, 35.985487], [135.959232, 35.985437], [135.959205, 35.98551], [135.959073, 35.985487]]], [[[135.957888, 35.984873], [135.958041, 35.984913], [135.957951, 35.984941], [135.957888, 35.984873]]], [[[135.958553, 35.984569], [135.958817, 35.984496], [135.958997, 35.984693], [135.958907, 35.984761], [135.958553, 35.984569]]], [[[135.957507, 35.984563], [135.957708, 35.984377], [135.958034, 35.984366], [135.957812, 35.984569], [135.957507, 35.984563]]], [[[135.957279, 35.984439], [135.957348, 35.984383], [135.957362, 35.984501], [135.957279, 35.984439]]], [[[135.957992, 35.984163], [135.958228, 35.984096], [135.958283, 35.98418], [135.95811, 35.984248], [135.957992, 35.984163]]], [[[135.957404, 35.98391], [135.95775, 35.98391], [135.957895, 35.984073], [135.957556, 35.984101], [135.957404, 35.98391]]], [[[135.95881, 35.983871], [135.95908, 35.983893], [135.958851, 35.984023], [135.95881, 35.983871]]], [[[135.957106, 35.983915], [135.9573, 35.983944], [135.957182, 35.984006], [135.957106, 35.983915]]], [[[135.958567, 35.983792], [135.958678, 35.983786], [135.958692, 35.983854], [135.958567, 35.983792]]], [[[135.957799, 35.983104], [135.957875, 35.98307], [135.957875, 35.983166], [135.957799, 35.983104]]], [[[135.957244, 35.982242], [135.957369, 35.982225], [135.957279, 35.982298], [135.957244, 35.982242]]], [[[135.957826, 35.981312], [135.957861, 35.981149], [135.958096, 35.981211], [135.958069, 35.981312], [135.957826, 35.981312]]], [[[135.958228, 35.980873], [135.958277, 35.980777], [135.95836, 35.980783], [135.958228, 35.980873]]], [[[135.958976, 35.98014], [135.959066, 35.980157], [135.959073, 35.980264], [135.958976, 35.98014]]], [[[135.958152, 35.979667], [135.958221, 35.979616], [135.958256, 35.979734], [135.958152, 35.979667]]], [[[135.958429, 35.979577], [135.958699, 35.979554], [135.958664, 35.979622], [135.958429, 35.979577]]], [[[135.958935, 35.978782], [135.959205, 35.978681], [135.959738, 35.978715], [135.959794, 35.978805], [135.959101, 35.978878], [135.958935, 35.978782]]], [[[135.959565, 35.978264], [135.959821, 35.978275], [135.95962, 35.978349], [135.959565, 35.978264]]], [[[135.959544, 35.97792], [135.959655, 35.977898], [135.959572, 35.97796], [135.959544, 35.97792]]], [[[135.958803, 35.977261], [135.959115, 35.977154], [135.958907, 35.977357], [135.958803, 35.977261]]], [[[135.957889, 35.977069], [135.957999, 35.9769], [135.958297, 35.976872], [135.958152, 35.977148], [135.95793, 35.977165], [135.957889, 35.977069]]], [[[135.958443, 35.977126], [135.958588, 35.97703], [135.958762, 35.977081], [135.958443, 35.977126]]], [[[135.959531, 35.975047], [135.959565, 35.974973], [135.959634, 35.975007], [135.959531, 35.975047]]], [[[135.959274, 35.974692], [135.959544, 35.974511], [135.959745, 35.974601], [135.959697, 35.974726], [135.95933, 35.974844], [135.959274, 35.974692]]], [[[135.960168, 35.974252], [135.960223, 35.97423], [135.960258, 35.974303], [135.960168, 35.974252]]], [[[135.96005, 35.974128], [135.96023, 35.974038], [135.960182, 35.974134], [135.96005, 35.974128]]], [[[135.960362, 35.97392], [135.960479, 35.973756], [135.960653, 35.973756], [135.960479, 35.973993], [135.960362, 35.97392]]], [[[135.960355, 35.973587], [135.960396, 35.973531], [135.960459, 35.973559], [135.960355, 35.973587]]], [[[135.960722, 35.973548], [135.960847, 35.973452], [135.960826, 35.973554], [135.960722, 35.973548]]], [[[135.960694, 35.973108], [135.961006, 35.973154], [135.960736, 35.973238], [135.960694, 35.973108]]], [[[135.960957, 35.972669], [135.961089, 35.972629], [135.961034, 35.972686], [135.960957, 35.972669]]], [[[135.960902, 35.972427], [135.961124, 35.972212], [135.961318, 35.972308], [135.961054, 35.972562], [135.960902, 35.972427]]], [[[135.961318, 35.9721], [135.961401, 35.971982], [135.961588, 35.972004], [135.961463, 35.972156], [135.961318, 35.9721]]], [[[135.961346, 35.971807], [135.961429, 35.971756], [135.961512, 35.971812], [135.961346, 35.971807]]], [[[135.962703, 35.971294], [135.962883, 35.971328], [135.962758, 35.971379], [135.962703, 35.971294]]], [[[135.96235, 35.971255], [135.962447, 35.97121], [135.962557, 35.971294], [135.96235, 35.971255]]], [[[135.96271, 35.971041], [135.962828, 35.971131], [135.962717, 35.971114], [135.96271, 35.971041]]], [[[135.964802, 35.970274], [135.964906, 35.970269], [135.964906, 35.970319], [135.964802, 35.970274]]], [[[135.965398, 35.969998], [135.965502, 35.96988], [135.965516, 35.970015], [135.965398, 35.969998]]], [[[135.966042, 35.969801], [135.966132, 35.96975], [135.966111, 35.969852], [135.966042, 35.969801]]], [[[135.967005, 35.968736], [135.967047, 35.968702], [135.967074, 35.96877], [135.967005, 35.968736]]], [[[135.966839, 35.968742], [135.966922, 35.968691], [135.966894, 35.968747], [135.966839, 35.968742]]], [[[135.966492, 35.968505], [135.966672, 35.968297], [135.966929, 35.968325], [135.966943, 35.968545], [135.966728, 35.968702], [135.966603, 35.968702], [135.966492, 35.968505]]], [[[135.967012, 35.968562], [135.967067, 35.968545], [135.967061, 35.968596], [135.967012, 35.968562]]], [[[135.968127, 35.968105], [135.968182, 35.968088], [135.96821, 35.968184], [135.968127, 35.968105]]], [[[135.967497, 35.967288], [135.967552, 35.967209], [135.967545, 35.967311], [135.967497, 35.967288]]], [[[135.969173, 35.963383], [135.969623, 35.963383], [135.969367, 35.96353], [135.969173, 35.963383]]], [[[135.968896, 35.963119], [135.969471, 35.962966], [135.969783, 35.963107], [135.969534, 35.963259], [135.969111, 35.963248], [135.968896, 35.963119]]], [[[135.971397, 35.961101], [135.971695, 35.961124], [135.971556, 35.961226], [135.971397, 35.961101]]], [[[135.971709, 35.960904], [135.971778, 35.960871], [135.97184, 35.960927], [135.971709, 35.960904]]], [[[135.971612, 35.960555], [135.971792, 35.960606], [135.971702, 35.960651], [135.971612, 35.960555]]], [[[135.972394, 35.960409], [135.972408, 35.960341], [135.972561, 35.960386], [135.972394, 35.960409]]], [[[135.973239, 35.959642], [135.973343, 35.959625], [135.973385, 35.959744], [135.973239, 35.959642]]], [[[135.973156, 35.958893], [135.973288, 35.958397], [135.973537, 35.958375], [135.973593, 35.958775], [135.973274, 35.958977], [135.973156, 35.958893]]], [[[135.972741, 35.958583], [135.972928, 35.958555], [135.972956, 35.958701], [135.972741, 35.958583]]], [[[135.974625, 35.957811], [135.974736, 35.957766], [135.974646, 35.957884], [135.974625, 35.957811]]], [[[135.975671, 35.957727], [135.975754, 35.95771], [135.97574, 35.957766], [135.975671, 35.957727]]], [[[135.974438, 35.957552], [135.974521, 35.957535], [135.974549, 35.957653], [135.974438, 35.957552]]], [[[135.974736, 35.957473], [135.975297, 35.957439], [135.974923, 35.957653], [135.974736, 35.957473]]], [[[135.975768, 35.9574], [135.975976, 35.957259], [135.976156, 35.957344], [135.975768, 35.9574]]], [[[135.976239, 35.957158], [135.976405, 35.957107], [135.976267, 35.957231], [135.976239, 35.957158]]], [[[135.976932, 35.956927], [135.977022, 35.956904], [135.977049, 35.956955], [135.976932, 35.956927]]], [[[135.976952, 35.956803], [135.977015, 35.95678], [135.977056, 35.956814], [135.976952, 35.956803]]], [[[135.977174, 35.956656], [135.977409, 35.95669], [135.977423, 35.956803], [135.977174, 35.956656]]], [[[135.977479, 35.956436], [135.977652, 35.956459], [135.977534, 35.95651], [135.977479, 35.956436]]], [[[135.981476, 35.95376], [135.981649, 35.953726], [135.98158, 35.953845], [135.981476, 35.95376]]], [[[135.982965, 35.951236], [135.983021, 35.951208], [135.983166, 35.951349], [135.982965, 35.951236]]], [[[135.983083, 35.951135], [135.983388, 35.951225], [135.983305, 35.951242], [135.983083, 35.951135]]], [[[135.982778, 35.951135], [135.982813, 35.951078], [135.982875, 35.951169], [135.982778, 35.951135]]], [[[135.985902, 35.948588], [135.986041, 35.948588], [135.985965, 35.948639], [135.985902, 35.948588]]], [[[135.983575, 35.947433], [135.983734, 35.947326], [135.98388, 35.947551], [135.983575, 35.947433]]], [[[135.986117, 35.94727], [135.986374, 35.94727], [135.986422, 35.947377], [135.986186, 35.947377], [135.986117, 35.94727]]], [[[135.983374, 35.947219], [135.983464, 35.947219], [135.983395, 35.947359], [135.983374, 35.947219]]], [[[135.985819, 35.947258], [135.985916, 35.947275], [135.985847, 35.94732], [135.985819, 35.947258]]], [[[135.9846, 35.947213], [135.984718, 35.947213], [135.984656, 35.947253], [135.9846, 35.947213]]], [[[135.985625, 35.947207], [135.985715, 35.947185], [135.985681, 35.947236], [135.985625, 35.947207]]], [[[135.984773, 35.947033], [135.984905, 35.947044], [135.984822, 35.947089], [135.984773, 35.947033]]], [[[135.984191, 35.946898], [135.984309, 35.946836], [135.984441, 35.946909], [135.984191, 35.946898]]], [[[135.98354, 35.946813], [135.983769, 35.946841], [135.983699, 35.946892], [135.98354, 35.946813]]], [[[135.985404, 35.945703], [135.985597, 35.945556], [135.98602, 35.945619], [135.986145, 35.945776], [135.985958, 35.945844], [135.985404, 35.945703]]], [[[135.986374, 35.945241], [135.986484, 35.945264], [135.986408, 35.945281], [135.986374, 35.945241]]], [[[135.985986, 35.945021], [135.986346, 35.945151], [135.986152, 35.945219], [135.985986, 35.945021]]], [[[135.986623, 35.943432], [135.986727, 35.943416], [135.986651, 35.943483], [135.986623, 35.943432]]], [[[135.986817, 35.943309], [135.986907, 35.943342], [135.986844, 35.943359], [135.986817, 35.943309]]], [[[135.993661, 35.936002], [135.994912, 35.933881], [135.994265, 35.932935], [135.994379, 35.932872], [135.995054, 35.933869], [135.993753, 35.936054], [135.993661, 35.936002]]], [[[135.996044, 35.934705], [135.996134, 35.934671], [135.99612, 35.934722], [135.996044, 35.934705]]], [[[135.996127, 35.934474], [135.99621, 35.934451], [135.996231, 35.93453], [135.996127, 35.934474]]], [[[135.997692, 35.93187], [135.997741, 35.931831], [135.99781, 35.931898], [135.997692, 35.93187]]], [[[135.995885, 35.927064], [135.995975, 35.927036], [135.995954, 35.927143], [135.995885, 35.927064]]], [[[135.996349, 35.926884], [135.996453, 35.926851], [135.996432, 35.926901], [135.996349, 35.926884]]], [[[135.997796, 35.926794], [135.997866, 35.926782], [135.997859, 35.926839], [135.997796, 35.926794]]], [[[135.997214, 35.926614], [135.99736, 35.926563], [135.99745, 35.926687], [135.997374, 35.926749], [135.997214, 35.926614]]], [[[135.997644, 35.926202], [135.99772, 35.926174], [135.997679, 35.926259], [135.997644, 35.926202]]], [[[135.996356, 35.926169], [135.996432, 35.926169], [135.996404, 35.926231], [135.996356, 35.926169]]], [[[135.997422, 35.925706], [135.997506, 35.925633], [135.997499, 35.925706], [135.997422, 35.925706]]], [[[135.997478, 35.924698], [135.997547, 35.924698], [135.997554, 35.92476], [135.997478, 35.924698]]], [[[135.997263, 35.924332], [135.997319, 35.924309], [135.997339, 35.92436], [135.997263, 35.924332]]], [[[135.99682, 35.922951], [135.997062, 35.922895], [135.997062, 35.922974], [135.99682, 35.922951]]], [[[135.996785, 35.922614], [135.99691, 35.92254], [135.996875, 35.922653], [135.996785, 35.922614]]], [[[135.997062, 35.922191], [135.997111, 35.922247], [135.997062, 35.922281], [135.997062, 35.922191]]], [[[135.996252, 35.921182], [135.996293, 35.921154], [135.996342, 35.921222], [135.996252, 35.921182]]], [[[135.996481, 35.921103], [135.996591, 35.921053], [135.996571, 35.921137], [135.996481, 35.921103]]], [[[135.996716, 35.921047], [135.996785, 35.921115], [135.996723, 35.921115], [135.996716, 35.921047]]], [[[135.996709, 35.920867], [135.996799, 35.920827], [135.996834, 35.920906], [135.996709, 35.920867]]], [[[135.996612, 35.920489], [135.996806, 35.920439], [135.996841, 35.920546], [135.996612, 35.920489]]], [[[135.995252, 35.918319], [135.995479, 35.918307], [135.995314, 35.918403], [135.995252, 35.918319]]], [[[135.995575, 35.918159], [135.995729, 35.918097], [135.995839, 35.918161], [135.995575, 35.918159]]], [[[135.996335, 35.916931], [135.996522, 35.916933], [135.996445, 35.917], [135.996335, 35.916931]]], [[[135.995595, 35.916879], [135.995672, 35.916867], [135.9957, 35.916931], [135.995595, 35.916879]]], [[[135.994533, 35.916824], [135.994624, 35.916824], [135.994559, 35.916871], [135.994533, 35.916824]]], [[[135.993718, 35.916504], [135.993817, 35.916384], [135.993944, 35.91644], [135.99387, 35.916567], [135.993718, 35.916504]]], [[[135.995383, 35.916395], [135.995462, 35.916354], [135.995443, 35.916415], [135.995383, 35.916395]]], [[[135.995092, 35.916214], [135.995217, 35.916269], [135.995148, 35.916294], [135.995092, 35.916214]]], [[[135.995011, 35.916006], [135.995284, 35.915999], [135.99514, 35.916067], [135.995011, 35.916006]]], [[[135.992961, 35.915996], [135.993228, 35.915999], [135.993126, 35.916066], [135.992961, 35.915996]]], [[[135.995022, 35.915789], [135.995155, 35.915742], [135.995243, 35.915788], [135.995022, 35.915789]]], [[[135.994487, 35.915572], [135.994697, 35.915481], [135.99485, 35.915606], [135.99467, 35.915739], [135.994487, 35.915572]]], [[[135.995058, 35.915691], [135.995127, 35.915625], [135.995207, 35.915662], [135.995058, 35.915691]]], [[[135.995035, 35.915479], [135.995176, 35.915446], [135.995211, 35.915543], [135.995035, 35.915479]]], [[[135.993873, 35.915482], [135.993926, 35.915393], [135.994064, 35.915481], [135.993873, 35.915482]]], [[[135.994906, 35.91534], [135.995032, 35.915344], [135.994951, 35.915378], [135.994906, 35.91534]]], [[[135.994641, 35.915036], [135.994725, 35.914951], [135.994897, 35.915035], [135.994641, 35.915036]]], [[[135.994912, 35.914872], [135.994992, 35.914802], [135.995103, 35.914886], [135.994912, 35.914872]]], [[[135.994543, 35.914667], [135.994588, 35.914623], [135.994712, 35.914678], [135.994543, 35.914667]]], [[[135.994236, 35.914652], [135.994354, 35.914588], [135.994442, 35.91464], [135.994236, 35.914652]]], [[[135.994869, 35.914484], [135.994979, 35.914518], [135.994929, 35.914541], [135.994869, 35.914484]]], [[[135.994803, 35.914318], [135.994886, 35.914242], [135.994998, 35.914306], [135.994803, 35.914318]]], [[[135.994227, 35.914163], [135.994307, 35.914154], [135.994262, 35.914208], [135.994227, 35.914163]]], [[[135.994375, 35.914144], [135.994442, 35.914117], [135.994462, 35.914174], [135.994375, 35.914144]]], [[[135.994453, 35.913913], [135.994722, 35.913943], [135.994611, 35.914137], [135.994453, 35.913913]]], [[[135.994765, 35.91411], [135.994861, 35.914002], [135.994859, 35.914128], [135.994765, 35.91411]]], [[[135.994249, 35.913886], [135.994354, 35.913882], [135.994301, 35.913926], [135.994249, 35.913886]]], [[[135.994873, 35.913587], [135.994944, 35.913542], [135.994971, 35.913622], [135.994873, 35.913587]]], [[[135.994334, 35.913332], [135.994469, 35.913311], [135.994416, 35.91339], [135.994334, 35.913332]]], [[[135.994609, 35.913176], [135.994751, 35.913109], [135.994926, 35.91327], [135.994762, 35.913332], [135.994609, 35.913176]]], [[[135.993842, 35.913234], [135.993963, 35.91324], [135.993902, 35.913285], [135.993842, 35.913234]]], [[[135.993696, 35.913165], [135.993799, 35.913146], [135.993749, 35.913193], [135.993696, 35.913165]]], [[[135.993355, 35.913094], [135.993657, 35.913116], [135.993575, 35.913169], [135.993355, 35.913094]]], [[[135.99417, 35.913071], [135.994252, 35.912987], [135.994513, 35.913056], [135.994413, 35.913139], [135.99417, 35.913071]]], [[[135.993765, 35.912944], [135.994043, 35.912957], [135.993879, 35.913027], [135.993765, 35.912944]]], [[[135.994351, 35.912418], [135.994633, 35.912499], [135.994461, 35.91251], [135.994351, 35.912418]]], [[[135.994728, 35.912203], [135.994996, 35.912324], [135.994812, 35.912335], [135.994728, 35.912203]]], [[[135.994332, 35.912164], [135.994558, 35.912189], [135.994446, 35.912239], [135.994332, 35.912164]]], [[[135.994988, 35.911928], [135.995179, 35.911951], [135.995119, 35.911989], [135.994988, 35.911928]]], [[[135.995612, 35.911511], [135.995859, 35.911436], [135.995739, 35.911543], [135.995612, 35.911511]]], [[[135.995892, 35.911312], [135.996042, 35.911253], [135.995997, 35.911337], [135.995892, 35.911312]]], [[[135.995403, 35.911127], [135.995479, 35.911097], [135.995484, 35.911188], [135.995403, 35.911127]]], [[[135.995312, 35.910866], [135.995449, 35.91089], [135.995371, 35.910939], [135.995312, 35.910866]]], [[[135.995326, 35.910447], [135.995482, 35.910466], [135.99547, 35.910569], [135.995326, 35.910447]]], [[[135.994992, 35.910362], [135.9951, 35.910225], [135.995365, 35.910225], [135.99532, 35.910331], [135.994992, 35.910362]]], [[[135.994705, 35.910341], [135.994887, 35.910311], [135.994864, 35.910372], [135.994705, 35.910341]]], [[[135.995613, 35.909191], [135.995769, 35.909018], [135.995779, 35.909248], [135.995613, 35.909191]]], [[[135.995534, 35.908214], [135.995728, 35.908175], [135.995607, 35.908278], [135.995534, 35.908214]]], [[[135.996506, 35.908201], [135.996611, 35.908157], [135.996592, 35.908239], [135.996506, 35.908201]]], [[[135.996279, 35.907128], [135.996369, 35.907056], [135.99649, 35.907107], [135.996279, 35.907128]]], [[[135.996617, 35.906952], [135.99671, 35.906892], [135.996761, 35.907027], [135.996617, 35.906952]]], [[[135.996123, 35.906792], [135.996235, 35.906786], [135.996279, 35.906913], [135.996123, 35.906792]]], [[[135.994788, 35.906355], [135.994947, 35.906414], [135.994836, 35.906442], [135.994788, 35.906355]]], [[[135.996563, 35.906176], [135.996796, 35.906096], [135.996652, 35.906228], [135.996563, 35.906176]]], [[[135.996187, 35.905864], [135.9962, 35.90584], [135.996308, 35.905871], [135.996187, 35.905864]]], [[[135.996439, 35.905246], [135.996659, 35.905186], [135.996557, 35.905339], [135.996439, 35.905246]]], [[[135.996235, 35.902032], [135.996404, 35.901916], [135.996372, 35.902091], [135.996235, 35.902032]]], [[[135.996031, 35.901522], [135.996104, 35.901417], [135.996197, 35.901476], [135.996031, 35.901522]]], [[[135.995983, 35.90047], [135.996178, 35.900434], [135.996124, 35.900553], [135.995983, 35.90047]]], [[[135.995534, 35.900139], [135.995614, 35.900116], [135.995629, 35.900199], [135.995534, 35.900139]]], [[[135.995158, 35.900119], [135.995241, 35.900103], [135.995202, 35.90017], [135.995158, 35.900119]]], [[[135.99591, 35.900101], [135.995945, 35.900036], [135.996117, 35.900087], [135.99591, 35.900101]]], [[[135.9959, 35.899759], [135.995983, 35.899728], [135.996082, 35.899839], [135.9959, 35.899759]]], [[[135.995403, 35.899485], [135.995537, 35.899519], [135.995457, 35.899542], [135.995403, 35.899485]]], [[[135.995537, 35.899367], [135.995637, 35.899344], [135.995691, 35.899411], [135.995537, 35.899367]]], [[[135.993647, 35.898399], [135.993772, 35.898304], [135.993778, 35.898404], [135.993647, 35.898399]]], [[[135.992624, 35.896437], [135.992697, 35.896364], [135.992815, 35.896439], [135.992624, 35.896437]]], [[[135.994023, 35.896401], [135.994112, 35.896276], [135.994167, 35.896367], [135.994023, 35.896401]]], [[[135.991817, 35.895366], [135.992083, 35.895374], [135.991883, 35.895419], [135.991817, 35.895366]]], [[[135.991564, 35.89536], [135.991656, 35.895319], [135.991701, 35.895378], [135.991564, 35.89536]]], [[[135.992304, 35.895228], [135.992783, 35.89502], [135.993128, 35.895125], [135.993157, 35.895281], [135.992839, 35.895345], [135.992679, 35.895235], [135.992304, 35.895228]]], [[[135.991714, 35.89507], [135.992077, 35.895118], [135.991782, 35.895204], [135.991714, 35.89507]]], [[[135.994914, 35.893365], [135.995014, 35.893284], [135.995238, 35.893361], [135.995179, 35.893447], [135.994914, 35.893365]]], [[[135.994114, 35.893035], [135.994261, 35.89304], [135.994202, 35.89309], [135.994114, 35.893035]]], [[[135.994356, 35.892942], [135.994421, 35.892772], [135.99471, 35.892652], [135.994657, 35.892882], [135.994462, 35.892997], [135.994356, 35.892942]]], [[[135.994872, 35.891528], [135.994923, 35.891479], [135.995007, 35.891532], [135.994872, 35.891528]]], [[[135.99511, 35.891524], [135.995122, 35.891494], [135.995193, 35.891522], [135.99511, 35.891524]]], [[[135.994351, 35.891421], [135.994432, 35.891381], [135.994468, 35.891436], [135.994351, 35.891421]]], [[[135.995188, 35.891369], [135.995261, 35.891315], [135.995417, 35.891356], [135.995188, 35.891369]]], [[[135.994671, 35.891331], [135.994715, 35.891296], [135.99476, 35.891392], [135.994671, 35.891331]]], [[[135.99485, 35.891331], [135.995099, 35.891332], [135.994966, 35.891401], [135.99485, 35.891331]]], [[[135.995491, 35.890859], [135.995607, 35.890824], [135.995554, 35.890901], [135.995491, 35.890859]]], [[[135.994761, 35.890262], [135.99485, 35.890198], [135.994835, 35.89036], [135.994761, 35.890262]]], [[[135.994231, 35.889219], [135.994372, 35.889207], [135.994454, 35.889373], [135.994231, 35.889219]]], [[[135.994427, 35.889107], [135.99453, 35.889112], [135.994565, 35.889223], [135.994427, 35.889107]]], [[[135.993828, 35.888566], [135.993992, 35.88859], [135.993995, 35.88863], [135.993828, 35.888566]]], [[[135.993143, 35.888289], [135.993231, 35.888222], [135.993307, 35.888279], [135.993143, 35.888289]]], [[[135.993535, 35.888251], [135.993673, 35.888296], [135.993588, 35.888324], [135.993535, 35.888251]]], [[[135.992587, 35.887849], [135.992736, 35.887795], [135.992821, 35.88788], [135.992774, 35.888072], [135.992631, 35.888072], [135.992587, 35.887849]]], [[[135.992863, 35.887726], [135.993036, 35.887682], [135.993096, 35.887876], [135.992909, 35.887891], [135.992863, 35.887726]]], [[[135.992411, 35.887822], [135.992467, 35.887779], [135.992535, 35.887852], [135.992411, 35.887822]]], [[[135.992844, 35.887582], [135.99296, 35.887544], [135.993074, 35.887631], [135.992844, 35.887582]]], [[[135.992506, 35.887394], [135.992698, 35.887282], [135.992642, 35.887452], [135.992506, 35.887394]]], [[[135.994131, 35.887302], [135.994321, 35.887282], [135.994243, 35.887361], [135.994131, 35.887302]]], [[[135.994352, 35.887264], [135.99443, 35.887205], [135.994527, 35.887282], [135.994352, 35.887264]]], [[[135.994478, 35.886939], [135.994563, 35.886841], [135.994673, 35.886898], [135.994478, 35.886939]]], [[[135.997216, 35.886369], [135.997313, 35.886347], [135.997299, 35.886409], [135.997216, 35.886369]]], [[[135.996882, 35.885141], [135.996946, 35.885065], [135.997008, 35.885153], [135.996882, 35.885141]]], [[[135.997133, 35.88491], [135.997195, 35.884899], [135.997216, 35.88495], [135.997133, 35.88491]]], [[[135.996828, 35.884835], [135.996912, 35.884793], [135.996919, 35.884871], [135.996828, 35.884835]]], [[[135.997292, 35.884842], [135.997354, 35.884797], [135.997382, 35.884865], [135.997292, 35.884842]]], [[[135.997292, 35.88451], [135.997382, 35.884454], [135.997375, 35.884611], [135.997292, 35.88451]]], [[[135.998302, 35.883699], [135.998461, 35.883693], [135.998316, 35.883755], [135.998302, 35.883699]]], [[[135.998842, 35.883445], [135.998987, 35.883457], [135.998863, 35.883507], [135.998842, 35.883445]]], [[[135.998607, 35.883372], [135.998731, 35.883378], [135.998669, 35.883434], [135.998607, 35.883372]]], [[[135.999236, 35.882955], [135.999347, 35.882978], [135.999285, 35.883011], [135.999236, 35.882955]]], [[[135.999471, 35.882848], [135.999554, 35.882955], [135.999471, 35.882944], [135.999471, 35.882848]]], [[[135.999402, 35.882544], [135.999444, 35.882521], [135.99952, 35.882589], [135.999402, 35.882544]]], [[[135.99961, 35.882471], [135.999693, 35.882459], [135.9997, 35.88251], [135.99961, 35.882471]]], [[[135.998766, 35.882296], [135.998835, 35.88229], [135.998863, 35.882369], [135.998766, 35.882296]]], [[[135.998524, 35.88229], [135.998607, 35.882262], [135.998621, 35.882335], [135.998524, 35.88229]]], [[[135.998939, 35.882161], [135.998981, 35.882121], [135.999015, 35.882155], [135.998939, 35.882161]]], [[[135.998565, 35.882059], [135.998648, 35.882048], [135.9986, 35.882082], [135.998565, 35.882059]]], [[[135.99878, 35.881485], [135.999202, 35.881366], [135.999091, 35.881558], [135.99878, 35.881485]]], [[[136.001977, 35.879671], [136.00215, 35.879671], [136.002184, 35.879766], [136.001977, 35.879671]]], [[[136.002606, 35.879445], [136.002807, 35.879485], [136.002807, 35.879535], [136.002606, 35.879445]]], [[[136.002634, 35.879079], [136.00307, 35.879068], [136.002676, 35.879147], [136.002634, 35.879079]]], [[[136.003457, 35.878544], [136.003568, 35.87842], [136.003762, 35.878578], [136.003457, 35.878544]]], [[[136.005367, 35.877259], [136.005485, 35.877248], [136.005547, 35.877299], [136.005367, 35.877259]]], [[[136.005208, 35.877136], [136.005339, 35.877124], [136.005236, 35.877175], [136.005208, 35.877136]]], [[[136.00545, 35.875642], [136.005651, 35.875541], [136.005776, 35.875609], [136.00545, 35.875642]]], [[[136.006571, 35.875237], [136.006641, 35.875203], [136.006627, 35.875254], [136.006571, 35.875237]]], [[[136.008384, 35.874352], [136.008467, 35.874324], [136.008447, 35.874381], [136.008384, 35.874352]]], [[[136.008461, 35.87411], [136.008502, 35.874087], [136.008634, 35.874189], [136.008461, 35.87411]]], [[[136.010087, 35.873034], [136.01017, 35.873091], [136.010128, 35.873113], [136.010087, 35.873034]]], [[[136.009907, 35.872555], [136.009927, 35.872527], [136.009969, 35.872533], [136.009907, 35.872555]]]]}}, {"type": "Feature", "properties": {"pref_code": "18", "pref_name": "福井県", "municipality_code": "18442", "municipality_name": "美浜町", "ward_name": "", "display_name": "美浜町", "geometry_key": "18442"}, "geometry": {"type": "MultiPolygon", "coordinates": [[[[135.963067, 35.73024], [135.963205, 35.730201], [135.963216, 35.730317], [135.963067, 35.73024]]], [[[135.964222, 35.730081], [135.964325, 35.730056], [135.964337, 35.730155], [135.964222, 35.730081]]], [[[136.026532, 35.529497], [136.026691, 35.532394], [136.027297, 35.533281], [136.027362, 35.534352], [136.027536, 35.534859], [136.02744, 35.535498], [136.026892, 35.536064], [136.026645, 35.536521], [136.026629, 35.53732], [136.026915, 35.538641], [136.027347, 35.539603], [136.027251, 35.540716], [136.027606, 35.541796], [136.027679, 35.542471], [136.027276, 35.542748], [136.024967, 35.543597], [136.024722, 35.543898], [136.024403, 35.545], [136.023894, 35.545565], [136.023888, 35.546244], [136.0244, 35.546843], [136.024466, 35.548382], [136.024923, 35.549635], [136.02518, 35.550917], [136.025107, 35.551404], [136.024641, 35.552234], [136.024326, 35.553354], [136.023051, 35.555673], [136.0232, 35.55719], [136.022831, 35.558068], [136.022794, 35.558489], [136.023277, 35.560142], [136.023351, 35.560944], [136.024323, 35.562001], [136.024711, 35.563189], [136.02511, 35.563609], [136.026198, 35.564157], [136.027078, 35.564806], [136.027235, 35.565473], [136.028258, 35.566246], [136.028332, 35.5675], [136.028585, 35.568014], [136.028962, 35.568435], [136.029461, 35.568596], [136.029652, 35.568956], [136.029649, 35.569284], [136.029302, 35.569879], [136.029331, 35.57083], [136.029139, 35.571332], [136.029212, 35.571633], [136.02977, 35.572314], [136.029784, 35.573028], [136.029357, 35.574266], [136.029586, 35.575712], [136.029378, 35.577204], [136.028806, 35.578982], [136.028026, 35.580051], [136.027396, 35.580526], [136.026304, 35.580934], [136.026683, 35.58143], [136.027062, 35.582277], [136.027072, 35.582625], [136.02635, 35.584307], [136.02617, 35.585544], [136.026254, 35.586238], [136.025164, 35.587329], [136.025019, 35.587335], [136.024035, 35.58638], [136.02357, 35.586209], [136.022169, 35.586397], [136.020263, 35.586416], [136.019277, 35.586939], [136.018721, 35.587022], [136.017329, 35.586619], [136.016989, 35.586254], [136.016612, 35.586138], [136.014961, 35.586175], [136.014467, 35.585952], [136.013722, 35.585832], [136.013218, 35.585261], [136.012071, 35.584864], [136.011798, 35.58492], [136.011602, 35.58554], [136.01139, 35.585745], [136.010657, 35.585644], [136.009351, 35.585789], [136.009246, 35.586497], [136.008249, 35.588465], [136.007783, 35.589284], [136.0072, 35.589836], [136.006919, 35.590327], [136.006787, 35.590822], [136.006794, 35.592127], [136.006094, 35.59318], [136.005324, 35.593523], [136.005254, 35.594196], [136.004609, 35.59516], [136.004461, 35.595871], [136.004586, 35.596214], [136.004912, 35.596487], [136.006726, 35.597297], [136.006904, 35.597526], [136.007216, 35.599119], [136.007542, 35.59984], [136.007465, 35.600278], [136.007752, 35.60097], [136.007636, 35.601979], [136.007877, 35.603844], [136.00776, 35.604339], [136.007924, 35.605276], [136.007846, 35.605834], [136.008159, 35.606467], [136.008182, 35.607394], [136.008423, 35.607901], [136.009395, 35.60905], [136.009447, 35.60983], [136.009307, 35.610059], [136.009097, 35.610249], [136.008514, 35.61044], [136.008016, 35.611411], [136.007183, 35.612094], [136.007167, 35.612983], [136.007035, 35.613186], [136.00625, 35.613636], [136.005909, 35.615972], [136.006189, 35.616423], [136.006842, 35.616531], [136.006997, 35.616664], [136.007324, 35.617683], [136.007309, 35.617981], [136.006757, 35.619166], [136.007391, 35.620325], [136.007074, 35.621237], [136.006686, 35.621663], [136.006701, 35.622323], [136.006499, 35.62317], [136.007324, 35.624697], [136.007588, 35.625719], [136.007596, 35.626669], [136.007425, 35.627411], [136.006942, 35.627627], [136.007169, 35.628449], [136.007627, 35.629427], [136.008002, 35.629734], [136.00829, 35.63061], [136.009137, 35.631521], [136.008935, 35.632277], [136.00871, 35.632651], [136.008306, 35.632949], [136.008609, 35.63354], [136.008492, 35.633955], [136.007472, 35.634649], [136.007301, 35.635297], [136.00664, 35.635798], [136.006288, 35.636239], [136.005946, 35.636353], [136.005728, 35.636905], [136.00544, 35.638441], [136.005082, 35.639196], [136.005129, 35.639755], [136.004825, 35.640729], [136.004434, 35.643062], [136.00389, 35.643868], [136.003906, 35.644484], [136.004294, 35.644906], [136.004162, 35.645814], [136.003749, 35.646271], [136.002122, 35.646896], [136.001236, 35.647099], [136.000068, 35.64853], [135.999866, 35.649177], [135.999064, 35.650412], [135.998979, 35.651402], [135.998217, 35.652117], [135.998212, 35.652433], [135.998709, 35.653805], [136.000255, 35.654028], [136.001393, 35.654373], [136.003456, 35.655805], [136.004677, 35.657588], [136.005058, 35.657867], [136.006522, 35.658227], [136.007349, 35.659599], [136.008233, 35.660012], [136.008017, 35.660529], [136.008126, 35.660948], [136.009652, 35.662176], [136.010351, 35.662339], [136.011632, 35.663994], [136.013114, 35.665086], [136.013222, 35.666194], [136.013717, 35.666984], [136.013664, 35.667246], [136.013238, 35.667727], [136.012159, 35.668032], [136.011871, 35.668507], [136.011368, 35.668942], [136.009984, 35.669296], [136.009531, 35.66982], [136.009466, 35.671026], [136.009971, 35.673129], [136.009949, 35.673444], [136.009597, 35.673827], [136.009589, 35.674174], [136.009752, 35.674657], [136.010587, 35.675796], [136.009047, 35.677663], [136.009419, 35.678992], [136.010247, 35.679669], [136.010315, 35.680337], [136.01111, 35.680892], [136.011483, 35.682732], [136.012161, 35.683617], [136.012749, 35.683796], [136.01292, 35.684025], [136.011937, 35.685504], [136.011544, 35.686585], [136.010914, 35.687569], [136.011847, 35.688711], [136.012041, 35.689283], [136.011874, 35.689788], [136.011345, 35.690229], [136.011751, 35.690909], [136.010741, 35.693436], [136.011097, 35.694194], [136.010872, 35.69488], [136.011284, 35.6961], [136.012762, 35.697269], [136.012067, 35.697649], [136.011684, 35.69854], [136.011087, 35.699052], [136.010907, 35.700571], [136.010269, 35.701374], [136.010687, 35.702942], [136.010678, 35.704079], [136.011311, 35.705693], [136.012102, 35.706594], [136.012265, 35.707144], [136.012041, 35.707649], [136.011342, 35.708008], [136.010393, 35.708198], [136.010173, 35.708369], [136.010279, 35.71009], [136.010479, 35.710323], [136.011075, 35.710639], [136.01176, 35.711695], [136.011639, 35.712401], [136.012181, 35.715002], [136.013609, 35.71736], [136.013492, 35.717681], [136.013119, 35.718074], [136.012959, 35.718713], [136.013137, 35.720618], [136.012528, 35.721409], [136.012659, 35.72227], [136.012854, 35.722658], [136.012628, 35.724867], [136.012404, 35.725063], [136.011664, 35.725206], [136.011249, 35.725414], [136.010596, 35.725904], [136.010162, 35.726426], [136.010162, 35.727006], [136.00982, 35.727242], [136.009502, 35.72811], [136.008008, 35.728549], [136.00771, 35.728852], [136.007492, 35.729408], [136.0069, 35.729933], [136.006259, 35.729658], [136.005972, 35.729707], [136.005678, 35.729939], [136.004985, 35.730059], [136.004255, 35.729734], [136.0036, 35.728919], [136.002707, 35.728483], [136.000194, 35.727887], [135.998337, 35.727632], [135.997946, 35.727114], [135.997134, 35.726914], [135.995387, 35.726015], [135.995095, 35.725983], [135.993326, 35.726992], [135.991278, 35.726727], [135.990734, 35.726548], [135.990204, 35.726019], [135.9894, 35.726144], [135.988254, 35.725589], [135.986607, 35.725189], [135.986148, 35.724487], [135.985855, 35.724365], [135.984028, 35.724432], [135.983137, 35.724604], [135.981871, 35.724382], [135.980357, 35.724344], [135.978776, 35.724705], [135.977919, 35.724555], [135.977071, 35.724244], [135.976758, 35.724322], [135.976091, 35.724782], [135.974996, 35.724799], [135.974176, 35.725182], [135.973638, 35.725265], [135.972781, 35.725216], [135.970927, 35.724721], [135.970178, 35.724693], [135.969379, 35.725145], [135.968984, 35.724851], [135.968746, 35.724823], [135.968562, 35.724961], [135.96816, 35.725835], [135.96748, 35.726612], [135.966232, 35.72877], [135.965367, 35.729691], [135.964585, 35.730112], [135.964366, 35.729944], [135.963744, 35.729931], [135.963155, 35.7296], [135.962099, 35.729576], [135.961858, 35.729412], [135.961641, 35.728787], [135.961976, 35.727797], [135.961651, 35.727355], [135.961007, 35.727169], [135.959852, 35.727121], [135.959518, 35.726958], [135.958725, 35.72697], [135.958204, 35.726669], [135.95715, 35.725717], [135.956412, 35.724788], [135.956107, 35.723808], [135.95569, 35.723455], [135.954949, 35.723147], [135.954512, 35.72277], [135.954224, 35.721954], [135.954143, 35.721136], [135.954409, 35.720056], [135.955212, 35.71987], [135.95621, 35.719009], [135.95671, 35.718828], [135.957615, 35.717912], [135.958747, 35.717252], [135.959204, 35.716851], [135.959507, 35.716464], [135.959555, 35.716169], [135.959091, 35.715161], [135.959208, 35.714588], [135.958739, 35.71352], [135.958913, 35.712326], [135.958517, 35.710976], [135.959028, 35.709276], [135.959641, 35.708082], [135.959615, 35.706995], [135.958938, 35.705171], [135.957995, 35.704387], [135.957708, 35.704237], [135.957303, 35.704264], [135.957106, 35.703824], [135.956654, 35.70384], [135.956409, 35.704244], [135.956087, 35.704294], [135.955748, 35.703732], [135.955798, 35.702939], [135.958217, 35.702407], [135.959654, 35.701823], [135.959979, 35.701424], [135.959973, 35.700529], [135.960103, 35.700273], [135.960857, 35.699746], [135.962313, 35.699592], [135.964565, 35.700565], [135.964606, 35.700932], [135.965128, 35.700978], [135.965217, 35.700773], [135.966119, 35.701186], [135.966044, 35.701035], [135.965824, 35.70098], [135.966074, 35.700946], [135.966937, 35.701715], [135.967005, 35.702164], [135.966903, 35.702172], [135.966818, 35.701762], [135.966637, 35.701588], [135.96655, 35.701657], [135.966462, 35.703776], [135.965622, 35.704639], [135.965659, 35.705356], [135.96616, 35.706062], [135.965884, 35.706705], [135.96522, 35.706872], [135.964395, 35.706743], [135.963859, 35.705344], [135.963699, 35.705357], [135.962329, 35.704527], [135.962202, 35.704186], [135.961451, 35.704267], [135.96145, 35.705337], [135.961303, 35.705339], [135.96108, 35.705042], [135.960575, 35.7052], [135.960912, 35.705852], [135.961186, 35.706074], [135.961563, 35.706134], [135.9619, 35.706507], [135.96204, 35.707266], [135.962555, 35.707621], [135.962539, 35.708066], [135.962788, 35.708707], [135.963102, 35.70919], [135.963243, 35.709129], [135.963465, 35.709375], [135.96343, 35.709507], [135.96391, 35.709927], [135.964039, 35.709837], [135.964789, 35.710203], [135.964862, 35.710108], [135.965567, 35.710747], [135.967078, 35.711093], [135.968145, 35.711491], [135.96834, 35.711536], [135.968403, 35.71145], [135.969489, 35.71172], [135.969417, 35.711873], [135.970082, 35.712144], [135.970672, 35.712089], [135.971244, 35.711807], [135.971487, 35.710974], [135.971367, 35.710779], [135.971566, 35.710391], [135.971762, 35.710449], [135.971919, 35.710082], [135.971751, 35.71003], [135.972743, 35.708514], [135.973208, 35.707369], [135.970668, 35.707369], [135.970687, 35.703957], [135.971119, 35.703843], [135.97128, 35.703097], [135.97192, 35.702724], [135.973498, 35.701348], [135.974907, 35.698837], [135.975524, 35.6982], [135.975862, 35.696843], [135.97636, 35.693565], [135.976303, 35.691542], [135.976077, 35.690707], [135.976264, 35.690205], [135.976175, 35.689985], [135.976268, 35.689382], [135.976754, 35.688986], [135.976637, 35.688814], [135.976744, 35.688626], [135.977436, 35.688023], [135.977609, 35.687433], [135.977449, 35.686182], [135.976817, 35.684429], [135.976018, 35.68337], [135.974284, 35.679507], [135.973562, 35.678548], [135.973005, 35.677529], [135.972296, 35.676694], [135.971741, 35.676221], [135.970925, 35.676053], [135.970087, 35.675302], [135.969637, 35.675222], [135.968997, 35.674632], [135.968182, 35.674242], [135.96704, 35.674113], [135.966726, 35.674299], [135.96595, 35.674351], [135.965782, 35.674513], [135.965308, 35.674353], [135.965694, 35.673887], [135.96672, 35.673465], [135.967544, 35.672746], [135.968002, 35.672532], [135.96825, 35.672544], [135.968678, 35.672116], [135.968849, 35.671759], [135.968887, 35.670796], [135.968654, 35.670014], [135.968912, 35.669232], [135.968826, 35.668852], [135.967851, 35.667747], [135.967158, 35.667636], [135.966864, 35.667049], [135.966897, 35.666502], [135.96671, 35.666017], [135.966514, 35.663922], [135.966172, 35.662338], [135.966944, 35.660903], [135.967006, 35.660214], [135.966819, 35.659695], [135.966522, 35.659267], [135.965736, 35.658658], [135.964881, 35.658221], [135.964258, 35.658045], [135.963536, 35.657529], [135.963169, 35.657151], [135.963222, 35.656527], [135.963777, 35.656267], [135.965314, 35.655994], [135.966126, 35.65546], [135.966743, 35.654757], [135.967505, 35.656024], [135.967954, 35.656284], [135.968844, 35.656283], [135.968822, 35.655726], [135.969784, 35.65569], [135.969819, 35.656235], [135.971162, 35.656348], [135.971316, 35.656072], [135.972151, 35.655585], [135.972338, 35.65532], [135.973634, 35.654384], [135.974621, 35.654652], [135.975263, 35.653599], [135.976266, 35.650984], [135.976766, 35.650707], [135.977257, 35.650726], [135.977675, 35.650593], [135.978526, 35.649812], [135.978642, 35.649556], [135.979057, 35.649518], [135.980066, 35.648927], [135.980213, 35.648741], [135.980464, 35.647185], [135.981459, 35.646759], [135.982454, 35.646036], [135.982978, 35.645418], [135.982873, 35.645248], [135.98308, 35.644985], [135.983507, 35.644696], [135.9837, 35.644753], [135.983992, 35.644456], [135.984147, 35.64419], [135.984037, 35.644089], [135.984133, 35.643828], [135.984463, 35.643733], [135.984584, 35.64383], [135.985589, 35.643195], [135.986084, 35.642488], [135.986169, 35.641862], [135.986141, 35.640662], [135.985644, 35.638718], [135.984706, 35.636273], [135.983961, 35.63487], [135.98203, 35.631827], [135.980947, 35.630379], [135.978222, 35.627607], [135.976394, 35.626198], [135.97427, 35.624795], [135.971931, 35.623747], [135.971697, 35.623781], [135.971504, 35.623527], [135.970076, 35.622925], [135.967606, 35.622175], [135.965461, 35.621859], [135.963812, 35.621916], [135.962757, 35.622102], [135.961453, 35.622772], [135.961067, 35.623161], [135.960814, 35.625007], [135.960205, 35.625749], [135.960234, 35.626422], [135.95963, 35.626197], [135.959393, 35.626288], [135.958693, 35.626806], [135.956563, 35.627636], [135.956019, 35.628271], [135.95499, 35.628761], [135.954807, 35.628994], [135.954409, 35.629747], [135.953988, 35.631105], [135.954135, 35.632153], [135.954916, 35.633569], [135.954896, 35.634125], [135.954684, 35.634203], [135.95333, 35.634129], [135.952456, 35.633635], [135.952208, 35.633612], [135.949795, 35.633864], [135.949413, 35.633241], [135.948742, 35.632804], [135.948624, 35.632497], [135.948027, 35.632134], [135.948271, 35.631957], [135.948237, 35.631704], [135.948493, 35.631602], [135.948615, 35.631167], [135.949303, 35.63097], [135.949741, 35.630571], [135.950315, 35.629489], [135.951319, 35.628688], [135.951487, 35.628392], [135.951526, 35.628031], [135.950692, 35.627651], [135.950441, 35.627712], [135.950357, 35.627477], [135.950561, 35.627195], [135.950334, 35.626647], [135.949876, 35.626471], [135.949039, 35.626396], [135.948478, 35.62617], [135.948399, 35.626018], [135.948359, 35.626107], [135.947985, 35.625104], [135.947514, 35.624667], [135.946531, 35.624285], [135.945911, 35.623762], [135.945519, 35.623814], [135.94524, 35.623715], [135.94502, 35.623444], [135.945072, 35.623067], [135.945004, 35.622963], [135.944952, 35.62291], [135.944922, 35.622909], [135.944871, 35.622857], [135.944831, 35.622786], [135.944665, 35.622719], [135.944794, 35.622013], [135.944653, 35.620845], [135.94386, 35.620083], [135.943136, 35.619694], [135.942974, 35.619392], [135.942166, 35.618997], [135.941573, 35.618884], [135.94089, 35.618896], [135.940496, 35.619064], [135.94022, 35.619017], [135.940246, 35.618677], [135.940095, 35.618385], [135.940469, 35.618428], [135.940793, 35.616974], [135.940448, 35.616354], [135.939572, 35.615537], [135.938108, 35.614592], [135.936847, 35.613988], [135.931701, 35.61201], [135.928293, 35.610878], [135.925644, 35.610083], [135.923968, 35.609717], [135.919595, 35.609199], [135.915745, 35.609041], [135.913786, 35.609261], [135.913534, 35.609199], [135.912955, 35.609419], [135.912164, 35.609957], [135.911831, 35.610393], [135.911958, 35.611497], [135.912468, 35.611997], [135.912759, 35.612506], [135.912647, 35.613101], [135.912458, 35.613094], [135.91183, 35.613603], [135.911187, 35.613818], [135.910727, 35.6137], [135.90992, 35.6132], [135.90944, 35.613098], [135.908233, 35.614225], [135.907985, 35.614653], [135.907373, 35.616269], [135.907691, 35.616413], [135.907394, 35.617163], [135.90765, 35.618211], [135.907501, 35.61827], [135.908196, 35.61889], [135.907916, 35.619115], [135.90764, 35.620158], [135.90816, 35.620664], [135.908312, 35.621137], [135.908291, 35.621853], [135.908132, 35.622011], [135.908085, 35.622538], [135.908325, 35.622911], [135.907949, 35.62327], [135.907787, 35.624494], [135.907034, 35.624549], [135.906847, 35.624738], [135.906859, 35.624591], [135.906283, 35.624297], [135.905504, 35.624365], [135.905317, 35.624286], [135.905152, 35.623762], [135.904586, 35.623446], [135.903697, 35.623456], [135.902266, 35.623759], [135.901912, 35.62357], [135.899887, 35.623585], [135.89872, 35.623891], [135.898042, 35.622271], [135.897641, 35.622139], [135.896591, 35.622161], [135.896067, 35.622039], [135.895596, 35.621791], [135.895107, 35.621216], [135.894817, 35.621093], [135.894531, 35.620378], [135.894438, 35.619587], [135.895238, 35.618461], [135.895625, 35.617108], [135.89623, 35.616174], [135.896473, 35.615171], [135.896319, 35.614666], [135.896146, 35.61453], [135.89558, 35.614216], [135.894808, 35.6142], [135.894864, 35.61392], [135.895551, 35.613932], [135.89556, 35.613418], [135.894509, 35.612574], [135.894803, 35.612322], [135.894042, 35.611672], [135.893942, 35.61173], [135.893525, 35.611548], [135.892352, 35.611559], [135.891917, 35.611751], [135.891676, 35.611728], [135.891428, 35.611914], [135.891489, 35.612733], [135.891924, 35.613125], [135.891793, 35.613215], [135.89129, 35.612816], [135.8906, 35.613193], [135.888719, 35.615662], [135.888051, 35.615936], [135.887511, 35.61639], [135.887438, 35.616325], [135.887077, 35.616819], [135.886037, 35.616978], [135.88585, 35.617175], [135.885869, 35.617422], [135.885491, 35.617473], [135.885139, 35.617773], [135.884389, 35.617598], [135.883943, 35.61711], [135.883671, 35.61726], [135.88363, 35.617001], [135.883167, 35.616578], [135.882733, 35.616607], [135.881809, 35.616276], [135.881339, 35.61645], [135.880623, 35.616239], [135.880281, 35.61644], [135.880046, 35.616429], [135.879486, 35.616076], [135.879256, 35.615756], [135.878793, 35.615772], [135.878593, 35.615289], [135.878766, 35.614944], [135.878505, 35.614676], [135.878518, 35.61442], [135.878148, 35.614166], [135.878111, 35.613862], [135.87785, 35.613556], [135.877955, 35.613352], [135.877404, 35.612421], [135.877382, 35.611709], [135.877124, 35.611528], [135.877067, 35.611214], [135.877194, 35.611045], [135.876932, 35.610454], [135.872579, 35.609545], [135.87218, 35.609509], [135.871764, 35.609705], [135.871341, 35.609115], [135.871117, 35.609155], [135.871123, 35.608932], [135.87037, 35.608365], [135.868458, 35.608118], [135.867616, 35.608141], [135.866912, 35.608265], [135.86594, 35.608649], [135.865739, 35.608902], [135.865408, 35.610018], [135.865156, 35.610171], [135.865187, 35.610415], [135.864856, 35.610671], [135.86468, 35.610668], [135.864587, 35.610447], [135.861935, 35.610732], [135.860897, 35.610389], [135.860433, 35.610469], [135.860121, 35.61076], [135.859152, 35.611127], [135.85891, 35.61144], [135.858924, 35.612637], [135.858707, 35.612728], [135.858609, 35.613149], [135.858204, 35.613596], [135.85742, 35.613945], [135.856806, 35.614931], [135.856468, 35.615708], [135.857262, 35.615979], [135.85731, 35.616096], [135.857091, 35.616182], [135.857152, 35.616965], [135.85691, 35.617936], [135.857047, 35.618922], [135.857272, 35.619159], [135.857242, 35.619334], [135.857628, 35.619823], [135.857893, 35.619874], [135.859192, 35.619668], [135.859187, 35.619827], [135.859813, 35.620381], [135.859969, 35.620941], [135.860177, 35.621179], [135.860052, 35.621353], [135.860116, 35.621759], [135.859684, 35.622058], [135.859289, 35.623166], [135.858957, 35.623387], [135.859246, 35.623741], [135.858841, 35.623802], [135.858621, 35.623441], [135.858327, 35.623644], [135.858321, 35.623785], [135.857595, 35.623769], [135.857049, 35.624127], [135.856023, 35.62455], [135.855526, 35.624697], [135.855374, 35.624631], [135.854482, 35.624766], [135.853731, 35.625084], [135.853587, 35.624708], [135.853286, 35.624534], [135.853374, 35.624274], [135.852846, 35.624017], [135.852231, 35.623937], [135.852132, 35.623593], [135.851583, 35.623514], [135.851204, 35.623307], [135.850844, 35.623303], [135.850659, 35.623068], [135.850072, 35.623056], [135.849475, 35.623266], [135.849059, 35.622772], [135.848568, 35.622839], [135.848337, 35.623195], [135.848156, 35.623001], [135.848003, 35.623027], [135.847035, 35.623773], [135.846783, 35.623773], [135.846321, 35.624062], [135.845799, 35.624726], [135.845354, 35.624977], [135.845223, 35.625396], [135.845297, 35.625586], [135.84506, 35.625576], [135.844121, 35.625952], [135.843686, 35.626381], [135.843564, 35.626623], [135.843667, 35.626876], [135.843279, 35.627412], [135.843252, 35.627705], [135.843631, 35.628132], [135.844771, 35.62881], [135.844815, 35.629361], [135.844659, 35.629431], [135.844527, 35.629861], [135.844838, 35.630528], [135.844644, 35.630947], [135.845154, 35.631221], [135.845138, 35.632059], [135.845504, 35.632582], [135.84542, 35.632772], [135.84528, 35.632757], [135.845411, 35.633299], [135.845312, 35.633397], [135.845138, 35.633296], [135.844894, 35.633717], [135.844907, 35.634157], [135.8453, 35.634762], [135.846072, 35.635066], [135.846248, 35.635294], [135.84621, 35.635454], [135.845704, 35.635633], [135.845328, 35.635635], [135.844927, 35.63608], [135.844678, 35.636074], [135.844059, 35.636569], [135.843889, 35.636555], [135.843603, 35.636837], [135.843127, 35.637015], [135.840514, 35.637005], [135.83985, 35.637787], [135.839744, 35.637661], [135.839539, 35.637772], [135.839269, 35.637628], [135.838969, 35.637755], [135.839091, 35.63751], [135.838885, 35.637201], [135.838397, 35.636874], [135.837767, 35.63659], [135.8373, 35.636526], [135.837115, 35.636355], [135.835868, 35.63618], [135.835267, 35.636206], [135.834954, 35.636428], [135.834413, 35.636501], [135.834094, 35.636694], [135.833878, 35.637042], [135.833548, 35.637103], [135.833355, 35.637406], [135.832962, 35.637486], [135.832759, 35.638014], [135.832124, 35.63818], [135.831336, 35.638666], [135.830167, 35.638839], [135.829814, 35.639036], [135.829477, 35.63889], [135.82907, 35.638951], [135.828614, 35.638793], [135.827674, 35.638866], [135.827572, 35.639445], [135.827091, 35.63981], [135.826034, 35.640311], [135.825223, 35.641531], [135.824981, 35.642489], [135.825071, 35.643353], [135.824724, 35.643617], [135.824433, 35.643393], [135.824129, 35.643401], [135.823375, 35.643764], [135.823315, 35.644034], [135.823078, 35.643992], [135.822854, 35.644164], [135.822288, 35.643895], [135.821707, 35.643834], [135.821423, 35.643836], [135.82118, 35.643999], [135.82079, 35.643881], [135.820226, 35.644009], [135.81859, 35.643999], [135.817473, 35.643445], [135.817077, 35.643432], [135.816894, 35.643026], [135.816273, 35.642787], [135.815838, 35.642333], [135.815555, 35.642251], [135.815022, 35.642353], [135.814668, 35.642214], [135.815524, 35.641498], [135.816122, 35.64121], [135.817207, 35.640962], [135.818224, 35.640954], [135.820463, 35.641466], [135.82169, 35.641298], [135.823457, 35.640528], [135.82461, 35.639474], [135.825974, 35.63925], [135.827718, 35.637729], [135.829072, 35.637457], [135.830033, 35.637427], [135.830456, 35.637241], [135.831359, 35.636552], [135.833131, 35.635661], [135.83374, 35.635028], [135.834015, 35.634499], [135.835757, 35.634299], [135.838492, 35.634915], [135.839434, 35.634803], [135.840101, 35.633737], [135.840911, 35.633007], [135.840278, 35.631234], [135.840248, 35.630729], [135.840518, 35.629903], [135.839998, 35.62838], [135.839866, 35.626985], [135.841097, 35.625197], [135.842197, 35.624186], [135.843375, 35.622623], [135.845132, 35.621009], [135.845599, 35.620031], [135.846728, 35.618837], [135.847002, 35.618108], [135.848121, 35.617586], [135.848529, 35.615678], [135.848499, 35.615421], [135.848136, 35.614899], [135.848205, 35.614715], [135.850477, 35.613239], [135.851154, 35.612422], [135.852058, 35.611781], [135.853442, 35.610392], [135.853697, 35.609672], [135.854109, 35.609166], [135.85515, 35.608493], [135.855886, 35.607843], [135.85705, 35.607546], [135.858336, 35.606913], [135.860844, 35.606463], [135.862221, 35.605426], [135.862532, 35.604824], [135.863538, 35.604155], [135.863931, 35.603474], [135.864511, 35.602863], [135.866916, 35.601884], [135.869016, 35.60142], [135.870548, 35.60134], [135.871633, 35.602728], [135.873801, 35.603539], [135.874648, 35.604024], [135.874693, 35.604196], [135.87444, 35.604564], [135.874241, 35.605292], [135.874098, 35.606229], [135.873801, 35.606912], [135.874066, 35.607291], [135.874869, 35.607678], [135.876025, 35.607579], [135.877512, 35.608282], [135.878459, 35.60839], [135.878935, 35.608641], [135.880058, 35.607752], [135.881346, 35.607248], [135.881756, 35.606715], [135.882395, 35.605267], [135.883309, 35.602395], [135.883738, 35.601883], [135.884399, 35.601504], [135.884599, 35.600174], [135.885283, 35.598867], [135.886329, 35.598382], [135.886692, 35.598067], [135.889219, 35.597829], [135.890853, 35.598243], [135.892017, 35.598947], [135.89319, 35.599339], [135.894053, 35.600603], [135.895103, 35.600672], [135.895959, 35.600903], [135.896268, 35.601056], [135.896427, 35.601561], [135.896774, 35.601683], [135.897505, 35.601201], [135.897759, 35.601599], [135.898294, 35.601914], [135.89956, 35.603201], [135.900143, 35.604221], [135.901222, 35.604214], [135.901737, 35.60364], [135.90204, 35.603072], [135.901862, 35.602506], [135.901279, 35.602037], [135.901167, 35.601785], [135.900866, 35.599752], [135.901279, 35.59822], [135.901804, 35.597853], [135.903051, 35.59822], [135.903097, 35.598694], [135.904057, 35.5995], [135.903982, 35.600027], [135.904432, 35.600135], [135.90492, 35.600741], [135.905426, 35.600572], [135.908696, 35.594338], [135.907389, 35.591668], [135.908559, 35.591281], [135.907736, 35.589545], [135.910918, 35.588588], [135.912567, 35.587449], [135.91226, 35.586498], [135.912511, 35.586119], [135.915017, 35.585482], [135.915558, 35.584787], [135.91644, 35.584419], [135.916286, 35.584208], [135.915641, 35.584187], [135.915448, 35.583984], [135.915238, 35.582843], [135.915372, 35.582566], [135.915871, 35.582369], [135.916217, 35.581543], [135.916807, 35.580754], [135.9178, 35.580098], [135.919297, 35.580044], [135.920619, 35.579377], [135.922553, 35.579415], [135.925034, 35.579276], [135.925559, 35.579432], [135.926636, 35.579427], [135.927508, 35.579256], [135.928252, 35.579411], [135.928627, 35.579285], [135.928949, 35.579316], [135.929754, 35.579716], [135.931004, 35.579493], [135.931621, 35.579702], [135.933732, 35.578311], [135.934728, 35.577972], [135.936421, 35.57768], [135.936739, 35.577498], [135.937086, 35.576866], [135.937197, 35.57592], [135.937628, 35.575529], [135.938923, 35.574998], [135.940195, 35.5741], [135.940486, 35.573721], [135.941258, 35.571666], [135.94169, 35.570872], [135.941947, 35.569496], [135.941831, 35.568746], [135.941955, 35.567546], [135.94257, 35.567022], [135.942943, 35.565958], [135.943883, 35.565358], [135.943784, 35.564937], [135.942964, 35.563553], [135.942978, 35.563042], [135.942632, 35.561796], [135.943173, 35.561011], [135.943145, 35.560648], [135.943507, 35.56007], [135.943741, 35.558771], [135.945061, 35.557798], [135.945568, 35.556123], [135.94621, 35.555344], [135.945733, 35.553172], [135.945264, 35.552644], [135.944906, 35.550972], [135.945764, 35.550515], [135.946315, 35.550031], [135.946767, 35.5492], [135.947915, 35.547768], [135.948459, 35.547277], [135.949102, 35.546426], [135.949627, 35.546362], [135.949916, 35.546194], [135.950148, 35.54551], [135.950887, 35.544704], [135.951195, 35.543511], [135.95157, 35.543062], [135.95142, 35.542232], [135.952436, 35.541415], [135.952979, 35.540382], [135.952919, 35.538798], [135.953438, 35.538251], [135.954012, 35.535712], [135.954019, 35.534374], [135.9529, 35.532742], [135.953081, 35.532142], [135.953617, 35.531716], [135.953759, 35.531415], [135.953447, 35.530334], [135.95392, 35.529685], [135.954029, 35.529085], [135.953834, 35.52842], [135.953891, 35.527228], [135.954266, 35.52644], [135.954234, 35.5262], [135.953602, 35.525702], [135.952907, 35.525611], [135.952624, 35.524848], [135.95222, 35.524714], [135.951201, 35.524725], [135.950773, 35.524001], [135.950131, 35.52369], [135.949055, 35.522781], [135.948734, 35.522127], [135.947918, 35.52166], [135.947022, 35.520476], [135.948173, 35.518325], [135.94883, 35.5166], [135.949923, 35.515502], [135.950396, 35.514736], [135.950975, 35.512896], [135.951743, 35.511566], [135.951868, 35.51], [135.952246, 35.509333], [135.951761, 35.507512], [135.95237, 35.506221], [135.954377, 35.505681], [135.956659, 35.50612], [135.957586, 35.505961], [135.957934, 35.505705], [135.958633, 35.50482], [135.958786, 35.504357], [135.960509, 35.502853], [135.960761, 35.502259], [135.961682, 35.502025], [135.96266, 35.501296], [135.964108, 35.501782], [135.964765, 35.502128], [135.965142, 35.502507], [135.967187, 35.502984], [135.968324, 35.502569], [135.968976, 35.502461], [135.970098, 35.501159], [135.971395, 35.500912], [135.9726, 35.50019], [135.9732, 35.498265], [135.974715, 35.497412], [135.975699, 35.495294], [135.976111, 35.494879], [135.976317, 35.493842], [135.977655, 35.49265], [135.978789, 35.491173], [135.979304, 35.489802], [135.97939, 35.488542], [135.980299, 35.488074], [135.980951, 35.486689], [135.98145, 35.486547], [135.982716, 35.487311], [135.984501, 35.489143], [135.986377, 35.49001], [135.987, 35.490454], [135.987612, 35.491371], [135.988031, 35.491756], [135.989507, 35.492682], [135.990427, 35.492663], [135.99319, 35.491587], [135.993779, 35.491541], [135.994819, 35.491629], [135.995307, 35.491793], [135.996679, 35.49263], [135.997309, 35.49201], [135.997611, 35.491493], [135.99781, 35.491403], [135.99825, 35.491409], [135.999623, 35.491752], [136.000647, 35.491578], [136.002069, 35.491966], [136.002454, 35.491876], [136.003353, 35.491426], [136.003771, 35.49106], [136.004171, 35.490954], [136.006665, 35.491819], [136.007022, 35.492212], [136.007071, 35.49331], [136.008485, 35.493631], [136.00889, 35.49385], [136.010524, 35.495682], [136.011446, 35.49705], [136.011686, 35.497617], [136.010746, 35.499658], [136.010951, 35.499967], [136.011693, 35.500458], [136.011872, 35.501946], [136.011748, 35.502722], [136.012351, 35.503452], [136.012292, 35.503726], [136.011764, 35.504374], [136.011727, 35.504841], [136.013292, 35.50731], [136.013758, 35.507821], [136.014614, 35.508262], [136.015103, 35.508729], [136.015757, 35.510542], [136.015117, 35.511454], [136.015139, 35.511648], [136.015963, 35.512272], [136.017831, 35.512376], [136.019656, 35.511797], [136.020306, 35.512026], [136.021529, 35.514923], [136.02287, 35.517646], [136.023237, 35.518035], [136.023288, 35.518881], [136.023551, 35.519355], [136.023386, 35.519916], [136.024468, 35.520398], [136.02499, 35.520853], [136.027291, 35.521921], [136.028161, 35.522623], [136.028842, 35.523428], [136.028768, 35.523778], [136.027257, 35.524856], [136.027635, 35.526218], [136.026392, 35.526677], [136.026083, 35.527024], [136.026532, 35.529497]]], [[[135.962668, 35.729899], [135.962797, 35.729844], [135.962773, 35.729951], [135.962668, 35.729899]]], [[[135.96001, 35.727312], [135.96006, 35.727222], [135.960165, 35.727282], [135.96001, 35.727312]]], [[[135.959216, 35.727262], [135.959364, 35.727155], [135.959354, 35.727306], [135.959216, 35.727262]]], [[[135.95508, 35.723389], [135.955157, 35.723351], [135.955243, 35.723445], [135.95508, 35.723389]]], [[[135.954105, 35.722156], [135.954169, 35.722144], [135.954194, 35.722249], [135.954105, 35.722156]]], [[[135.953969, 35.721986], [135.954094, 35.721969], [135.954098, 35.722052], [135.953969, 35.721986]]], [[[135.95518, 35.719601], [135.955294, 35.719639], [135.955211, 35.719676], [135.95518, 35.719601]]], [[[135.955529, 35.719199], [135.955569, 35.719166], [135.955629, 35.719228], [135.955529, 35.719199]]], [[[135.955536, 35.719011], [135.955651, 35.718995], [135.955629, 35.719077], [135.955536, 35.719011]]], [[[135.957352, 35.717334], [135.957453, 35.717254], [135.957453, 35.717387], [135.957352, 35.717334]]], [[[135.958478, 35.717188], [135.958579, 35.717217], [135.958514, 35.717246], [135.958478, 35.717188]]], [[[135.958699, 35.717051], [135.958759, 35.717025], [135.958824, 35.717073], [135.958699, 35.717051]]], [[[135.958021, 35.717025], [135.958106, 35.716983], [135.958143, 35.717062], [135.958021, 35.717025]]], [[[135.957312, 35.716935], [135.957432, 35.716872], [135.957381, 35.716977], [135.957312, 35.716935]]], [[[135.958423, 35.714834], [135.958783, 35.714903], [135.95891, 35.715146], [135.958611, 35.715068], [135.958423, 35.714834]]], [[[135.958982, 35.714585], [135.959056, 35.714551], [135.959117, 35.714636], [135.958982, 35.714585]]], [[[135.958857, 35.714194], [135.958923, 35.714139], [135.958977, 35.714162], [135.958857, 35.714194]]], [[[135.956731, 35.714087], [135.956851, 35.714027], [135.956814, 35.714132], [135.956731, 35.714087]]], [[[135.95849, 35.714087], [135.958514, 35.71402], [135.958598, 35.714041], [135.95849, 35.714087]]], [[[135.957294, 35.71388], [135.957404, 35.713738], [135.957556, 35.714021], [135.957294, 35.71388]]], [[[135.957559, 35.713689], [135.957718, 35.713708], [135.957736, 35.713887], [135.957559, 35.713689]]], [[[135.958039, 35.713376], [135.958141, 35.713364], [135.958138, 35.713454], [135.958039, 35.713376]]], [[[135.958678, 35.711922], [135.958765, 35.711876], [135.958742, 35.711962], [135.958678, 35.711922]]], [[[135.956881, 35.71128], [135.957076, 35.71129], [135.957097, 35.711567], [135.956971, 35.711544], [135.956881, 35.71128]]], [[[135.956881, 35.710916], [135.957047, 35.71095], [135.957074, 35.711187], [135.956881, 35.710916]]], [[[135.958158, 35.710812], [135.958217, 35.710738], [135.958304, 35.710809], [135.958158, 35.710812]]], [[[135.958064, 35.710662], [135.958186, 35.710613], [135.958147, 35.71067], [135.958064, 35.710662]]], [[[135.958394, 35.710518], [135.958474, 35.71051], [135.958483, 35.710586], [135.958394, 35.710518]]], [[[135.95865, 35.709623], [135.958694, 35.709562], [135.958771, 35.709605], [135.95865, 35.709623]]], [[[135.958664, 35.709259], [135.958772, 35.709226], [135.958813, 35.709289], [135.958664, 35.709259]]], [[[135.958276, 35.70913], [135.958409, 35.709073], [135.958356, 35.709187], [135.958276, 35.70913]]], [[[135.95847, 35.709122], [135.95861, 35.709078], [135.95858, 35.70916], [135.95847, 35.709122]]], [[[135.958857, 35.709096], [135.958987, 35.709042], [135.958964, 35.709133], [135.958857, 35.709096]]], [[[135.959445, 35.707689], [135.959524, 35.70767], [135.959511, 35.70774], [135.959445, 35.707689]]], [[[135.958837, 35.707599], [135.958956, 35.707562], [135.958986, 35.707641], [135.958837, 35.707599]]], [[[135.959334, 35.707543], [135.959379, 35.707478], [135.959428, 35.707508], [135.959334, 35.707543]]], [[[135.959168, 35.707481], [135.959262, 35.707413], [135.959237, 35.707486], [135.959168, 35.707481]]], [[[135.959458, 35.707339], [135.959559, 35.707311], [135.959519, 35.707381], [135.959458, 35.707339]]], [[[135.959287, 35.707233], [135.95938, 35.707256], [135.959309, 35.707292], [135.959287, 35.707233]]], [[[135.958947, 35.706079], [135.959041, 35.705996], [135.959097, 35.706175], [135.958947, 35.706079]]], [[[135.958941, 35.705553], [135.959041, 35.705524], [135.959019, 35.70563], [135.958941, 35.705553]]], [[[135.958132, 35.705296], [135.958178, 35.705259], [135.958248, 35.705333], [135.958132, 35.705296]]], [[[135.958242, 35.704996], [135.958469, 35.704972], [135.958502, 35.705123], [135.95834, 35.705168], [135.958242, 35.704996]]], [[[135.958043, 35.704692], [135.958202, 35.704641], [135.958149, 35.704733], [135.958043, 35.704692]]], [[[135.957704, 35.704486], [135.957841, 35.704431], [135.957786, 35.704531], [135.957704, 35.704486]]], [[[135.956903, 35.704403], [135.956987, 35.704389], [135.956991, 35.704474], [135.956903, 35.704403]]], [[[135.955149, 35.704341], [135.955221, 35.704266], [135.955278, 35.704392], [135.955149, 35.704341]]], [[[135.95711, 35.704294], [135.957231, 35.704295], [135.957249, 35.704404], [135.95711, 35.704294]]], [[[135.954687, 35.704172], [135.954817, 35.704065], [135.954782, 35.704261], [135.954687, 35.704172]]], [[[135.954942, 35.704057], [135.95512, 35.704027], [135.95505, 35.704146], [135.954942, 35.704057]]], [[[135.952679, 35.704043], [135.952831, 35.704024], [135.95276, 35.704079], [135.952679, 35.704043]]], [[[135.954811, 35.703864], [135.954978, 35.703789], [135.954917, 35.703956], [135.954811, 35.703864]]], [[[135.97041, 35.703796], [135.970601, 35.703822], [135.970499, 35.703881], [135.97041, 35.703796]]], [[[135.953777, 35.703654], [135.953904, 35.70362], [135.953872, 35.70369], [135.953777, 35.703654]]], [[[135.953521, 35.703658], [135.953628, 35.703592], [135.953607, 35.703672], [135.953521, 35.703658]]], [[[135.954321, 35.703424], [135.954437, 35.703365], [135.954409, 35.703454], [135.954321, 35.703424]]], [[[135.955212, 35.703296], [135.955536, 35.703158], [135.955617, 35.703351], [135.955277, 35.703453], [135.955212, 35.703296]]], [[[135.955178, 35.702966], [135.955297, 35.702921], [135.955333, 35.702991], [135.955178, 35.702966]]], [[[135.955358, 35.702579], [135.955428, 35.702543], [135.955466, 35.702601], [135.955358, 35.702579]]], [[[135.955185, 35.702489], [135.955248, 35.702431], [135.955286, 35.702533], [135.955185, 35.702489]]], [[[135.958098, 35.702324], [135.95822, 35.702274], [135.958196, 35.702342], [135.958098, 35.702324]]], [[[135.95785, 35.702196], [135.957986, 35.702177], [135.957914, 35.702243], [135.95785, 35.702196]]], [[[135.959817, 35.700398], [135.959938, 35.700368], [135.959953, 35.700449], [135.959817, 35.700398]]], [[[135.9601, 35.699695], [135.960318, 35.699736], [135.96037, 35.699959], [135.9601, 35.699695]]], [[[135.959991, 35.699829], [135.960079, 35.699823], [135.96009, 35.699925], [135.959991, 35.699829]]], [[[135.960391, 35.699599], [135.960534, 35.699536], [135.960713, 35.699701], [135.9605, 35.699781], [135.960391, 35.699599]]], [[[135.974131, 35.69899], [135.974232, 35.698924], [135.974217, 35.699025], [135.974131, 35.69899]]], [[[135.974683, 35.698943], [135.974795, 35.698788], [135.974894, 35.698838], [135.974802, 35.699024], [135.974683, 35.698943]]], [[[135.974677, 35.698362], [135.974796, 35.69834], [135.974832, 35.698482], [135.974705, 35.698496], [135.974677, 35.698362]]], [[[135.975844, 35.691436], [135.975928, 35.691416], [135.97593, 35.691516], [135.975844, 35.691436]]], [[[135.976002, 35.691403], [135.976062, 35.691362], [135.97608, 35.691465], [135.976002, 35.691403]]], [[[135.975907, 35.690149], [135.976016, 35.690135], [135.975964, 35.690213], [135.975907, 35.690149]]], [[[135.976047, 35.689689], [135.976104, 35.689646], [135.976134, 35.689707], [135.976047, 35.689689]]], [[[135.976087, 35.689507], [135.976237, 35.689513], [135.976122, 35.689576], [135.976087, 35.689507]]], [[[135.976347, 35.689152], [135.976396, 35.689084], [135.97652, 35.68908], [135.976347, 35.689152]]], [[[135.975755, 35.688893], [135.975833, 35.688843], [135.975858, 35.688942], [135.975755, 35.688893]]], [[[135.975991, 35.688803], [135.976062, 35.688796], [135.976041, 35.688884], [135.975991, 35.688803]]], [[[135.976136, 35.688707], [135.976241, 35.688683], [135.976209, 35.688787], [135.976136, 35.688707]]], [[[135.976333, 35.688529], [135.976531, 35.688484], [135.976437, 35.688742], [135.976333, 35.688529]]], [[[135.976156, 35.688486], [135.976201, 35.688473], [135.976178, 35.688535], [135.976156, 35.688486]]], [[[135.97657, 35.688455], [135.976662, 35.688423], [135.976692, 35.688495], [135.97657, 35.688455]]], [[[135.976224, 35.68835], [135.976346, 35.688363], [135.976269, 35.688416], [135.976224, 35.68835]]], [[[135.976401, 35.688379], [135.976479, 35.688398], [135.976436, 35.688412], [135.976401, 35.688379]]], [[[135.976341, 35.688109], [135.976476, 35.688062], [135.976513, 35.688251], [135.976341, 35.688109]]], [[[135.976198, 35.688078], [135.976248, 35.688064], [135.976252, 35.688134], [135.976198, 35.688078]]], [[[135.975797, 35.683821], [135.975984, 35.68379], [135.976008, 35.683977], [135.975797, 35.683821]]], [[[135.975732, 35.683523], [135.975941, 35.68347], [135.975995, 35.683564], [135.975732, 35.683523]]], [[[135.975397, 35.683535], [135.975538, 35.683488], [135.975513, 35.683592], [135.975397, 35.683535]]], [[[135.971344, 35.676362], [135.971453, 35.676352], [135.971407, 35.676397], [135.971344, 35.676362]]], [[[135.970736, 35.676176], [135.970821, 35.676067], [135.970844, 35.676148], [135.970736, 35.676176]]], [[[135.969763, 35.675428], [135.969833, 35.67538], [135.969884, 35.675467], [135.969763, 35.675428]]], [[[135.964739, 35.675202], [135.964849, 35.675143], [135.964832, 35.675234], [135.964739, 35.675202]]], [[[135.963796, 35.674907], [135.963861, 35.674867], [135.963901, 35.674945], [135.963796, 35.674907]]], [[[135.966012, 35.674933], [135.966114, 35.674833], [135.966127, 35.67491], [135.966012, 35.674933]]], [[[135.965432, 35.674861], [135.965469, 35.674788], [135.965527, 35.674823], [135.965432, 35.674861]]], [[[135.965729, 35.67479], [135.965814, 35.674737], [135.965852, 35.674836], [135.965729, 35.67479]]], [[[135.964374, 35.674728], [135.964425, 35.674538], [135.964684, 35.674531], [135.964693, 35.674708], [135.964523, 35.674794], [135.964374, 35.674728]]], [[[135.966407, 35.674645], [135.966511, 35.67461], [135.966576, 35.674683], [135.966407, 35.674645]]], [[[135.965057, 35.674652], [135.965166, 35.674629], [135.965097, 35.674708], [135.965057, 35.674652]]], [[[135.965534, 35.674608], [135.965704, 35.674648], [135.965611, 35.674694], [135.965534, 35.674608]]], [[[135.966144, 35.674648], [135.966227, 35.674614], [135.966266, 35.67467], [135.966144, 35.674648]]], [[[135.96412, 35.674633], [135.964199, 35.674545], [135.964276, 35.67459], [135.96412, 35.674633]]], [[[135.963486, 35.674582], [135.963579, 35.674542], [135.963579, 35.6746], [135.963486, 35.674582]]], [[[135.965066, 35.674507], [135.965197, 35.674417], [135.965179, 35.674555], [135.965066, 35.674507]]], [[[135.964416, 35.67433], [135.964494, 35.674279], [135.964517, 35.67437], [135.964416, 35.67433]]], [[[135.964996, 35.674352], [135.965119, 35.674324], [135.965066, 35.674386], [135.964996, 35.674352]]], [[[135.964259, 35.674284], [135.964288, 35.67423], [135.964347, 35.674254], [135.964259, 35.674284]]], [[[135.964217, 35.674002], [135.96429, 35.673942], [135.964394, 35.674071], [135.964217, 35.674002]]], [[[135.964617, 35.674079], [135.96466, 35.674016], [135.964713, 35.674038], [135.964617, 35.674079]]], [[[135.965687, 35.673692], [135.965814, 35.673656], [135.965867, 35.67379], [135.965687, 35.673692]]], [[[135.964982, 35.673769], [135.965044, 35.673684], [135.965038, 35.673782], [135.964982, 35.673769]]], [[[135.96516, 35.673681], [135.965395, 35.673615], [135.965515, 35.673722], [135.96516, 35.673681]]], [[[135.965284, 35.673515], [135.965387, 35.673434], [135.9655, 35.67356], [135.965284, 35.673515]]], [[[135.965846, 35.673455], [135.965913, 35.673367], [135.965939, 35.673492], [135.965846, 35.673455]]], [[[135.966072, 35.673408], [135.966155, 35.673379], [135.966141, 35.673469], [135.966072, 35.673408]]], [[[135.967705, 35.672384], [135.967784, 35.672332], [135.967854, 35.672423], [135.967705, 35.672384]]], [[[135.96843, 35.670401], [135.968541, 35.670374], [135.968504, 35.670453], [135.96843, 35.670401]]], [[[135.967134, 35.667776], [135.967184, 35.667707], [135.967241, 35.667729], [135.967134, 35.667776]]], [[[135.966968, 35.66774], [135.967089, 35.667703], [135.967044, 35.667781], [135.966968, 35.66774]]], [[[135.966678, 35.667681], [135.966764, 35.667621], [135.966847, 35.667706], [135.966678, 35.667681]]], [[[135.966855, 35.667517], [135.967009, 35.66748], [135.966959, 35.667559], [135.966855, 35.667517]]], [[[135.966134, 35.667159], [135.966254, 35.667116], [135.966303, 35.667183], [135.966134, 35.667159]]], [[[135.966547, 35.667121], [135.966704, 35.667096], [135.966635, 35.667173], [135.966547, 35.667121]]], [[[135.96643, 35.666962], [135.966516, 35.66691], [135.966587, 35.66697], [135.96643, 35.666962]]], [[[135.966614, 35.666723], [135.966704, 35.66664], [135.966779, 35.666741], [135.966614, 35.666723]]], [[[135.966509, 35.666359], [135.966612, 35.666298], [135.966662, 35.666402], [135.966509, 35.666359]]], [[[135.966547, 35.666162], [135.966671, 35.666138], [135.966592, 35.666226], [135.966547, 35.666162]]], [[[135.966451, 35.66571], [135.966584, 35.665652], [135.966569, 35.665746], [135.966451, 35.66571]]], [[[135.965231, 35.665569], [135.965378, 35.665533], [135.965344, 35.665634], [135.965231, 35.665569]]], [[[135.966456, 35.665509], [135.966629, 35.665472], [135.966597, 35.665563], [135.966456, 35.665509]]], [[[135.966083, 35.663977], [135.966147, 35.663914], [135.966245, 35.66401], [135.966083, 35.663977]]], [[[135.966272, 35.663957], [135.966403, 35.663916], [135.966423, 35.664016], [135.966272, 35.663957]]], [[[135.966207, 35.663729], [135.966312, 35.663704], [135.966333, 35.6638], [135.966207, 35.663729]]], [[[135.96607, 35.663645], [135.966202, 35.663643], [135.966146, 35.663695], [135.96607, 35.663645]]], [[[135.966194, 35.663422], [135.966344, 35.663412], [135.96629, 35.663483], [135.966194, 35.663422]]], [[[135.965991, 35.663387], [135.966068, 35.663284], [135.966157, 35.66335], [135.966107, 35.663445], [135.965991, 35.663387]]], [[[135.966142, 35.663215], [135.966224, 35.663153], [135.966285, 35.663217], [135.966142, 35.663215]]], [[[135.965817, 35.662912], [135.965997, 35.662947], [135.966052, 35.663077], [135.965817, 35.662912]]], [[[135.966093, 35.662906], [135.966193, 35.662882], [135.966211, 35.662962], [135.966093, 35.662906]]], [[[135.96596, 35.662729], [135.96607, 35.66271], [135.966094, 35.662787], [135.96596, 35.662729]]], [[[135.965886, 35.662625], [135.965979, 35.662584], [135.966017, 35.662637], [135.965886, 35.662625]]], [[[135.96565, 35.662384], [135.96572, 35.662336], [135.965791, 35.662408], [135.96565, 35.662384]]], [[[135.96601, 35.662239], [135.966082, 35.662194], [135.966137, 35.662248], [135.96601, 35.662239]]], [[[135.965799, 35.662087], [135.965939, 35.662045], [135.96589, 35.66213], [135.965799, 35.662087]]], [[[135.966349, 35.661012], [135.966489, 35.660993], [135.966433, 35.661066], [135.966349, 35.661012]]], [[[135.966555, 35.660881], [135.966668, 35.660843], [135.966696, 35.660919], [135.966555, 35.660881]]], [[[135.964739, 35.658333], [135.964794, 35.658267], [135.964855, 35.658353], [135.964739, 35.658333]]], [[[135.964408, 35.658247], [135.964433, 35.658154], [135.96456, 35.658246], [135.964408, 35.658247]]], [[[135.964137, 35.658134], [135.964256, 35.658107], [135.964267, 35.65821], [135.964137, 35.658134]]], [[[135.962718, 35.657303], [135.96283, 35.65725], [135.962883, 35.657365], [135.962718, 35.657303]]], [[[135.961981, 35.656779], [135.962132, 35.656732], [135.962183, 35.656807], [135.961981, 35.656779]]], [[[135.96165, 35.656708], [135.96177, 35.656676], [135.96182, 35.656772], [135.96165, 35.656708]]], [[[135.96199, 35.656636], [135.962174, 35.656585], [135.962122, 35.656666], [135.96199, 35.656636]]], [[[135.961231, 35.656592], [135.961396, 35.656558], [135.961302, 35.656647], [135.961231, 35.656592]]], [[[135.963008, 35.65654], [135.963159, 35.6565], [135.963118, 35.656603], [135.963008, 35.65654]]], [[[135.963737, 35.656152], [135.963797, 35.656045], [135.963897, 35.656085], [135.963737, 35.656152]]], [[[135.963926, 35.656091], [135.964059, 35.656074], [135.964024, 35.656152], [135.963926, 35.656091]]], [[[135.965038, 35.655891], [135.965215, 35.655901], [135.965116, 35.655966], [135.965038, 35.655891]]], [[[135.965284, 35.655626], [135.965391, 35.65558], [135.965449, 35.655661], [135.965284, 35.655626]]], [[[135.965136, 35.655558], [135.965299, 35.655525], [135.965241, 35.655627], [135.965136, 35.655558]]], [[[135.976512, 35.650611], [135.976618, 35.650539], [135.976695, 35.650592], [135.976512, 35.650611]]], [[[135.978181, 35.649767], [135.978326, 35.649685], [135.9783, 35.649782], [135.978181, 35.649767]]], [[[135.978779, 35.64936], [135.978906, 35.649302], [135.978887, 35.649401], [135.978779, 35.64936]]], [[[135.979112, 35.649231], [135.979311, 35.649175], [135.979262, 35.649275], [135.979112, 35.649231]]], [[[135.982104, 35.645785], [135.982252, 35.645736], [135.982213, 35.645841], [135.982104, 35.645785]]], [[[135.982401, 35.645732], [135.982494, 35.645694], [135.982533, 35.645801], [135.982401, 35.645732]]], [[[135.982246, 35.645695], [135.982336, 35.645642], [135.982381, 35.645716], [135.982246, 35.645695]]], [[[135.822681, 35.644694], [135.82277, 35.644644], [135.8228, 35.644687], [135.822681, 35.644694]]], [[[135.818769, 35.644394], [135.818831, 35.644368], [135.818837, 35.644461], [135.818769, 35.644394]]], [[[135.819448, 35.644362], [135.819513, 35.644325], [135.819541, 35.644405], [135.819448, 35.644362]]], [[[135.819902, 35.644309], [135.820061, 35.644111], [135.820116, 35.644223], [135.819964, 35.644366], [135.819902, 35.644309]]], [[[135.820266, 35.644278], [135.820364, 35.644264], [135.820321, 35.644315], [135.820266, 35.644278]]], [[[135.813389, 35.64427], [135.81347, 35.644206], [135.813467, 35.644287], [135.813389, 35.64427]]], [[[135.822362, 35.644262], [135.822363, 35.644213], [135.822426, 35.644222], [135.822362, 35.644262]]], [[[135.822129, 35.644234], [135.822145, 35.644198], [135.822192, 35.644232], [135.822129, 35.644234]]], [[[135.818934, 35.644232], [135.819009, 35.644112], [135.819022, 35.644206], [135.818934, 35.644232]]], [[[135.818258, 35.644161], [135.818324, 35.644113], [135.818347, 35.644205], [135.818258, 35.644161]]], [[[135.821168, 35.644147], [135.821235, 35.644113], [135.821258, 35.644175], [135.821168, 35.644147]]], [[[135.819739, 35.644144], [135.819804, 35.644065], [135.819768, 35.644161], [135.819739, 35.644144]]], [[[135.822267, 35.644075], [135.822346, 35.644062], [135.822292, 35.644105], [135.822267, 35.644075]]], [[[135.824577, 35.644013], [135.824672, 35.643942], [135.824656, 35.644051], [135.824577, 35.644013]]], [[[135.818017, 35.644012], [135.818067, 35.64394], [135.818106, 35.644045], [135.818017, 35.644012]]], [[[135.825189, 35.64341], [135.825259, 35.643335], [135.825769, 35.643433], [135.825957, 35.643788], [135.825456, 35.643868], [135.825189, 35.64341]]], [[[135.817516, 35.643811], [135.817651, 35.6438], [135.817611, 35.643844], [135.817516, 35.643811]]], [[[135.82429, 35.643554], [135.824344, 35.643527], [135.824383, 35.643594], [135.82429, 35.643554]]], [[[135.815482, 35.643309], [135.815546, 35.643236], [135.815587, 35.643369], [135.815482, 35.643309]]], [[[135.816776, 35.643193], [135.816858, 35.643143], [135.816827, 35.643223], [135.816776, 35.643193]]], [[[135.814452, 35.643144], [135.814563, 35.643082], [135.8145, 35.643193], [135.814452, 35.643144]]], [[[135.814444, 35.642934], [135.814617, 35.642554], [135.814767, 35.642849], [135.814444, 35.642934]]], [[[135.814739, 35.642451], [135.814847, 35.642398], [135.814946, 35.642574], [135.814739, 35.642451]]], [[[135.82571, 35.641061], [135.825848, 35.641015], [135.82579, 35.641109], [135.82571, 35.641061]]], [[[135.826291, 35.640456], [135.826363, 35.640456], [135.826384, 35.640537], [135.826291, 35.640456]]], [[[135.826368, 35.640231], [135.826514, 35.64025], [135.826434, 35.640272], [135.826368, 35.640231]]], [[[135.82753, 35.640054], [135.827631, 35.639991], [135.827624, 35.640087], [135.82753, 35.640054]]], [[[135.826994, 35.639989], [135.827108, 35.639927], [135.827027, 35.640044], [135.826994, 35.639989]]], [[[135.827375, 35.639709], [135.827494, 35.639731], [135.827479, 35.639792], [135.827375, 35.639709]]], [[[135.827514, 35.639635], [135.827577, 35.639614], [135.827642, 35.639706], [135.827514, 35.639635]]], [[[135.830565, 35.639023], [135.830649, 35.639008], [135.830677, 35.639047], [135.830565, 35.639023]]], [[[135.830229, 35.638983], [135.830347, 35.638964], [135.830282, 35.639016], [135.830229, 35.638983]]], [[[135.83057, 35.638919], [135.830659, 35.638871], [135.830711, 35.638898], [135.83057, 35.638919]]], [[[135.83184, 35.638531], [135.83187, 35.63848], [135.831905, 35.638547], [135.83184, 35.638531]]], [[[135.832026, 35.638432], [135.832087, 35.638404], [135.832125, 35.638455], [135.832026, 35.638432]]], [[[135.839042, 35.638137], [135.839238, 35.637996], [135.839386, 35.638063], [135.839174, 35.638204], [135.839042, 35.638137]]], [[[135.841692, 35.637644], [135.841789, 35.637622], [135.841742, 35.63769], [135.841692, 35.637644]]], [[[135.842282, 35.637215], [135.842372, 35.637197], [135.842332, 35.637263], [135.842282, 35.637215]]], [[[135.841512, 35.637208], [135.84154, 35.637124], [135.841574, 35.637216], [135.841512, 35.637208]]], [[[135.843361, 35.637061], [135.843491, 35.637036], [135.84341, 35.637091], [135.843361, 35.637061]]], [[[135.837536, 35.636844], [135.837672, 35.636755], [135.83768, 35.636833], [135.837536, 35.636844]]], [[[135.835421, 35.63639], [135.835473, 35.636329], [135.83556, 35.636367], [135.835421, 35.63639]]], [[[135.845801, 35.635857], [135.845928, 35.635829], [135.84588, 35.635906], [135.845801, 35.635857]]], [[[135.845316, 35.635837], [135.84535, 35.635734], [135.845435, 35.63579], [135.845316, 35.635837]]], [[[135.846503, 35.635402], [135.846549, 35.635347], [135.846669, 35.635399], [135.846503, 35.635402]]], [[[135.948966, 35.635259], [135.949147, 35.635303], [135.949029, 35.635371], [135.948966, 35.635259]]], [[[135.953535, 35.634665], [135.953837, 35.634457], [135.95372, 35.634785], [135.953535, 35.634665]]], [[[135.953842, 35.634687], [135.953942, 35.634609], [135.953913, 35.634733], [135.953842, 35.634687]]], [[[135.952809, 35.63459], [135.952901, 35.634548], [135.95295, 35.63463], [135.952809, 35.63459]]], [[[135.95474, 35.634532], [135.954825, 35.634498], [135.954853, 35.634575], [135.95474, 35.634532]]], [[[135.949834, 35.634451], [135.950021, 35.634337], [135.950175, 35.634567], [135.949895, 35.634561], [135.949834, 35.634451]]], [[[135.952945, 35.63445], [135.953042, 35.634246], [135.953181, 35.634232], [135.953337, 35.634494], [135.953211, 35.634562], [135.952945, 35.63445]]], [[[135.950691, 35.634458], [135.950834, 35.634499], [135.950723, 35.634537], [135.950691, 35.634458]]], [[[135.948697, 35.634488], [135.948754, 35.634412], [135.948831, 35.634462], [135.948697, 35.634488]]], [[[135.954395, 35.634451], [135.954471, 35.634348], [135.95457, 35.634396], [135.954395, 35.634451]]], [[[135.954657, 35.634409], [135.954798, 35.634409], [135.954688, 35.634487], [135.954657, 35.634409]]], [[[135.954842, 35.634355], [135.954929, 35.634307], [135.954919, 35.634441], [135.954842, 35.634355]]], [[[135.949849, 35.634095], [135.950175, 35.633975], [135.950242, 35.634371], [135.950057, 35.634371], [135.949849, 35.634095]]], [[[135.955064, 35.634305], [135.955183, 35.634249], [135.955135, 35.634373], [135.955064, 35.634305]]], [[[135.949415, 35.634328], [135.949558, 35.634279], [135.949497, 35.634357], [135.949415, 35.634328]]], [[[135.954216, 35.634323], [135.95426, 35.634249], [135.954341, 35.634277], [135.954216, 35.634323]]], [[[135.954484, 35.634261], [135.954623, 35.634244], [135.954632, 35.634309], [135.954484, 35.634261]]], [[[135.953643, 35.634246], [135.953742, 35.634207], [135.953774, 35.634298], [135.953643, 35.634246]]], [[[135.845135, 35.634223], [135.845234, 35.634302], [135.845149, 35.634287], [135.845135, 35.634223]]], [[[135.949762, 35.63424], [135.949868, 35.634267], [135.949791, 35.634302], [135.949762, 35.63424]]], [[[135.953305, 35.634243], [135.953374, 35.634236], [135.953392, 35.634269], [135.953305, 35.634243]]], [[[135.949204, 35.63412], [135.949521, 35.63388], [135.949695, 35.633991], [135.949488, 35.634213], [135.949204, 35.63412]]], [[[135.949702, 35.634119], [135.949817, 35.634082], [135.949778, 35.634164], [135.949702, 35.634119]]], [[[135.949853, 35.633953], [135.949981, 35.633912], [135.94994, 35.634001], [135.949853, 35.633953]]], [[[135.949295, 35.633817], [135.949394, 35.633781], [135.949397, 35.633878], [135.949295, 35.633817]]], [[[135.948313, 35.633369], [135.948449, 35.633237], [135.948597, 35.633295], [135.948482, 35.633515], [135.948313, 35.633369]]], [[[135.947519, 35.632934], [135.94773, 35.632892], [135.947632, 35.632977], [135.947519, 35.632934]]], [[[135.947749, 35.632782], [135.947898, 35.632748], [135.947841, 35.632822], [135.947749, 35.632782]]], [[[135.948361, 35.632724], [135.948472, 35.632682], [135.948502, 35.632761], [135.948361, 35.632724]]], [[[135.947565, 35.632662], [135.947645, 35.632561], [135.947759, 35.632632], [135.947662, 35.632728], [135.947565, 35.632662]]], [[[135.845707, 35.632621], [135.845711, 35.63258], [135.845817, 35.632669], [135.845707, 35.632621]]], [[[135.947946, 35.632564], [135.948097, 35.632507], [135.948089, 35.632657], [135.947946, 35.632564]]], [[[135.948194, 35.632493], [135.94835, 35.63254], [135.948252, 35.632584], [135.948194, 35.632493]]], [[[135.947863, 35.632376], [135.94798, 35.632311], [135.948077, 35.632391], [135.947975, 35.632467], [135.947863, 35.632376]]], [[[135.948107, 35.632366], [135.948238, 35.632352], [135.948197, 35.632421], [135.948107, 35.632366]]], [[[135.947413, 35.632285], [135.947547, 35.632255], [135.947489, 35.63236], [135.947413, 35.632285]]], [[[135.947841, 35.632213], [135.947911, 35.632152], [135.947975, 35.632229], [135.947841, 35.632213]]], [[[135.947718, 35.632088], [135.947845, 35.632145], [135.947767, 35.63217], [135.947718, 35.632088]]], [[[135.947867, 35.631947], [135.948001, 35.631937], [135.947908, 35.63201], [135.947867, 35.631947]]], [[[135.947967, 35.631689], [135.948085, 35.63164], [135.94807, 35.631737], [135.947967, 35.631689]]], [[[135.948268, 35.631372], [135.948453, 35.631312], [135.948501, 35.631416], [135.948268, 35.631372]]], [[[135.948048, 35.631308], [135.948152, 35.631274], [135.948176, 35.631365], [135.948048, 35.631308]]], [[[135.948238, 35.630957], [135.948358, 35.630841], [135.948615, 35.630974], [135.948446, 35.631135], [135.948238, 35.630957]]], [[[135.947588, 35.631018], [135.947744, 35.630926], [135.94771, 35.63102], [135.947588, 35.631018]]], [[[135.84476, 35.629604], [135.844851, 35.629469], [135.844838, 35.629565], [135.84476, 35.629604]]], [[[135.8447, 35.628438], [135.844797, 35.628443], [135.844779, 35.628507], [135.8447, 35.628438]]], [[[135.843694, 35.628008], [135.843819, 35.627994], [135.843761, 35.628051], [135.843694, 35.628008]]], [[[135.843526, 35.62789], [135.843648, 35.627861], [135.843624, 35.627952], [135.843526, 35.62789]]], [[[135.950247, 35.627082], [135.950363, 35.627072], [135.950347, 35.627169], [135.950247, 35.627082]]], [[[135.959072, 35.626745], [135.959177, 35.626663], [135.959157, 35.626755], [135.959072, 35.626745]]], [[[135.947845, 35.626619], [135.947945, 35.626538], [135.947924, 35.626651], [135.947845, 35.626619]]], [[[135.948119, 35.626483], [135.948181, 35.626434], [135.948237, 35.626474], [135.948119, 35.626483]]], [[[135.947811, 35.626277], [135.947926, 35.62617], [135.948218, 35.626276], [135.947997, 35.626468], [135.947811, 35.626277]]], [[[135.948183, 35.626177], [135.948327, 35.626117], [135.948301, 35.626204], [135.948183, 35.626177]]], [[[135.94812, 35.625935], [135.948256, 35.625868], [135.948235, 35.625957], [135.94812, 35.625935]]], [[[135.853612, 35.625804], [135.853658, 35.625761], [135.853709, 35.625808], [135.853612, 35.625804]]], [[[135.960421, 35.625696], [135.960492, 35.625647], [135.960549, 35.625718], [135.960421, 35.625696]]], [[[135.947677, 35.625679], [135.947726, 35.625543], [135.947856, 35.625569], [135.947863, 35.625722], [135.947677, 35.625679]]], [[[135.85317, 35.625702], [135.853354, 35.62561], [135.853335, 35.625672], [135.85317, 35.625702]]], [[[135.961092, 35.625632], [135.961252, 35.625579], [135.961179, 35.625669], [135.961092, 35.625632]]], [[[135.852902, 35.625643], [135.853049, 35.625614], [135.852989, 35.625666], [135.852902, 35.625643]]], [[[135.947914, 35.625564], [135.948085, 35.625534], [135.948019, 35.625629], [135.947914, 35.625564]]], [[[135.907548, 35.625555], [135.907604, 35.625518], [135.907646, 35.625581], [135.907548, 35.625555]]], [[[135.853576, 35.625568], [135.85366, 35.625554], [135.853632, 35.625603], [135.853576, 35.625568]]], [[[135.907295, 35.625448], [135.907481, 35.625354], [135.907411, 35.625492], [135.907295, 35.625448]]], [[[135.960618, 35.625431], [135.960714, 35.625384], [135.960764, 35.625446], [135.960618, 35.625431]]], [[[135.960976, 35.625406], [135.961084, 35.625368], [135.961102, 35.625435], [135.960976, 35.625406]]], [[[135.853746, 35.625377], [135.853825, 35.625264], [135.853844, 35.625409], [135.853746, 35.625377]]], [[[135.96115, 35.625313], [135.961257, 35.625297], [135.961281, 35.625387], [135.96115, 35.625313]]], [[[135.907695, 35.625332], [135.907804, 35.625303], [135.907747, 35.625376], [135.907695, 35.625332]]], [[[135.9023, 35.625352], [135.902429, 35.625295], [135.902397, 35.625374], [135.9023, 35.625352]]], [[[135.853357, 35.625334], [135.853466, 35.625286], [135.853438, 35.625349], [135.853357, 35.625334]]], [[[135.90711, 35.625327], [135.907221, 35.625259], [135.907234, 35.625335], [135.90711, 35.625327]]], [[[135.853993, 35.625333], [135.854004, 35.62526], [135.854064, 35.625286], [135.853993, 35.625333]]], [[[135.853632, 35.62517], [135.853715, 35.625138], [135.853749, 35.625191], [135.853632, 35.62517]]], [[[135.907304, 35.625107], [135.907407, 35.624876], [135.907627, 35.624853], [135.90759, 35.625133], [135.907304, 35.625107]]], [[[135.90767, 35.625121], [135.907765, 35.625097], [135.907786, 35.625172], [135.90767, 35.625121]]], [[[135.961044, 35.625116], [135.961121, 35.625069], [135.961185, 35.625143], [135.961044, 35.625116]]], [[[135.906865, 35.625073], [135.907233, 35.62469], [135.907159, 35.625023], [135.906984, 35.625136], [135.906865, 35.625073]]], [[[135.973513, 35.625068], [135.973611, 35.625061], [135.973607, 35.625123], [135.973513, 35.625068]]], [[[135.854363, 35.625074], [135.854425, 35.625034], [135.854404, 35.625119], [135.854363, 35.625074]]], [[[135.906465, 35.625002], [135.906588, 35.624616], [135.906657, 35.624792], [135.906564, 35.62506], [135.906465, 35.625002]]], [[[135.854553, 35.624971], [135.854636, 35.624945], [135.854563, 35.625012], [135.854553, 35.624971]]], [[[135.947379, 35.624896], [135.947485, 35.624829], [135.947567, 35.624924], [135.947454, 35.624982], [135.947379, 35.624896]]], [[[135.905025, 35.624899], [135.905117, 35.624862], [135.905132, 35.624929], [135.905025, 35.624899]]], [[[135.907867, 35.624834], [135.908017, 35.624857], [135.907891, 35.624889], [135.907867, 35.624834]]], [[[135.898845, 35.624806], [135.898961, 35.624766], [135.898982, 35.624832], [135.898845, 35.624806]]], [[[135.898616, 35.624805], [135.898754, 35.624724], [135.898737, 35.624801], [135.898616, 35.624805]]], [[[135.907524, 35.62472], [135.907639, 35.624755], [135.907558, 35.624782], [135.907524, 35.62472]]], [[[135.90506, 35.624715], [135.905111, 35.624672], [135.905153, 35.624748], [135.90506, 35.624715]]], [[[135.97358, 35.624677], [135.973651, 35.62463], [135.973696, 35.624692], [135.97358, 35.624677]]], [[[135.907566, 35.624608], [135.907702, 35.624583], [135.907658, 35.624652], [135.907566, 35.624608]]], [[[135.856162, 35.624594], [135.856221, 35.624569], [135.85621, 35.624607], [135.856162, 35.624594]]], [[[135.898006, 35.624539], [135.898073, 35.624421], [135.898241, 35.624491], [135.898157, 35.624607], [135.898006, 35.624539]]], [[[135.898631, 35.624362], [135.898754, 35.624466], [135.898646, 35.624477], [135.898631, 35.624362]]], [[[135.902171, 35.624392], [135.902284, 35.624362], [135.902252, 35.624444], [135.902171, 35.624392]]], [[[135.901999, 35.624309], [135.902132, 35.624269], [135.902065, 35.624372], [135.901999, 35.624309]]], [[[135.852741, 35.624312], [135.852863, 35.624333], [135.852819, 35.624364], [135.852741, 35.624312]]], [[[135.898081, 35.624322], [135.898226, 35.624175], [135.89821, 35.624346], [135.898081, 35.624322]]], [[[135.898274, 35.623997], [135.898599, 35.623936], [135.898619, 35.624149], [135.898474, 35.624187], [135.898274, 35.623997]]], [[[135.971911, 35.62414], [135.972022, 35.624101], [135.971985, 35.624187], [135.971911, 35.62414]]], [[[135.898104, 35.62409], [135.898242, 35.624016], [135.898188, 35.624129], [135.898104, 35.62409]]], [[[135.97229, 35.624078], [135.972433, 35.624036], [135.972379, 35.62412], [135.97229, 35.624078]]], [[[135.944364, 35.624027], [135.944429, 35.623952], [135.944526, 35.624017], [135.944364, 35.624027]]], [[[135.902037, 35.624011], [135.902136, 35.623966], [135.902204, 35.624053], [135.902037, 35.624011]]], [[[135.858079, 35.624009], [135.858201, 35.623894], [135.858183, 35.624016], [135.858079, 35.624009]]], [[[135.897941, 35.623984], [135.898009, 35.623943], [135.898052, 35.624016], [135.897941, 35.623984]]], [[[135.945015, 35.623966], [135.945194, 35.623949], [135.945106, 35.624034], [135.945015, 35.623966]]], [[[135.857879, 35.623991], [135.857984, 35.623939], [135.857971, 35.624016], [135.857879, 35.623991]]], [[[135.904673, 35.623987], [135.904781, 35.623929], [135.904742, 35.624005], [135.904673, 35.623987]]], [[[135.897665, 35.623922], [135.897779, 35.623877], [135.897801, 35.623961], [135.897665, 35.623922]]], [[[135.971751, 35.62389], [135.971877, 35.623872], [135.971801, 35.623955], [135.971751, 35.62389]]], [[[135.90126, 35.623928], [135.901425, 35.623887], [135.901402, 35.623954], [135.90126, 35.623928]]], [[[135.971909, 35.623938], [135.97197, 35.623843], [135.972046, 35.623884], [135.971909, 35.623938]]], [[[135.899985, 35.623913], [135.900089, 35.623836], [135.900076, 35.623936], [135.899985, 35.623913]]], [[[135.904812, 35.623875], [135.904872, 35.623882], [135.90486, 35.623924], [135.904812, 35.623875]]], [[[135.896919, 35.623892], [135.897063, 35.623808], [135.897017, 35.623908], [135.896919, 35.623892]]], [[[135.903862, 35.62381], [135.904012, 35.623797], [135.90395, 35.623852], [135.903862, 35.62381]]], [[[135.902651, 35.62381], [135.902682, 35.623765], [135.902757, 35.623808], [135.902651, 35.62381]]], [[[135.944102, 35.623769], [135.944267, 35.623739], [135.944195, 35.623837], [135.944102, 35.623769]]], [[[135.944317, 35.623749], [135.944442, 35.623681], [135.944479, 35.623782], [135.944317, 35.623749]]], [[[135.900361, 35.623749], [135.900516, 35.623749], [135.90048, 35.623818], [135.900361, 35.623749]]], [[[135.945063, 35.623702], [135.945192, 35.623673], [135.945175, 35.623777], [135.945063, 35.623702]]], [[[135.901208, 35.623722], [135.901241, 35.623656], [135.901365, 35.623696], [135.901208, 35.623722]]], [[[135.90019, 35.623724], [135.900214, 35.623655], [135.900312, 35.623684], [135.90019, 35.623724]]], [[[135.859371, 35.6237], [135.859458, 35.62366], [135.859455, 35.623729], [135.859371, 35.6237]]], [[[135.94473, 35.623659], [135.944905, 35.62359], [135.944857, 35.623691], [135.94473, 35.623659]]], [[[135.851319, 35.62363], [135.851425, 35.623569], [135.851599, 35.623647], [135.851319, 35.62363]]], [[[135.903768, 35.623629], [135.903867, 35.623554], [135.90384, 35.623656], [135.903768, 35.623629]]], [[[135.94463, 35.623491], [135.94482, 35.623444], [135.944708, 35.623552], [135.94463, 35.623491]]], [[[135.898314, 35.623509], [135.898441, 35.623449], [135.898411, 35.623546], [135.898314, 35.623509]]], [[[135.895957, 35.623426], [135.896003, 35.623376], [135.896092, 35.623439], [135.895957, 35.623426]]], [[[135.847622, 35.623435], [135.847711, 35.623365], [135.847694, 35.623452], [135.847622, 35.623435]]], [[[135.84978, 35.623385], [135.84986, 35.623356], [135.849875, 35.623431], [135.84978, 35.623385]]], [[[135.908479, 35.623376], [135.908591, 35.623401], [135.908512, 35.62343], [135.908479, 35.623376]]], [[[135.849986, 35.623382], [135.850093, 35.623345], [135.850049, 35.62342], [135.849986, 35.623382]]], [[[135.850579, 35.623328], [135.850616, 35.623265], [135.850665, 35.623284], [135.850579, 35.623328]]], [[[135.849911, 35.623291], [135.849989, 35.623241], [135.849972, 35.623299], [135.849911, 35.623291]]], [[[135.944341, 35.623228], [135.944455, 35.623081], [135.94461, 35.623107], [135.944485, 35.623315], [135.944341, 35.623228]]], [[[135.895948, 35.623245], [135.896046, 35.623216], [135.896067, 35.623286], [135.895948, 35.623245]]], [[[135.944, 35.623232], [135.944162, 35.623243], [135.944072, 35.623307], [135.944, 35.623232]]], [[[135.908201, 35.623212], [135.908296, 35.623131], [135.908375, 35.623263], [135.908201, 35.623212]]], [[[135.896601, 35.623247], [135.896776, 35.623174], [135.896714, 35.623283], [135.896601, 35.623247]]], [[[135.850419, 35.623233], [135.850534, 35.623217], [135.850463, 35.623274], [135.850419, 35.623233]]], [[[135.898208, 35.623192], [135.898302, 35.623131], [135.898348, 35.62323], [135.898208, 35.623192]]], [[[135.944648, 35.623028], [135.94483, 35.623042], [135.944809, 35.623177], [135.944651, 35.623141], [135.944648, 35.623028]]], [[[135.895903, 35.623074], [135.896002, 35.623026], [135.89603, 35.623098], [135.895903, 35.623074]]], [[[135.944898, 35.623035], [135.944932, 35.622977], [135.944979, 35.622967], [135.944996, 35.622969], [135.945019, 35.623001], [135.945033, 35.623028], [135.945032, 35.623061], [135.944898, 35.623035]]], [[[135.944211, 35.622999], [135.94427, 35.622856], [135.944588, 35.622927], [135.94457, 35.623042], [135.944211, 35.622999]]], [[[135.897287, 35.623002], [135.897437, 35.622964], [135.89735, 35.623041], [135.897287, 35.623002]]], [[[135.944638, 35.622905], [135.944687, 35.622835], [135.944802, 35.622925], [135.944638, 35.622905]]], [[[135.94421, 35.622732], [135.944471, 35.622731], [135.944389, 35.622818], [135.94421, 35.622732]]], [[[135.859513, 35.622773], [135.859582, 35.622761], [135.859551, 35.622805], [135.859513, 35.622773]]], [[[135.944339, 35.622562], [135.944427, 35.622527], [135.944466, 35.622607], [135.944339, 35.622562]]], [[[135.895541, 35.622569], [135.895693, 35.622461], [135.895649, 35.622563], [135.895541, 35.622569]]], [[[135.944477, 35.622314], [135.94463, 35.622331], [135.944538, 35.622401], [135.944477, 35.622314]]], [[[135.895294, 35.622301], [135.895385, 35.622281], [135.895402, 35.62238], [135.895294, 35.622301]]], [[[135.895768, 35.622297], [135.895816, 35.622221], [135.895899, 35.622248], [135.895768, 35.622297]]], [[[135.89536, 35.622136], [135.895451, 35.622107], [135.895455, 35.622162], [135.89536, 35.622136]]], [[[135.895674, 35.622066], [135.895774, 35.622009], [135.895807, 35.622094], [135.895674, 35.622066]]], [[[135.860158, 35.622032], [135.860262, 35.621978], [135.86024, 35.622082], [135.860158, 35.622032]]], [[[135.895311, 35.622009], [135.895356, 35.621938], [135.895433, 35.621959], [135.895311, 35.622009]]], [[[135.895334, 35.621819], [135.895444, 35.62178], [135.895414, 35.621846], [135.895334, 35.621819]]], [[[135.895079, 35.621526], [135.895181, 35.621519], [135.895173, 35.621623], [135.895079, 35.621526]]], [[[135.94417, 35.621535], [135.944214, 35.621428], [135.944347, 35.621544], [135.94417, 35.621535]]], [[[135.894881, 35.621526], [135.894956, 35.621496], [135.894999, 35.62157], [135.894881, 35.621526]]], [[[135.894667, 35.621253], [135.894794, 35.621272], [135.894753, 35.621386], [135.894667, 35.621253]]], [[[135.86026, 35.621248], [135.860362, 35.621175], [135.860352, 35.621257], [135.86026, 35.621248]]], [[[135.894149, 35.621185], [135.894234, 35.621078], [135.894256, 35.621192], [135.894149, 35.621185]]], [[[135.894411, 35.621055], [135.894479, 35.620949], [135.894569, 35.620992], [135.894411, 35.621055]]], [[[135.893435, 35.620916], [135.893491, 35.620853], [135.893596, 35.620889], [135.893435, 35.620916]]], [[[135.893548, 35.620754], [135.893619, 35.620687], [135.893708, 35.620771], [135.893548, 35.620754]]], [[[135.894498, 35.620654], [135.894611, 35.620636], [135.894582, 35.6207], [135.894498, 35.620654]]], [[[135.893737, 35.620578], [135.89387, 35.620552], [135.893864, 35.620644], [135.893737, 35.620578]]], [[[135.86036, 35.620594], [135.860466, 35.620615], [135.860407, 35.620642], [135.86036, 35.620594]]], [[[135.943588, 35.62054], [135.943739, 35.620482], [135.943784, 35.62055], [135.943588, 35.62054]]], [[[135.894317, 35.620338], [135.894441, 35.620328], [135.894417, 35.62039], [135.894317, 35.620338]]], [[[135.894157, 35.620192], [135.894262, 35.620168], [135.894244, 35.620222], [135.894157, 35.620192]]], [[[135.943398, 35.620073], [135.943521, 35.620032], [135.943475, 35.620106], [135.943398, 35.620073]]], [[[135.86025, 35.620038], [135.860405, 35.620015], [135.860327, 35.620077], [135.86025, 35.620038]]], [[[135.94, 35.619502], [135.94011, 35.619505], [135.940102, 35.619606], [135.94, 35.619502]]], [[[135.942847, 35.619566], [135.942978, 35.619523], [135.942925, 35.619604], [135.942847, 35.619566]]], [[[135.940118, 35.619413], [135.940194, 35.619364], [135.940228, 35.619448], [135.940118, 35.619413]]], [[[135.940487, 35.619379], [135.940618, 35.619341], [135.940659, 35.619409], [135.940487, 35.619379]]], [[[135.939913, 35.619397], [135.939996, 35.619354], [135.94002, 35.619406], [135.939913, 35.619397]]], [[[135.940331, 35.619287], [135.94043, 35.619248], [135.940454, 35.619321], [135.940331, 35.619287]]], [[[135.940271, 35.619186], [135.94037, 35.619147], [135.940416, 35.619229], [135.940271, 35.619186]]], [[[135.940502, 35.619181], [135.940652, 35.619151], [135.940623, 35.619253], [135.940502, 35.619181]]], [[[135.940069, 35.619181], [135.940198, 35.619147], [135.940192, 35.619249], [135.940069, 35.619181]]], [[[135.940722, 35.619155], [135.940821, 35.619132], [135.940856, 35.619211], [135.940722, 35.619155]]], [[[135.940863, 35.619053], [135.941011, 35.619096], [135.940904, 35.619135], [135.940863, 35.619053]]], [[[135.940006, 35.619055], [135.940102, 35.619025], [135.940122, 35.619097], [135.940006, 35.619055]]], [[[135.939993, 35.618957], [135.940063, 35.618879], [135.940078, 35.618961], [135.939993, 35.618957]]], [[[135.93958, 35.618868], [135.939744, 35.618842], [135.939661, 35.618939], [135.93958, 35.618868]]], [[[135.940075, 35.618644], [135.940154, 35.618605], [135.940201, 35.618666], [135.940075, 35.618644]]], [[[135.939613, 35.618622], [135.939709, 35.618526], [135.939695, 35.618648], [135.939613, 35.618622]]], [[[135.894985, 35.618494], [135.895122, 35.618441], [135.895067, 35.618524], [135.894985, 35.618494]]], [[[135.939748, 35.618353], [135.939915, 35.618334], [135.939843, 35.618427], [135.939748, 35.618353]]], [[[135.939598, 35.618095], [135.939737, 35.618048], [135.939705, 35.618141], [135.939598, 35.618095]]], [[[135.857552, 35.617579], [135.857555, 35.617514], [135.857622, 35.617546], [135.857552, 35.617579]]], [[[135.882121, 35.616812], [135.882322, 35.616768], [135.882327, 35.616849], [135.882242, 35.616911], [135.882121, 35.616812]]], [[[135.857342, 35.616805], [135.857439, 35.616779], [135.857486, 35.616861], [135.857342, 35.616805]]], [[[135.882721, 35.616748], [135.882896, 35.616697], [135.882946, 35.616789], [135.882721, 35.616748]]], [[[135.882114, 35.616557], [135.8822, 35.616488], [135.882331, 35.616562], [135.882114, 35.616557]]], [[[135.887603, 35.616541], [135.887742, 35.616489], [135.88769, 35.616586], [135.887603, 35.616541]]], [[[135.887421, 35.616493], [135.887553, 35.616452], [135.887562, 35.616553], [135.887421, 35.616493]]], [[[135.857547, 35.616425], [135.857655, 35.61641], [135.857604, 35.616485], [135.857547, 35.616425]]], [[[135.896076, 35.615984], [135.896185, 35.615954], [135.896188, 35.616028], [135.896076, 35.615984]]], [[[135.896155, 35.61548], [135.89631, 35.615492], [135.896293, 35.615602], [135.896155, 35.61548]]], [[[135.895429, 35.614475], [135.89559, 35.61443], [135.895539, 35.614516], [135.895429, 35.614475]]], [[[135.912269, 35.613819], [135.912345, 35.613876], [135.912269, 35.613864], [135.912269, 35.613819]]], [[[135.912399, 35.613755], [135.912482, 35.613719], [135.912513, 35.613765], [135.912399, 35.613755]]], [[[135.858305, 35.613655], [135.85858, 35.613641], [135.85841, 35.61373], [135.858305, 35.613655]]], [[[135.912085, 35.613682], [135.912286, 35.613594], [135.912304, 35.613678], [135.912085, 35.613682]]], [[[135.912443, 35.613487], [135.912516, 35.613459], [135.912497, 35.61351], [135.912443, 35.613487]]], [[[135.912524, 35.613329], [135.912559, 35.613286], [135.912572, 35.613352], [135.912524, 35.613329]]], [[[135.877309, 35.612706], [135.877425, 35.612692], [135.877417, 35.612794], [135.877309, 35.612706]]], [[[135.877251, 35.612526], [135.877406, 35.612477], [135.877328, 35.612577], [135.877251, 35.612526]]], [[[135.859036, 35.611666], [135.859139, 35.611647], [135.859136, 35.61174], [135.859036, 35.611666]]], [[[135.859678, 35.611134], [135.859785, 35.61106], [135.859786, 35.611109], [135.859678, 35.611134]]], [[[135.87107, 35.609417], [135.871297, 35.60941], [135.871292, 35.609557], [135.87107, 35.609417]]], [[[135.889479, 35.592797], [135.889695, 35.592197], [135.889986, 35.592259], [135.890001, 35.592546], [135.890735, 35.592534], [135.891395, 35.591796], [135.89167, 35.591646], [135.892634, 35.591521], [135.893001, 35.591709], [135.893154, 35.591946], [135.893475, 35.591971], [135.893903, 35.591734], [135.895833, 35.591596], [135.896185, 35.591341], [135.897898, 35.592629], [135.898022, 35.59301], [135.897899, 35.593172], [135.897058, 35.592623], [135.895448, 35.592411], [135.894301, 35.59286], [135.893656, 35.593399], [135.893335, 35.593524], [135.891775, 35.593736], [135.890842, 35.594023], [135.889663, 35.593258], [135.889479, 35.592797]]], [[[135.897549, 35.59186], [135.899472, 35.590305], [135.899507, 35.589635], [135.899751, 35.589255], [135.900537, 35.588906], [135.901998, 35.588792], [135.902356, 35.58865], [135.903098, 35.587809], [135.904071, 35.587279], [135.905148, 35.587667], [135.905819, 35.588337], [135.906108, 35.588852], [135.904452, 35.589694], [135.904325, 35.589901], [135.904534, 35.59027], [135.904499, 35.590468], [135.904001, 35.590874], [135.903537, 35.591053], [135.902831, 35.5906], [135.901987, 35.590751], [135.900452, 35.59186], [135.900516, 35.592172], [135.900867, 35.592393], [135.901026, 35.592667], [135.899304, 35.592667], [135.898777, 35.592927], [135.898203, 35.592289], [135.897549, 35.59186]]]]}}, {"type": "Feature", "properties": {"pref_code": "18", "pref_name": "福井県", "municipality_code": "18481", "municipality_name": "高浜町", "ward_name": "", "display_name": "高浜町", "geometry_key": "18481"}, "geometry": {"type": "MultiPolygon", "coordinates": [[[[135.486861, 35.558048], [135.48667, 35.557966], [135.486739, 35.55763], [135.486909, 35.557631], [135.486861, 35.558048]]], [[[135.602529, 35.513892], [135.602035, 35.513693], [135.60168, 35.513076], [135.601272, 35.512915], [135.601262, 35.512529], [135.600838, 35.511941], [135.600914, 35.511797], [135.600781, 35.511552], [135.600535, 35.511505], [135.599899, 35.511776], [135.599578, 35.511536], [135.599471, 35.511296], [135.599559, 35.510882], [135.599218, 35.510754], [135.599154, 35.510078], [135.598974, 35.509832], [135.597863, 35.508648], [135.597011, 35.50796], [135.595611, 35.506181], [135.595209, 35.506011], [135.595191, 35.505841], [135.594423, 35.504982], [135.592933, 35.503725], [135.592574, 35.503169], [135.592739, 35.502964], [135.592157, 35.502515], [135.591044, 35.502278], [135.590091, 35.501843], [135.589694, 35.501776], [135.588652, 35.501052], [135.587956, 35.500288], [135.587169, 35.499849], [135.584146, 35.498862], [135.583558, 35.498836], [135.582858, 35.498578], [135.581536, 35.498341], [135.579886, 35.4978], [135.579801, 35.498502], [135.579594, 35.498493], [135.579583, 35.498684], [135.579783, 35.498694], [135.579776, 35.498875], [135.579565, 35.498863], [135.579554, 35.499053], [135.579761, 35.499059], [135.579739, 35.499284], [135.578599, 35.499212], [135.578558, 35.499707], [135.577596, 35.499656], [135.577481, 35.499635], [135.577559, 35.499154], [135.576916, 35.499118], [135.576422, 35.497321], [135.572965, 35.497193], [135.572649, 35.49667], [135.572954, 35.496549], [135.573121, 35.49702], [135.574656, 35.497105], [135.574699, 35.496971], [135.575907, 35.496996], [135.577547, 35.49554], [135.577642, 35.494781], [135.577817, 35.494791], [135.57783, 35.494677], [135.577072, 35.494317], [135.576337, 35.494834], [135.576572, 35.495646], [135.575937, 35.496127], [135.575191, 35.496066], [135.575198, 35.495541], [135.57398, 35.495448], [135.57469, 35.494926], [135.575893, 35.4949], [135.576163, 35.494731], [135.576248, 35.494399], [135.575952, 35.494072], [135.575862, 35.493701], [135.575215, 35.493109], [135.574623, 35.492788], [135.573391, 35.492438], [135.571842, 35.492258], [135.569246, 35.492387], [135.56789, 35.49179], [135.567085, 35.491677], [135.56632, 35.491266], [135.564915, 35.490809], [135.564235, 35.490731], [135.563546, 35.490449], [135.561756, 35.490409], [135.560579, 35.490252], [135.559608, 35.490387], [135.557653, 35.490353], [135.556662, 35.490471], [135.556035, 35.490646], [135.555009, 35.491238], [135.553798, 35.492584], [135.553371, 35.493497], [135.55335, 35.493881], [135.553887, 35.494664], [135.554212, 35.494759], [135.554471, 35.494466], [135.554782, 35.49447], [135.55517, 35.49487], [135.555291, 35.495467], [135.555079, 35.495806], [135.555124, 35.496106], [135.554941, 35.496131], [135.554736, 35.495927], [135.554754, 35.496195], [135.55454, 35.496224], [135.554425, 35.49605], [135.554042, 35.495981], [135.553845, 35.496096], [135.553724, 35.496404], [135.553455, 35.496399], [135.553219, 35.496125], [135.553357, 35.495777], [135.553677, 35.495587], [135.553617, 35.495389], [135.55293, 35.495391], [135.552332, 35.495818], [135.552871, 35.496343], [135.553019, 35.497136], [135.552485, 35.497064], [135.552112, 35.497181], [135.551464, 35.496869], [135.551269, 35.497077], [135.551032, 35.497108], [135.550921, 35.496642], [135.550408, 35.49659], [135.550269, 35.496476], [135.551065, 35.496037], [135.551153, 35.495177], [135.550927, 35.494799], [135.550973, 35.494544], [135.550529, 35.494416], [135.5493, 35.494381], [135.548892, 35.494525], [135.548842, 35.494452], [135.549265, 35.494284], [135.550213, 35.494311], [135.550364, 35.494184], [135.551539, 35.494372], [135.551579, 35.494007], [135.550919, 35.493989], [135.550908, 35.493717], [135.551384, 35.493616], [135.551283, 35.493298], [135.550887, 35.493068], [135.550832, 35.492897], [135.550155, 35.492865], [135.549011, 35.492582], [135.547114, 35.493361], [135.546989, 35.494164], [135.546509, 35.494158], [135.54607, 35.494391], [135.545604, 35.493651], [135.544452, 35.494254], [135.544233, 35.494213], [135.543877, 35.493706], [135.544055, 35.493623], [135.544384, 35.493952], [135.544631, 35.493884], [135.544809, 35.493568], [135.54474, 35.492691], [135.544439, 35.492348], [135.544, 35.492184], [135.543452, 35.49217], [135.543068, 35.49228], [135.542656, 35.492581], [135.543246, 35.492801], [135.54326, 35.49291], [135.543095, 35.492952], [135.542862, 35.49291], [135.542012, 35.492321], [135.542204, 35.492211], [135.542506, 35.492321], [135.542917, 35.491772], [135.542917, 35.49143], [135.54228, 35.490415], [135.540153, 35.489412], [135.53963, 35.489462], [135.538583, 35.489147], [135.537234, 35.489113], [135.536717, 35.488865], [135.536188, 35.488837], [135.535664, 35.488961], [135.535134, 35.489271], [135.533289, 35.48944], [135.531671, 35.490066], [135.531251, 35.490094], [135.53059, 35.490454], [135.528904, 35.490573], [135.52752, 35.490967], [135.527155, 35.491176], [135.525812, 35.491362], [135.523073, 35.492433], [135.522109, 35.493131], [135.520154, 35.493312], [135.518529, 35.493814], [135.516567, 35.494704], [135.514928, 35.495974], [135.51451, 35.495724], [135.514557, 35.496091], [135.514439, 35.496141], [135.514354, 35.496041], [135.5142, 35.496139], [135.514154, 35.496774], [135.513599, 35.497443], [135.513136, 35.499404], [135.514283, 35.499645], [135.514296, 35.499986], [135.514727, 35.500249], [135.514727, 35.500421], [135.514406, 35.500617], [135.514282, 35.500854], [135.514313, 35.501239], [135.513676, 35.501507], [135.512379, 35.501213], [135.511204, 35.501194], [135.510456, 35.500939], [135.509875, 35.501185], [135.508794, 35.502594], [135.508399, 35.503385], [135.508376, 35.503659], [135.508642, 35.503696], [135.508875, 35.504147], [135.508329, 35.504249], [135.507842, 35.504826], [135.507469, 35.505496], [135.507201, 35.506397], [135.50727, 35.507558], [135.507397, 35.507804], [135.507496, 35.507682], [135.508427, 35.507746], [135.508891, 35.507941], [135.509117, 35.508476], [135.509731, 35.508603], [135.510285, 35.508538], [135.510757, 35.508787], [135.510057, 35.509758], [135.510026, 35.509921], [135.510371, 35.510251], [135.510334, 35.510409], [135.510006, 35.510542], [135.509612, 35.510484], [135.509305, 35.510691], [135.508986, 35.511835], [135.509151, 35.51348], [135.509245, 35.513769], [135.509705, 35.513696], [135.509823, 35.514271], [135.509627, 35.514367], [135.510124, 35.514764], [135.510273, 35.51464], [135.510894, 35.514723], [135.510964, 35.514484], [135.511297, 35.51419], [135.51185, 35.514256], [135.513086, 35.515457], [135.513472, 35.515577], [135.513817, 35.516343], [135.51393, 35.517063], [135.514143, 35.517229], [135.514234, 35.517041], [135.514498, 35.517018], [135.514774, 35.517232], [135.514722, 35.517375], [135.514161, 35.517582], [135.514134, 35.517778], [135.513606, 35.517905], [135.513481, 35.518062], [135.513702, 35.518384], [135.514017, 35.518521], [135.514193, 35.518766], [135.514456, 35.518826], [135.514325, 35.51939], [135.514461, 35.520383], [135.514377, 35.521201], [135.513847, 35.521836], [135.513237, 35.521744], [135.512965, 35.522029], [135.512796, 35.522021], [135.512727, 35.522734], [135.512521, 35.522792], [135.512601, 35.52322], [135.51293, 35.523505], [135.513621, 35.523634], [135.513831, 35.524155], [135.514011, 35.524266], [135.51476, 35.524277], [135.516011, 35.524864], [135.51669, 35.526102], [135.517028, 35.526138], [135.517239, 35.526359], [135.516973, 35.526784], [135.516432, 35.526721], [135.515794, 35.527085], [135.51549, 35.527456], [135.515501, 35.528416], [135.515721, 35.528456], [135.515853, 35.52833], [135.516522, 35.52823], [135.516729, 35.528507], [135.516762, 35.529244], [135.516478, 35.529413], [135.516289, 35.530186], [135.515324, 35.531037], [135.514359, 35.530926], [135.514083, 35.530689], [135.513768, 35.53056], [135.513615, 35.530614], [135.513709, 35.531182], [135.513099, 35.531611], [135.51392, 35.532024], [135.514412, 35.532055], [135.514368, 35.532515], [135.514841, 35.532751], [135.514935, 35.533256], [135.515262, 35.533522], [135.515253, 35.533665], [135.516004, 35.533913], [135.516015, 35.53417], [135.517048, 35.534549], [135.516872, 35.534786], [135.517087, 35.534965], [135.516956, 35.535338], [135.516604, 35.535121], [135.516548, 35.535394], [135.516255, 35.535271], [135.516077, 35.535401], [135.515975, 35.535304], [135.515602, 35.535353], [135.515491, 35.535224], [135.51473, 35.535121], [135.51426, 35.535527], [135.51412, 35.536031], [135.514202, 35.536292], [135.514765, 35.536793], [135.5148, 35.537095], [135.515604, 35.53811], [135.515779, 35.538663], [135.516166, 35.539031], [135.516208, 35.539364], [135.516425, 35.539524], [135.516336, 35.539821], [135.515999, 35.540019], [135.515991, 35.54022], [135.516126, 35.54065], [135.516455, 35.540957], [135.516466, 35.541665], [135.516709, 35.542133], [135.517004, 35.542502], [135.517272, 35.542604], [135.517359, 35.542942], [135.517618, 35.54314], [135.51745, 35.543662], [135.517958, 35.544054], [135.51794, 35.544685], [135.518229, 35.544964], [135.518184, 35.545165], [135.517911, 35.545383], [135.51803, 35.545441], [135.517993, 35.545637], [135.518237, 35.545613], [135.518312, 35.545759], [135.518229, 35.54593], [135.518368, 35.546403], [135.51815, 35.546606], [135.518462, 35.546696], [135.518595, 35.547027], [135.518592, 35.547259], [135.518146, 35.547687], [135.518104, 35.548697], [135.518464, 35.548999], [135.518321, 35.54912], [135.518304, 35.549638], [135.517938, 35.549939], [135.51755, 35.550058], [135.517339, 35.550484], [135.516965, 35.550579], [135.516918, 35.550778], [135.516366, 35.551253], [135.516092, 35.551395], [135.515885, 35.551343], [135.515747, 35.551182], [135.515725, 35.550734], [135.516337, 35.549767], [135.515925, 35.549992], [135.515498, 35.549952], [135.515293, 35.549674], [135.515512, 35.549229], [135.515507, 35.549115], [135.515358, 35.549088], [135.514866, 35.549539], [135.514515, 35.549624], [135.514673, 35.54919], [135.514298, 35.549266], [135.514018, 35.549145], [135.513697, 35.549328], [135.512863, 35.549457], [135.512604, 35.549231], [135.512578, 35.54895], [135.512118, 35.54904], [135.512052, 35.54919], [135.511727, 35.549298], [135.511463, 35.549256], [135.511391, 35.549111], [135.51114, 35.549195], [135.510998, 35.548894], [135.510738, 35.548794], [135.510076, 35.54883], [135.509321, 35.549262], [135.508541, 35.549364], [135.507908, 35.549616], [135.507711, 35.549555], [135.507824, 35.549846], [135.507627, 35.550195], [135.507404, 35.550432], [135.507055, 35.550504], [135.50683, 35.550277], [135.506981, 35.549828], [135.506518, 35.549734], [135.506108, 35.549459], [135.505701, 35.549437], [135.505314, 35.549671], [135.504871, 35.549749], [135.504868, 35.550141], [135.504591, 35.550296], [135.504342, 35.550162], [135.504554, 35.549743], [135.504079, 35.549723], [135.503684, 35.549459], [135.503519, 35.549761], [135.503391, 35.550856], [135.502364, 35.551434], [135.502292, 35.551588], [135.50234, 35.551968], [135.502176, 35.552205], [135.502002, 35.553569], [135.50181, 35.553601], [135.501728, 35.553469], [135.501017, 35.553798], [135.500625, 35.553539], [135.500549, 35.553862], [135.500252, 35.553913], [135.500015, 35.553734], [135.499929, 35.553397], [135.499306, 35.553817], [135.49904, 35.553752], [135.499165, 35.553409], [135.498996, 35.552951], [135.498788, 35.552808], [135.498769, 35.552331], [135.499209, 35.552015], [135.499122, 35.551676], [135.499279, 35.551276], [135.499033, 35.551217], [135.499077, 35.550906], [135.498785, 35.550307], [135.498872, 35.550086], [135.499262, 35.549996], [135.499763, 35.549578], [135.500057, 35.54948], [135.500306, 35.548729], [135.499919, 35.548127], [135.499594, 35.548164], [135.499686, 35.547933], [135.499442, 35.54749], [135.499721, 35.547276], [135.500503, 35.54528], [135.501007, 35.544925], [135.501636, 35.544065], [135.501645, 35.543687], [135.502184, 35.542805], [135.502157, 35.542376], [135.501949, 35.542014], [135.501645, 35.541804], [135.500842, 35.541839], [135.499108, 35.541636], [135.498321, 35.540877], [135.497815, 35.54082], [135.49714, 35.541013], [135.496547, 35.540978], [135.496085, 35.541174], [135.495997, 35.540904], [135.495506, 35.54087], [135.495617, 35.540543], [135.495977, 35.540231], [135.495605, 35.540164], [135.495579, 35.53996], [135.496041, 35.539575], [135.495872, 35.539486], [135.497497, 35.538854], [135.498481, 35.538962], [135.49933, 35.539481], [135.499932, 35.539563], [135.500729, 35.539958], [135.500923, 35.539944], [135.501094, 35.540122], [135.501695, 35.540134], [135.503696, 35.539937], [135.504687, 35.53946], [135.505772, 35.539126], [135.505657, 35.538935], [135.506157, 35.538655], [135.506285, 35.538875], [135.506869, 35.538595], [135.507345, 35.538802], [135.507785, 35.538146], [135.507623, 35.537931], [135.50814, 35.537185], [135.508354, 35.537265], [135.509121, 35.536918], [135.509769, 35.53462], [135.509559, 35.53457], [135.507759, 35.535013], [135.505676, 35.532926], [135.504366, 35.533759], [135.502667, 35.533391], [135.503047, 35.532324], [135.502733, 35.532306], [135.501984, 35.530963], [135.503109, 35.530522], [135.503276, 35.530765], [135.503605, 35.529695], [135.503323, 35.529221], [135.502775, 35.528927], [135.502644, 35.52861], [135.502878, 35.527324], [135.503402, 35.526708], [135.503032, 35.526352], [135.502534, 35.524637], [135.503009, 35.523971], [135.504605, 35.52277], [135.504347, 35.522572], [135.502741, 35.523837], [135.50202, 35.524062], [135.50148, 35.523998], [135.49732, 35.524972], [135.496843, 35.524929], [135.496154, 35.523849], [135.495729, 35.523746], [135.49572, 35.523424], [135.495958, 35.523048], [135.495881, 35.522879], [135.495179, 35.522831], [135.494909, 35.522321], [135.494674, 35.522226], [135.493803, 35.522383], [135.492546, 35.522912], [135.491872, 35.523653], [135.493021, 35.524517], [135.493527, 35.526221], [135.493848, 35.526572], [135.494017, 35.527437], [135.493769, 35.528301], [135.493186, 35.529195], [135.492511, 35.529516], [135.491978, 35.530186], [135.491472, 35.530297], [135.491294, 35.530577], [135.491014, 35.530609], [135.490463, 35.530512], [135.490362, 35.530184], [135.490113, 35.530305], [135.489894, 35.529579], [135.489341, 35.529616], [135.488684, 35.529133], [135.488667, 35.527774], [135.488888, 35.526547], [135.488681, 35.526109], [135.488865, 35.525627], [135.488765, 35.525108], [135.488179, 35.524693], [135.487501, 35.524814], [135.486892, 35.525293], [135.486592, 35.5253], [135.486462, 35.525134], [135.486562, 35.524278], [135.48699, 35.523586], [135.487297, 35.523357], [135.487444, 35.52341], [135.487663, 35.523044], [135.487387, 35.522588], [135.486699, 35.522313], [135.486202, 35.522347], [135.485835, 35.522499], [135.485387, 35.522904], [135.484323, 35.523079], [135.484505, 35.523386], [135.484362, 35.523558], [135.48358, 35.522622], [135.483517, 35.522252], [135.482818, 35.522017], [135.482351, 35.521981], [135.482582, 35.522226], [135.482323, 35.52229], [135.481561, 35.52203], [135.481107, 35.522047], [135.481205, 35.522545], [135.480876, 35.522422], [135.480737, 35.522125], [135.480234, 35.522323], [135.479553, 35.522797], [135.478841, 35.523724], [135.47793, 35.525235], [135.477845, 35.52577], [135.478453, 35.526264], [135.478536, 35.526571], [135.479378, 35.527368], [135.47956, 35.527768], [135.480359, 35.527997], [135.480518, 35.528425], [135.481617, 35.529239], [135.481807, 35.529568], [135.481722, 35.529736], [135.482184, 35.529983], [135.482302, 35.530463], [135.483082, 35.531489], [135.483274, 35.532136], [135.483792, 35.532565], [135.483484, 35.533023], [135.483624, 35.533334], [135.483508, 35.534304], [135.483074, 35.534479], [135.482678, 35.534156], [135.481999, 35.535013], [135.481361, 35.535347], [135.480657, 35.535356], [135.480194, 35.53492], [135.479903, 35.535027], [135.479414, 35.534905], [135.479177, 35.534431], [135.478632, 35.534267], [135.478415, 35.533989], [135.478451, 35.533734], [135.477968, 35.534044], [135.477646, 35.534059], [135.477454, 35.533858], [135.477501, 35.533439], [135.477277, 35.533278], [135.477434, 35.532946], [135.477054, 35.532789], [135.476344, 35.533071], [135.47611, 35.533295], [135.475988, 35.533266], [135.476031, 35.532998], [135.475858, 35.533161], [135.475494, 35.533049], [135.475188, 35.532482], [135.475317, 35.531939], [135.475478, 35.531802], [135.47527, 35.531309], [135.475595, 35.530932], [135.475454, 35.530791], [135.474862, 35.530725], [135.474497, 35.530177], [135.474492, 35.52999], [135.474786, 35.52984], [135.474781, 35.529454], [135.474036, 35.529813], [135.473725, 35.529821], [135.473369, 35.529618], [135.473229, 35.529267], [135.473225, 35.529952], [135.473684, 35.530239], [135.473979, 35.531077], [135.47392, 35.531801], [135.473615, 35.53202], [135.47271, 35.531697], [135.471524, 35.530881], [135.471242, 35.530635], [135.471153, 35.530149], [135.470845, 35.530615], [135.470604, 35.530539], [135.470356, 35.530353], [135.470121, 35.529904], [135.469971, 35.529867], [135.469818, 35.52953], [135.468942, 35.529842], [135.468621, 35.530264], [135.468171, 35.531701], [135.468529, 35.531991], [135.468588, 35.532217], [135.46927, 35.533027], [135.470013, 35.533666], [135.471299, 35.533648], [135.472225, 35.533891], [135.472228, 35.534089], [135.472022, 35.534171], [135.472212, 35.534392], [135.472264, 35.534776], [135.471963, 35.535116], [135.471713, 35.535136], [135.471756, 35.536172], [135.472013, 35.536666], [135.472166, 35.536855], [135.472409, 35.536715], [135.472969, 35.536751], [135.473247, 35.536929], [135.473417, 35.537509], [135.474297, 35.537612], [135.474739, 35.538034], [135.474831, 35.538611], [135.474714, 35.538756], [135.474482, 35.538774], [135.47414, 35.538646], [135.473736, 35.539865], [135.473574, 35.540062], [135.473156, 35.540096], [135.473146, 35.540656], [135.473872, 35.541452], [135.474086, 35.5414], [135.47421, 35.541609], [135.474839, 35.541257], [135.475121, 35.541612], [135.474964, 35.541735], [135.474767, 35.541507], [135.474348, 35.541781], [135.474984, 35.542506], [135.475307, 35.542265], [135.475839, 35.542853], [135.476193, 35.542627], [135.476032, 35.542442], [135.476266, 35.542305], [135.476, 35.541958], [135.476516, 35.541676], [135.476823, 35.542113], [135.477502, 35.542186], [135.477978, 35.542109], [135.478412, 35.542219], [135.478532, 35.542412], [135.478469, 35.54285], [135.479353, 35.543439], [135.479449, 35.543866], [135.479261, 35.544327], [135.479618, 35.545024], [135.479468, 35.545647], [135.47988, 35.546043], [135.479905, 35.546596], [135.479351, 35.547234], [135.47909, 35.547333], [135.478558, 35.547303], [135.478241, 35.547891], [135.477401, 35.54866], [135.477385, 35.54911], [135.477856, 35.549314], [135.477909, 35.549133], [135.478217, 35.549088], [135.478815, 35.549702], [135.479076, 35.55019], [135.479011, 35.550605], [135.478704, 35.550952], [135.478754, 35.551301], [135.478898, 35.551207], [135.480386, 35.551754], [135.480954, 35.552086], [135.481098, 35.55236], [135.481471, 35.552616], [135.482426, 35.552835], [135.483388, 35.552844], [135.483737, 35.553075], [135.483766, 35.554336], [135.483908, 35.554484], [135.484528, 35.554592], [135.484728, 35.554756], [135.484952, 35.555085], [135.485055, 35.555762], [135.48524, 35.556063], [135.485465, 35.556166], [135.485771, 35.556712], [135.486257, 35.556915], [135.486392, 35.557179], [135.486621, 35.557289], [135.486599, 35.557936], [135.483772, 35.55684], [135.4813, 35.556442], [135.48041, 35.555716], [135.477355, 35.555254], [135.476476, 35.554606], [135.474321, 35.553776], [135.472311, 35.55379], [135.470664, 35.55299], [135.466845, 35.551914], [135.466172, 35.551463], [135.464994, 35.550918], [135.464111, 35.549975], [135.463529, 35.549569], [135.460484, 35.548457], [135.459974, 35.546267], [135.460058, 35.545812], [135.459956, 35.544558], [135.460292, 35.543866], [135.45929, 35.543091], [135.4581, 35.541529], [135.456647, 35.540293], [135.456083, 35.540018], [135.455507, 35.538874], [135.454408, 35.537956], [135.454161, 35.537596], [135.454137, 35.536934], [135.454515, 35.534046], [135.453843, 35.533128], [135.453561, 35.532087], [135.452816, 35.531492], [135.451928, 35.531036], [135.451471, 35.529018], [135.451375, 35.527928], [135.449862, 35.52725], [135.449406, 35.525893], [135.449345, 35.523558], [135.449657, 35.522552], [135.449926, 35.520796], [135.451804, 35.520949], [135.452165, 35.520855], [135.453075, 35.518946], [135.453521, 35.518767], [135.454093, 35.518113], [135.454449, 35.51795], [135.455201, 35.517887], [135.455929, 35.517562], [135.456634, 35.516927], [135.457681, 35.516237], [135.458249, 35.515671], [135.459158, 35.515173], [135.459827, 35.5144], [135.460651, 35.514233], [135.461717, 35.513593], [135.463638, 35.513164], [135.464083, 35.512963], [135.464693, 35.511825], [135.465608, 35.511219], [135.46633, 35.510545], [135.46677, 35.509313], [135.467805, 35.509235], [135.469986, 35.509392], [135.471353, 35.508324], [135.472846, 35.508319], [135.473731, 35.507754], [135.475376, 35.506418], [135.476224, 35.505493], [135.475039, 35.504714], [135.474089, 35.50287], [135.473281, 35.502149], [135.473163, 35.501753], [135.472576, 35.501176], [135.472834, 35.500148], [135.474171, 35.49698], [135.474549, 35.494939], [135.475066, 35.49401], [135.475109, 35.493123], [135.475987, 35.491963], [135.47561, 35.49127], [135.475612, 35.490962], [135.476255, 35.490006], [135.476207, 35.489447], [135.475765, 35.488989], [135.475498, 35.488269], [135.47523, 35.488083], [135.47478, 35.488029], [135.474417, 35.488129], [135.473359, 35.489504], [135.472702, 35.489959], [135.472159, 35.489887], [135.470436, 35.489139], [135.470121, 35.487954], [135.469241, 35.48661], [135.469565, 35.484726], [135.468572, 35.484479], [135.468072, 35.484166], [135.4669, 35.483976], [135.466716, 35.482902], [135.466379, 35.482046], [135.465744, 35.481319], [135.464703, 35.480467], [135.463207, 35.479484], [135.462481, 35.478807], [135.462153, 35.478005], [135.461396, 35.476927], [135.461177, 35.476117], [135.460661, 35.475609], [135.459676, 35.473842], [135.459003, 35.473168], [135.459213, 35.471676], [135.459694, 35.470663], [135.459396, 35.469895], [135.458429, 35.468857], [135.458333, 35.468531], [135.458381, 35.468179], [135.458604, 35.467933], [135.459839, 35.467333], [135.460075, 35.466858], [135.460298, 35.465655], [135.461211, 35.464244], [135.462014, 35.463619], [135.462768, 35.462247], [135.463088, 35.462094], [135.464694, 35.461961], [135.465111, 35.461772], [135.466077, 35.460794], [135.466801, 35.460646], [135.467116, 35.460427], [135.469452, 35.458158], [135.469935, 35.456617], [135.470756, 35.455688], [135.470322, 35.454487], [135.471233, 35.453796], [135.472623, 35.453913], [135.473612, 35.453366], [135.474409, 35.45257], [135.474752, 35.452042], [135.476178, 35.451409], [135.477296, 35.450341], [135.478743, 35.449729], [135.479396, 35.449139], [135.479944, 35.448893], [135.480621, 35.448156], [135.481007, 35.448102], [135.481707, 35.448517], [135.482276, 35.448601], [135.48306, 35.448448], [135.484055, 35.447994], [135.484955, 35.448444], [135.486089, 35.448599], [135.486539, 35.449241], [135.487095, 35.449698], [135.488268, 35.449683], [135.488728, 35.449797], [135.490446, 35.449699], [135.491267, 35.451141], [135.491627, 35.451293], [135.492673, 35.451198], [135.495073, 35.449718], [135.495596, 35.449712], [135.496018, 35.45058], [135.496542, 35.451088], [135.497857, 35.451457], [135.498393, 35.452331], [135.499766, 35.452996], [135.500082, 35.45424], [135.502557, 35.45514], [135.50303, 35.455436], [135.503795, 35.456222], [135.504951, 35.456936], [135.505729, 35.458061], [135.506144, 35.458324], [135.506245, 35.458896], [135.506875, 35.459493], [135.507734, 35.459801], [135.508465, 35.460344], [135.509437, 35.460492], [135.510048, 35.461085], [135.511079, 35.461145], [135.511851, 35.461447], [135.514312, 35.461765], [135.515043, 35.46215], [135.516157, 35.463004], [135.516767, 35.462115], [135.518404, 35.461199], [135.519489, 35.460848], [135.52103, 35.460659], [135.522077, 35.459443], [135.522621, 35.459129], [135.523586, 35.457122], [135.524337, 35.45654], [135.524806, 35.455651], [135.524967, 35.455596], [135.525195, 35.455635], [135.525631, 35.456014], [135.527073, 35.456277], [135.528496, 35.457337], [135.529113, 35.457151], [135.531553, 35.458697], [135.533182, 35.458725], [135.534113, 35.45924], [135.536266, 35.459877], [135.537192, 35.459751], [135.5384, 35.459899], [135.539218, 35.459614], [135.540284, 35.459761], [135.540881, 35.459624], [135.541477, 35.459323], [135.541696, 35.459396], [135.542249, 35.460201], [135.542483, 35.460283], [135.543007, 35.460151], [135.543643, 35.460431], [135.544019, 35.460447], [135.545467, 35.459899], [135.546259, 35.459246], [135.546433, 35.45923], [135.547526, 35.459762], [135.54831, 35.459675], [135.549758, 35.460656], [135.550034, 35.460536], [135.550644, 35.459884], [135.552978, 35.461013], [135.554144, 35.460772], [135.555486, 35.461151], [135.555982, 35.461058], [135.556256, 35.460882], [135.5568, 35.460301], [135.557121, 35.460317], [135.557704, 35.460531], [135.557891, 35.460745], [135.558623, 35.460816], [135.559146, 35.461266], [135.559487, 35.461298], [135.559869, 35.461101], [135.560305, 35.461371], [135.561002, 35.46142], [135.561314, 35.461814], [135.561361, 35.462829], [135.561494, 35.463146], [135.561441, 35.463875], [135.562727, 35.464353], [135.562947, 35.464911], [135.563939, 35.465421], [135.564607, 35.465602], [135.565452, 35.46564], [135.565881, 35.465881], [135.566543, 35.465706], [135.567401, 35.466013], [135.568067, 35.466089], [135.569068, 35.466637], [135.569919, 35.46621], [135.571665, 35.466051], [135.572095, 35.466205], [135.572411, 35.46665], [135.573896, 35.4678], [135.577405, 35.467669], [135.578121, 35.468145], [135.57855, 35.468819], [135.579897, 35.469362], [135.580368, 35.469241], [135.582427, 35.468025], [135.583834, 35.46757], [135.585179, 35.466666], [135.585681, 35.466513], [135.586974, 35.466677], [135.587522, 35.467088], [135.58881, 35.467515], [135.589184, 35.467499], [135.589654, 35.467269], [135.59057, 35.467346], [135.591059, 35.467872], [135.591555, 35.46807], [135.591702, 35.468513], [135.591856, 35.468573], [135.592928, 35.468245], [135.594254, 35.468234], [135.594876, 35.468026], [135.595104, 35.468163], [135.595673, 35.469089], [135.596376, 35.468941], [135.596858, 35.469336], [135.597066, 35.469856], [135.597233, 35.471331], [135.598444, 35.471512], [135.599616, 35.471923], [135.600586, 35.473211], [135.600686, 35.473424], [135.599936, 35.474646], [135.599829, 35.475048], [135.599789, 35.475513], [135.599956, 35.475912], [135.601108, 35.477596], [135.60293, 35.478616], [135.603271, 35.479251], [135.604008, 35.479899], [135.604111, 35.481179], [135.604477, 35.481784], [135.604962, 35.482196], [135.605211, 35.483604], [135.604087, 35.483412], [135.604026, 35.483314], [135.598776, 35.487614], [135.597079, 35.488778], [135.592376, 35.490374], [135.58377, 35.4906], [135.582858, 35.489648], [135.581433, 35.489406], [135.581031, 35.489917], [135.583136, 35.492008], [135.583347, 35.491963], [135.584025, 35.492554], [135.588722, 35.49285], [135.588983, 35.492937], [135.590236, 35.493963], [135.592076, 35.494563], [135.596776, 35.492041], [135.597639, 35.492458], [135.598515, 35.492288], [135.60025, 35.491478], [135.602281, 35.491116], [135.604144, 35.491085], [135.605949, 35.490154], [135.606418, 35.490107], [135.605722, 35.490993], [135.605152, 35.492205], [135.604434, 35.49276], [135.603592, 35.493923], [135.603426, 35.495195], [135.603579, 35.495729], [135.603446, 35.497184], [135.603532, 35.497934], [135.604024, 35.498304], [135.605431, 35.498364], [135.60664, 35.498662], [135.607177, 35.498429], [135.607522, 35.498538], [135.607694, 35.499516], [135.608338, 35.501058], [135.608006, 35.502824], [135.608272, 35.503791], [135.609034, 35.504814], [135.610442, 35.50588], [135.610744, 35.506269], [135.610661, 35.506401], [135.608944, 35.50692], [135.608537, 35.507314], [135.609009, 35.50988], [135.604245, 35.511959], [135.603531, 35.513325], [135.602529, 35.513892]]], [[[135.518403, 35.549928], [135.518429, 35.549706], [135.518619, 35.549664], [135.518601, 35.549965], [135.518464, 35.550037], [135.518403, 35.549928]]], [[[135.506159, 35.549713], [135.506221, 35.549682], [135.506272, 35.549732], [135.506159, 35.549713]]], [[[135.505509, 35.54964], [135.505591, 35.549605], [135.505574, 35.549655], [135.505509, 35.54964]]], [[[135.506086, 35.549614], [135.50616, 35.549603], [135.506145, 35.549637], [135.506086, 35.549614]]], [[[135.50587, 35.549583], [135.505892, 35.549542], [135.50597, 35.549567], [135.50587, 35.549583]]], [[[135.518567, 35.549206], [135.518661, 35.549163], [135.518634, 35.549234], [135.518567, 35.549206]]], [[[135.499916, 35.549122], [135.500032, 35.549078], [135.499993, 35.549182], [135.499916, 35.549122]]], [[[135.510843, 35.54913], [135.510949, 35.549112], [135.510902, 35.549173], [135.510843, 35.54913]]], [[[135.510261, 35.548984], [135.510345, 35.548952], [135.510312, 35.549004], [135.510261, 35.548984]]], [[[135.518329, 35.548158], [135.518504, 35.548095], [135.518528, 35.548255], [135.518376, 35.54828], [135.518329, 35.548158]]], [[[135.500287, 35.545496], [135.50037, 35.545463], [135.500353, 35.545558], [135.500287, 35.545496]]], [[[135.518237, 35.545473], [135.518379, 35.54551], [135.518253, 35.545549], [135.518237, 35.545473]]], [[[135.517705, 35.543808], [135.51774, 35.543796], [135.517787, 35.543836], [135.517705, 35.543808]]], [[[135.501824, 35.542967], [135.501899, 35.543015], [135.501856, 35.543026], [135.501824, 35.542967]]], [[[135.501959, 35.542872], [135.50205, 35.542893], [135.501987, 35.542924], [135.501959, 35.542872]]], [[[135.50203, 35.542682], [135.502074, 35.542654], [135.502084, 35.542733], [135.50203, 35.542682]]], [[[135.49579, 35.541045], [135.495891, 35.541012], [135.495858, 35.54117], [135.49579, 35.541045]]], [[[135.516181, 35.540054], [135.516327, 35.540033], [135.516257, 35.540118], [135.516181, 35.540054]]], [[[135.516405, 35.539904], [135.516498, 35.539831], [135.516471, 35.539921], [135.516405, 35.539904]]], [[[135.49314, 35.538955], [135.493238, 35.538848], [135.493375, 35.538909], [135.493327, 35.539031], [135.49314, 35.538955]]], [[[135.518222, 35.536339], [135.518459, 35.536196], [135.518652, 35.536272], [135.518422, 35.53643], [135.518222, 35.536339]]], [[[135.517402, 35.535509], [135.517464, 35.535329], [135.517655, 35.535387], [135.518109, 35.534639], [135.518741, 35.534537], [135.518899, 35.534767], [135.518793, 35.535055], [135.518981, 35.53535], [135.518691, 35.535341], [135.518574, 35.535462], [135.518641, 35.535866], [135.518473, 35.536083], [135.517906, 35.536184], [135.517791, 35.535853], [135.517402, 35.535509]]], [[[135.517317, 35.535306], [135.517399, 35.535275], [135.517396, 35.535323], [135.517317, 35.535306]]], [[[135.520441, 35.534381], [135.52058, 35.534251], [135.52055, 35.53441], [135.520441, 35.534381]]], [[[135.52072, 35.534319], [135.520865, 35.534311], [135.520764, 35.53439], [135.52072, 35.534319]]], [[[135.517183, 35.534334], [135.517338, 35.534229], [135.517313, 35.534341], [135.517183, 35.534334]]], [[[135.478283, 35.534224], [135.478463, 35.534196], [135.478361, 35.53429], [135.478283, 35.534224]]], [[[135.520381, 35.533436], [135.520465, 35.533398], [135.520452, 35.53346], [135.520381, 35.533436]]], [[[135.520167, 35.533386], [135.520334, 35.53321], [135.520289, 35.533431], [135.520167, 35.533386]]], [[[135.503224, 35.530403], [135.503323, 35.530349], [135.503274, 35.530433], [135.503224, 35.530403]]], [[[135.48852, 35.525752], [135.488643, 35.525647], [135.488629, 35.525806], [135.48852, 35.525752]]], [[[135.487189, 35.5251], [135.487311, 35.525036], [135.487352, 35.525167], [135.487189, 35.5251]]], [[[135.484262, 35.523865], [135.484526, 35.523732], [135.484558, 35.523974], [135.484323, 35.524042], [135.484262, 35.523865]]], [[[135.484622, 35.523279], [135.48474, 35.523301], [135.484643, 35.523367], [135.484622, 35.523279]]], [[[135.485119, 35.523139], [135.485331, 35.523099], [135.485234, 35.523184], [135.485119, 35.523139]]], [[[135.515707, 35.517893], [135.515823, 35.517533], [135.515972, 35.517529], [135.516097, 35.517837], [135.515954, 35.518212], [135.515821, 35.518179], [135.515707, 35.517893]]], [[[135.515294, 35.517687], [135.515592, 35.51766], [135.515656, 35.51775], [135.515374, 35.517793], [135.515294, 35.517687]]], [[[135.515024, 35.517429], [135.515039, 35.517294], [135.51518, 35.517337], [135.515161, 35.517609], [135.515024, 35.517429]]], [[[135.602314, 35.514048], [135.602412, 35.513969], [135.602484, 35.514039], [135.602314, 35.514048]]], [[[135.601824, 35.513729], [135.601959, 35.513743], [135.601888, 35.513796], [135.601824, 35.513729]]], [[[135.601033, 35.513158], [135.601179, 35.513209], [135.601065, 35.513242], [135.601033, 35.513158]]], [[[135.601163, 35.513069], [135.601254, 35.513014], [135.60131, 35.513096], [135.601163, 35.513069]]], [[[135.600623, 35.511897], [135.600791, 35.511955], [135.600646, 35.511982], [135.600623, 35.511897]]], [[[135.59925, 35.511473], [135.599286, 35.511426], [135.599369, 35.511487], [135.59925, 35.511473]]], [[[135.599079, 35.511377], [135.599156, 35.511321], [135.599205, 35.51141], [135.599079, 35.511377]]], [[[135.598953, 35.511128], [135.599069, 35.511114], [135.59907, 35.511203], [135.598953, 35.511128]]], [[[135.599209, 35.510943], [135.599296, 35.510925], [135.599325, 35.511023], [135.599209, 35.510943]]], [[[135.598802, 35.510909], [135.598905, 35.51086], [135.598932, 35.510977], [135.598802, 35.510909]]], [[[135.598987, 35.510914], [135.599064, 35.510828], [135.599126, 35.510951], [135.598987, 35.510914]]], [[[135.596141, 35.507587], [135.596199, 35.507565], [135.596214, 35.507617], [135.596141, 35.507587]]], [[[135.595941, 35.507501], [135.596019, 35.507452], [135.596031, 35.507513], [135.595941, 35.507501]]], [[[135.595756, 35.507167], [135.595816, 35.507115], [135.595861, 35.507195], [135.595756, 35.507167]]], [[[135.594599, 35.505469], [135.594701, 35.505432], [135.594694, 35.505503], [135.594599, 35.505469]]], [[[135.508718, 35.504408], [135.50892, 35.50432], [135.508966, 35.504516], [135.508718, 35.504408]]], [[[135.509196, 35.504002], [135.509281, 35.503952], [135.50932, 35.504027], [135.509196, 35.504002]]], [[[135.509041, 35.503811], [135.509147, 35.503745], [135.509124, 35.503839], [135.509041, 35.503811]]], [[[135.508759, 35.503752], [135.508829, 35.503671], [135.50895, 35.503734], [135.508759, 35.503752]]], [[[135.566182, 35.501217], [135.566249, 35.501203], [135.5663, 35.501406], [135.566182, 35.501217]]], [[[135.566455, 35.500926], [135.566546, 35.500856], [135.566619, 35.501034], [135.566455, 35.500926]]], [[[135.514973, 35.500847], [135.515047, 35.50081], [135.515035, 35.500866], [135.514973, 35.500847]]], [[[135.566767, 35.500825], [135.566909, 35.500821], [135.56685, 35.500861], [135.566767, 35.500825]]], [[[135.566519, 35.500717], [135.566664, 35.500707], [135.566617, 35.500773], [135.566519, 35.500717]]], [[[135.526998, 35.500651], [135.527093, 35.500652], [135.527084, 35.500721], [135.526998, 35.500651]]], [[[135.577297, 35.500666], [135.577349, 35.500595], [135.577443, 35.500636], [135.577297, 35.500666]]], [[[135.568426, 35.500611], [135.568539, 35.500597], [135.568509, 35.500658], [135.568426, 35.500611]]], [[[135.577546, 35.500528], [135.577622, 35.500451], [135.577655, 35.500584], [135.577546, 35.500528]]], [[[135.577111, 35.500471], [135.577212, 35.500434], [135.577213, 35.500566], [135.577111, 35.500471]]], [[[135.5693, 35.500004], [135.5694, 35.499989], [135.569474, 35.500081], [135.5693, 35.500004]]], [[[135.568851, 35.499875], [135.569125, 35.499912], [135.569148, 35.500013], [135.568851, 35.499875]]], [[[135.568434, 35.499835], [135.568544, 35.499852], [135.568471, 35.499897], [135.568434, 35.499835]]], [[[135.569359, 35.499838], [135.569413, 35.499779], [135.569463, 35.499848], [135.569359, 35.499838]]], [[[135.576694, 35.499523], [135.576746, 35.49951], [135.576769, 35.499553], [135.576694, 35.499523]]], [[[135.568462, 35.499341], [135.568566, 35.499331], [135.568599, 35.499414], [135.568462, 35.499341]]], [[[135.568787, 35.499272], [135.568938, 35.499262], [135.568841, 35.499319], [135.568787, 35.499272]]], [[[135.569117, 35.499276], [135.569268, 35.49925], [135.569213, 35.499296], [135.569117, 35.499276]]], [[[135.568814, 35.499043], [135.569127, 35.498852], [135.569431, 35.499071], [135.569065, 35.499152], [135.568814, 35.499043]]], [[[135.568574, 35.498953], [135.568678, 35.498882], [135.56873, 35.499028], [135.568574, 35.498953]]], [[[135.569067, 35.498561], [135.569191, 35.498515], [135.569149, 35.498606], [135.569067, 35.498561]]], [[[135.569414, 35.498531], [135.569511, 35.498462], [135.569595, 35.498513], [135.569414, 35.498531]]], [[[135.568981, 35.498268], [135.569114, 35.498294], [135.569119, 35.498412], [135.568981, 35.498268]]], [[[135.568747, 35.498294], [135.568824, 35.498245], [135.568812, 35.498312], [135.568747, 35.498294]]], [[[135.560635, 35.497805], [135.56072, 35.497653], [135.560884, 35.497717], [135.561013, 35.497997], [135.56085, 35.498212], [135.560635, 35.497805]]], [[[135.568689, 35.497882], [135.568885, 35.497904], [135.568793, 35.497949], [135.568689, 35.497882]]], [[[135.568652, 35.49775], [135.568743, 35.497738], [135.568691, 35.497783], [135.568652, 35.49775]]], [[[135.551718, 35.497589], [135.552062, 35.497504], [135.552249, 35.497595], [135.551739, 35.497741], [135.551718, 35.497589]]], [[[135.567835, 35.497561], [135.568057, 35.49673], [135.568399, 35.496806], [135.568392, 35.49698], [135.568799, 35.496963], [135.568943, 35.49706], [135.569019, 35.497426], [135.568684, 35.497645], [135.567956, 35.497678], [135.567835, 35.497561]]], [[[135.543813, 35.497368], [135.543879, 35.497338], [135.5439, 35.497417], [135.543813, 35.497368]]], [[[135.544093, 35.497075], [135.544333, 35.497113], [135.544401, 35.497323], [135.544216, 35.497298], [135.544093, 35.497075]]], [[[135.542164, 35.497167], [135.542187, 35.497111], [135.542271, 35.497154], [135.542164, 35.497167]]], [[[135.542253, 35.496951], [135.542318, 35.496901], [135.542374, 35.496962], [135.542253, 35.496951]]], [[[135.543871, 35.496877], [135.54391, 35.496831], [135.543952, 35.496898], [135.543871, 35.496877]]], [[[135.542049, 35.496816], [135.542129, 35.496772], [135.542173, 35.496841], [135.542049, 35.496816]]], [[[135.545448, 35.49672], [135.545533, 35.496423], [135.545799, 35.496403], [135.545695, 35.49685], [135.545448, 35.49672]]], [[[135.568722, 35.496691], [135.56892, 35.496773], [135.568752, 35.496761], [135.568722, 35.496691]]], [[[135.542595, 35.496687], [135.542658, 35.496672], [135.542644, 35.496747], [135.542595, 35.496687]]], [[[135.54891, 35.496467], [135.549109, 35.496202], [135.549529, 35.496219], [135.549261, 35.49649], [135.54933, 35.496693], [135.548999, 35.496642], [135.54891, 35.496467]]], [[[135.541925, 35.496659], [135.542025, 35.496603], [135.542103, 35.496661], [135.541925, 35.496659]]], [[[135.544482, 35.496373], [135.544637, 35.495681], [135.545342, 35.495209], [135.545875, 35.495819], [135.545825, 35.496263], [135.545404, 35.496131], [135.545208, 35.496674], [135.544916, 35.496583], [135.544885, 35.496445], [135.544609, 35.496536], [135.544482, 35.496373]]], [[[135.54434, 35.496534], [135.544423, 35.496506], [135.544456, 35.496594], [135.54434, 35.496534]]], [[[135.568519, 35.496455], [135.568634, 35.49626], [135.5688, 35.496266], [135.569093, 35.496555], [135.568752, 35.496592], [135.568519, 35.496455]]], [[[135.542879, 35.496528], [135.542963, 35.496521], [135.542919, 35.496566], [135.542879, 35.496528]]], [[[135.5426, 35.496509], [135.542797, 35.496332], [135.542773, 35.496497], [135.5426, 35.496509]]], [[[135.546295, 35.49651], [135.546331, 35.496475], [135.546398, 35.4965], [135.546295, 35.49651]]], [[[135.554603, 35.496383], [135.554748, 35.496343], [135.554672, 35.496473], [135.554603, 35.496383]]], [[[135.546505, 35.496268], [135.546591, 35.496137], [135.546636, 35.496321], [135.546505, 35.496268]]], [[[135.542518, 35.496338], [135.542619, 35.496277], [135.5426, 35.49634], [135.542518, 35.496338]]], [[[135.546202, 35.496209], [135.546235, 35.49619], [135.546259, 35.496227], [135.546202, 35.496209]]], [[[135.546197, 35.495963], [135.546235, 35.495873], [135.546259, 35.495984], [135.546197, 35.495963]]], [[[135.555263, 35.495755], [135.555364, 35.495589], [135.555538, 35.495757], [135.555393, 35.49586], [135.555263, 35.495755]]], [[[135.546369, 35.495807], [135.546424, 35.495795], [135.546407, 35.49583], [135.546369, 35.495807]]], [[[135.546831, 35.495188], [135.547024, 35.494828], [135.547347, 35.494951], [135.547643, 35.495712], [135.547436, 35.495825], [135.547037, 35.495735], [135.546831, 35.495188]]], [[[135.545925, 35.49576], [135.545987, 35.495719], [135.545989, 35.495824], [135.545925, 35.49576]]], [[[135.546097, 35.495756], [135.546164, 35.495736], [135.546147, 35.495795], [135.546097, 35.495756]]], [[[135.546281, 35.495668], [135.546333, 35.495648], [135.54635, 35.495682], [135.546281, 35.495668]]]]}}, {"type": "Feature", "properties": {"pref_code": "18", "pref_name": "福井県", "municipality_code": "18483", "municipality_name": "おおい町", "ward_name": "", "display_name": "おおい町", "geometry_key": "18483"}, "geometry": {"type": "MultiPolygon", "coordinates": [[[[135.66227, 35.548672], [135.662353, 35.548616], [135.662417, 35.548685], [135.66227, 35.548672]]], [[[135.661818, 35.54835], [135.662046, 35.548117], [135.662144, 35.548147], [135.662026, 35.548417], [135.661818, 35.54835]]], [[[135.661607, 35.548322], [135.661768, 35.548201], [135.661737, 35.548331], [135.661607, 35.548322]]], [[[135.664006, 35.548177], [135.664043, 35.54812], [135.664115, 35.548139], [135.664006, 35.548177]]], [[[135.661406, 35.548034], [135.661539, 35.547839], [135.66187, 35.547956], [135.6618, 35.548083], [135.661406, 35.548034]]], [[[135.663854, 35.547798], [135.663982, 35.54784], [135.663881, 35.547872], [135.663854, 35.547798]]], [[[135.606418, 35.490107], [135.606714, 35.490157], [135.606974, 35.490679], [135.607496, 35.491087], [135.609194, 35.491864], [135.610196, 35.491882], [135.611163, 35.491577], [135.612124, 35.491796], [135.61399, 35.491774], [135.614912, 35.491938], [135.61611, 35.492418], [135.620722, 35.491756], [135.620696, 35.491574], [135.6213, 35.491491], [135.621364, 35.491707], [135.621924, 35.491673], [135.622364, 35.491582], [135.622323, 35.491307], [135.623811, 35.491111], [135.62478, 35.489779], [135.624907, 35.489042], [135.625849, 35.489004], [135.626211, 35.488645], [135.62678, 35.488731], [135.626825, 35.489053], [135.626457, 35.489592], [135.626373, 35.489954], [135.626483, 35.491154], [135.627296, 35.491802], [135.628424, 35.491813], [135.62867, 35.491937], [135.628902, 35.49225], [135.628777, 35.493135], [135.629125, 35.493343], [135.62945, 35.494169], [135.630083, 35.494237], [135.630878, 35.494552], [135.631376, 35.494468], [135.631803, 35.494232], [135.632134, 35.494562], [135.632043, 35.494689], [135.631667, 35.494665], [135.630641, 35.495443], [135.630232, 35.496408], [135.630345, 35.496598], [135.630978, 35.496903], [135.63124, 35.49768], [135.632443, 35.498546], [135.633285, 35.499416], [135.633402, 35.499698], [135.633354, 35.500605], [135.633567, 35.501034], [135.634558, 35.501862], [135.635088, 35.502059], [135.635611, 35.502009], [135.63577, 35.502104], [135.636249, 35.503591], [135.636588, 35.504016], [135.637369, 35.504126], [135.638468, 35.505114], [135.640165, 35.505419], [135.640479, 35.50579], [135.640619, 35.506394], [135.640989, 35.506771], [135.641331, 35.506826], [135.642006, 35.506698], [135.642201, 35.506788], [135.642377, 35.507803], [135.641927, 35.508933], [135.642216, 35.509708], [135.642093, 35.51008], [135.641541, 35.510576], [135.641005, 35.510819], [135.640347, 35.511017], [135.639315, 35.511075], [135.639083, 35.511531], [135.638616, 35.511705], [135.63834, 35.511662], [135.637472, 35.51223], [135.637014, 35.513014], [135.637123, 35.51396], [135.6375, 35.514184], [135.638063, 35.514822], [135.638382, 35.514893], [135.638911, 35.5147], [135.63954, 35.514825], [135.639746, 35.515388], [135.639381, 35.516043], [135.639711, 35.516993], [135.640195, 35.517135], [135.640839, 35.517636], [135.641116, 35.518044], [135.641667, 35.518349], [135.641954, 35.51921], [135.641616, 35.519491], [135.641444, 35.519436], [135.641398, 35.519562], [135.641112, 35.519635], [135.640081, 35.519346], [135.639388, 35.518902], [135.638097, 35.518598], [135.637483, 35.518125], [135.636889, 35.518322], [135.63659, 35.518637], [135.636522, 35.518912], [135.636196, 35.518976], [135.635584, 35.518532], [135.635009, 35.518719], [135.63473, 35.518687], [135.63382, 35.517922], [135.63361, 35.518025], [135.633656, 35.518359], [135.633512, 35.518369], [135.633456, 35.518052], [135.633277, 35.518013], [135.63281, 35.518147], [135.633079, 35.519693], [135.632751, 35.521183], [135.630919, 35.521316], [135.630907, 35.521136], [135.630701, 35.521151], [135.630818, 35.522106], [135.631811, 35.522283], [135.632133, 35.522239], [135.633095, 35.5218], [135.63387, 35.520612], [135.634965, 35.520545], [135.635874, 35.520091], [135.636448, 35.520091], [135.639119, 35.522174], [135.640188, 35.523524], [135.641043, 35.522936], [135.643861, 35.524659], [135.643327, 35.525487], [135.644058, 35.525746], [135.644204, 35.525535], [135.647001, 35.526801], [135.646956, 35.526925], [135.647435, 35.527131], [135.647351, 35.527256], [135.650403, 35.528762], [135.652, 35.529263], [135.653183, 35.529891], [135.653453, 35.529605], [135.652644, 35.529101], [135.65334, 35.528326], [135.655101, 35.529428], [135.654434, 35.53018], [135.653602, 35.529683], [135.653324, 35.529978], [135.654573, 35.530772], [135.654507, 35.530834], [135.655372, 35.530933], [135.657315, 35.530872], [135.657318, 35.531014], [135.65752, 35.531008], [135.657517, 35.531145], [135.659689, 35.530504], [135.660924, 35.529701], [135.660991, 35.529452], [135.661518, 35.528973], [135.661761, 35.528421], [135.661748, 35.527579], [135.661523, 35.527264], [135.661199, 35.527089], [135.661202, 35.526829], [135.661706, 35.526524], [135.662172, 35.525458], [135.662943, 35.525414], [135.663772, 35.525086], [135.663901, 35.524445], [135.664315, 35.523945], [135.665217, 35.523822], [135.665923, 35.523318], [135.666537, 35.523521], [135.666859, 35.523861], [135.667622, 35.524273], [135.669063, 35.524639], [135.66937, 35.524619], [135.66945, 35.525058], [135.669363, 35.52516], [135.669144, 35.525144], [135.668968, 35.52538], [135.669057, 35.525503], [135.668745, 35.526038], [135.668778, 35.526326], [135.668189, 35.526897], [135.668197, 35.527513], [135.667768, 35.5278], [135.667226, 35.528793], [135.667181, 35.52953], [135.666834, 35.52998], [135.666645, 35.530895], [135.666623, 35.531624], [135.666733, 35.531764], [135.666631, 35.532126], [135.666913, 35.532616], [135.666628, 35.532732], [135.666439, 35.532984], [135.666402, 35.533159], [135.666617, 35.533206], [135.66663, 35.533322], [135.665843, 35.533497], [135.665591, 35.533663], [135.665031, 35.533362], [135.66416, 35.533575], [135.663992, 35.533223], [135.663648, 35.533051], [135.663321, 35.533202], [135.662843, 35.532856], [135.662623, 35.532984], [135.662281, 35.532936], [135.661945, 35.532673], [135.661654, 35.53268], [135.660816, 35.533025], [135.660508, 35.533411], [135.66014, 35.533549], [135.660162, 35.533921], [135.659383, 35.534883], [135.659281, 35.535731], [135.659391, 35.535919], [135.660158, 35.536293], [135.660929, 35.537357], [135.661364, 35.537618], [135.661269, 35.537706], [135.660929, 35.537647], [135.660795, 35.53809], [135.661017, 35.538418], [135.662135, 35.538669], [135.662184, 35.538549], [135.662717, 35.538664], [135.662666, 35.538786], [135.663874, 35.539051], [135.665934, 35.538682], [135.665191, 35.541265], [135.664852, 35.541582], [135.662193, 35.541816], [135.661795, 35.54307], [135.660384, 35.543703], [135.659847, 35.54371], [135.658299, 35.543247], [135.658051, 35.542753], [135.657807, 35.542557], [135.657196, 35.543117], [135.657423, 35.543286], [135.658907, 35.543723], [135.658845, 35.543902], [135.659322, 35.544331], [135.659552, 35.5445], [135.660026, 35.544598], [135.663169, 35.543018], [135.663263, 35.543162], [135.66023, 35.544675], [135.661282, 35.545817], [135.662094, 35.546161], [135.662349, 35.546569], [135.66222, 35.546832], [135.661578, 35.547309], [135.660813, 35.547661], [135.660655, 35.547367], [135.660852, 35.54662], [135.660643, 35.546369], [135.659897, 35.545966], [135.659444, 35.545543], [135.659135, 35.545537], [135.658656, 35.545197], [135.658043, 35.544994], [135.656598, 35.545059], [135.655649, 35.545519], [135.654292, 35.545604], [135.653511, 35.545468], [135.653289, 35.545656], [135.653307, 35.546101], [135.652568, 35.546144], [135.652396, 35.545576], [135.652263, 35.545464], [135.652145, 35.545581], [135.651896, 35.545557], [135.651766, 35.545369], [135.651936, 35.545042], [135.652154, 35.544925], [135.652349, 35.544973], [135.652084, 35.543808], [135.6517, 35.543538], [135.651982, 35.542801], [135.651888, 35.542752], [135.651787, 35.542876], [135.651787, 35.542707], [135.651479, 35.54268], [135.651313, 35.542447], [135.650631, 35.542393], [135.650112, 35.542494], [135.649305, 35.542945], [135.648985, 35.543282], [135.648826, 35.543223], [135.648782, 35.542925], [135.648517, 35.54278], [135.647213, 35.542648], [135.647004, 35.542724], [135.646974, 35.543136], [135.646791, 35.543293], [135.646334, 35.543252], [135.645984, 35.542991], [135.645697, 35.542431], [135.643815, 35.542188], [135.643122, 35.541841], [135.642975, 35.541604], [135.642671, 35.541553], [135.642841, 35.54132], [135.642528, 35.540943], [135.642306, 35.540916], [135.641959, 35.541089], [135.641965, 35.540843], [135.642366, 35.540445], [135.641764, 35.539104], [135.640611, 35.538392], [135.639712, 35.538014], [135.639081, 35.537976], [135.638991, 35.538191], [135.63868, 35.538356], [135.639012, 35.538648], [135.638539, 35.538963], [135.638482, 35.538754], [135.638104, 35.538508], [135.63805, 35.538195], [135.63828, 35.538153], [135.637266, 35.537641], [135.637133, 35.537264], [135.636922, 35.537152], [135.63597, 35.537155], [135.635553, 35.537706], [135.635307, 35.537812], [135.635004, 35.537648], [135.63543, 35.537274], [135.634547, 35.5368], [135.633885, 35.536999], [135.63368, 35.537379], [135.633173, 35.537281], [135.632969, 35.537572], [135.632376, 35.537296], [135.632262, 35.53771], [135.632126, 35.537789], [135.631891, 35.537636], [135.63185, 35.537374], [135.631443, 35.537447], [135.631675, 35.537004], [135.631213, 35.536796], [135.631333, 35.536622], [135.631297, 35.536479], [135.631049, 35.536423], [135.631207, 35.536238], [135.631089, 35.535938], [135.630759, 35.535462], [135.63042, 35.535449], [135.630506, 35.535203], [135.629702, 35.533819], [135.629421, 35.53364], [135.629007, 35.533604], [135.628307, 35.533216], [135.627727, 35.533155], [135.62736, 35.533244], [135.626824, 35.533066], [135.625857, 35.532267], [135.625936, 35.531875], [135.625774, 35.531701], [135.623139, 35.530203], [135.622233, 35.528946], [135.619632, 35.526847], [135.619576, 35.526347], [135.620051, 35.525974], [135.620416, 35.524871], [135.620614, 35.523207], [135.620576, 35.522071], [135.620697, 35.521721], [135.620399, 35.521161], [135.619626, 35.520433], [135.619248, 35.519707], [135.618799, 35.519257], [135.618149, 35.518891], [135.6169, 35.518775], [135.616611, 35.518916], [135.615671, 35.518866], [135.615375, 35.519068], [135.6147, 35.518919], [135.614104, 35.518965], [135.61398, 35.518824], [135.613399, 35.518964], [135.61324, 35.519181], [135.61261, 35.519112], [135.612376, 35.518742], [135.611398, 35.518435], [135.611688, 35.517952], [135.611345, 35.517594], [135.610719, 35.517587], [135.609848, 35.517781], [135.609688, 35.517919], [135.609305, 35.517844], [135.608774, 35.518392], [135.608216, 35.517869], [135.608326, 35.517596], [135.607953, 35.517329], [135.607415, 35.517167], [135.60698, 35.517344], [135.606596, 35.517279], [135.606208, 35.516637], [135.605766, 35.51678], [135.605596, 35.516494], [135.605183, 35.516262], [135.604919, 35.515636], [135.604641, 35.515538], [135.604591, 35.515389], [135.604103, 35.515316], [135.603934, 35.515168], [135.603553, 35.515389], [135.603349, 35.515381], [135.603315, 35.515143], [135.602961, 35.514699], [135.602555, 35.514439], [135.602529, 35.513892], [135.603531, 35.513325], [135.604245, 35.511959], [135.609009, 35.50988], [135.608537, 35.507314], [135.608944, 35.50692], [135.610661, 35.506401], [135.610744, 35.506269], [135.610442, 35.50588], [135.609034, 35.504814], [135.608272, 35.503791], [135.608006, 35.502824], [135.608338, 35.501058], [135.607694, 35.499516], [135.607522, 35.498538], [135.607177, 35.498429], [135.60664, 35.498662], [135.605431, 35.498364], [135.604024, 35.498304], [135.603532, 35.497934], [135.603446, 35.497184], [135.603579, 35.495729], [135.603426, 35.495195], [135.603592, 35.493923], [135.604434, 35.49276], [135.605152, 35.492205], [135.605722, 35.490993], [135.606418, 35.490107]]], [[[135.662328, 35.547373], [135.662792, 35.547438], [135.662704, 35.547548], [135.662328, 35.547373]]], [[[135.658259, 35.547449], [135.658285, 35.547368], [135.658416, 35.547406], [135.658259, 35.547449]]], [[[135.663441, 35.547259], [135.663581, 35.547238], [135.663521, 35.547322], [135.663441, 35.547259]]], [[[135.663002, 35.547236], [135.663165, 35.547227], [135.663093, 35.547301], [135.663002, 35.547236]]], [[[135.640204, 35.546761], [135.640661, 35.546538], [135.640861, 35.546204], [135.641336, 35.546228], [135.64127, 35.546552], [135.640834, 35.54687], [135.6407, 35.547128], [135.640556, 35.547152], [135.640204, 35.546761]]], [[[135.658287, 35.546931], [135.658529, 35.546952], [135.658674, 35.547099], [135.658287, 35.546931]]], [[[135.655613, 35.546833], [135.655645, 35.546527], [135.655771, 35.546454], [135.656023, 35.546904], [135.655613, 35.546833]]], [[[135.655008, 35.546741], [135.655112, 35.546701], [135.655168, 35.546765], [135.655008, 35.546741]]], [[[135.658242, 35.546636], [135.658539, 35.546617], [135.658745, 35.546754], [135.658242, 35.546636]]], [[[135.658117, 35.54627], [135.658331, 35.545815], [135.658543, 35.545827], [135.65879, 35.546069], [135.65879, 35.546486], [135.658225, 35.546485], [135.658117, 35.54627]]], [[[135.654809, 35.546389], [135.654876, 35.546169], [135.655503, 35.546347], [135.655309, 35.546533], [135.654809, 35.546389]]], [[[135.65338, 35.546388], [135.653465, 35.546332], [135.653591, 35.546481], [135.65338, 35.546388]]], [[[135.653598, 35.546265], [135.653688, 35.5461], [135.653937, 35.54603], [135.654345, 35.54635], [135.653598, 35.546265]]], [[[135.655879, 35.545806], [135.656012, 35.545668], [135.656264, 35.545814], [135.656035, 35.545898], [135.655879, 35.545806]]], [[[135.660603, 35.544941], [135.660743, 35.544956], [135.660641, 35.545007], [135.660603, 35.544941]]], [[[135.660664, 35.544647], [135.660807, 35.544678], [135.660697, 35.544718], [135.660664, 35.544647]]], [[[135.64224, 35.544177], [135.642472, 35.543909], [135.642708, 35.544289], [135.642563, 35.544342], [135.64224, 35.544177]]], [[[135.648061, 35.543893], [135.648152, 35.54378], [135.648395, 35.543812], [135.64832, 35.543912], [135.648061, 35.543893]]], [[[135.646134, 35.543718], [135.646258, 35.543675], [135.646303, 35.54377], [135.646134, 35.543718]]], [[[135.647104, 35.543697], [135.647384, 35.543659], [135.647236, 35.5438], [135.647104, 35.543697]]], [[[135.646742, 35.543673], [135.646817, 35.543609], [135.646902, 35.543686], [135.646742, 35.543673]]], [[[135.642288, 35.543676], [135.642434, 35.543698], [135.642338, 35.543732], [135.642288, 35.543676]]], [[[135.647708, 35.543679], [135.64774, 35.543619], [135.647852, 35.543663], [135.647708, 35.543679]]], [[[135.648038, 35.543611], [135.648159, 35.543627], [135.648077, 35.543676], [135.648038, 35.543611]]], [[[135.648875, 35.543453], [135.648944, 35.543395], [135.64902, 35.543468], [135.648875, 35.543453]]], [[[135.642406, 35.543393], [135.642569, 35.543283], [135.642536, 35.543412], [135.642406, 35.543393]]], [[[135.648668, 35.543293], [135.648823, 35.543335], [135.648692, 35.54337], [135.648668, 35.543293]]], [[[135.645979, 35.543296], [135.64621, 35.543284], [135.646026, 35.543362], [135.645979, 35.543296]]], [[[135.647599, 35.543232], [135.647742, 35.543248], [135.647639, 35.543293], [135.647599, 35.543232]]], [[[135.644668, 35.543232], [135.644703, 35.543149], [135.644828, 35.543196], [135.644668, 35.543232]]], [[[135.644345, 35.543152], [135.644474, 35.543179], [135.644386, 35.543225], [135.644345, 35.543152]]], [[[135.648593, 35.543156], [135.648727, 35.543122], [135.64868, 35.543192], [135.648593, 35.543156]]], [[[135.645689, 35.543138], [135.645876, 35.543066], [135.645785, 35.543182], [135.645689, 35.543138]]], [[[135.642301, 35.543062], [135.642432, 35.543086], [135.642337, 35.543124], [135.642301, 35.543062]]], [[[135.647569, 35.543043], [135.647729, 35.543043], [135.64762, 35.543106], [135.647569, 35.543043]]], [[[135.644699, 35.542969], [135.644734, 35.542903], [135.644833, 35.542929], [135.644699, 35.542969]]], [[[135.642664, 35.542749], [135.642788, 35.542721], [135.642839, 35.542859], [135.642664, 35.542749]]], [[[135.643082, 35.542651], [135.643243, 35.542633], [135.643186, 35.54272], [135.643082, 35.542651]]], [[[135.642056, 35.542425], [135.642163, 35.542387], [135.642201, 35.542456], [135.642056, 35.542425]]], [[[135.642214, 35.542268], [135.642342, 35.542246], [135.642354, 35.54231], [135.642214, 35.542268]]], [[[135.642331, 35.542061], [135.642459, 35.542032], [135.642483, 35.542122], [135.642331, 35.542061]]], [[[135.642563, 35.542037], [135.642715, 35.541944], [135.642706, 35.542054], [135.642563, 35.542037]]], [[[135.641962, 35.542039], [135.642112, 35.541989], [135.642062, 35.542069], [135.641962, 35.542039]]], [[[135.642361, 35.541818], [135.6424, 35.541746], [135.642515, 35.541776], [135.642361, 35.541818]]], [[[135.641754, 35.541169], [135.641844, 35.541116], [135.641882, 35.541169], [135.641754, 35.541169]]], [[[135.641709, 35.540982], [135.64184, 35.54102], [135.641754, 35.541066], [135.641709, 35.540982]]], [[[135.63154, 35.538336], [135.631646, 35.538267], [135.631706, 35.538331], [135.63154, 35.538336]]], [[[135.637342, 35.538287], [135.637395, 35.538232], [135.637461, 35.538296], [135.637342, 35.538287]]], [[[135.637545, 35.538157], [135.637911, 35.538227], [135.637788, 35.538267], [135.637545, 35.538157]]], [[[135.635804, 35.538159], [135.635936, 35.538043], [135.635965, 35.53818], [135.635804, 35.538159]]], [[[135.661008, 35.538063], [135.661143, 35.538034], [135.661084, 35.538107], [135.661008, 35.538063]]], [[[135.631451, 35.537949], [135.631504, 35.53787], [135.631624, 35.537914], [135.631451, 35.537949]]], [[[135.633378, 35.537599], [135.633427, 35.537543], [135.633519, 35.537605], [135.633378, 35.537599]]], [[[135.661251, 35.537352], [135.661402, 35.537394], [135.661288, 35.537444], [135.661251, 35.537352]]], [[[135.661001, 35.537285], [135.661129, 35.537238], [135.661066, 35.537322], [135.661001, 35.537285]]], [[[135.630781, 35.537061], [135.630857, 35.536988], [135.630938, 35.537051], [135.630781, 35.537061]]], [[[135.630062, 35.536095], [135.630138, 35.536058], [135.630196, 35.536129], [135.630062, 35.536095]]], [[[135.629929, 35.535881], [135.630073, 35.535887], [135.629995, 35.535938], [135.629929, 35.535881]]], [[[135.630131, 35.535711], [135.630182, 35.535644], [135.630275, 35.535695], [135.630131, 35.535711]]], [[[135.627169, 35.53401], [135.627262, 35.533956], [135.627288, 35.534068], [135.627169, 35.53401]]], [[[135.626559, 35.533664], [135.626657, 35.533627], [135.626674, 35.5337], [135.626559, 35.533664]]], [[[135.626236, 35.532804], [135.626367, 35.532824], [135.626284, 35.532866], [135.626236, 35.532804]]], [[[135.625418, 35.53275], [135.625512, 35.532715], [135.625557, 35.532795], [135.625418, 35.53275]]], [[[135.626088, 35.532728], [135.626164, 35.532678], [135.626204, 35.532759], [135.626088, 35.532728]]], [[[135.625772, 35.532461], [135.625829, 35.532418], [135.625887, 35.532486], [135.625772, 35.532461]]], [[[135.624304, 35.531965], [135.624415, 35.531924], [135.624452, 35.532029], [135.624304, 35.531965]]], [[[135.624369, 35.531777], [135.624441, 35.531715], [135.62452, 35.531789], [135.624369, 35.531777]]], [[[135.62288, 35.5314], [135.622986, 35.531368], [135.62301, 35.531445], [135.62288, 35.5314]]], [[[135.623042, 35.531119], [135.623169, 35.531099], [135.623182, 35.531176], [135.623042, 35.531119]]], [[[135.622604, 35.530971], [135.622724, 35.53094], [135.622756, 35.531012], [135.622604, 35.530971]]], [[[135.622825, 35.530848], [135.622923, 35.530819], [135.62295, 35.530897], [135.622825, 35.530848]]], [[[135.623042, 35.530751], [135.623086, 35.530682], [135.623176, 35.530739], [135.623042, 35.530751]]], [[[135.619517, 35.527191], [135.619651, 35.52723], [135.619565, 35.527259], [135.619517, 35.527191]]], [[[135.619415, 35.527148], [135.619528, 35.527067], [135.619497, 35.527176], [135.619415, 35.527148]]], [[[135.669235, 35.524298], [135.669309, 35.524157], [135.669574, 35.524199], [135.669884, 35.523921], [135.670581, 35.523652], [135.670816, 35.523778], [135.670793, 35.524034], [135.670962, 35.524314], [135.671337, 35.524534], [135.670979, 35.524541], [135.671104, 35.524754], [135.670789, 35.524839], [135.669654, 35.524616], [135.669542, 35.52443], [135.669235, 35.524298]]], [[[135.619715, 35.52469], [135.619886, 35.524669], [135.619849, 35.524742], [135.619715, 35.52469]]], [[[135.618285, 35.524426], [135.618433, 35.524431], [135.618341, 35.524495], [135.618285, 35.524426]]], [[[135.669987, 35.523806], [135.670001, 35.523744], [135.670099, 35.523748], [135.669987, 35.523806]]], [[[135.669967, 35.523392], [135.67003, 35.523349], [135.670097, 35.523406], [135.669967, 35.523392]]], [[[135.670562, 35.523349], [135.670689, 35.523368], [135.67062, 35.523421], [135.670562, 35.523349]]], [[[135.648895, 35.521036], [135.648966, 35.520837], [135.649211, 35.520703], [135.649652, 35.520781], [135.650125, 35.521073], [135.650294, 35.52149], [135.65011, 35.521607], [135.649441, 35.521499], [135.649074, 35.521298], [135.648895, 35.521036]]], [[[135.612778, 35.519401], [135.612805, 35.519346], [135.612906, 35.519398], [135.612778, 35.519401]]], [[[135.611274, 35.519], [135.611412, 35.518949], [135.611389, 35.519051], [135.611274, 35.519]]], [[[135.611731, 35.51871], [135.611816, 35.518664], [135.611873, 35.518743], [135.611731, 35.51871]]], [[[135.606119, 35.51745], [135.606244, 35.517358], [135.606386, 35.517662], [135.606218, 35.517655], [135.606119, 35.51745]]], [[[135.606341, 35.517281], [135.606472, 35.5173], [135.606486, 35.517539], [135.606341, 35.517281]]], [[[135.607269, 35.517306], [135.607352, 35.517266], [135.607407, 35.517334], [135.607269, 35.517306]]], [[[135.605397, 35.516773], [135.605464, 35.516737], [135.6055, 35.51683], [135.605397, 35.516773]]], [[[135.603094, 35.515614], [135.603182, 35.515566], [135.603241, 35.515624], [135.603094, 35.515614]]], [[[135.602934, 35.515207], [135.603079, 35.515226], [135.603058, 35.51534], [135.602934, 35.515207]]], [[[135.602497, 35.514888], [135.602642, 35.514944], [135.602552, 35.514973], [135.602497, 35.514888]]], [[[135.602319, 35.514781], [135.602421, 35.51475], [135.602444, 35.51482], [135.602319, 35.514781]]], [[[135.602347, 35.514201], [135.602432, 35.514167], [135.602477, 35.514249], [135.602347, 35.514201]]], [[[135.632242, 35.49469], [135.632308, 35.494629], [135.632341, 35.494742], [135.632242, 35.49469]]], [[[135.632263, 35.494498], [135.632375, 35.494514], [135.632347, 35.494546], [135.632263, 35.494498]]], [[[135.632266, 35.494301], [135.632383, 35.494271], [135.63242, 35.494347], [135.632266, 35.494301]]], [[[135.632044, 35.494193], [135.632135, 35.494165], [135.632109, 35.494217], [135.632044, 35.494193]]], [[[135.626776, 35.488586], [135.626906, 35.488532], [135.626974, 35.488586], [135.626776, 35.488586]]], [[[135.605211, 35.483604], [135.604962, 35.482196], [135.604477, 35.481784], [135.604111, 35.481179], [135.604008, 35.479899], [135.603271, 35.479251], [135.60293, 35.478616], [135.601108, 35.477596], [135.599956, 35.475912], [135.599789, 35.475513], [135.599829, 35.475048], [135.599936, 35.474646], [135.600686, 35.473424], [135.600586, 35.473211], [135.599616, 35.471923], [135.598444, 35.471512], [135.597233, 35.471331], [135.597066, 35.469856], [135.596858, 35.469336], [135.596376, 35.468941], [135.595673, 35.469089], [135.595104, 35.468163], [135.594876, 35.468026], [135.594254, 35.468234], [135.592928, 35.468245], [135.591856, 35.468573], [135.591702, 35.468513], [135.591555, 35.46807], [135.591059, 35.467872], [135.59057, 35.467346], [135.589654, 35.467269], [135.589184, 35.467499], [135.58881, 35.467515], [135.587522, 35.467088], [135.586974, 35.466677], [135.585681, 35.466513], [135.585179, 35.466666], [135.583834, 35.46757], [135.582427, 35.468025], [135.580368, 35.469241], [135.579897, 35.469362], [135.57855, 35.468819], [135.578121, 35.468145], [135.577405, 35.467669], [135.573896, 35.4678], [135.572411, 35.46665], [135.572095, 35.466205], [135.571665, 35.466051], [135.569919, 35.46621], [135.569068, 35.466637], [135.568067, 35.466089], [135.567401, 35.466013], [135.566543, 35.465706], [135.565881, 35.465881], [135.565452, 35.46564], [135.564607, 35.465602], [135.563939, 35.465421], [135.562947, 35.464911], [135.562727, 35.464353], [135.561441, 35.463875], [135.561494, 35.463146], [135.561361, 35.462829], [135.561314, 35.461814], [135.561002, 35.46142], [135.560305, 35.461371], [135.559869, 35.461101], [135.559487, 35.461298], [135.559146, 35.461266], [135.558623, 35.460816], [135.557891, 35.460745], [135.557704, 35.460531], [135.557121, 35.460317], [135.5568, 35.460301], [135.556256, 35.460882], [135.555982, 35.461058], [135.555486, 35.461151], [135.554144, 35.460772], [135.552978, 35.461013], [135.550644, 35.459884], [135.550034, 35.460536], [135.549758, 35.460656], [135.54831, 35.459675], [135.547526, 35.459762], [135.546433, 35.45923], [135.546259, 35.459246], [135.545467, 35.459899], [135.544019, 35.460447], [135.543643, 35.460431], [135.543007, 35.460151], [135.542483, 35.460283], [135.542249, 35.460201], [135.541696, 35.459396], [135.541477, 35.459323], [135.540881, 35.459624], [135.540284, 35.459761], [135.539218, 35.459614], [135.5384, 35.459899], [135.537192, 35.459751], [135.536266, 35.459877], [135.534113, 35.45924], [135.533182, 35.458725], [135.531553, 35.458697], [135.529113, 35.457151], [135.528496, 35.457337], [135.527073, 35.456277], [135.525631, 35.456014], [135.525195, 35.455635], [135.524967, 35.455596], [135.524806, 35.455651], [135.524337, 35.45654], [135.523586, 35.457122], [135.522621, 35.459129], [135.522077, 35.459443], [135.52103, 35.460659], [135.519489, 35.460848], [135.518404, 35.461199], [135.516767, 35.462115], [135.516157, 35.463004], [135.515043, 35.46215], [135.514312, 35.461765], [135.511851, 35.461447], [135.511079, 35.461145], [135.510048, 35.461085], [135.509437, 35.460492], [135.508465, 35.460344], [135.507734, 35.459801], [135.506875, 35.459493], [135.506245, 35.458896], [135.506144, 35.458324], [135.505729, 35.458061], [135.504951, 35.456936], [135.503795, 35.456222], [135.50303, 35.455436], [135.502557, 35.45514], [135.500082, 35.45424], [135.499766, 35.452996], [135.498393, 35.452331], [135.497857, 35.451457], [135.496542, 35.451088], [135.496018, 35.45058], [135.495596, 35.449712], [135.495073, 35.449718], [135.492673, 35.451198], [135.491627, 35.451293], [135.491267, 35.451141], [135.490446, 35.449699], [135.488728, 35.449797], [135.488268, 35.449683], [135.487095, 35.449698], [135.486539, 35.449241], [135.486089, 35.448599], [135.486237, 35.447422], [135.486816, 35.446956], [135.487182, 35.446348], [135.487248, 35.444834], [135.487893, 35.444179], [135.488034, 35.443341], [135.488295, 35.443077], [135.489354, 35.441028], [135.489288, 35.440732], [135.488816, 35.440407], [135.488105, 35.439474], [135.488118, 35.439225], [135.488803, 35.438737], [135.489614, 35.438812], [135.490984, 35.438552], [135.493854, 35.438636], [135.495164, 35.438953], [135.495539, 35.438933], [135.495995, 35.438685], [135.496783, 35.437897], [135.497943, 35.437424], [135.49818, 35.436544], [135.498856, 35.43567], [135.498809, 35.435222], [135.498992, 35.434579], [135.500661, 35.433439], [135.500783, 35.433223], [135.500647, 35.432721], [135.500242, 35.432448], [135.498601, 35.432497], [135.498092, 35.432331], [135.496816, 35.431126], [135.496569, 35.430341], [135.495507, 35.429457], [135.495473, 35.429259], [135.496306, 35.428496], [135.496594, 35.427937], [135.495276, 35.42615], [135.495929, 35.425498], [135.496004, 35.425136], [135.497176, 35.424933], [135.497934, 35.425016], [135.498626, 35.424544], [135.499704, 35.42415], [135.500657, 35.422976], [135.500507, 35.422394], [135.50082, 35.421609], [135.502049, 35.420031], [135.502483, 35.419982], [135.503528, 35.420547], [135.504216, 35.420748], [135.505287, 35.420748], [135.505694, 35.420897], [135.506999, 35.422263], [135.508147, 35.42322], [135.508541, 35.423449], [135.509552, 35.423742], [135.510145, 35.424422], [135.510796, 35.424561], [135.511461, 35.4244], [135.512847, 35.423179], [135.514206, 35.423156], [135.514308, 35.422906], [135.51566, 35.421909], [135.518925, 35.4228], [135.520808, 35.422926], [135.522255, 35.421948], [135.522607, 35.421848], [135.523931, 35.421831], [135.525603, 35.42063], [135.526092, 35.419843], [135.526781, 35.419129], [135.527022, 35.418415], [135.52654, 35.416954], [135.526565, 35.416254], [135.526701, 35.415991], [135.527623, 35.415233], [135.527735, 35.415016], [135.527711, 35.41429], [135.527958, 35.413961], [135.527896, 35.413273], [135.527568, 35.412911], [135.527531, 35.41241], [135.527723, 35.412142], [135.528583, 35.411684], [135.52932, 35.410665], [135.52992, 35.410223], [135.530031, 35.408647], [135.52997, 35.408424], [135.528632, 35.407372], [135.528266, 35.406506], [135.527821, 35.406014], [135.527599, 35.405518], [135.527381, 35.405319], [135.526553, 35.405198], [135.526355, 35.405011], [135.525198, 35.403085], [135.525148, 35.40246], [135.525647, 35.400916], [135.526377, 35.400415], [135.527039, 35.39958], [135.527669, 35.397802], [135.527903, 35.39766], [135.530009, 35.397545], [135.530163, 35.397408], [135.530156, 35.396709], [135.530444, 35.395803], [135.530926, 35.395381], [135.530906, 35.394553], [135.531468, 35.393701], [135.531696, 35.392967], [135.530394, 35.391496], [135.52939, 35.390892], [135.528781, 35.390722], [135.528647, 35.390507], [135.528674, 35.3898], [135.529002, 35.388966], [135.528332, 35.387304], [135.528098, 35.387074], [135.527066, 35.386967], [135.526155, 35.386172], [135.526155, 35.386002], [135.526799, 35.385426], [135.527146, 35.384686], [135.527247, 35.383009], [135.527615, 35.382051], [135.527588, 35.380113], [135.529143, 35.379608], [135.529933, 35.379016], [135.534012, 35.377967], [135.534502, 35.377439], [135.536023, 35.376808], [135.53698, 35.376671], [135.540249, 35.376622], [135.544195, 35.376858], [135.545386, 35.377181], [135.546096, 35.376842], [135.546995, 35.376875], [135.547976, 35.376671], [135.549153, 35.377075], [135.550719, 35.376889], [135.551229, 35.377658], [135.552788, 35.377869], [135.553846, 35.377708], [135.554414, 35.377204], [135.55478, 35.377057], [135.556499, 35.377587], [135.557738, 35.377526], [135.55878, 35.37648], [135.559395, 35.376423], [135.560399, 35.37678], [135.561934, 35.376597], [135.562401, 35.376804], [135.562806, 35.377165], [135.563918, 35.377312], [135.564385, 35.377695], [135.565074, 35.377391], [135.565838, 35.377327], [135.566078, 35.377191], [135.566605, 35.376025], [135.568241, 35.374842], [135.568621, 35.374885], [135.569092, 35.375218], [135.56952, 35.375229], [135.570301, 35.374903], [135.57082, 35.37485], [135.571226, 35.374363], [135.571728, 35.374264], [135.572578, 35.374597], [135.574277, 35.374357], [135.574814, 35.374581], [135.575554, 35.37523], [135.576587, 35.374824], [135.578856, 35.375083], [135.579331, 35.375012], [135.579611, 35.374874], [135.580045, 35.374349], [135.580081, 35.373668], [135.580751, 35.373525], [135.582713, 35.372119], [135.583456, 35.371271], [135.583948, 35.370202], [135.584779, 35.369882], [135.585378, 35.369334], [135.586869, 35.369029], [135.588102, 35.368257], [135.588366, 35.368281], [135.588806, 35.368661], [135.589685, 35.368311], [135.589993, 35.368354], [135.590829, 35.368862], [135.591655, 35.369936], [135.592187, 35.369989], [135.593869, 35.370482], [135.594948, 35.37265], [135.595121, 35.372807], [135.59573, 35.372922], [135.596888, 35.372458], [135.597816, 35.372464], [135.599176, 35.372054], [135.599529, 35.371826], [135.599859, 35.371164], [135.600966, 35.371333], [135.603023, 35.372109], [135.603362, 35.372063], [135.604567, 35.371455], [135.605186, 35.371275], [135.60644, 35.371711], [135.606906, 35.371656], [135.607874, 35.370037], [135.609201, 35.369495], [135.609454, 35.369283], [135.610293, 35.367791], [135.610735, 35.36745], [135.611145, 35.366801], [135.611707, 35.369272], [135.612557, 35.369489], [135.613187, 35.369948], [135.614322, 35.370518], [135.614995, 35.37106], [135.61538, 35.370889], [135.616316, 35.370116], [135.617076, 35.370205], [135.617581, 35.369854], [135.617757, 35.369854], [135.6187, 35.370479], [135.620227, 35.370119], [135.621152, 35.36963], [135.622558, 35.36975], [135.623163, 35.369946], [135.623471, 35.369899], [135.624361, 35.369272], [135.624857, 35.368609], [135.626239, 35.368394], [135.627112, 35.367843], [135.627512, 35.367304], [135.628368, 35.366879], [135.629343, 35.366758], [135.629989, 35.366233], [135.630998, 35.365869], [135.632357, 35.365602], [135.633641, 35.365645], [135.63388, 35.365332], [135.633972, 35.364797], [135.63428, 35.364522], [135.635754, 35.364293], [135.636438, 35.363719], [135.638978, 35.364372], [135.639539, 35.364971], [135.640645, 35.36562], [135.640634, 35.366659], [135.640742, 35.366808], [135.642056, 35.366906], [135.644082, 35.365313], [135.64543, 35.364831], [135.646389, 35.363675], [135.648119, 35.362809], [135.649157, 35.361467], [135.649482, 35.361229], [135.65273, 35.35984], [135.654161, 35.359854], [135.655481, 35.359265], [135.656978, 35.358937], [135.657947, 35.359138], [135.658409, 35.359077], [135.659328, 35.358497], [135.660082, 35.356969], [135.660488, 35.356566], [135.660904, 35.356407], [135.661771, 35.356384], [135.664627, 35.356884], [135.665191, 35.356865], [135.66628, 35.356571], [135.667702, 35.357066], [135.668198, 35.357066], [135.669026, 35.356276], [135.669609, 35.354218], [135.670447, 35.354041], [135.672179, 35.354088], [135.673284, 35.353551], [135.674079, 35.352891], [135.675249, 35.351418], [135.675364, 35.350865], [135.675192, 35.350272], [135.676202, 35.35079], [135.676783, 35.350001], [135.677114, 35.349838], [135.67836, 35.350047], [135.680096, 35.350028], [135.680854, 35.349888], [135.68138, 35.349661], [135.681922, 35.349054], [135.683039, 35.348344], [135.684182, 35.348022], [135.684884, 35.347387], [135.68526, 35.347433], [135.685653, 35.347709], [135.686373, 35.347966], [135.687537, 35.348143], [135.689952, 35.347854], [135.69033, 35.347591], [135.691048, 35.346708], [135.692351, 35.345941], [135.693149, 35.34574], [135.694867, 35.345726], [135.695884, 35.345277], [135.696722, 35.345108], [135.697298, 35.344679], [135.697538, 35.344632], [135.698487, 35.344992], [135.699513, 35.344875], [135.700318, 35.34442], [135.700883, 35.343678], [135.701904, 35.344373], [135.704143, 35.344824], [135.704394, 35.345211], [135.704776, 35.346426], [135.704947, 35.346571], [135.705312, 35.346576], [135.705851, 35.346075], [135.706449, 35.345991], [135.70746, 35.346997], [135.707865, 35.347174], [135.709549, 35.347446], [135.710131, 35.347628], [135.710724, 35.348001], [135.711267, 35.348597], [135.711347, 35.349125], [135.712414, 35.350724], [135.7125, 35.352436], [135.712791, 35.353078], [135.713082, 35.353382], [135.7138, 35.353764], [135.715086, 35.354101], [135.715804, 35.353737], [135.716722, 35.353471], [135.717105, 35.353822], [135.717812, 35.354975], [135.718385, 35.355417], [135.718801, 35.355403], [135.719693, 35.354435], [135.720417, 35.354397], [135.721359, 35.353368], [135.722425, 35.353364], [135.723049, 35.353116], [135.723419, 35.352639], [135.723596, 35.352132], [135.72403, 35.351842], [135.725016, 35.351735], [135.725707, 35.352034], [135.726209, 35.352076], [135.726697, 35.351942], [135.727204, 35.352423], [135.727797, 35.352581], [135.728672, 35.352314], [135.729698, 35.351814], [135.730981, 35.350792], [135.731479, 35.350552], [135.732294, 35.350968], [135.734012, 35.350879], [135.735166, 35.351174], [135.735661, 35.351048], [135.73637, 35.351146], [135.737125, 35.351606], [135.737781, 35.351774], [135.738254, 35.352409], [135.739498, 35.353536], [135.740752, 35.354045], [135.741114, 35.356057], [135.741028, 35.356412], [135.740429, 35.357297], [135.740167, 35.358272], [135.740235, 35.358409], [135.741087, 35.358216], [135.741955, 35.358232], [135.743237, 35.35847], [135.744141, 35.358938], [135.744705, 35.358994], [135.745127, 35.358906], [135.746195, 35.358288], [135.747159, 35.357954], [135.750753, 35.357004], [135.755181, 35.354446], [135.757675, 35.354202], [135.758475, 35.353952], [135.759411, 35.353157], [135.759639, 35.353089], [135.759902, 35.353333], [135.760034, 35.354354], [135.761761, 35.355656], [135.763057, 35.356269], [135.763916, 35.35649], [135.76481, 35.356422], [135.765465, 35.355407], [135.765804, 35.355237], [135.766372, 35.355288], [135.767397, 35.355719], [135.768785, 35.356014], [135.769541, 35.357942], [135.769943, 35.359811], [135.771788, 35.361357], [135.772232, 35.362152], [135.773745, 35.363378], [135.773871, 35.363599], [135.773857, 35.364271], [135.774273, 35.364953], [135.774876, 35.365342], [135.775769, 35.365306], [135.776904, 35.365569], [135.777748, 35.365939], [135.777776, 35.366785], [135.779193, 35.369336], [135.779353, 35.370569], [135.779797, 35.371701], [135.779776, 35.371888], [135.778999, 35.372736], [135.778958, 35.373366], [135.780914, 35.374429], [135.781967, 35.374736], [135.782923, 35.375331], [135.783923, 35.377014], [135.784366, 35.377439], [135.785398, 35.377337], [135.786787, 35.377878], [135.789149, 35.378332], [135.789978, 35.378367], [135.790331, 35.37852], [135.790885, 35.379025], [135.791981, 35.381266], [135.791358, 35.382825], [135.790629, 35.384175], [135.790768, 35.386457], [135.790893, 35.386639], [135.789909, 35.387008], [135.789369, 35.387435], [135.789087, 35.388277], [135.789019, 35.389123], [135.788623, 35.389781], [135.788201, 35.39003], [135.786917, 35.390446], [135.785485, 35.391459], [135.784209, 35.391783], [135.782403, 35.39185], [135.780282, 35.392307], [135.778557, 35.393583], [135.777158, 35.394324], [135.776791, 35.394253], [135.775663, 35.393574], [135.774573, 35.39365], [135.773879, 35.393513], [135.773662, 35.393609], [135.772889, 35.39454], [135.772291, 35.394952], [135.772004, 35.395332], [135.771686, 35.396475], [135.770397, 35.396911], [135.769992, 35.397219], [135.769779, 35.397815], [135.769756, 35.39904], [135.769556, 35.399864], [135.770056, 35.400683], [135.770051, 35.401025], [135.769788, 35.401617], [135.768588, 35.403041], [135.768049, 35.40389], [135.767376, 35.404241], [135.764524, 35.40475], [135.763717, 35.405114], [135.763226, 35.406026], [135.762386, 35.406968], [135.762132, 35.407574], [135.760669, 35.409037], [135.760305, 35.40993], [135.759352, 35.409696], [135.757836, 35.409886], [135.75691, 35.410675], [135.75566, 35.412319], [135.754834, 35.412446], [135.752405, 35.413338], [135.751286, 35.413569], [135.750384, 35.413543], [135.749594, 35.413676], [135.748167, 35.414142], [135.747158, 35.414791], [135.74623, 35.41442], [135.744487, 35.414786], [135.743979, 35.415191], [135.74339, 35.415378], [135.742743, 35.416052], [135.742283, 35.416337], [135.740224, 35.416889], [135.739459, 35.416992], [135.738484, 35.416538], [135.736367, 35.415949], [135.735041, 35.416959], [135.734236, 35.41741], [135.733201, 35.41829], [135.729998, 35.418517], [135.729829, 35.417665], [135.729004, 35.416436], [135.728975, 35.415542], [135.728197, 35.414646], [135.727907, 35.414044], [135.727679, 35.413924], [135.725914, 35.413804], [135.724139, 35.414114], [135.722039, 35.414141], [135.721005, 35.414655], [135.719705, 35.414901], [135.719237, 35.414741], [135.718784, 35.41418], [135.718325, 35.413909], [135.717821, 35.413738], [135.716469, 35.413573], [135.715118, 35.412249], [135.714565, 35.411889], [135.714257, 35.410846], [135.713663, 35.409727], [135.713229, 35.409276], [135.712596, 35.408885], [135.711781, 35.409236], [135.711348, 35.409291], [135.708811, 35.409306], [135.706943, 35.410056], [135.705433, 35.410385], [135.704741, 35.410787], [135.704393, 35.410426], [135.703459, 35.410158], [135.702905, 35.409612], [135.702499, 35.40943], [135.701904, 35.409361], [135.700829, 35.409583], [135.700166, 35.409902], [135.698247, 35.410202], [135.696442, 35.410081], [135.694543, 35.410473], [135.693466, 35.410331], [135.692346, 35.41123], [135.691411, 35.411223], [135.690943, 35.411453], [135.690313, 35.412263], [135.689822, 35.412669], [135.688249, 35.412867], [135.686999, 35.41395], [135.686274, 35.414171], [135.685542, 35.414719], [135.684656, 35.415159], [135.683657, 35.415451], [135.682281, 35.415459], [135.681977, 35.416728], [135.682142, 35.41867], [135.679837, 35.418466], [135.678086, 35.418015], [135.677035, 35.418117], [135.674548, 35.417755], [135.673037, 35.417953], [135.67252, 35.417865], [135.671662, 35.417214], [135.670876, 35.416189], [135.669733, 35.415227], [135.669505, 35.414877], [135.669312, 35.413834], [135.668362, 35.412906], [135.667892, 35.412119], [135.667865, 35.410443], [135.666529, 35.410257], [135.665699, 35.410293], [135.664354, 35.411109], [135.663247, 35.411376], [135.662759, 35.411853], [135.661312, 35.412702], [135.661178, 35.413579], [135.660821, 35.413627], [135.660326, 35.413404], [135.659585, 35.413605], [135.659029, 35.413576], [135.657999, 35.41328], [135.657332, 35.412948], [135.657077, 35.412966], [135.656319, 35.414117], [135.655595, 35.414564], [135.655282, 35.415091], [135.65437, 35.415736], [135.65338, 35.415819], [135.65241, 35.416175], [135.651115, 35.415963], [135.650203, 35.415956], [135.648037, 35.417216], [135.647144, 35.417109], [135.646149, 35.417318], [135.645616, 35.417307], [135.645079, 35.41719], [135.644681, 35.416862], [135.644236, 35.416707], [135.643536, 35.416661], [135.642604, 35.419346], [135.642182, 35.420142], [135.642089, 35.42131], [135.641661, 35.421949], [135.641545, 35.423046], [135.641196, 35.42372], [135.641047, 35.424499], [135.639411, 35.425177], [135.639092, 35.425146], [135.638488, 35.424714], [135.637802, 35.424687], [135.637026, 35.425659], [135.636477, 35.425996], [135.635834, 35.426124], [135.635027, 35.425994], [135.634328, 35.426277], [135.633642, 35.426219], [135.632197, 35.426701], [135.631852, 35.426544], [135.631444, 35.425854], [135.630548, 35.424936], [135.629757, 35.423812], [135.629702, 35.423426], [135.62988, 35.423027], [135.629705, 35.422551], [135.628386, 35.421579], [135.627754, 35.42139], [135.626815, 35.421334], [135.623996, 35.421752], [135.622021, 35.421418], [135.621247, 35.421972], [135.620924, 35.42193], [135.619654, 35.420578], [135.619931, 35.420056], [135.619954, 35.419204], [135.619016, 35.417263], [135.616591, 35.416126], [135.616151, 35.415717], [135.615206, 35.414411], [135.614528, 35.414473], [135.614107, 35.414666], [135.613857, 35.414907], [135.613493, 35.415738], [135.612858, 35.415951], [135.611842, 35.41604], [135.611339, 35.416204], [135.610639, 35.416869], [135.610139, 35.417083], [135.608731, 35.417076], [135.606754, 35.415988], [135.606357, 35.415921], [135.605308, 35.416011], [135.60453, 35.415779], [135.603636, 35.417437], [135.602628, 35.417574], [135.60175, 35.417997], [135.600924, 35.41793], [135.600176, 35.418502], [135.598939, 35.418896], [135.598757, 35.419091], [135.598661, 35.420107], [135.598427, 35.420694], [135.598599, 35.421512], [135.598165, 35.422253], [135.598103, 35.422608], [135.598131, 35.423622], [135.598386, 35.424381], [135.598365, 35.42473], [135.597759, 35.425356], [135.595882, 35.425656], [135.594717, 35.42622], [135.593364, 35.427113], [135.592632, 35.427803], [135.591633, 35.428062], [135.59133, 35.428254], [135.590205, 35.429558], [135.588763, 35.430207], [135.588977, 35.432037], [135.588904, 35.43275], [135.589301, 35.433267], [135.590376, 35.433613], [135.591107, 35.43332], [135.591514, 35.433393], [135.592393, 35.4344], [135.592807, 35.434616], [135.594588, 35.434212], [135.595205, 35.434206], [135.595983, 35.434421], [135.597314, 35.434082], [135.599239, 35.434415], [135.600543, 35.435368], [135.600888, 35.436385], [135.60231, 35.436572], [135.602855, 35.437192], [135.604365, 35.438023], [135.604849, 35.438994], [135.605428, 35.439469], [135.606379, 35.439858], [135.606511, 35.440429], [135.608125, 35.440542], [135.608546, 35.440717], [135.608932, 35.441157], [135.609202, 35.441276], [135.610422, 35.441496], [135.611106, 35.441485], [135.612057, 35.440961], [135.613079, 35.441102], [135.614164, 35.440547], [135.616087, 35.440051], [135.617579, 35.440226], [135.618468, 35.441305], [135.619357, 35.44135], [135.619922, 35.441062], [135.620745, 35.441175], [135.620966, 35.441609], [135.620718, 35.442202], [135.620731, 35.443197], [135.62151, 35.444129], [135.622167, 35.444688], [135.622351, 35.445304], [135.623533, 35.445268], [135.626309, 35.445598], [135.626807, 35.445535], [135.627392, 35.44573], [135.629931, 35.445204], [135.631021, 35.444687], [135.631695, 35.444589], [135.633108, 35.445264], [135.633705, 35.445685], [135.634919, 35.446029], [135.635932, 35.446857], [135.636437, 35.447064], [135.638344, 35.4472], [135.638624, 35.446838], [135.639183, 35.446758], [135.639471, 35.446907], [135.639737, 35.447367], [135.640061, 35.447609], [135.641367, 35.447626], [135.644242, 35.448429], [135.644754, 35.449534], [135.647173, 35.450104], [135.646996, 35.451705], [135.646632, 35.45271], [135.645358, 35.453424], [135.644025, 35.454382], [135.643806, 35.455017], [135.643474, 35.455309], [135.641499, 35.456142], [135.641349, 35.456463], [135.641358, 35.45825], [135.640806, 35.458957], [135.64083, 35.459186], [135.641387, 35.460046], [135.641474, 35.461287], [135.642209, 35.461969], [135.642568, 35.462762], [135.643016, 35.462944], [135.643861, 35.462973], [135.644632, 35.463269], [135.645584, 35.463458], [135.646369, 35.464035], [135.648102, 35.464744], [135.64848, 35.465048], [135.64824, 35.465669], [135.647709, 35.46608], [135.647576, 35.466894], [135.647166, 35.467478], [135.647161, 35.467707], [135.647491, 35.468162], [135.647467, 35.468372], [135.646758, 35.469299], [135.646171, 35.469825], [135.646798, 35.47116], [135.646889, 35.472514], [135.646174, 35.47335], [135.645748, 35.473564], [135.644753, 35.475166], [135.644794, 35.475811], [135.645104, 35.476423], [135.644788, 35.477317], [135.644864, 35.477704], [135.645114, 35.477885], [135.645173, 35.478726], [135.643952, 35.478677], [135.643994, 35.47985], [135.642006, 35.479356], [135.641185, 35.479455], [135.639979, 35.480038], [135.6399, 35.479712], [135.63811, 35.479781], [135.63726, 35.480157], [135.635875, 35.481403], [135.635272, 35.480137], [135.635401, 35.480042], [135.635056, 35.479615], [135.633967, 35.480216], [135.633581, 35.479771], [135.632919, 35.480127], [135.634026, 35.481788], [135.633403, 35.482224], [135.63279, 35.482461], [135.632504, 35.48253], [135.632217, 35.482164], [135.631732, 35.482412], [135.630654, 35.481057], [135.629468, 35.4817], [135.630635, 35.483153], [135.629171, 35.483539], [135.628301, 35.483104], [135.626373, 35.481452], [135.626086, 35.481511], [135.62573, 35.481727], [135.62594, 35.481878], [135.625692, 35.482047], [135.624266, 35.482489], [135.623061, 35.483151], [135.620577, 35.486023], [135.616507, 35.485155], [135.615802, 35.485378], [135.607306, 35.483956], [135.607581, 35.483311], [135.607446, 35.483291], [135.607614, 35.48261], [135.607509, 35.482598], [135.607125, 35.483927], [135.605211, 35.483604]]]]}}, {"type": "Feature", "properties": {"pref_code": "18", "pref_name": "福井県", "municipality_code": "18501", "municipality_name": "若狭町", "ward_name": "", "display_name": "若狭町", "geometry_key": "18501"}, "geometry": {"type": "MultiPolygon", "coordinates": [[[[135.812431, 35.644046], [135.812509, 35.643971], [135.812507, 35.644081], [135.812431, 35.644046]]], [[[135.811965, 35.643787], [135.812073, 35.643757], [135.812136, 35.643865], [135.811965, 35.643787]]], [[[135.814206, 35.642352], [135.81439, 35.642309], [135.814426, 35.642412], [135.814206, 35.642352]]], [[[135.813754, 35.642161], [135.813848, 35.642069], [135.813897, 35.642183], [135.813754, 35.642161]]], [[[135.814668, 35.642214], [135.814462, 35.641479], [135.814953, 35.640721], [135.815264, 35.639881], [135.815285, 35.639436], [135.81499, 35.639279], [135.814102, 35.639135], [135.813036, 35.639247], [135.812816, 35.639119], [135.812758, 35.638887], [135.812961, 35.638499], [135.812964, 35.638063], [135.813124, 35.637918], [135.812979, 35.637657], [135.813231, 35.637299], [135.813451, 35.636416], [135.813252, 35.636257], [135.813374, 35.63577], [135.813168, 35.635125], [135.813046, 35.635082], [135.813166, 35.634762], [135.813034, 35.634579], [135.813414, 35.634188], [135.814146, 35.633861], [135.814471, 35.633493], [135.814602, 35.632984], [135.814549, 35.632282], [135.815189, 35.632114], [135.815267, 35.632326], [135.815604, 35.632574], [135.817217, 35.633347], [135.817947, 35.634349], [135.818751, 35.634601], [135.819144, 35.634605], [135.819573, 35.634815], [135.819934, 35.63507], [135.820194, 35.635736], [135.820287, 35.635716], [135.820443, 35.636005], [135.820509, 35.636574], [135.820817, 35.637028], [135.821545, 35.637488], [135.821545, 35.637597], [135.822447, 35.637627], [135.822446, 35.637498], [135.822703, 35.637389], [135.824282, 35.637182], [135.824647, 35.636844], [135.824434, 35.636704], [135.824364, 35.636354], [135.825479, 35.63638], [135.826731, 35.635576], [135.827752, 35.635193], [135.828384, 35.634161], [135.828643, 35.633419], [135.828959, 35.633514], [135.830117, 35.632793], [135.830387, 35.632162], [135.830697, 35.631936], [135.83281, 35.631406], [135.832812, 35.631006], [135.832987, 35.631002], [135.832933, 35.630251], [135.832507, 35.629869], [135.831736, 35.629715], [135.830787, 35.630201], [135.829269, 35.630381], [135.828011, 35.631123], [135.82762, 35.6312], [135.82682, 35.631632], [135.825758, 35.631722], [135.825234, 35.63157], [135.82482, 35.631841], [135.824565, 35.631863], [135.823523, 35.631379], [135.823169, 35.630897], [135.823178, 35.629897], [135.822924, 35.629278], [135.822992, 35.628788], [135.823516, 35.628683], [135.823958, 35.628748], [135.824799, 35.628561], [135.825234, 35.62811], [135.825479, 35.627246], [135.825349, 35.626759], [135.824779, 35.625942], [135.824679, 35.625578], [135.823841, 35.624938], [135.823729, 35.624515], [135.823809, 35.623909], [135.824466, 35.62418], [135.824955, 35.624017], [135.825214, 35.623732], [135.825368, 35.623875], [135.82563, 35.623826], [135.825842, 35.623919], [135.825959, 35.623724], [135.826142, 35.623717], [135.82667, 35.623987], [135.826968, 35.623856], [135.827962, 35.624249], [135.828871, 35.624294], [135.829579, 35.624027], [135.829782, 35.623494], [135.830461, 35.623446], [135.83069, 35.623243], [135.831428, 35.623488], [135.832585, 35.623382], [135.833484, 35.623012], [135.833975, 35.623026], [135.834245, 35.622742], [135.835866, 35.623749], [135.836681, 35.623536], [135.837089, 35.623244], [135.837673, 35.622645], [135.838725, 35.620809], [135.838811, 35.620837], [135.838984, 35.618967], [135.838906, 35.616745], [135.838616, 35.616283], [135.838057, 35.61577], [135.837552, 35.615624], [135.836799, 35.615975], [135.835691, 35.616016], [135.83552, 35.615552], [135.8353, 35.615491], [135.834958, 35.615595], [135.834677, 35.615416], [135.834584, 35.615168], [135.834728, 35.614829], [135.834614, 35.614692], [135.833571, 35.614392], [135.833093, 35.614381], [135.833125, 35.613899], [135.83268, 35.613324], [135.831677, 35.613302], [135.831352, 35.612779], [135.830556, 35.612547], [135.830572, 35.612326], [135.830023, 35.612033], [135.828496, 35.611959], [135.827731, 35.611507], [135.82733, 35.611487], [135.827454, 35.610947], [135.827231, 35.610729], [135.827407, 35.610589], [135.827337, 35.610343], [135.826537, 35.609724], [135.826752, 35.609574], [135.826684, 35.609434], [135.827236, 35.609284], [135.827066, 35.608893], [135.827302, 35.608658], [135.827317, 35.608236], [135.827829, 35.60798], [135.827892, 35.607461], [135.828529, 35.607364], [135.829286, 35.607649], [135.829732, 35.607442], [135.830262, 35.60667], [135.830206, 35.606316], [135.830682, 35.606017], [135.830729, 35.605668], [135.831112, 35.605311], [135.831774, 35.604228], [135.831949, 35.603814], [135.831875, 35.603394], [135.832487, 35.603007], [135.832724, 35.603049], [135.833401, 35.603921], [135.833639, 35.604034], [135.833644, 35.604189], [135.834031, 35.604411], [135.834396, 35.605053], [135.835072, 35.605437], [135.836467, 35.60573], [135.836446, 35.60613], [135.836734, 35.606276], [135.836878, 35.60654], [135.838172, 35.607134], [135.838544, 35.606854], [135.838938, 35.607188], [135.838834, 35.607321], [135.839246, 35.607672], [135.839388, 35.607559], [135.841299, 35.607489], [135.841145, 35.607766], [135.842488, 35.607717], [135.842753, 35.607542], [135.842601, 35.607387], [135.8427, 35.60732], [135.843015, 35.607625], [135.844577, 35.606398], [135.84499, 35.605819], [135.845167, 35.605275], [135.844975, 35.604878], [135.844809, 35.603832], [135.844538, 35.60333], [135.84404, 35.602951], [135.843975, 35.602591], [135.843769, 35.602378], [135.843923, 35.602318], [135.843927, 35.602152], [135.84427, 35.602084], [135.844771, 35.601619], [135.846243, 35.601427], [135.846681, 35.601719], [135.846966, 35.60174], [135.848201, 35.602522], [135.850722, 35.6033], [135.853143, 35.603255], [135.853833, 35.60299], [135.854482, 35.602241], [135.855609, 35.600362], [135.855592, 35.600128], [135.855103, 35.59988], [135.854585, 35.599018], [135.854641, 35.598426], [135.855505, 35.597457], [135.85552, 35.596039], [135.855307, 35.595534], [135.854654, 35.595206], [135.854722, 35.595005], [135.85448, 35.594717], [135.854227, 35.593893], [135.853909, 35.593628], [135.852622, 35.593345], [135.852711, 35.59312], [135.852272, 35.592669], [135.852391, 35.591852], [135.853197, 35.591795], [135.853261, 35.591648], [135.85344, 35.59182], [135.854719, 35.592194], [135.855454, 35.592109], [135.856055, 35.591484], [135.856407, 35.590487], [135.856821, 35.590222], [135.857299, 35.589674], [135.857429, 35.589674], [135.857497, 35.589321], [135.857181, 35.588177], [135.856822, 35.58762], [135.856451, 35.587573], [135.855739, 35.587251], [135.855658, 35.587111], [135.854831, 35.587385], [135.854425, 35.587361], [135.854291, 35.587229], [135.854354, 35.586898], [135.855004, 35.58606], [135.854867, 35.585906], [135.855109, 35.585834], [135.855282, 35.585927], [135.855406, 35.585792], [135.855432, 35.585062], [135.855919, 35.584824], [135.855931, 35.584561], [135.856864, 35.584034], [135.857239, 35.583602], [135.85666, 35.583258], [135.856501, 35.583026], [135.857188, 35.582604], [135.857259, 35.582301], [135.857049, 35.581894], [135.85679, 35.581711], [135.855702, 35.581378], [135.855126, 35.580988], [135.854412, 35.580714], [135.854514, 35.580527], [135.85504, 35.580276], [135.855438, 35.579551], [135.855067, 35.578787], [135.854329, 35.578338], [135.854116, 35.578476], [135.853326, 35.578528], [135.852192, 35.578853], [135.851033, 35.578904], [135.850243, 35.578634], [135.850006, 35.578481], [135.849812, 35.578111], [135.849445, 35.578014], [135.848922, 35.577645], [135.848165, 35.577445], [135.848061, 35.576452], [135.848709, 35.575869], [135.848758, 35.575308], [135.849278, 35.574472], [135.84901, 35.574304], [135.848978, 35.574117], [135.849412, 35.574323], [135.849999, 35.573466], [135.850149, 35.573491], [135.850461, 35.573148], [135.849667, 35.573266], [135.849031, 35.572002], [135.849753, 35.571767], [135.848947, 35.571098], [135.847893, 35.570752], [135.847042, 35.570733], [135.845103, 35.571064], [135.844209, 35.570986], [135.843979, 35.571101], [135.843196, 35.571021], [135.842905, 35.571108], [135.842594, 35.571028], [135.842766, 35.570839], [135.842884, 35.570311], [135.842279, 35.569291], [135.841503, 35.568973], [135.841208, 35.568688], [135.840189, 35.568551], [135.839847, 35.568283], [135.840136, 35.568094], [135.840519, 35.568142], [135.840441, 35.568005], [135.840575, 35.567795], [135.840363, 35.567382], [135.840607, 35.567159], [135.840677, 35.566875], [135.840113, 35.566285], [135.840163, 35.565776], [135.840017, 35.565521], [135.840235, 35.565229], [135.84057, 35.565238], [135.840959, 35.564995], [135.840864, 35.564452], [135.840497, 35.563894], [135.839847, 35.563394], [135.838148, 35.562505], [135.836504, 35.561988], [135.834501, 35.561864], [135.834056, 35.561985], [135.833538, 35.562474], [135.832477, 35.563121], [135.830637, 35.563142], [135.829746, 35.563436], [135.829273, 35.563437], [135.828009, 35.563952], [135.827492, 35.564672], [135.827496, 35.565405], [135.827625, 35.565554], [135.827631, 35.56614], [135.827816, 35.566649], [135.827776, 35.567297], [135.82795, 35.567714], [135.827701, 35.568734], [135.827071, 35.569157], [135.825911, 35.56935], [135.825814, 35.569673], [135.82548, 35.569501], [135.825341, 35.569628], [135.824709, 35.569667], [135.823683, 35.569982], [135.823173, 35.571183], [135.823, 35.571997], [135.8225, 35.572412], [135.822137, 35.572921], [135.821646, 35.573147], [135.821331, 35.573644], [135.821088, 35.573612], [135.820712, 35.573889], [135.820157, 35.573741], [135.819991, 35.574027], [135.819419, 35.574002], [135.819199, 35.573325], [135.818756, 35.572873], [135.817744, 35.572437], [135.817099, 35.572374], [135.816846, 35.572007], [135.816872, 35.571776], [135.816448, 35.571479], [135.81572, 35.571332], [135.815365, 35.571346], [135.815082, 35.571524], [135.813356, 35.569462], [135.813119, 35.568875], [135.813266, 35.568389], [135.813809, 35.568026], [135.814297, 35.567211], [135.814669, 35.566963], [135.81513, 35.566822], [135.816248, 35.566769], [135.816887, 35.566554], [135.818384, 35.566317], [135.819071, 35.566045], [135.819494, 35.564812], [135.819986, 35.564436], [135.820374, 35.563884], [135.820352, 35.563183], [135.82056, 35.562769], [135.820637, 35.562086], [135.821282, 35.561241], [135.821364, 35.560489], [135.821989, 35.559823], [135.825162, 35.558771], [135.827429, 35.558353], [135.827933, 35.557913], [135.828991, 35.557676], [135.829423, 35.557165], [135.830234, 35.556614], [135.831391, 35.556117], [135.832211, 35.555544], [135.832769, 35.555339], [135.833817, 35.55421], [135.835479, 35.554136], [135.835997, 35.553644], [135.836826, 35.552431], [135.83791, 35.552024], [135.838608, 35.551521], [135.839104, 35.550802], [135.839415, 35.550066], [135.842578, 35.549603], [135.844168, 35.549204], [135.845026, 35.548259], [135.845214, 35.547728], [135.84555, 35.547439], [135.845829, 35.546254], [135.846354, 35.545911], [135.847754, 35.545667], [135.848481, 35.54534], [135.849451, 35.543638], [135.850356, 35.542879], [135.850688, 35.542002], [135.851336, 35.541039], [135.851048, 35.540694], [135.850421, 35.540286], [135.849471, 35.537981], [135.849594, 35.537353], [135.848781, 35.536417], [135.848354, 35.535678], [135.847177, 35.535541], [135.84539, 35.534884], [135.844355, 35.534262], [135.843957, 35.533649], [135.842837, 35.533594], [135.842616, 35.53308], [135.841892, 35.532193], [135.841945, 35.531248], [135.84143, 35.530709], [135.839767, 35.529498], [135.838041, 35.527691], [135.836986, 35.527321], [135.836203, 35.526846], [135.835308, 35.525835], [135.834602, 35.524796], [135.833555, 35.524263], [135.832048, 35.522502], [135.833155, 35.521599], [135.833961, 35.520565], [135.834865, 35.52003], [135.835436, 35.518799], [135.836098, 35.518214], [135.836498, 35.51766], [135.836654, 35.517089], [135.837519, 35.515528], [135.838291, 35.515107], [135.839536, 35.514175], [135.841074, 35.51336], [135.841448, 35.513008], [135.842395, 35.509764], [135.841889, 35.509314], [135.841589, 35.508625], [135.841018, 35.508186], [135.84091, 35.507649], [135.841246, 35.507268], [135.841907, 35.507124], [135.842121, 35.506959], [135.842907, 35.505259], [135.8436, 35.504736], [135.843556, 35.50413], [135.844687, 35.503172], [135.844823, 35.502847], [135.845294, 35.502347], [135.845364, 35.50199], [135.845032, 35.501234], [135.845041, 35.500944], [135.844605, 35.500188], [135.844709, 35.499503], [135.843871, 35.498643], [135.843749, 35.497701], [135.842918, 35.496863], [135.842709, 35.496135], [135.84236, 35.495636], [135.842308, 35.495125], [135.842656, 35.493298], [135.843756, 35.491824], [135.843827, 35.491055], [135.844403, 35.489526], [135.844331, 35.488727], [135.844763, 35.486767], [135.84458, 35.486298], [135.843491, 35.485106], [135.84319, 35.484292], [135.841671, 35.484163], [135.840195, 35.483744], [135.839606, 35.483358], [135.837461, 35.482467], [135.83699, 35.48251], [135.835955, 35.483121], [135.835536, 35.483067], [135.834855, 35.483527], [135.833967, 35.48285], [135.832394, 35.482279], [135.831779, 35.482407], [135.830548, 35.481679], [135.828621, 35.481485], [135.827269, 35.480266], [135.826117, 35.479474], [135.824873, 35.479249], [135.823475, 35.479769], [135.821812, 35.4807], [135.81979, 35.481998], [135.818819, 35.482824], [135.817898, 35.483198], [135.817557, 35.483659], [135.816822, 35.484035], [135.816402, 35.483777], [135.81617, 35.484107], [135.816314, 35.484805], [135.816091, 35.485427], [135.814679, 35.487212], [135.812905, 35.487516], [135.812407, 35.488482], [135.81196, 35.489029], [135.811217, 35.489376], [135.809445, 35.489934], [135.808037, 35.490356], [135.807341, 35.490324], [135.806186, 35.490828], [135.805061, 35.490693], [135.803224, 35.490972], [135.802538, 35.490757], [135.801173, 35.490049], [135.800609, 35.489909], [135.79952, 35.490167], [135.798362, 35.490213], [135.797207, 35.489881], [135.796919, 35.489677], [135.796615, 35.489062], [135.796378, 35.488493], [135.796365, 35.488085], [135.797521, 35.486375], [135.797324, 35.485774], [135.799359, 35.48528], [135.799183, 35.484943], [135.798947, 35.485008], [135.798592, 35.484385], [135.798934, 35.484256], [135.798579, 35.483655], [135.799026, 35.483194], [135.798691, 35.482772], [135.799176, 35.482139], [135.800247, 35.481148], [135.801833, 35.48], [135.802698, 35.479551], [135.803235, 35.48022], [135.803702, 35.479954], [135.803359, 35.479183], [135.806487, 35.477573], [135.807392, 35.477187], [135.808208, 35.477126], [135.811866, 35.475686], [135.812497, 35.474157], [135.810619, 35.470066], [135.809976, 35.469947], [135.809779, 35.469765], [135.810278, 35.468981], [135.810081, 35.466125], [135.81058, 35.465301], [135.811052, 35.464947], [135.811997, 35.464721], [135.814501, 35.463516], [135.815401, 35.462386], [135.815663, 35.461646], [135.815611, 35.461409], [135.815165, 35.461055], [135.815598, 35.459296], [135.815395, 35.458806], [135.815421, 35.457839], [135.815218, 35.457073], [135.816176, 35.456365], [135.816762, 35.455717], [135.816919, 35.454783], [135.817287, 35.454236], [135.817576, 35.453223], [135.818956, 35.451503], [135.819612, 35.450945], [135.822227, 35.450083], [135.823775, 35.449815], [135.824828, 35.449912], [135.825169, 35.449836], [135.827745, 35.448867], [135.829162, 35.44847], [135.829779, 35.448127], [135.830556, 35.447379], [135.831409, 35.446831], [135.832827, 35.445422], [135.83447, 35.444744], [135.835415, 35.4438], [135.835956, 35.443441], [135.8382, 35.442754], [135.839219, 35.442104], [135.839849, 35.441986], [135.840901, 35.441351], [135.841361, 35.441297], [135.841859, 35.441416], [135.842292, 35.442124], [135.842817, 35.442456], [135.844133, 35.442405], [135.845052, 35.442179], [135.845668, 35.442341], [135.847247, 35.441807], [135.848179, 35.442247], [135.849045, 35.442333], [135.849639, 35.441506], [135.851161, 35.439939], [135.851418, 35.439436], [135.851838, 35.439049], [135.852213, 35.438166], [135.853197, 35.437769], [135.85388, 35.437286], [135.854365, 35.437158], [135.854899, 35.436694], [135.855174, 35.436093], [135.855806, 35.435327], [135.857271, 35.432979], [135.858622, 35.432732], [135.859164, 35.432299], [135.859374, 35.431837], [135.859374, 35.431097], [135.860424, 35.428539], [135.859794, 35.42801], [135.859347, 35.427033], [135.858782, 35.426267], [135.85869, 35.425408], [135.858828, 35.424974], [135.858513, 35.423944], [135.858631, 35.423246], [135.857908, 35.422352], [135.857843, 35.421783], [135.858079, 35.420694], [135.858013, 35.420158], [135.857456, 35.418988], [135.8579, 35.418241], [135.857542, 35.417907], [135.857284, 35.417362], [135.856431, 35.417057], [135.855808, 35.416209], [135.854515, 35.415316], [135.854087, 35.414839], [135.853552, 35.413992], [135.853459, 35.412848], [135.853133, 35.411537], [135.854116, 35.410771], [135.855371, 35.409497], [135.855613, 35.409032], [135.855384, 35.407194], [135.854526, 35.406134], [135.854899, 35.404877], [135.855156, 35.40298], [135.85433, 35.402018], [135.854338, 35.400778], [135.854595, 35.400506], [135.856176, 35.399609], [135.856439, 35.399127], [135.856585, 35.398318], [135.857402, 35.397519], [135.858132, 35.397029], [135.859012, 35.396892], [135.859386, 35.396683], [135.859795, 35.396227], [135.859941, 35.395694], [135.860183, 35.395422], [135.860987, 35.395002], [135.862949, 35.395116], [135.864691, 35.3944], [135.867396, 35.394757], [135.867867, 35.394962], [135.868629, 35.395699], [135.869218, 35.395914], [135.870094, 35.39604], [135.871417, 35.395961], [135.871736, 35.396148], [135.872149, 35.396825], [135.875239, 35.397262], [135.875553, 35.397405], [135.876497, 35.398354], [135.877403, 35.399001], [135.87777, 35.399212], [135.879251, 35.399647], [135.880286, 35.400602], [135.880647, 35.400716], [135.882532, 35.400831], [135.883427, 35.401554], [135.884322, 35.401748], [135.885639, 35.402346], [135.887359, 35.402888], [135.889954, 35.403042], [135.89057, 35.403175], [135.890931, 35.404124], [135.892442, 35.406929], [135.892372, 35.407693], [135.892627, 35.408872], [135.893546, 35.410734], [135.893294, 35.41192], [135.893358, 35.412652], [135.893712, 35.413488], [135.893841, 35.414837], [135.89357, 35.416261], [135.893505, 35.418549], [135.892981, 35.419847], [135.893838, 35.420407], [135.894636, 35.421516], [135.896018, 35.421851], [135.896625, 35.422909], [135.897739, 35.423432], [135.89798, 35.424235], [135.898466, 35.42466], [135.899024, 35.424957], [135.899732, 35.42513], [135.900402, 35.425692], [135.900977, 35.425759], [135.901711, 35.4282], [135.90226, 35.429097], [135.902711, 35.429433], [135.904206, 35.429598], [135.906274, 35.430102], [135.90664, 35.430047], [135.9076, 35.429585], [135.908279, 35.429569], [135.90965, 35.430034], [135.912017, 35.430531], [135.912757, 35.430837], [135.913538, 35.431306], [135.914162, 35.432106], [135.914869, 35.434881], [135.914358, 35.436635], [135.914662, 35.437506], [135.914595, 35.43799], [135.913815, 35.439134], [135.912814, 35.440001], [135.912341, 35.441041], [135.91239, 35.441686], [135.913164, 35.4431], [135.913172, 35.445097], [135.912966, 35.445475], [135.912716, 35.445558], [135.910572, 35.445648], [135.909874, 35.446706], [135.909782, 35.447046], [135.91014, 35.447623], [135.911956, 35.448373], [135.912455, 35.448686], [135.913077, 35.449534], [135.913802, 35.450228], [135.914586, 35.451861], [135.914628, 35.454002], [135.915576, 35.455718], [135.915576, 35.456119], [135.914953, 35.457627], [135.914853, 35.459136], [135.915817, 35.461146], [135.916251, 35.463388], [135.916243, 35.46422], [135.916741, 35.46517], [135.917357, 35.467073], [135.917233, 35.46886], [135.916009, 35.470578], [135.915974, 35.470991], [135.916111, 35.471121], [135.916478, 35.471118], [135.917017, 35.471313], [135.917556, 35.471727], [135.917898, 35.472778], [135.917932, 35.473584], [135.918142, 35.473826], [135.919046, 35.474131], [135.919766, 35.475259], [135.92068, 35.475735], [135.921362, 35.475742], [135.921662, 35.475951], [135.921464, 35.477384], [135.921569, 35.47809], [135.922227, 35.478943], [135.923001, 35.480663], [135.923511, 35.481099], [135.923734, 35.481546], [135.923572, 35.481971], [135.922985, 35.482764], [135.922994, 35.48428], [135.922294, 35.485934], [135.922527, 35.486165], [135.923633, 35.486732], [135.924409, 35.489566], [135.924825, 35.489971], [135.927518, 35.490509], [135.928541, 35.491846], [135.928777, 35.491941], [135.929521, 35.49183], [135.929833, 35.491961], [135.930025, 35.492337], [135.930286, 35.493621], [135.931194, 35.494883], [135.931333, 35.495821], [135.931684, 35.496433], [135.931645, 35.497768], [135.9323, 35.498749], [135.932988, 35.500314], [135.932977, 35.501679], [135.933214, 35.502308], [135.934436, 35.503385], [135.935288, 35.503912], [135.935251, 35.504677], [135.935681, 35.506138], [135.936474, 35.507811], [135.936747, 35.509087], [135.937421, 35.510118], [135.937488, 35.510396], [135.937244, 35.511023], [135.938021, 35.511162], [135.937762, 35.511821], [135.937903, 35.513379], [135.937577, 35.514002], [135.93771, 35.51454], [135.938155, 35.515318], [135.938081, 35.515874], [135.93874, 35.516521], [135.938978, 35.516986], [135.939037, 35.517772], [135.938823, 35.518316], [135.938867, 35.518755], [135.939245, 35.519892], [135.939647, 35.520543], [135.940557, 35.520374], [135.940779, 35.520446], [135.941127, 35.520839], [135.94206, 35.520906], [135.942386, 35.521123], [135.943156, 35.521305], [135.944492, 35.521384], [135.945003, 35.521172], [135.946065, 35.521238], [135.946516, 35.520987], [135.947022, 35.520476], [135.947918, 35.52166], [135.948734, 35.522127], [135.949055, 35.522781], [135.950131, 35.52369], [135.950773, 35.524001], [135.951201, 35.524725], [135.95222, 35.524714], [135.952624, 35.524848], [135.952907, 35.525611], [135.953602, 35.525702], [135.954234, 35.5262], [135.954266, 35.52644], [135.953891, 35.527228], [135.953834, 35.52842], [135.954029, 35.529085], [135.95392, 35.529685], [135.953447, 35.530334], [135.953759, 35.531415], [135.953617, 35.531716], [135.953081, 35.532142], [135.9529, 35.532742], [135.954019, 35.534374], [135.954012, 35.535712], [135.953438, 35.538251], [135.952919, 35.538798], [135.952979, 35.540382], [135.952436, 35.541415], [135.95142, 35.542232], [135.95157, 35.543062], [135.951195, 35.543511], [135.950887, 35.544704], [135.950148, 35.54551], [135.949916, 35.546194], [135.949627, 35.546362], [135.949102, 35.546426], [135.948459, 35.547277], [135.947915, 35.547768], [135.946767, 35.5492], [135.946315, 35.550031], [135.945764, 35.550515], [135.944906, 35.550972], [135.945264, 35.552644], [135.945733, 35.553172], [135.94621, 35.555344], [135.945568, 35.556123], [135.945061, 35.557798], [135.943741, 35.558771], [135.943507, 35.56007], [135.943145, 35.560648], [135.943173, 35.561011], [135.942632, 35.561796], [135.942978, 35.563042], [135.942964, 35.563553], [135.943784, 35.564937], [135.943883, 35.565358], [135.942943, 35.565958], [135.94257, 35.567022], [135.941955, 35.567546], [135.941831, 35.568746], [135.941947, 35.569496], [135.94169, 35.570872], [135.941258, 35.571666], [135.940486, 35.573721], [135.940195, 35.5741], [135.938923, 35.574998], [135.937628, 35.575529], [135.937197, 35.57592], [135.937086, 35.576866], [135.936739, 35.577498], [135.936421, 35.57768], [135.934728, 35.577972], [135.933732, 35.578311], [135.931621, 35.579702], [135.931004, 35.579493], [135.929754, 35.579716], [135.928949, 35.579316], [135.928627, 35.579285], [135.928252, 35.579411], [135.927508, 35.579256], [135.926636, 35.579427], [135.925559, 35.579432], [135.925034, 35.579276], [135.922553, 35.579415], [135.920619, 35.579377], [135.919297, 35.580044], [135.9178, 35.580098], [135.916807, 35.580754], [135.916217, 35.581543], [135.915871, 35.582369], [135.915372, 35.582566], [135.915238, 35.582843], [135.915448, 35.583984], [135.915641, 35.584187], [135.916286, 35.584208], [135.91644, 35.584419], [135.915558, 35.584787], [135.915017, 35.585482], [135.912511, 35.586119], [135.91226, 35.586498], [135.912567, 35.587449], [135.910918, 35.588588], [135.907736, 35.589545], [135.908559, 35.591281], [135.907389, 35.591668], [135.908696, 35.594338], [135.905426, 35.600572], [135.90492, 35.600741], [135.904432, 35.600135], [135.903982, 35.600027], [135.904057, 35.5995], [135.903097, 35.598694], [135.903051, 35.59822], [135.901804, 35.597853], [135.901279, 35.59822], [135.900866, 35.599752], [135.901167, 35.601785], [135.901279, 35.602037], [135.901862, 35.602506], [135.90204, 35.603072], [135.901737, 35.60364], [135.901222, 35.604214], [135.900143, 35.604221], [135.89956, 35.603201], [135.898294, 35.601914], [135.897759, 35.601599], [135.897505, 35.601201], [135.896774, 35.601683], [135.896427, 35.601561], [135.896268, 35.601056], [135.895959, 35.600903], [135.895103, 35.600672], [135.894053, 35.600603], [135.89319, 35.599339], [135.892017, 35.598947], [135.890853, 35.598243], [135.889219, 35.597829], [135.886692, 35.598067], [135.886329, 35.598382], [135.885283, 35.598867], [135.884599, 35.600174], [135.884399, 35.601504], [135.883738, 35.601883], [135.883309, 35.602395], [135.882395, 35.605267], [135.881756, 35.606715], [135.881346, 35.607248], [135.880058, 35.607752], [135.878935, 35.608641], [135.878459, 35.60839], [135.877512, 35.608282], [135.876025, 35.607579], [135.874869, 35.607678], [135.874066, 35.607291], [135.873801, 35.606912], [135.874098, 35.606229], [135.874241, 35.605292], [135.87444, 35.604564], [135.874693, 35.604196], [135.874648, 35.604024], [135.873801, 35.603539], [135.871633, 35.602728], [135.870548, 35.60134], [135.869016, 35.60142], [135.866916, 35.601884], [135.864511, 35.602863], [135.863931, 35.603474], [135.863538, 35.604155], [135.862532, 35.604824], [135.862221, 35.605426], [135.860844, 35.606463], [135.858336, 35.606913], [135.85705, 35.607546], [135.855886, 35.607843], [135.85515, 35.608493], [135.854109, 35.609166], [135.853697, 35.609672], [135.853442, 35.610392], [135.852058, 35.611781], [135.851154, 35.612422], [135.850477, 35.613239], [135.848205, 35.614715], [135.848136, 35.614899], [135.848499, 35.615421], [135.848529, 35.615678], [135.848121, 35.617586], [135.847002, 35.618108], [135.846728, 35.618837], [135.845599, 35.620031], [135.845132, 35.621009], [135.843375, 35.622623], [135.842197, 35.624186], [135.841097, 35.625197], [135.839866, 35.626985], [135.839998, 35.62838], [135.840518, 35.629903], [135.840248, 35.630729], [135.840278, 35.631234], [135.840911, 35.633007], [135.840101, 35.633737], [135.839434, 35.634803], [135.838492, 35.634915], [135.835757, 35.634299], [135.834015, 35.634499], [135.83374, 35.635028], [135.833131, 35.635661], [135.831359, 35.636552], [135.830456, 35.637241], [135.830033, 35.637427], [135.829072, 35.637457], [135.827718, 35.637729], [135.825974, 35.63925], [135.82461, 35.639474], [135.823457, 35.640528], [135.82169, 35.641298], [135.820463, 35.641466], [135.818224, 35.640954], [135.817207, 35.640962], [135.816122, 35.64121], [135.815524, 35.641498], [135.814668, 35.642214]], [[135.889479, 35.592797], [135.889663, 35.593258], [135.890842, 35.594023], [135.891775, 35.593736], [135.893335, 35.593524], [135.893656, 35.593399], [135.894301, 35.59286], [135.895448, 35.592411], [135.897058, 35.592623], [135.897899, 35.593172], [135.898022, 35.59301], [135.897898, 35.592629], [135.896185, 35.591341], [135.895833, 35.591596], [135.893903, 35.591734], [135.893475, 35.591971], [135.893154, 35.591946], [135.893001, 35.591709], [135.892634, 35.591521], [135.89167, 35.591646], [135.891395, 35.591796], [135.890735, 35.592534], [135.890001, 35.592546], [135.889986, 35.592259], [135.889695, 35.592197], [135.889479, 35.592797]], [[135.897549, 35.59186], [135.898203, 35.592289], [135.898777, 35.592927], [135.899304, 35.592667], [135.901026, 35.592667], [135.900867, 35.592393], [135.900516, 35.592172], [135.900452, 35.59186], [135.901987, 35.590751], [135.902831, 35.5906], [135.903537, 35.591053], [135.904001, 35.590874], [135.904499, 35.590468], [135.904534, 35.59027], [135.904325, 35.589901], [135.904452, 35.589694], [135.906108, 35.588852], [135.905819, 35.588337], [135.905148, 35.587667], [135.904071, 35.587279], [135.903098, 35.587809], [135.902356, 35.58865], [135.901998, 35.588792], [135.900537, 35.588906], [135.899751, 35.589255], [135.899507, 35.589635], [135.899472, 35.590305], [135.897549, 35.59186]]], [[[135.814263, 35.641498], [135.814359, 35.641467], [135.814327, 35.641554], [135.814263, 35.641498]]], [[[135.814479, 35.640692], [135.814574, 35.640701], [135.814518, 35.640755], [135.814479, 35.640692]]], [[[135.807845, 35.640323], [135.807955, 35.640188], [135.807943, 35.640321], [135.807845, 35.640323]]], [[[135.807484, 35.640166], [135.807579, 35.640124], [135.807649, 35.640205], [135.807484, 35.640166]]], [[[135.802011, 35.630911], [135.802683, 35.630527], [135.802819, 35.630246], [135.803013, 35.630349], [135.803291, 35.630234], [135.804276, 35.630325], [135.80449, 35.630184], [135.805628, 35.630776], [135.805939, 35.63117], [135.80636, 35.631389], [135.806597, 35.632046], [135.805842, 35.633012], [135.806222, 35.634545], [135.806242, 35.634928], [135.806036, 35.635379], [135.806304, 35.635497], [135.806346, 35.636179], [135.807036, 35.636314], [135.807146, 35.636461], [135.807463, 35.638698], [135.80747, 35.639205], [135.807256, 35.639436], [135.806973, 35.639425], [135.806787, 35.638997], [135.805497, 35.639309], [135.805006, 35.639622], [135.804301, 35.639664], [135.803761, 35.639555], [135.80344, 35.639098], [135.803178, 35.637394], [135.803575, 35.636801], [135.803595, 35.6364], [135.803327, 35.635901], [135.803349, 35.635772], [135.803733, 35.635576], [135.803722, 35.635202], [135.803479, 35.634649], [135.803157, 35.634357], [135.803007, 35.633723], [135.802697, 35.63348], [135.802834, 35.633044], [135.802676, 35.63273], [135.802984, 35.632273], [135.803008, 35.632005], [135.802833, 35.631664], [135.803004, 35.631631], [135.803, 35.631513], [135.802923, 35.63139], [135.802269, 35.631281], [135.802011, 35.630911]]], [[[135.806904, 35.639532], [135.807014, 35.6395], [135.806954, 35.639578], [135.806904, 35.639532]]], [[[135.807359, 35.639519], [135.807446, 35.639454], [135.807438, 35.639519], [135.807359, 35.639519]]], [[[135.802927, 35.638778], [135.803119, 35.638793], [135.80313, 35.638871], [135.802927, 35.638778]]], [[[135.807546, 35.638653], [135.807638, 35.638701], [135.807613, 35.638771], [135.807546, 35.638653]]], [[[135.803054, 35.638646], [135.803162, 35.638667], [135.803118, 35.638717], [135.803054, 35.638646]]], [[[135.81272, 35.638203], [135.812823, 35.638179], [135.812764, 35.638254], [135.81272, 35.638203]]], [[[135.803356, 35.636821], [135.803439, 35.636787], [135.803438, 35.636834], [135.803356, 35.636821]]], [[[135.807376, 35.636496], [135.807441, 35.636474], [135.807409, 35.636536], [135.807376, 35.636496]]], [[[135.803417, 35.636401], [135.803475, 35.636359], [135.803475, 35.636416], [135.803417, 35.636401]]], [[[135.803166, 35.636271], [135.803253, 35.636224], [135.803243, 35.636299], [135.803166, 35.636271]]], [[[135.803082, 35.635875], [135.803132, 35.635837], [135.803182, 35.635921], [135.803082, 35.635875]]], [[[135.806396, 35.635523], [135.806447, 35.635503], [135.806448, 35.635581], [135.806396, 35.635523]]], [[[135.812848, 35.635322], [135.812996, 35.63518], [135.812936, 35.63535], [135.812848, 35.635322]]], [[[135.802694, 35.634061], [135.802843, 35.633999], [135.802831, 35.634067], [135.802694, 35.634061]]], [[[135.806235, 35.634046], [135.806289, 35.633992], [135.806295, 35.634057], [135.806235, 35.634046]]], [[[135.802525, 35.633887], [135.802605, 35.633838], [135.802662, 35.633912], [135.802525, 35.633887]]], [[[135.802507, 35.632376], [135.802709, 35.632273], [135.80259, 35.632553], [135.802507, 35.632376]]], [[[135.806565, 35.63233], [135.80663, 35.632292], [135.806653, 35.632349], [135.806565, 35.63233]]], [[[135.814501, 35.63211], [135.814766, 35.632039], [135.814683, 35.632134], [135.814501, 35.63211]]], [[[135.814402, 35.631796], [135.814526, 35.631618], [135.814716, 35.631634], [135.814597, 35.631852], [135.814402, 35.631796]]], [[[135.813544, 35.631319], [135.813726, 35.631181], [135.814064, 35.63119], [135.814336, 35.631366], [135.813961, 35.631532], [135.813544, 35.631319]]], [[[135.814591, 35.631472], [135.8147, 35.63146], [135.814654, 35.6315], [135.814591, 35.631472]]], [[[135.814016, 35.630975], [135.814185, 35.630965], [135.814231, 35.631146], [135.814016, 35.630975]]], [[[135.806097, 35.630991], [135.806215, 35.630972], [135.806179, 35.631122], [135.806097, 35.630991]]], [[[135.822794, 35.630873], [135.822862, 35.630743], [135.823027, 35.63079], [135.822945, 35.630936], [135.822794, 35.630873]]], [[[135.803991, 35.63021], [135.804071, 35.630198], [135.804054, 35.630222], [135.803991, 35.63021]]], [[[135.803138, 35.630161], [135.803174, 35.630064], [135.803274, 35.630081], [135.803138, 35.630161]]], [[[135.803598, 35.630128], [135.803718, 35.630079], [135.803688, 35.630159], [135.803598, 35.630128]]], [[[135.804104, 35.630005], [135.804237, 35.629991], [135.80422, 35.630131], [135.804104, 35.630005]]], [[[135.822973, 35.630059], [135.823072, 35.629976], [135.823062, 35.630088], [135.822973, 35.630059]]], [[[135.802666, 35.630021], [135.802877, 35.629902], [135.802825, 35.630036], [135.802666, 35.630021]]], [[[135.822736, 35.629248], [135.822813, 35.629229], [135.822813, 35.629328], [135.822736, 35.629248]]], [[[135.822924, 35.628647], [135.823026, 35.62864], [135.822969, 35.628696], [135.822924, 35.628647]]], [[[135.822823, 35.628437], [135.822902, 35.628429], [135.822841, 35.628473], [135.822823, 35.628437]]], [[[135.824311, 35.62609], [135.824422, 35.625967], [135.824403, 35.626111], [135.824311, 35.62609]]], [[[135.823459, 35.624741], [135.823543, 35.624725], [135.823525, 35.624812], [135.823459, 35.624741]]], [[[135.823135, 35.624568], [135.823267, 35.624516], [135.82322, 35.624596], [135.823135, 35.624568]]], [[[135.823438, 35.624422], [135.823509, 35.624467], [135.823472, 35.624468], [135.823438, 35.624422]]], [[[135.822783, 35.624377], [135.822878, 35.624338], [135.822899, 35.62437], [135.822783, 35.624377]]], [[[135.82361, 35.624362], [135.823679, 35.624354], [135.82364, 35.624392], [135.82361, 35.624362]]], [[[135.823572, 35.624049], [135.823637, 35.623964], [135.823681, 35.624083], [135.823572, 35.624049]]], [[[135.823351, 35.624024], [135.823403, 35.623943], [135.823416, 35.624026], [135.823351, 35.624024]]], [[[135.823448, 35.623831], [135.823501, 35.623794], [135.823538, 35.62387], [135.823448, 35.623831]]], [[[135.823812, 35.623798], [135.823861, 35.623757], [135.823892, 35.623771], [135.823812, 35.623798]]], [[[135.823658, 35.623701], [135.823704, 35.623658], [135.823692, 35.62373], [135.823658, 35.623701]]], [[[135.829545, 35.623487], [135.829651, 35.62349], [135.829598, 35.623578], [135.829545, 35.623487]]], [[[135.829337, 35.623292], [135.829371, 35.623277], [135.82939, 35.623356], [135.829337, 35.623292]]], [[[135.836528, 35.61628], [135.836613, 35.616218], [135.83662, 35.616259], [135.836528, 35.61628]]], [[[135.833959, 35.614661], [135.834017, 35.614644], [135.834037, 35.61471], [135.833959, 35.614661]]], [[[135.831363, 35.61335], [135.831376, 35.613274], [135.831461, 35.613316], [135.831363, 35.61335]]], [[[135.82707, 35.611444], [135.827208, 35.611353], [135.827178, 35.611493], [135.82707, 35.611444]]], [[[135.826834, 35.611305], [135.826878, 35.611237], [135.826916, 35.611308], [135.826834, 35.611305]]], [[[135.827079, 35.611015], [135.8272, 35.610961], [135.827132, 35.611065], [135.827079, 35.611015]]], [[[135.827251, 35.611028], [135.827356, 35.611019], [135.827278, 35.611063], [135.827251, 35.611028]]], [[[135.826006, 35.610489], [135.826118, 35.610486], [135.826029, 35.610545], [135.826006, 35.610489]]], [[[135.826227, 35.610372], [135.826351, 35.610325], [135.826388, 35.610439], [135.826227, 35.610372]]], [[[135.826536, 35.610336], [135.826613, 35.610337], [135.826615, 35.610382], [135.826536, 35.610336]]], [[[135.826315, 35.609635], [135.826436, 35.609582], [135.826378, 35.609694], [135.826315, 35.609635]]], [[[135.826445, 35.608965], [135.826494, 35.608898], [135.826569, 35.608949], [135.826445, 35.608965]]], [[[135.826416, 35.608317], [135.826507, 35.608267], [135.826488, 35.608339], [135.826416, 35.608317]]], [[[135.827239, 35.608051], [135.827374, 35.608021], [135.827292, 35.608082], [135.827239, 35.608051]]], [[[135.827709, 35.607411], [135.827749, 35.60738], [135.827772, 35.607452], [135.827709, 35.607411]]], [[[135.827652, 35.607142], [135.827814, 35.607164], [135.82781, 35.607296], [135.827652, 35.607142]]], [[[135.827949, 35.607242], [135.828004, 35.607201], [135.828008, 35.607282], [135.827949, 35.607242]]], [[[135.828153, 35.607011], [135.828338, 35.606985], [135.828395, 35.60712], [135.828153, 35.607011]]], [[[135.838212, 35.606995], [135.83822, 35.606941], [135.838279, 35.606981], [135.838212, 35.606995]]], [[[135.837767, 35.606799], [135.837865, 35.606782], [135.837821, 35.606822], [135.837767, 35.606799]]], [[[135.837614, 35.606659], [135.837689, 35.606687], [135.837645, 35.606729], [135.837614, 35.606659]]], [[[135.830061, 35.606242], [135.83014, 35.606199], [135.830121, 35.606258], [135.830061, 35.606242]]], [[[135.829855, 35.606137], [135.829929, 35.606088], [135.829967, 35.606149], [135.829855, 35.606137]]], [[[135.830511, 35.605897], [135.830582, 35.605881], [135.830577, 35.605931], [135.830511, 35.605897]]], [[[135.830445, 35.605666], [135.830546, 35.605602], [135.830545, 35.605676], [135.830445, 35.605666]]], [[[135.791697, 35.603784], [135.79189, 35.603747], [135.792104, 35.604074], [135.791804, 35.604075], [135.791697, 35.603784]]], [[[135.791003, 35.603947], [135.79125, 35.6038], [135.791464, 35.603979], [135.791213, 35.604035], [135.791003, 35.603947]]], [[[135.831706, 35.603828], [135.831812, 35.603762], [135.83177, 35.603843], [135.831706, 35.603828]]], [[[135.831671, 35.603525], [135.831747, 35.603442], [135.831765, 35.603519], [135.831671, 35.603525]]], [[[135.831501, 35.603487], [135.831617, 35.603449], [135.831555, 35.603528], [135.831501, 35.603487]]], [[[135.844339, 35.60337], [135.844436, 35.60342], [135.844343, 35.603432], [135.844339, 35.60337]]], [[[135.790861, 35.603318], [135.790926, 35.603263], [135.790996, 35.603337], [135.790861, 35.603318]]], [[[135.790697, 35.602925], [135.790886, 35.602322], [135.791056, 35.602285], [135.791252, 35.601972], [135.791976, 35.602044], [135.792035, 35.602433], [135.791641, 35.602909], [135.791621, 35.603243], [135.791071, 35.603239], [135.790697, 35.602925]]], [[[135.831856, 35.6032], [135.83193, 35.60316], [135.831934, 35.603247], [135.831856, 35.6032]]], [[[135.831661, 35.603252], [135.831673, 35.603135], [135.831754, 35.603121], [135.831661, 35.603252]]], [[[135.851351, 35.603172], [135.851439, 35.603182], [135.851398, 35.603246], [135.851351, 35.603172]]], [[[135.851583, 35.60316], [135.85165, 35.603127], [135.851663, 35.60321], [135.851583, 35.60316]]], [[[135.852306, 35.603177], [135.852406, 35.603144], [135.852374, 35.603207], [135.852306, 35.603177]]], [[[135.852536, 35.603166], [135.852613, 35.603131], [135.852601, 35.603182], [135.852536, 35.603166]]], [[[135.832198, 35.602949], [135.832309, 35.60291], [135.832276, 35.602991], [135.832198, 35.602949]]], [[[135.791805, 35.602922], [135.791861, 35.602872], [135.791922, 35.602944], [135.791805, 35.602922]]], [[[135.832674, 35.602784], [135.832825, 35.602581], [135.832834, 35.602766], [135.832674, 35.602784]]], [[[135.832482, 35.602751], [135.832566, 35.602709], [135.832533, 35.602798], [135.832482, 35.602751]]], [[[135.791951, 35.602705], [135.792042, 35.602674], [135.792072, 35.602782], [135.791951, 35.602705]]], [[[135.832385, 35.602562], [135.832455, 35.602484], [135.832436, 35.60258], [135.832385, 35.602562]]], [[[135.832156, 35.60249], [135.832265, 35.602503], [135.832207, 35.602575], [135.832156, 35.60249]]], [[[135.843638, 35.602494], [135.843732, 35.602483], [135.843684, 35.602554], [135.843638, 35.602494]]], [[[135.832768, 35.602373], [135.832863, 35.602178], [135.833042, 35.602247], [135.833014, 35.60243], [135.832768, 35.602373]]], [[[135.831966, 35.60149], [135.832151, 35.600292], [135.832358, 35.600321], [135.832215, 35.601494], [135.832517, 35.602163], [135.832309, 35.602216], [135.831966, 35.60149]]], [[[135.791928, 35.601757], [135.792041, 35.601681], [135.792092, 35.601849], [135.791928, 35.601757]]], [[[135.847307, 35.601736], [135.847382, 35.60173], [135.847383, 35.601795], [135.847307, 35.601736]]], [[[135.846691, 35.601552], [135.846756, 35.601524], [135.846798, 35.601584], [135.846691, 35.601552]]], [[[135.791685, 35.6015], [135.79197, 35.601048], [135.79215, 35.601035], [135.792206, 35.601488], [135.791799, 35.601601], [135.791685, 35.6015]]], [[[135.844289, 35.601398], [135.844361, 35.601381], [135.844382, 35.601433], [135.844289, 35.601398]]], [[[135.845908, 35.601227], [135.845964, 35.601176], [135.846049, 35.60127], [135.845908, 35.601227]]], [[[135.845686, 35.600992], [135.846027, 35.600986], [135.845825, 35.601078], [135.845686, 35.600992]]], [[[135.792256, 35.600661], [135.792402, 35.600599], [135.792326, 35.600692], [135.792256, 35.600661]]], [[[135.792236, 35.600349], [135.79235, 35.600292], [135.792465, 35.600399], [135.792236, 35.600349]]], [[[135.854772, 35.598079], [135.854838, 35.598021], [135.854845, 35.598065], [135.854772, 35.598079]]], [[[135.85436, 35.594847], [135.854447, 35.59478], [135.854456, 35.594847], [135.85436, 35.594847]]], [[[135.854252, 35.594624], [135.85432, 35.594535], [135.854309, 35.594662], [135.854252, 35.594624]]], [[[135.852417, 35.593349], [135.852498, 35.593338], [135.852503, 35.59339], [135.852417, 35.593349]]], [[[135.851644, 35.592644], [135.851746, 35.592617], [135.851708, 35.592729], [135.851644, 35.592644]]], [[[135.851966, 35.591868], [135.852025, 35.591833], [135.852027, 35.591874], [135.851966, 35.591868]]], [[[135.853092, 35.591635], [135.853153, 35.591652], [135.85314, 35.591686], [135.853092, 35.591635]]], [[[135.852164, 35.591649], [135.852211, 35.59163], [135.852219, 35.591672], [135.852164, 35.591649]]], [[[135.855935, 35.584309], [135.856108, 35.584158], [135.856254, 35.584247], [135.856125, 35.584361], [135.855935, 35.584309]]], [[[135.856211, 35.58405], [135.856427, 35.584027], [135.856296, 35.584148], [135.856211, 35.58405]]], [[[135.853962, 35.581061], [135.854139, 35.580859], [135.854546, 35.580881], [135.854483, 35.581061], [135.854151, 35.581204], [135.853962, 35.581061]]], [[[135.834235, 35.579611], [135.834474, 35.579309], [135.834856, 35.579096], [135.835146, 35.577541], [135.8356, 35.576986], [135.83626, 35.576824], [135.836941, 35.576882], [135.837913, 35.577303], [135.838272, 35.577579], [135.838244, 35.577866], [135.837992, 35.578209], [135.837462, 35.578631], [135.836745, 35.578922], [135.836667, 35.579221], [135.835292, 35.579265], [135.835182, 35.579759], [135.834916, 35.579866], [135.834432, 35.579864], [135.834235, 35.579611]]], [[[135.835983, 35.579385], [135.83606, 35.579352], [135.836054, 35.57941], [135.835983, 35.579385]]], [[[135.852466, 35.579139], [135.852702, 35.579042], [135.852632, 35.579246], [135.852466, 35.579139]]], [[[135.834101, 35.579084], [135.834404, 35.578907], [135.834524, 35.579023], [135.834352, 35.579236], [135.834154, 35.57921], [135.834101, 35.579084]]], [[[135.83715, 35.579096], [135.837302, 35.578983], [135.837286, 35.579155], [135.83715, 35.579096]]], [[[135.851369, 35.579069], [135.851582, 35.579045], [135.85145, 35.579161], [135.851369, 35.579069]]], [[[135.849226, 35.578813], [135.849352, 35.578722], [135.849465, 35.578794], [135.849357, 35.578907], [135.849226, 35.578813]]], [[[135.849882, 35.578758], [135.850031, 35.57871], [135.849948, 35.578817], [135.849882, 35.578758]]], [[[135.837943, 35.578582], [135.838208, 35.578477], [135.838115, 35.57876], [135.837955, 35.578741], [135.837943, 35.578582]]], [[[135.84965, 35.578516], [135.849802, 35.578447], [135.849954, 35.57855], [135.849825, 35.578674], [135.84965, 35.578516]]], [[[135.848746, 35.578276], [135.849049, 35.578073], [135.849237, 35.578082], [135.849173, 35.578272], [135.848925, 35.578421], [135.848746, 35.578276]]], [[[135.834814, 35.578208], [135.834949, 35.578211], [135.834824, 35.578267], [135.834814, 35.578208]]], [[[135.838341, 35.578042], [135.838417, 35.578025], [135.838405, 35.578058], [135.838341, 35.578042]]], [[[135.848485, 35.577951], [135.848666, 35.577933], [135.848564, 35.57803], [135.848485, 35.577951]]], [[[135.834615, 35.577926], [135.834772, 35.57784], [135.834757, 35.577965], [135.834615, 35.577926]]], [[[135.847901, 35.577763], [135.848123, 35.577741], [135.847959, 35.577837], [135.847901, 35.577763]]], [[[135.838429, 35.5777], [135.838455, 35.577668], [135.838499, 35.57768], [135.838429, 35.5777]]], [[[135.834982, 35.577355], [135.835059, 35.577316], [135.835091, 35.577383], [135.834982, 35.577355]]], [[[135.834607, 35.577268], [135.834703, 35.577165], [135.834792, 35.577219], [135.834607, 35.577268]]], [[[135.837292, 35.576938], [135.837537, 35.576936], [135.837326, 35.576992], [135.837292, 35.576938]]], [[[135.836705, 35.576707], [135.836934, 35.576716], [135.836829, 35.576769], [135.836705, 35.576707]]], [[[135.835785, 35.576658], [135.835802, 35.576592], [135.835902, 35.576621], [135.835785, 35.576658]]], [[[135.847728, 35.576591], [135.847936, 35.576466], [135.847952, 35.576553], [135.847728, 35.576591]]], [[[135.848447, 35.575267], [135.848482, 35.575089], [135.848678, 35.575069], [135.84867, 35.575241], [135.848447, 35.575267]]], [[[135.820329, 35.573947], [135.820512, 35.573952], [135.820461, 35.57401], [135.820329, 35.573947]]], [[[135.821673, 35.573797], [135.821753, 35.57375], [135.821845, 35.573854], [135.821673, 35.573797]]], [[[135.818795, 35.573468], [135.818853, 35.573432], [135.818931, 35.573455], [135.818795, 35.573468]]], [[[135.818796, 35.573344], [135.818895, 35.573279], [135.818964, 35.573335], [135.818796, 35.573344]]], [[[135.822155, 35.573063], [135.822264, 35.573031], [135.822239, 35.573092], [135.822155, 35.573063]]], [[[135.817579, 35.572663], [135.817735, 35.572645], [135.817619, 35.572713], [135.817579, 35.572663]]], [[[135.842322, 35.571217], [135.842437, 35.571174], [135.842392, 35.571247], [135.842322, 35.571217]]], [[[135.842084, 35.571186], [135.842181, 35.57121], [135.842114, 35.571234], [135.842084, 35.571186]]], [[[135.842291, 35.570979], [135.842358, 35.570958], [135.842382, 35.571034], [135.842291, 35.570979]]], [[[135.824203, 35.570129], [135.824259, 35.570061], [135.824347, 35.570092], [135.824203, 35.570129]]], [[[135.82392, 35.570112], [135.823978, 35.570091], [135.823958, 35.570156], [135.82392, 35.570112]]], [[[135.824506, 35.570084], [135.824566, 35.570046], [135.824606, 35.570102], [135.824506, 35.570084]]], [[[135.839711, 35.569497], [135.839797, 35.569419], [135.83992, 35.569536], [135.839814, 35.569596], [135.839711, 35.569497]]], [[[135.841562, 35.569358], [135.841639, 35.569266], [135.841727, 35.56931], [135.841562, 35.569358]]], [[[135.840731, 35.568783], [135.840824, 35.568771], [135.840824, 35.568877], [135.840731, 35.568783]]], [[[135.83976, 35.565358], [135.839887, 35.565255], [135.840053, 35.565325], [135.839944, 35.565455], [135.83976, 35.565358]]], [[[135.833154, 35.562859], [135.833279, 35.562776], [135.833269, 35.562941], [135.833154, 35.562859]]], [[[135.833429, 35.562658], [135.833488, 35.562654], [135.833483, 35.562689], [135.833429, 35.562658]]]]}}]}