{"type": "FeatureCollection", "features": [{"type": "Feature", "properties": {"pref_code": "25", "pref_name": "滋賀県", "municipality_code": "25201", "municipality_name": "大津市", "ward_name": "", "display_name": "大津市", "geometry_key": "25201"}, "geometry": {"type": "Polygon", "coordinates": [[[136.016299, 35.231279], [135.993729, 35.264388], [135.990941, 35.267166], [135.990611, 35.267166], [135.989404, 35.266811], [135.988939, 35.266962], [135.987925, 35.267009], [135.987542, 35.267813], [135.986856, 35.268514], [135.985995, 35.268566], [135.985884, 35.269334], [135.985697, 35.269563], [135.98579, 35.269916], [135.985189, 35.270609], [135.983817, 35.271666], [135.983692, 35.272308], [135.980314, 35.271943], [135.979374, 35.272173], [135.97679, 35.272316], [135.976078, 35.272783], [135.975623, 35.272843], [135.975267, 35.273489], [135.971898, 35.274607], [135.971119, 35.274571], [135.970727, 35.274746], [135.968313, 35.275009], [135.96718, 35.274888], [135.966481, 35.274687], [135.965256, 35.274655], [135.964557, 35.274917], [135.96391, 35.275502], [135.962061, 35.27639], [135.960804, 35.276428], [135.960007, 35.276829], [135.959749, 35.277147], [135.958466, 35.277165], [135.956844, 35.277702], [135.956532, 35.277647], [135.955771, 35.276433], [135.955632, 35.275483], [135.954999, 35.275626], [135.953533, 35.275289], [135.952585, 35.275314], [135.951708, 35.274895], [135.950963, 35.274687], [135.949641, 35.274774], [135.948665, 35.274183], [135.948073, 35.273222], [135.947595, 35.272848], [135.947078, 35.271833], [135.946649, 35.271522], [135.946151, 35.27146], [135.945809, 35.271241], [135.946223, 35.27048], [135.946147, 35.270334], [135.945555, 35.270041], [135.945501, 35.26983], [135.945746, 35.269457], [135.94498, 35.268511], [135.944895, 35.267625], [135.945269, 35.267308], [135.944163, 35.267107], [135.941046, 35.267246], [135.940485, 35.267063], [135.940101, 35.266412], [135.939924, 35.26577], [135.938849, 35.264735], [135.938485, 35.264224], [135.938052, 35.261902], [135.937757, 35.261149], [135.937178, 35.260622], [135.936737, 35.260496], [135.935235, 35.260643], [135.933392, 35.261191], [135.932229, 35.261029], [135.929898, 35.258913], [135.928928, 35.25841], [135.927893, 35.258275], [135.926571, 35.259169], [135.925345, 35.259681], [135.923117, 35.259875], [135.921313, 35.259773], [135.919033, 35.260642], [135.918409, 35.261245], [135.917789, 35.26217], [135.917187, 35.26361], [135.917137, 35.26598], [135.91675, 35.265845], [135.915882, 35.264841], [135.915094, 35.264468], [135.914006, 35.264355], [135.912945, 35.264701], [135.912522, 35.264691], [135.910883, 35.264151], [135.910095, 35.264223], [135.909049, 35.265126], [135.909191, 35.265788], [135.908834, 35.266636], [135.908228, 35.267484], [135.90764, 35.267898], [135.907391, 35.268303], [135.905689, 35.269534], [135.904584, 35.270738], [135.904517, 35.270967], [135.904998, 35.271624], [135.905109, 35.272718], [135.905364, 35.273384], [135.906281, 35.274882], [135.905479, 35.275744], [135.904332, 35.276284], [135.90306, 35.276029], [135.902537, 35.276128], [135.900971, 35.276829], [135.89941, 35.277758], [135.897441, 35.278028], [135.895988, 35.279156], [135.89523, 35.279969], [135.894033, 35.280359], [135.892678, 35.280385], [135.89218, 35.280512], [135.89168, 35.281157], [135.891235, 35.281449], [135.888148, 35.282827], [135.887488, 35.283587], [135.885888, 35.283941], [135.884342, 35.283941], [135.882782, 35.284656], [135.880774, 35.283842], [135.878769, 35.283864], [135.877895, 35.283768], [135.875664, 35.283114], [135.875146, 35.282774], [135.87423, 35.281745], [135.873747, 35.281598], [135.872782, 35.281554], [135.870746, 35.281896], [135.869381, 35.281988], [135.868135, 35.281092], [135.866353, 35.280515], [135.865873, 35.280151], [135.864197, 35.280641], [135.862555, 35.281411], [135.862304, 35.281559], [135.861872, 35.282348], [135.860755, 35.28296], [135.859187, 35.282019], [135.858617, 35.281244], [135.858492, 35.278373], [135.858362, 35.27817], [135.856562, 35.27721], [135.855642, 35.276571], [135.85461, 35.27558], [135.854532, 35.275327], [135.855051, 35.272153], [135.854933, 35.271422], [135.8533, 35.270261], [135.852479, 35.268959], [135.850709, 35.268373], [135.849896, 35.267784], [135.848514, 35.267343], [135.847535, 35.266665], [135.847074, 35.265919], [135.847021, 35.265601], [135.846355, 35.264637], [135.845977, 35.263356], [135.844874, 35.262338], [135.844673, 35.261985], [135.844773, 35.260999], [135.84603, 35.258424], [135.846089, 35.257112], [135.845223, 35.256653], [135.844615, 35.256024], [135.84327, 35.255279], [135.843057, 35.25447], [135.842533, 35.253852], [135.842354, 35.253386], [135.842464, 35.253017], [135.843994, 35.251727], [135.843978, 35.251492], [135.842815, 35.250093], [135.842741, 35.249507], [135.840735, 35.248674], [135.840571, 35.248237], [135.840153, 35.247932], [135.83967, 35.245229], [135.839916, 35.244706], [135.839924, 35.243851], [135.838875, 35.243306], [135.838359, 35.24264], [135.837638, 35.242081], [135.83708, 35.241395], [135.836744, 35.241221], [135.836344, 35.241126], [135.834763, 35.241254], [135.834526, 35.241119], [135.834551, 35.240817], [135.8351, 35.240163], [135.835222, 35.23964], [135.836557, 35.239054], [135.837688, 35.237204], [135.837925, 35.23528], [135.837311, 35.234257], [135.837491, 35.233732], [135.837081, 35.232764], [135.837131, 35.232092], [135.83695, 35.231662], [135.837253, 35.230652], [135.837573, 35.23016], [135.837729, 35.228929], [135.837622, 35.227107], [135.838056, 35.226105], [135.837352, 35.225957], [135.834648, 35.224], [135.832714, 35.223548], [135.832183, 35.222876], [135.831871, 35.222667], [135.831437, 35.222614], [135.830864, 35.222761], [135.830668, 35.222667], [135.829906, 35.221705], [135.829751, 35.221114], [135.829324, 35.220481], [135.829382, 35.219997], [135.830479, 35.219002], [135.830749, 35.218408], [135.830651, 35.217978], [135.829914, 35.217172], [135.829783, 35.216371], [135.829964, 35.215778], [135.830267, 35.215294], [135.830791, 35.214865], [135.832478, 35.214279], [135.832568, 35.214138], [135.831971, 35.212979], [135.831046, 35.210504], [135.833748, 35.208918], [135.835601, 35.206509], [135.835625, 35.206057], [135.835412, 35.205264], [135.835584, 35.204316], [135.835994, 35.203293], [135.835241, 35.20221], [135.835708, 35.200945], [135.836224, 35.200312], [135.836969, 35.19976], [135.836937, 35.199022], [135.837199, 35.198033], [135.837117, 35.197352], [135.837338, 35.196741], [135.83733, 35.196262], [135.837977, 35.195428], [135.838132, 35.194924], [135.838779, 35.194117], [135.83896, 35.193276], [135.839377, 35.192617], [135.839821, 35.191439], [135.840189, 35.191083], [135.841466, 35.190525], [135.841704, 35.190323], [135.841908, 35.18984], [135.842334, 35.187654], [135.841367, 35.187067], [135.841007, 35.186555], [135.840794, 35.185749], [135.841015, 35.184014], [135.840213, 35.181914], [135.84063, 35.181161], [135.84063, 35.180066], [135.840917, 35.17973], [135.841375, 35.179427], [135.843136, 35.178889], [135.843349, 35.178701], [135.842661, 35.177832], [135.843169, 35.176555], [135.842545, 35.17486], [135.842363, 35.173907], [135.842436, 35.173634], [135.843486, 35.172686], [135.843977, 35.171993], [135.843783, 35.170683], [135.843875, 35.170284], [135.844165, 35.169874], [135.844097, 35.168876], [135.844998, 35.167654], [135.845757, 35.166877], [135.845313, 35.165544], [135.845596, 35.165047], [135.846516, 35.164152], [135.846639, 35.163598], [135.8466, 35.162799], [135.846813, 35.162387], [135.848371, 35.161328], [135.850282, 35.160336], [135.854519, 35.16004], [135.856089, 35.159564], [135.856127, 35.158267], [135.856334, 35.157584], [135.856861, 35.156972], [135.856397, 35.155095], [135.856763, 35.153615], [135.854563, 35.152731], [135.853881, 35.151922], [135.853386, 35.150646], [135.853604, 35.149812], [135.853012, 35.149398], [135.852672, 35.148702], [135.852942, 35.147854], [135.852293, 35.147141], [135.852595, 35.146043], [135.852047, 35.145529], [135.851045, 35.144969], [135.850646, 35.144519], [135.850331, 35.143658], [135.850034, 35.143266], [135.849064, 35.142598], [135.848765, 35.142171], [135.8488, 35.141599], [135.849751, 35.140372], [135.849519, 35.138776], [135.849666, 35.138601], [135.850602, 35.138194], [135.849799, 35.136862], [135.849993, 35.136571], [135.85012, 35.135258], [135.851673, 35.134722], [135.852294, 35.134267], [135.852241, 35.133238], [135.851879, 35.131324], [135.851237, 35.130784], [135.85105, 35.130068], [135.850716, 35.129487], [135.85101, 35.128705], [135.850957, 35.128354], [135.849606, 35.126939], [135.849599, 35.126185], [135.849372, 35.125762], [135.849512, 35.125246], [135.849325, 35.124757], [135.849706, 35.124075], [135.850073, 35.123801], [135.85018, 35.1234], [135.849478, 35.122003], [135.849619, 35.121028], [135.849866, 35.120589], [135.849037, 35.120044], [135.848808, 35.1194], [135.848119, 35.1189], [135.847899, 35.117625], [135.847712, 35.117252], [135.847805, 35.116652], [135.847604, 35.115876], [135.847665, 35.115541], [135.847384, 35.114896], [135.84731, 35.114165], [135.846668, 35.113858], [135.845939, 35.113912], [135.844955, 35.114325], [135.844634, 35.114115], [135.8444, 35.113648], [135.84454, 35.112751], [135.845095, 35.111838], [135.844962, 35.111624], [135.84444, 35.111646], [135.844212, 35.111464], [135.843262, 35.109903], [135.843343, 35.108972], [135.843644, 35.108241], [135.843688, 35.107691], [135.843584, 35.106899], [135.843223, 35.106618], [135.842949, 35.105839], [135.843096, 35.10531], [135.843437, 35.104854], [135.843461, 35.104553], [135.843016, 35.103805], [135.842938, 35.102515], [135.842587, 35.101972], [135.841433, 35.101243], [135.841312, 35.100737], [135.84094, 35.100529], [135.840398, 35.100479], [135.839815, 35.100258], [135.839286, 35.099829], [135.839114, 35.099336], [135.838798, 35.098973], [135.838703, 35.098246], [135.837895, 35.097444], [135.837686, 35.096555], [135.837323, 35.095889], [135.837579, 35.09493], [135.837525, 35.094486], [135.837032, 35.093478], [135.836675, 35.092853], [135.836377, 35.092549], [135.835854, 35.092329], [135.835046, 35.091327], [135.835307, 35.090912], [135.836462, 35.090461], [135.837086, 35.090046], [135.838002, 35.088931], [135.838912, 35.088119], [135.839061, 35.087617], [135.839495, 35.087022], [135.83985, 35.08586], [135.839196, 35.085014], [135.838307, 35.082289], [135.838346, 35.081635], [135.838106, 35.080039], [135.838317, 35.079079], [135.837919, 35.078913], [135.836837, 35.079076], [135.836591, 35.078935], [135.836468, 35.077695], [135.836325, 35.077522], [135.835738, 35.077401], [135.835246, 35.077142], [135.834628, 35.076316], [135.834219, 35.076074], [135.833999, 35.07471], [135.832186, 35.072093], [135.831892, 35.071456], [135.831892, 35.071257], [135.832122, 35.071042], [135.832699, 35.070724], [135.832825, 35.069944], [135.833485, 35.069212], [135.834418, 35.067752], [135.834471, 35.067399], [135.834251, 35.066779], [135.834325, 35.066086], [135.835847, 35.06233], [135.835729, 35.061765], [135.836031, 35.059361], [135.835203, 35.057811], [135.835098, 35.057019], [135.834804, 35.056576], [135.83494, 35.056086], [135.834852, 35.055554], [135.834376, 35.055283], [135.833924, 35.054652], [135.833379, 35.054176], [135.833435, 35.053465], [135.833287, 35.053014], [135.832824, 35.052844], [135.832474, 35.052849], [135.831556, 35.052592], [135.831125, 35.052635], [135.83052, 35.052992], [135.828138, 35.053404], [135.82795, 35.053661], [135.826983, 35.053853], [135.825849, 35.053426], [135.825568, 35.053168], [135.825342, 35.052427], [135.824303, 35.051979], [135.823981, 35.051549], [135.823121, 35.050999], [135.82204, 35.050872], [135.821387, 35.049566], [135.821101, 35.049409], [135.818884, 35.049153], [135.817441, 35.048216], [135.816919, 35.048171], [135.81662, 35.047982], [135.815901, 35.047369], [135.815615, 35.046949], [135.815199, 35.04577], [135.814757, 35.0452], [135.814783, 35.044829], [135.816014, 35.043921], [135.816187, 35.043601], [135.815789, 35.043074], [135.815417, 35.042151], [135.815633, 35.041417], [135.816396, 35.040833], [135.817204, 35.039933], [135.818146, 35.039531], [135.819223, 35.038814], [135.821534, 35.036151], [135.823231, 35.035839], [135.824027, 35.036095], [135.824617, 35.035638], [135.824703, 35.034742], [135.82487, 35.034467], [135.824827, 35.03404], [135.825489, 35.033464], [135.825655, 35.033106], [135.82552, 35.032227], [135.825598, 35.031956], [135.82661, 35.030999], [135.827497, 35.030656], [135.827739, 35.030379], [135.828086, 35.029361], [135.827965, 35.029104], [135.828077, 35.028167], [135.827939, 35.02774], [135.827575, 35.027327], [135.827486, 35.026939], [135.827576, 35.026163], [135.827469, 35.025942], [135.826634, 35.025617], [135.826559, 35.025372], [135.826746, 35.024922], [135.826746, 35.024381], [135.82668, 35.024051], [135.826397, 35.023743], [135.827027, 35.022895], [135.827374, 35.022133], [135.82799, 35.022062], [135.828617, 35.022201], [135.829154, 35.021702], [135.829431, 35.021596], [135.829845, 35.021594], [135.830046, 35.021417], [135.830596, 35.02147], [135.830938, 35.021375], [135.831481, 35.021574], [135.832724, 35.021655], [135.833724, 35.022242], [135.834518, 35.022081], [135.83458, 35.020643], [135.834936, 35.019939], [135.834883, 35.019079], [135.835171, 35.018686], [135.835157, 35.01838], [135.834734, 35.017677], [135.834746, 35.017392], [135.835699, 35.016032], [135.83595, 35.014447], [135.835559, 35.012692], [135.835464, 35.012329], [135.834343, 35.012421], [135.833477, 35.012001], [135.831701, 35.011709], [135.829964, 35.011759], [135.828968, 35.011923], [135.828622, 35.011866], [135.82792, 35.012179], [135.824946, 35.012351], [135.824478, 35.012692], [135.824388, 35.013136], [135.824189, 35.013236], [135.823089, 35.013499], [135.822119, 35.013464], [135.82127, 35.013813], [135.820949, 35.014716], [135.820958, 35.015689], [135.820733, 35.015739], [135.820542, 35.015682], [135.820239, 35.015194], [135.820457, 35.014529], [135.820239, 35.012962], [135.820395, 35.012848], [135.821157, 35.012819], [135.822457, 35.011936], [135.823178, 35.010516], [135.823681, 35.010166], [135.824097, 35.008824], [135.824279, 35.008717], [135.825553, 35.008439], [135.826835, 35.008368], [135.82768, 35.009062], [135.827801, 35.009083], [135.828277, 35.008713], [135.828667, 35.008755], [135.829178, 35.009297], [135.830542, 35.009796], [135.831686, 35.00986], [135.832049, 35.009789], [135.832682, 35.009425], [135.832906, 35.009095], [135.833556, 35.006057], [135.834053, 35.004475], [135.835564, 35.00308], [135.836559, 35.001226], [135.836279, 34.999957], [135.835456, 34.999254], [135.835029, 34.999367], [135.833762, 34.9993], [135.833585, 35.000011], [135.833586, 35.000948], [135.832357, 35.000835], [135.832572, 34.999101], [135.832427, 34.998772], [135.831394, 34.99747], [135.830582, 34.996116], [135.829021, 34.994792], [135.829448, 34.993894], [135.829448, 34.993587], [135.827091, 34.991607], [135.826905, 34.991204], [135.829232, 34.991126], [135.830945, 34.990876], [135.834797, 34.990779], [135.84018, 34.989998], [135.843042, 34.990006], [135.843558, 34.989587], [135.843657, 34.989674], [135.84358, 34.990058], [135.843721, 34.990256], [135.848051, 34.991274], [135.849267, 34.991734], [135.84991, 34.990716], [135.850087, 34.989967], [135.849854, 34.988391], [135.849118, 34.987166], [135.849118, 34.984812], [135.849313, 34.984584], [135.849553, 34.984561], [135.849991, 34.984899], [135.850889, 34.984119], [135.851949, 34.984282], [135.852196, 34.984538], [135.852557, 34.984294], [135.853577, 34.984218], [135.855026, 34.984742], [135.855592, 34.98423], [135.855747, 34.983991], [135.855748, 34.983382], [135.856519, 34.982911], [135.856632, 34.982719], [135.856695, 34.982457], [135.856144, 34.981296], [135.85676, 34.980002], [135.856746, 34.979665], [135.855456, 34.977876], [135.853929, 34.977189], [135.85388, 34.976843], [135.854756, 34.974978], [135.854438, 34.974291], [135.854127, 34.973954], [135.852889, 34.973294], [135.852669, 34.972916], [135.852275, 34.971347], [135.852311, 34.971004], [135.852438, 34.970789], [135.852734, 34.970649], [135.853088, 34.970649], [135.853823, 34.970929], [135.85407, 34.970864], [135.854459, 34.970696], [135.854779, 34.970321], [135.855648, 34.969879], [135.856186, 34.969155], [135.856412, 34.968469], [135.856117, 34.967127], [135.856195, 34.966726], [135.856386, 34.966516], [135.857312, 34.96622], [135.857702, 34.965647], [135.858726, 34.964996], [135.859053, 34.964085], [135.859682, 34.963637], [135.860021, 34.963125], [135.861232, 34.962878], [135.862081, 34.961319], [135.862363, 34.961022], [135.863043, 34.960781], [135.863411, 34.960054], [135.863681, 34.959358], [135.863511, 34.958114], [135.863878, 34.957602], [135.864861, 34.957165], [135.867712, 34.956546], [135.868264, 34.9565], [135.86925, 34.95676], [135.869582, 34.956678], [135.870854, 34.955352], [135.871052, 34.955311], [135.871837, 34.955567], [135.873381, 34.955341], [135.874204, 34.955018], [135.874761, 34.953996], [135.874937, 34.95381], [135.875427, 34.953665], [135.875449, 34.952978], [135.875791, 34.952092], [135.875713, 34.95056], [135.876008, 34.949939], [135.876771, 34.949399], [135.876987, 34.948657], [135.87773, 34.948293], [135.878442, 34.947434], [135.878748, 34.947045], [135.878748, 34.946714], [135.877624, 34.945835], [135.876958, 34.945009], [135.876028, 34.94323], [135.876077, 34.942927], [135.87686, 34.942001], [135.877056, 34.941236], [135.876566, 34.940818], [135.876547, 34.940574], [135.876684, 34.940268], [135.877643, 34.939541], [135.877839, 34.938961], [135.878504, 34.937914], [135.878397, 34.936927], [135.879924, 34.934525], [135.878846, 34.933927], [135.877643, 34.932775], [135.876841, 34.932654], [135.875947, 34.930749], [135.875673, 34.93058], [135.874939, 34.930419], [135.874646, 34.930218], [135.872874, 34.928208], [135.872894, 34.92742], [135.872649, 34.926918], [135.870853, 34.926165], [135.870713, 34.926004], [135.871675, 34.924628], [135.871854, 34.923899], [135.871728, 34.923566], [135.871282, 34.923222], [135.870377, 34.922797], [135.870363, 34.921937], [135.870168, 34.921295], [135.869053, 34.920171], [135.868635, 34.919362], [135.869195, 34.918194], [135.86936, 34.916335], [135.870657, 34.915555], [135.871342, 34.91476], [135.871475, 34.910972], [135.870829, 34.909268], [135.870474, 34.908666], [135.869669, 34.907817], [135.869063, 34.907496], [135.867375, 34.906995], [135.863131, 34.903696], [135.862934, 34.903387], [135.862993, 34.90291], [135.863269, 34.902492], [135.865827, 34.899455], [135.866531, 34.898451], [135.867289, 34.896869], [135.867692, 34.895038], [135.867646, 34.893716], [135.867303, 34.892935], [135.866637, 34.89214], [135.86986, 34.890679], [135.870916, 34.889992], [135.872374, 34.88873], [135.873589, 34.888661], [135.874006, 34.888877], [135.874387, 34.888867], [135.874542, 34.888239], [135.874911, 34.887542], [135.875865, 34.886286], [135.876295, 34.886235], [135.877534, 34.886598], [135.877975, 34.886559], [135.878621, 34.885142], [135.879847, 34.884749], [135.88061, 34.884337], [135.88122, 34.883825], [135.881768, 34.883796], [135.88228, 34.883933], [135.882614, 34.884287], [135.883536, 34.884286], [135.884179, 34.884512], [135.886157, 34.883481], [135.886931, 34.883206], [135.888601, 34.881582], [135.888721, 34.881287], [135.888601, 34.87988], [135.888387, 34.879703], [135.886588, 34.879242], [135.885729, 34.878554], [135.885335, 34.877392], [135.885514, 34.876685], [135.885002, 34.875546], [135.885204, 34.875419], [135.885669, 34.875399], [135.886717, 34.875684], [135.888722, 34.875496], [135.889771, 34.874829], [135.891967, 34.87455], [135.893385, 34.874069], [135.894922, 34.873333], [135.895922, 34.873068], [135.897296, 34.871297], [135.899669, 34.871404], [135.900015, 34.871522], [135.901731, 34.872347], [135.904152, 34.873812], [135.905224, 34.874077], [135.907422, 34.874019], [135.906743, 34.875324], [135.906791, 34.875481], [135.907669, 34.876343], [135.908638, 34.876456], [135.90946, 34.876898], [135.909663, 34.877154], [135.909295, 34.877914], [135.909342, 34.878522], [135.909831, 34.879004], [135.910093, 34.879769], [135.909879, 34.880362], [135.910617, 34.880627], [135.910772, 34.881128], [135.911535, 34.881638], [135.911476, 34.882024], [135.911905, 34.882279], [135.912656, 34.883516], [135.912899, 34.883234], [135.913154, 34.88315], [135.914495, 34.883826], [135.915436, 34.883405], [135.916018, 34.883801], [135.917043, 34.88408], [135.917718, 34.884577], [135.918571, 34.884789], [135.919716, 34.884435], [135.920237, 34.884536], [135.920605, 34.884266], [135.921668, 34.883955], [135.92176, 34.883728], [135.922046, 34.883652], [135.923226, 34.883617], [135.923584, 34.883761], [135.923951, 34.884906], [135.924146, 34.885066], [135.925004, 34.885597], [135.925832, 34.885622], [135.926231, 34.885841], [135.926344, 34.886139], [135.926814, 34.886341], [135.927091, 34.886914], [135.927358, 34.88694], [135.927429, 34.886737], [135.927808, 34.886872], [135.928349, 34.887437], [135.92871, 34.888106], [135.929885, 34.888282], [135.930846, 34.888636], [135.931398, 34.888426], [135.931756, 34.888038], [135.932465, 34.887811], [135.932864, 34.887794], [135.93363, 34.887997], [135.933763, 34.88851], [135.934244, 34.888754], [135.934387, 34.889041], [135.934656, 34.88922], [135.935361, 34.890879], [135.936026, 34.891641], [135.937069, 34.892154], [135.937867, 34.892376], [135.938879, 34.893117], [135.939556, 34.893406], [135.940894, 34.893683], [135.941058, 34.893624], [135.94068, 34.893279], [135.940271, 34.892378], [135.940404, 34.891878], [135.940271, 34.891575], [135.940353, 34.890943], [135.939975, 34.890073], [135.939975, 34.889188], [135.939566, 34.888637], [135.939577, 34.888511], [135.940353, 34.88798], [135.940486, 34.887517], [135.940435, 34.886428], [135.940599, 34.885897], [135.940988, 34.885297], [135.941192, 34.884494], [135.940834, 34.883829], [135.94064, 34.882292], [135.939792, 34.882023], [135.939649, 34.88177], [135.939659, 34.881383], [135.940078, 34.880276], [135.940292, 34.880041], [135.940548, 34.879864], [135.941396, 34.87967], [135.943235, 34.878177], [135.944129, 34.877975], [135.946193, 34.877957], [135.947292, 34.877664], [135.948226, 34.878151], [135.949459, 34.879543], [135.949606, 34.879567], [135.952424, 34.878874], [135.953387, 34.878739], [135.954356, 34.879261], [135.955441, 34.88062], [135.955889, 34.880761], [135.958598, 34.880755], [135.960273, 34.880549], [135.961811, 34.879998], [135.963359, 34.879893], [135.963793, 34.879758], [135.964036, 34.879811], [135.964306, 34.880016], [135.964876, 34.88123], [135.965746, 34.881767], [135.965988, 34.882736], [135.966373, 34.883101], [135.966929, 34.885629], [135.967179, 34.888431], [135.967493, 34.889326], [135.967457, 34.891218], [135.967721, 34.891494], [135.969018, 34.892058], [135.969853, 34.892728], [135.970651, 34.89271], [135.971451, 34.893919], [135.971849, 34.893673], [135.972298, 34.893092], [135.973218, 34.89231], [135.973966, 34.892081], [135.974714, 34.891682], [135.975027, 34.890318], [135.974565, 34.888767], [135.974622, 34.888579], [135.974829, 34.888473], [135.976895, 34.888609], [135.977197, 34.88868], [135.97778, 34.889126], [135.980601, 34.889766], [135.981607, 34.889718], [135.982818, 34.889255], [135.983516, 34.889132], [135.985134, 34.889672], [135.986389, 34.889368], [135.987237, 34.889644], [135.987493, 34.889837], [135.988056, 34.891006], [135.988961, 34.892221], [135.988925, 34.892374], [135.987764, 34.893029], [135.987272, 34.893798], [135.987364, 34.894363], [135.987271, 34.89475], [135.987435, 34.895196], [135.987136, 34.895761], [135.987524, 34.896425], [135.98693, 34.897585], [135.98805, 34.898385], [135.98908, 34.899783], [135.989628, 34.900064], [135.990433, 34.899955], [135.991687, 34.900922], [135.991538, 34.901435], [135.991762, 34.902126], [135.991712, 34.902436], [135.991953, 34.902846], [135.992451, 34.903065], [135.992651, 34.903687], [135.992543, 34.904914], [135.992892, 34.905409], [135.993, 34.906163], [135.992743, 34.906635], [135.992876, 34.907136], [135.992759, 34.907498], [135.992925, 34.907888], [135.992736, 34.908655], [135.993093, 34.90951], [135.993434, 34.90951], [135.994305, 34.909038], [135.995973, 34.908594], [135.996786, 34.908724], [135.997141, 34.908566], [135.998155, 34.908949], [135.998803, 34.908905], [135.999234, 34.909104], [135.999802, 34.91002], [135.999632, 34.910557], [135.999822, 34.911035], [136.001083, 34.911628], [136.001662, 34.912141], [136.001891, 34.912794], [136.002313, 34.913491], [136.002696, 34.913857], [136.002827, 34.914442], [136.003029, 34.914566], [136.003463, 34.914569], [136.003879, 34.914341], [136.004539, 34.915109], [136.004803, 34.915873], [136.005639, 34.916425], [136.006218, 34.917057], [136.007172, 34.917483], [136.007924, 34.918051], [136.008572, 34.919122], [136.00919, 34.919348], [136.009377, 34.919673], [136.009757, 34.919954], [136.010257, 34.920126], [136.010789, 34.920022], [136.011575, 34.920184], [136.013047, 34.918788], [136.013381, 34.91854], [136.014221, 34.918243], [136.015027, 34.917613], [136.015532, 34.917502], [136.016396, 34.917775], [136.018253, 34.917814], [136.018844, 34.917086], [136.019761, 34.916728], [136.020213, 34.91688], [136.020824, 34.91747], [136.021327, 34.917555], [136.021547, 34.917739], [136.021653, 34.918126], [136.021577, 34.918609], [136.022308, 34.919544], [136.022443, 34.919906], [136.022943, 34.920234], [136.023419, 34.921537], [136.023548, 34.921603], [136.024025, 34.921703], [136.024364, 34.921556], [136.024988, 34.92153], [136.026248, 34.922003], [136.026621, 34.922296], [136.027073, 34.922183], [136.027841, 34.922322], [136.028099, 34.922216], [136.028908, 34.922236], [136.029441, 34.922774], [136.030144, 34.922654], [136.0305, 34.922781], [136.031664, 34.922833], [136.032011, 34.922707], [136.032488, 34.922288], [136.03307, 34.922189], [136.033555, 34.922782], [136.034649, 34.923589], [136.035042, 34.92368], [136.035327, 34.92393], [136.036278, 34.923523], [136.036546, 34.922943], [136.037249, 34.922559], [136.037594, 34.921759], [136.037765, 34.921634], [136.038364, 34.921485], [136.039649, 34.922011], [136.040438, 34.922183], [136.040705, 34.922567], [136.04139, 34.922967], [136.0418, 34.923477], [136.04198, 34.924276], [136.041819, 34.9251], [136.042352, 34.92572], [136.042675, 34.926354], [136.042694, 34.927226], [136.042284, 34.930871], [136.041798, 34.931467], [136.040645, 34.931351], [136.040246, 34.931468], [136.040066, 34.931632], [136.039722, 34.932863], [136.039352, 34.933153], [136.037666, 34.933404], [136.037067, 34.934351], [136.035886, 34.935504], [136.035562, 34.935968], [136.035514, 34.936352], [136.035181, 34.936532], [136.033993, 34.936766], [136.034079, 34.937465], [136.033043, 34.937851], [136.033176, 34.938305], [136.035144, 34.940129], [136.037214, 34.941344], [136.038454, 34.941711], [136.039039, 34.942099], [136.039602, 34.942263], [136.040466, 34.943638], [136.04022, 34.944013], [136.040236, 34.944247], [136.040456, 34.944498], [136.040981, 34.944759], [136.041074, 34.945271], [136.040797, 34.94648], [136.040325, 34.946879], [136.040147, 34.947355], [136.040089, 34.948557], [136.040296, 34.949084], [136.040098, 34.94964], [136.041319, 34.951133], [136.041337, 34.951402], [136.041005, 34.95189], [136.041427, 34.952186], [136.041571, 34.952732], [136.041867, 34.953096], [136.041777, 34.953472], [136.042037, 34.953747], [136.041723, 34.953835], [136.042181, 34.954686], [136.042073, 34.954731], [136.041786, 34.954472], [136.041274, 34.954782], [136.04079, 34.955255], [136.040754, 34.955581], [136.041068, 34.955766], [136.041714, 34.955419], [136.041813, 34.955648], [136.041599, 34.955818], [136.041706, 34.956025], [136.042469, 34.956172], [136.042272, 34.956409], [136.041286, 34.95623], [136.041102, 34.956496], [136.041292, 34.957149], [136.041588, 34.957604], [136.042233, 34.958154], [136.042138, 34.958362], [136.041621, 34.95851], [136.041705, 34.95891], [136.042192, 34.959668], [136.042868, 34.959834], [136.043101, 34.960341], [136.042847, 34.960767], [136.042889, 34.961184], [136.042636, 34.961245], [136.042111, 34.961005], [136.041474, 34.961212], [136.040827, 34.959806], [136.040902, 34.958741], [136.040124, 34.958826], [136.039974, 34.958679], [136.040134, 34.958438], [136.040912, 34.958315], [136.040977, 34.95786], [136.04079, 34.957821], [136.040078, 34.958099], [136.039825, 34.958099], [136.039684, 34.95796], [136.039919, 34.957651], [136.040668, 34.957249], [136.040002, 34.956229], [136.039796, 34.955528], [136.040003, 34.954869], [136.040818, 34.95419], [136.041211, 34.953301], [136.04108, 34.952846], [136.040406, 34.951772], [136.040658, 34.951122], [136.039484, 34.949569], [136.039702, 34.949074], [136.039458, 34.94841], [136.03958, 34.947413], [136.039692, 34.946951], [136.040423, 34.94586], [136.040385, 34.945195], [136.040282, 34.944994], [136.039148, 34.944182], [136.039017, 34.94355], [136.038436, 34.943226], [136.037683, 34.943026], [136.036032, 34.94365], [136.03517, 34.943542], [136.034655, 34.94328], [136.03412, 34.942576], [136.033774, 34.941432], [136.032652, 34.941353], [136.032277, 34.941025], [136.032049, 34.940502], [136.031548, 34.940102], [136.031136, 34.940011], [136.030596, 34.940253], [136.030084, 34.939724], [136.029253, 34.940213], [136.029045, 34.940618], [136.028891, 34.940682], [136.028591, 34.940523], [136.028504, 34.9403], [136.027774, 34.939952], [136.027011, 34.940904], [136.025956, 34.941805], [136.025041, 34.941957], [136.02469, 34.942128], [136.024588, 34.94233], [136.023785, 34.942651], [136.02355, 34.942547], [136.021083, 34.943047], [136.020784, 34.943159], [136.020512, 34.943622], [136.019922, 34.943921], [136.019658, 34.943883], [136.019159, 34.943525], [136.019051, 34.943562], [136.01906, 34.943905], [136.018679, 34.944129], [136.018407, 34.944092], [136.018127, 34.943823], [136.017662, 34.943651], [136.017091, 34.943853], [136.016476, 34.943159], [136.016204, 34.943137], [136.016149, 34.943524], [136.016548, 34.944601], [136.01646, 34.944986], [136.015759, 34.945832], [136.014516, 34.945789], [136.01487, 34.946319], [136.014416, 34.947029], [136.014398, 34.948068], [136.013719, 34.949044], [136.013029, 34.949367], [136.012393, 34.950212], [136.011406, 34.951131], [136.011324, 34.951817], [136.010235, 34.953917], [136.010217, 34.954469], [136.006498, 34.955561], [136.006145, 34.955836], [136.004395, 34.956389], [136.003569, 34.9568], [136.002255, 34.958107], [136.001439, 34.959505], [136.001022, 34.959758], [136.001024, 34.960864], [136.00115, 34.961013], [136.001694, 34.960871], [136.002301, 34.961021], [136.003717, 34.961073], [136.004505, 34.960961], [136.005764, 34.961237], [136.006121, 34.96151], [136.006174, 34.96187], [136.006825, 34.962072], [136.007445, 34.962539], [136.007894, 34.962626], [136.008696, 34.962459], [136.009304, 34.963065], [136.011836, 34.962573], [136.012465, 34.962239], [136.013352, 34.962504], [136.013885, 34.962495], [136.013992, 34.962609], [136.013778, 34.96311], [136.014034, 34.964201], [136.013469, 34.965047], [136.013949, 34.966057], [136.0135, 34.966815], [136.012817, 34.967166], [136.01272, 34.967695], [136.012079, 34.968918], [136.011567, 34.969199], [136.011471, 34.970124], [136.010692, 34.970291], [136.010639, 34.970387], [136.010628, 34.970651], [136.011151, 34.971353], [136.011343, 34.97241], [136.010862, 34.97322], [136.010809, 34.974072], [136.010252, 34.975544], [136.009302, 34.976071], [136.008908, 34.976791], [136.008342, 34.977441], [136.00801, 34.978439], [136.006975, 34.978895], [136.006022, 34.978974], [136.005627, 34.979281], [136.005669, 34.979679], [136.005541, 34.979837], [136.004944, 34.979873], [136.004293, 34.980092], [136.003854, 34.980063], [136.003161, 34.979651], [136.002286, 34.978702], [136.001195, 34.978331], [136.000457, 34.977645], [135.998835, 34.976889], [135.998184, 34.977408], [135.996728, 34.977903], [135.995001, 34.977877], [135.99454, 34.978232], [135.99414, 34.978346], [135.993086, 34.97839], [135.992901, 34.978694], [135.993984, 34.980635], [135.993876, 34.98099], [135.99276, 34.980882], [135.991944, 34.98035], [135.991437, 34.980236], [135.989413, 34.979997], [135.988397, 34.980114], [135.988524, 34.979629], [135.988408, 34.978875], [135.988008, 34.978355], [135.987323, 34.978057], [135.986471, 34.978204], [135.985755, 34.978179], [135.984679, 34.978717], [135.983685, 34.978524], [135.983626, 34.979047], [135.983821, 34.979417], [135.983397, 34.979745], [135.983032, 34.979696], [135.982514, 34.979251], [135.981793, 34.979529], [135.9812, 34.97955], [135.979458, 34.979181], [135.978779, 34.978671], [135.978466, 34.978713], [135.97819, 34.978972], [135.977562, 34.979077], [135.977095, 34.979426], [135.977095, 34.979531], [135.977791, 34.979845], [135.977834, 34.981221], [135.977266, 34.981591], [135.976256, 34.98155], [135.976086, 34.981899], [135.976188, 34.982095], [135.977979, 34.983089], [135.978361, 34.983858], [135.977954, 34.984117], [135.977453, 34.984207], [135.976908, 34.983628], [135.976254, 34.983651], [135.976248, 34.984917], [135.974308, 34.985009], [135.973896, 34.984654], [135.973692, 34.984959], [135.973684, 34.985843], [135.973395, 34.98602], [135.97234, 34.984327], [135.966988, 34.983097], [135.967209, 34.981929], [135.966207, 34.981029], [135.965772, 34.980233], [135.965764, 34.980027], [135.966281, 34.979327], [135.965954, 34.978703], [135.965765, 34.977521], [135.967118, 34.977502], [135.967573, 34.97772], [135.968127, 34.977751], [135.96862, 34.978045], [135.9689, 34.977845], [135.969114, 34.977431], [135.969022, 34.976638], [135.967672, 34.976744], [135.9668, 34.976232], [135.96582, 34.976182], [135.965418, 34.975776], [135.96519, 34.975745], [135.963693, 34.976238], [135.96273, 34.976394], [135.962052, 34.975562], [135.961187, 34.975518], [135.960755, 34.975019], [135.960102, 34.974631], [135.960087, 34.974318], [135.96061, 34.973944], [135.960609, 34.97383], [135.960382, 34.973555], [135.960496, 34.973006], [135.959987, 34.972316], [135.959562, 34.972535], [135.95831, 34.97251], [135.957498, 34.972759], [135.956364, 34.973372], [135.954984, 34.973802], [135.953599, 34.971696], [135.95341, 34.97174], [135.952954, 34.972221], [135.952515, 34.971896], [135.951453, 34.971865], [135.950109, 34.972178], [135.94938, 34.973097], [135.949061, 34.974759], [135.94919, 34.975115], [135.947278, 34.978913], [135.947306, 34.979621], [135.946548, 34.981016], [135.945478, 34.982305], [135.944871, 34.982636], [135.94387, 34.984031], [135.943627, 34.985534], [135.943075, 34.986419], [135.942195, 34.986999], [135.941466, 34.987823], [135.939713, 34.988526], [135.939807, 34.98888], [135.941119, 34.990106], [135.941512, 34.990799], [135.941259, 34.991053], [135.940612, 34.991239], [135.93979, 34.992416], [135.938778, 34.992927], [135.935476, 34.994044], [135.932982, 34.995487], [135.93027, 34.996389], [135.929616, 34.996312], [135.92913, 34.995951], [135.92913, 34.995658], [135.929326, 34.995317], [135.930196, 34.994679], [135.929887, 34.994202], [135.928829, 34.994686], [135.927006, 34.995148], [135.926801, 34.995148], [135.92651, 34.994671], [135.925197, 34.994979], [135.925076, 34.994825], [135.921691, 34.995779], [135.921436, 34.995434], [135.920192, 34.996072], [135.919987, 34.995765], [135.918921, 34.996319], [135.918347, 34.995704], [135.91716, 34.996296], [135.915943, 34.996373], [135.915036, 34.995973], [135.909628, 34.995363], [135.908774, 34.995393], [135.902907, 34.992353], [135.900617, 34.997392], [135.901281, 35.002446], [135.89819, 35.012474], [135.893719, 35.022442], [135.891174, 35.023474], [135.88785, 35.032442], [135.887955, 35.035325], [135.892177, 35.044611], [135.89813, 35.052689], [135.906316, 35.063118], [135.907448, 35.064098], [135.91148, 35.069737], [135.914686, 35.079441], [135.923241, 35.088122], [135.931394, 35.109457], [135.935581, 35.115521], [135.935191, 35.121183], [135.938436, 35.126196], [135.940255, 35.137524], [135.959311, 35.147213], [135.972564, 35.18098], [135.982368, 35.186616], [135.995847, 35.190207], [136.010823, 35.224862], [136.016299, 35.231279]]]}}, {"type": "Feature", "properties": {"pref_code": "25", "pref_name": "滋賀県", "municipality_code": "25202", "municipality_name": "彦根市", "ward_name": "", "display_name": "彦根市", "geometry_key": "25202"}, "geometry": {"type": "Polygon", "coordinates": [[[136.351525, 35.27413], [136.350346, 35.274658], [136.349911, 35.27524], [136.349726, 35.277725], [136.348711, 35.278905], [136.348345, 35.281358], [136.346134, 35.286425], [136.345755, 35.286586], [136.34428, 35.286636], [136.343069, 35.28702], [136.342108, 35.287977], [136.341362, 35.288235], [136.340599, 35.289008], [136.340332, 35.289473], [136.339709, 35.289826], [136.338558, 35.289731], [136.337965, 35.289794], [136.337403, 35.289673], [136.336594, 35.289788], [136.335492, 35.290157], [136.333654, 35.291228], [136.333356, 35.291277], [136.33237, 35.29111], [136.33174, 35.291485], [136.331427, 35.291767], [136.331068, 35.292946], [136.330723, 35.293471], [136.33086, 35.294034], [136.330803, 35.294501], [136.330273, 35.295309], [136.32897, 35.295844], [136.328907, 35.296428], [136.328664, 35.296926], [136.328791, 35.297811], [136.328443, 35.298009], [136.32737, 35.298124], [136.326009, 35.298441], [136.326044, 35.298161], [136.326906, 35.29678], [136.32611, 35.295891], [136.326107, 35.295665], [136.328064, 35.292504], [136.32848, 35.291611], [136.3277, 35.291], [136.326373, 35.290503], [136.326384, 35.289572], [136.325425, 35.288674], [136.325022, 35.28808], [136.324829, 35.287552], [136.324802, 35.286926], [136.324928, 35.286519], [136.325448, 35.285865], [136.325722, 35.284702], [136.325639, 35.283918], [136.324781, 35.282363], [136.323953, 35.281504], [136.323186, 35.279894], [136.322937, 35.279857], [136.320184, 35.280871], [136.31957, 35.280978], [136.318892, 35.280897], [136.318674, 35.284936], [136.318413, 35.285228], [136.317581, 35.285467], [136.317327, 35.285851], [136.317591, 35.286645], [136.317499, 35.288679], [136.315761, 35.290824], [136.315338, 35.291517], [136.313709, 35.293022], [136.312394, 35.293517], [136.311489, 35.293414], [136.310971, 35.293764], [136.310389, 35.293936], [136.309412, 35.29447], [136.308301, 35.294367], [136.30751, 35.294525], [136.305388, 35.294114], [136.305026, 35.294308], [136.304833, 35.29492], [136.303739, 35.29517], [136.30339, 35.295497], [136.302644, 35.295812], [136.302509, 35.296471], [136.301981, 35.297432], [136.301228, 35.297599], [136.300826, 35.298221], [136.300782, 35.298707], [136.301008, 35.299922], [136.301618, 35.300913], [136.301081, 35.302071], [136.300754, 35.301886], [136.300517, 35.301061], [136.298743, 35.299524], [136.298159, 35.299101], [136.297546, 35.29888], [136.296865, 35.298788], [136.296736, 35.298858], [136.296641, 35.299409], [136.296434, 35.29966], [136.295408, 35.300562], [136.294921, 35.300673], [136.294674, 35.300493], [136.294568, 35.299671], [136.29347, 35.299102], [136.292965, 35.299024], [136.291486, 35.299443], [136.291086, 35.299849], [136.290652, 35.30003], [136.290402, 35.300404], [136.289446, 35.301136], [136.28823, 35.301574], [136.287302, 35.300705], [136.286946, 35.299716], [136.286519, 35.299222], [136.286532, 35.297961], [136.286414, 35.297462], [136.28612, 35.297028], [136.285186, 35.296964], [136.279691, 35.297151], [136.279539, 35.296327], [136.275464, 35.296397], [136.274712, 35.296612], [136.273909, 35.296457], [136.272098, 35.296708], [136.271524, 35.296603], [136.269919, 35.296772], [136.269704, 35.296687], [136.269312, 35.296226], [136.268839, 35.29601], [136.268602, 35.294172], [136.267745, 35.294162], [136.266623, 35.29441], [136.266066, 35.294567], [136.264962, 35.295146], [136.263888, 35.294633], [136.263311, 35.294661], [136.262614, 35.294292], [136.26232, 35.293979], [136.261435, 35.294373], [136.260566, 35.29453], [136.260667, 35.295113], [136.260249, 35.295536], [136.260052, 35.296037], [136.259662, 35.296513], [136.259635, 35.297411], [136.259879, 35.298321], [136.259821, 35.298628], [136.259672, 35.298787], [136.259462, 35.298742], [136.259411, 35.298327], [136.25921, 35.298163], [136.258654, 35.298338], [136.258368, 35.298826], [136.258538, 35.299547], [136.2574, 35.300461], [136.256983, 35.30045], [136.25399, 35.299224], [136.24408, 35.295582], [136.215993, 35.303685], [136.213278, 35.332324], [136.20978, 35.338654], [136.148546, 35.356009], [136.145756, 35.349943], [136.152848, 35.268716], [136.122227, 35.25589], [136.118182, 35.255558], [136.0837, 35.258851], [136.085233, 35.251843], [136.112118, 35.216437], [136.116086, 35.214529], [136.118804, 35.213508], [136.121349, 35.212805], [136.123007, 35.212643], [136.129647, 35.213119], [136.132087, 35.212898], [136.133636, 35.212567], [136.136357, 35.211161], [136.13697, 35.210579], [136.138053, 35.208941], [136.139118, 35.207724], [136.140039, 35.207066], [136.141298, 35.206642], [136.142553, 35.20653], [136.144908, 35.206768], [136.147969, 35.206662], [136.1499, 35.206296], [136.152432, 35.205634], [136.154172, 35.205475], [136.157927, 35.205574], [136.161182, 35.205799], [136.163102, 35.205719], [136.165719, 35.204969], [136.166993, 35.20444], [136.16885, 35.203339], [136.17133, 35.201118], [136.175746, 35.196532], [136.177879, 35.195059], [136.180931, 35.193494], [136.18392, 35.192549], [136.188061, 35.191431], [136.19163, 35.190164], [136.192785, 35.191297], [136.19167, 35.192482], [136.191828, 35.19272], [136.192566, 35.193187], [136.192664, 35.193651], [136.193579, 35.19487], [136.193331, 35.19678], [136.192864, 35.197538], [136.193058, 35.197697], [136.193578, 35.197766], [136.193251, 35.198084], [136.193675, 35.198591], [136.194208, 35.198253], [136.194426, 35.198372], [136.194692, 35.198213], [136.195227, 35.198552], [136.198341, 35.196534], [136.198111, 35.196254], [136.198438, 35.195657], [136.199426, 35.195026], [136.200358, 35.194867], [136.201511, 35.196158], [136.202443, 35.195651], [136.205275, 35.199129], [136.209589, 35.196713], [136.209299, 35.196306], [136.209844, 35.195988], [136.210267, 35.196385], [136.211837, 35.195669], [136.212782, 35.195062], [136.21391, 35.194663], [136.216055, 35.193619], [136.215997, 35.195003], [136.215774, 35.195344], [136.215268, 35.195722], [136.214068, 35.19625], [136.213488, 35.197079], [136.215937, 35.199862], [136.216859, 35.201093], [136.216933, 35.202237], [136.216755, 35.202615], [136.216829, 35.202774], [136.219782, 35.206439], [136.222536, 35.205097], [136.223071, 35.205927], [136.22122, 35.207002], [136.221771, 35.207786], [136.222841, 35.207237], [136.223049, 35.207311], [136.223347, 35.207798], [136.221964, 35.208432], [136.222901, 35.209978], [136.222454, 35.210445], [136.223034, 35.21103], [136.223888, 35.212229], [136.221748, 35.213278], [136.225759, 35.21855], [136.226436, 35.218178], [136.226808, 35.217743], [136.227193, 35.217609], [136.228085, 35.217612], [136.228389, 35.217436], [136.229213, 35.21757], [136.229955, 35.216447], [136.231063, 35.21583], [136.231736, 35.215259], [136.233822, 35.214389], [136.235444, 35.213422], [136.235804, 35.212998], [136.237203, 35.212264], [136.237557, 35.212834], [136.238135, 35.213532], [136.238431, 35.21421], [136.239108, 35.215154], [136.240184, 35.215849], [136.240611, 35.216852], [136.241286, 35.21773], [136.244598, 35.215518], [136.246706, 35.217772], [136.24697, 35.21764], [136.24725, 35.217876], [136.247911, 35.217487], [136.248617, 35.218181], [136.249328, 35.217747], [136.249442, 35.21783], [136.25066, 35.21709], [136.25174, 35.218351], [136.251507, 35.218656], [136.252402, 35.219643], [136.252942, 35.219827], [136.253026, 35.220331], [136.251564, 35.222028], [136.25107, 35.223655], [136.250522, 35.224166], [136.250266, 35.226021], [136.251176, 35.226611], [136.251382, 35.227012], [136.252083, 35.227259], [136.253535, 35.226263], [136.254385, 35.22549], [136.254698, 35.225011], [136.254586, 35.228016], [136.254886, 35.228621], [136.256051, 35.229876], [136.257687, 35.228375], [136.258779, 35.229576], [136.259859, 35.230147], [136.260747, 35.229659], [136.261465, 35.230498], [136.26325, 35.229453], [136.263429, 35.229646], [136.267329, 35.227455], [136.266624, 35.226557], [136.267885, 35.225853], [136.267996, 35.225978], [136.268729, 35.225581], [136.269476, 35.226454], [136.269821, 35.226284], [136.270003, 35.226522], [136.271426, 35.225751], [136.271895, 35.226182], [136.272213, 35.226046], [136.274979, 35.229534], [136.27126, 35.231488], [136.271342, 35.231624], [136.269945, 35.232374], [136.269889, 35.232544], [136.272116, 35.235566], [136.271439, 35.235965], [136.273028, 35.237997], [136.273264, 35.238951], [136.273766, 35.239099], [136.27465, 35.240324], [136.275092, 35.23919], [136.275451, 35.238918], [136.2761, 35.238986], [136.276794, 35.239474], [136.278496, 35.241552], [136.279368, 35.242367], [136.280266, 35.242039], [136.280957, 35.24137], [136.280888, 35.240994], [136.281731, 35.240416], [136.284242, 35.240593], [136.28525, 35.24035], [136.285439, 35.240902], [136.285648, 35.241048], [136.286674, 35.240902], [136.287809, 35.241154], [136.288017, 35.2413], [136.288559, 35.243069], [136.289035, 35.244011], [136.289985, 35.244829], [136.290705, 35.245153], [136.291407, 35.245947], [136.291743, 35.246077], [136.292167, 35.24602], [136.292661, 35.245356], [136.294346, 35.245387], [136.294284, 35.245921], [136.294461, 35.246587], [136.294716, 35.246811], [136.295174, 35.246854], [136.295367, 35.246991], [136.295597, 35.247787], [136.296917, 35.249133], [136.29682, 35.249797], [136.297243, 35.250796], [136.297146, 35.251107], [136.296451, 35.251795], [136.29668, 35.252339], [136.296603, 35.252652], [136.29671, 35.253015], [136.297546, 35.254121], [136.299226, 35.255336], [136.299664, 35.256497], [136.300638, 35.257221], [136.301949, 35.256839], [136.30389, 35.255647], [136.304971, 35.255845], [136.304505, 35.256933], [136.304631, 35.257139], [136.305003, 35.257338], [136.305862, 35.257464], [136.306363, 35.257843], [136.307462, 35.257598], [136.307726, 35.257681], [136.30886, 35.258535], [136.311733, 35.261242], [136.312585, 35.261461], [136.312926, 35.261699], [136.313747, 35.262574], [136.313632, 35.263296], [136.314094, 35.263809], [136.315947, 35.264776], [136.316278, 35.265389], [136.316613, 35.265647], [136.317937, 35.265886], [136.319719, 35.265504], [136.320056, 35.266105], [136.320032, 35.266508], [136.319855, 35.266767], [136.319444, 35.266996], [136.319406, 35.267238], [136.320967, 35.267689], [136.322403, 35.267281], [136.323909, 35.267104], [136.325447, 35.267226], [136.326003, 35.266819], [136.326838, 35.266551], [136.327346, 35.266048], [136.327906, 35.265931], [136.328266, 35.265611], [136.329254, 35.26529], [136.330515, 35.265395], [136.333063, 35.265358], [136.333446, 35.265574], [136.33384, 35.265628], [136.335251, 35.26507], [136.335773, 35.264345], [136.336423, 35.263982], [136.337435, 35.263806], [136.338635, 35.263963], [136.33997, 35.265272], [136.341755, 35.265892], [136.342113, 35.266377], [136.343504, 35.267649], [136.343887, 35.267835], [136.344636, 35.267952], [136.345351, 35.26863], [136.345761, 35.268682], [136.346656, 35.268485], [136.346896, 35.268545], [136.347668, 35.269187], [136.348015, 35.269226], [136.349518, 35.268496], [136.350046, 35.268094], [136.350398, 35.268083], [136.350815, 35.268234], [136.35126, 35.268682], [136.351594, 35.269584], [136.351392, 35.270548], [136.351465, 35.271826], [136.35126, 35.272504], [136.351525, 35.27413]]]}}, {"type": "Feature", "properties": {"pref_code": "25", "pref_name": "滋賀県", "municipality_code": "25203", "municipality_name": "長浜市", "ward_name": "", "display_name": "長浜市", "geometry_key": "25203"}, "geometry": {"type": "Polygon", "coordinates": [[[136.280741, 35.658631], [136.280506, 35.658777], [136.280026, 35.659513], [136.280062, 35.660049], [136.280569, 35.661078], [136.280533, 35.661276], [136.279191, 35.661916], [136.277758, 35.663353], [136.277318, 35.663569], [136.276551, 35.663618], [136.275964, 35.664236], [136.27428, 35.665331], [136.273742, 35.66549], [136.27162, 35.665564], [136.2715, 35.666154], [136.270559, 35.666895], [136.270424, 35.667134], [136.270423, 35.667924], [136.269359, 35.668728], [136.266425, 35.669825], [136.26403, 35.671061], [136.262347, 35.671569], [136.26009, 35.671793], [136.258012, 35.671216], [136.257638, 35.671212], [136.255771, 35.67246], [136.254996, 35.673428], [136.254495, 35.673785], [136.25188, 35.67486], [136.250661, 35.676246], [136.246861, 35.675393], [136.245544, 35.674271], [136.244893, 35.67382], [136.244649, 35.673789], [136.243024, 35.675626], [136.242274, 35.676019], [136.241799, 35.67642], [136.240616, 35.676879], [136.23581, 35.680925], [136.235086, 35.681399], [136.234406, 35.682462], [136.233141, 35.682463], [136.23244, 35.682646], [136.231134, 35.682694], [136.230483, 35.6824], [136.229577, 35.681495], [136.228379, 35.681081], [136.227679, 35.68047], [136.225946, 35.680549], [136.225324, 35.680914], [136.224427, 35.681009], [136.223766, 35.681295], [136.223209, 35.681796], [136.222606, 35.682819], [136.22176, 35.683368], [136.22026, 35.6834], [136.220046, 35.683535], [136.219587, 35.684243], [136.219256, 35.684433], [136.217202, 35.684576], [136.216298, 35.684442], [136.215539, 35.683926], [136.213892, 35.683512], [136.213483, 35.682924], [136.213084, 35.682614], [136.212773, 35.681781], [136.212607, 35.681701], [136.21181, 35.682447], [136.210466, 35.684473], [136.21032, 35.685234], [136.210485, 35.685847], [136.210242, 35.686291], [136.209911, 35.686594], [136.208991, 35.686861], [136.208348, 35.687588], [136.208042, 35.687695], [136.207619, 35.687493], [136.207255, 35.687493], [136.206261, 35.687029], [136.205751, 35.68716], [136.204964, 35.6871], [136.204496, 35.686827], [136.20419, 35.686791], [136.20368, 35.686969], [136.203228, 35.687302], [136.202179, 35.687575], [136.202146, 35.688089], [136.20155, 35.688705], [136.201462, 35.689526], [136.200996, 35.689859], [136.199917, 35.689894], [136.199143, 35.689396], [136.198298, 35.689716], [136.197904, 35.690501], [136.196839, 35.691976], [136.19697, 35.692728], [136.196605, 35.693504], [136.196532, 35.694121], [136.195832, 35.69462], [136.19557, 35.695001], [136.195468, 35.695573], [136.195613, 35.696347], [136.195482, 35.696822], [136.194884, 35.698144], [136.194068, 35.699321], [136.193746, 35.700192], [136.193091, 35.700762], [136.192622, 35.700835], [136.192098, 35.700668], [136.191923, 35.700728], [136.191398, 35.701512], [136.191281, 35.702357], [136.191091, 35.702464], [136.190072, 35.702536], [136.189574, 35.702263], [136.186846, 35.703346], [136.186307, 35.703358], [136.185284, 35.703726], [136.184424, 35.703536], [136.183419, 35.703596], [136.182221, 35.702954], [136.181696, 35.701917], [136.181142, 35.701585], [136.180821, 35.701537], [136.180311, 35.701799], [136.17907, 35.701906], [136.178356, 35.701811], [136.177715, 35.702488], [136.177145, 35.702821], [136.176431, 35.702987], [136.176023, 35.702952], [136.175776, 35.703177], [136.174986, 35.703405], [136.174592, 35.703737], [136.174359, 35.703666], [136.173878, 35.703143], [136.172958, 35.702738], [136.172448, 35.702144], [136.171557, 35.701739], [136.170377, 35.701441], [136.170057, 35.701536], [136.168481, 35.702678], [136.168175, 35.703343], [136.167927, 35.703415], [136.167269, 35.702857], [136.166774, 35.702215], [136.166613, 35.701002], [136.166044, 35.699357], [136.165927, 35.698264], [136.166044, 35.697251], [136.16559, 35.696656], [136.164832, 35.696311], [136.163565, 35.696216], [136.161726, 35.696466], [136.161376, 35.697702], [136.161172, 35.697916], [136.158489, 35.699011], [136.157526, 35.700012], [136.157132, 35.700286], [136.156753, 35.700369], [136.155189, 35.699882], [136.154256, 35.698893], [136.153556, 35.698691], [136.15258, 35.698703], [136.151779, 35.698572], [136.150945, 35.698191], [136.150347, 35.697716], [136.150609, 35.696892], [136.149939, 35.695739], [136.149676, 35.694929], [136.150288, 35.693955], [136.150026, 35.692729], [136.150361, 35.691301], [136.149297, 35.690238], [136.148947, 35.689644], [136.148831, 35.689288], [136.148991, 35.688777], [136.148904, 35.688421], [136.148146, 35.687312], [136.146631, 35.68717], [136.146177, 35.686847], [136.1452, 35.684492], [136.144602, 35.684302], [136.144339, 35.683683], [136.143537, 35.683182], [136.143449, 35.681994], [136.142895, 35.680957], [136.142968, 35.680208], [136.142472, 35.67916], [136.14221, 35.678994], [136.14148, 35.678957], [136.139613, 35.67797], [136.139846, 35.676991], [136.139059, 35.675732], [136.138024, 35.675172], [136.137833, 35.673102], [136.137571, 35.672841], [136.136549, 35.672662], [136.136243, 35.6724], [136.136039, 35.671422], [136.135456, 35.670994], [136.134493, 35.669823], [136.134474, 35.669446], [136.134742, 35.668569], [136.134731, 35.66801], [136.134981, 35.667505], [136.135496, 35.667286], [136.136, 35.666104], [136.136364, 35.665732], [136.137486, 35.665076], [136.137947, 35.664949], [136.139278, 35.664898], [136.139884, 35.6642], [136.140583, 35.663819], [136.14182, 35.663819], [136.142442, 35.663952], [136.143741, 35.663804], [136.145091, 35.663186], [136.148103, 35.662409], [136.149014, 35.661287], [136.149177, 35.660293], [136.150162, 35.659381], [136.150401, 35.658856], [136.150449, 35.658094], [136.150905, 35.656279], [136.151337, 35.65559], [136.150262, 35.655034], [136.15008, 35.654821], [136.150063, 35.654545], [136.150604, 35.653408], [136.151221, 35.653209], [136.150962, 35.651387], [136.151232, 35.651109], [136.152531, 35.650672], [136.151352, 35.649682], [136.151229, 35.648964], [136.151543, 35.648277], [136.152665, 35.646785], [136.152892, 35.646305], [136.153103, 35.646149], [136.154019, 35.646313], [136.154255, 35.646217], [136.154287, 35.645516], [136.153985, 35.644181], [136.154159, 35.643586], [136.154708, 35.643202], [136.154864, 35.642404], [136.155446, 35.64184], [136.157306, 35.641259], [136.157314, 35.640438], [136.157787, 35.640012], [136.158088, 35.639512], [136.15857, 35.638035], [136.158542, 35.637066], [136.158274, 35.636132], [136.158288, 35.635724], [136.159892, 35.63484], [136.159913, 35.634588], [136.159583, 35.633811], [136.159657, 35.632258], [136.159509, 35.630939], [136.159222, 35.630448], [136.158564, 35.629809], [136.158738, 35.629604], [136.159433, 35.62927], [136.160235, 35.627315], [136.160307, 35.626735], [136.159886, 35.625947], [136.159866, 35.625228], [136.160375, 35.624962], [136.161169, 35.624919], [136.161702, 35.624299], [136.162604, 35.623909], [136.163108, 35.622462], [136.163842, 35.622007], [136.16408, 35.62165], [136.164344, 35.62092], [136.164259, 35.620114], [136.165062, 35.619026], [136.165691, 35.618779], [136.166412, 35.61881], [136.166889, 35.618625], [136.168476, 35.614456], [136.16865, 35.614188], [136.169538, 35.61349], [136.170361, 35.612357], [136.170822, 35.609721], [136.170802, 35.608677], [136.171243, 35.608082], [136.171662, 35.607151], [136.172261, 35.606814], [136.173094, 35.605454], [136.173222, 35.60454], [136.173624, 35.604081], [136.17437, 35.603592], [136.174484, 35.603209], [136.17441, 35.602444], [136.175284, 35.60038], [136.176068, 35.599018], [136.176807, 35.598448], [136.17687, 35.597221], [136.176719, 35.596627], [136.177462, 35.595554], [136.177417, 35.59485], [136.175869, 35.593732], [136.175615, 35.592616], [136.17512, 35.592006], [136.173238, 35.590722], [136.172697, 35.590139], [136.172523, 35.589629], [136.172421, 35.588339], [136.170477, 35.586331], [136.16836, 35.584909], [136.166384, 35.582481], [136.166812, 35.58131], [136.167492, 35.58082], [136.16783, 35.58031], [136.167772, 35.579116], [136.168441, 35.577595], [136.169129, 35.577208], [136.170171, 35.576356], [136.170673, 35.575619], [136.169618, 35.574329], [136.169452, 35.573896], [136.169872, 35.571888], [136.170356, 35.571232], [136.169469, 35.569798], [136.169697, 35.56847], [136.169172, 35.568006], [136.169252, 35.567502], [136.169954, 35.566172], [136.169526, 35.565677], [136.169035, 35.565465], [136.168012, 35.565463], [136.167475, 35.56526], [136.16688, 35.565352], [136.166401, 35.566183], [136.165638, 35.567022], [136.1639, 35.569512], [136.163612, 35.570632], [136.163349, 35.571015], [136.162974, 35.571311], [136.162316, 35.571493], [136.161482, 35.571514], [136.159884, 35.571884], [136.158543, 35.571598], [136.157564, 35.571242], [136.156195, 35.571535], [136.155237, 35.571454], [136.154552, 35.571691], [136.154266, 35.572187], [136.153907, 35.572461], [136.150509, 35.572905], [136.150012, 35.572686], [136.149792, 35.571781], [136.149561, 35.57139], [136.148902, 35.571435], [136.148086, 35.572045], [136.147455, 35.572127], [136.147167, 35.571963], [136.146378, 35.570757], [136.145516, 35.570554], [136.144889, 35.570554], [136.144214, 35.570892], [136.14333, 35.571149], [136.142505, 35.572246], [136.142289, 35.573222], [136.142055, 35.57365], [136.141731, 35.573943], [136.140033, 35.574831], [136.138904, 35.575672], [136.137481, 35.575271], [136.137264, 35.575289], [136.136586, 35.575732], [136.135859, 35.575819], [136.134067, 35.574869], [136.13266, 35.574517], [136.131012, 35.574862], [136.129934, 35.575291], [136.128989, 35.575349], [136.128117, 35.575839], [136.127746, 35.575831], [136.126748, 35.575471], [136.126382, 35.575479], [136.125001, 35.575997], [136.124341, 35.576021], [136.123644, 35.576231], [136.121202, 35.576204], [136.12018, 35.576781], [136.119241, 35.576836], [136.118402, 35.57713], [136.116999, 35.578505], [136.116766, 35.578811], [136.116712, 35.57953], [136.117222, 35.580298], [136.117342, 35.580837], [136.116683, 35.58193], [136.115528, 35.582867], [136.114143, 35.582963], [136.113593, 35.582775], [136.113046, 35.582011], [136.112235, 35.580048], [136.112401, 35.579274], [136.112122, 35.578496], [136.11224, 35.577735], [136.112069, 35.576743], [136.112334, 35.575651], [136.112696, 35.575466], [136.112916, 35.575175], [136.112738, 35.574596], [136.112926, 35.573961], [136.112428, 35.573293], [136.111257, 35.572969], [136.111535, 35.571882], [136.111009, 35.570817], [136.110312, 35.569981], [136.110051, 35.569249], [136.109908, 35.569135], [136.10949, 35.569138], [136.108612, 35.568879], [136.108116, 35.568591], [136.107939, 35.568297], [136.108158, 35.567916], [136.108894, 35.567197], [136.1095, 35.566028], [136.109887, 35.564701], [136.110678, 35.563324], [136.11049, 35.562591], [136.11049, 35.561373], [136.110344, 35.561069], [136.110441, 35.559723], [136.110096, 35.559287], [136.108852, 35.559019], [136.108698, 35.558751], [136.108838, 35.55805], [136.108747, 35.557833], [136.108388, 35.5576], [136.107422, 35.557374], [136.107245, 35.557117], [136.106739, 35.55683], [136.106021, 35.555977], [136.105436, 35.55555], [136.106112, 35.554299], [136.106394, 35.553364], [136.107021, 35.552953], [136.107433, 35.552472], [136.107802, 35.551647], [136.108339, 35.550978], [136.108444, 35.550123], [136.109057, 35.549729], [136.108643, 35.548701], [136.108201, 35.548191], [136.107877, 35.547209], [136.107969, 35.546657], [136.10893, 35.545944], [136.109448, 35.54496], [136.109192, 35.544206], [136.109356, 35.543737], [136.108947, 35.543084], [136.109145, 35.542507], [136.108363, 35.541383], [136.107975, 35.540121], [136.106958, 35.539122], [136.106087, 35.538639], [136.105868, 35.538256], [136.105897, 35.537997], [136.106176, 35.537672], [136.105986, 35.536882], [136.106763, 35.535756], [136.106801, 35.534997], [136.106726, 35.534571], [136.106379, 35.534191], [136.106054, 35.532582], [136.106172, 35.53231], [136.106611, 35.531978], [136.107223, 35.530508], [136.106454, 35.528989], [136.105623, 35.528818], [136.105282, 35.52653], [136.104445, 35.524926], [136.104696, 35.524047], [136.104491, 35.523171], [136.10452, 35.522376], [136.104715, 35.521784], [136.104429, 35.521478], [136.103799, 35.521163], [136.103643, 35.520782], [136.103937, 35.517808], [136.104132, 35.517409], [136.104927, 35.516635], [136.104921, 35.516227], [136.104676, 35.515849], [136.105054, 35.51502], [136.105038, 35.514536], [136.104689, 35.513595], [136.104127, 35.51286], [136.103748, 35.512667], [136.103405, 35.512648], [136.10307, 35.512822], [136.102907, 35.513157], [136.1027, 35.513164], [136.102463, 35.51256], [136.101912, 35.511998], [136.101627, 35.511036], [136.101337, 35.510659], [136.101387, 35.509804], [136.101022, 35.509005], [136.101059, 35.508226], [136.100607, 35.507448], [136.100476, 35.506145], [136.100566, 35.505671], [136.100496, 35.505491], [136.099395, 35.504942], [136.09916, 35.504672], [136.09911, 35.504124], [136.099674, 35.502391], [136.099194, 35.500677], [136.098582, 35.500039], [136.098914, 35.499457], [136.099609, 35.498829], [136.099863, 35.498411], [136.099998, 35.497134], [136.099744, 35.496704], [136.099756, 35.496297], [136.100204, 35.495676], [136.10036, 35.495178], [136.100179, 35.493571], [136.10077, 35.492217], [136.100791, 35.490983], [136.101226, 35.490257], [136.101197, 35.488761], [136.100811, 35.487431], [136.101049, 35.485703], [136.100052, 35.485226], [136.099749, 35.484624], [136.099438, 35.483383], [136.099635, 35.482584], [136.100093, 35.481868], [136.100103, 35.480839], [136.099435, 35.479958], [136.098284, 35.479736], [136.097538, 35.479089], [136.096686, 35.478763], [136.096248, 35.478372], [136.096326, 35.477543], [136.096088, 35.476483], [136.096907, 35.475759], [136.097231, 35.474909], [136.097129, 35.474658], [136.09639, 35.474312], [136.095825, 35.473716], [136.094687, 35.473186], [136.094887, 35.471958], [136.095456, 35.470073], [136.095481, 35.469513], [136.095342, 35.469322], [136.093728, 35.468752], [136.092699, 35.467836], [136.092552, 35.467597], [136.092523, 35.465878], [136.091651, 35.465321], [136.091581, 35.465167], [136.092064, 35.464197], [136.093076, 35.463382], [136.093269, 35.462986], [136.093318, 35.462347], [136.093626, 35.462157], [136.094286, 35.46138], [136.096117, 35.461366], [136.096875, 35.461189], [136.097522, 35.46081], [136.098528, 35.460908], [136.101604, 35.460583], [136.102598, 35.459788], [136.105678, 35.459016], [136.115829, 35.454557], [136.11794, 35.438103], [136.116373, 35.432657], [136.094715, 35.410054], [136.098341, 35.392822], [136.145082, 35.357558], [136.148546, 35.356009], [136.20978, 35.338654], [136.225741, 35.347948], [136.242985, 35.349741], [136.250427, 35.35266], [136.278076, 35.350823], [136.279727, 35.351014], [136.285038, 35.352354], [136.289546, 35.353342], [136.296399, 35.354615], [136.297312, 35.352402], [136.297754, 35.350727], [136.298054, 35.350277], [136.298946, 35.350659], [136.305779, 35.352167], [136.306884, 35.34879], [136.308002, 35.348181], [136.309019, 35.347139], [136.310037, 35.346674], [136.310233, 35.346256], [136.310162, 35.344317], [136.310997, 35.343356], [136.310989, 35.342656], [136.31208, 35.342544], [136.312618, 35.342588], [136.313227, 35.342937], [136.314299, 35.343098], [136.315454, 35.343829], [136.316383, 35.34387], [136.31668, 35.344112], [136.317368, 35.345748], [136.318165, 35.346267], [136.318919, 35.34604], [136.320969, 35.346066], [136.321756, 35.345353], [136.322652, 35.345712], [136.323912, 35.346443], [136.324537, 35.346409], [136.325046, 35.347059], [136.325025, 35.347797], [136.325655, 35.348739], [136.325859, 35.349655], [136.325522, 35.350629], [136.326047, 35.351726], [136.32583, 35.352284], [136.325851, 35.352992], [136.325484, 35.35351], [136.325463, 35.354088], [136.325559, 35.354391], [136.325893, 35.354731], [136.325743, 35.355547], [136.326139, 35.356578], [136.32636, 35.357736], [136.326772, 35.358259], [136.32646, 35.359287], [136.327686, 35.359917], [136.328237, 35.360595], [136.32822, 35.361629], [136.328403, 35.362292], [136.328937, 35.363], [136.328887, 35.364096], [136.329313, 35.365047], [136.331281, 35.365852], [136.332829, 35.367428], [136.333817, 35.367477], [136.334104, 35.367695], [136.334079, 35.368553], [136.3336, 35.369936], [136.333858, 35.37187], [136.334279, 35.372581], [136.334396, 35.373251], [136.334784, 35.374113], [136.336194, 35.376488], [136.336473, 35.377892], [136.33722, 35.378812], [136.337511, 35.379481], [136.337445, 35.379935], [136.336806, 35.381495], [136.336097, 35.384522], [136.33518, 35.385834], [136.335109, 35.387591], [136.335464, 35.388374], [136.335414, 35.389599], [136.335672, 35.3911], [136.3342, 35.392635], [136.334175, 35.39396], [136.333636, 35.39637], [136.33282, 35.396684], [136.332324, 35.397367], [136.332457, 35.398748], [136.332136, 35.399701], [136.332253, 35.400233], [136.333091, 35.402066], [136.333087, 35.40384], [136.333709, 35.404155], [136.334965, 35.404494], [136.336999, 35.405438], [136.337215, 35.404845], [136.337743, 35.404276], [136.339268, 35.40335], [136.341101, 35.40252], [136.343661, 35.402272], [136.3459, 35.401899], [136.349787, 35.400641], [136.351215, 35.400288], [136.354041, 35.400208], [136.356496, 35.400665], [136.356696, 35.400749], [136.35724, 35.401855], [136.358354, 35.40276], [136.359704, 35.404715], [136.359811, 35.405287], [136.35947, 35.407448], [136.359572, 35.408166], [136.360716, 35.409217], [136.361235, 35.410502], [136.361993, 35.411299], [136.361871, 35.412721], [136.361617, 35.413603], [136.362941, 35.415394], [136.362624, 35.416551], [136.362218, 35.417201], [136.361632, 35.417854], [136.36103, 35.418203], [136.360874, 35.418707], [136.360277, 35.419401], [136.360216, 35.419855], [136.360371, 35.420562], [136.360261, 35.421425], [136.359853, 35.421668], [136.359123, 35.421864], [136.358941, 35.422409], [136.357958, 35.422934], [136.357616, 35.423368], [136.357144, 35.42447], [136.357112, 35.424787], [136.357331, 35.425476], [136.357137, 35.426334], [136.357209, 35.427169], [136.356543, 35.428664], [136.356136, 35.428987], [136.356265, 35.429346], [136.357008, 35.429785], [136.358709, 35.434319], [136.357887, 35.435245], [136.3577, 35.43569], [136.357008, 35.436262], [136.356465, 35.436992], [136.356141, 35.438437], [136.355061, 35.439115], [136.355132, 35.440189], [136.355029, 35.44045], [136.353386, 35.442398], [136.352843, 35.442722], [136.352487, 35.443765], [136.351762, 35.444316], [136.351438, 35.445269], [136.349666, 35.446852], [136.350785, 35.448324], [136.350766, 35.448742], [136.350184, 35.449801], [136.350449, 35.450771], [136.350423, 35.451204], [136.349641, 35.452247], [136.349201, 35.452438], [136.348903, 35.452767], [136.348825, 35.453438], [136.348197, 35.454631], [136.345901, 35.454964], [136.345752, 35.455578], [136.345422, 35.4558], [136.345352, 35.456022], [136.345616, 35.456896], [136.345557, 35.458109], [136.344304, 35.458278], [136.343987, 35.458733], [136.343184, 35.459358], [136.342932, 35.460787], [136.342563, 35.46136], [136.34323, 35.46283], [136.344089, 35.463998], [136.343467, 35.464692], [136.34249, 35.464714], [136.339496, 35.465503], [136.339244, 35.465941], [136.339224, 35.466862], [136.338578, 35.466999], [136.338111, 35.467396], [136.336916, 35.46738], [136.335944, 35.467693], [136.335297, 35.46808], [136.333656, 35.468371], [136.333079, 35.468747], [136.332711, 35.469398], [136.332982, 35.471003], [136.33372, 35.471564], [136.334069, 35.47195], [136.334191, 35.4724], [136.334483, 35.472645], [136.335435, 35.473053], [136.336268, 35.473587], [136.33707, 35.474572], [136.337626, 35.475546], [136.338009, 35.475758], [136.338396, 35.476632], [136.338099, 35.477368], [136.337206, 35.478761], [136.336895, 35.479682], [136.336035, 35.480344], [136.335607, 35.48144], [136.334806, 35.482509], [136.334748, 35.482923], [136.334728, 35.483663], [136.335, 35.484553], [136.335997, 35.485099], [136.336255, 35.485395], [136.337141, 35.487735], [136.337271, 35.489516], [136.336682, 35.490511], [136.336838, 35.491099], [136.337406, 35.492099], [136.336604, 35.493544], [136.336721, 35.494409], [136.33696, 35.495381], [136.337445, 35.496371], [136.33883, 35.496939], [136.340279, 35.498013], [136.340033, 35.499222], [136.340149, 35.499735], [136.34066, 35.500207], [136.341345, 35.501609], [136.342186, 35.50207], [136.342652, 35.502577], [136.342805, 35.503179], [136.342371, 35.503974], [136.342376, 35.505608], [136.342866, 35.506194], [136.343066, 35.507817], [136.34359, 35.508825], [136.343711, 35.509731], [136.34339, 35.511181], [136.343025, 35.511586], [136.342818, 35.512116], [136.342674, 35.513642], [136.342804, 35.514933], [136.343252, 35.516144], [136.344313, 35.516477], [136.345064, 35.517176], [136.345857, 35.517542], [136.346167, 35.51784], [136.346274, 35.519103], [136.346132, 35.519502], [136.346256, 35.52037], [136.346814, 35.521384], [136.347476, 35.522201], [136.347701, 35.522901], [136.347745, 35.523502], [136.347329, 35.525416], [136.346772, 35.526376], [136.346793, 35.526771], [136.347186, 35.527593], [136.347227, 35.528186], [136.345987, 35.528782], [136.345872, 35.530674], [136.34642, 35.531919], [136.346405, 35.532163], [136.345639, 35.533254], [136.346111, 35.535081], [136.346083, 35.535684], [136.345881, 35.536109], [136.345715, 35.536161], [136.345111, 35.53693], [136.344764, 35.537065], [136.344282, 35.537014], [136.343934, 35.53711], [136.34321, 35.537561], [136.340927, 35.537284], [136.340412, 35.538794], [136.339757, 35.539799], [136.339543, 35.540365], [136.339551, 35.540752], [136.339867, 35.541333], [136.341061, 35.54195], [136.341409, 35.542492], [136.341362, 35.542738], [136.341053, 35.543125], [136.340026, 35.543826], [136.339854, 35.544119], [136.339709, 35.544615], [136.339764, 35.545838], [136.338839, 35.548573], [136.338145, 35.549472], [136.337319, 35.550255], [136.33486, 35.550326], [136.334117, 35.5501], [136.333595, 35.550093], [136.332502, 35.550546], [136.331689, 35.55048], [136.329772, 35.550836], [136.328966, 35.550248], [136.326914, 35.549951], [136.326458, 35.54973], [136.325715, 35.549], [136.325557, 35.548221], [136.325895, 35.547832], [136.325916, 35.54737], [136.325599, 35.545956], [136.324572, 35.545234], [136.323809, 35.545197], [136.323325, 35.545027], [136.322491, 35.544243], [136.322061, 35.544246], [136.321657, 35.544474], [136.320879, 35.545195], [136.319597, 35.546023], [136.319101, 35.546558], [136.317806, 35.547139], [136.317503, 35.547398], [136.317235, 35.548211], [136.316586, 35.549263], [136.316547, 35.549686], [136.316772, 35.550288], [136.316703, 35.55101], [136.31733, 35.552063], [136.317434, 35.552475], [136.317068, 35.554013], [136.317075, 35.554627], [136.31631, 35.555737], [136.316231, 35.556924], [136.316331, 35.557416], [136.317206, 35.558701], [136.317709, 35.560644], [136.317819, 35.561631], [136.318301, 35.562278], [136.318244, 35.562856], [136.318481, 35.563445], [136.31841, 35.563881], [136.318735, 35.564656], [136.318772, 35.565333], [136.319803, 35.566617], [136.321367, 35.568119], [136.321843, 35.568798], [136.32267, 35.569468], [136.32275, 35.570007], [136.322525, 35.570505], [136.322043, 35.570939], [136.321808, 35.571818], [136.322484, 35.573592], [136.323186, 35.574556], [136.323208, 35.574951], [136.322779, 35.576446], [136.322637, 35.577606], [136.322652, 35.57788], [136.323185, 35.578794], [136.3232, 35.579027], [136.322346, 35.580512], [136.322103, 35.581234], [136.322724, 35.582563], [136.322774, 35.583094], [136.324216, 35.583628], [136.324406, 35.583825], [136.324449, 35.584181], [136.324223, 35.585123], [136.323517, 35.585729], [136.323365, 35.586501], [136.322241, 35.587903], [136.322082, 35.589199], [136.322533, 35.590043], [136.32233, 35.590545], [136.322781, 35.593038], [136.322683, 35.593182], [136.321949, 35.593435], [136.321462, 35.593813], [136.32132, 35.595918], [136.321691, 35.598257], [136.321116, 35.598964], [136.320859, 35.599847], [136.320531, 35.600346], [136.320309, 35.601554], [136.3193, 35.602791], [136.31906, 35.603804], [136.318583, 35.604078], [136.318219, 35.604513], [136.316866, 35.605033], [136.316272, 35.605396], [136.315043, 35.605692], [136.314981, 35.60593], [136.315069, 35.606197], [136.315796, 35.606473], [136.316362, 35.607029], [136.317646, 35.607724], [136.319073, 35.609641], [136.319631, 35.610126], [136.320454, 35.610604], [136.320764, 35.611718], [136.321206, 35.612664], [136.322852, 35.614554], [136.323711, 35.616445], [136.322649, 35.617282], [136.321524, 35.61886], [136.320372, 35.61931], [136.320097, 35.619548], [136.318875, 35.621197], [136.317929, 35.621486], [136.316376, 35.621581], [136.31612, 35.621898], [136.315914, 35.622724], [136.31572, 35.622977], [136.315764, 35.623425], [136.31449, 35.623114], [136.312053, 35.622789], [136.311841, 35.622789], [136.310735, 35.623287], [136.310134, 35.623323], [136.306934, 35.622446], [136.306492, 35.622265], [136.305181, 35.621324], [136.305101, 35.621042], [136.305331, 35.620291], [136.305287, 35.620031], [136.304535, 35.619988], [136.303827, 35.620443], [136.303615, 35.620277], [136.303542, 35.619594], [136.303392, 35.619436], [136.301906, 35.619219], [136.30109, 35.618915], [136.298397, 35.617477], [136.298165, 35.617477], [136.296643, 35.618113], [136.294207, 35.617991], [136.291136, 35.619654], [136.290814, 35.61991], [136.290655, 35.620408], [136.290496, 35.620516], [136.288859, 35.620408], [136.288559, 35.620589], [136.28808, 35.621776], [136.287973, 35.62255], [136.287185, 35.624278], [136.287114, 35.62548], [136.287344, 35.6281], [136.28583, 35.629806], [136.283678, 35.631376], [136.283262, 35.633481], [136.282775, 35.634241], [136.279959, 35.636108], [136.279429, 35.636347], [136.279163, 35.636686], [136.278986, 35.638409], [136.27949, 35.638943], [136.279661, 35.639718], [136.280192, 35.640016], [136.281457, 35.640153], [136.282645, 35.641387], [136.282816, 35.641716], [136.28278, 35.642367], [136.283102, 35.643737], [136.28241, 35.645585], [136.281712, 35.646265], [136.281612, 35.64755], [136.281254, 35.647835], [136.280054, 35.648369], [136.279624, 35.648778], [136.279246, 35.649505], [136.277947, 35.650127], [136.276762, 35.651236], [136.276216, 35.652479], [136.276225, 35.653081], [136.276628, 35.6547], [136.277148, 35.65557], [136.279817, 35.658275], [136.280741, 35.658631]]]}}, {"type": "Feature", "properties": {"pref_code": "25", "pref_name": "滋賀県", "municipality_code": "25204", "municipality_name": "近江八幡市", "ward_name": "", "display_name": "近江八幡市", "geometry_key": "25204"}, "geometry": {"type": "Polygon", "coordinates": [[[136.145767, 35.076446], [136.146012, 35.076797], [136.145307, 35.077797], [136.143616, 35.078861], [136.143079, 35.079516], [136.142569, 35.079587], [136.141806, 35.079927], [136.141022, 35.080544], [136.140652, 35.081041], [136.140513, 35.081526], [136.140672, 35.082015], [136.140154, 35.082878], [136.140557, 35.083591], [136.1405, 35.084301], [136.140802, 35.085152], [136.140385, 35.085484], [136.140236, 35.085941], [136.139409, 35.086883], [136.138245, 35.087242], [136.13712, 35.087347], [136.135852, 35.087698], [136.135475, 35.087912], [136.13506, 35.088353], [136.134248, 35.088826], [136.13381, 35.089254], [136.13366, 35.089477], [136.133571, 35.090413], [136.132662, 35.090846], [136.131809, 35.091779], [136.130857, 35.092402], [136.130325, 35.092534], [136.12794, 35.094212], [136.126535, 35.094774], [136.125508, 35.095747], [136.126102, 35.097468], [136.126752, 35.097644], [136.127284, 35.097599], [136.127374, 35.097795], [136.127218, 35.098336], [136.126597, 35.099438], [136.125876, 35.099929], [136.125798, 35.100098], [136.12545, 35.101383], [136.125564, 35.102645], [136.125714, 35.102736], [136.126069, 35.102636], [136.126958, 35.102837], [136.127463, 35.103197], [136.128182, 35.103994], [136.129648, 35.104984], [136.131613, 35.104977], [136.132185, 35.105662], [136.133063, 35.105802], [136.133435, 35.105766], [136.133722, 35.105292], [136.134611, 35.104982], [136.136322, 35.105264], [136.137725, 35.104756], [136.138834, 35.10501], [136.139973, 35.104695], [136.140916, 35.105391], [136.139624, 35.109731], [136.140468, 35.110096], [136.140585, 35.10999], [136.141013, 35.11015], [136.14133, 35.109844], [136.141609, 35.109977], [136.141932, 35.109515], [136.143815, 35.110218], [136.144082, 35.10983], [136.144405, 35.109935], [136.144797, 35.109381], [136.146267, 35.110085], [136.146056, 35.110475], [136.146039, 35.110846], [136.146836, 35.111992], [136.147548, 35.111526], [136.14996, 35.110394], [136.149915, 35.110092], [136.150967, 35.10872], [136.151749, 35.108399], [136.153062, 35.108619], [136.153591, 35.108388], [136.153456, 35.108167], [136.153051, 35.108287], [136.152837, 35.107964], [136.154469, 35.107409], [136.155009, 35.107474], [136.155571, 35.108702], [136.156354, 35.107664], [136.157511, 35.10734], [136.158355, 35.107297], [136.159116, 35.106801], [136.159984, 35.106697], [136.163197, 35.104916], [136.163691, 35.105104], [136.163996, 35.105379], [136.164128, 35.105771], [136.163712, 35.107906], [136.163759, 35.108547], [136.164681, 35.109698], [136.166334, 35.110119], [136.168036, 35.109874], [136.169147, 35.110465], [136.169527, 35.110554], [136.169846, 35.110892], [136.169696, 35.111975], [136.169097, 35.112748], [136.168682, 35.114521], [136.169242, 35.116125], [136.169699, 35.11697], [136.169762, 35.117896], [136.169913, 35.118191], [136.171277, 35.118969], [136.171846, 35.119117], [136.173378, 35.119815], [136.174399, 35.121069], [136.175566, 35.122161], [136.176168, 35.123082], [136.176549, 35.123301], [136.177652, 35.123619], [136.179993, 35.124637], [136.180352, 35.124694], [136.181081, 35.124471], [136.182184, 35.124705], [136.182989, 35.12559], [136.182833, 35.127089], [136.181936, 35.128779], [136.18101, 35.12866], [136.179003, 35.128948], [136.178766, 35.129267], [136.178418, 35.129452], [136.177047, 35.129903], [136.175799, 35.13053], [136.174842, 35.131873], [136.174281, 35.132101], [136.174038, 35.132477], [136.173737, 35.132643], [136.173447, 35.133506], [136.173047, 35.133991], [136.172671, 35.134138], [136.172098, 35.134167], [136.171913, 35.134775], [136.172468, 35.136106], [136.172821, 35.136414], [136.172752, 35.137398], [136.17327, 35.137751], [136.172447, 35.138588], [136.171717, 35.138793], [136.171502, 35.139347], [136.171455, 35.14009], [136.171803, 35.141036], [136.171676, 35.141335], [136.170992, 35.141816], [136.170016, 35.142257], [136.169072, 35.143014], [136.16877, 35.143746], [136.168277, 35.14425], [136.167026, 35.144649], [136.166609, 35.145035], [136.165626, 35.14484], [136.165006, 35.144902], [136.164629, 35.145007], [136.16405, 35.145397], [136.163088, 35.145406], [136.162042, 35.145741], [136.159634, 35.14717], [136.159454, 35.147391], [136.159391, 35.148764], [136.159136, 35.149145], [136.158255, 35.149378], [136.156604, 35.14953], [136.154143, 35.151804], [136.153226, 35.152368], [136.151929, 35.152934], [136.151552, 35.153058], [136.150858, 35.153002], [136.149914, 35.153211], [136.149138, 35.153101], [136.148043, 35.153434], [136.147481, 35.153472], [136.14658, 35.153339], [136.146273, 35.153411], [136.145182, 35.15375], [136.143872, 35.154406], [136.142554, 35.154627], [136.141499, 35.155003], [136.140577, 35.155114], [136.139379, 35.155997], [136.139895, 35.156464], [136.13964, 35.157962], [136.139646, 35.158922], [136.139843, 35.160155], [136.140041, 35.16045], [136.140011, 35.160783], [136.138543, 35.162474], [136.137737, 35.162883], [136.137463, 35.163463], [136.13697, 35.163815], [136.136541, 35.164758], [136.135646, 35.165519], [136.130463, 35.171879], [136.133387, 35.173178], [136.1357, 35.173663], [136.135126, 35.175722], [136.131755, 35.175168], [136.129745, 35.183254], [136.12462, 35.182427], [136.123394, 35.187028], [136.112434, 35.185169], [136.111304, 35.189851], [136.105895, 35.18896], [136.104098, 35.196132], [136.09996, 35.195437], [136.099589, 35.19665], [136.098157, 35.196426], [136.098072, 35.196875], [136.098203, 35.196978], [136.100743, 35.197631], [136.101873, 35.198854], [136.101286, 35.201211], [136.099004, 35.208158], [136.099535, 35.20972], [136.09054, 35.221662], [136.085233, 35.251843], [136.0837, 35.258851], [136.078913, 35.260875], [136.07118, 35.259499], [136.026869, 35.239294], [136.016299, 35.231279], [136.010823, 35.224862], [135.995847, 35.190207], [136.001069, 35.186178], [136.003639, 35.154608], [136.007979, 35.140902], [136.013729, 35.137876], [136.015872, 35.137194], [136.016152, 35.137479], [136.017127, 35.136863], [136.018114, 35.137842], [136.019765, 35.136806], [136.020603, 35.13763], [136.022641, 35.136332], [136.023324, 35.136983], [136.024959, 35.1359], [136.026256, 35.133642], [136.026501, 35.132847], [136.026452, 35.132073], [136.025674, 35.131292], [136.027077, 35.130387], [136.028539, 35.130974], [136.028736, 35.130681], [136.028649, 35.130438], [136.028884, 35.130332], [136.02899, 35.130506], [136.029441, 35.130337], [136.029347, 35.130086], [136.029782, 35.130432], [136.030567, 35.129975], [136.028848, 35.128373], [136.028388, 35.127615], [136.028378, 35.127196], [136.028761, 35.126876], [136.031598, 35.126012], [136.032167, 35.125447], [136.032222, 35.124624], [136.031082, 35.123024], [136.030618, 35.122094], [136.030585, 35.120775], [136.030755, 35.119761], [136.031402, 35.117904], [136.032864, 35.115017], [136.033237, 35.114417], [136.033732, 35.113977], [136.034345, 35.113649], [136.03581, 35.113212], [136.036856, 35.112764], [136.038005, 35.112127], [136.040684, 35.110155], [136.041866, 35.109714], [136.042796, 35.109743], [136.045985, 35.110636], [136.047352, 35.110708], [136.048711, 35.110385], [136.050435, 35.109419], [136.053598, 35.107903], [136.055557, 35.106477], [136.056715, 35.105789], [136.057263, 35.105643], [136.060231, 35.1055], [136.062871, 35.10497], [136.064244, 35.104959], [136.064961, 35.105196], [136.066545, 35.106312], [136.068142, 35.104166], [136.068628, 35.103051], [136.069716, 35.101266], [136.069367, 35.099683], [136.06962, 35.099431], [136.069573, 35.098756], [136.070184, 35.097926], [136.07093, 35.097404], [136.07184, 35.097537], [136.072184, 35.097096], [136.072383, 35.096466], [136.073221, 35.095775], [136.073037, 35.095516], [136.077017, 35.092395], [136.077955, 35.092019], [136.078128, 35.093163], [136.078769, 35.093084], [136.078979, 35.093205], [136.079527, 35.092742], [136.079736, 35.092921], [136.08058, 35.092282], [136.08112, 35.092704], [136.081619, 35.092327], [136.082804, 35.093368], [136.083217, 35.093009], [136.083649, 35.093422], [136.083959, 35.094406], [136.08445, 35.094989], [136.086371, 35.095219], [136.087087, 35.096493], [136.087189, 35.097174], [136.091014, 35.097009], [136.092594, 35.096579], [136.093762, 35.0964], [136.09828, 35.097161], [136.099037, 35.096962], [136.100093, 35.096129], [136.101912, 35.091256], [136.102895, 35.089284], [136.103375, 35.088812], [136.104301, 35.088832], [136.104992, 35.089142], [136.105827, 35.089749], [136.106133, 35.090137], [136.107087, 35.091825], [136.107683, 35.092149], [136.108517, 35.092318], [136.109364, 35.092132], [136.110213, 35.091561], [136.113289, 35.088918], [136.114413, 35.087582], [136.114992, 35.08739], [136.115758, 35.087592], [136.116365, 35.087932], [136.11753, 35.089747], [136.118912, 35.091204], [136.120151, 35.091746], [136.121191, 35.091846], [136.122126, 35.091787], [136.122646, 35.091604], [136.124304, 35.090293], [136.125794, 35.089379], [136.126886, 35.088285], [136.128725, 35.086986], [136.129047, 35.086214], [136.129069, 35.085516], [136.129482, 35.084947], [136.131079, 35.084319], [136.133313, 35.08457], [136.1339, 35.084515], [136.134582, 35.084046], [136.135096, 35.0825], [136.135082, 35.081956], [136.13489, 35.081543], [136.133988, 35.080707], [136.133507, 35.079685], [136.133449, 35.07845], [136.134078, 35.076825], [136.135995, 35.074846], [136.137069, 35.074341], [136.138727, 35.073929], [136.139547, 35.074107], [136.140697, 35.074553], [136.142512, 35.075758], [136.143634, 35.075947], [136.14452, 35.076352], [136.145767, 35.076446]]]}}, {"type": "Feature", "properties": {"pref_code": "25", "pref_name": "滋賀県", "municipality_code": "25206", "municipality_name": "草津市", "ward_name": "", "display_name": "草津市", "geometry_key": "25206"}, "geometry": {"type": "Polygon", "coordinates": [[[135.962836, 35.050685], [135.964517, 35.053114], [135.964174, 35.053563], [135.964375, 35.053758], [135.964066, 35.054026], [135.964379, 35.054663], [135.964292, 35.05483], [135.964079, 35.054865], [135.963734, 35.054625], [135.963358, 35.054659], [135.962755, 35.054433], [135.961647, 35.055098], [135.960576, 35.056044], [135.960274, 35.056568], [135.96014, 35.057149], [135.960291, 35.057745], [135.960834, 35.058606], [135.960753, 35.058926], [135.959332, 35.059694], [135.958361, 35.059928], [135.957843, 35.060464], [135.957684, 35.060774], [135.9577, 35.061106], [135.95755, 35.06125], [135.956947, 35.061163], [135.955905, 35.060286], [135.955093, 35.060317], [135.954098, 35.060586], [135.952139, 35.061429], [135.951629, 35.061539], [135.951051, 35.061354], [135.95013, 35.06154], [135.948302, 35.063167], [135.948122, 35.063677], [135.948072, 35.064638], [135.94749, 35.066446], [135.947382, 35.067729], [135.947582, 35.068254], [135.947549, 35.068549], [135.945531, 35.072861], [135.944364, 35.074142], [135.944774, 35.077549], [135.940881, 35.080841], [135.923241, 35.088122], [135.914686, 35.079441], [135.91148, 35.069737], [135.907448, 35.064098], [135.906316, 35.063118], [135.89813, 35.052689], [135.892177, 35.044611], [135.887955, 35.035325], [135.88785, 35.032442], [135.891174, 35.023474], [135.893719, 35.022442], [135.89819, 35.012474], [135.901281, 35.002446], [135.900617, 34.997392], [135.902907, 34.992353], [135.908774, 34.995393], [135.909628, 34.995363], [135.915036, 34.995973], [135.915943, 34.996373], [135.91716, 34.996296], [135.918347, 34.995704], [135.918921, 34.996319], [135.919987, 34.995765], [135.920192, 34.996072], [135.921436, 34.995434], [135.921691, 34.995779], [135.925076, 34.994825], [135.925197, 34.994979], [135.92651, 34.994671], [135.926801, 34.995148], [135.927006, 34.995148], [135.928829, 34.994686], [135.929887, 34.994202], [135.930196, 34.994679], [135.929326, 34.995317], [135.92913, 34.995658], [135.92913, 34.995951], [135.929616, 34.996312], [135.93027, 34.996389], [135.932982, 34.995487], [135.935476, 34.994044], [135.938778, 34.992927], [135.93979, 34.992416], [135.940612, 34.991239], [135.941259, 34.991053], [135.941512, 34.990799], [135.941119, 34.990106], [135.939807, 34.98888], [135.939713, 34.988526], [135.941466, 34.987823], [135.942195, 34.986999], [135.943075, 34.986419], [135.943627, 34.985534], [135.94387, 34.984031], [135.944871, 34.982636], [135.945478, 34.982305], [135.946548, 34.981016], [135.947306, 34.979621], [135.947278, 34.978913], [135.94919, 34.975115], [135.949061, 34.974759], [135.94938, 34.973097], [135.950109, 34.972178], [135.951453, 34.971865], [135.952515, 34.971896], [135.952954, 34.972221], [135.95341, 34.97174], [135.953599, 34.971696], [135.954984, 34.973802], [135.956364, 34.973372], [135.957498, 34.972759], [135.95831, 34.97251], [135.959562, 34.972535], [135.959987, 34.972316], [135.960496, 34.973006], [135.960382, 34.973555], [135.960609, 34.97383], [135.96061, 34.973944], [135.960087, 34.974318], [135.960102, 34.974631], [135.960755, 34.975019], [135.961187, 34.975518], [135.962052, 34.975562], [135.96273, 34.976394], [135.963693, 34.976238], [135.96519, 34.975745], [135.965418, 34.975776], [135.96582, 34.976182], [135.9668, 34.976232], [135.967672, 34.976744], [135.969022, 34.976638], [135.969114, 34.977431], [135.9689, 34.977845], [135.96862, 34.978045], [135.968127, 34.977751], [135.967573, 34.97772], [135.967118, 34.977502], [135.965765, 34.977521], [135.965954, 34.978703], [135.966281, 34.979327], [135.965764, 34.980027], [135.965772, 34.980233], [135.966207, 34.981029], [135.967209, 34.981929], [135.966988, 34.983097], [135.97234, 34.984327], [135.973395, 34.98602], [135.973684, 34.985843], [135.973692, 34.984959], [135.973896, 34.984654], [135.974308, 34.985009], [135.976248, 34.984917], [135.976254, 34.983651], [135.976908, 34.983628], [135.977453, 34.984207], [135.977954, 34.984117], [135.978361, 34.983858], [135.977979, 34.983089], [135.976188, 34.982095], [135.976086, 34.981899], [135.976256, 34.98155], [135.977266, 34.981591], [135.977834, 34.981221], [135.977791, 34.979845], [135.977095, 34.979531], [135.977095, 34.979426], [135.977562, 34.979077], [135.97819, 34.978972], [135.978466, 34.978713], [135.978779, 34.978671], [135.979458, 34.979181], [135.9812, 34.97955], [135.981793, 34.979529], [135.982514, 34.979251], [135.983032, 34.979696], [135.983397, 34.979745], [135.983821, 34.979417], [135.983626, 34.979047], [135.983685, 34.978524], [135.984679, 34.978717], [135.985755, 34.978179], [135.986471, 34.978204], [135.987323, 34.978057], [135.988008, 34.978355], [135.988408, 34.978875], [135.988524, 34.979629], [135.988397, 34.980114], [135.989413, 34.979997], [135.989159, 34.981086], [135.989398, 34.981843], [135.989975, 34.982552], [135.991283, 34.982932], [135.991406, 34.983143], [135.991275, 34.985024], [135.989382, 34.987164], [135.989436, 34.988059], [135.990028, 34.988629], [135.990267, 34.989105], [135.990315, 34.990513], [135.990585, 34.991463], [135.990907, 34.991824], [135.991123, 34.991824], [135.992216, 34.989911], [135.992764, 34.990005], [135.993533, 34.989879], [135.994341, 34.988815], [135.995436, 34.988815], [135.995936, 34.98896], [135.99626, 34.989277], [135.996474, 34.991218], [135.996467, 34.991567], [135.996205, 34.992169], [135.996321, 34.992866], [135.997141, 34.99381], [135.997406, 34.994802], [135.999185, 34.996908], [135.999251, 34.997164], [135.998608, 34.997267], [135.997944, 34.997614], [135.997885, 34.998424], [135.997301, 34.999586], [135.997197, 34.999611], [135.996807, 34.999261], [135.996102, 34.999826], [135.995165, 35.001534], [135.994734, 35.001434], [135.994274, 35.001478], [135.994079, 35.001642], [135.993832, 35.002446], [135.993627, 35.002702], [135.993271, 35.002877], [135.992628, 35.002892], [135.992008, 35.003325], [135.991927, 35.003614], [135.992119, 35.004529], [135.991936, 35.005502], [135.991283, 35.006498], [135.990658, 35.006972], [135.990144, 35.007979], [135.988472, 35.008577], [135.98773, 35.00907], [135.986182, 35.009713], [135.985661, 35.009333], [135.984985, 35.009682], [135.98466, 35.009497], [135.984066, 35.009866], [135.983439, 35.00929], [135.983208, 35.009466], [135.982474, 35.008883], [135.981404, 35.009911], [135.979108, 35.011292], [135.975873, 35.012423], [135.974277, 35.013432], [135.97219, 35.014393], [135.970469, 35.015586], [135.97103, 35.016512], [135.972561, 35.018351], [135.969694, 35.019771], [135.970114, 35.020288], [135.97016, 35.020738], [135.968419, 35.02182], [135.970154, 35.023916], [135.96849, 35.024824], [135.969183, 35.025536], [135.968916, 35.025696], [135.971803, 35.029455], [135.970545, 35.030215], [135.97138, 35.030853], [135.972492, 35.031373], [135.968126, 35.033763], [135.967729, 35.033712], [135.965923, 35.034676], [135.962273, 35.036694], [135.961037, 35.037524], [135.961014, 35.037664], [135.96501, 35.042608], [135.960499, 35.044866], [135.959806, 35.045347], [135.959234, 35.045406], [135.958662, 35.045848], [135.958936, 35.046281], [135.95865, 35.046517], [135.958841, 35.046752], [135.958471, 35.047252], [135.959957, 35.049124], [135.961115, 35.048584], [135.962836, 35.050685]]]}}, {"type": "Feature", "properties": {"pref_code": "25", "pref_name": "滋賀県", "municipality_code": "25207", "municipality_name": "守山市", "ward_name": "", "display_name": "守山市", "geometry_key": "25207"}, "geometry": {"type": "Polygon", "coordinates": [[[136.015963, 35.050671], [136.013585, 35.053596], [136.007718, 35.05929], [136.004316, 35.058656], [136.003997, 35.059165], [136.003443, 35.059165], [135.996754, 35.063144], [135.997235, 35.063646], [135.997139, 35.064092], [135.996667, 35.064411], [135.997139, 35.065222], [135.998141, 35.064651], [136.001286, 35.068504], [136.001866, 35.06905], [136.003903, 35.069619], [136.006864, 35.070041], [136.007167, 35.070213], [136.009723, 35.075937], [136.010199, 35.077428], [136.010166, 35.079171], [136.010732, 35.085769], [136.00953, 35.086554], [136.00833, 35.087124], [136.006285, 35.087571], [136.005362, 35.087954], [136.004553, 35.088461], [136.003273, 35.089931], [136.002487, 35.089998], [136.001602, 35.090398], [136.002419, 35.091814], [136.002603, 35.091959], [136.003177, 35.092013], [136.003677, 35.093612], [136.003949, 35.094061], [136.003776, 35.094268], [136.003753, 35.095542], [136.00349, 35.097449], [136.003739, 35.097752], [136.003614, 35.098185], [136.003674, 35.098559], [136.004076, 35.099662], [136.003822, 35.099878], [136.004007, 35.100507], [136.004021, 35.101196], [136.003896, 35.102234], [136.003569, 35.103284], [136.002628, 35.104437], [136.000132, 35.106409], [135.99974, 35.107237], [135.999482, 35.108416], [135.999164, 35.108652], [135.999045, 35.109696], [135.998487, 35.110466], [135.997992, 35.110751], [135.997385, 35.110989], [135.996282, 35.110816], [135.995454, 35.110409], [135.994416, 35.109591], [135.993538, 35.109107], [135.992546, 35.109051], [135.991895, 35.109555], [135.991711, 35.11028], [135.99181, 35.111032], [135.992077, 35.111059], [135.992219, 35.111384], [135.99385, 35.113296], [135.99403, 35.115888], [135.993716, 35.117479], [135.992346, 35.117283], [135.991926, 35.117619], [135.98967, 35.118511], [135.989822, 35.119032], [135.989158, 35.119189], [135.989224, 35.119334], [135.98858, 35.119418], [135.988583, 35.120191], [135.984993, 35.12018], [135.984987, 35.122121], [135.981891, 35.122143], [135.981883, 35.122709], [135.981342, 35.122781], [135.967594, 35.130869], [135.959311, 35.147213], [135.940255, 35.137524], [135.938436, 35.126196], [135.935191, 35.121183], [135.935581, 35.115521], [135.931394, 35.109457], [135.923241, 35.088122], [135.940881, 35.080841], [135.944774, 35.077549], [135.944364, 35.074142], [135.945531, 35.072861], [135.947549, 35.068549], [135.947582, 35.068254], [135.947382, 35.067729], [135.94749, 35.066446], [135.948072, 35.064638], [135.948122, 35.063677], [135.948302, 35.063167], [135.95013, 35.06154], [135.951051, 35.061354], [135.951629, 35.061539], [135.952139, 35.061429], [135.954098, 35.060586], [135.955093, 35.060317], [135.955905, 35.060286], [135.956947, 35.061163], [135.95755, 35.06125], [135.9577, 35.061106], [135.957684, 35.060774], [135.957843, 35.060464], [135.958361, 35.059928], [135.959332, 35.059694], [135.960753, 35.058926], [135.960834, 35.058606], [135.960291, 35.057745], [135.96014, 35.057149], [135.960274, 35.056568], [135.960576, 35.056044], [135.961647, 35.055098], [135.962755, 35.054433], [135.963358, 35.054659], [135.963734, 35.054625], [135.964079, 35.054865], [135.964292, 35.05483], [135.964379, 35.054663], [135.964066, 35.054026], [135.964375, 35.053758], [135.964174, 35.053563], [135.964517, 35.053114], [135.962836, 35.050685], [135.974812, 35.044478], [135.976025, 35.046017], [135.976911, 35.04555], [135.982182, 35.042589], [135.981169, 35.041253], [135.982616, 35.040556], [135.982323, 35.040226], [135.986034, 35.038033], [135.986741, 35.037878], [135.988135, 35.039671], [135.990352, 35.038549], [135.99324, 35.036876], [135.993834, 35.037447], [135.994921, 35.036892], [135.996202, 35.038514], [135.997396, 35.03799], [135.99809, 35.039068], [135.997336, 35.039564], [136.000386, 35.043358], [136.003487, 35.047652], [136.003714, 35.047807], [136.004603, 35.047659], [136.004967, 35.047838], [136.007154, 35.049904], [136.00736, 35.049864], [136.007715, 35.049381], [136.008411, 35.048917], [136.009064, 35.048867], [136.010642, 35.048475], [136.01101, 35.048172], [136.011227, 35.047618], [136.011475, 35.047603], [136.015963, 35.050671]]]}}, {"type": "Feature", "properties": {"pref_code": "25", "pref_name": "滋賀県", "municipality_code": "25208", "municipality_name": "栗東市", "ward_name": "", "display_name": "栗東市", "geometry_key": "25208"}, "geometry": {"type": "Polygon", "coordinates": [[[136.015963, 35.050671], [136.011475, 35.047603], [136.011227, 35.047618], [136.01101, 35.048172], [136.010642, 35.048475], [136.009064, 35.048867], [136.008411, 35.048917], [136.007715, 35.049381], [136.00736, 35.049864], [136.007154, 35.049904], [136.004967, 35.047838], [136.004603, 35.047659], [136.003714, 35.047807], [136.003487, 35.047652], [136.000386, 35.043358], [135.997336, 35.039564], [135.99809, 35.039068], [135.997396, 35.03799], [135.996202, 35.038514], [135.994921, 35.036892], [135.993834, 35.037447], [135.99324, 35.036876], [135.990352, 35.038549], [135.988135, 35.039671], [135.986741, 35.037878], [135.986034, 35.038033], [135.982323, 35.040226], [135.982616, 35.040556], [135.981169, 35.041253], [135.982182, 35.042589], [135.976911, 35.04555], [135.976025, 35.046017], [135.974812, 35.044478], [135.962836, 35.050685], [135.961115, 35.048584], [135.959957, 35.049124], [135.958471, 35.047252], [135.958841, 35.046752], [135.95865, 35.046517], [135.958936, 35.046281], [135.958662, 35.045848], [135.959234, 35.045406], [135.959806, 35.045347], [135.960499, 35.044866], [135.96501, 35.042608], [135.961014, 35.037664], [135.961037, 35.037524], [135.962273, 35.036694], [135.965923, 35.034676], [135.967729, 35.033712], [135.968126, 35.033763], [135.972492, 35.031373], [135.97138, 35.030853], [135.970545, 35.030215], [135.971803, 35.029455], [135.968916, 35.025696], [135.969183, 35.025536], [135.96849, 35.024824], [135.970154, 35.023916], [135.968419, 35.02182], [135.97016, 35.020738], [135.970114, 35.020288], [135.969694, 35.019771], [135.972561, 35.018351], [135.97103, 35.016512], [135.970469, 35.015586], [135.97219, 35.014393], [135.974277, 35.013432], [135.975873, 35.012423], [135.979108, 35.011292], [135.981404, 35.009911], [135.982474, 35.008883], [135.983208, 35.009466], [135.983439, 35.00929], [135.984066, 35.009866], [135.98466, 35.009497], [135.984985, 35.009682], [135.985661, 35.009333], [135.986182, 35.009713], [135.98773, 35.00907], [135.988472, 35.008577], [135.990144, 35.007979], [135.990658, 35.006972], [135.991283, 35.006498], [135.991936, 35.005502], [135.992119, 35.004529], [135.991927, 35.003614], [135.992008, 35.003325], [135.992628, 35.002892], [135.993271, 35.002877], [135.993627, 35.002702], [135.993832, 35.002446], [135.994079, 35.001642], [135.994274, 35.001478], [135.994734, 35.001434], [135.995165, 35.001534], [135.996102, 34.999826], [135.996807, 34.999261], [135.997197, 34.999611], [135.997301, 34.999586], [135.997885, 34.998424], [135.997944, 34.997614], [135.998608, 34.997267], [135.999251, 34.997164], [135.999185, 34.996908], [135.997406, 34.994802], [135.997141, 34.99381], [135.996321, 34.992866], [135.996205, 34.992169], [135.996467, 34.991567], [135.996474, 34.991218], [135.99626, 34.989277], [135.995936, 34.98896], [135.995436, 34.988815], [135.994341, 34.988815], [135.993533, 34.989879], [135.992764, 34.990005], [135.992216, 34.989911], [135.991123, 34.991824], [135.990907, 34.991824], [135.990585, 34.991463], [135.990315, 34.990513], [135.990267, 34.989105], [135.990028, 34.988629], [135.989436, 34.988059], [135.989382, 34.987164], [135.991275, 34.985024], [135.991406, 34.983143], [135.991283, 34.982932], [135.989975, 34.982552], [135.989398, 34.981843], [135.989159, 34.981086], [135.989413, 34.979997], [135.991437, 34.980236], [135.991944, 34.98035], [135.99276, 34.980882], [135.993876, 34.98099], [135.993984, 34.980635], [135.992901, 34.978694], [135.993086, 34.97839], [135.99414, 34.978346], [135.99454, 34.978232], [135.995001, 34.977877], [135.996728, 34.977903], [135.998184, 34.977408], [135.998835, 34.976889], [136.000457, 34.977645], [136.001195, 34.978331], [136.002286, 34.978702], [136.003161, 34.979651], [136.003854, 34.980063], [136.004293, 34.980092], [136.004944, 34.979873], [136.005541, 34.979837], [136.005669, 34.979679], [136.005627, 34.979281], [136.006022, 34.978974], [136.006975, 34.978895], [136.00801, 34.978439], [136.008342, 34.977441], [136.008908, 34.976791], [136.009302, 34.976071], [136.010252, 34.975544], [136.010809, 34.974072], [136.010862, 34.97322], [136.011343, 34.97241], [136.011151, 34.971353], [136.010628, 34.970651], [136.010639, 34.970387], [136.010692, 34.970291], [136.011471, 34.970124], [136.011567, 34.969199], [136.012079, 34.968918], [136.01272, 34.967695], [136.012817, 34.967166], [136.0135, 34.966815], [136.013949, 34.966057], [136.013469, 34.965047], [136.014034, 34.964201], [136.013778, 34.96311], [136.013992, 34.962609], [136.013885, 34.962495], [136.013352, 34.962504], [136.012465, 34.962239], [136.011836, 34.962573], [136.009304, 34.963065], [136.008696, 34.962459], [136.007894, 34.962626], [136.007445, 34.962539], [136.006825, 34.962072], [136.006174, 34.96187], [136.006121, 34.96151], [136.005764, 34.961237], [136.004505, 34.960961], [136.003717, 34.961073], [136.002301, 34.961021], [136.001694, 34.960871], [136.00115, 34.961013], [136.001024, 34.960864], [136.001022, 34.959758], [136.001439, 34.959505], [136.002255, 34.958107], [136.003569, 34.9568], [136.004395, 34.956389], [136.006145, 34.955836], [136.006498, 34.955561], [136.010217, 34.954469], [136.010235, 34.953917], [136.011324, 34.951817], [136.011406, 34.951131], [136.012393, 34.950212], [136.013029, 34.949367], [136.013719, 34.949044], [136.014398, 34.948068], [136.014416, 34.947029], [136.01487, 34.946319], [136.014516, 34.945789], [136.015759, 34.945832], [136.01646, 34.944986], [136.016548, 34.944601], [136.016149, 34.943524], [136.016204, 34.943137], [136.016476, 34.943159], [136.017091, 34.943853], [136.017662, 34.943651], [136.018127, 34.943823], [136.018407, 34.944092], [136.018679, 34.944129], [136.01906, 34.943905], [136.019051, 34.943562], [136.019159, 34.943525], [136.019658, 34.943883], [136.019922, 34.943921], [136.020512, 34.943622], [136.020784, 34.943159], [136.021083, 34.943047], [136.02355, 34.942547], [136.023785, 34.942651], [136.024588, 34.94233], [136.02469, 34.942128], [136.025041, 34.941957], [136.025956, 34.941805], [136.027011, 34.940904], [136.027774, 34.939952], [136.028504, 34.9403], [136.028591, 34.940523], [136.028891, 34.940682], [136.029045, 34.940618], [136.029253, 34.940213], [136.030084, 34.939724], [136.030596, 34.940253], [136.031136, 34.940011], [136.031548, 34.940102], [136.032049, 34.940502], [136.032277, 34.941025], [136.032652, 34.941353], [136.033774, 34.941432], [136.03412, 34.942576], [136.034655, 34.94328], [136.03517, 34.943542], [136.036032, 34.94365], [136.037683, 34.943026], [136.038436, 34.943226], [136.039017, 34.94355], [136.039148, 34.944182], [136.040282, 34.944994], [136.040385, 34.945195], [136.040423, 34.94586], [136.039692, 34.946951], [136.03958, 34.947413], [136.039458, 34.94841], [136.039702, 34.949074], [136.039484, 34.949569], [136.040658, 34.951122], [136.040406, 34.951772], [136.04108, 34.952846], [136.041211, 34.953301], [136.040818, 34.95419], [136.040003, 34.954869], [136.039796, 34.955528], [136.040002, 34.956229], [136.040668, 34.957249], [136.039919, 34.957651], [136.039684, 34.95796], [136.039825, 34.958099], [136.040078, 34.958099], [136.04079, 34.957821], [136.040977, 34.95786], [136.040912, 34.958315], [136.040134, 34.958438], [136.039974, 34.958679], [136.040124, 34.958826], [136.040902, 34.958741], [136.040827, 34.959806], [136.041474, 34.961212], [136.042111, 34.961005], [136.042636, 34.961245], [136.042889, 34.961184], [136.042847, 34.960767], [136.043101, 34.960341], [136.042868, 34.959834], [136.042192, 34.959668], [136.041705, 34.95891], [136.041621, 34.95851], [136.042138, 34.958362], [136.042233, 34.958154], [136.041588, 34.957604], [136.041292, 34.957149], [136.041102, 34.956496], [136.041286, 34.95623], [136.042272, 34.956409], [136.042469, 34.956172], [136.041706, 34.956025], [136.041599, 34.955818], [136.041813, 34.955648], [136.041714, 34.955419], [136.041068, 34.955766], [136.040754, 34.955581], [136.04079, 34.955255], [136.041274, 34.954782], [136.041786, 34.954472], [136.042073, 34.954731], [136.042181, 34.954686], [136.041723, 34.953835], [136.042037, 34.953747], [136.041777, 34.953472], [136.041867, 34.953096], [136.041571, 34.952732], [136.041427, 34.952186], [136.041005, 34.95189], [136.041337, 34.951402], [136.041319, 34.951133], [136.040098, 34.94964], [136.040296, 34.949084], [136.040089, 34.948557], [136.040147, 34.947355], [136.040325, 34.946879], [136.040797, 34.94648], [136.041074, 34.945271], [136.043063, 34.94527], [136.044264, 34.945506], [136.045116, 34.946329], [136.046178, 34.946399], [136.045881, 34.948326], [136.045562, 34.949193], [136.045084, 34.949674], [136.045095, 34.95021], [136.045329, 34.950656], [136.046127, 34.950964], [136.047296, 34.952048], [136.047243, 34.952514], [136.046935, 34.952942], [136.046935, 34.953373], [136.04719, 34.954029], [136.047615, 34.954536], [136.047685, 34.954944], [136.048997, 34.956809], [136.04883, 34.958366], [136.049494, 34.959018], [136.050094, 34.959361], [136.050575, 34.959941], [136.051527, 34.960515], [136.053512, 34.960713], [136.055121, 34.960444], [136.056859, 34.961649], [136.057563, 34.961735], [136.05798, 34.96192], [136.058084, 34.962104], [136.057892, 34.962677], [136.058228, 34.963132], [136.060733, 34.963917], [136.061239, 34.96417], [136.060862, 34.964899], [136.061157, 34.965788], [136.061025, 34.966487], [136.060533, 34.966796], [136.059703, 34.966929], [136.059402, 34.967504], [136.058513, 34.967825], [136.057494, 34.969425], [136.056472, 34.970457], [136.056129, 34.970612], [136.055788, 34.971528], [136.054106, 34.973357], [136.053366, 34.973756], [136.053043, 34.97411], [136.052969, 34.974314], [136.053283, 34.974767], [136.053059, 34.975325], [136.053117, 34.976143], [136.05236, 34.976643], [136.051123, 34.976683], [136.050554, 34.976903], [136.050252, 34.978101], [136.049067, 34.980138], [136.04812, 34.980623], [136.046224, 34.981327], [136.045643, 34.982108], [136.045369, 34.982923], [136.04479, 34.983929], [136.044506, 34.984858], [136.044085, 34.98504], [136.043159, 34.984789], [136.042822, 34.984841], [136.042443, 34.98562], [136.042442, 34.986202], [136.042894, 34.986514], [136.042621, 34.987487], [136.042747, 34.987894], [136.043462, 34.988439], [136.043863, 34.988953], [136.044147, 34.989663], [136.044779, 34.990654], [136.044706, 34.991364], [136.044327, 34.991727], [136.044337, 34.992093], [136.045137, 34.992734], [136.045359, 34.993387], [136.04589, 34.994172], [136.045929, 34.994628], [136.046405, 34.99491], [136.046263, 34.995223], [136.046326, 34.995581], [136.045328, 34.996515], [136.044495, 34.996614], [136.043664, 34.99649], [136.042688, 34.996653], [136.0423, 34.996615], [136.041402, 34.996883], [136.040326, 34.996583], [136.038778, 34.997581], [136.038525, 34.997936], [136.038538, 34.999316], [136.038819, 35.000318], [136.039299, 35.000877], [136.039316, 35.001395], [136.03889, 35.002127], [136.038899, 35.002746], [136.038121, 35.003127], [136.037872, 35.004324], [136.037289, 35.004812], [136.037307, 35.004955], [136.038149, 35.005538], [136.038483, 35.006463], [136.039584, 35.007402], [136.039099, 35.008272], [136.037293, 35.009486], [136.036861, 35.009922], [136.036241, 35.011849], [136.036825, 35.012532], [136.036927, 35.013092], [136.036784, 35.014091], [136.037105, 35.015253], [136.037475, 35.015416], [136.037645, 35.015728], [136.037551, 35.016432], [136.038994, 35.016759], [136.03945, 35.017536], [136.039472, 35.018107], [136.03965, 35.018429], [136.039236, 35.019038], [136.038211, 35.019605], [136.038278, 35.01997], [136.038051, 35.020157], [136.037552, 35.020288], [136.037135, 35.020901], [136.036646, 35.021301], [136.036687, 35.022884], [136.037028, 35.024332], [136.037531, 35.02525], [136.038298, 35.025483], [136.038886, 35.02617], [136.037401, 35.026814], [136.031351, 35.030077], [136.030652, 35.030546], [136.029571, 35.031543], [136.027933, 35.033267], [136.027001, 35.034394], [136.021283, 35.043147], [136.015963, 35.050671]]]}}, {"type": "Feature", "properties": {"pref_code": "25", "pref_name": "滋賀県", "municipality_code": "25209", "municipality_name": "甲賀市", "ward_name": "", "display_name": "甲賀市", "geometry_key": "25209"}, "geometry": {"type": "Polygon", "coordinates": [[[136.180675, 35.016433], [136.180136, 35.016644], [136.179537, 35.017414], [136.179431, 35.01823], [136.178312, 35.020076], [136.177398, 35.020429], [136.176594, 35.021359], [136.175541, 35.020233], [136.175633, 35.019242], [136.174738, 35.017903], [136.174836, 35.016957], [136.174146, 35.016476], [136.173173, 35.016617], [136.173015, 35.017001], [136.173154, 35.018094], [136.17243, 35.018837], [136.172364, 35.019286], [136.171825, 35.01961], [136.171502, 35.020024], [136.171673, 35.020792], [136.171416, 35.021413], [136.170988, 35.021885], [136.170587, 35.022058], [136.170172, 35.023152], [136.169975, 35.023341], [136.168414, 35.023434], [136.167467, 35.024072], [136.166637, 35.025425], [136.166427, 35.026525], [136.166474, 35.027095], [136.165256, 35.029548], [136.165229, 35.030083], [136.164398, 35.030479], [136.163799, 35.030668], [136.163549, 35.03063], [136.163352, 35.030084], [136.163181, 35.028637], [136.162596, 35.028276], [136.162076, 35.027559], [136.160964, 35.026752], [136.160885, 35.025882], [136.161062, 35.024499], [136.160878, 35.024305], [136.159858, 35.02393], [136.159615, 35.023665], [136.159569, 35.023052], [136.159197, 35.0222], [136.158441, 35.022146], [136.157914, 35.021981], [136.157196, 35.021187], [136.156812, 35.020546], [136.156564, 35.020456], [136.155744, 35.020521], [136.153405, 35.019255], [136.152912, 35.019541], [136.152355, 35.020253], [136.15139, 35.019872], [136.150683, 35.019839], [136.150072, 35.020364], [136.149193, 35.021521], [136.148416, 35.022276], [136.147931, 35.022425], [136.147267, 35.022122], [136.146688, 35.022441], [136.146099, 35.022457], [136.145905, 35.022654], [136.145915, 35.023554], [136.14577, 35.023772], [136.14452, 35.02403], [136.143292, 35.02406], [136.142736, 35.024916], [136.14218, 35.025045], [136.141594, 35.024495], [136.141352, 35.023251], [136.141387, 35.022898], [136.141686, 35.022628], [136.141561, 35.022319], [136.141845, 35.021381], [136.141726, 35.020493], [136.141251, 35.019898], [136.140279, 35.019591], [136.139895, 35.01913], [136.139077, 35.017948], [136.138898, 35.017272], [136.138689, 35.017084], [136.138983, 35.015828], [136.138754, 35.015224], [136.138385, 35.014933], [136.137242, 35.014419], [136.136998, 35.013684], [136.137806, 35.012536], [136.137492, 35.012322], [136.137672, 35.010748], [136.137891, 35.010054], [136.138445, 35.009413], [136.138425, 35.008909], [136.138969, 35.008243], [136.139457, 35.007985], [136.139393, 35.006269], [136.138859, 35.00471], [136.139348, 35.004225], [136.139428, 35.003955], [136.139109, 35.003231], [136.139123, 35.002954], [136.138055, 35.002459], [136.136916, 35.002404], [136.135993, 35.002079], [136.135697, 35.001858], [136.134723, 35.000547], [136.134472, 35.000528], [136.133641, 35.000922], [136.13306, 35.000842], [136.130885, 34.999106], [136.130664, 34.999522], [136.129569, 34.999047], [136.127591, 34.999042], [136.125856, 34.998454], [136.125228, 34.997827], [136.124923, 34.997229], [136.123672, 34.997264], [136.122421, 34.995793], [136.123776, 34.993594], [136.124761, 34.992507], [136.125351, 34.992106], [136.127206, 34.991379], [136.127515, 34.989094], [136.125511, 34.988482], [136.124395, 34.988418], [136.125144, 34.986955], [136.125224, 34.985849], [136.125199, 34.985621], [136.124125, 34.984212], [136.124052, 34.983842], [136.125876, 34.981952], [136.126653, 34.980967], [136.127949, 34.97862], [136.129085, 34.973179], [136.129904, 34.972258], [136.130244, 34.971592], [136.131668, 34.967981], [136.131411, 34.966991], [136.130518, 34.966538], [136.130074, 34.966319], [136.129612, 34.967], [136.129419, 34.966853], [136.129311, 34.966626], [136.12936, 34.965812], [136.130251, 34.964596], [136.130948, 34.964029], [136.131832, 34.963696], [136.131962, 34.963481], [136.131509, 34.963067], [136.131302, 34.962622], [136.13009, 34.962401], [136.128602, 34.961228], [136.127136, 34.961098], [136.126346, 34.961189], [136.12563, 34.960963], [136.123903, 34.957873], [136.123739, 34.957168], [136.123878, 34.956549], [136.123259, 34.954932], [136.122337, 34.95435], [136.121643, 34.954146], [136.121132, 34.954506], [136.12039, 34.954656], [136.119574, 34.954604], [136.11865, 34.953325], [136.117662, 34.952915], [136.116108, 34.952013], [136.115838, 34.951564], [136.115722, 34.950565], [136.114997, 34.949973], [136.114712, 34.949475], [136.114214, 34.949165], [136.113781, 34.947904], [136.113577, 34.947699], [136.111606, 34.94749], [136.110878, 34.946847], [136.110136, 34.946596], [136.109683, 34.946607], [136.109166, 34.947104], [136.108713, 34.948225], [136.107638, 34.948279], [136.106941, 34.948678], [136.105653, 34.948331], [136.104762, 34.948637], [136.104013, 34.950176], [136.103286, 34.951337], [136.102798, 34.951875], [136.102268, 34.951771], [136.10086, 34.952082], [136.100019, 34.952885], [136.099641, 34.953095], [136.098691, 34.953175], [136.097584, 34.953629], [136.097222, 34.954008], [136.095756, 34.954536], [136.094977, 34.954451], [136.094719, 34.954558], [136.093509, 34.955752], [136.093298, 34.956494], [136.093313, 34.957347], [136.092482, 34.957136], [136.091922, 34.956791], [136.091801, 34.956592], [136.091922, 34.954917], [136.091824, 34.954532], [136.091612, 34.954345], [136.090759, 34.954289], [136.089654, 34.954477], [136.088761, 34.954228], [136.087787, 34.954582], [136.087431, 34.954326], [136.087086, 34.953631], [136.086444, 34.953697], [136.086264, 34.953871], [136.086233, 34.954641], [136.085965, 34.955036], [136.084311, 34.955488], [136.083648, 34.955271], [136.082919, 34.955897], [136.082892, 34.956461], [136.082137, 34.956822], [136.081774, 34.957331], [136.081313, 34.9575], [136.080866, 34.957456], [136.080173, 34.958004], [136.079618, 34.958075], [136.079596, 34.958465], [136.079229, 34.959021], [136.079368, 34.959806], [136.07871, 34.960542], [136.078062, 34.960613], [136.077542, 34.960849], [136.077145, 34.960801], [136.077096, 34.961018], [136.077306, 34.961634], [136.076404, 34.962467], [136.07471, 34.96212], [136.073239, 34.962116], [136.072596, 34.962208], [136.071582, 34.962593], [136.071521, 34.96289], [136.071904, 34.964171], [136.071749, 34.96434], [136.070465, 34.964598], [136.070133, 34.965655], [136.068882, 34.964555], [136.067392, 34.964174], [136.067154, 34.963418], [136.066999, 34.963285], [136.066222, 34.962861], [136.06508, 34.962641], [136.064876, 34.962677], [136.06361, 34.963741], [136.063052, 34.963914], [136.062604, 34.96444], [136.061239, 34.96417], [136.060733, 34.963917], [136.058228, 34.963132], [136.057892, 34.962677], [136.058084, 34.962104], [136.05798, 34.96192], [136.057563, 34.961735], [136.056859, 34.961649], [136.055121, 34.960444], [136.053512, 34.960713], [136.051527, 34.960515], [136.050575, 34.959941], [136.050094, 34.959361], [136.049494, 34.959018], [136.04883, 34.958366], [136.048997, 34.956809], [136.047685, 34.954944], [136.047615, 34.954536], [136.04719, 34.954029], [136.046935, 34.953373], [136.046935, 34.952942], [136.047243, 34.952514], [136.047296, 34.952048], [136.046127, 34.950964], [136.045329, 34.950656], [136.045095, 34.95021], [136.045084, 34.949674], [136.045562, 34.949193], [136.045881, 34.948326], [136.046178, 34.946399], [136.045116, 34.946329], [136.044264, 34.945506], [136.043063, 34.94527], [136.041074, 34.945271], [136.040981, 34.944759], [136.040456, 34.944498], [136.040236, 34.944247], [136.04022, 34.944013], [136.040466, 34.943638], [136.039602, 34.942263], [136.039039, 34.942099], [136.038454, 34.941711], [136.037214, 34.941344], [136.035144, 34.940129], [136.033176, 34.938305], [136.033043, 34.937851], [136.034079, 34.937465], [136.033993, 34.936766], [136.035181, 34.936532], [136.035514, 34.936352], [136.035562, 34.935968], [136.035886, 34.935504], [136.037067, 34.934351], [136.037666, 34.933404], [136.039352, 34.933153], [136.039722, 34.932863], [136.040066, 34.931632], [136.040246, 34.931468], [136.040645, 34.931351], [136.041798, 34.931467], [136.042284, 34.930871], [136.042694, 34.927226], [136.042675, 34.926354], [136.042352, 34.92572], [136.041819, 34.9251], [136.04198, 34.924276], [136.0418, 34.923477], [136.04139, 34.922967], [136.040705, 34.922567], [136.040438, 34.922183], [136.039649, 34.922011], [136.038364, 34.921485], [136.037765, 34.921634], [136.037594, 34.921759], [136.037249, 34.922559], [136.036546, 34.922943], [136.036278, 34.923523], [136.035327, 34.92393], [136.035042, 34.92368], [136.034649, 34.923589], [136.033555, 34.922782], [136.03307, 34.922189], [136.032488, 34.922288], [136.032011, 34.922707], [136.031664, 34.922833], [136.0305, 34.922781], [136.030144, 34.922654], [136.029441, 34.922774], [136.028908, 34.922236], [136.028099, 34.922216], [136.027841, 34.922322], [136.027073, 34.922183], [136.026621, 34.922296], [136.026248, 34.922003], [136.024988, 34.92153], [136.024364, 34.921556], [136.024025, 34.921703], [136.023548, 34.921603], [136.023419, 34.921537], [136.022943, 34.920234], [136.022443, 34.919906], [136.022308, 34.919544], [136.021577, 34.918609], [136.021653, 34.918126], [136.021547, 34.917739], [136.021327, 34.917555], [136.020824, 34.91747], [136.020213, 34.91688], [136.019761, 34.916728], [136.018844, 34.917086], [136.018253, 34.917814], [136.016396, 34.917775], [136.015532, 34.917502], [136.015027, 34.917613], [136.014221, 34.918243], [136.013381, 34.91854], [136.013047, 34.918788], [136.011575, 34.920184], [136.010789, 34.920022], [136.010257, 34.920126], [136.009757, 34.919954], [136.009377, 34.919673], [136.00919, 34.919348], [136.008572, 34.919122], [136.007924, 34.918051], [136.007172, 34.917483], [136.006218, 34.917057], [136.005639, 34.916425], [136.004803, 34.915873], [136.004539, 34.915109], [136.003879, 34.914341], [136.003463, 34.914569], [136.003029, 34.914566], [136.002827, 34.914442], [136.002696, 34.913857], [136.002313, 34.913491], [136.001891, 34.912794], [136.001662, 34.912141], [136.001083, 34.911628], [135.999822, 34.911035], [135.999632, 34.910557], [135.999802, 34.91002], [135.999234, 34.909104], [135.998803, 34.908905], [135.998155, 34.908949], [135.997141, 34.908566], [135.996786, 34.908724], [135.995973, 34.908594], [135.994305, 34.909038], [135.993434, 34.90951], [135.993093, 34.90951], [135.992736, 34.908655], [135.992925, 34.907888], [135.992759, 34.907498], [135.992876, 34.907136], [135.992743, 34.906635], [135.993, 34.906163], [135.992892, 34.905409], [135.992543, 34.904914], [135.992651, 34.903687], [135.992451, 34.903065], [135.991953, 34.902846], [135.991712, 34.902436], [135.991762, 34.902126], [135.991538, 34.901435], [135.991687, 34.900922], [135.990433, 34.899955], [135.989628, 34.900064], [135.98908, 34.899783], [135.98805, 34.898385], [135.98693, 34.897585], [135.987524, 34.896425], [135.987136, 34.895761], [135.987435, 34.895196], [135.987271, 34.89475], [135.987364, 34.894363], [135.987272, 34.893798], [135.987764, 34.893029], [135.988925, 34.892374], [135.988961, 34.892221], [135.988056, 34.891006], [135.987493, 34.889837], [135.987237, 34.889644], [135.986389, 34.889368], [135.985134, 34.889672], [135.983516, 34.889132], [135.982818, 34.889255], [135.981607, 34.889718], [135.980601, 34.889766], [135.97778, 34.889126], [135.977197, 34.88868], [135.976895, 34.888609], [135.974829, 34.888473], [135.974622, 34.888579], [135.974565, 34.888767], [135.975027, 34.890318], [135.974714, 34.891682], [135.973966, 34.892081], [135.973218, 34.89231], [135.972298, 34.893092], [135.971849, 34.893673], [135.971451, 34.893919], [135.970651, 34.89271], [135.969853, 34.892728], [135.969018, 34.892058], [135.967721, 34.891494], [135.967457, 34.891218], [135.967493, 34.889326], [135.967179, 34.888431], [135.966929, 34.885629], [135.966373, 34.883101], [135.965988, 34.882736], [135.965746, 34.881767], [135.964876, 34.88123], [135.964306, 34.880016], [135.964036, 34.879811], [135.963793, 34.879758], [135.963359, 34.879893], [135.961811, 34.879998], [135.960273, 34.880549], [135.958598, 34.880755], [135.955889, 34.880761], [135.955441, 34.88062], [135.954356, 34.879261], [135.953387, 34.878739], [135.952424, 34.878874], [135.949606, 34.879567], [135.949459, 34.879543], [135.948226, 34.878151], [135.947292, 34.877664], [135.946193, 34.877957], [135.944129, 34.877975], [135.943235, 34.878177], [135.942819, 34.877795], [135.942737, 34.877551], [135.943075, 34.875972], [135.943647, 34.875408], [135.943749, 34.874962], [135.943218, 34.874167], [135.943197, 34.873932], [135.943218, 34.873485], [135.943606, 34.873106], [135.943627, 34.872794], [135.94287, 34.871274], [135.94286, 34.870601], [135.942553, 34.869949], [135.941377, 34.868236], [135.941183, 34.866193], [135.940896, 34.86514], [135.941172, 34.864413], [135.940927, 34.863891], [135.94241, 34.862666], [135.942052, 34.862211], [135.942052, 34.862001], [135.942544, 34.861345], [135.942932, 34.861164], [135.942912, 34.860912], [135.943167, 34.860415], [135.943076, 34.860041], [135.943178, 34.859779], [135.943781, 34.859409], [135.944578, 34.859501], [135.945212, 34.858541], [135.945316, 34.858067], [135.945101, 34.857191], [135.945787, 34.856413], [135.947046, 34.853832], [135.946759, 34.852704], [135.946187, 34.851782], [135.946739, 34.851404], [135.947424, 34.851302], [135.948221, 34.851639], [135.948599, 34.851942], [135.949264, 34.851555], [135.949585, 34.85158], [135.951221, 34.852431], [135.952611, 34.852288], [135.953614, 34.853326], [135.955025, 34.853385], [135.956725, 34.854313], [135.957134, 34.854776], [135.958782, 34.855005], [135.958742, 34.854736], [135.958895, 34.854441], [135.959181, 34.854003], [135.959416, 34.853885], [135.959764, 34.853876], [135.961399, 34.85466], [135.962066, 34.853371], [135.962884, 34.853127], [135.962886, 34.852307], [135.962671, 34.85192], [135.962733, 34.850434], [135.96615, 34.849456], [135.966599, 34.84917], [135.966856, 34.848946], [135.967029, 34.848466], [135.967132, 34.847355], [135.967796, 34.846706], [135.968317, 34.846656], [135.969673, 34.847177], [135.970194, 34.847169], [135.970398, 34.847017], [135.970613, 34.846487], [135.971441, 34.846445], [135.972054, 34.846049], [135.972056, 34.845179], [135.971043, 34.843641], [135.971247, 34.842967], [135.971626, 34.842479], [135.971309, 34.841356], [135.971411, 34.840901], [135.971299, 34.840472], [135.969846, 34.838132], [135.969867, 34.837779], [135.971298, 34.838494], [135.972463, 34.837981], [135.97324, 34.837913], [135.973526, 34.837972], [135.974019, 34.838512], [135.974265, 34.838587], [135.977777, 34.838461], [135.979075, 34.83879], [135.979657, 34.83911], [135.981088, 34.839059], [135.981797, 34.839178], [135.983995, 34.840622], [135.984946, 34.841532], [135.985815, 34.841355], [135.986637, 34.841432], [135.987086, 34.840801], [135.987321, 34.840641], [135.987638, 34.840649], [135.988057, 34.840977], [135.989646, 34.84145], [135.989901, 34.841862], [135.991853, 34.842898], [135.992734, 34.842327], [135.993828, 34.842318], [135.994544, 34.842125], [135.994803, 34.84226], [135.995038, 34.842731], [135.995345, 34.843009], [135.995886, 34.843161], [135.99606, 34.843422], [135.996275, 34.843498], [135.996888, 34.84354], [135.997544, 34.843972], [135.997757, 34.8444], [135.998585, 34.844443], [135.999206, 34.844954], [136.001324, 34.845057], [136.002972, 34.844495], [136.003993, 34.844341], [136.004752, 34.843743], [136.005342, 34.842876], [136.004267, 34.842197], [136.003997, 34.841467], [136.003649, 34.841076], [136.003904, 34.840837], [136.004066, 34.840308], [136.003987, 34.838911], [136.003846, 34.838545], [136.003214, 34.837844], [136.002559, 34.837341], [136.002882, 34.8357], [136.002507, 34.834229], [136.002787, 34.833562], [136.002664, 34.833261], [136.00235, 34.833021], [136.002328, 34.832762], [136.002625, 34.832048], [136.003779, 34.831113], [136.003999, 34.829629], [136.004329, 34.829149], [136.004453, 34.828596], [136.00513, 34.827917], [136.0055, 34.826408], [136.005763, 34.826158], [136.006088, 34.826052], [136.007043, 34.826246], [136.008706, 34.825997], [136.009739, 34.826103], [136.010559, 34.825732], [136.011421, 34.825617], [136.011987, 34.825187], [136.012166, 34.825174], [136.01304, 34.825506], [136.013831, 34.825978], [136.01549, 34.826599], [136.015591, 34.827477], [136.015899, 34.827904], [136.015916, 34.828751], [136.015995, 34.828894], [136.016273, 34.828911], [136.016922, 34.828402], [136.017498, 34.828425], [136.017745, 34.828319], [136.018512, 34.826867], [136.019242, 34.826334], [136.021108, 34.825394], [136.021804, 34.824599], [136.022505, 34.824529], [136.023121, 34.823993], [136.024361, 34.823581], [136.025184, 34.823054], [136.025358, 34.822606], [136.026091, 34.82262], [136.026787, 34.821723], [136.027711, 34.821802], [136.027858, 34.821665], [136.028345, 34.820088], [136.028459, 34.819116], [136.029034, 34.81739], [136.028995, 34.816886], [136.028535, 34.815919], [136.028048, 34.815619], [136.027374, 34.814911], [136.026174, 34.814745], [136.02585, 34.814371], [136.025558, 34.814444], [136.025015, 34.814897], [136.02461, 34.814845], [136.023736, 34.814199], [136.023523, 34.813819], [136.022846, 34.813514], [136.022676, 34.813202], [136.022295, 34.812902], [136.021371, 34.812644], [136.020545, 34.812232], [136.019442, 34.812269], [136.018949, 34.812634], [136.018658, 34.812671], [136.017336, 34.81146], [136.016696, 34.81107], [136.01651, 34.810139], [136.015435, 34.809594], [136.015051, 34.809146], [136.01512, 34.807752], [136.014577, 34.80661], [136.014134, 34.805763], [136.013707, 34.805309], [136.013607, 34.804898], [136.012637, 34.803851], [136.012363, 34.803159], [136.011762, 34.802779], [136.011382, 34.802336], [136.011264, 34.801437], [136.010557, 34.799997], [136.010159, 34.799724], [136.010607, 34.799378], [136.010215, 34.798942], [136.010171, 34.798456], [136.010799, 34.798137], [136.011146, 34.797372], [136.011252, 34.796883], [136.011045, 34.79656], [136.011264, 34.796304], [136.011247, 34.795861], [136.01188, 34.795672], [136.012547, 34.795667], [136.012917, 34.796389], [136.013719, 34.797055], [136.014082, 34.797253], [136.015076, 34.797444], [136.015862, 34.797813], [136.016242, 34.797264], [136.016315, 34.796522], [136.016187, 34.796037], [136.016382, 34.794606], [136.017021, 34.794297], [136.017632, 34.793598], [136.019045, 34.792742], [136.019633, 34.792197], [136.019834, 34.792119], [136.021327, 34.792169], [136.021417, 34.791756], [136.022289, 34.791555], [136.022526, 34.791756], [136.023582, 34.791744], [136.024046, 34.791985], [136.024349, 34.791976], [136.025242, 34.791531], [136.025987, 34.791325], [136.026576, 34.790612], [136.02757, 34.790726], [136.02811, 34.790589], [136.029228, 34.791189], [136.029498, 34.79168], [136.030326, 34.791822], [136.031081, 34.792528], [136.031952, 34.792988], [136.032459, 34.793724], [136.032924, 34.794074], [136.034111, 34.794125], [136.034661, 34.794266], [136.0353, 34.793925], [136.036501, 34.793779], [136.037809, 34.793843], [136.038779, 34.794038], [136.039121, 34.794253], [136.039562, 34.794826], [136.039529, 34.795053], [136.039044, 34.795392], [136.039044, 34.795846], [136.039231, 34.796055], [136.040604, 34.796379], [136.040907, 34.797256], [136.040951, 34.798163], [136.041171, 34.798458], [136.042732, 34.798899], [136.043351, 34.799327], [136.043642, 34.799331], [136.044265, 34.799063], [136.044944, 34.799169], [136.045214, 34.799332], [136.045975, 34.800293], [136.046041, 34.800575], [136.046713, 34.801447], [136.047443, 34.801529], [136.048225, 34.801129], [136.048462, 34.799768], [136.048693, 34.799536], [136.051554, 34.799091], [136.053385, 34.799932], [136.054781, 34.800411], [136.055029, 34.80082], [136.055117, 34.802073], [136.055949, 34.802474], [136.056362, 34.803037], [136.057334, 34.803741], [136.057543, 34.803614], [136.057539, 34.802689], [136.057858, 34.802335], [136.058806, 34.802008], [136.059435, 34.801989], [136.059821, 34.801757], [136.060162, 34.800542], [136.061062, 34.800082], [136.062549, 34.79976], [136.06368, 34.800966], [136.063735, 34.801708], [136.064468, 34.801862], [136.065064, 34.802163], [136.065924, 34.802205], [136.066547, 34.802614], [136.067247, 34.803346], [136.068407, 34.80396], [136.068743, 34.803928], [136.069872, 34.803347], [136.070291, 34.803588], [136.070495, 34.804098], [136.071699, 34.804367], [136.072552, 34.804085], [136.072993, 34.804212], [136.072718, 34.805289], [136.073048, 34.80548], [136.073594, 34.805448], [136.07377, 34.805599], [136.074801, 34.807075], [136.075314, 34.807474], [136.075507, 34.807852], [136.076103, 34.807952], [136.076909, 34.80827], [136.078904, 34.807447], [136.079284, 34.807542], [136.079632, 34.807956], [136.080063, 34.808115], [136.080906, 34.807543], [136.081302, 34.807507], [136.081804, 34.807748], [136.082962, 34.808906], [136.083386, 34.809651], [136.084678, 34.809898], [136.085687, 34.810884], [136.08599, 34.810929], [136.08664, 34.810784], [136.08805, 34.811021], [136.089381, 34.811908], [136.090135, 34.811912], [136.090616, 34.812227], [136.091211, 34.814016], [136.091057, 34.814274], [136.090627, 34.81417], [136.090798, 34.815841], [136.091785, 34.816732], [136.09243, 34.816846], [136.092849, 34.817079], [136.094084, 34.8186], [136.095016, 34.818727], [136.095181, 34.81885], [136.095187, 34.819104], [136.093647, 34.820624], [136.093339, 34.820643], [136.092667, 34.820438], [136.092573, 34.820506], [136.092589, 34.820884], [136.093267, 34.821559], [136.093251, 34.821904], [136.091899, 34.823742], [136.091701, 34.823932], [136.091095, 34.824148], [136.090919, 34.824361], [136.090836, 34.824961], [136.091166, 34.825595], [136.090919, 34.826222], [136.090427, 34.826573], [136.08976, 34.826682], [136.089584, 34.827032], [136.089, 34.827546], [136.088812, 34.828497], [136.087897, 34.829348], [136.087582, 34.830045], [136.087557, 34.830454], [136.088025, 34.830691], [136.088874, 34.830823], [136.089639, 34.831087], [136.089838, 34.831661], [136.089645, 34.832316], [136.090081, 34.833272], [136.089926, 34.833791], [136.089265, 34.834422], [136.087979, 34.834668], [136.087185, 34.835778], [136.086232, 34.836581], [136.086052, 34.837598], [136.086481, 34.837774], [136.08669, 34.838098], [136.087436, 34.838014], [136.088707, 34.837492], [136.089616, 34.837353], [136.09031, 34.836502], [136.090749, 34.83643], [136.091181, 34.836582], [136.091498, 34.836971], [136.091996, 34.836864], [136.092699, 34.837209], [136.093026, 34.838136], [136.093408, 34.838413], [136.093689, 34.838948], [136.094402, 34.839793], [136.094943, 34.840158], [136.095488, 34.840131], [136.096738, 34.839674], [136.098374, 34.839366], [136.098893, 34.839139], [136.099607, 34.839212], [136.100099, 34.839112], [136.100491, 34.839804], [136.101316, 34.840438], [136.102137, 34.840496], [136.102728, 34.840328], [136.103292, 34.840389], [136.103774, 34.840651], [136.104472, 34.840581], [136.104995, 34.841131], [136.105144, 34.842746], [136.105251, 34.84288], [136.106132, 34.843111], [136.106403, 34.843312], [136.107457, 34.845439], [136.107438, 34.846177], [136.107653, 34.846703], [136.107825, 34.848537], [136.107779, 34.849095], [136.108371, 34.850256], [136.108085, 34.85111], [136.108061, 34.851671], [136.10785, 34.851875], [136.106963, 34.852101], [136.107074, 34.852564], [136.107585, 34.852804], [136.108301, 34.852824], [136.10914, 34.853654], [136.109791, 34.85476], [136.110434, 34.854855], [136.110872, 34.855444], [136.111568, 34.855545], [136.113301, 34.856139], [136.114334, 34.855887], [136.11535, 34.856265], [136.115965, 34.856075], [136.116485, 34.855531], [136.117106, 34.855587], [136.117409, 34.855887], [136.118106, 34.85744], [136.118783, 34.857956], [136.119526, 34.857986], [136.119802, 34.858331], [136.120329, 34.858629], [136.121035, 34.859789], [136.122132, 34.860254], [136.123509, 34.860561], [136.1246, 34.860953], [136.126411, 34.861852], [136.125599, 34.863061], [136.125073, 34.863576], [136.124687, 34.864615], [136.122958, 34.866103], [136.122726, 34.866489], [136.122938, 34.866895], [136.123409, 34.867117], [136.123762, 34.867551], [136.124689, 34.868089], [136.12514, 34.869114], [136.125852, 34.869952], [136.125504, 34.871473], [136.124585, 34.871654], [136.124528, 34.872215], [136.123988, 34.872487], [136.123388, 34.872455], [136.122485, 34.872752], [136.122132, 34.872752], [136.12109, 34.872433], [136.120881, 34.871783], [136.11987, 34.871855], [136.119888, 34.871478], [136.119437, 34.871154], [136.119161, 34.870765], [136.118855, 34.870627], [136.117961, 34.870887], [136.117729, 34.871106], [136.117507, 34.870974], [136.117176, 34.871085], [136.116892, 34.871264], [136.116881, 34.871618], [136.116634, 34.871747], [136.115762, 34.871978], [136.115474, 34.871933], [136.115199, 34.871684], [136.115267, 34.871031], [136.11466, 34.870922], [136.114442, 34.870761], [136.114333, 34.869649], [136.11385, 34.869601], [136.113322, 34.869295], [136.110211, 34.870074], [136.109502, 34.869886], [136.109059, 34.869547], [136.108833, 34.870027], [136.108321, 34.870428], [136.107961, 34.870524], [136.107074, 34.869667], [136.106275, 34.870095], [136.105812, 34.870074], [136.105347, 34.870221], [136.104685, 34.869901], [136.103712, 34.870026], [136.103167, 34.869694], [136.102149, 34.870156], [136.101346, 34.870281], [136.100779, 34.870566], [136.100118, 34.87062], [136.099677, 34.870371], [136.099055, 34.870444], [136.098892, 34.870581], [136.098764, 34.871205], [136.098292, 34.872172], [136.097812, 34.872061], [136.096656, 34.872577], [136.096533, 34.87305], [136.095929, 34.873577], [136.09465, 34.873272], [136.093025, 34.87352], [136.09035, 34.87534], [136.090001, 34.87587], [136.088667, 34.875915], [136.08698, 34.876356], [136.086261, 34.876302], [136.085621, 34.877246], [136.085163, 34.878784], [136.085233, 34.879018], [136.087141, 34.880704], [136.087972, 34.8803], [136.088333, 34.880579], [136.088892, 34.880663], [136.089085, 34.881128], [136.089063, 34.881859], [136.0896, 34.8825], [136.089419, 34.88277], [136.08902, 34.882914], [136.088121, 34.883843], [136.087757, 34.884798], [136.086931, 34.885829], [136.08585, 34.885826], [136.085346, 34.886862], [136.08541, 34.887028], [136.085896, 34.887283], [136.086347, 34.887859], [136.086444, 34.888687], [136.086263, 34.889269], [136.086629, 34.889338], [136.087002, 34.88959], [136.087475, 34.890622], [136.087932, 34.890653], [136.088499, 34.890512], [136.08909, 34.889341], [136.089451, 34.888915], [136.090288, 34.888967], [136.090652, 34.888534], [136.091677, 34.888256], [136.092351, 34.88823], [136.092691, 34.888061], [136.092856, 34.887746], [136.093105, 34.887672], [136.094786, 34.887801], [136.095224, 34.888059], [136.095436, 34.888443], [136.095912, 34.888732], [136.096464, 34.88891], [136.097384, 34.888981], [136.09804, 34.889256], [136.098378, 34.889534], [136.098767, 34.891006], [136.100083, 34.892168], [136.100197, 34.892435], [136.100055, 34.892862], [136.100139, 34.893137], [136.100837, 34.893493], [136.101035, 34.894309], [136.100979, 34.894921], [136.101309, 34.895253], [136.101663, 34.896087], [136.102632, 34.896061], [136.102917, 34.896161], [136.103497, 34.896617], [136.103768, 34.897215], [136.104231, 34.897726], [136.10547, 34.89829], [136.105612, 34.898548], [136.105377, 34.899388], [136.105918, 34.899615], [136.10612, 34.900016], [136.107162, 34.900108], [136.107798, 34.900449], [136.108594, 34.900692], [136.110264, 34.900967], [136.110848, 34.901856], [136.11155, 34.902024], [136.112053, 34.90197], [136.113526, 34.901036], [136.113287, 34.899973], [136.113398, 34.899761], [136.114581, 34.899421], [136.115262, 34.898627], [136.115273, 34.898347], [136.114665, 34.898065], [136.114591, 34.897805], [136.114735, 34.897382], [136.115526, 34.896354], [136.115284, 34.895763], [136.114459, 34.894678], [136.115064, 34.893625], [136.115027, 34.893145], [136.11628, 34.892157], [136.116667, 34.892101], [136.117305, 34.892431], [136.117824, 34.892502], [136.119231, 34.892149], [136.119699, 34.8917], [136.120446, 34.89144], [136.120551, 34.891087], [136.120296, 34.890647], [136.120273, 34.890329], [136.120756, 34.889247], [136.121484, 34.888533], [136.121657, 34.88788], [136.122572, 34.888216], [136.123569, 34.888822], [136.125426, 34.888302], [136.125877, 34.887592], [136.126533, 34.887203], [136.12723, 34.886588], [136.127231, 34.886105], [136.127767, 34.885179], [136.129199, 34.884335], [136.129814, 34.884134], [136.131216, 34.883105], [136.131533, 34.883134], [136.135024, 34.884943], [136.135256, 34.885274], [136.135234, 34.886365], [136.135699, 34.887246], [136.136439, 34.888209], [136.136819, 34.888389], [136.137263, 34.888267], [136.139205, 34.887111], [136.140705, 34.886931], [136.141156, 34.886769], [136.142375, 34.885989], [136.144076, 34.885406], [136.14445, 34.884966], [136.144591, 34.883993], [136.144724, 34.883813], [136.146119, 34.883413], [136.146809, 34.883071], [136.147288, 34.882717], [136.147405, 34.881976], [136.147933, 34.881866], [136.148546, 34.882016], [136.149864, 34.882797], [136.151399, 34.882994], [136.152551, 34.883711], [136.153572, 34.884581], [136.155481, 34.884523], [136.157309, 34.884773], [136.159421, 34.884773], [136.159543, 34.886168], [136.160008, 34.886673], [136.161008, 34.886829], [136.161893, 34.887198], [136.162879, 34.886972], [136.163471, 34.887134], [136.164799, 34.887042], [136.165271, 34.887576], [136.165827, 34.887918], [136.166898, 34.887894], [136.167567, 34.887494], [136.168595, 34.887285], [136.169065, 34.886809], [136.169938, 34.886676], [136.170882, 34.886803], [136.171995, 34.887343], [136.1726, 34.887186], [136.174383, 34.887251], [136.175323, 34.886966], [136.176401, 34.887053], [136.177243, 34.886787], [136.178546, 34.887117], [136.178863, 34.886967], [136.179286, 34.886485], [136.180159, 34.886412], [136.180779, 34.885879], [136.180164, 34.884397], [136.179749, 34.883759], [136.178629, 34.883024], [136.178255, 34.882583], [136.178482, 34.881779], [136.179193, 34.880944], [136.179123, 34.880665], [136.178721, 34.880195], [136.178742, 34.879816], [136.179081, 34.879682], [136.179905, 34.879746], [136.180475, 34.879531], [136.180806, 34.878824], [136.181866, 34.878211], [136.182197, 34.87817], [136.183748, 34.878396], [136.184304, 34.878274], [136.185065, 34.878681], [136.18602, 34.878152], [136.186316, 34.878129], [136.187034, 34.878402], [136.187429, 34.878002], [136.188457, 34.877775], [136.188761, 34.877402], [136.188937, 34.876015], [136.190122, 34.875868], [136.190481, 34.875587], [136.189714, 34.874032], [136.18996, 34.87344], [136.190474, 34.873085], [136.191753, 34.872555], [136.194613, 34.872822], [136.195655, 34.872358], [136.196151, 34.871887], [136.196694, 34.871736], [136.197032, 34.870906], [136.198074, 34.869862], [136.198391, 34.869816], [136.198842, 34.869967], [136.199569, 34.869922], [136.199851, 34.870027], [136.200337, 34.869557], [136.200642, 34.869464], [136.201833, 34.869493], [136.202363, 34.868769], [136.202912, 34.8684], [136.203419, 34.868334], [136.205319, 34.868713], [136.207333, 34.868626], [136.209073, 34.868121], [136.210287, 34.86705], [136.21116, 34.866749], [136.21169, 34.866184], [136.212014, 34.866021], [136.212932, 34.865916], [136.213622, 34.865621], [136.214362, 34.865493], [136.21599, 34.865422], [136.216688, 34.865116], [136.218564, 34.865625], [136.218811, 34.865161], [136.218917, 34.864522], [136.220088, 34.863353], [136.221631, 34.863371], [136.223607, 34.863208], [136.224712, 34.862598], [136.225785, 34.861633], [136.227543, 34.861018], [136.228043, 34.860995], [136.229149, 34.861546], [136.229966, 34.861337], [136.231262, 34.861506], [136.23186, 34.861453], [136.232704, 34.860998], [136.233169, 34.860906], [136.234028, 34.861196], [136.235591, 34.861474], [136.236246, 34.860906], [136.236775, 34.860824], [136.237113, 34.860575], [136.237314, 34.859731], [136.237694, 34.859487], [136.239053, 34.859789], [136.240436, 34.859342], [136.242542, 34.859656], [136.242802, 34.859551], [136.243496, 34.858797], [136.244024, 34.858612], [136.244679, 34.858722], [136.24542, 34.859216], [136.245822, 34.859244], [136.246878, 34.858809], [136.248429, 34.858659], [136.249018, 34.858007], [136.250675, 34.857728], [136.253767, 34.858154], [136.254122, 34.858284], [136.254616, 34.859094], [136.256723, 34.860016], [136.258069, 34.86087], [136.261119, 34.861917], [136.262306, 34.862529], [136.26383, 34.862788], [136.265634, 34.863786], [136.268047, 34.864546], [136.268778, 34.865459], [136.26886, 34.867752], [136.269223, 34.868337], [136.270311, 34.869117], [136.272702, 34.869243], [136.273685, 34.869787], [136.274396, 34.870547], [136.275892, 34.871709], [136.276227, 34.872672], [136.276876, 34.873585], [136.277115, 34.874214], [136.277861, 34.873754], [136.279221, 34.873675], [136.279865, 34.873239], [136.280532, 34.873134], [136.281482, 34.872283], [136.281584, 34.871071], [136.282494, 34.871055], [136.283722, 34.870292], [136.285241, 34.870491], [136.286447, 34.870084], [136.287257, 34.870198], [136.28759, 34.870142], [136.288446, 34.869759], [136.289278, 34.869545], [136.291993, 34.870663], [136.292717, 34.8703], [136.292932, 34.870309], [136.294289, 34.871399], [136.29458, 34.871876], [136.296921, 34.872667], [136.297552, 34.873081], [136.298766, 34.875366], [136.299231, 34.875636], [136.300023, 34.875609], [136.300693, 34.876127], [136.301889, 34.876426], [136.30234, 34.876279], [136.303386, 34.874961], [136.303632, 34.874842], [136.305019, 34.875182], [136.305621, 34.875608], [136.306511, 34.876575], [136.307854, 34.877517], [136.308247, 34.878248], [136.31007, 34.87904], [136.310206, 34.879987], [136.311429, 34.8801], [136.312918, 34.880627], [136.313508, 34.881581], [136.313357, 34.882292], [136.313753, 34.883295], [136.313712, 34.884021], [136.313036, 34.885926], [136.313226, 34.886972], [136.314717, 34.887222], [136.317061, 34.888174], [136.319057, 34.889566], [136.320114, 34.889837], [136.320789, 34.889821], [136.322446, 34.889369], [136.323718, 34.889809], [136.32438, 34.889913], [136.324668, 34.889741], [136.32533, 34.888902], [136.325699, 34.888744], [136.326486, 34.888654], [136.326986, 34.889223], [136.328177, 34.889941], [136.329588, 34.891404], [136.329841, 34.891826], [136.330524, 34.892344], [136.330931, 34.892465], [136.331898, 34.892457], [136.333019, 34.892609], [136.334081, 34.892996], [136.335431, 34.893285], [136.338015, 34.894491], [136.339409, 34.895472], [136.339933, 34.895488], [136.341179, 34.895827], [136.342057, 34.895687], [136.342512, 34.8959], [136.34305, 34.895578], [136.343743, 34.895754], [136.344679, 34.895348], [136.345594, 34.895201], [136.346046, 34.894728], [136.346214, 34.894733], [136.346955, 34.895246], [136.348022, 34.895688], [136.348738, 34.896238], [136.349675, 34.897275], [136.350168, 34.898805], [136.350559, 34.899093], [136.351766, 34.899304], [136.35222, 34.899538], [136.353105, 34.899546], [136.35383, 34.89985], [136.355443, 34.899749], [136.357357, 34.900482], [136.358327, 34.901164], [136.359209, 34.902042], [136.359981, 34.903248], [136.360193, 34.904116], [136.361375, 34.904454], [136.36208, 34.904952], [136.36334, 34.905047], [136.365605, 34.90482], [136.366034, 34.904899], [136.366084, 34.905186], [136.36587, 34.905826], [136.365762, 34.906866], [136.36605, 34.908111], [136.365858, 34.908449], [136.365081, 34.909003], [136.365134, 34.909367], [136.364833, 34.910371], [136.364737, 34.911548], [136.365318, 34.912878], [136.366931, 34.913498], [136.367423, 34.914056], [136.3685, 34.914867], [136.367931, 34.916253], [136.367372, 34.916545], [136.367225, 34.916839], [136.367382, 34.91751], [136.367819, 34.918113], [136.368103, 34.918895], [136.368031, 34.919293], [136.367358, 34.919789], [136.367177, 34.920296], [136.367177, 34.920487], [136.367785, 34.921319], [136.367812, 34.921901], [136.368018, 34.922175], [136.368609, 34.922432], [136.36928, 34.922919], [136.370757, 34.923495], [136.372652, 34.923582], [136.373442, 34.923899], [136.373913, 34.923779], [136.37524, 34.924509], [136.375189, 34.924844], [136.374232, 34.925094], [136.373768, 34.925404], [136.371691, 34.927596], [136.371704, 34.927823], [136.37189, 34.927912], [136.372579, 34.927982], [136.372956, 34.928507], [136.372535, 34.92984], [136.372104, 34.929989], [136.371794, 34.930269], [136.371538, 34.930871], [136.371871, 34.931796], [136.371758, 34.932543], [136.371813, 34.934414], [136.371903, 34.934588], [136.372838, 34.93498], [136.372972, 34.935438], [136.374038, 34.936363], [136.374925, 34.937649], [136.374913, 34.938486], [136.375389, 34.939011], [136.375353, 34.939892], [136.374048, 34.940619], [136.372635, 34.942172], [136.373217, 34.942476], [136.374061, 34.943367], [136.375243, 34.943867], [136.377307, 34.945567], [136.37858, 34.945829], [136.378826, 34.946006], [136.379591, 34.946787], [136.380289, 34.947881], [136.381654, 34.948512], [136.382567, 34.949804], [136.384354, 34.950788], [136.384642, 34.951676], [136.385671, 34.952649], [136.38627, 34.952543], [136.387428, 34.953092], [136.387709, 34.953081], [136.388592, 34.952351], [136.389528, 34.952507], [136.389987, 34.952427], [136.390532, 34.951589], [136.391378, 34.951492], [136.392252, 34.951125], [136.392988, 34.951064], [136.394788, 34.951423], [136.395259, 34.951882], [136.395192, 34.952577], [136.3963, 34.954101], [136.396214, 34.954298], [136.396368, 34.954484], [136.39619, 34.956043], [136.396471, 34.957419], [136.397298, 34.958327], [136.397427, 34.958877], [136.397757, 34.959427], [136.398602, 34.960077], [136.398902, 34.960663], [136.399287, 34.960794], [136.399556, 34.961106], [136.399685, 34.961787], [136.399208, 34.96266], [136.399159, 34.963234], [136.401768, 34.964754], [136.402007, 34.964995], [136.402093, 34.965736], [136.403041, 34.966095], [136.403378, 34.966433], [136.403464, 34.967188], [136.403029, 34.968526], [136.403146, 34.969152], [136.403739, 34.969354], [136.404474, 34.970569], [136.404859, 34.970785], [136.405724, 34.970876], [136.406244, 34.971319], [136.407106, 34.971727], [136.407504, 34.972303], [136.4074, 34.972817], [136.407486, 34.973549], [136.407731, 34.973785], [136.408386, 34.974083], [136.408919, 34.975056], [136.409237, 34.975187], [136.40974, 34.975708], [136.410805, 34.976086], [136.410885, 34.976378], [136.411197, 34.976696], [136.412391, 34.977231], [136.413548, 34.977938], [136.414307, 34.978992], [136.41438, 34.979435], [136.415801, 34.980529], [136.415874, 34.980801], [136.415458, 34.981214], [136.415268, 34.981609], [136.414638, 34.98176], [136.415268, 34.982263], [136.415128, 34.982608], [136.415329, 34.983031], [136.415109, 34.983626], [136.415268, 34.984195], [136.415195, 34.984619], [136.415396, 34.985314], [136.415305, 34.985905], [136.415593, 34.98646], [136.415476, 34.986911], [136.4161, 34.988144], [136.415904, 34.988481], [136.415494, 34.990394], [136.416369, 34.992266], [136.415572, 34.993219], [136.414881, 34.993204], [136.414477, 34.994429], [136.413486, 34.995427], [136.414, 34.995901], [136.414276, 34.996541], [136.414478, 34.996642], [136.414912, 34.996557], [136.416357, 34.997651], [136.416914, 34.997701], [136.417686, 34.998105], [136.418391, 34.998152], [136.418605, 34.998363], [136.41907, 34.998378], [136.419302, 34.998731], [136.419719, 34.998984], [136.420368, 34.999024], [136.420875, 34.999543], [136.421169, 34.999633], [136.421364, 35.000056], [136.421334, 35.001354], [136.421003, 35.002075], [136.419963, 35.002941], [136.419877, 35.003236], [136.420189, 35.005088], [136.419439, 35.005567], [136.419077, 35.006183], [136.41858, 35.008943], [136.418496, 35.009116], [136.417957, 35.009393], [136.416962, 35.011238], [136.41708, 35.013207], [136.416591, 35.013984], [136.416928, 35.015058], [136.417509, 35.015939], [136.417821, 35.016302], [136.418765, 35.016869], [136.418386, 35.017901], [136.418167, 35.018123], [136.417398, 35.018178], [136.416141, 35.017788], [136.415262, 35.016933], [136.414136, 35.016114], [136.413602, 35.015885], [136.412771, 35.016039], [136.410597, 35.015439], [136.409418, 35.015537], [136.407855, 35.013875], [136.405793, 35.014371], [136.404744, 35.013817], [136.403767, 35.013826], [136.40231, 35.014289], [136.401694, 35.015669], [136.400107, 35.016521], [136.398608, 35.016915], [136.396806, 35.01679], [136.394811, 35.017023], [136.394521, 35.017146], [136.394313, 35.017969], [136.393685, 35.018681], [136.389687, 35.020834], [136.389024, 35.021312], [136.388343, 35.022282], [136.387911, 35.022452], [136.385671, 35.021541], [136.384574, 35.021473], [136.383786, 35.020462], [136.383748, 35.019783], [136.383322, 35.018397], [136.381862, 35.018164], [136.380938, 35.018155], [136.380173, 35.017529], [136.377866, 35.017228], [136.377149, 35.016841], [136.376712, 35.016243], [136.376052, 35.016176], [136.375652, 35.015959], [136.375281, 35.015622], [136.375094, 35.015213], [136.374493, 35.015083], [136.373291, 35.015856], [136.372103, 35.016364], [136.371079, 35.016206], [136.369223, 35.016325], [136.367128, 35.016812], [136.366056, 35.016783], [136.364975, 35.016383], [136.364523, 35.016403], [136.363866, 35.016804], [136.363807, 35.016983], [136.363822, 35.018781], [136.363996, 35.019543], [136.364329, 35.019961], [136.364433, 35.020543], [136.36403, 35.020916], [136.363896, 35.021361], [136.363377, 35.021792], [136.363168, 35.021943], [136.362572, 35.021988], [136.361834, 35.022459], [136.360291, 35.022328], [136.359522, 35.022481], [136.358634, 35.02291], [136.358015, 35.022934], [136.357498, 35.022718], [136.356392, 35.023156], [136.354901, 35.023413], [136.354334, 35.022918], [136.352577, 35.022491], [136.351762, 35.022124], [136.350926, 35.021546], [136.350549, 35.020855], [136.349132, 35.01942], [136.348155, 35.01907], [136.347404, 35.018476], [136.346001, 35.018241], [136.344411, 35.017331], [136.343834, 35.016845], [136.342484, 35.016574], [136.34195, 35.016012], [136.341257, 35.014197], [136.341805, 35.013617], [136.341766, 35.012927], [136.342016, 35.012523], [136.342048, 35.012154], [136.342501, 35.011673], [136.342712, 35.010614], [136.345419, 35.0086], [136.345209, 35.00765], [136.344892, 35.007019], [136.34482, 35.006277], [136.344416, 35.005865], [136.344179, 35.005376], [136.344243, 35.00461], [136.344513, 35.003983], [136.344435, 35.002946], [136.344285, 35.002595], [136.343915, 35.002241], [136.343015, 35.00175], [136.34361, 34.999257], [136.343435, 34.997118], [136.34313, 34.996299], [136.342093, 34.995391], [136.341802, 34.993693], [136.342188, 34.992799], [136.341182, 34.990969], [136.340911, 34.989254], [136.34004, 34.988614], [136.339401, 34.987907], [136.339101, 34.986576], [136.338569, 34.985338], [136.337479, 34.984706], [136.336299, 34.98365], [136.334965, 34.98301], [136.334519, 34.98301], [136.333445, 34.98333], [136.332713, 34.983357], [136.331789, 34.982968], [136.33083, 34.983016], [136.330816, 34.982349], [136.329918, 34.982548], [136.329092, 34.982489], [136.329021, 34.981953], [136.328352, 34.980959], [136.326471, 34.979923], [136.325568, 34.979066], [136.325138, 34.978433], [136.324798, 34.978201], [136.323316, 34.977641], [136.322014, 34.977748], [136.320796, 34.978113], [136.320154, 34.978696], [136.319823, 34.979608], [136.318871, 34.980329], [136.317805, 34.980785], [136.316665, 34.980764], [136.315963, 34.981883], [136.31581, 34.982627], [136.314322, 34.982772], [136.313221, 34.983111], [136.311888, 34.982869], [136.311189, 34.982922], [136.308537, 34.983639], [136.30815, 34.983972], [136.306826, 34.984243], [136.306362, 34.984142], [136.305451, 34.983643], [136.304704, 34.983594], [136.303595, 34.983243], [136.302606, 34.983512], [136.301247, 34.983627], [136.300954, 34.982723], [136.300342, 34.981953], [136.298708, 34.981062], [136.298626, 34.980698], [136.298749, 34.980209], [136.298542, 34.979754], [136.297132, 34.978978], [136.296886, 34.978398], [136.296337, 34.977783], [136.295304, 34.977817], [136.294357, 34.97741], [136.293123, 34.976097], [136.293029, 34.975199], [136.292012, 34.974849], [136.291353, 34.974471], [136.290788, 34.973973], [136.290671, 34.973707], [136.289573, 34.97377], [136.288243, 34.974322], [136.287462, 34.974452], [136.286862, 34.974999], [136.286497, 34.973963], [136.286075, 34.973842], [136.285441, 34.974059], [136.284624, 34.973508], [136.284059, 34.973424], [136.28393, 34.973106], [136.284403, 34.970732], [136.283108, 34.971058], [136.282767, 34.970843], [136.28243, 34.970279], [136.281733, 34.970099], [136.28166, 34.969087], [136.281215, 34.968144], [136.279499, 34.967737], [136.278096, 34.966521], [136.277936, 34.966216], [136.277994, 34.965197], [136.277703, 34.964892], [136.27639, 34.965099], [136.274964, 34.965036], [136.273708, 34.963767], [136.271381, 34.962893], [136.270918, 34.962031], [136.269575, 34.961357], [136.269276, 34.961395], [136.268584, 34.961801], [136.267975, 34.963416], [136.267009, 34.963751], [136.265879, 34.963391], [136.26523, 34.963742], [136.264594, 34.962892], [136.263802, 34.961335], [136.262952, 34.961109], [136.261956, 34.961553], [136.260466, 34.960891], [136.258912, 34.960678], [136.258312, 34.960229], [136.257545, 34.960071], [136.256498, 34.959439], [136.255654, 34.959221], [136.255456, 34.958849], [136.254602, 34.958149], [136.253397, 34.957651], [136.252242, 34.956727], [136.251039, 34.956576], [136.24927, 34.956677], [136.248443, 34.956439], [136.247118, 34.956544], [136.246417, 34.956719], [136.245536, 34.957087], [136.244506, 34.957723], [136.243279, 34.958064], [136.241531, 34.958153], [136.239663, 34.959003], [136.237793, 34.959301], [136.237004, 34.960466], [136.236334, 34.961046], [136.235283, 34.961694], [136.233845, 34.962359], [136.233912, 34.962786], [136.232805, 34.963234], [136.232094, 34.963107], [136.231834, 34.963169], [136.230751, 34.964257], [136.23067, 34.964736], [136.230813, 34.965606], [136.230261, 34.965881], [136.229773, 34.965881], [136.23037, 34.967087], [136.230481, 34.967674], [136.230016, 34.968108], [136.229283, 34.969506], [136.228212, 34.970426], [136.226462, 34.970381], [136.226456, 34.971046], [136.22594, 34.971002], [136.225299, 34.970834], [136.224665, 34.97004], [136.223765, 34.96947], [136.222655, 34.969357], [136.221375, 34.968954], [136.220024, 34.96873], [136.219558, 34.969421], [136.219249, 34.971201], [136.218114, 34.972508], [136.218872, 34.9733], [136.219005, 34.973613], [136.2187, 34.974402], [136.218549, 34.97538], [136.219897, 34.976089], [136.220545, 34.977602], [136.220233, 34.977851], [136.219659, 34.977996], [136.219468, 34.978526], [136.219107, 34.978939], [136.219134, 34.979146], [136.219623, 34.97977], [136.219579, 34.980022], [136.21919, 34.980299], [136.217869, 34.980538], [136.217841, 34.981662], [136.216366, 34.982846], [136.216246, 34.983095], [136.216287, 34.983613], [136.215764, 34.984414], [136.21571, 34.985052], [136.215421, 34.985611], [136.214498, 34.985331], [136.213729, 34.985483], [136.213089, 34.984913], [136.21204, 34.984836], [136.211217, 34.984357], [136.210822, 34.984949], [136.210441, 34.985168], [136.209337, 34.985087], [136.207747, 34.985321], [136.2074, 34.986289], [136.207629, 34.986571], [136.207409, 34.986836], [136.207449, 34.987145], [136.207127, 34.987458], [136.2068, 34.987564], [136.206542, 34.988214], [136.206054, 34.988882], [136.205143, 34.988756], [136.204174, 34.988997], [136.203158, 34.988687], [136.202386, 34.988904], [136.200103, 34.988891], [136.199744, 34.989233], [136.20072, 34.99056], [136.200337, 34.99107], [136.200823, 34.991608], [136.201161, 34.992337], [136.199564, 34.992564], [136.198971, 34.993151], [136.19804, 34.993619], [136.197067, 34.99324], [136.196746, 34.993261], [136.196378, 34.993624], [136.196009, 34.994327], [136.195103, 34.995128], [136.192487, 34.996629], [136.19105, 34.996619], [136.188868, 34.997544], [136.188651, 34.997907], [136.188926, 34.998701], [136.188577, 35.000072], [136.187858, 35.000328], [136.187216, 35.000001], [136.186005, 35.001301], [136.185487, 35.00216], [136.184812, 35.002178], [136.18457, 35.002556], [136.18426, 35.002708], [136.182259, 35.002279], [136.18173, 35.002476], [136.181446, 35.002981], [136.182608, 35.004189], [136.182964, 35.004795], [136.183061, 35.005518], [136.182821, 35.006149], [136.182696, 35.007117], [136.183391, 35.007686], [136.183308, 35.008471], [136.183651, 35.008972], [136.182525, 35.010266], [136.181841, 35.010636], [136.181571, 35.011102], [136.181538, 35.011525], [136.181719, 35.011747], [136.182554, 35.012186], [136.182778, 35.012438], [136.18264, 35.013144], [136.182929, 35.013723], [136.182699, 35.013931], [136.181932, 35.014006], [136.180492, 35.014558], [136.180307, 35.015236], [136.180623, 35.015806], [136.180675, 35.016433]]]}}, {"type": "Feature", "properties": {"pref_code": "25", "pref_name": "滋賀県", "municipality_code": "25210", "municipality_name": "野洲市", "ward_name": "", "display_name": "野洲市", "geometry_key": "25210"}, "geometry": {"type": "Polygon", "coordinates": [[[136.077955, 35.092019], [136.077017, 35.092395], [136.073037, 35.095516], [136.073221, 35.095775], [136.072383, 35.096466], [136.072184, 35.097096], [136.07184, 35.097537], [136.07093, 35.097404], [136.070184, 35.097926], [136.069573, 35.098756], [136.06962, 35.099431], [136.069367, 35.099683], [136.069716, 35.101266], [136.068628, 35.103051], [136.068142, 35.104166], [136.066545, 35.106312], [136.064961, 35.105196], [136.064244, 35.104959], [136.062871, 35.10497], [136.060231, 35.1055], [136.057263, 35.105643], [136.056715, 35.105789], [136.055557, 35.106477], [136.053598, 35.107903], [136.050435, 35.109419], [136.048711, 35.110385], [136.047352, 35.110708], [136.045985, 35.110636], [136.042796, 35.109743], [136.041866, 35.109714], [136.040684, 35.110155], [136.038005, 35.112127], [136.036856, 35.112764], [136.03581, 35.113212], [136.034345, 35.113649], [136.033732, 35.113977], [136.033237, 35.114417], [136.032864, 35.115017], [136.031402, 35.117904], [136.030755, 35.119761], [136.030585, 35.120775], [136.030618, 35.122094], [136.031082, 35.123024], [136.032222, 35.124624], [136.032167, 35.125447], [136.031598, 35.126012], [136.028761, 35.126876], [136.028378, 35.127196], [136.028388, 35.127615], [136.028848, 35.128373], [136.030567, 35.129975], [136.029782, 35.130432], [136.029347, 35.130086], [136.029441, 35.130337], [136.02899, 35.130506], [136.028884, 35.130332], [136.028649, 35.130438], [136.028736, 35.130681], [136.028539, 35.130974], [136.027077, 35.130387], [136.025674, 35.131292], [136.026452, 35.132073], [136.026501, 35.132847], [136.026256, 35.133642], [136.024959, 35.1359], [136.023324, 35.136983], [136.022641, 35.136332], [136.020603, 35.13763], [136.019765, 35.136806], [136.018114, 35.137842], [136.017127, 35.136863], [136.016152, 35.137479], [136.015872, 35.137194], [136.013729, 35.137876], [136.007979, 35.140902], [136.003639, 35.154608], [136.001069, 35.186178], [135.995847, 35.190207], [135.982368, 35.186616], [135.972564, 35.18098], [135.959311, 35.147213], [135.967594, 35.130869], [135.981342, 35.122781], [135.981883, 35.122709], [135.981891, 35.122143], [135.984987, 35.122121], [135.984993, 35.12018], [135.988583, 35.120191], [135.98858, 35.119418], [135.989224, 35.119334], [135.989158, 35.119189], [135.989822, 35.119032], [135.98967, 35.118511], [135.991926, 35.117619], [135.992346, 35.117283], [135.993716, 35.117479], [135.99403, 35.115888], [135.99385, 35.113296], [135.992219, 35.111384], [135.992077, 35.111059], [135.99181, 35.111032], [135.991711, 35.11028], [135.991895, 35.109555], [135.992546, 35.109051], [135.993538, 35.109107], [135.994416, 35.109591], [135.995454, 35.110409], [135.996282, 35.110816], [135.997385, 35.110989], [135.997992, 35.110751], [135.998487, 35.110466], [135.999045, 35.109696], [135.999164, 35.108652], [135.999482, 35.108416], [135.99974, 35.107237], [136.000132, 35.106409], [136.002628, 35.104437], [136.003569, 35.103284], [136.003896, 35.102234], [136.004021, 35.101196], [136.004007, 35.100507], [136.003822, 35.099878], [136.004076, 35.099662], [136.003674, 35.098559], [136.003614, 35.098185], [136.003739, 35.097752], [136.00349, 35.097449], [136.003753, 35.095542], [136.003776, 35.094268], [136.003949, 35.094061], [136.003677, 35.093612], [136.003177, 35.092013], [136.002603, 35.091959], [136.002419, 35.091814], [136.001602, 35.090398], [136.002487, 35.089998], [136.003273, 35.089931], [136.004553, 35.088461], [136.005362, 35.087954], [136.006285, 35.087571], [136.00833, 35.087124], [136.00953, 35.086554], [136.010732, 35.085769], [136.010166, 35.079171], [136.010199, 35.077428], [136.009723, 35.075937], [136.007167, 35.070213], [136.006864, 35.070041], [136.003903, 35.069619], [136.001866, 35.06905], [136.001286, 35.068504], [135.998141, 35.064651], [135.997139, 35.065222], [135.996667, 35.064411], [135.997139, 35.064092], [135.997235, 35.063646], [135.996754, 35.063144], [136.003443, 35.059165], [136.003997, 35.059165], [136.004316, 35.058656], [136.007718, 35.05929], [136.013585, 35.053596], [136.015963, 35.050671], [136.021283, 35.043147], [136.027001, 35.034394], [136.027933, 35.033267], [136.029571, 35.031543], [136.030652, 35.030546], [136.031351, 35.030077], [136.037401, 35.026814], [136.038886, 35.02617], [136.041236, 35.025342], [136.042123, 35.02703], [136.043268, 35.027661], [136.043651, 35.028162], [136.045031, 35.029356], [136.049842, 35.031751], [136.050231, 35.031829], [136.051207, 35.031685], [136.050893, 35.032471], [136.051108, 35.033409], [136.051404, 35.033886], [136.051263, 35.035814], [136.051727, 35.036064], [136.052985, 35.036264], [136.053022, 35.036647], [136.053316, 35.037036], [136.052639, 35.037594], [136.052793, 35.038411], [136.05244, 35.039461], [136.052506, 35.039722], [136.053464, 35.041883], [136.05433, 35.042585], [136.055919, 35.044761], [136.056039, 35.045251], [136.05579, 35.045633], [136.055702, 35.046119], [136.055859, 35.047079], [136.056122, 35.047542], [136.055624, 35.048228], [136.055177, 35.051071], [136.054604, 35.051965], [136.054759, 35.053973], [136.055227, 35.055954], [136.055576, 35.055911], [136.056095, 35.056602], [136.056573, 35.05677], [136.058465, 35.056184], [136.060827, 35.055773], [136.061896, 35.055457], [136.064372, 35.055055], [136.065829, 35.055094], [136.068414, 35.054414], [136.068994, 35.053919], [136.070404, 35.053564], [136.071261, 35.053147], [136.072174, 35.052964], [136.072652, 35.052754], [136.073169, 35.0523], [136.073244, 35.053349], [136.0731, 35.054201], [136.07352, 35.055265], [136.073341, 35.056132], [136.074712, 35.056926], [136.075711, 35.058107], [136.076745, 35.058595], [136.077862, 35.059462], [136.07844, 35.059592], [136.079266, 35.059354], [136.079699, 35.060829], [136.07888, 35.061446], [136.078646, 35.061785], [136.078866, 35.062636], [136.07857, 35.063096], [136.078481, 35.063736], [136.078777, 35.064858], [136.080326, 35.066814], [136.078639, 35.067994], [136.078887, 35.068752], [136.078935, 35.070393], [136.079706, 35.071542], [136.079816, 35.071991], [136.07868, 35.072999], [136.078273, 35.073725], [136.078507, 35.074638], [136.079203, 35.075209], [136.079526, 35.07585], [136.07943, 35.076491], [136.079829, 35.077394], [136.079636, 35.078935], [136.079416, 35.080035], [136.079065, 35.080824], [136.077344, 35.08176], [136.077213, 35.082037], [136.077206, 35.082852], [136.075967, 35.083222], [136.075815, 35.083381], [136.076215, 35.084323], [136.076249, 35.085222], [136.076421, 35.085471], [136.076882, 35.085686], [136.078101, 35.087247], [136.077203, 35.08787], [136.077171, 35.088277], [136.076593, 35.089038], [136.076507, 35.089399], [136.077028, 35.09036], [136.077714, 35.09075], [136.077955, 35.092019]]]}}, {"type": "Feature", "properties": {"pref_code": "25", "pref_name": "滋賀県", "municipality_code": "25211", "municipality_name": "湖南市", "ward_name": "", "display_name": "湖南市", "geometry_key": "25211"}, "geometry": {"type": "Polygon", "coordinates": [[[136.073169, 35.0523], [136.072652, 35.052754], [136.072174, 35.052964], [136.071261, 35.053147], [136.070404, 35.053564], [136.068994, 35.053919], [136.068414, 35.054414], [136.065829, 35.055094], [136.064372, 35.055055], [136.061896, 35.055457], [136.060827, 35.055773], [136.058465, 35.056184], [136.056573, 35.05677], [136.056095, 35.056602], [136.055576, 35.055911], [136.055227, 35.055954], [136.054759, 35.053973], [136.054604, 35.051965], [136.055177, 35.051071], [136.055624, 35.048228], [136.056122, 35.047542], [136.055859, 35.047079], [136.055702, 35.046119], [136.05579, 35.045633], [136.056039, 35.045251], [136.055919, 35.044761], [136.05433, 35.042585], [136.053464, 35.041883], [136.052506, 35.039722], [136.05244, 35.039461], [136.052793, 35.038411], [136.052639, 35.037594], [136.053316, 35.037036], [136.053022, 35.036647], [136.052985, 35.036264], [136.051727, 35.036064], [136.051263, 35.035814], [136.051404, 35.033886], [136.051108, 35.033409], [136.050893, 35.032471], [136.051207, 35.031685], [136.050231, 35.031829], [136.049842, 35.031751], [136.045031, 35.029356], [136.043651, 35.028162], [136.043268, 35.027661], [136.042123, 35.02703], [136.041236, 35.025342], [136.038886, 35.02617], [136.038298, 35.025483], [136.037531, 35.02525], [136.037028, 35.024332], [136.036687, 35.022884], [136.036646, 35.021301], [136.037135, 35.020901], [136.037552, 35.020288], [136.038051, 35.020157], [136.038278, 35.01997], [136.038211, 35.019605], [136.039236, 35.019038], [136.03965, 35.018429], [136.039472, 35.018107], [136.03945, 35.017536], [136.038994, 35.016759], [136.037551, 35.016432], [136.037645, 35.015728], [136.037475, 35.015416], [136.037105, 35.015253], [136.036784, 35.014091], [136.036927, 35.013092], [136.036825, 35.012532], [136.036241, 35.011849], [136.036861, 35.009922], [136.037293, 35.009486], [136.039099, 35.008272], [136.039584, 35.007402], [136.038483, 35.006463], [136.038149, 35.005538], [136.037307, 35.004955], [136.037289, 35.004812], [136.037872, 35.004324], [136.038121, 35.003127], [136.038899, 35.002746], [136.03889, 35.002127], [136.039316, 35.001395], [136.039299, 35.000877], [136.038819, 35.000318], [136.038538, 34.999316], [136.038525, 34.997936], [136.038778, 34.997581], [136.040326, 34.996583], [136.041402, 34.996883], [136.0423, 34.996615], [136.042688, 34.996653], [136.043664, 34.99649], [136.044495, 34.996614], [136.045328, 34.996515], [136.046326, 34.995581], [136.046263, 34.995223], [136.046405, 34.99491], [136.045929, 34.994628], [136.04589, 34.994172], [136.045359, 34.993387], [136.045137, 34.992734], [136.044337, 34.992093], [136.044327, 34.991727], [136.044706, 34.991364], [136.044779, 34.990654], [136.044147, 34.989663], [136.043863, 34.988953], [136.043462, 34.988439], [136.042747, 34.987894], [136.042621, 34.987487], [136.042894, 34.986514], [136.042442, 34.986202], [136.042443, 34.98562], [136.042822, 34.984841], [136.043159, 34.984789], [136.044085, 34.98504], [136.044506, 34.984858], [136.04479, 34.983929], [136.045369, 34.982923], [136.045643, 34.982108], [136.046224, 34.981327], [136.04812, 34.980623], [136.049067, 34.980138], [136.050252, 34.978101], [136.050554, 34.976903], [136.051123, 34.976683], [136.05236, 34.976643], [136.053117, 34.976143], [136.053059, 34.975325], [136.053283, 34.974767], [136.052969, 34.974314], [136.053043, 34.97411], [136.053366, 34.973756], [136.054106, 34.973357], [136.055788, 34.971528], [136.056129, 34.970612], [136.056472, 34.970457], [136.057494, 34.969425], [136.058513, 34.967825], [136.059402, 34.967504], [136.059703, 34.966929], [136.060533, 34.966796], [136.061025, 34.966487], [136.061157, 34.965788], [136.060862, 34.964899], [136.061239, 34.96417], [136.062604, 34.96444], [136.063052, 34.963914], [136.06361, 34.963741], [136.064876, 34.962677], [136.06508, 34.962641], [136.066222, 34.962861], [136.066999, 34.963285], [136.067154, 34.963418], [136.067392, 34.964174], [136.068882, 34.964555], [136.070133, 34.965655], [136.070465, 34.964598], [136.071749, 34.96434], [136.071904, 34.964171], [136.071521, 34.96289], [136.071582, 34.962593], [136.072596, 34.962208], [136.073239, 34.962116], [136.07471, 34.96212], [136.076404, 34.962467], [136.077306, 34.961634], [136.077096, 34.961018], [136.077145, 34.960801], [136.077542, 34.960849], [136.078062, 34.960613], [136.07871, 34.960542], [136.079368, 34.959806], [136.079229, 34.959021], [136.079596, 34.958465], [136.079618, 34.958075], [136.080173, 34.958004], [136.080866, 34.957456], [136.081313, 34.9575], [136.081774, 34.957331], [136.082137, 34.956822], [136.082892, 34.956461], [136.082919, 34.955897], [136.083648, 34.955271], [136.084311, 34.955488], [136.085965, 34.955036], [136.086233, 34.954641], [136.086264, 34.953871], [136.086444, 34.953697], [136.087086, 34.953631], [136.087431, 34.954326], [136.087787, 34.954582], [136.088761, 34.954228], [136.089654, 34.954477], [136.090759, 34.954289], [136.091612, 34.954345], [136.091824, 34.954532], [136.091922, 34.954917], [136.091801, 34.956592], [136.091922, 34.956791], [136.092482, 34.957136], [136.093313, 34.957347], [136.093298, 34.956494], [136.093509, 34.955752], [136.094719, 34.954558], [136.094977, 34.954451], [136.095756, 34.954536], [136.097222, 34.954008], [136.097584, 34.953629], [136.098691, 34.953175], [136.099641, 34.953095], [136.100019, 34.952885], [136.10086, 34.952082], [136.102268, 34.951771], [136.102798, 34.951875], [136.103286, 34.951337], [136.104013, 34.950176], [136.104762, 34.948637], [136.105653, 34.948331], [136.106941, 34.948678], [136.107638, 34.948279], [136.108713, 34.948225], [136.109166, 34.947104], [136.109683, 34.946607], [136.110136, 34.946596], [136.110878, 34.946847], [136.111606, 34.94749], [136.113577, 34.947699], [136.113781, 34.947904], [136.114214, 34.949165], [136.114712, 34.949475], [136.114997, 34.949973], [136.115722, 34.950565], [136.115838, 34.951564], [136.116108, 34.952013], [136.117662, 34.952915], [136.11865, 34.953325], [136.119574, 34.954604], [136.12039, 34.954656], [136.121132, 34.954506], [136.121643, 34.954146], [136.122337, 34.95435], [136.123259, 34.954932], [136.123878, 34.956549], [136.123739, 34.957168], [136.123903, 34.957873], [136.12563, 34.960963], [136.126346, 34.961189], [136.127136, 34.961098], [136.128602, 34.961228], [136.13009, 34.962401], [136.131302, 34.962622], [136.131509, 34.963067], [136.131962, 34.963481], [136.131832, 34.963696], [136.130948, 34.964029], [136.130251, 34.964596], [136.12936, 34.965812], [136.129311, 34.966626], [136.129419, 34.966853], [136.129612, 34.967], [136.130074, 34.966319], [136.130518, 34.966538], [136.131411, 34.966991], [136.131668, 34.967981], [136.130244, 34.971592], [136.129904, 34.972258], [136.129085, 34.973179], [136.127949, 34.97862], [136.126653, 34.980967], [136.125876, 34.981952], [136.124052, 34.983842], [136.124125, 34.984212], [136.125199, 34.985621], [136.125224, 34.985849], [136.125144, 34.986955], [136.124395, 34.988418], [136.125511, 34.988482], [136.127515, 34.989094], [136.127206, 34.991379], [136.125351, 34.992106], [136.124761, 34.992507], [136.123776, 34.993594], [136.122421, 34.995793], [136.123672, 34.997264], [136.124923, 34.997229], [136.125228, 34.997827], [136.125856, 34.998454], [136.127591, 34.999042], [136.129569, 34.999047], [136.130664, 34.999522], [136.130885, 34.999106], [136.13306, 35.000842], [136.133641, 35.000922], [136.134472, 35.000528], [136.134723, 35.000547], [136.135697, 35.001858], [136.135993, 35.002079], [136.136916, 35.002404], [136.138055, 35.002459], [136.139123, 35.002954], [136.139109, 35.003231], [136.139428, 35.003955], [136.139348, 35.004225], [136.138859, 35.00471], [136.139393, 35.006269], [136.139457, 35.007985], [136.138969, 35.008243], [136.138425, 35.008909], [136.138445, 35.009413], [136.137891, 35.010054], [136.137672, 35.010748], [136.137492, 35.012322], [136.137806, 35.012536], [136.136998, 35.013684], [136.137242, 35.014419], [136.138385, 35.014933], [136.138754, 35.015224], [136.138983, 35.015828], [136.138689, 35.017084], [136.138898, 35.017272], [136.139077, 35.017948], [136.139895, 35.01913], [136.140279, 35.019591], [136.141251, 35.019898], [136.141726, 35.020493], [136.141845, 35.021381], [136.141561, 35.022319], [136.141686, 35.022628], [136.141387, 35.022898], [136.141352, 35.023251], [136.141594, 35.024495], [136.14218, 35.025045], [136.14091, 35.026402], [136.139563, 35.026456], [136.138952, 35.026313], [136.138676, 35.026399], [136.138119, 35.02702], [136.137129, 35.026974], [136.136356, 35.028666], [136.136467, 35.029069], [136.136945, 35.029584], [136.137024, 35.030187], [136.136873, 35.03047], [136.135571, 35.031495], [136.134865, 35.031216], [136.134484, 35.03121], [136.134344, 35.031656], [136.133781, 35.032118], [136.133207, 35.032186], [136.132736, 35.032533], [136.132019, 35.032699], [136.131557, 35.033271], [136.131432, 35.034301], [136.130622, 35.034256], [136.130267, 35.034872], [136.129554, 35.035396], [136.128584, 35.035026], [136.127774, 35.0351], [136.127003, 35.035671], [136.126193, 35.035939], [136.126179, 35.036588], [136.125587, 35.036863], [136.125033, 35.036892], [136.123963, 35.037212], [136.123392, 35.037135], [136.121256, 35.036237], [136.118401, 35.036297], [136.119558, 35.035201], [136.12071, 35.032667], [136.121286, 35.031796], [136.121005, 35.031384], [136.12154, 35.030293], [136.122127, 35.027658], [136.123602, 35.025194], [136.123629, 35.024747], [136.122875, 35.023079], [136.122956, 35.022531], [136.122232, 35.022001], [136.121966, 35.021572], [136.120192, 35.020994], [136.119943, 35.021017], [136.119474, 35.021578], [136.118986, 35.021909], [136.118775, 35.022425], [136.118302, 35.022712], [136.118035, 35.023453], [136.117526, 35.024034], [136.117172, 35.025025], [136.117135, 35.026789], [136.116918, 35.027074], [136.115441, 35.027227], [136.114259, 35.027065], [136.112877, 35.027624], [136.11105, 35.026965], [136.110261, 35.027303], [136.109831, 35.027347], [136.109425, 35.026736], [136.108151, 35.026313], [136.107386, 35.025925], [136.106063, 35.024922], [136.104618, 35.024574], [136.104437, 35.024236], [136.104549, 35.023622], [136.104285, 35.022974], [136.103255, 35.021764], [136.102467, 35.021418], [136.101104, 35.021566], [136.100806, 35.022266], [136.099737, 35.022411], [136.099399, 35.022677], [136.097675, 35.023403], [136.097508, 35.024028], [136.09784, 35.024568], [136.097752, 35.024778], [136.097527, 35.024874], [136.095842, 35.024637], [136.095141, 35.024919], [136.094828, 35.024867], [136.094009, 35.0244], [136.093744, 35.024396], [136.093092, 35.024972], [136.092334, 35.025253], [136.092421, 35.026117], [136.091996, 35.026508], [136.091828, 35.026985], [136.091187, 35.027592], [136.090942, 35.028028], [136.091059, 35.028564], [136.090917, 35.028976], [136.089526, 35.029347], [136.088997, 35.02991], [136.08858, 35.029988], [136.087767, 35.029791], [136.086782, 35.029924], [136.085767, 35.030524], [136.085713, 35.03087], [136.086188, 35.031152], [136.086575, 35.031665], [136.086149, 35.03266], [136.086286, 35.033221], [136.085855, 35.034008], [136.08562, 35.034069], [136.084759, 35.033948], [136.083945, 35.034974], [136.084013, 35.035365], [136.084816, 35.036265], [136.083959, 35.038341], [136.083958, 35.039272], [136.081935, 35.040967], [136.081817, 35.041341], [136.081465, 35.041759], [136.081631, 35.042143], [136.080602, 35.043151], [136.079137, 35.045297], [136.078882, 35.045489], [136.078866, 35.045862], [136.079174, 35.04622], [136.079266, 35.046598], [136.078292, 35.047226], [136.078103, 35.04806], [136.078417, 35.048937], [136.078644, 35.049044], [136.078898, 35.049472], [136.07886, 35.049806], [136.078383, 35.050221], [136.076494, 35.051232], [136.074075, 35.051694], [136.073554, 35.051944], [136.073169, 35.0523]]]}}, {"type": "Feature", "properties": {"pref_code": "25", "pref_name": "滋賀県", "municipality_code": "25212", "municipality_name": "高島市", "ward_name": "", "display_name": "高島市", "geometry_key": "25212"}, "geometry": {"type": "Polygon", "coordinates": [[[136.105623, 35.528818], [136.105362, 35.528657], [136.105159, 35.528764], [136.103974, 35.530296], [136.101829, 35.531369], [136.101022, 35.532003], [136.1006, 35.53203], [136.100293, 35.53218], [136.100037, 35.533356], [136.099605, 35.533848], [136.099126, 35.534028], [136.098079, 35.533719], [136.097427, 35.533889], [136.094544, 35.535938], [136.094012, 35.536837], [136.093557, 35.537343], [136.093214, 35.537532], [136.092652, 35.537619], [136.091568, 35.537352], [136.090918, 35.537418], [136.089812, 35.537833], [136.088565, 35.538946], [136.087808, 35.538931], [136.086868, 35.539097], [136.085814, 35.539568], [136.08415, 35.540044], [136.083444, 35.540479], [136.082907, 35.540577], [136.08173, 35.540141], [136.081484, 35.539909], [136.081262, 35.539357], [136.080671, 35.539151], [136.08052, 35.538946], [136.079754, 35.536416], [136.079352, 35.535725], [136.077831, 35.535334], [136.076772, 35.534572], [136.076687, 35.534291], [136.076905, 35.533965], [136.07707, 35.533008], [136.077514, 35.532049], [136.077547, 35.531612], [136.0775, 35.531299], [136.077047, 35.530541], [136.075274, 35.529818], [136.073983, 35.529632], [136.072782, 35.528925], [136.072352, 35.528059], [136.071549, 35.527294], [136.070282, 35.526556], [136.069436, 35.526267], [136.068634, 35.526305], [136.066771, 35.52685], [136.06601, 35.527426], [136.065315, 35.528299], [136.064639, 35.527998], [136.063808, 35.528129], [136.062351, 35.528148], [136.061803, 35.528949], [136.061543, 35.530238], [136.061071, 35.531194], [136.061028, 35.531546], [136.060716, 35.531867], [136.059449, 35.532214], [136.058911, 35.531828], [136.058026, 35.531863], [136.057563, 35.532129], [136.057098, 35.532601], [136.056344, 35.532895], [136.055834, 35.533485], [136.055026, 35.533536], [136.053972, 35.533138], [136.053471, 35.533146], [136.051538, 35.534107], [136.049472, 35.53432], [136.048617, 35.534512], [136.048233, 35.534489], [136.047992, 35.534231], [136.047019, 35.532122], [136.04685, 35.53074], [136.046377, 35.530176], [136.045587, 35.530447], [136.044816, 35.53049], [136.043973, 35.530694], [136.042632, 35.530681], [136.041999, 35.5308], [136.041188, 35.532089], [136.040938, 35.532182], [136.03959, 35.531552], [136.038041, 35.5314], [136.0366, 35.530747], [136.033598, 35.530107], [136.030511, 35.529681], [136.02991, 35.529401], [136.028275, 35.529068], [136.026532, 35.529497], [136.026083, 35.527024], [136.026392, 35.526677], [136.027635, 35.526218], [136.027257, 35.524856], [136.028768, 35.523778], [136.028842, 35.523428], [136.028161, 35.522623], [136.027291, 35.521921], [136.02499, 35.520853], [136.024468, 35.520398], [136.023386, 35.519916], [136.023551, 35.519355], [136.023288, 35.518881], [136.023237, 35.518035], [136.02287, 35.517646], [136.021529, 35.514923], [136.020306, 35.512026], [136.019656, 35.511797], [136.017831, 35.512376], [136.015963, 35.512272], [136.015139, 35.511648], [136.015117, 35.511454], [136.015757, 35.510542], [136.015103, 35.508729], [136.014614, 35.508262], [136.013758, 35.507821], [136.013292, 35.50731], [136.011727, 35.504841], [136.011764, 35.504374], [136.012292, 35.503726], [136.012351, 35.503452], [136.011748, 35.502722], [136.011872, 35.501946], [136.011693, 35.500458], [136.010951, 35.499967], [136.010746, 35.499658], [136.011686, 35.497617], [136.011446, 35.49705], [136.010524, 35.495682], [136.00889, 35.49385], [136.008485, 35.493631], [136.007071, 35.49331], [136.007022, 35.492212], [136.006665, 35.491819], [136.004171, 35.490954], [136.003771, 35.49106], [136.003353, 35.491426], [136.002454, 35.491876], [136.002069, 35.491966], [136.000647, 35.491578], [135.999623, 35.491752], [135.99825, 35.491409], [135.99781, 35.491403], [135.997611, 35.491493], [135.997309, 35.49201], [135.996679, 35.49263], [135.995307, 35.491793], [135.994819, 35.491629], [135.993779, 35.491541], [135.99319, 35.491587], [135.990427, 35.492663], [135.989507, 35.492682], [135.988031, 35.491756], [135.987612, 35.491371], [135.987, 35.490454], [135.986377, 35.49001], [135.984501, 35.489143], [135.982716, 35.487311], [135.98145, 35.486547], [135.980951, 35.486689], [135.980299, 35.488074], [135.97939, 35.488542], [135.979304, 35.489802], [135.978789, 35.491173], [135.977655, 35.49265], [135.976317, 35.493842], [135.976111, 35.494879], [135.975699, 35.495294], [135.974715, 35.497412], [135.9732, 35.498265], [135.9726, 35.50019], [135.971395, 35.500912], [135.970098, 35.501159], [135.968976, 35.502461], [135.968324, 35.502569], [135.967187, 35.502984], [135.965142, 35.502507], [135.964765, 35.502128], [135.964108, 35.501782], [135.96266, 35.501296], [135.961682, 35.502025], [135.960761, 35.502259], [135.960509, 35.502853], [135.958786, 35.504357], [135.958633, 35.50482], [135.957934, 35.505705], [135.957586, 35.505961], [135.956659, 35.50612], [135.954377, 35.505681], [135.95237, 35.506221], [135.951761, 35.507512], [135.952246, 35.509333], [135.951868, 35.51], [135.951743, 35.511566], [135.950975, 35.512896], [135.950396, 35.514736], [135.949923, 35.515502], [135.94883, 35.5166], [135.948173, 35.518325], [135.947022, 35.520476], [135.946516, 35.520987], [135.946065, 35.521238], [135.945003, 35.521172], [135.944492, 35.521384], [135.943156, 35.521305], [135.942386, 35.521123], [135.94206, 35.520906], [135.941127, 35.520839], [135.940779, 35.520446], [135.940557, 35.520374], [135.939647, 35.520543], [135.939245, 35.519892], [135.938867, 35.518755], [135.938823, 35.518316], [135.939037, 35.517772], [135.938978, 35.516986], [135.93874, 35.516521], [135.938081, 35.515874], [135.938155, 35.515318], [135.93771, 35.51454], [135.937577, 35.514002], [135.937903, 35.513379], [135.937762, 35.511821], [135.938021, 35.511162], [135.937244, 35.511023], [135.937488, 35.510396], [135.937421, 35.510118], [135.936747, 35.509087], [135.936474, 35.507811], [135.935681, 35.506138], [135.935251, 35.504677], [135.935288, 35.503912], [135.934436, 35.503385], [135.933214, 35.502308], [135.932977, 35.501679], [135.932988, 35.500314], [135.9323, 35.498749], [135.931645, 35.497768], [135.931684, 35.496433], [135.931333, 35.495821], [135.931194, 35.494883], [135.930286, 35.493621], [135.930025, 35.492337], [135.929833, 35.491961], [135.929521, 35.49183], [135.928777, 35.491941], [135.928541, 35.491846], [135.927518, 35.490509], [135.924825, 35.489971], [135.924409, 35.489566], [135.923633, 35.486732], [135.922527, 35.486165], [135.922294, 35.485934], [135.922994, 35.48428], [135.922985, 35.482764], [135.923572, 35.481971], [135.923734, 35.481546], [135.923511, 35.481099], [135.923001, 35.480663], [135.922227, 35.478943], [135.921569, 35.47809], [135.921464, 35.477384], [135.921662, 35.475951], [135.921362, 35.475742], [135.92068, 35.475735], [135.919766, 35.475259], [135.919046, 35.474131], [135.918142, 35.473826], [135.917932, 35.473584], [135.917898, 35.472778], [135.917556, 35.471727], [135.917017, 35.471313], [135.916478, 35.471118], [135.916111, 35.471121], [135.915974, 35.470991], [135.916009, 35.470578], [135.917233, 35.46886], [135.917357, 35.467073], [135.916741, 35.46517], [135.916243, 35.46422], [135.916251, 35.463388], [135.915817, 35.461146], [135.914853, 35.459136], [135.914953, 35.457627], [135.915576, 35.456119], [135.915576, 35.455718], [135.914628, 35.454002], [135.914586, 35.451861], [135.913802, 35.450228], [135.913077, 35.449534], [135.912455, 35.448686], [135.911956, 35.448373], [135.91014, 35.447623], [135.909782, 35.447046], [135.909874, 35.446706], [135.910572, 35.445648], [135.912716, 35.445558], [135.912966, 35.445475], [135.913172, 35.445097], [135.913164, 35.4431], [135.91239, 35.441686], [135.912341, 35.441041], [135.912814, 35.440001], [135.913815, 35.439134], [135.914595, 35.43799], [135.914662, 35.437506], [135.914358, 35.436635], [135.914869, 35.434881], [135.914162, 35.432106], [135.913538, 35.431306], [135.912757, 35.430837], [135.912017, 35.430531], [135.90965, 35.430034], [135.908279, 35.429569], [135.9076, 35.429585], [135.90664, 35.430047], [135.906274, 35.430102], [135.904206, 35.429598], [135.902711, 35.429433], [135.90226, 35.429097], [135.901711, 35.4282], [135.900977, 35.425759], [135.900402, 35.425692], [135.899732, 35.42513], [135.899024, 35.424957], [135.898466, 35.42466], [135.89798, 35.424235], [135.897739, 35.423432], [135.896625, 35.422909], [135.896018, 35.421851], [135.894636, 35.421516], [135.893838, 35.420407], [135.892981, 35.419847], [135.893505, 35.418549], [135.89357, 35.416261], [135.893841, 35.414837], [135.893712, 35.413488], [135.893358, 35.412652], [135.893294, 35.41192], [135.893546, 35.410734], [135.892627, 35.408872], [135.892372, 35.407693], [135.892442, 35.406929], [135.890931, 35.404124], [135.89057, 35.403175], [135.889954, 35.403042], [135.887359, 35.402888], [135.885639, 35.402346], [135.884322, 35.401748], [135.883427, 35.401554], [135.882532, 35.400831], [135.880647, 35.400716], [135.880286, 35.400602], [135.879251, 35.399647], [135.87777, 35.399212], [135.877403, 35.399001], [135.876497, 35.398354], [135.875553, 35.397405], [135.875239, 35.397262], [135.872149, 35.396825], [135.871736, 35.396148], [135.871417, 35.395961], [135.870094, 35.39604], [135.869218, 35.395914], [135.868629, 35.395699], [135.867867, 35.394962], [135.867396, 35.394757], [135.864691, 35.3944], [135.862949, 35.395116], [135.860987, 35.395002], [135.860183, 35.395422], [135.859941, 35.395694], [135.859795, 35.396227], [135.859386, 35.396683], [135.859012, 35.396892], [135.858132, 35.397029], [135.857402, 35.397519], [135.856585, 35.398318], [135.856439, 35.399127], [135.856176, 35.399609], [135.854595, 35.400506], [135.854338, 35.400778], [135.85433, 35.402018], [135.855156, 35.40298], [135.854899, 35.404877], [135.854526, 35.406134], [135.855384, 35.407194], [135.855613, 35.409032], [135.855371, 35.409497], [135.854116, 35.410771], [135.853133, 35.411537], [135.852636, 35.410702], [135.852394, 35.410577], [135.850919, 35.410662], [135.849678, 35.410594], [135.848716, 35.41102], [135.84791, 35.411094], [135.847189, 35.41148], [135.846123, 35.41131], [135.844157, 35.413077], [135.843803, 35.413157], [135.841403, 35.413083], [135.840655, 35.413389], [135.840163, 35.413798], [135.839051, 35.414354], [135.838601, 35.414308], [135.838082, 35.414002], [135.837576, 35.41344], [135.836952, 35.412286], [135.836314, 35.412008], [135.833941, 35.412031], [135.832708, 35.412473], [135.831891, 35.412252], [135.831266, 35.412726], [135.830393, 35.413168], [135.829226, 35.413544], [135.827699, 35.414338], [135.826694, 35.41465], [135.825674, 35.414372], [135.824871, 35.414695], [135.824517, 35.414678], [135.820813, 35.413042], [135.818984, 35.412521], [135.8172, 35.412735], [135.816479, 35.412679], [135.815468, 35.413161], [135.814651, 35.413098], [135.813657, 35.413301], [135.813214, 35.412978], [135.812265, 35.41152], [135.811473, 35.410689], [135.810669, 35.409234], [135.810565, 35.408482], [135.810724, 35.406209], [135.810385, 35.404326], [135.810544, 35.403012], [135.810073, 35.401103], [135.810066, 35.400351], [135.809374, 35.399495], [135.809547, 35.398312], [135.808389, 35.396018], [135.808091, 35.395241], [135.807973, 35.394436], [135.808099, 35.393571], [135.808341, 35.39314], [135.809187, 35.392304], [135.810149, 35.391652], [135.80997, 35.391091], [135.809303, 35.390054], [135.808943, 35.389147], [135.808768, 35.388246], [135.807917, 35.387044], [135.807771, 35.385884], [135.807528, 35.385362], [135.806842, 35.384897], [135.804949, 35.384386], [135.803591, 35.384942], [135.802722, 35.385135], [135.801143, 35.384999], [135.800211, 35.38509], [135.799234, 35.384851], [135.798387, 35.385898], [135.797764, 35.386409], [135.796604, 35.386988], [135.795239, 35.387385], [135.794054, 35.387419], [135.790893, 35.386639], [135.790768, 35.386457], [135.790629, 35.384175], [135.791358, 35.382825], [135.791981, 35.381266], [135.790885, 35.379025], [135.790331, 35.37852], [135.789978, 35.378367], [135.789149, 35.378332], [135.786787, 35.377878], [135.785398, 35.377337], [135.784366, 35.377439], [135.783923, 35.377014], [135.782923, 35.375331], [135.781967, 35.374736], [135.780914, 35.374429], [135.778958, 35.373366], [135.778999, 35.372736], [135.779776, 35.371888], [135.779797, 35.371701], [135.779353, 35.370569], [135.779193, 35.369336], [135.777776, 35.366785], [135.777748, 35.365939], [135.776904, 35.365569], [135.775769, 35.365306], [135.774876, 35.365342], [135.774273, 35.364953], [135.773857, 35.364271], [135.773871, 35.363599], [135.773745, 35.363378], [135.772232, 35.362152], [135.771788, 35.361357], [135.769943, 35.359811], [135.769541, 35.357942], [135.768785, 35.356014], [135.76961, 35.355174], [135.769721, 35.354301], [135.769221, 35.353485], [135.767669, 35.3531], [135.7676, 35.351838], [135.767329, 35.350876], [135.766199, 35.350341], [135.765978, 35.350075], [135.76595, 35.349417], [135.766276, 35.34882], [135.766248, 35.348502], [135.765263, 35.34782], [135.764411, 35.346921], [135.764009, 35.346303], [135.763732, 35.345416], [135.764072, 35.344557], [135.765021, 35.344104], [135.767588, 35.343888], [135.768788, 35.343937], [135.769931, 35.343348], [135.771081, 35.343484], [135.772521, 35.342888], [135.773849, 35.342916], [135.774314, 35.34282], [135.777905, 35.341064], [135.778281, 35.340755], [135.77869, 35.340098], [135.77905, 35.339927], [135.779467, 35.339989], [135.780818, 35.340562], [135.781912, 35.339535], [135.782509, 35.338438], [135.78255, 35.337772], [135.782259, 35.336887], [135.782257, 35.336269], [135.783661, 35.334908], [135.784, 35.334371], [135.784223, 35.333391], [135.784843, 35.332154], [135.785836, 35.331642], [135.785894, 35.331334], [135.785733, 35.330719], [135.785909, 35.330483], [135.786729, 35.330145], [135.787605, 35.329324], [135.788759, 35.328662], [135.789582, 35.328464], [135.790034, 35.328219], [135.790423, 35.327012], [135.790376, 35.326303], [135.790829, 35.325164], [135.790871, 35.323803], [135.791733, 35.323091], [135.792676, 35.322956], [135.794853, 35.322066], [135.795101, 35.321804], [135.79519, 35.321239], [135.797059, 35.320624], [135.798316, 35.31968], [135.801326, 35.318576], [135.801891, 35.318136], [135.803414, 35.317323], [135.805863, 35.316816], [135.807024, 35.317072], [135.808481, 35.316941], [135.808782, 35.316878], [135.80929, 35.316433], [135.809372, 35.315834], [135.80925, 35.315266], [135.81034, 35.315043], [135.810512, 35.314332], [135.811037, 35.313994], [135.811249, 35.31353], [135.81119, 35.312634], [135.811433, 35.311917], [135.811274, 35.310069], [135.810919, 35.30971], [135.810259, 35.309391], [135.810159, 35.309184], [135.810672, 35.308317], [135.814511, 35.30701], [135.815769, 35.303116], [135.815522, 35.301849], [135.81515, 35.301576], [135.814967, 35.301257], [135.815062, 35.300968], [135.816152, 35.300169], [135.816624, 35.299956], [135.81841, 35.299835], [135.819072, 35.29965], [135.819679, 35.299307], [135.820134, 35.298324], [135.821367, 35.297057], [135.821315, 35.294681], [135.820661, 35.294492], [135.82049, 35.294273], [135.820625, 35.293592], [135.820224, 35.292332], [135.820413, 35.29155], [135.820053, 35.29107], [135.820095, 35.290795], [135.82092, 35.289648], [135.822076, 35.288632], [135.822489, 35.287828], [135.823492, 35.28673], [135.824165, 35.285839], [135.824343, 35.285383], [135.825097, 35.284905], [135.825535, 35.283512], [135.825517, 35.282703], [135.825269, 35.282271], [135.825222, 35.281861], [135.827169, 35.280321], [135.827682, 35.279445], [135.828325, 35.27869], [135.828543, 35.278091], [135.829623, 35.276735], [135.830743, 35.276504], [135.831416, 35.276209], [135.832555, 35.275256], [135.833203, 35.274922], [135.834024, 35.274288], [135.834609, 35.274079], [135.835504, 35.2742], [135.837161, 35.274717], [135.837964, 35.274616], [135.838053, 35.275196], [135.838519, 35.275688], [135.83974, 35.275496], [135.840082, 35.275554], [135.840376, 35.275873], [135.840409, 35.2773], [135.840999, 35.277814], [135.841951, 35.278161], [135.845019, 35.278356], [135.846076, 35.278709], [135.846577, 35.279245], [135.847926, 35.279096], [135.849203, 35.279694], [135.849616, 35.280282], [135.850324, 35.282566], [135.850649, 35.283157], [135.851097, 35.283563], [135.851681, 35.285968], [135.851822, 35.286122], [135.85371, 35.286868], [135.854742, 35.288169], [135.857084, 35.289041], [135.858431, 35.289229], [135.858537, 35.287097], [135.859499, 35.285959], [135.85967, 35.285592], [135.860054, 35.283515], [135.860755, 35.28296], [135.861872, 35.282348], [135.862304, 35.281559], [135.862555, 35.281411], [135.864197, 35.280641], [135.865873, 35.280151], [135.866353, 35.280515], [135.868135, 35.281092], [135.869381, 35.281988], [135.870746, 35.281896], [135.872782, 35.281554], [135.873747, 35.281598], [135.87423, 35.281745], [135.875146, 35.282774], [135.875664, 35.283114], [135.877895, 35.283768], [135.878769, 35.283864], [135.880774, 35.283842], [135.882782, 35.284656], [135.884342, 35.283941], [135.885888, 35.283941], [135.887488, 35.283587], [135.888148, 35.282827], [135.891235, 35.281449], [135.89168, 35.281157], [135.89218, 35.280512], [135.892678, 35.280385], [135.894033, 35.280359], [135.89523, 35.279969], [135.895988, 35.279156], [135.897441, 35.278028], [135.89941, 35.277758], [135.900971, 35.276829], [135.902537, 35.276128], [135.90306, 35.276029], [135.904332, 35.276284], [135.905479, 35.275744], [135.906281, 35.274882], [135.905364, 35.273384], [135.905109, 35.272718], [135.904998, 35.271624], [135.904517, 35.270967], [135.904584, 35.270738], [135.905689, 35.269534], [135.907391, 35.268303], [135.90764, 35.267898], [135.908228, 35.267484], [135.908834, 35.266636], [135.909191, 35.265788], [135.909049, 35.265126], [135.910095, 35.264223], [135.910883, 35.264151], [135.912522, 35.264691], [135.912945, 35.264701], [135.914006, 35.264355], [135.915094, 35.264468], [135.915882, 35.264841], [135.91675, 35.265845], [135.917137, 35.26598], [135.917187, 35.26361], [135.917789, 35.26217], [135.918409, 35.261245], [135.919033, 35.260642], [135.921313, 35.259773], [135.923117, 35.259875], [135.925345, 35.259681], [135.926571, 35.259169], [135.927893, 35.258275], [135.928928, 35.25841], [135.929898, 35.258913], [135.932229, 35.261029], [135.933392, 35.261191], [135.935235, 35.260643], [135.936737, 35.260496], [135.937178, 35.260622], [135.937757, 35.261149], [135.938052, 35.261902], [135.938485, 35.264224], [135.938849, 35.264735], [135.939924, 35.26577], [135.940101, 35.266412], [135.940485, 35.267063], [135.941046, 35.267246], [135.944163, 35.267107], [135.945269, 35.267308], [135.944895, 35.267625], [135.94498, 35.268511], [135.945746, 35.269457], [135.945501, 35.26983], [135.945555, 35.270041], [135.946147, 35.270334], [135.946223, 35.27048], [135.945809, 35.271241], [135.946151, 35.27146], [135.946649, 35.271522], [135.947078, 35.271833], [135.947595, 35.272848], [135.948073, 35.273222], [135.948665, 35.274183], [135.949641, 35.274774], [135.950963, 35.274687], [135.951708, 35.274895], [135.952585, 35.275314], [135.953533, 35.275289], [135.954999, 35.275626], [135.955632, 35.275483], [135.955771, 35.276433], [135.956532, 35.277647], [135.956844, 35.277702], [135.958466, 35.277165], [135.959749, 35.277147], [135.960007, 35.276829], [135.960804, 35.276428], [135.962061, 35.27639], [135.96391, 35.275502], [135.964557, 35.274917], [135.965256, 35.274655], [135.966481, 35.274687], [135.96718, 35.274888], [135.968313, 35.275009], [135.970727, 35.274746], [135.971119, 35.274571], [135.971898, 35.274607], [135.975267, 35.273489], [135.975623, 35.272843], [135.976078, 35.272783], [135.97679, 35.272316], [135.979374, 35.272173], [135.980314, 35.271943], [135.983692, 35.272308], [135.983817, 35.271666], [135.985189, 35.270609], [135.98579, 35.269916], [135.985697, 35.269563], [135.985884, 35.269334], [135.985995, 35.268566], [135.986856, 35.268514], [135.987542, 35.267813], [135.987925, 35.267009], [135.988939, 35.266962], [135.989404, 35.266811], [135.990611, 35.267166], [135.990941, 35.267166], [135.993729, 35.264388], [136.016299, 35.231279], [136.026869, 35.239294], [136.07118, 35.259499], [136.078913, 35.260875], [136.0837, 35.258851], [136.118182, 35.255558], [136.122227, 35.25589], [136.152848, 35.268716], [136.145756, 35.349943], [136.148546, 35.356009], [136.145082, 35.357558], [136.098341, 35.392822], [136.094715, 35.410054], [136.116373, 35.432657], [136.11794, 35.438103], [136.115829, 35.454557], [136.105678, 35.459016], [136.102598, 35.459788], [136.101604, 35.460583], [136.098528, 35.460908], [136.097522, 35.46081], [136.096875, 35.461189], [136.096117, 35.461366], [136.094286, 35.46138], [136.093626, 35.462157], [136.093318, 35.462347], [136.093269, 35.462986], [136.093076, 35.463382], [136.092064, 35.464197], [136.091581, 35.465167], [136.091651, 35.465321], [136.092523, 35.465878], [136.092552, 35.467597], [136.092699, 35.467836], [136.093728, 35.468752], [136.095342, 35.469322], [136.095481, 35.469513], [136.095456, 35.470073], [136.094887, 35.471958], [136.094687, 35.473186], [136.095825, 35.473716], [136.09639, 35.474312], [136.097129, 35.474658], [136.097231, 35.474909], [136.096907, 35.475759], [136.096088, 35.476483], [136.096326, 35.477543], [136.096248, 35.478372], [136.096686, 35.478763], [136.097538, 35.479089], [136.098284, 35.479736], [136.099435, 35.479958], [136.100103, 35.480839], [136.100093, 35.481868], [136.099635, 35.482584], [136.099438, 35.483383], [136.099749, 35.484624], [136.100052, 35.485226], [136.101049, 35.485703], [136.100811, 35.487431], [136.101197, 35.488761], [136.101226, 35.490257], [136.100791, 35.490983], [136.10077, 35.492217], [136.100179, 35.493571], [136.10036, 35.495178], [136.100204, 35.495676], [136.099756, 35.496297], [136.099744, 35.496704], [136.099998, 35.497134], [136.099863, 35.498411], [136.099609, 35.498829], [136.098914, 35.499457], [136.098582, 35.500039], [136.099194, 35.500677], [136.099674, 35.502391], [136.09911, 35.504124], [136.09916, 35.504672], [136.099395, 35.504942], [136.100496, 35.505491], [136.100566, 35.505671], [136.100476, 35.506145], [136.100607, 35.507448], [136.101059, 35.508226], [136.101022, 35.509005], [136.101387, 35.509804], [136.101337, 35.510659], [136.101627, 35.511036], [136.101912, 35.511998], [136.102463, 35.51256], [136.1027, 35.513164], [136.102907, 35.513157], [136.10307, 35.512822], [136.103405, 35.512648], [136.103748, 35.512667], [136.104127, 35.51286], [136.104689, 35.513595], [136.105038, 35.514536], [136.105054, 35.51502], [136.104676, 35.515849], [136.104921, 35.516227], [136.104927, 35.516635], [136.104132, 35.517409], [136.103937, 35.517808], [136.103643, 35.520782], [136.103799, 35.521163], [136.104429, 35.521478], [136.104715, 35.521784], [136.10452, 35.522376], [136.104491, 35.523171], [136.104696, 35.524047], [136.104445, 35.524926], [136.105282, 35.52653], [136.105623, 35.528818]]]}}, {"type": "Feature", "properties": {"pref_code": "25", "pref_name": "滋賀県", "municipality_code": "25213", "municipality_name": "東近江市", "ward_name": "", "display_name": "東近江市", "geometry_key": "25213"}, "geometry": {"type": "Polygon", "coordinates": [[[136.19163, 35.190164], [136.188061, 35.191431], [136.18392, 35.192549], [136.180931, 35.193494], [136.177879, 35.195059], [136.175746, 35.196532], [136.17133, 35.201118], [136.16885, 35.203339], [136.166993, 35.20444], [136.165719, 35.204969], [136.163102, 35.205719], [136.161182, 35.205799], [136.157927, 35.205574], [136.154172, 35.205475], [136.152432, 35.205634], [136.1499, 35.206296], [136.147969, 35.206662], [136.144908, 35.206768], [136.142553, 35.20653], [136.141298, 35.206642], [136.140039, 35.207066], [136.139118, 35.207724], [136.138053, 35.208941], [136.13697, 35.210579], [136.136357, 35.211161], [136.133636, 35.212567], [136.132087, 35.212898], [136.129647, 35.213119], [136.123007, 35.212643], [136.121349, 35.212805], [136.118804, 35.213508], [136.116086, 35.214529], [136.112118, 35.216437], [136.085233, 35.251843], [136.09054, 35.221662], [136.099535, 35.20972], [136.099004, 35.208158], [136.101286, 35.201211], [136.101873, 35.198854], [136.100743, 35.197631], [136.098203, 35.196978], [136.098072, 35.196875], [136.098157, 35.196426], [136.099589, 35.19665], [136.09996, 35.195437], [136.104098, 35.196132], [136.105895, 35.18896], [136.111304, 35.189851], [136.112434, 35.185169], [136.123394, 35.187028], [136.12462, 35.182427], [136.129745, 35.183254], [136.131755, 35.175168], [136.135126, 35.175722], [136.1357, 35.173663], [136.133387, 35.173178], [136.130463, 35.171879], [136.135646, 35.165519], [136.136541, 35.164758], [136.13697, 35.163815], [136.137463, 35.163463], [136.137737, 35.162883], [136.138543, 35.162474], [136.140011, 35.160783], [136.140041, 35.16045], [136.139843, 35.160155], [136.139646, 35.158922], [136.13964, 35.157962], [136.139895, 35.156464], [136.139379, 35.155997], [136.140577, 35.155114], [136.141499, 35.155003], [136.142554, 35.154627], [136.143872, 35.154406], [136.145182, 35.15375], [136.146273, 35.153411], [136.14658, 35.153339], [136.147481, 35.153472], [136.148043, 35.153434], [136.149138, 35.153101], [136.149914, 35.153211], [136.150858, 35.153002], [136.151552, 35.153058], [136.151929, 35.152934], [136.153226, 35.152368], [136.154143, 35.151804], [136.156604, 35.14953], [136.158255, 35.149378], [136.159136, 35.149145], [136.159391, 35.148764], [136.159454, 35.147391], [136.159634, 35.14717], [136.162042, 35.145741], [136.163088, 35.145406], [136.16405, 35.145397], [136.164629, 35.145007], [136.165006, 35.144902], [136.165626, 35.14484], [136.166609, 35.145035], [136.167026, 35.144649], [136.168277, 35.14425], [136.16877, 35.143746], [136.169072, 35.143014], [136.170016, 35.142257], [136.170992, 35.141816], [136.171676, 35.141335], [136.171803, 35.141036], [136.171455, 35.14009], [136.171502, 35.139347], [136.171717, 35.138793], [136.172447, 35.138588], [136.17327, 35.137751], [136.172752, 35.137398], [136.172821, 35.136414], [136.172468, 35.136106], [136.171913, 35.134775], [136.172098, 35.134167], [136.172671, 35.134138], [136.173047, 35.133991], [136.173447, 35.133506], [136.173737, 35.132643], [136.174038, 35.132477], [136.174281, 35.132101], [136.174842, 35.131873], [136.175799, 35.13053], [136.177047, 35.129903], [136.178418, 35.129452], [136.178766, 35.129267], [136.179003, 35.128948], [136.18101, 35.12866], [136.181936, 35.128779], [136.182833, 35.127089], [136.182989, 35.12559], [136.182184, 35.124705], [136.181081, 35.124471], [136.180352, 35.124694], [136.179993, 35.124637], [136.177652, 35.123619], [136.176549, 35.123301], [136.176168, 35.123082], [136.175566, 35.122161], [136.174399, 35.121069], [136.173378, 35.119815], [136.171846, 35.119117], [136.171277, 35.118969], [136.169913, 35.118191], [136.169762, 35.117896], [136.169699, 35.11697], [136.169242, 35.116125], [136.168682, 35.114521], [136.169097, 35.112748], [136.169696, 35.111975], [136.169846, 35.110892], [136.169527, 35.110554], [136.169147, 35.110465], [136.168036, 35.109874], [136.166334, 35.110119], [136.164681, 35.109698], [136.163759, 35.108547], [136.163712, 35.107906], [136.164128, 35.105771], [136.163996, 35.105379], [136.163691, 35.105104], [136.163197, 35.104916], [136.159984, 35.106697], [136.159116, 35.106801], [136.158355, 35.107297], [136.157511, 35.10734], [136.156354, 35.107664], [136.155571, 35.108702], [136.155009, 35.107474], [136.154469, 35.107409], [136.152837, 35.107964], [136.153051, 35.108287], [136.153456, 35.108167], [136.153591, 35.108388], [136.153062, 35.108619], [136.151749, 35.108399], [136.150967, 35.10872], [136.149915, 35.110092], [136.14996, 35.110394], [136.147548, 35.111526], [136.146836, 35.111992], [136.146039, 35.110846], [136.146056, 35.110475], [136.146267, 35.110085], [136.144797, 35.109381], [136.144405, 35.109935], [136.144082, 35.10983], [136.143815, 35.110218], [136.141932, 35.109515], [136.141609, 35.109977], [136.14133, 35.109844], [136.141013, 35.11015], [136.140585, 35.10999], [136.140468, 35.110096], [136.139624, 35.109731], [136.140916, 35.105391], [136.139973, 35.104695], [136.138834, 35.10501], [136.137725, 35.104756], [136.136322, 35.105264], [136.134611, 35.104982], [136.133722, 35.105292], [136.133435, 35.105766], [136.133063, 35.105802], [136.132185, 35.105662], [136.131613, 35.104977], [136.129648, 35.104984], [136.128182, 35.103994], [136.127463, 35.103197], [136.126958, 35.102837], [136.126069, 35.102636], [136.125714, 35.102736], [136.125564, 35.102645], [136.12545, 35.101383], [136.125798, 35.100098], [136.125876, 35.099929], [136.126597, 35.099438], [136.127218, 35.098336], [136.127374, 35.097795], [136.127284, 35.097599], [136.126752, 35.097644], [136.126102, 35.097468], [136.125508, 35.095747], [136.126535, 35.094774], [136.12794, 35.094212], [136.130325, 35.092534], [136.130857, 35.092402], [136.131809, 35.091779], [136.132662, 35.090846], [136.133571, 35.090413], [136.13366, 35.089477], [136.13381, 35.089254], [136.134248, 35.088826], [136.13506, 35.088353], [136.135475, 35.087912], [136.135852, 35.087698], [136.13712, 35.087347], [136.138245, 35.087242], [136.139409, 35.086883], [136.140236, 35.085941], [136.140385, 35.085484], [136.140802, 35.085152], [136.1405, 35.084301], [136.140557, 35.083591], [136.140154, 35.082878], [136.140672, 35.082015], [136.140513, 35.081526], [136.140652, 35.081041], [136.141022, 35.080544], [136.141806, 35.079927], [136.142569, 35.079587], [136.143079, 35.079516], [136.143616, 35.078861], [136.145307, 35.077797], [136.146012, 35.076797], [136.145767, 35.076446], [136.145786, 35.076294], [136.146442, 35.075835], [136.147913, 35.074309], [136.149468, 35.07324], [136.149781, 35.072596], [136.149768, 35.072333], [136.148484, 35.071313], [136.147564, 35.070055], [136.147933, 35.069135], [136.14861, 35.068349], [136.149441, 35.066674], [136.150382, 35.066304], [136.151364, 35.066126], [136.150773, 35.065039], [136.149129, 35.065624], [136.148777, 35.065087], [136.147997, 35.065139], [136.147252, 35.064838], [136.146787, 35.064124], [136.146922, 35.063738], [136.146084, 35.061867], [136.144089, 35.060586], [136.144037, 35.060444], [136.144601, 35.059799], [136.144761, 35.059762], [136.146757, 35.06014], [136.146928, 35.060029], [136.147022, 35.059457], [136.147344, 35.059103], [136.14793, 35.059287], [136.148109, 35.059235], [136.153066, 35.053879], [136.151854, 35.053135], [136.15264, 35.052236], [136.152143, 35.051905], [136.152707, 35.051187], [136.151287, 35.050346], [136.150703, 35.050358], [136.149298, 35.050016], [136.149111, 35.049709], [136.149175, 35.04927], [136.149646, 35.048265], [136.149607, 35.048], [136.149297, 35.048071], [136.149234, 35.047983], [136.150005, 35.045415], [136.150056, 35.044689], [136.150526, 35.044476], [136.151774, 35.042262], [136.152394, 35.039061], [136.152727, 35.038821], [136.152891, 35.038516], [136.153187, 35.037526], [136.15321, 35.036754], [136.154044, 35.035703], [136.154468, 35.033818], [136.15493, 35.032835], [136.155015, 35.032363], [136.154673, 35.030768], [136.155492, 35.029951], [136.155667, 35.029485], [136.156335, 35.028521], [136.157139, 35.028213], [136.157749, 35.028148], [136.158186, 35.028231], [136.158587, 35.028647], [136.158919, 35.028751], [136.161944, 35.028992], [136.162319, 35.029383], [136.162788, 35.030832], [136.16325, 35.030793], [136.163549, 35.03063], [136.163799, 35.030668], [136.164398, 35.030479], [136.165229, 35.030083], [136.165256, 35.029548], [136.166474, 35.027095], [136.166427, 35.026525], [136.166637, 35.025425], [136.167467, 35.024072], [136.168414, 35.023434], [136.169975, 35.023341], [136.170172, 35.023152], [136.170587, 35.022058], [136.170988, 35.021885], [136.171416, 35.021413], [136.171673, 35.020792], [136.171502, 35.020024], [136.171825, 35.01961], [136.172364, 35.019286], [136.17243, 35.018837], [136.173154, 35.018094], [136.173015, 35.017001], [136.173173, 35.016617], [136.174146, 35.016476], [136.174836, 35.016957], [136.174738, 35.017903], [136.175633, 35.019242], [136.175541, 35.020233], [136.176594, 35.021359], [136.177398, 35.020429], [136.178312, 35.020076], [136.179431, 35.01823], [136.179537, 35.017414], [136.180136, 35.016644], [136.180675, 35.016433], [136.180967, 35.017393], [136.181393, 35.017994], [136.182121, 35.018284], [136.182501, 35.018637], [136.18276, 35.019186], [136.183547, 35.019525], [136.183526, 35.019942], [136.183181, 35.020427], [136.183166, 35.021024], [136.183296, 35.021402], [136.183686, 35.021807], [136.183753, 35.022527], [136.184143, 35.023142], [136.183957, 35.024038], [136.184258, 35.025068], [136.185174, 35.024766], [136.185804, 35.025236], [136.186049, 35.025276], [136.186642, 35.024992], [136.187419, 35.024405], [136.18838, 35.024112], [136.189952, 35.024091], [136.190179, 35.024137], [136.19019, 35.024405], [136.190576, 35.024359], [136.191706, 35.024728], [136.192304, 35.023776], [136.192845, 35.023183], [136.193604, 35.022675], [136.19542, 35.022302], [136.195587, 35.022348], [136.196018, 35.022909], [136.196259, 35.022983], [136.196542, 35.022589], [136.196743, 35.022534], [136.197475, 35.023014], [136.197557, 35.023124], [136.197434, 35.023267], [136.198058, 35.023685], [136.198477, 35.023417], [136.198971, 35.023725], [136.199115, 35.023591], [136.199734, 35.023957], [136.200288, 35.024111], [136.200325, 35.024285], [136.199817, 35.024764], [136.199088, 35.025939], [136.199118, 35.027], [136.200452, 35.027785], [136.201127, 35.027923], [136.201283, 35.028127], [136.202911, 35.028922], [136.203338, 35.029243], [136.203111, 35.029539], [136.203798, 35.030282], [136.205374, 35.031117], [136.20534, 35.031559], [136.205785, 35.031724], [136.206078, 35.031407], [136.2069, 35.031776], [136.207171, 35.031435], [136.207757, 35.031761], [136.207621, 35.032473], [136.207743, 35.032611], [136.207959, 35.032342], [136.20869, 35.032711], [136.209111, 35.032199], [136.20926, 35.032193], [136.210551, 35.032806], [136.211296, 35.032944], [136.212723, 35.033966], [136.21302, 35.034603], [136.213417, 35.034993], [136.214452, 35.035507], [136.215955, 35.03549], [136.216804, 35.035733], [136.217259, 35.036643], [136.218775, 35.037465], [136.22046, 35.037537], [136.220599, 35.038318], [136.220125, 35.038717], [136.219973, 35.039282], [136.219453, 35.040137], [136.218933, 35.040225], [136.218616, 35.039456], [136.217404, 35.038782], [136.216175, 35.038448], [136.215281, 35.038511], [136.215092, 35.038679], [136.215625, 35.039806], [136.21556, 35.040196], [136.215314, 35.040531], [136.214457, 35.040724], [136.214211, 35.041077], [136.21433, 35.042267], [136.214776, 35.043051], [136.21472, 35.044311], [136.214863, 35.044378], [136.215972, 35.044059], [136.216521, 35.04423], [136.216579, 35.045137], [136.216263, 35.047863], [136.216312, 35.048422], [136.215842, 35.050236], [136.215378, 35.051161], [136.215591, 35.051951], [136.215968, 35.052529], [136.215923, 35.052747], [136.215596, 35.053055], [136.215616, 35.055558], [136.216013, 35.055537], [136.216878, 35.056522], [136.216489, 35.056579], [136.216669, 35.058717], [136.216121, 35.058734], [136.215752, 35.058522], [136.215329, 35.058815], [136.214649, 35.058828], [136.214719, 35.059202], [136.214915, 35.059384], [136.214555, 35.059789], [136.215089, 35.060126], [136.21555, 35.059829], [136.218347, 35.061931], [136.219496, 35.062092], [136.219816, 35.062376], [136.22021, 35.063156], [136.22082, 35.063882], [136.22148, 35.064123], [136.222837, 35.064892], [136.223479, 35.064949], [136.224151, 35.065218], [136.22516, 35.065212], [136.225936, 35.065535], [136.227066, 35.065397], [136.229483, 35.065485], [136.229845, 35.065374], [136.231385, 35.06568], [136.232411, 35.065343], [136.233861, 35.065566], [136.233972, 35.066344], [136.233689, 35.066894], [136.233841, 35.067691], [136.233706, 35.068192], [136.234057, 35.068796], [136.23446, 35.068967], [136.23626, 35.068853], [136.236949, 35.068967], [136.237475, 35.068914], [136.238284, 35.069384], [136.239016, 35.069135], [136.239841, 35.069353], [136.240547, 35.069089], [136.240903, 35.069185], [136.241624, 35.069086], [136.242313, 35.068772], [136.243019, 35.067873], [136.243465, 35.067645], [136.243781, 35.067666], [136.244481, 35.068227], [136.245516, 35.06823], [136.245964, 35.068419], [136.246436, 35.068002], [136.246794, 35.067919], [136.247411, 35.06799], [136.247824, 35.068291], [136.248515, 35.068494], [136.249027, 35.068477], [136.250536, 35.068068], [136.251429, 35.067608], [136.251463, 35.067354], [136.252607, 35.066656], [136.253679, 35.066404], [136.254211, 35.066126], [136.254935, 35.065102], [136.255681, 35.065183], [136.256191, 35.064836], [136.256982, 35.064657], [136.257447, 35.064883], [136.257747, 35.064807], [136.259166, 35.062666], [136.259275, 35.061947], [136.259916, 35.061019], [136.260207, 35.060833], [136.261285, 35.060633], [136.262039, 35.06035], [136.262638, 35.05971], [136.263196, 35.059498], [136.263832, 35.058406], [136.264567, 35.05805], [136.266895, 35.057759], [136.268328, 35.058888], [136.269001, 35.059199], [136.269664, 35.059364], [136.270169, 35.059153], [136.270464, 35.059182], [136.270816, 35.059639], [136.271096, 35.061349], [136.271548, 35.061549], [136.271878, 35.061467], [136.272139, 35.061224], [136.272667, 35.062882], [136.272945, 35.063064], [136.273856, 35.062856], [136.274378, 35.06079], [136.275352, 35.059219], [136.275461, 35.058015], [136.275578, 35.057932], [136.276694, 35.057846], [136.277493, 35.057492], [136.279017, 35.057495], [136.279387, 35.057645], [136.279622, 35.057964], [136.280583, 35.058111], [136.282476, 35.057775], [136.283071, 35.0575], [136.283656, 35.0577], [136.284426, 35.057667], [136.285388, 35.058004], [136.28699, 35.058133], [136.288583, 35.057989], [136.289543, 35.057577], [136.289899, 35.057684], [136.290946, 35.058602], [136.291489, 35.058632], [136.291771, 35.058558], [136.292306, 35.057879], [136.293394, 35.057343], [136.295458, 35.057408], [136.295905, 35.057272], [136.296952, 35.056017], [136.297986, 35.055551], [136.297966, 35.054644], [136.298441, 35.054377], [136.298347, 35.053911], [136.298691, 35.053063], [136.299292, 35.052707], [136.300196, 35.052952], [136.300807, 35.05281], [136.301207, 35.052487], [136.301302, 35.051539], [136.302284, 35.051466], [136.30286, 35.051065], [136.303019, 35.050754], [136.303011, 35.050061], [136.303503, 35.049184], [136.304798, 35.048185], [136.304977, 35.046821], [136.306269, 35.045749], [136.307149, 35.045273], [136.30747, 35.045252], [136.308549, 35.046141], [136.309102, 35.047067], [136.309819, 35.047198], [136.310381, 35.047062], [136.310958, 35.045402], [136.311551, 35.044919], [136.311818, 35.044373], [136.312398, 35.044079], [136.314504, 35.043908], [136.316251, 35.043521], [136.316558, 35.042866], [136.316905, 35.042727], [136.317469, 35.04212], [136.317534, 35.041634], [136.317841, 35.041233], [136.317517, 35.040514], [136.31781, 35.040081], [136.317548, 35.038708], [136.317733, 35.03843], [136.319382, 35.038059], [136.32151, 35.037267], [136.32296, 35.036979], [136.324029, 35.036972], [136.324989, 35.036796], [136.326624, 35.037022], [136.326925, 35.036629], [136.32754, 35.036263], [136.328442, 35.035094], [136.329031, 35.034054], [136.32912, 35.033284], [136.330076, 35.032757], [136.332117, 35.032536], [136.332556, 35.031806], [136.333654, 35.03116], [136.334026, 35.030375], [136.334669, 35.029862], [136.334629, 35.029344], [136.334296, 35.028927], [136.334262, 35.028595], [136.334376, 35.028131], [136.33478, 35.027903], [136.335008, 35.027372], [136.334641, 35.026243], [136.334911, 35.025498], [136.335315, 35.025316], [136.337393, 35.025091], [136.337436, 35.02455], [136.337823, 35.023887], [136.338617, 35.023496], [136.338788, 35.02328], [136.338819, 35.022491], [136.339044, 35.021986], [136.33895, 35.021407], [136.33938, 35.019811], [136.340709, 35.018295], [136.341324, 35.017845], [136.34162, 35.017091], [136.342484, 35.016574], [136.343834, 35.016845], [136.344411, 35.017331], [136.346001, 35.018241], [136.347404, 35.018476], [136.348155, 35.01907], [136.349132, 35.01942], [136.350549, 35.020855], [136.350926, 35.021546], [136.351762, 35.022124], [136.352577, 35.022491], [136.354334, 35.022918], [136.354901, 35.023413], [136.356392, 35.023156], [136.357498, 35.022718], [136.358015, 35.022934], [136.358634, 35.02291], [136.359522, 35.022481], [136.360291, 35.022328], [136.361834, 35.022459], [136.362572, 35.021988], [136.363168, 35.021943], [136.363377, 35.021792], [136.363896, 35.021361], [136.36403, 35.020916], [136.364433, 35.020543], [136.364329, 35.019961], [136.363996, 35.019543], [136.363822, 35.018781], [136.363807, 35.016983], [136.363866, 35.016804], [136.364523, 35.016403], [136.364975, 35.016383], [136.366056, 35.016783], [136.367128, 35.016812], [136.369223, 35.016325], [136.371079, 35.016206], [136.372103, 35.016364], [136.373291, 35.015856], [136.374493, 35.015083], [136.375094, 35.015213], [136.375281, 35.015622], [136.375652, 35.015959], [136.376052, 35.016176], [136.376712, 35.016243], [136.377149, 35.016841], [136.377866, 35.017228], [136.380173, 35.017529], [136.380938, 35.018155], [136.381862, 35.018164], [136.383322, 35.018397], [136.383748, 35.019783], [136.383786, 35.020462], [136.384574, 35.021473], [136.385671, 35.021541], [136.387911, 35.022452], [136.388343, 35.022282], [136.389024, 35.021312], [136.389687, 35.020834], [136.393685, 35.018681], [136.394313, 35.017969], [136.394521, 35.017146], [136.394811, 35.017023], [136.396806, 35.01679], [136.398608, 35.016915], [136.400107, 35.016521], [136.401694, 35.015669], [136.40231, 35.014289], [136.403767, 35.013826], [136.404744, 35.013817], [136.405793, 35.014371], [136.407855, 35.013875], [136.409418, 35.015537], [136.410597, 35.015439], [136.412771, 35.016039], [136.413602, 35.015885], [136.414136, 35.016114], [136.415262, 35.016933], [136.416141, 35.017788], [136.417398, 35.018178], [136.418167, 35.018123], [136.417678, 35.018491], [136.417577, 35.019073], [136.417122, 35.019601], [136.418174, 35.020279], [136.420188, 35.020599], [136.421419, 35.021437], [136.421672, 35.022436], [136.421377, 35.023934], [136.421756, 35.024391], [136.421991, 35.025196], [136.422791, 35.025507], [136.422959, 35.025943], [136.422885, 35.026388], [136.422195, 35.026679], [136.422077, 35.026942], [136.422389, 35.027282], [136.422726, 35.028073], [136.423761, 35.028551], [136.424469, 35.029494], [136.424223, 35.029688], [136.423828, 35.029771], [136.423188, 35.029702], [136.422309, 35.029825], [136.421116, 35.029626], [136.420316, 35.029854], [136.418839, 35.02991], [136.418233, 35.030256], [136.417939, 35.030659], [136.417871, 35.031123], [136.418376, 35.031934], [136.417778, 35.03312], [136.416961, 35.033911], [136.416985, 35.035338], [136.41659, 35.036267], [136.416455, 35.037295], [136.417162, 35.039881], [136.416909, 35.040552], [136.416078, 35.040953], [136.415857, 35.041433], [136.416329, 35.042327], [136.41664, 35.042403], [136.417549, 35.042327], [136.417751, 35.042459], [136.417356, 35.043984], [136.417751, 35.044858], [136.417684, 35.046114], [136.417786, 35.04694], [136.418383, 35.048312], [136.418341, 35.048562], [136.41787, 35.049004], [136.417769, 35.049468], [136.418914, 35.049551], [136.419294, 35.049725], [136.420095, 35.050558], [136.421637, 35.051009], [136.42221, 35.051383], [136.42237, 35.051611], [136.42258, 35.052838], [136.42269, 35.054343], [136.423062, 35.054927], [136.42436, 35.055845], [136.424484, 35.056749], [136.424628, 35.056936], [136.427155, 35.056943], [136.427786, 35.056646], [136.428849, 35.056369], [136.42965, 35.057429], [136.430349, 35.058725], [136.430652, 35.058843], [136.430956, 35.059191], [136.432034, 35.059371], [136.432801, 35.059287], [136.433357, 35.05944], [136.433703, 35.060029], [136.433349, 35.060605], [136.433442, 35.061484], [136.434386, 35.062127], [136.435617, 35.062317], [136.436442, 35.063448], [136.437359, 35.063717], [136.437866, 35.064156], [136.438093, 35.064889], [136.438532, 35.065472], [136.439231, 35.065514], [136.439854, 35.065313], [136.440466, 35.064673], [136.440874, 35.064468], [136.440991, 35.064544], [136.441185, 35.065201], [136.441161, 35.065661], [136.441556, 35.066304], [136.441598, 35.066719], [136.441262, 35.067455], [136.441262, 35.068141], [136.440975, 35.069197], [136.441026, 35.070131], [136.440605, 35.070463], [136.439594, 35.07258], [136.440309, 35.074097], [136.440301, 35.074646], [136.439914, 35.074999], [136.439711, 35.075469], [136.439227, 35.0759], [136.438654, 35.076336], [136.438057, 35.076495], [136.437467, 35.077037], [136.437214, 35.077981], [136.436678, 35.078802], [136.436345, 35.078985], [136.436202, 35.079456], [136.435848, 35.079853], [136.436, 35.081536], [136.435267, 35.082487], [136.435292, 35.082709], [136.435662, 35.083006], [136.436226, 35.082902], [136.438273, 35.083332], [136.438207, 35.083859], [136.438401, 35.084018], [136.439227, 35.084249], [136.439681, 35.084761], [136.440558, 35.085399], [136.441341, 35.085551], [136.442058, 35.085849], [136.441973, 35.086561], [136.441226, 35.088255], [136.440089, 35.089427], [136.439665, 35.090558], [136.438856, 35.091168], [136.438228, 35.091454], [136.438072, 35.091672], [136.438764, 35.092243], [136.439017, 35.092809], [136.439609, 35.093286], [136.439163, 35.095184], [136.438699, 35.096367], [136.439176, 35.098083], [136.439853, 35.099479], [136.440351, 35.100001], [136.441453, 35.100783], [136.441911, 35.10144], [136.441449, 35.102122], [136.44129, 35.103254], [136.441856, 35.105264], [136.441521, 35.105591], [136.441503, 35.105924], [136.440932, 35.106736], [136.440823, 35.107749], [136.441829, 35.109841], [136.442586, 35.110702], [136.441516, 35.11216], [136.441353, 35.113296], [136.440003, 35.114827], [136.439848, 35.116013], [136.440079, 35.116796], [136.441339, 35.117295], [136.443326, 35.118667], [136.444519, 35.119007], [136.445112, 35.120072], [136.445262, 35.120722], [136.445657, 35.121374], [136.445974, 35.122384], [136.446282, 35.122618], [136.447357, 35.122831], [136.447932, 35.123368], [136.448055, 35.123719], [136.447796, 35.124224], [136.446772, 35.125238], [136.445299, 35.125946], [136.444369, 35.126786], [136.443186, 35.127308], [136.442247, 35.127535], [136.440746, 35.128326], [136.439793, 35.128557], [136.438904, 35.128605], [136.438037, 35.129497], [136.437304, 35.130025], [136.43641, 35.130297], [136.435639, 35.130655], [136.435585, 35.130778], [136.436582, 35.13187], [136.437089, 35.132836], [136.437429, 35.134281], [136.437466, 35.135411], [136.437951, 35.136564], [136.439061, 35.137011], [136.439751, 35.137841], [136.44039, 35.138371], [136.441257, 35.138681], [136.442794, 35.138942], [136.442948, 35.139057], [136.444022, 35.142211], [136.443243, 35.144126], [136.44313, 35.144921], [136.443411, 35.145585], [136.443914, 35.146155], [136.444516, 35.147582], [136.444544, 35.148075], [136.444227, 35.148798], [136.444299, 35.149244], [136.445061, 35.149659], [136.44624, 35.149897], [136.449042, 35.149745], [136.450394, 35.149499], [136.451301, 35.149659], [136.451455, 35.149763], [136.451954, 35.150941], [136.454344, 35.151985], [136.455038, 35.152481], [136.454408, 35.153851], [136.454549, 35.154403], [136.454104, 35.157628], [136.453941, 35.157922], [136.452931, 35.158868], [136.454612, 35.161295], [136.454535, 35.162458], [136.452554, 35.165839], [136.451928, 35.166227], [136.450355, 35.166634], [136.448536, 35.166824], [136.447907, 35.166738], [136.447076, 35.166138], [136.446614, 35.166004], [136.44583, 35.166034], [136.445335, 35.166183], [136.445176, 35.166317], [136.444863, 35.167263], [136.444845, 35.168001], [136.445095, 35.168348], [136.446073, 35.168601], [136.446219, 35.169171], [136.445983, 35.169641], [136.444699, 35.170316], [136.444646, 35.171142], [136.443777, 35.171719], [136.443019, 35.171315], [136.441701, 35.171695], [136.440083, 35.171417], [136.438732, 35.172026], [136.437295, 35.173005], [136.437009, 35.17334], [136.436828, 35.173716], [136.436729, 35.174716], [136.4361, 35.176064], [136.435724, 35.176503], [136.434146, 35.17699], [136.433644, 35.178108], [136.432607, 35.178924], [136.431948, 35.179667], [136.43102, 35.179973], [136.430281, 35.180887], [136.429913, 35.181157], [136.428879, 35.181385], [136.428669, 35.181786], [136.427598, 35.182459], [136.426717, 35.182768], [136.426166, 35.182806], [136.425663, 35.183111], [136.425503, 35.183441], [136.424992, 35.183755], [136.424702, 35.184381], [136.424522, 35.184478], [136.424335, 35.18451], [136.422925, 35.184055], [136.422429, 35.183557], [136.422078, 35.183381], [136.420806, 35.182932], [136.419921, 35.182859], [136.419568, 35.182645], [136.418688, 35.183563], [136.418265, 35.183819], [136.417192, 35.184158], [136.416916, 35.184607], [136.416294, 35.185057], [136.41458, 35.185558], [136.413103, 35.186226], [136.41115, 35.186122], [136.409946, 35.186459], [136.408653, 35.187183], [136.407913, 35.187449], [136.405129, 35.187939], [136.404271, 35.187802], [136.403694, 35.187473], [136.403319, 35.18759], [136.40288, 35.187876], [136.402204, 35.188628], [136.401322, 35.189229], [136.400202, 35.189445], [136.398666, 35.190369], [136.397823, 35.19121], [136.395867, 35.19234], [136.395704, 35.192616], [136.395577, 35.193638], [136.395345, 35.193825], [136.393069, 35.194576], [136.392087, 35.19558], [136.389085, 35.196796], [136.388782, 35.196647], [136.388403, 35.196199], [136.388233, 35.195539], [136.388357, 35.193243], [136.387781, 35.191606], [136.387748, 35.190926], [136.387572, 35.190772], [136.387205, 35.19069], [136.386257, 35.190894], [136.385832, 35.190434], [136.384641, 35.189881], [136.384018, 35.189305], [136.383567, 35.189109], [136.382468, 35.189084], [136.381569, 35.189328], [136.381105, 35.189171], [136.379463, 35.189449], [136.378874, 35.18868], [136.378755, 35.187226], [136.37828, 35.187239], [136.377139, 35.186337], [136.376461, 35.186021], [136.376303, 35.185021], [136.376324, 35.183865], [136.375678, 35.182996], [136.375351, 35.182812], [136.375309, 35.182224], [136.375072, 35.181799], [136.375275, 35.181097], [136.375757, 35.180574], [136.375884, 35.180251], [136.375839, 35.179496], [136.375551, 35.179013], [136.374751, 35.178288], [136.374484, 35.177452], [136.374539, 35.176983], [136.374859, 35.176474], [136.375557, 35.17607], [136.376154, 35.175276], [136.376251, 35.174042], [136.375194, 35.173539], [136.375112, 35.173373], [136.375372, 35.17282], [136.375318, 35.172239], [136.376148, 35.171202], [136.375872, 35.170059], [136.375919, 35.169513], [136.377044, 35.167853], [136.377293, 35.167283], [136.377855, 35.167039], [136.378086, 35.166667], [136.378701, 35.166341], [136.379457, 35.165625], [136.379439, 35.165058], [136.380024, 35.164406], [136.379999, 35.163223], [136.38039, 35.162182], [136.380891, 35.161723], [136.382151, 35.161305], [136.382824, 35.160418], [136.383888, 35.160341], [136.385317, 35.159622], [136.385373, 35.158926], [136.385869, 35.158071], [136.386152, 35.157914], [136.386643, 35.156562], [136.386788, 35.156478], [136.387306, 35.156519], [136.387967, 35.156089], [136.388382, 35.156184], [136.388686, 35.155927], [136.390297, 35.155284], [136.390611, 35.155005], [136.391182, 35.153702], [136.391409, 35.151561], [136.391182, 35.150932], [136.390387, 35.149733], [136.388441, 35.147947], [136.388284, 35.146565], [136.386628, 35.144585], [136.386149, 35.144443], [136.384503, 35.144303], [136.383119, 35.143651], [136.383051, 35.143077], [136.38287, 35.142846], [136.381664, 35.142504], [136.381442, 35.141714], [136.3812, 35.14143], [136.380458, 35.14115], [136.379256, 35.140292], [136.378296, 35.140212], [136.37755, 35.140517], [136.37694, 35.140023], [136.375413, 35.139778], [136.374468, 35.139235], [136.373787, 35.139218], [136.372714, 35.13891], [136.372001, 35.139123], [136.371572, 35.138627], [136.370894, 35.138381], [136.370414, 35.137714], [136.369879, 35.137382], [136.368823, 35.136232], [136.368506, 35.136095], [136.367528, 35.136084], [136.365999, 35.135663], [136.365104, 35.135133], [136.363793, 35.134939], [136.363429, 35.135185], [136.362833, 35.135314], [136.362024, 35.135285], [136.360824, 35.136418], [136.359837, 35.13661], [136.35925, 35.136495], [136.358363, 35.135815], [136.356613, 35.134116], [136.356321, 35.133566], [136.356312, 35.133061], [136.356136, 35.13267], [136.355046, 35.131825], [136.354724, 35.131104], [136.353844, 35.131424], [136.353036, 35.131942], [136.350659, 35.131932], [136.350456, 35.132487], [136.349034, 35.133223], [136.348561, 35.133255], [136.347691, 35.133028], [136.347245, 35.133138], [136.346682, 35.133442], [136.345813, 35.134406], [136.343051, 35.135905], [136.341175, 35.135949], [136.340713, 35.136057], [136.340419, 35.137004], [136.34045, 35.137397], [136.340213, 35.137697], [136.340481, 35.138931], [136.340192, 35.138981], [136.339574, 35.13879], [136.339054, 35.139184], [136.338698, 35.139894], [136.33822, 35.139699], [136.337153, 35.139653], [136.33695, 35.139934], [136.33682, 35.141049], [136.336272, 35.141376], [136.336334, 35.141816], [136.335744, 35.142317], [136.335682, 35.142954], [136.334456, 35.142762], [136.334124, 35.142872], [136.333727, 35.143419], [136.33314, 35.143461], [136.33195, 35.142938], [136.331351, 35.142999], [136.330905, 35.142875], [136.330295, 35.142301], [136.329589, 35.142019], [136.328794, 35.140379], [136.328478, 35.140029], [136.327151, 35.139785], [136.326626, 35.13932], [136.326285, 35.139201], [136.326288, 35.138769], [136.325817, 35.137755], [136.32538, 35.137043], [136.325167, 35.136926], [136.324619, 35.13702], [136.323954, 35.137336], [136.323796, 35.137503], [136.323735, 35.13795], [136.323118, 35.138299], [136.320905, 35.13842], [136.32028, 35.138564], [136.319479, 35.138434], [136.31893, 35.138618], [136.319039, 35.139279], [136.318912, 35.140213], [136.319232, 35.140632], [136.319433, 35.1415], [136.320305, 35.142389], [136.320733, 35.143591], [136.320644, 35.144331], [136.321556, 35.145557], [136.321626, 35.14587], [136.321468, 35.146224], [136.320795, 35.146577], [136.320195, 35.147095], [136.319679, 35.147757], [136.319673, 35.148071], [136.318869, 35.148398], [136.318382, 35.149296], [136.316212, 35.150472], [136.31524, 35.151169], [136.314531, 35.151054], [136.314125, 35.151288], [136.313645, 35.151255], [136.313131, 35.150398], [136.312743, 35.150102], [136.312015, 35.150712], [136.311481, 35.151455], [136.311378, 35.152147], [136.310784, 35.152322], [136.310622, 35.152663], [136.310597, 35.153224], [136.309275, 35.153097], [136.308504, 35.154018], [136.308207, 35.153988], [136.308007, 35.153625], [136.307656, 35.153661], [136.306975, 35.154731], [136.306393, 35.155136], [136.305809, 35.155233], [136.305343, 35.155937], [136.305331, 35.156234], [136.304871, 35.156337], [136.30449, 35.156597], [136.304109, 35.157436], [136.303555, 35.157717], [136.301942, 35.157147], [136.299111, 35.156775], [136.298402, 35.156778], [136.297587, 35.156994], [136.296642, 35.156795], [136.294968, 35.155655], [136.293979, 35.155158], [136.292319, 35.154656], [136.291009, 35.154535], [136.288894, 35.153163], [136.28752, 35.153153], [136.286581, 35.152798], [136.284718, 35.152578], [136.284325, 35.152646], [136.283729, 35.152995], [136.283112, 35.153114], [136.282015, 35.152494], [136.281701, 35.152452], [136.278604, 35.153025], [136.276584, 35.153924], [136.275276, 35.153907], [136.27405, 35.153687], [136.273318, 35.153752], [136.270937, 35.154719], [136.270361, 35.15537], [136.26973, 35.155739], [136.266218, 35.156049], [136.263622, 35.156573], [136.261196, 35.157638], [136.258762, 35.159203], [136.257808, 35.157759], [136.257219, 35.157722], [136.256787, 35.157226], [136.256459, 35.157271], [136.256309, 35.157041], [136.256376, 35.156657], [136.255745, 35.155781], [136.255188, 35.15596], [136.254649, 35.154555], [136.254402, 35.154628], [136.254141, 35.153862], [136.253912, 35.153859], [136.253872, 35.153633], [136.253462, 35.153203], [136.252016, 35.153265], [136.251929, 35.153379], [136.252084, 35.153841], [136.25194, 35.15414], [136.250844, 35.154594], [136.250197, 35.155356], [136.249476, 35.15529], [136.248015, 35.156091], [136.247533, 35.155338], [136.248636, 35.154764], [136.247964, 35.153682], [136.24769, 35.153067], [136.247882, 35.152876], [136.246835, 35.151003], [136.245984, 35.151391], [136.245809, 35.151055], [136.242722, 35.152424], [136.242239, 35.152079], [136.241192, 35.152961], [136.240121, 35.153631], [136.239046, 35.154694], [136.239365, 35.15499], [136.239105, 35.155095], [136.239599, 35.155693], [136.238929, 35.156093], [136.239726, 35.157158], [136.236668, 35.158712], [136.236131, 35.157949], [136.235243, 35.158442], [136.235111, 35.15873], [136.233396, 35.158524], [136.233423, 35.15938], [136.233247, 35.159656], [136.232593, 35.158801], [136.232354, 35.158906], [136.231779, 35.158101], [136.231364, 35.157098], [136.230246, 35.157649], [136.229805, 35.157523], [136.229505, 35.15801], [136.229335, 35.158856], [136.228793, 35.158261], [136.229429, 35.157891], [136.228704, 35.156921], [136.22934, 35.15658], [136.228203, 35.1548], [136.229589, 35.154057], [136.229104, 35.153473], [136.232209, 35.151749], [136.231471, 35.150892], [136.231671, 35.150481], [136.231299, 35.149907], [136.231881, 35.149606], [136.230905, 35.148382], [136.231686, 35.148023], [136.231492, 35.147709], [136.230947, 35.147116], [136.230624, 35.14724], [136.229993, 35.146476], [136.229525, 35.146688], [136.228914, 35.14593], [136.228731, 35.145926], [136.226984, 35.143511], [136.223592, 35.145402], [136.222857, 35.144632], [136.216465, 35.148053], [136.215641, 35.146947], [136.215549, 35.146466], [136.215409, 35.146466], [136.214703, 35.145528], [136.214876, 35.145435], [136.214346, 35.144768], [136.212258, 35.145939], [136.212786, 35.146713], [136.211594, 35.147357], [136.21216, 35.148026], [136.210036, 35.149264], [136.209809, 35.148932], [136.209303, 35.149095], [136.209114, 35.148741], [136.208294, 35.147983], [136.204262, 35.148049], [136.204379, 35.155362], [136.203934, 35.157041], [136.197472, 35.168414], [136.196529, 35.170451], [136.196605, 35.171911], [136.19697, 35.17374], [136.197043, 35.176862], [136.196739, 35.17998], [136.195986, 35.184584], [136.195232, 35.186416], [136.194673, 35.187157], [136.191973, 35.189984], [136.19163, 35.190164]]]}}, {"type": "Feature", "properties": {"pref_code": "25", "pref_name": "滋賀県", "municipality_code": "25214", "municipality_name": "米原市", "ward_name": "", "display_name": "米原市", "geometry_key": "25214"}, "geometry": {"type": "Polygon", "coordinates": [[[136.444352, 35.389425], [136.444255, 35.389578], [136.443345, 35.389759], [136.44261, 35.390338], [136.441653, 35.390631], [136.441382, 35.390851], [136.441021, 35.391616], [136.441069, 35.391903], [136.440854, 35.392781], [136.440889, 35.393862], [136.439988, 35.394227], [136.438995, 35.394312], [136.437851, 35.394926], [136.437004, 35.395122], [136.436699, 35.396136], [136.436567, 35.397244], [136.434812, 35.397824], [136.433459, 35.397824], [136.432772, 35.398466], [136.431698, 35.398888], [136.431378, 35.399237], [136.431281, 35.399709], [136.430233, 35.399794], [136.429172, 35.40034], [136.427965, 35.400785], [136.42741, 35.402045], [136.425932, 35.40267], [136.424683, 35.404122], [136.424302, 35.405074], [136.424558, 35.405918], [136.424635, 35.407173], [136.423955, 35.407685], [136.422956, 35.408062], [136.422602, 35.408501], [136.421867, 35.409475], [136.421367, 35.410606], [136.420604, 35.411642], [136.420306, 35.412908], [136.417982, 35.414918], [136.416164, 35.415857], [136.414812, 35.417073], [136.411808, 35.418598], [136.411732, 35.420956], [136.411604, 35.421485], [136.411839, 35.422406], [136.413431, 35.423578], [136.414009, 35.424298], [136.415124, 35.425072], [136.416334, 35.42553], [136.417489, 35.426282], [136.418322, 35.426642], [136.418886, 35.427776], [136.418282, 35.428735], [136.416333, 35.430185], [136.416186, 35.430414], [136.416172, 35.430948], [136.415559, 35.43165], [136.4155, 35.431886], [136.415729, 35.433423], [136.416199, 35.433793], [136.417274, 35.434121], [136.418201, 35.434949], [136.419491, 35.435418], [136.420149, 35.436017], [136.421211, 35.437315], [136.421963, 35.438819], [136.423119, 35.439735], [136.423186, 35.439931], [136.422528, 35.440465], [136.422151, 35.441087], [136.422205, 35.442558], [136.422931, 35.443605], [136.423602, 35.445305], [136.425967, 35.447878], [136.426222, 35.448401], [136.426222, 35.448946], [136.425618, 35.449666], [136.425537, 35.450222], [136.425053, 35.451061], [136.424596, 35.453329], [136.423884, 35.453993], [136.422164, 35.454724], [136.421734, 35.455127], [136.421466, 35.455639], [136.42117, 35.457634], [136.42074, 35.458877], [136.420928, 35.461035], [136.42117, 35.462071], [136.421103, 35.463761], [136.420538, 35.465962], [136.419342, 35.467227], [136.418885, 35.467478], [136.418348, 35.467205], [136.4164, 35.466856], [136.41558, 35.46654], [136.414303, 35.466529], [136.413403, 35.467216], [136.411912, 35.468088], [136.411052, 35.468328], [136.409354, 35.468676], [136.408149, 35.468709], [136.407007, 35.46908], [136.406335, 35.469135], [136.404427, 35.468993], [136.403863, 35.469287], [136.401619, 35.470018], [136.401498, 35.471151], [136.401834, 35.472372], [136.401955, 35.473473], [136.401444, 35.474203], [136.400652, 35.474879], [136.39998, 35.475708], [136.39877, 35.478596], [136.398139, 35.479512], [136.398005, 35.480929], [136.397507, 35.4813], [136.395841, 35.481834], [136.395156, 35.482739], [136.394121, 35.483306], [136.393799, 35.484385], [136.392845, 35.485464], [136.392428, 35.485573], [136.392213, 35.485377], [136.391528, 35.485191], [136.390803, 35.485496], [136.390171, 35.486194], [136.389338, 35.486663], [136.388734, 35.487197], [136.387981, 35.487415], [136.387417, 35.487807], [136.386879, 35.488407], [136.386718, 35.48881], [136.386919, 35.492571], [136.387296, 35.493094], [136.38786, 35.493345], [136.388182, 35.493661], [136.388397, 35.494588], [136.388344, 35.495024], [136.387833, 35.496059], [136.387833, 35.496833], [136.388814, 35.497368], [136.389419, 35.497989], [136.39005, 35.499907], [136.390816, 35.500932], [136.392329, 35.503962], [136.392926, 35.504117], [136.393104, 35.504475], [136.393641, 35.504688], [136.393796, 35.504872], [136.393808, 35.505724], [136.394094, 35.506324], [136.394703, 35.506691], [136.396277, 35.506914], [136.396826, 35.507272], [136.396981, 35.508385], [136.396719, 35.50885], [136.39718, 35.509617], [136.398544, 35.510291], [136.39945, 35.510514], [136.399641, 35.511453], [136.400488, 35.511559], [136.400595, 35.512189], [136.399987, 35.513408], [136.40007, 35.51364], [136.400428, 35.513611], [136.401108, 35.513224], [136.402289, 35.513253], [136.402599, 35.512247], [136.403744, 35.511385], [136.4039, 35.511395], [136.404221, 35.51185], [136.404627, 35.51335], [136.405009, 35.513543], [136.405677, 35.513456], [136.405486, 35.513747], [136.405176, 35.51515], [136.404532, 35.516466], [136.402981, 35.517531], [136.402826, 35.518324], [136.402504, 35.518972], [136.401525, 35.519398], [136.399056, 35.521343], [136.399032, 35.521537], [136.399628, 35.522418], [136.400332, 35.523076], [136.401048, 35.523501], [136.401203, 35.524402], [136.401752, 35.52565], [136.401764, 35.525814], [136.401108, 35.526356], [136.400726, 35.526898], [136.399819, 35.527276], [136.40038, 35.527924], [136.400153, 35.528708], [136.400404, 35.530082], [136.399736, 35.530702], [136.399402, 35.531272], [136.397624, 35.531969], [136.395406, 35.531244], [136.392972, 35.531872], [136.390193, 35.531998], [136.389918, 35.53255], [136.388701, 35.532966], [136.387127, 35.532714], [136.386841, 35.532743], [136.385958, 35.533198], [136.385027, 35.532937], [136.384622, 35.532918], [136.384252, 35.533092], [136.383476, 35.534727], [136.382522, 35.535163], [136.382248, 35.536101], [136.382665, 35.536934], [136.382617, 35.537127], [136.382224, 35.537311], [136.381305, 35.537418], [136.380995, 35.53766], [136.381079, 35.538337], [136.38084, 35.538995], [136.38078, 35.539837], [136.380017, 35.541231], [136.379981, 35.543079], [136.380411, 35.544327], [136.380244, 35.544695], [136.380458, 35.545189], [136.380267, 35.546069], [136.379075, 35.547685], [136.377762, 35.548585], [136.377488, 35.549611], [136.376537, 35.550374], [136.37577, 35.551237], [136.37509, 35.55294], [136.375424, 35.553462], [136.375496, 35.553888], [136.374923, 35.555785], [136.373993, 35.557914], [136.374088, 35.558456], [136.373563, 35.559395], [136.373289, 35.559617], [136.372442, 35.559772], [136.371769, 35.55962], [136.370556, 35.55891], [136.370132, 35.558822], [136.369224, 35.559164], [136.366698, 35.559519], [136.365623, 35.559919], [136.365364, 35.55988], [136.363742, 35.559001], [136.362639, 35.558747], [136.362412, 35.557186], [136.36277, 35.556217], [136.362433, 35.555287], [136.362185, 35.553749], [136.361537, 35.552898], [136.361096, 35.551895], [136.361047, 35.550575], [136.360404, 35.550099], [136.360076, 35.549619], [136.359493, 35.549445], [136.359126, 35.548785], [136.359036, 35.546931], [136.358726, 35.546289], [136.35856, 35.544323], [136.357839, 35.543331], [136.357114, 35.543094], [136.356721, 35.542682], [136.356764, 35.541849], [136.35629, 35.540965], [136.356661, 35.539915], [136.355123, 35.538682], [136.353077, 35.538491], [136.351814, 35.538577], [136.351326, 35.5384], [136.34968, 35.537364], [136.349383, 35.537358], [136.349025, 35.537555], [136.348228, 35.538175], [136.346834, 35.537702], [136.346318, 35.537144], [136.346055, 35.536232], [136.345881, 35.536109], [136.346083, 35.535684], [136.346111, 35.535081], [136.345639, 35.533254], [136.346405, 35.532163], [136.34642, 35.531919], [136.345872, 35.530674], [136.345987, 35.528782], [136.347227, 35.528186], [136.347186, 35.527593], [136.346793, 35.526771], [136.346772, 35.526376], [136.347329, 35.525416], [136.347745, 35.523502], [136.347701, 35.522901], [136.347476, 35.522201], [136.346814, 35.521384], [136.346256, 35.52037], [136.346132, 35.519502], [136.346274, 35.519103], [136.346167, 35.51784], [136.345857, 35.517542], [136.345064, 35.517176], [136.344313, 35.516477], [136.343252, 35.516144], [136.342804, 35.514933], [136.342674, 35.513642], [136.342818, 35.512116], [136.343025, 35.511586], [136.34339, 35.511181], [136.343711, 35.509731], [136.34359, 35.508825], [136.343066, 35.507817], [136.342866, 35.506194], [136.342376, 35.505608], [136.342371, 35.503974], [136.342805, 35.503179], [136.342652, 35.502577], [136.342186, 35.50207], [136.341345, 35.501609], [136.34066, 35.500207], [136.340149, 35.499735], [136.340033, 35.499222], [136.340279, 35.498013], [136.33883, 35.496939], [136.337445, 35.496371], [136.33696, 35.495381], [136.336721, 35.494409], [136.336604, 35.493544], [136.337406, 35.492099], [136.336838, 35.491099], [136.336682, 35.490511], [136.337271, 35.489516], [136.337141, 35.487735], [136.336255, 35.485395], [136.335997, 35.485099], [136.335, 35.484553], [136.334728, 35.483663], [136.334748, 35.482923], [136.334806, 35.482509], [136.335607, 35.48144], [136.336035, 35.480344], [136.336895, 35.479682], [136.337206, 35.478761], [136.338099, 35.477368], [136.338396, 35.476632], [136.338009, 35.475758], [136.337626, 35.475546], [136.33707, 35.474572], [136.336268, 35.473587], [136.335435, 35.473053], [136.334483, 35.472645], [136.334191, 35.4724], [136.334069, 35.47195], [136.33372, 35.471564], [136.332982, 35.471003], [136.332711, 35.469398], [136.333079, 35.468747], [136.333656, 35.468371], [136.335297, 35.46808], [136.335944, 35.467693], [136.336916, 35.46738], [136.338111, 35.467396], [136.338578, 35.466999], [136.339224, 35.466862], [136.339244, 35.465941], [136.339496, 35.465503], [136.34249, 35.464714], [136.343467, 35.464692], [136.344089, 35.463998], [136.34323, 35.46283], [136.342563, 35.46136], [136.342932, 35.460787], [136.343184, 35.459358], [136.343987, 35.458733], [136.344304, 35.458278], [136.345557, 35.458109], [136.345616, 35.456896], [136.345352, 35.456022], [136.345422, 35.4558], [136.345752, 35.455578], [136.345901, 35.454964], [136.348197, 35.454631], [136.348825, 35.453438], [136.348903, 35.452767], [136.349201, 35.452438], [136.349641, 35.452247], [136.350423, 35.451204], [136.350449, 35.450771], [136.350184, 35.449801], [136.350766, 35.448742], [136.350785, 35.448324], [136.349666, 35.446852], [136.351438, 35.445269], [136.351762, 35.444316], [136.352487, 35.443765], [136.352843, 35.442722], [136.353386, 35.442398], [136.355029, 35.44045], [136.355132, 35.440189], [136.355061, 35.439115], [136.356141, 35.438437], [136.356465, 35.436992], [136.357008, 35.436262], [136.3577, 35.43569], [136.357887, 35.435245], [136.358709, 35.434319], [136.357008, 35.429785], [136.356265, 35.429346], [136.356136, 35.428987], [136.356543, 35.428664], [136.357209, 35.427169], [136.357137, 35.426334], [136.357331, 35.425476], [136.357112, 35.424787], [136.357144, 35.42447], [136.357616, 35.423368], [136.357958, 35.422934], [136.358941, 35.422409], [136.359123, 35.421864], [136.359853, 35.421668], [136.360261, 35.421425], [136.360371, 35.420562], [136.360216, 35.419855], [136.360277, 35.419401], [136.360874, 35.418707], [136.36103, 35.418203], [136.361632, 35.417854], [136.362218, 35.417201], [136.362624, 35.416551], [136.362941, 35.415394], [136.361617, 35.413603], [136.361871, 35.412721], [136.361993, 35.411299], [136.361235, 35.410502], [136.360716, 35.409217], [136.359572, 35.408166], [136.35947, 35.407448], [136.359811, 35.405287], [136.359704, 35.404715], [136.358354, 35.40276], [136.35724, 35.401855], [136.356696, 35.400749], [136.356496, 35.400665], [136.354041, 35.400208], [136.351215, 35.400288], [136.349787, 35.400641], [136.3459, 35.401899], [136.343661, 35.402272], [136.341101, 35.40252], [136.339268, 35.40335], [136.337743, 35.404276], [136.337215, 35.404845], [136.336999, 35.405438], [136.334965, 35.404494], [136.333709, 35.404155], [136.333087, 35.40384], [136.333091, 35.402066], [136.332253, 35.400233], [136.332136, 35.399701], [136.332457, 35.398748], [136.332324, 35.397367], [136.33282, 35.396684], [136.333636, 35.39637], [136.334175, 35.39396], [136.3342, 35.392635], [136.335672, 35.3911], [136.335414, 35.389599], [136.335464, 35.388374], [136.335109, 35.387591], [136.33518, 35.385834], [136.336097, 35.384522], [136.336806, 35.381495], [136.337445, 35.379935], [136.337511, 35.379481], [136.33722, 35.378812], [136.336473, 35.377892], [136.336194, 35.376488], [136.334784, 35.374113], [136.334396, 35.373251], [136.334279, 35.372581], [136.333858, 35.37187], [136.3336, 35.369936], [136.334079, 35.368553], [136.334104, 35.367695], [136.333817, 35.367477], [136.332829, 35.367428], [136.331281, 35.365852], [136.329313, 35.365047], [136.328887, 35.364096], [136.328937, 35.363], [136.328403, 35.362292], [136.32822, 35.361629], [136.328237, 35.360595], [136.327686, 35.359917], [136.32646, 35.359287], [136.326772, 35.358259], [136.32636, 35.357736], [136.326139, 35.356578], [136.325743, 35.355547], [136.325893, 35.354731], [136.325559, 35.354391], [136.325463, 35.354088], [136.325484, 35.35351], [136.325851, 35.352992], [136.32583, 35.352284], [136.326047, 35.351726], [136.325522, 35.350629], [136.325859, 35.349655], [136.325655, 35.348739], [136.325025, 35.347797], [136.325046, 35.347059], [136.324537, 35.346409], [136.323912, 35.346443], [136.322652, 35.345712], [136.321756, 35.345353], [136.320969, 35.346066], [136.318919, 35.34604], [136.318165, 35.346267], [136.317368, 35.345748], [136.31668, 35.344112], [136.316383, 35.34387], [136.315454, 35.343829], [136.314299, 35.343098], [136.313227, 35.342937], [136.312618, 35.342588], [136.31208, 35.342544], [136.310989, 35.342656], [136.310997, 35.343356], [136.310162, 35.344317], [136.310233, 35.346256], [136.310037, 35.346674], [136.309019, 35.347139], [136.308002, 35.348181], [136.306884, 35.34879], [136.305779, 35.352167], [136.298946, 35.350659], [136.298054, 35.350277], [136.297754, 35.350727], [136.297312, 35.352402], [136.296399, 35.354615], [136.289546, 35.353342], [136.285038, 35.352354], [136.279727, 35.351014], [136.278076, 35.350823], [136.250427, 35.35266], [136.242985, 35.349741], [136.225741, 35.347948], [136.20978, 35.338654], [136.213278, 35.332324], [136.215993, 35.303685], [136.24408, 35.295582], [136.25399, 35.299224], [136.256983, 35.30045], [136.2574, 35.300461], [136.258538, 35.299547], [136.258368, 35.298826], [136.258654, 35.298338], [136.25921, 35.298163], [136.259411, 35.298327], [136.259462, 35.298742], [136.259672, 35.298787], [136.259821, 35.298628], [136.259879, 35.298321], [136.259635, 35.297411], [136.259662, 35.296513], [136.260052, 35.296037], [136.260249, 35.295536], [136.260667, 35.295113], [136.260566, 35.29453], [136.261435, 35.294373], [136.26232, 35.293979], [136.262614, 35.294292], [136.263311, 35.294661], [136.263888, 35.294633], [136.264962, 35.295146], [136.266066, 35.294567], [136.266623, 35.29441], [136.267745, 35.294162], [136.268602, 35.294172], [136.268839, 35.29601], [136.269312, 35.296226], [136.269704, 35.296687], [136.269919, 35.296772], [136.271524, 35.296603], [136.272098, 35.296708], [136.273909, 35.296457], [136.274712, 35.296612], [136.275464, 35.296397], [136.279539, 35.296327], [136.279691, 35.297151], [136.285186, 35.296964], [136.28612, 35.297028], [136.286414, 35.297462], [136.286532, 35.297961], [136.286519, 35.299222], [136.286946, 35.299716], [136.287302, 35.300705], [136.28823, 35.301574], [136.289446, 35.301136], [136.290402, 35.300404], [136.290652, 35.30003], [136.291086, 35.299849], [136.291486, 35.299443], [136.292965, 35.299024], [136.29347, 35.299102], [136.294568, 35.299671], [136.294674, 35.300493], [136.294921, 35.300673], [136.295408, 35.300562], [136.296434, 35.29966], [136.296641, 35.299409], [136.296736, 35.298858], [136.296865, 35.298788], [136.297546, 35.29888], [136.298159, 35.299101], [136.298743, 35.299524], [136.300517, 35.301061], [136.300754, 35.301886], [136.301081, 35.302071], [136.301618, 35.300913], [136.301008, 35.299922], [136.300782, 35.298707], [136.300826, 35.298221], [136.301228, 35.297599], [136.301981, 35.297432], [136.302509, 35.296471], [136.302644, 35.295812], [136.30339, 35.295497], [136.303739, 35.29517], [136.304833, 35.29492], [136.305026, 35.294308], [136.305388, 35.294114], [136.30751, 35.294525], [136.308301, 35.294367], [136.309412, 35.29447], [136.310389, 35.293936], [136.310971, 35.293764], [136.311489, 35.293414], [136.312394, 35.293517], [136.313709, 35.293022], [136.315338, 35.291517], [136.315761, 35.290824], [136.317499, 35.288679], [136.317591, 35.286645], [136.317327, 35.285851], [136.317581, 35.285467], [136.318413, 35.285228], [136.318674, 35.284936], [136.318892, 35.280897], [136.31957, 35.280978], [136.320184, 35.280871], [136.322937, 35.279857], [136.323186, 35.279894], [136.323953, 35.281504], [136.324781, 35.282363], [136.325639, 35.283918], [136.325722, 35.284702], [136.325448, 35.285865], [136.324928, 35.286519], [136.324802, 35.286926], [136.324829, 35.287552], [136.325022, 35.28808], [136.325425, 35.288674], [136.326384, 35.289572], [136.326373, 35.290503], [136.3277, 35.291], [136.32848, 35.291611], [136.328064, 35.292504], [136.326107, 35.295665], [136.32611, 35.295891], [136.326906, 35.29678], [136.326044, 35.298161], [136.326009, 35.298441], [136.32737, 35.298124], [136.328443, 35.298009], [136.328791, 35.297811], [136.328664, 35.296926], [136.328907, 35.296428], [136.32897, 35.295844], [136.330273, 35.295309], [136.330803, 35.294501], [136.33086, 35.294034], [136.330723, 35.293471], [136.331068, 35.292946], [136.331427, 35.291767], [136.33174, 35.291485], [136.33237, 35.29111], [136.333356, 35.291277], [136.333654, 35.291228], [136.335492, 35.290157], [136.336594, 35.289788], [136.337403, 35.289673], [136.337965, 35.289794], [136.338558, 35.289731], [136.339709, 35.289826], [136.340332, 35.289473], [136.340599, 35.289008], [136.341362, 35.288235], [136.342108, 35.287977], [136.343069, 35.28702], [136.34428, 35.286636], [136.345755, 35.286586], [136.346134, 35.286425], [136.348345, 35.281358], [136.348711, 35.278905], [136.349726, 35.277725], [136.349911, 35.27524], [136.350346, 35.274658], [136.351525, 35.27413], [136.353047, 35.274676], [136.353343, 35.274661], [136.353887, 35.274386], [136.354514, 35.274401], [136.355514, 35.274787], [136.356176, 35.275514], [136.357529, 35.276638], [136.357765, 35.277139], [136.357709, 35.277625], [136.359343, 35.278309], [136.359966, 35.278755], [136.360863, 35.278976], [136.361648, 35.279427], [136.362516, 35.279667], [136.362976, 35.279996], [136.363279, 35.280672], [136.36405, 35.281121], [136.369922, 35.282022], [136.370339, 35.282524], [136.370596, 35.283232], [136.371103, 35.283566], [136.371648, 35.284289], [136.372099, 35.284364], [136.372698, 35.284659], [136.373182, 35.285231], [136.373491, 35.285981], [136.373722, 35.286195], [136.374977, 35.286481], [136.376474, 35.287089], [136.376772, 35.287562], [136.37708, 35.287669], [136.377564, 35.287553], [136.377719, 35.287285], [136.377686, 35.286687], [136.37784, 35.286222], [136.378126, 35.285972], [136.378533, 35.28582], [136.379359, 35.286061], [136.379689, 35.285963], [136.380152, 35.285544], [136.380834, 35.28407], [136.382717, 35.285293], [136.383521, 35.285615], [136.385249, 35.286839], [136.386262, 35.286839], [136.387902, 35.287383], [136.390093, 35.286901], [136.391128, 35.28683], [136.391729, 35.287111], [136.391044, 35.287684], [136.390908, 35.287937], [136.390952, 35.2895], [136.39115, 35.290197], [136.391843, 35.290438], [136.39206, 35.290638], [136.392504, 35.291581], [136.392977, 35.291831], [136.393792, 35.291921], [136.394309, 35.292287], [136.394485, 35.292537], [136.394419, 35.293403], [136.394573, 35.293805], [136.39486, 35.294055], [136.395851, 35.2941], [136.396148, 35.294261], [136.396775, 35.295565], [136.397767, 35.296304], [136.397971, 35.297541], [136.398948, 35.29797], [136.399239, 35.298304], [136.399338, 35.298473], [136.399238, 35.299261], [136.399381, 35.299433], [136.401201, 35.300191], [136.402657, 35.300452], [136.40312, 35.300592], [136.403237, 35.300799], [136.403248, 35.301995], [136.402973, 35.302719], [136.403241, 35.303442], [136.405472, 35.30413], [136.406595, 35.304907], [136.406848, 35.305264], [136.407112, 35.306729], [136.407035, 35.307104], [136.407302, 35.307988], [136.407211, 35.308622], [136.406613, 35.309547], [136.406782, 35.309998], [136.407643, 35.310741], [136.408202, 35.311025], [136.409824, 35.312673], [136.410925, 35.313582], [136.411427, 35.314098], [136.412264, 35.315563], [136.412275, 35.317778], [136.412077, 35.31851], [136.41222, 35.319636], [136.412132, 35.322181], [136.412628, 35.323155], [136.413629, 35.324263], [136.413222, 35.325629], [136.412903, 35.326245], [136.411251, 35.327585], [136.411174, 35.327942], [136.411427, 35.329014], [136.41211, 35.329327], [136.412341, 35.329666], [136.412231, 35.330747], [136.412572, 35.331801], [136.413046, 35.332212], [136.414444, 35.332462], [136.414697, 35.332962], [136.414576, 35.33331], [136.415159, 35.333668], [136.415391, 35.333954], [136.415677, 35.335052], [136.415468, 35.335454], [136.415567, 35.336124], [136.415346, 35.336533], [136.415554, 35.336997], [136.416096, 35.337549], [136.416387, 35.338179], [136.417275, 35.339395], [136.417469, 35.33998], [136.41765, 35.340171], [136.418732, 35.340644], [136.419023, 35.341185], [136.419023, 35.341545], [136.418607, 35.342524], [136.418621, 35.342772], [136.419453, 35.343763], [136.419245, 35.344213], [136.419245, 35.344832], [136.420133, 35.346014], [136.420674, 35.346352], [136.421812, 35.347399], [136.422325, 35.34839], [136.420938, 35.351677], [136.42091, 35.352397], [136.421714, 35.353275], [136.421756, 35.353557], [136.421631, 35.353816], [136.421423, 35.353917], [136.419508, 35.353917], [136.418634, 35.354142], [136.417746, 35.353804], [136.417399, 35.353872], [136.417094, 35.354097], [136.416636, 35.354739], [136.416165, 35.35475], [136.414971, 35.354255], [136.414583, 35.353861], [136.41382, 35.353602], [136.413792, 35.352758], [136.413626, 35.352488], [136.413265, 35.352262], [136.412807, 35.35215], [136.411531, 35.35215], [136.410976, 35.352217], [136.410559, 35.352544], [136.410546, 35.353523], [136.410767, 35.354232], [136.409921, 35.354986], [136.409824, 35.355211], [136.409824, 35.356033], [136.409616, 35.356664], [136.409727, 35.356968], [136.410088, 35.357722], [136.410545, 35.358273], [136.4111, 35.358442], [136.411739, 35.35842], [136.412016, 35.358521], [136.413029, 35.359163], [136.413306, 35.359444], [136.413528, 35.359973], [136.413265, 35.361729], [136.413379, 35.362307], [136.41333, 35.364702], [136.412176, 35.365388], [136.41221, 35.366345], [136.41298, 35.367583], [136.41264, 35.368523], [136.412092, 35.369035], [136.411974, 35.370065], [136.413972, 35.371399], [136.414714, 35.372924], [136.415137, 35.373341], [136.415574, 35.373561], [136.416102, 35.373577], [136.419314, 35.373139], [136.420868, 35.372649], [136.421173, 35.372716], [136.421888, 35.373234], [136.422373, 35.373414], [136.4234, 35.373431], [136.42494, 35.373673], [136.425509, 35.373403], [136.426314, 35.373358], [136.428124, 35.374219], [136.435395, 35.378367], [136.436484, 35.378823], [136.436893, 35.379132], [136.437809, 35.380264], [136.439585, 35.382853], [136.440612, 35.383517], [136.441562, 35.384389], [136.442582, 35.386297], [136.442998, 35.386753], [136.443518, 35.387952], [136.444143, 35.388656], [136.444352, 35.389425]]]}}, {"type": "Feature", "properties": {"pref_code": "25", "pref_name": "滋賀県", "municipality_code": "25383", "municipality_name": "日野町", "ward_name": "", "display_name": "日野町", "geometry_key": "25383"}, "geometry": {"type": "Polygon", "coordinates": [[[136.342484, 35.016574], [136.34162, 35.017091], [136.341324, 35.017845], [136.340709, 35.018295], [136.33938, 35.019811], [136.33895, 35.021407], [136.339044, 35.021986], [136.338819, 35.022491], [136.338788, 35.02328], [136.338617, 35.023496], [136.337823, 35.023887], [136.337436, 35.02455], [136.337393, 35.025091], [136.335315, 35.025316], [136.334911, 35.025498], [136.334641, 35.026243], [136.335008, 35.027372], [136.33478, 35.027903], [136.334376, 35.028131], [136.334262, 35.028595], [136.334296, 35.028927], [136.334629, 35.029344], [136.334669, 35.029862], [136.334026, 35.030375], [136.333654, 35.03116], [136.332556, 35.031806], [136.332117, 35.032536], [136.330076, 35.032757], [136.32912, 35.033284], [136.329031, 35.034054], [136.328442, 35.035094], [136.32754, 35.036263], [136.326925, 35.036629], [136.326624, 35.037022], [136.324989, 35.036796], [136.324029, 35.036972], [136.32296, 35.036979], [136.32151, 35.037267], [136.319382, 35.038059], [136.317733, 35.03843], [136.317548, 35.038708], [136.31781, 35.040081], [136.317517, 35.040514], [136.317841, 35.041233], [136.317534, 35.041634], [136.317469, 35.04212], [136.316905, 35.042727], [136.316558, 35.042866], [136.316251, 35.043521], [136.314504, 35.043908], [136.312398, 35.044079], [136.311818, 35.044373], [136.311551, 35.044919], [136.310958, 35.045402], [136.310381, 35.047062], [136.309819, 35.047198], [136.309102, 35.047067], [136.308549, 35.046141], [136.30747, 35.045252], [136.307149, 35.045273], [136.306269, 35.045749], [136.304977, 35.046821], [136.304798, 35.048185], [136.303503, 35.049184], [136.303011, 35.050061], [136.303019, 35.050754], [136.30286, 35.051065], [136.302284, 35.051466], [136.301302, 35.051539], [136.301207, 35.052487], [136.300807, 35.05281], [136.300196, 35.052952], [136.299292, 35.052707], [136.298691, 35.053063], [136.298347, 35.053911], [136.298441, 35.054377], [136.297966, 35.054644], [136.297986, 35.055551], [136.296952, 35.056017], [136.295905, 35.057272], [136.295458, 35.057408], [136.293394, 35.057343], [136.292306, 35.057879], [136.291771, 35.058558], [136.291489, 35.058632], [136.290946, 35.058602], [136.289899, 35.057684], [136.289543, 35.057577], [136.288583, 35.057989], [136.28699, 35.058133], [136.285388, 35.058004], [136.284426, 35.057667], [136.283656, 35.0577], [136.283071, 35.0575], [136.282476, 35.057775], [136.280583, 35.058111], [136.279622, 35.057964], [136.279387, 35.057645], [136.279017, 35.057495], [136.277493, 35.057492], [136.276694, 35.057846], [136.275578, 35.057932], [136.275461, 35.058015], [136.275352, 35.059219], [136.274378, 35.06079], [136.273856, 35.062856], [136.272945, 35.063064], [136.272667, 35.062882], [136.272139, 35.061224], [136.271878, 35.061467], [136.271548, 35.061549], [136.271096, 35.061349], [136.270816, 35.059639], [136.270464, 35.059182], [136.270169, 35.059153], [136.269664, 35.059364], [136.269001, 35.059199], [136.268328, 35.058888], [136.266895, 35.057759], [136.264567, 35.05805], [136.263832, 35.058406], [136.263196, 35.059498], [136.262638, 35.05971], [136.262039, 35.06035], [136.261285, 35.060633], [136.260207, 35.060833], [136.259916, 35.061019], [136.259275, 35.061947], [136.259166, 35.062666], [136.257747, 35.064807], [136.257447, 35.064883], [136.256982, 35.064657], [136.256191, 35.064836], [136.255681, 35.065183], [136.254935, 35.065102], [136.254211, 35.066126], [136.253679, 35.066404], [136.252607, 35.066656], [136.251463, 35.067354], [136.251429, 35.067608], [136.250536, 35.068068], [136.249027, 35.068477], [136.248515, 35.068494], [136.247824, 35.068291], [136.247411, 35.06799], [136.246794, 35.067919], [136.246436, 35.068002], [136.245964, 35.068419], [136.245516, 35.06823], [136.244481, 35.068227], [136.243781, 35.067666], [136.243465, 35.067645], [136.243019, 35.067873], [136.242313, 35.068772], [136.241624, 35.069086], [136.240903, 35.069185], [136.240547, 35.069089], [136.239841, 35.069353], [136.239016, 35.069135], [136.238284, 35.069384], [136.237475, 35.068914], [136.236949, 35.068967], [136.23626, 35.068853], [136.23446, 35.068967], [136.234057, 35.068796], [136.233706, 35.068192], [136.233841, 35.067691], [136.233689, 35.066894], [136.233972, 35.066344], [136.233861, 35.065566], [136.232411, 35.065343], [136.231385, 35.06568], [136.229845, 35.065374], [136.229483, 35.065485], [136.227066, 35.065397], [136.225936, 35.065535], [136.22516, 35.065212], [136.224151, 35.065218], [136.223479, 35.064949], [136.222837, 35.064892], [136.22148, 35.064123], [136.22082, 35.063882], [136.22021, 35.063156], [136.219816, 35.062376], [136.219496, 35.062092], [136.218347, 35.061931], [136.21555, 35.059829], [136.215089, 35.060126], [136.214555, 35.059789], [136.214915, 35.059384], [136.214719, 35.059202], [136.214649, 35.058828], [136.215329, 35.058815], [136.215752, 35.058522], [136.216121, 35.058734], [136.216669, 35.058717], [136.216489, 35.056579], [136.216878, 35.056522], [136.216013, 35.055537], [136.215616, 35.055558], [136.215596, 35.053055], [136.215923, 35.052747], [136.215968, 35.052529], [136.215591, 35.051951], [136.215378, 35.051161], [136.215842, 35.050236], [136.216312, 35.048422], [136.216263, 35.047863], [136.216579, 35.045137], [136.216521, 35.04423], [136.215972, 35.044059], [136.214863, 35.044378], [136.21472, 35.044311], [136.214776, 35.043051], [136.21433, 35.042267], [136.214211, 35.041077], [136.214457, 35.040724], [136.215314, 35.040531], [136.21556, 35.040196], [136.215625, 35.039806], [136.215092, 35.038679], [136.215281, 35.038511], [136.216175, 35.038448], [136.217404, 35.038782], [136.218616, 35.039456], [136.218933, 35.040225], [136.219453, 35.040137], [136.219973, 35.039282], [136.220125, 35.038717], [136.220599, 35.038318], [136.22046, 35.037537], [136.218775, 35.037465], [136.217259, 35.036643], [136.216804, 35.035733], [136.215955, 35.03549], [136.214452, 35.035507], [136.213417, 35.034993], [136.21302, 35.034603], [136.212723, 35.033966], [136.211296, 35.032944], [136.210551, 35.032806], [136.20926, 35.032193], [136.209111, 35.032199], [136.20869, 35.032711], [136.207959, 35.032342], [136.207743, 35.032611], [136.207621, 35.032473], [136.207757, 35.031761], [136.207171, 35.031435], [136.2069, 35.031776], [136.206078, 35.031407], [136.205785, 35.031724], [136.20534, 35.031559], [136.205374, 35.031117], [136.203798, 35.030282], [136.203111, 35.029539], [136.203338, 35.029243], [136.202911, 35.028922], [136.201283, 35.028127], [136.201127, 35.027923], [136.200452, 35.027785], [136.199118, 35.027], [136.199088, 35.025939], [136.199817, 35.024764], [136.200325, 35.024285], [136.200288, 35.024111], [136.199734, 35.023957], [136.199115, 35.023591], [136.198971, 35.023725], [136.198477, 35.023417], [136.198058, 35.023685], [136.197434, 35.023267], [136.197557, 35.023124], [136.197475, 35.023014], [136.196743, 35.022534], [136.196542, 35.022589], [136.196259, 35.022983], [136.196018, 35.022909], [136.195587, 35.022348], [136.19542, 35.022302], [136.193604, 35.022675], [136.192845, 35.023183], [136.192304, 35.023776], [136.191706, 35.024728], [136.190576, 35.024359], [136.19019, 35.024405], [136.190179, 35.024137], [136.189952, 35.024091], [136.18838, 35.024112], [136.187419, 35.024405], [136.186642, 35.024992], [136.186049, 35.025276], [136.185804, 35.025236], [136.185174, 35.024766], [136.184258, 35.025068], [136.183957, 35.024038], [136.184143, 35.023142], [136.183753, 35.022527], [136.183686, 35.021807], [136.183296, 35.021402], [136.183166, 35.021024], [136.183181, 35.020427], [136.183526, 35.019942], [136.183547, 35.019525], [136.18276, 35.019186], [136.182501, 35.018637], [136.182121, 35.018284], [136.181393, 35.017994], [136.180967, 35.017393], [136.180675, 35.016433], [136.180623, 35.015806], [136.180307, 35.015236], [136.180492, 35.014558], [136.181932, 35.014006], [136.182699, 35.013931], [136.182929, 35.013723], [136.18264, 35.013144], [136.182778, 35.012438], [136.182554, 35.012186], [136.181719, 35.011747], [136.181538, 35.011525], [136.181571, 35.011102], [136.181841, 35.010636], [136.182525, 35.010266], [136.183651, 35.008972], [136.183308, 35.008471], [136.183391, 35.007686], [136.182696, 35.007117], [136.182821, 35.006149], [136.183061, 35.005518], [136.182964, 35.004795], [136.182608, 35.004189], [136.181446, 35.002981], [136.18173, 35.002476], [136.182259, 35.002279], [136.18426, 35.002708], [136.18457, 35.002556], [136.184812, 35.002178], [136.185487, 35.00216], [136.186005, 35.001301], [136.187216, 35.000001], [136.187858, 35.000328], [136.188577, 35.000072], [136.188926, 34.998701], [136.188651, 34.997907], [136.188868, 34.997544], [136.19105, 34.996619], [136.192487, 34.996629], [136.195103, 34.995128], [136.196009, 34.994327], [136.196378, 34.993624], [136.196746, 34.993261], [136.197067, 34.99324], [136.19804, 34.993619], [136.198971, 34.993151], [136.199564, 34.992564], [136.201161, 34.992337], [136.200823, 34.991608], [136.200337, 34.99107], [136.20072, 34.99056], [136.199744, 34.989233], [136.200103, 34.988891], [136.202386, 34.988904], [136.203158, 34.988687], [136.204174, 34.988997], [136.205143, 34.988756], [136.206054, 34.988882], [136.206542, 34.988214], [136.2068, 34.987564], [136.207127, 34.987458], [136.207449, 34.987145], [136.207409, 34.986836], [136.207629, 34.986571], [136.2074, 34.986289], [136.207747, 34.985321], [136.209337, 34.985087], [136.210441, 34.985168], [136.210822, 34.984949], [136.211217, 34.984357], [136.21204, 34.984836], [136.213089, 34.984913], [136.213729, 34.985483], [136.214498, 34.985331], [136.215421, 34.985611], [136.21571, 34.985052], [136.215764, 34.984414], [136.216287, 34.983613], [136.216246, 34.983095], [136.216366, 34.982846], [136.217841, 34.981662], [136.217869, 34.980538], [136.21919, 34.980299], [136.219579, 34.980022], [136.219623, 34.97977], [136.219134, 34.979146], [136.219107, 34.978939], [136.219468, 34.978526], [136.219659, 34.977996], [136.220233, 34.977851], [136.220545, 34.977602], [136.219897, 34.976089], [136.218549, 34.97538], [136.2187, 34.974402], [136.219005, 34.973613], [136.218872, 34.9733], [136.218114, 34.972508], [136.219249, 34.971201], [136.219558, 34.969421], [136.220024, 34.96873], [136.221375, 34.968954], [136.222655, 34.969357], [136.223765, 34.96947], [136.224665, 34.97004], [136.225299, 34.970834], [136.22594, 34.971002], [136.226456, 34.971046], [136.226462, 34.970381], [136.228212, 34.970426], [136.229283, 34.969506], [136.230016, 34.968108], [136.230481, 34.967674], [136.23037, 34.967087], [136.229773, 34.965881], [136.230261, 34.965881], [136.230813, 34.965606], [136.23067, 34.964736], [136.230751, 34.964257], [136.231834, 34.963169], [136.232094, 34.963107], [136.232805, 34.963234], [136.233912, 34.962786], [136.233845, 34.962359], [136.235283, 34.961694], [136.236334, 34.961046], [136.237004, 34.960466], [136.237793, 34.959301], [136.239663, 34.959003], [136.241531, 34.958153], [136.243279, 34.958064], [136.244506, 34.957723], [136.245536, 34.957087], [136.246417, 34.956719], [136.247118, 34.956544], [136.248443, 34.956439], [136.24927, 34.956677], [136.251039, 34.956576], [136.252242, 34.956727], [136.253397, 34.957651], [136.254602, 34.958149], [136.255456, 34.958849], [136.255654, 34.959221], [136.256498, 34.959439], [136.257545, 34.960071], [136.258312, 34.960229], [136.258912, 34.960678], [136.260466, 34.960891], [136.261956, 34.961553], [136.262952, 34.961109], [136.263802, 34.961335], [136.264594, 34.962892], [136.26523, 34.963742], [136.265879, 34.963391], [136.267009, 34.963751], [136.267975, 34.963416], [136.268584, 34.961801], [136.269276, 34.961395], [136.269575, 34.961357], [136.270918, 34.962031], [136.271381, 34.962893], [136.273708, 34.963767], [136.274964, 34.965036], [136.27639, 34.965099], [136.277703, 34.964892], [136.277994, 34.965197], [136.277936, 34.966216], [136.278096, 34.966521], [136.279499, 34.967737], [136.281215, 34.968144], [136.28166, 34.969087], [136.281733, 34.970099], [136.28243, 34.970279], [136.282767, 34.970843], [136.283108, 34.971058], [136.284403, 34.970732], [136.28393, 34.973106], [136.284059, 34.973424], [136.284624, 34.973508], [136.285441, 34.974059], [136.286075, 34.973842], [136.286497, 34.973963], [136.286862, 34.974999], [136.287462, 34.974452], [136.288243, 34.974322], [136.289573, 34.97377], [136.290671, 34.973707], [136.290788, 34.973973], [136.291353, 34.974471], [136.292012, 34.974849], [136.293029, 34.975199], [136.293123, 34.976097], [136.294357, 34.97741], [136.295304, 34.977817], [136.296337, 34.977783], [136.296886, 34.978398], [136.297132, 34.978978], [136.298542, 34.979754], [136.298749, 34.980209], [136.298626, 34.980698], [136.298708, 34.981062], [136.300342, 34.981953], [136.300954, 34.982723], [136.301247, 34.983627], [136.302606, 34.983512], [136.303595, 34.983243], [136.304704, 34.983594], [136.305451, 34.983643], [136.306362, 34.984142], [136.306826, 34.984243], [136.30815, 34.983972], [136.308537, 34.983639], [136.311189, 34.982922], [136.311888, 34.982869], [136.313221, 34.983111], [136.314322, 34.982772], [136.31581, 34.982627], [136.315963, 34.981883], [136.316665, 34.980764], [136.317805, 34.980785], [136.318871, 34.980329], [136.319823, 34.979608], [136.320154, 34.978696], [136.320796, 34.978113], [136.322014, 34.977748], [136.323316, 34.977641], [136.324798, 34.978201], [136.325138, 34.978433], [136.325568, 34.979066], [136.326471, 34.979923], [136.328352, 34.980959], [136.329021, 34.981953], [136.329092, 34.982489], [136.329918, 34.982548], [136.330816, 34.982349], [136.33083, 34.983016], [136.331789, 34.982968], [136.332713, 34.983357], [136.333445, 34.98333], [136.334519, 34.98301], [136.334965, 34.98301], [136.336299, 34.98365], [136.337479, 34.984706], [136.338569, 34.985338], [136.339101, 34.986576], [136.339401, 34.987907], [136.34004, 34.988614], [136.340911, 34.989254], [136.341182, 34.990969], [136.342188, 34.992799], [136.341802, 34.993693], [136.342093, 34.995391], [136.34313, 34.996299], [136.343435, 34.997118], [136.34361, 34.999257], [136.343015, 35.00175], [136.343915, 35.002241], [136.344285, 35.002595], [136.344435, 35.002946], [136.344513, 35.003983], [136.344243, 35.00461], [136.344179, 35.005376], [136.344416, 35.005865], [136.34482, 35.006277], [136.344892, 35.007019], [136.345209, 35.00765], [136.345419, 35.0086], [136.342712, 35.010614], [136.342501, 35.011673], [136.342048, 35.012154], [136.342016, 35.012523], [136.341766, 35.012927], [136.341805, 35.013617], [136.341257, 35.014197], [136.34195, 35.016012], [136.342484, 35.016574]]]}}, {"type": "Feature", "properties": {"pref_code": "25", "pref_name": "滋賀県", "municipality_code": "25384", "municipality_name": "竜王町", "ward_name": "", "display_name": "竜王町", "geometry_key": "25384"}, "geometry": {"type": "Polygon", "coordinates": [[[136.145767, 35.076446], [136.14452, 35.076352], [136.143634, 35.075947], [136.142512, 35.075758], [136.140697, 35.074553], [136.139547, 35.074107], [136.138727, 35.073929], [136.137069, 35.074341], [136.135995, 35.074846], [136.134078, 35.076825], [136.133449, 35.07845], [136.133507, 35.079685], [136.133988, 35.080707], [136.13489, 35.081543], [136.135082, 35.081956], [136.135096, 35.0825], [136.134582, 35.084046], [136.1339, 35.084515], [136.133313, 35.08457], [136.131079, 35.084319], [136.129482, 35.084947], [136.129069, 35.085516], [136.129047, 35.086214], [136.128725, 35.086986], [136.126886, 35.088285], [136.125794, 35.089379], [136.124304, 35.090293], [136.122646, 35.091604], [136.122126, 35.091787], [136.121191, 35.091846], [136.120151, 35.091746], [136.118912, 35.091204], [136.11753, 35.089747], [136.116365, 35.087932], [136.115758, 35.087592], [136.114992, 35.08739], [136.114413, 35.087582], [136.113289, 35.088918], [136.110213, 35.091561], [136.109364, 35.092132], [136.108517, 35.092318], [136.107683, 35.092149], [136.107087, 35.091825], [136.106133, 35.090137], [136.105827, 35.089749], [136.104992, 35.089142], [136.104301, 35.088832], [136.103375, 35.088812], [136.102895, 35.089284], [136.101912, 35.091256], [136.100093, 35.096129], [136.099037, 35.096962], [136.09828, 35.097161], [136.093762, 35.0964], [136.092594, 35.096579], [136.091014, 35.097009], [136.087189, 35.097174], [136.087087, 35.096493], [136.086371, 35.095219], [136.08445, 35.094989], [136.083959, 35.094406], [136.083649, 35.093422], [136.083217, 35.093009], [136.082804, 35.093368], [136.081619, 35.092327], [136.08112, 35.092704], [136.08058, 35.092282], [136.079736, 35.092921], [136.079527, 35.092742], [136.078979, 35.093205], [136.078769, 35.093084], [136.078128, 35.093163], [136.077955, 35.092019], [136.077714, 35.09075], [136.077028, 35.09036], [136.076507, 35.089399], [136.076593, 35.089038], [136.077171, 35.088277], [136.077203, 35.08787], [136.078101, 35.087247], [136.076882, 35.085686], [136.076421, 35.085471], [136.076249, 35.085222], [136.076215, 35.084323], [136.075815, 35.083381], [136.075967, 35.083222], [136.077206, 35.082852], [136.077213, 35.082037], [136.077344, 35.08176], [136.079065, 35.080824], [136.079416, 35.080035], [136.079636, 35.078935], [136.079829, 35.077394], [136.07943, 35.076491], [136.079526, 35.07585], [136.079203, 35.075209], [136.078507, 35.074638], [136.078273, 35.073725], [136.07868, 35.072999], [136.079816, 35.071991], [136.079706, 35.071542], [136.078935, 35.070393], [136.078887, 35.068752], [136.078639, 35.067994], [136.080326, 35.066814], [136.078777, 35.064858], [136.078481, 35.063736], [136.07857, 35.063096], [136.078866, 35.062636], [136.078646, 35.061785], [136.07888, 35.061446], [136.079699, 35.060829], [136.079266, 35.059354], [136.07844, 35.059592], [136.077862, 35.059462], [136.076745, 35.058595], [136.075711, 35.058107], [136.074712, 35.056926], [136.073341, 35.056132], [136.07352, 35.055265], [136.0731, 35.054201], [136.073244, 35.053349], [136.073169, 35.0523], [136.073554, 35.051944], [136.074075, 35.051694], [136.076494, 35.051232], [136.078383, 35.050221], [136.07886, 35.049806], [136.078898, 35.049472], [136.078644, 35.049044], [136.078417, 35.048937], [136.078103, 35.04806], [136.078292, 35.047226], [136.079266, 35.046598], [136.079174, 35.04622], [136.078866, 35.045862], [136.078882, 35.045489], [136.079137, 35.045297], [136.080602, 35.043151], [136.081631, 35.042143], [136.081465, 35.041759], [136.081817, 35.041341], [136.081935, 35.040967], [136.083958, 35.039272], [136.083959, 35.038341], [136.084816, 35.036265], [136.084013, 35.035365], [136.083945, 35.034974], [136.084759, 35.033948], [136.08562, 35.034069], [136.085855, 35.034008], [136.086286, 35.033221], [136.086149, 35.03266], [136.086575, 35.031665], [136.086188, 35.031152], [136.085713, 35.03087], [136.085767, 35.030524], [136.086782, 35.029924], [136.087767, 35.029791], [136.08858, 35.029988], [136.088997, 35.02991], [136.089526, 35.029347], [136.090917, 35.028976], [136.091059, 35.028564], [136.090942, 35.028028], [136.091187, 35.027592], [136.091828, 35.026985], [136.091996, 35.026508], [136.092421, 35.026117], [136.092334, 35.025253], [136.093092, 35.024972], [136.093744, 35.024396], [136.094009, 35.0244], [136.094828, 35.024867], [136.095141, 35.024919], [136.095842, 35.024637], [136.097527, 35.024874], [136.097752, 35.024778], [136.09784, 35.024568], [136.097508, 35.024028], [136.097675, 35.023403], [136.099399, 35.022677], [136.099737, 35.022411], [136.100806, 35.022266], [136.101104, 35.021566], [136.102467, 35.021418], [136.103255, 35.021764], [136.104285, 35.022974], [136.104549, 35.023622], [136.104437, 35.024236], [136.104618, 35.024574], [136.106063, 35.024922], [136.107386, 35.025925], [136.108151, 35.026313], [136.109425, 35.026736], [136.109831, 35.027347], [136.110261, 35.027303], [136.11105, 35.026965], [136.112877, 35.027624], [136.114259, 35.027065], [136.115441, 35.027227], [136.116918, 35.027074], [136.117135, 35.026789], [136.117172, 35.025025], [136.117526, 35.024034], [136.118035, 35.023453], [136.118302, 35.022712], [136.118775, 35.022425], [136.118986, 35.021909], [136.119474, 35.021578], [136.119943, 35.021017], [136.120192, 35.020994], [136.121966, 35.021572], [136.122232, 35.022001], [136.122956, 35.022531], [136.122875, 35.023079], [136.123629, 35.024747], [136.123602, 35.025194], [136.122127, 35.027658], [136.12154, 35.030293], [136.121005, 35.031384], [136.121286, 35.031796], [136.12071, 35.032667], [136.119558, 35.035201], [136.118401, 35.036297], [136.121256, 35.036237], [136.123392, 35.037135], [136.123963, 35.037212], [136.125033, 35.036892], [136.125587, 35.036863], [136.126179, 35.036588], [136.126193, 35.035939], [136.127003, 35.035671], [136.127774, 35.0351], [136.128584, 35.035026], [136.129554, 35.035396], [136.130267, 35.034872], [136.130622, 35.034256], [136.131432, 35.034301], [136.131557, 35.033271], [136.132019, 35.032699], [136.132736, 35.032533], [136.133207, 35.032186], [136.133781, 35.032118], [136.134344, 35.031656], [136.134484, 35.03121], [136.134865, 35.031216], [136.135571, 35.031495], [136.136873, 35.03047], [136.137024, 35.030187], [136.136945, 35.029584], [136.136467, 35.029069], [136.136356, 35.028666], [136.137129, 35.026974], [136.138119, 35.02702], [136.138676, 35.026399], [136.138952, 35.026313], [136.139563, 35.026456], [136.14091, 35.026402], [136.14218, 35.025045], [136.142736, 35.024916], [136.143292, 35.02406], [136.14452, 35.02403], [136.14577, 35.023772], [136.145915, 35.023554], [136.145905, 35.022654], [136.146099, 35.022457], [136.146688, 35.022441], [136.147267, 35.022122], [136.147931, 35.022425], [136.148416, 35.022276], [136.149193, 35.021521], [136.150072, 35.020364], [136.150683, 35.019839], [136.15139, 35.019872], [136.152355, 35.020253], [136.152912, 35.019541], [136.153405, 35.019255], [136.155744, 35.020521], [136.156564, 35.020456], [136.156812, 35.020546], [136.157196, 35.021187], [136.157914, 35.021981], [136.158441, 35.022146], [136.159197, 35.0222], [136.159569, 35.023052], [136.159615, 35.023665], [136.159858, 35.02393], [136.160878, 35.024305], [136.161062, 35.024499], [136.160885, 35.025882], [136.160964, 35.026752], [136.162076, 35.027559], [136.162596, 35.028276], [136.163181, 35.028637], [136.163352, 35.030084], [136.163549, 35.03063], [136.16325, 35.030793], [136.162788, 35.030832], [136.162319, 35.029383], [136.161944, 35.028992], [136.158919, 35.028751], [136.158587, 35.028647], [136.158186, 35.028231], [136.157749, 35.028148], [136.157139, 35.028213], [136.156335, 35.028521], [136.155667, 35.029485], [136.155492, 35.029951], [136.154673, 35.030768], [136.155015, 35.032363], [136.15493, 35.032835], [136.154468, 35.033818], [136.154044, 35.035703], [136.15321, 35.036754], [136.153187, 35.037526], [136.152891, 35.038516], [136.152727, 35.038821], [136.152394, 35.039061], [136.151774, 35.042262], [136.150526, 35.044476], [136.150056, 35.044689], [136.150005, 35.045415], [136.149234, 35.047983], [136.149297, 35.048071], [136.149607, 35.048], [136.149646, 35.048265], [136.149175, 35.04927], [136.149111, 35.049709], [136.149298, 35.050016], [136.150703, 35.050358], [136.151287, 35.050346], [136.152707, 35.051187], [136.152143, 35.051905], [136.15264, 35.052236], [136.151854, 35.053135], [136.153066, 35.053879], [136.148109, 35.059235], [136.14793, 35.059287], [136.147344, 35.059103], [136.147022, 35.059457], [136.146928, 35.060029], [136.146757, 35.06014], [136.144761, 35.059762], [136.144601, 35.059799], [136.144037, 35.060444], [136.144089, 35.060586], [136.146084, 35.061867], [136.146922, 35.063738], [136.146787, 35.064124], [136.147252, 35.064838], [136.147997, 35.065139], [136.148777, 35.065087], [136.149129, 35.065624], [136.150773, 35.065039], [136.151364, 35.066126], [136.150382, 35.066304], [136.149441, 35.066674], [136.14861, 35.068349], [136.147933, 35.069135], [136.147564, 35.070055], [136.148484, 35.071313], [136.149768, 35.072333], [136.149781, 35.072596], [136.149468, 35.07324], [136.147913, 35.074309], [136.146442, 35.075835], [136.145786, 35.076294], [136.145767, 35.076446]]]}}, {"type": "Feature", "properties": {"pref_code": "25", "pref_name": "滋賀県", "municipality_code": "25425", "municipality_name": "愛荘町", "ward_name": "", "display_name": "愛荘町", "geometry_key": "25425"}, "geometry": {"type": "Polygon", "coordinates": [[[136.216055, 35.193619], [136.21391, 35.194663], [136.212782, 35.195062], [136.211837, 35.195669], [136.210267, 35.196385], [136.209844, 35.195988], [136.209299, 35.196306], [136.209589, 35.196713], [136.205275, 35.199129], [136.202443, 35.195651], [136.201511, 35.196158], [136.200358, 35.194867], [136.199426, 35.195026], [136.198438, 35.195657], [136.198111, 35.196254], [136.198341, 35.196534], [136.195227, 35.198552], [136.194692, 35.198213], [136.194426, 35.198372], [136.194208, 35.198253], [136.193675, 35.198591], [136.193251, 35.198084], [136.193578, 35.197766], [136.193058, 35.197697], [136.192864, 35.197538], [136.193331, 35.19678], [136.193579, 35.19487], [136.192664, 35.193651], [136.192566, 35.193187], [136.191828, 35.19272], [136.19167, 35.192482], [136.192785, 35.191297], [136.19163, 35.190164], [136.191973, 35.189984], [136.194673, 35.187157], [136.195232, 35.186416], [136.195986, 35.184584], [136.196739, 35.17998], [136.197043, 35.176862], [136.19697, 35.17374], [136.196605, 35.171911], [136.196529, 35.170451], [136.197472, 35.168414], [136.203934, 35.157041], [136.204379, 35.155362], [136.204262, 35.148049], [136.208294, 35.147983], [136.209114, 35.148741], [136.209303, 35.149095], [136.209809, 35.148932], [136.210036, 35.149264], [136.21216, 35.148026], [136.211594, 35.147357], [136.212786, 35.146713], [136.212258, 35.145939], [136.214346, 35.144768], [136.214876, 35.145435], [136.214703, 35.145528], [136.215409, 35.146466], [136.215549, 35.146466], [136.215641, 35.146947], [136.216465, 35.148053], [136.222857, 35.144632], [136.223592, 35.145402], [136.226984, 35.143511], [136.228731, 35.145926], [136.228914, 35.14593], [136.229525, 35.146688], [136.229993, 35.146476], [136.230624, 35.14724], [136.230947, 35.147116], [136.231492, 35.147709], [136.231686, 35.148023], [136.230905, 35.148382], [136.231881, 35.149606], [136.231299, 35.149907], [136.231671, 35.150481], [136.231471, 35.150892], [136.232209, 35.151749], [136.229104, 35.153473], [136.229589, 35.154057], [136.228203, 35.1548], [136.22934, 35.15658], [136.228704, 35.156921], [136.229429, 35.157891], [136.228793, 35.158261], [136.229335, 35.158856], [136.229505, 35.15801], [136.229805, 35.157523], [136.230246, 35.157649], [136.231364, 35.157098], [136.231779, 35.158101], [136.232354, 35.158906], [136.232593, 35.158801], [136.233247, 35.159656], [136.233423, 35.15938], [136.233396, 35.158524], [136.235111, 35.15873], [136.235243, 35.158442], [136.236131, 35.157949], [136.236668, 35.158712], [136.239726, 35.157158], [136.238929, 35.156093], [136.239599, 35.155693], [136.239105, 35.155095], [136.239365, 35.15499], [136.239046, 35.154694], [136.240121, 35.153631], [136.241192, 35.152961], [136.242239, 35.152079], [136.242722, 35.152424], [136.245809, 35.151055], [136.245984, 35.151391], [136.246835, 35.151003], [136.247882, 35.152876], [136.24769, 35.153067], [136.247964, 35.153682], [136.248636, 35.154764], [136.247533, 35.155338], [136.248015, 35.156091], [136.249476, 35.15529], [136.250197, 35.155356], [136.250844, 35.154594], [136.25194, 35.15414], [136.252084, 35.153841], [136.251929, 35.153379], [136.252016, 35.153265], [136.253462, 35.153203], [136.253872, 35.153633], [136.253912, 35.153859], [136.254141, 35.153862], [136.254402, 35.154628], [136.254649, 35.154555], [136.255188, 35.15596], [136.255745, 35.155781], [136.256376, 35.156657], [136.256309, 35.157041], [136.256459, 35.157271], [136.256787, 35.157226], [136.257219, 35.157722], [136.257808, 35.157759], [136.258762, 35.159203], [136.261196, 35.157638], [136.263622, 35.156573], [136.266218, 35.156049], [136.26973, 35.155739], [136.270361, 35.15537], [136.270937, 35.154719], [136.273318, 35.153752], [136.27405, 35.153687], [136.275276, 35.153907], [136.276584, 35.153924], [136.278604, 35.153025], [136.281701, 35.152452], [136.282015, 35.152494], [136.283112, 35.153114], [136.283729, 35.152995], [136.284325, 35.152646], [136.284718, 35.152578], [136.286581, 35.152798], [136.28752, 35.153153], [136.288894, 35.153163], [136.291009, 35.154535], [136.292319, 35.154656], [136.293979, 35.155158], [136.294968, 35.155655], [136.296642, 35.156795], [136.297587, 35.156994], [136.298402, 35.156778], [136.299111, 35.156775], [136.301942, 35.157147], [136.303555, 35.157717], [136.304109, 35.157436], [136.30449, 35.156597], [136.304871, 35.156337], [136.305331, 35.156234], [136.305343, 35.155937], [136.305809, 35.155233], [136.306393, 35.155136], [136.306975, 35.154731], [136.307656, 35.153661], [136.308007, 35.153625], [136.308207, 35.153988], [136.308504, 35.154018], [136.309275, 35.153097], [136.310597, 35.153224], [136.310622, 35.152663], [136.310784, 35.152322], [136.311378, 35.152147], [136.311481, 35.151455], [136.312015, 35.150712], [136.312743, 35.150102], [136.313131, 35.150398], [136.313645, 35.151255], [136.314125, 35.151288], [136.314531, 35.151054], [136.31524, 35.151169], [136.316212, 35.150472], [136.318382, 35.149296], [136.318869, 35.148398], [136.319673, 35.148071], [136.319679, 35.147757], [136.320195, 35.147095], [136.320795, 35.146577], [136.321468, 35.146224], [136.321626, 35.14587], [136.321556, 35.145557], [136.320644, 35.144331], [136.320733, 35.143591], [136.320305, 35.142389], [136.319433, 35.1415], [136.319232, 35.140632], [136.318912, 35.140213], [136.319039, 35.139279], [136.31893, 35.138618], [136.319479, 35.138434], [136.32028, 35.138564], [136.320905, 35.13842], [136.323118, 35.138299], [136.323735, 35.13795], [136.323796, 35.137503], [136.323954, 35.137336], [136.324619, 35.13702], [136.325167, 35.136926], [136.32538, 35.137043], [136.325817, 35.137755], [136.326288, 35.138769], [136.326285, 35.139201], [136.326626, 35.13932], [136.327151, 35.139785], [136.328478, 35.140029], [136.328794, 35.140379], [136.329589, 35.142019], [136.330295, 35.142301], [136.330905, 35.142875], [136.331351, 35.142999], [136.33195, 35.142938], [136.33314, 35.143461], [136.333727, 35.143419], [136.334124, 35.142872], [136.334456, 35.142762], [136.335682, 35.142954], [136.335662, 35.143315], [136.335868, 35.143917], [136.335704, 35.144239], [136.334233, 35.145526], [136.334311, 35.146315], [136.333859, 35.146769], [136.334514, 35.148116], [136.333441, 35.148578], [136.333245, 35.149127], [136.332346, 35.149721], [136.332308, 35.150557], [136.331387, 35.151177], [136.32918, 35.152078], [136.328685, 35.152416], [136.32848, 35.152776], [136.328554, 35.153334], [136.328417, 35.15383], [136.327649, 35.154382], [136.326938, 35.154614], [136.326292, 35.154495], [136.324864, 35.153661], [136.324648, 35.15374], [136.324152, 35.154278], [136.323695, 35.154439], [136.322899, 35.154377], [136.322422, 35.154506], [136.321769, 35.154377], [136.320975, 35.154542], [136.320733, 35.154371], [136.320349, 35.154343], [136.320109, 35.154382], [136.319342, 35.154985], [136.318827, 35.155021], [136.317909, 35.155306], [136.316826, 35.155312], [136.316099, 35.155543], [136.31553, 35.155451], [136.314638, 35.154919], [136.313581, 35.154763], [136.313178, 35.155037], [136.312233, 35.155317], [136.311334, 35.155774], [136.310471, 35.156602], [136.310135, 35.157436], [136.309534, 35.157596], [136.309525, 35.158186], [136.308899, 35.159514], [136.308791, 35.16009], [136.308263, 35.160727], [136.308171, 35.161307], [136.306815, 35.162836], [136.305487, 35.163308], [136.305016, 35.163813], [136.302983, 35.163962], [136.302711, 35.164114], [136.302032, 35.164706], [136.301062, 35.16519], [136.300907, 35.165398], [136.300873, 35.165919], [136.300331, 35.16664], [136.29857, 35.166356], [136.297384, 35.16648], [136.296654, 35.166343], [136.296431, 35.166672], [136.296057, 35.166766], [136.295791, 35.167329], [136.295197, 35.16741], [136.29491, 35.167955], [136.295224, 35.169162], [136.295484, 35.169511], [136.295386, 35.170689], [136.295781, 35.172051], [136.295452, 35.17246], [136.294707, 35.17267], [136.294416, 35.172886], [136.294284, 35.173233], [136.294284, 35.174099], [136.29369, 35.17499], [136.293426, 35.175739], [136.293323, 35.176265], [136.29352, 35.176767], [136.292984, 35.178555], [136.292974, 35.18045], [136.292333, 35.181262], [136.292296, 35.181602], [136.292136, 35.181741], [136.291405, 35.182285], [136.290471, 35.182584], [136.29007, 35.182497], [136.289442, 35.181819], [136.288319, 35.181612], [136.287367, 35.181226], [136.286339, 35.180329], [136.284947, 35.179814], [136.28245, 35.180182], [136.281014, 35.180529], [136.280564, 35.180478], [136.280491, 35.180074], [136.279664, 35.180332], [136.278855, 35.180125], [136.278321, 35.18034], [136.27762, 35.180125], [136.27717, 35.17973], [136.275847, 35.180031], [136.274759, 35.179782], [136.274518, 35.180023], [136.275041, 35.180611], [136.275323, 35.181191], [136.275032, 35.181937], [136.275098, 35.182511], [136.274896, 35.182943], [136.274563, 35.183168], [136.273247, 35.183606], [136.272473, 35.183524], [136.270381, 35.183599], [136.269508, 35.183791], [136.269058, 35.18403], [136.268532, 35.184626], [136.266744, 35.185668], [136.26146, 35.186819], [136.258658, 35.187629], [136.257852, 35.188002], [136.256232, 35.188406], [136.254832, 35.189083], [136.254121, 35.189292], [136.252232, 35.189802], [136.24966, 35.190213], [136.249448, 35.190587], [136.247979, 35.190692], [136.24506, 35.190658], [136.23629, 35.192836], [136.234807, 35.193668], [136.234696, 35.194012], [136.23361, 35.19462], [136.233688, 35.195008], [136.229685, 35.196771], [136.229265, 35.196379], [136.230587, 35.195517], [136.23113, 35.195304], [136.230982, 35.194889], [136.230674, 35.194696], [136.230389, 35.19407], [136.23013, 35.193361], [136.230168, 35.192902], [136.229921, 35.192336], [136.231008, 35.19189], [136.23107, 35.191779], [136.230584, 35.191011], [136.231522, 35.190586], [136.230991, 35.189819], [136.232671, 35.188927], [136.232275, 35.187917], [136.23267, 35.187704], [136.23261, 35.187418], [136.234054, 35.186385], [136.233806, 35.185825], [136.232726, 35.184394], [136.23354, 35.183564], [136.23432, 35.183105], [136.234036, 35.182751], [136.237174, 35.181148], [136.23657, 35.180269], [136.237459, 35.179793], [136.23479, 35.176338], [136.230751, 35.178463], [136.229517, 35.176861], [136.225128, 35.179017], [136.225189, 35.179875], [136.226025, 35.181655], [136.226085, 35.182404], [136.225855, 35.183348], [136.224988, 35.18492], [136.224897, 35.186198], [136.224546, 35.186866], [136.223333, 35.187612], [136.221624, 35.1881], [136.220183, 35.188358], [136.219164, 35.188718], [136.218522, 35.189175], [136.218436, 35.190176], [136.217807, 35.190652], [136.217226, 35.190752], [136.216657, 35.190504], [136.216281, 35.190543], [136.215892, 35.191119], [136.215735, 35.191718], [136.216055, 35.193619]]]}}, {"type": "Feature", "properties": {"pref_code": "25", "pref_name": "滋賀県", "municipality_code": "25441", "municipality_name": "豊郷町", "ward_name": "", "display_name": "豊郷町", "geometry_key": "25441"}, "geometry": {"type": "Polygon", "coordinates": [[[136.237557, 35.212834], [136.237203, 35.212264], [136.235804, 35.212998], [136.235444, 35.213422], [136.233822, 35.214389], [136.231736, 35.215259], [136.231063, 35.21583], [136.229955, 35.216447], [136.229213, 35.21757], [136.228389, 35.217436], [136.228085, 35.217612], [136.227193, 35.217609], [136.226808, 35.217743], [136.226436, 35.218178], [136.225759, 35.21855], [136.221748, 35.213278], [136.223888, 35.212229], [136.223034, 35.21103], [136.222454, 35.210445], [136.222901, 35.209978], [136.221964, 35.208432], [136.223347, 35.207798], [136.223049, 35.207311], [136.222841, 35.207237], [136.221771, 35.207786], [136.22122, 35.207002], [136.223071, 35.205927], [136.222536, 35.205097], [136.219782, 35.206439], [136.216829, 35.202774], [136.216755, 35.202615], [136.216933, 35.202237], [136.216859, 35.201093], [136.215937, 35.199862], [136.213488, 35.197079], [136.214068, 35.19625], [136.215268, 35.195722], [136.215774, 35.195344], [136.215997, 35.195003], [136.216055, 35.193619], [136.215735, 35.191718], [136.215892, 35.191119], [136.216281, 35.190543], [136.216657, 35.190504], [136.217226, 35.190752], [136.217807, 35.190652], [136.218436, 35.190176], [136.218522, 35.189175], [136.219164, 35.188718], [136.220183, 35.188358], [136.221624, 35.1881], [136.223333, 35.187612], [136.224546, 35.186866], [136.224897, 35.186198], [136.224988, 35.18492], [136.225855, 35.183348], [136.226085, 35.182404], [136.226025, 35.181655], [136.225189, 35.179875], [136.225128, 35.179017], [136.229517, 35.176861], [136.230751, 35.178463], [136.23479, 35.176338], [136.237459, 35.179793], [136.23657, 35.180269], [136.237174, 35.181148], [136.234036, 35.182751], [136.23432, 35.183105], [136.23354, 35.183564], [136.232726, 35.184394], [136.233806, 35.185825], [136.234054, 35.186385], [136.23261, 35.187418], [136.23267, 35.187704], [136.232275, 35.187917], [136.232671, 35.188927], [136.230991, 35.189819], [136.231522, 35.190586], [136.230584, 35.191011], [136.23107, 35.191779], [136.231008, 35.19189], [136.229921, 35.192336], [136.230168, 35.192902], [136.23013, 35.193361], [136.230389, 35.19407], [136.230674, 35.194696], [136.230982, 35.194889], [136.23113, 35.195304], [136.230587, 35.195517], [136.229265, 35.196379], [136.229685, 35.196771], [136.233688, 35.195008], [136.23361, 35.19462], [136.234696, 35.194012], [136.234807, 35.193668], [136.23629, 35.192836], [136.24506, 35.190658], [136.247979, 35.190692], [136.249448, 35.190587], [136.24966, 35.190213], [136.252232, 35.189802], [136.254121, 35.189292], [136.254832, 35.189083], [136.256232, 35.188406], [136.257058, 35.189994], [136.256331, 35.19039], [136.256653, 35.191547], [136.256612, 35.192894], [136.25629, 35.19328], [136.256451, 35.193742], [136.256075, 35.193922], [136.256048, 35.194043], [136.256236, 35.19487], [136.255941, 35.195079], [136.255041, 35.195322], [136.254182, 35.193747], [136.250214, 35.195367], [136.249301, 35.193913], [136.248156, 35.194384], [136.248626, 35.195144], [136.245569, 35.196344], [136.243107, 35.197504], [136.243635, 35.19839], [136.242624, 35.198834], [136.242902, 35.19911], [136.244345, 35.201513], [136.242014, 35.202526], [136.244797, 35.207145], [136.243933, 35.207493], [136.24498, 35.209227], [136.243084, 35.210024], [136.242527, 35.210504], [136.237557, 35.212834]]]}}, {"type": "Feature", "properties": {"pref_code": "25", "pref_name": "滋賀県", "municipality_code": "25442", "municipality_name": "甲良町", "ward_name": "", "display_name": "甲良町", "geometry_key": "25442"}, "geometry": {"type": "Polygon", "coordinates": [[[136.257687, 35.228375], [136.256051, 35.229876], [136.254886, 35.228621], [136.254586, 35.228016], [136.254698, 35.225011], [136.254385, 35.22549], [136.253535, 35.226263], [136.252083, 35.227259], [136.251382, 35.227012], [136.251176, 35.226611], [136.250266, 35.226021], [136.250522, 35.224166], [136.25107, 35.223655], [136.251564, 35.222028], [136.253026, 35.220331], [136.252942, 35.219827], [136.252402, 35.219643], [136.251507, 35.218656], [136.25174, 35.218351], [136.25066, 35.21709], [136.249442, 35.21783], [136.249328, 35.217747], [136.248617, 35.218181], [136.247911, 35.217487], [136.24725, 35.217876], [136.24697, 35.21764], [136.246706, 35.217772], [136.244598, 35.215518], [136.241286, 35.21773], [136.240611, 35.216852], [136.240184, 35.215849], [136.239108, 35.215154], [136.238431, 35.21421], [136.238135, 35.213532], [136.237557, 35.212834], [136.242527, 35.210504], [136.243084, 35.210024], [136.24498, 35.209227], [136.243933, 35.207493], [136.244797, 35.207145], [136.242014, 35.202526], [136.244345, 35.201513], [136.242902, 35.19911], [136.242624, 35.198834], [136.243635, 35.19839], [136.243107, 35.197504], [136.245569, 35.196344], [136.248626, 35.195144], [136.248156, 35.194384], [136.249301, 35.193913], [136.250214, 35.195367], [136.254182, 35.193747], [136.255041, 35.195322], [136.255941, 35.195079], [136.256236, 35.19487], [136.256048, 35.194043], [136.256075, 35.193922], [136.256451, 35.193742], [136.25629, 35.19328], [136.256612, 35.192894], [136.256653, 35.191547], [136.256331, 35.19039], [136.257058, 35.189994], [136.256232, 35.188406], [136.257852, 35.188002], [136.258658, 35.187629], [136.26146, 35.186819], [136.266744, 35.185668], [136.268532, 35.184626], [136.269058, 35.18403], [136.269508, 35.183791], [136.270381, 35.183599], [136.272473, 35.183524], [136.273247, 35.183606], [136.274563, 35.183168], [136.274896, 35.182943], [136.275098, 35.182511], [136.275032, 35.181937], [136.275323, 35.181191], [136.275041, 35.180611], [136.274518, 35.180023], [136.274759, 35.179782], [136.275847, 35.180031], [136.27717, 35.17973], [136.27762, 35.180125], [136.278321, 35.18034], [136.278855, 35.180125], [136.279664, 35.180332], [136.280491, 35.180074], [136.280564, 35.180478], [136.281014, 35.180529], [136.28245, 35.180182], [136.284947, 35.179814], [136.286339, 35.180329], [136.287367, 35.181226], [136.288319, 35.181612], [136.289442, 35.181819], [136.29007, 35.182497], [136.290471, 35.182584], [136.290395, 35.183267], [136.289666, 35.184128], [136.289666, 35.184932], [136.289409, 35.185361], [136.289206, 35.186312], [136.288183, 35.187138], [136.28801, 35.187884], [136.288388, 35.188942], [136.288174, 35.18979], [136.289099, 35.19055], [136.290538, 35.191034], [136.290678, 35.191945], [136.290608, 35.192371], [136.289524, 35.193313], [136.289541, 35.194155], [136.289023, 35.194992], [136.288727, 35.195123], [136.287947, 35.195151], [136.287571, 35.195356], [136.286967, 35.195351], [136.287548, 35.196012], [136.285845, 35.1976], [136.285603, 35.197642], [136.286469, 35.198535], [136.286944, 35.199514], [136.289113, 35.199725], [136.289131, 35.199829], [136.284354, 35.200963], [136.283155, 35.201694], [136.281502, 35.203074], [136.278702, 35.205789], [136.277065, 35.208238], [136.275812, 35.211122], [136.273762, 35.214422], [136.273047, 35.215313], [136.269195, 35.218967], [136.26758, 35.220324], [136.265621, 35.222381], [136.260657, 35.225726], [136.257687, 35.228375]]]}}, {"type": "Feature", "properties": {"pref_code": "25", "pref_name": "滋賀県", "municipality_code": "25443", "municipality_name": "多賀町", "ward_name": "", "display_name": "多賀町", "geometry_key": "25443"}, "geometry": {"type": "Polygon", "coordinates": [[[136.391729, 35.287111], [136.391128, 35.28683], [136.390093, 35.286901], [136.387902, 35.287383], [136.386262, 35.286839], [136.385249, 35.286839], [136.383521, 35.285615], [136.382717, 35.285293], [136.380834, 35.28407], [136.380152, 35.285544], [136.379689, 35.285963], [136.379359, 35.286061], [136.378533, 35.28582], [136.378126, 35.285972], [136.37784, 35.286222], [136.377686, 35.286687], [136.377719, 35.287285], [136.377564, 35.287553], [136.37708, 35.287669], [136.376772, 35.287562], [136.376474, 35.287089], [136.374977, 35.286481], [136.373722, 35.286195], [136.373491, 35.285981], [136.373182, 35.285231], [136.372698, 35.284659], [136.372099, 35.284364], [136.371648, 35.284289], [136.371103, 35.283566], [136.370596, 35.283232], [136.370339, 35.282524], [136.369922, 35.282022], [136.36405, 35.281121], [136.363279, 35.280672], [136.362976, 35.279996], [136.362516, 35.279667], [136.361648, 35.279427], [136.360863, 35.278976], [136.359966, 35.278755], [136.359343, 35.278309], [136.357709, 35.277625], [136.357765, 35.277139], [136.357529, 35.276638], [136.356176, 35.275514], [136.355514, 35.274787], [136.354514, 35.274401], [136.353887, 35.274386], [136.353343, 35.274661], [136.353047, 35.274676], [136.351525, 35.27413], [136.35126, 35.272504], [136.351465, 35.271826], [136.351392, 35.270548], [136.351594, 35.269584], [136.35126, 35.268682], [136.350815, 35.268234], [136.350398, 35.268083], [136.350046, 35.268094], [136.349518, 35.268496], [136.348015, 35.269226], [136.347668, 35.269187], [136.346896, 35.268545], [136.346656, 35.268485], [136.345761, 35.268682], [136.345351, 35.26863], [136.344636, 35.267952], [136.343887, 35.267835], [136.343504, 35.267649], [136.342113, 35.266377], [136.341755, 35.265892], [136.33997, 35.265272], [136.338635, 35.263963], [136.337435, 35.263806], [136.336423, 35.263982], [136.335773, 35.264345], [136.335251, 35.26507], [136.33384, 35.265628], [136.333446, 35.265574], [136.333063, 35.265358], [136.330515, 35.265395], [136.329254, 35.26529], [136.328266, 35.265611], [136.327906, 35.265931], [136.327346, 35.266048], [136.326838, 35.266551], [136.326003, 35.266819], [136.325447, 35.267226], [136.323909, 35.267104], [136.322403, 35.267281], [136.320967, 35.267689], [136.319406, 35.267238], [136.319444, 35.266996], [136.319855, 35.266767], [136.320032, 35.266508], [136.320056, 35.266105], [136.319719, 35.265504], [136.317937, 35.265886], [136.316613, 35.265647], [136.316278, 35.265389], [136.315947, 35.264776], [136.314094, 35.263809], [136.313632, 35.263296], [136.313747, 35.262574], [136.312926, 35.261699], [136.312585, 35.261461], [136.311733, 35.261242], [136.30886, 35.258535], [136.307726, 35.257681], [136.307462, 35.257598], [136.306363, 35.257843], [136.305862, 35.257464], [136.305003, 35.257338], [136.304631, 35.257139], [136.304505, 35.256933], [136.304971, 35.255845], [136.30389, 35.255647], [136.301949, 35.256839], [136.300638, 35.257221], [136.299664, 35.256497], [136.299226, 35.255336], [136.297546, 35.254121], [136.29671, 35.253015], [136.296603, 35.252652], [136.29668, 35.252339], [136.296451, 35.251795], [136.297146, 35.251107], [136.297243, 35.250796], [136.29682, 35.249797], [136.296917, 35.249133], [136.295597, 35.247787], [136.295367, 35.246991], [136.295174, 35.246854], [136.294716, 35.246811], [136.294461, 35.246587], [136.294284, 35.245921], [136.294346, 35.245387], [136.292661, 35.245356], [136.292167, 35.24602], [136.291743, 35.246077], [136.291407, 35.245947], [136.290705, 35.245153], [136.289985, 35.244829], [136.289035, 35.244011], [136.288559, 35.243069], [136.288017, 35.2413], [136.287809, 35.241154], [136.286674, 35.240902], [136.285648, 35.241048], [136.285439, 35.240902], [136.28525, 35.24035], [136.284242, 35.240593], [136.281731, 35.240416], [136.280888, 35.240994], [136.280957, 35.24137], [136.280266, 35.242039], [136.279368, 35.242367], [136.278496, 35.241552], [136.276794, 35.239474], [136.2761, 35.238986], [136.275451, 35.238918], [136.275092, 35.23919], [136.27465, 35.240324], [136.273766, 35.239099], [136.273264, 35.238951], [136.273028, 35.237997], [136.271439, 35.235965], [136.272116, 35.235566], [136.269889, 35.232544], [136.269945, 35.232374], [136.271342, 35.231624], [136.27126, 35.231488], [136.274979, 35.229534], [136.272213, 35.226046], [136.271895, 35.226182], [136.271426, 35.225751], [136.270003, 35.226522], [136.269821, 35.226284], [136.269476, 35.226454], [136.268729, 35.225581], [136.267996, 35.225978], [136.267885, 35.225853], [136.266624, 35.226557], [136.267329, 35.227455], [136.263429, 35.229646], [136.26325, 35.229453], [136.261465, 35.230498], [136.260747, 35.229659], [136.259859, 35.230147], [136.258779, 35.229576], [136.257687, 35.228375], [136.260657, 35.225726], [136.265621, 35.222381], [136.26758, 35.220324], [136.269195, 35.218967], [136.273047, 35.215313], [136.273762, 35.214422], [136.275812, 35.211122], [136.277065, 35.208238], [136.278702, 35.205789], [136.281502, 35.203074], [136.283155, 35.201694], [136.284354, 35.200963], [136.289131, 35.199829], [136.289113, 35.199725], [136.286944, 35.199514], [136.286469, 35.198535], [136.285603, 35.197642], [136.285845, 35.1976], [136.287548, 35.196012], [136.286967, 35.195351], [136.287571, 35.195356], [136.287947, 35.195151], [136.288727, 35.195123], [136.289023, 35.194992], [136.289541, 35.194155], [136.289524, 35.193313], [136.290608, 35.192371], [136.290678, 35.191945], [136.290538, 35.191034], [136.289099, 35.19055], [136.288174, 35.18979], [136.288388, 35.188942], [136.28801, 35.187884], [136.288183, 35.187138], [136.289206, 35.186312], [136.289409, 35.185361], [136.289666, 35.184932], [136.289666, 35.184128], [136.290395, 35.183267], [136.290471, 35.182584], [136.291405, 35.182285], [136.292136, 35.181741], [136.292296, 35.181602], [136.292333, 35.181262], [136.292974, 35.18045], [136.292984, 35.178555], [136.29352, 35.176767], [136.293323, 35.176265], [136.293426, 35.175739], [136.29369, 35.17499], [136.294284, 35.174099], [136.294284, 35.173233], [136.294416, 35.172886], [136.294707, 35.17267], [136.295452, 35.17246], [136.295781, 35.172051], [136.295386, 35.170689], [136.295484, 35.169511], [136.295224, 35.169162], [136.29491, 35.167955], [136.295197, 35.16741], [136.295791, 35.167329], [136.296057, 35.166766], [136.296431, 35.166672], [136.296654, 35.166343], [136.297384, 35.16648], [136.29857, 35.166356], [136.300331, 35.16664], [136.300873, 35.165919], [136.300907, 35.165398], [136.301062, 35.16519], [136.302032, 35.164706], [136.302711, 35.164114], [136.302983, 35.163962], [136.305016, 35.163813], [136.305487, 35.163308], [136.306815, 35.162836], [136.308171, 35.161307], [136.308263, 35.160727], [136.308791, 35.16009], [136.308899, 35.159514], [136.309525, 35.158186], [136.309534, 35.157596], [136.310135, 35.157436], [136.310471, 35.156602], [136.311334, 35.155774], [136.312233, 35.155317], [136.313178, 35.155037], [136.313581, 35.154763], [136.314638, 35.154919], [136.31553, 35.155451], [136.316099, 35.155543], [136.316826, 35.155312], [136.317909, 35.155306], [136.318827, 35.155021], [136.319342, 35.154985], [136.320109, 35.154382], [136.320349, 35.154343], [136.320733, 35.154371], [136.320975, 35.154542], [136.321769, 35.154377], [136.322422, 35.154506], [136.322899, 35.154377], [136.323695, 35.154439], [136.324152, 35.154278], [136.324648, 35.15374], [136.324864, 35.153661], [136.326292, 35.154495], [136.326938, 35.154614], [136.327649, 35.154382], [136.328417, 35.15383], [136.328554, 35.153334], [136.32848, 35.152776], [136.328685, 35.152416], [136.32918, 35.152078], [136.331387, 35.151177], [136.332308, 35.150557], [136.332346, 35.149721], [136.333245, 35.149127], [136.333441, 35.148578], [136.334514, 35.148116], [136.333859, 35.146769], [136.334311, 35.146315], [136.334233, 35.145526], [136.335704, 35.144239], [136.335868, 35.143917], [136.335662, 35.143315], [136.335682, 35.142954], [136.335744, 35.142317], [136.336334, 35.141816], [136.336272, 35.141376], [136.33682, 35.141049], [136.33695, 35.139934], [136.337153, 35.139653], [136.33822, 35.139699], [136.338698, 35.139894], [136.339054, 35.139184], [136.339574, 35.13879], [136.340192, 35.138981], [136.340481, 35.138931], [136.340213, 35.137697], [136.34045, 35.137397], [136.340419, 35.137004], [136.340713, 35.136057], [136.341175, 35.135949], [136.343051, 35.135905], [136.345813, 35.134406], [136.346682, 35.133442], [136.347245, 35.133138], [136.347691, 35.133028], [136.348561, 35.133255], [136.349034, 35.133223], [136.350456, 35.132487], [136.350659, 35.131932], [136.353036, 35.131942], [136.353844, 35.131424], [136.354724, 35.131104], [136.355046, 35.131825], [136.356136, 35.13267], [136.356312, 35.133061], [136.356321, 35.133566], [136.356613, 35.134116], [136.358363, 35.135815], [136.35925, 35.136495], [136.359837, 35.13661], [136.360824, 35.136418], [136.362024, 35.135285], [136.362833, 35.135314], [136.363429, 35.135185], [136.363793, 35.134939], [136.365104, 35.135133], [136.365999, 35.135663], [136.367528, 35.136084], [136.368506, 35.136095], [136.368823, 35.136232], [136.369879, 35.137382], [136.370414, 35.137714], [136.370894, 35.138381], [136.371572, 35.138627], [136.372001, 35.139123], [136.372714, 35.13891], [136.373787, 35.139218], [136.374468, 35.139235], [136.375413, 35.139778], [136.37694, 35.140023], [136.37755, 35.140517], [136.378296, 35.140212], [136.379256, 35.140292], [136.380458, 35.14115], [136.3812, 35.14143], [136.381442, 35.141714], [136.381664, 35.142504], [136.38287, 35.142846], [136.383051, 35.143077], [136.383119, 35.143651], [136.384503, 35.144303], [136.386149, 35.144443], [136.386628, 35.144585], [136.388284, 35.146565], [136.388441, 35.147947], [136.390387, 35.149733], [136.391182, 35.150932], [136.391409, 35.151561], [136.391182, 35.153702], [136.390611, 35.155005], [136.390297, 35.155284], [136.388686, 35.155927], [136.388382, 35.156184], [136.387967, 35.156089], [136.387306, 35.156519], [136.386788, 35.156478], [136.386643, 35.156562], [136.386152, 35.157914], [136.385869, 35.158071], [136.385373, 35.158926], [136.385317, 35.159622], [136.383888, 35.160341], [136.382824, 35.160418], [136.382151, 35.161305], [136.380891, 35.161723], [136.38039, 35.162182], [136.379999, 35.163223], [136.380024, 35.164406], [136.379439, 35.165058], [136.379457, 35.165625], [136.378701, 35.166341], [136.378086, 35.166667], [136.377855, 35.167039], [136.377293, 35.167283], [136.377044, 35.167853], [136.375919, 35.169513], [136.375872, 35.170059], [136.376148, 35.171202], [136.375318, 35.172239], [136.375372, 35.17282], [136.375112, 35.173373], [136.375194, 35.173539], [136.376251, 35.174042], [136.376154, 35.175276], [136.375557, 35.17607], [136.374859, 35.176474], [136.374539, 35.176983], [136.374484, 35.177452], [136.374751, 35.178288], [136.375551, 35.179013], [136.375839, 35.179496], [136.375884, 35.180251], [136.375757, 35.180574], [136.375275, 35.181097], [136.375072, 35.181799], [136.375309, 35.182224], [136.375351, 35.182812], [136.375678, 35.182996], [136.376324, 35.183865], [136.376303, 35.185021], [136.376461, 35.186021], [136.377139, 35.186337], [136.37828, 35.187239], [136.378755, 35.187226], [136.378874, 35.18868], [136.379463, 35.189449], [136.381105, 35.189171], [136.381569, 35.189328], [136.382468, 35.189084], [136.383567, 35.189109], [136.384018, 35.189305], [136.384641, 35.189881], [136.385832, 35.190434], [136.386257, 35.190894], [136.387205, 35.19069], [136.387572, 35.190772], [136.387748, 35.190926], [136.387781, 35.191606], [136.388357, 35.193243], [136.388233, 35.195539], [136.388403, 35.196199], [136.388782, 35.196647], [136.389085, 35.196796], [136.392087, 35.19558], [136.393069, 35.194576], [136.395345, 35.193825], [136.395577, 35.193638], [136.395704, 35.192616], [136.395867, 35.19234], [136.397823, 35.19121], [136.398666, 35.190369], [136.400202, 35.189445], [136.401322, 35.189229], [136.402204, 35.188628], [136.40288, 35.187876], [136.403319, 35.18759], [136.403694, 35.187473], [136.404271, 35.187802], [136.405129, 35.187939], [136.407913, 35.187449], [136.408653, 35.187183], [136.408901, 35.187486], [136.409624, 35.18783], [136.410102, 35.188893], [136.410835, 35.189722], [136.411377, 35.190839], [136.412054, 35.191328], [136.412708, 35.192053], [136.412935, 35.194656], [136.412623, 35.195911], [136.413103, 35.196446], [136.413734, 35.197844], [136.413747, 35.199309], [136.414106, 35.199842], [136.414454, 35.20074], [136.415233, 35.201858], [136.416529, 35.202485], [136.417349, 35.202736], [136.417563, 35.203282], [136.418003, 35.203778], [136.417315, 35.204727], [136.416862, 35.20486], [136.416269, 35.205257], [136.415923, 35.206441], [136.416469, 35.207966], [136.416458, 35.208877], [136.416302, 35.20925], [136.416284, 35.210178], [136.416073, 35.211164], [136.416799, 35.214389], [136.416661, 35.214702], [136.416026, 35.215132], [136.415993, 35.216094], [136.41569, 35.21719], [136.415131, 35.217744], [136.413898, 35.218188], [136.41201, 35.218447], [136.412146, 35.219088], [136.411697, 35.22001], [136.410732, 35.221109], [136.410726, 35.221484], [136.408389, 35.223622], [136.406943, 35.223695], [136.406339, 35.224084], [136.405972, 35.224167], [136.404796, 35.224056], [136.404168, 35.224481], [136.403573, 35.22516], [136.403146, 35.225395], [136.402228, 35.225011], [136.401861, 35.225016], [136.401689, 35.225057], [136.401188, 35.225714], [136.400864, 35.225931], [136.399297, 35.225868], [136.399134, 35.226059], [136.399046, 35.227157], [136.398584, 35.228047], [136.397519, 35.228181], [136.396214, 35.228726], [136.395474, 35.228833], [136.394981, 35.229138], [136.394366, 35.229228], [136.392472, 35.22982], [136.39249, 35.230007], [136.393609, 35.230463], [136.393829, 35.230806], [136.393654, 35.231464], [136.393033, 35.232381], [136.392695, 35.233374], [136.39205, 35.234181], [136.391144, 35.234386], [136.389899, 35.234414], [136.388849, 35.234273], [136.388358, 35.234531], [136.387144, 35.234657], [136.385686, 35.235115], [136.385532, 35.235396], [136.385532, 35.236243], [136.38533, 35.237002], [136.384614, 35.238355], [136.383927, 35.23901], [136.383613, 35.239667], [136.382974, 35.239905], [136.382161, 35.240509], [136.381439, 35.240524], [136.379743, 35.240937], [136.379039, 35.241379], [136.378701, 35.242387], [136.377557, 35.242879], [136.37729, 35.243161], [136.377338, 35.243413], [136.378125, 35.24372], [136.379043, 35.244561], [136.379032, 35.244995], [136.378576, 35.245417], [136.378842, 35.245951], [136.379215, 35.247505], [136.380619, 35.248502], [136.380962, 35.248628], [136.381329, 35.248298], [136.381726, 35.248162], [136.38347, 35.24844], [136.385127, 35.248338], [136.387332, 35.249471], [136.388717, 35.249587], [136.389154, 35.249767], [136.390223, 35.250744], [136.391371, 35.251312], [136.393373, 35.25321], [136.39388, 35.253391], [136.393858, 35.2539], [136.394496, 35.255097], [136.396269, 35.256713], [136.396962, 35.257731], [136.39694, 35.25791], [136.396148, 35.258348], [136.39454, 35.258982], [136.394397, 35.259294], [136.394363, 35.260072], [136.393541, 35.261913], [136.393712, 35.262711], [136.394562, 35.26426], [136.394001, 35.265198], [136.394264, 35.266096], [136.394838, 35.267091], [136.394804, 35.268145], [136.394573, 35.269199], [136.394661, 35.270342], [136.394463, 35.271039], [136.394727, 35.272236], [136.395124, 35.273129], [136.395531, 35.273522], [136.39585, 35.274764], [136.395828, 35.278211], [136.395653, 35.278684], [136.395961, 35.280229], [136.395735, 35.280945], [136.394507, 35.282355], [136.394343, 35.283016], [136.394739, 35.283445], [136.393253, 35.285999], [136.391729, 35.287111]]]}}]}